dataset,config,front_end,matcher,working_resolution,keypoint_budget,pair_index,image1,image2,keypoints_image1,keypoints_image2,raw_matches,verified_inliers,inlier_ratio,inliers_per_1000_keypoints,coverage_image1,coverage_image2,mean_match_score,failed_pair,verification_status,seconds
D1_154_building,disk-lightglue-r2048-k16384,disk,lightglue,2048,16384,1,107_0005_0001.JPG,107_0005_0002.JPG,16384,16384,13586,13294,0.9785072869129987,811.4013671875,0.84375,0.859375,0.9507089853286743,False,ok,0.722873199993046
D1_154_building,disk-lightglue-r2048-k16384,disk,lightglue,2048,16384,2,107_0005_0001.JPG,107_0005_0003.JPG,16384,16384,10103,9491,0.9394239334851034,579.28466796875,0.65625,0.640625,0.9567307233810425,False,ok,0.45183320000069216
D1_154_building,disk-lightglue-r2048-k16384,disk,lightglue,2048,16384,3,107_0005_0001.JPG,107_0005_0004.JPG,16384,16384,6853,6172,0.9006274624252152,376.708984375,0.390625,0.390625,0.9466713070869446,False,ok,0.49648159998469055
D1_154_building,disk-lightglue-r2048-k16384,disk,lightglue,2048,16384,4,107_0005_0001.JPG,107_0005_0005.JPG,16384,16384,4009,3485,0.869294088301322,212.70751953125,0.3125,0.25,0.9272064566612244,False,ok,0.4544315000239294
D1_154_building,disk-lightglue-r2048-k16384,disk,lightglue,2048,16384,5,107_0005_0001.JPG,107_0005_0006.JPG,16384,16384,1895,1486,0.7841688654353562,90.6982421875,0.15625,0.15625,0.887158215045929,False,ok,0.33868620000430383
D1_154_building,disk-lightglue-r2048-k16384,disk,lightglue,2048,16384,6,107_0005_0001.JPG,107_0005_0007.JPG,16384,16384,12,7,0.5833333333333334,0.42724609375,0.078125,0.109375,0.18832825124263763,True,ok,0.4613187999930233
D1_154_building,disk-lightglue-r2048-k16384,disk,lightglue,2048,16384,7,107_0005_0001.JPG,107_0005_0008.JPG,16384,16384,26,9,0.34615384615384615,0.54931640625,0.109375,0.109375,0.16710884869098663,True,ok,0.49875989998690784
D1_154_building,disk-lightglue-r2048-k16384,disk,lightglue,2048,16384,8,107_0005_0001.JPG,107_0005_0009.JPG,16384,16384,15,8,0.5333333333333333,0.48828125,0.125,0.109375,0.2351115345954895,True,ok,0.4718654000025708
D1_154_building,disk-lightglue-r2048-k16384,disk,lightglue,2048,16384,9,107_0005_0001.JPG,107_0005_0053.JPG,16384,16384,9,7,0.7777777777777778,0.42724609375,0.09375,0.078125,0.15170146524906158,True,ok,0.5074390000081621
D1_154_building,disk-lightglue-r2048-k16384,disk,lightglue,2048,16384,10,107_0005_0001.JPG,107_0005_0054.JPG,16384,16384,16,9,0.5625,0.54931640625,0.109375,0.109375,0.18524202704429626,True,ok,0.4915177999937441
D1_154_building,disk-lightglue-r2048-k16384,disk,lightglue,2048,16384,11,107_0005_0001.JPG,107_0005_0055.JPG,16384,16384,20,9,0.45,0.54931640625,0.109375,0.125,0.19819481670856476,True,ok,0.4999799999932293
D1_154_building,disk-lightglue-r2048-k16384,disk,lightglue,2048,16384,12,107_0005_0001.JPG,107_0005_0056.JPG,16384,16384,17,8,0.47058823529411764,0.48828125,0.109375,0.109375,0.23762767016887665,True,ok,0.4760431000031531
D1_154_building,disk-lightglue-r2048-k16384,disk,lightglue,2048,16384,13,107_0005_0001.JPG,107_0005_0066.JPG,16384,16384,347,255,0.7348703170028819,15.56396484375,0.078125,0.09375,0.8282685279846191,False,ok,0.6087300000071991
D1_154_building,disk-lightglue-r2048-k16384,disk,lightglue,2048,16384,14,107_0005_0001.JPG,107_0005_0067.JPG,16384,16384,2966,2740,0.9238031018206339,167.236328125,0.21875,0.265625,0.927089512348175,False,ok,0.4847689000016544
D1_154_building,disk-lightglue-r2048-k16384,disk,lightglue,2048,16384,15,107_0005_0001.JPG,107_0005_0068.JPG,16384,16384,5072,4524,0.8919558359621451,276.123046875,0.34375,0.375,0.9725241661071777,False,ok,0.33753150000120513
D1_154_building,disk-lightglue-r2048-k16384,disk,lightglue,2048,16384,16,107_0005_0001.JPG,107_0005_0069.JPG,16384,16384,7148,6149,0.8602406267487409,375.30517578125,0.46875,0.4375,0.960615873336792,False,ok,0.3811092000105418
D1_154_building,disk-lightglue-r2048-k16384,disk,lightglue,2048,16384,17,107_0005_0001.JPG,107_0005_0070.JPG,16384,16384,8355,6952,0.8320766008378216,424.31640625,0.578125,0.53125,0.9481998682022095,False,ok,0.48240949999308214
D1_154_building,disk-lightglue-r2048-k16384,disk,lightglue,2048,16384,18,107_0005_0001.JPG,107_0005_0071.JPG,16384,16384,8560,6854,0.8007009345794392,418.3349609375,0.640625,0.609375,0.9364346861839294,False,ok,0.5823775000171736
D1_154_building,disk-lightglue-r2048-k16384,disk,lightglue,2048,16384,19,107_0005_0002.JPG,107_0005_0003.JPG,16384,16384,10487,9873,0.9414513206827501,602.60009765625,0.71875,0.703125,0.9606321454048157,False,ok,0.467766899993876
D1_154_building,disk-lightglue-r2048-k16384,disk,lightglue,2048,16384,20,107_0005_0002.JPG,107_0005_0004.JPG,16384,16384,7152,6460,0.9032438478747203,394.287109375,0.40625,0.390625,0.9531701803207397,False,ok,0.4691909000102896
D1_154_building,disk-lightglue-r2048-k16384,disk,lightglue,2048,16384,21,107_0005_0002.JPG,107_0005_0005.JPG,16384,16384,4167,3670,0.880729541636669,223.9990234375,0.328125,0.296875,0.9355416893959045,False,ok,0.4631604000169318
D1_154_building,disk-lightglue-r2048-k16384,disk,lightglue,2048,16384,22,107_0005_0002.JPG,107_0005_0006.JPG,16384,16384,2001,1600,0.7996001999000499,97.65625,0.15625,0.140625,0.8822953104972839,False,ok,0.3033700000087265
D1_154_building,disk-lightglue-r2048-k16384,disk,lightglue,2048,16384,23,107_0005_0002.JPG,107_0005_0007.JPG,16384,16384,12,7,0.5833333333333334,0.42724609375,0.09375,0.09375,0.24979092180728912,True,ok,0.4694893999840133
D1_154_building,disk-lightglue-r2048-k16384,disk,lightglue,2048,16384,24,107_0005_0002.JPG,107_0005_0008.JPG,16384,16384,26,9,0.34615384615384615,0.54931640625,0.125,0.109375,0.1731480062007904,True,ok,0.4963739000086207
D1_154_building,disk-lightglue-r2048-k16384,disk,lightglue,2048,16384,25,107_0005_0002.JPG,107_0005_0009.JPG,16384,16384,28,9,0.32142857142857145,0.54931640625,0.125,0.140625,0.2129562646150589,True,ok,0.47594639999442734
D1_154_building,disk-lightglue-r2048-k16384,disk,lightglue,2048,16384,26,107_0005_0002.JPG,107_0005_0010.JPG,16384,16384,13,7,0.5384615384615384,0.42724609375,0.109375,0.109375,0.2027081847190857,True,ok,0.48242140002548695
D1_154_building,disk-lightglue-r2048-k16384,disk,lightglue,2048,16384,27,107_0005_0002.JPG,107_0005_0019.JPG,16384,16384,8870,8386,0.9454340473506201,511.8408203125,0.625,0.6875,0.9527790546417236,False,ok,0.4766801999940071
D1_154_building,disk-lightglue-r2048-k16384,disk,lightglue,2048,16384,28,107_0005_0002.JPG,107_0005_0053.JPG,16384,16384,7,0,0.0,0.0,0.0,0.0,0.25993138551712036,True,too_few_matches,0.4840699000051245
D1_154_building,disk-lightglue-r2048-k16384,disk,lightglue,2048,16384,29,107_0005_0002.JPG,107_0005_0054.JPG,16384,16384,24,8,0.3333333333333333,0.48828125,0.109375,0.09375,0.21474218368530273,True,ok,0.4916224000044167
D1_154_building,disk-lightglue-r2048-k16384,disk,lightglue,2048,16384,30,107_0005_0002.JPG,107_0005_0055.JPG,16384,16384,14,8,0.5714285714285714,0.48828125,0.09375,0.125,0.19060876965522766,True,ok,0.4769922000123188
D1_154_building,disk-lightglue-r2048-k16384,disk,lightglue,2048,16384,31,107_0005_0002.JPG,107_0005_0056.JPG,16384,16384,25,9,0.36,0.54931640625,0.125,0.125,0.22828584909439087,True,ok,0.49333140000817366
D1_154_building,disk-lightglue-r2048-k16384,disk,lightglue,2048,16384,32,107_0005_0002.JPG,107_0005_0066.JPG,16384,16384,412,326,0.7912621359223301,19.8974609375,0.078125,0.09375,0.8989428877830505,False,ok,0.48544660001061857
D1_154_building,disk-lightglue-r2048-k16384,disk,lightglue,2048,16384,33,107_0005_0002.JPG,107_0005_0067.JPG,16384,16384,3159,2952,0.9344729344729344,180.17578125,0.234375,0.28125,0.9576629996299744,False,ok,0.48122739998507313
D1_154_building,disk-lightglue-r2048-k16384,disk,lightglue,2048,16384,34,107_0005_0002.JPG,107_0005_0068.JPG,16384,16384,5302,4720,0.8902301018483592,288.0859375,0.328125,0.375,0.9658151268959045,False,ok,0.4711442999832798
D1_154_building,disk-lightglue-r2048-k16384,disk,lightglue,2048,16384,35,107_0005_0002.JPG,107_0005_0069.JPG,16384,16384,7389,6592,0.892136960346461,402.34375,0.5,0.4375,0.9528988599777222,False,ok,0.4734018000017386
D1_154_building,disk-lightglue-r2048-k16384,disk,lightglue,2048,16384,36,107_0005_0002.JPG,107_0005_0070.JPG,16384,16384,8477,7309,0.8622154063937714,446.10595703125,0.546875,0.515625,0.9493144750595093,False,ok,0.44593909999821335
D1_154_building,disk-lightglue-r2048-k16384,disk,lightglue,2048,16384,37,107_0005_0002.JPG,107_0005_0071.JPG,16384,16384,8649,7231,0.8360504104520754,441.34521484375,0.625,0.609375,0.9386127591133118,False,ok,0.5139079999935348
D1_154_building,disk-lightglue-r2048-k16384,disk,lightglue,2048,16384,38,107_0005_0003.JPG,107_0005_0004.JPG,16384,16384,10728,10136,0.9448173005219985,618.65234375,0.734375,0.75,0.9606033563613892,False,ok,0.4673723999876529
D1_154_building,disk-lightglue-r2048-k16384,disk,lightglue,2048,16384,39,107_0005_0003.JPG,107_0005_0005.JPG,16384,16384,6992,6377,0.9120423340961098,389.22119140625,0.453125,0.46875,0.9567965865135193,False,ok,0.4854228000040166
D1_154_building,disk-lightglue-r2048-k16384,disk,lightglue,2048,16384,40,107_0005_0003.JPG,107_0005_0006.JPG,16384,16384,3761,3267,0.8686519542674821,199.40185546875,0.359375,0.375,0.9123535752296448,False,ok,0.476503199985018
D1_154_building,disk-lightglue-r2048-k16384,disk,lightglue,2048,16384,41,107_0005_0003.JPG,107_0005_0007.JPG,16384,16384,1037,921,0.8881388621022179,56.21337890625,0.171875,0.1875,0.8606243133544922,False,ok,0.47597170001245104
D1_154_building,disk-lightglue-r2048-k16384,disk,lightglue,2048,16384,42,107_0005_0003.JPG,107_0005_0008.JPG,16384,16384,20,8,0.4,0.48828125,0.125,0.125,0.16962380707263947,True,ok,0.4928900000231806
D1_154_building,disk-lightglue-r2048-k16384,disk,lightglue,2048,16384,43,107_0005_0003.JPG,107_0005_0009.JPG,16384,16384,21,8,0.38095238095238093,0.48828125,0.125,0.109375,0.18851830065250397,True,ok,0.47560400000656955
D1_154_building,disk-lightglue-r2048-k16384,disk,lightglue,2048,16384,44,107_0005_0003.JPG,107_0005_0010.JPG,16384,16384,12,7,0.5833333333333334,0.42724609375,0.09375,0.09375,0.25407400727272034,True,ok,0.48341360001359135
D1_154_building,disk-lightglue-r2048-k16384,disk,lightglue,2048,16384,45,107_0005_0003.JPG,107_0005_0011.JPG,16384,16384,17,8,0.47058823529411764,0.48828125,0.09375,0.125,0.1645026057958603,True,ok,0.4825460000138264
D1_154_building,disk-lightglue-r2048-k16384,disk,lightglue,2048,16384,46,107_0005_0003.JPG,107_0005_0053.JPG,16384,16384,8,7,0.875,0.42724609375,0.09375,0.09375,0.18969932198524475,True,ok,0.49774530000286177
D1_154_building,disk-lightglue-r2048-k16384,disk,lightglue,2048,16384,47,107_0005_0003.JPG,107_0005_0054.JPG,16384,16384,17,8,0.47058823529411764,0.48828125,0.09375,0.125,0.25150907039642334,True,ok,0.48549709998769686
D1_154_building,disk-lightglue-r2048-k16384,disk,lightglue,2048,16384,48,107_0005_0003.JPG,107_0005_0055.JPG,16384,16384,17,8,0.47058823529411764,0.48828125,0.109375,0.125,0.18405216932296753,True,ok,0.5028893999988213
D1_154_building,disk-lightglue-r2048-k16384,disk,lightglue,2048,16384,49,107_0005_0003.JPG,107_0005_0056.JPG,16384,16384,30,10,0.3333333333333333,0.6103515625,0.125,0.09375,0.20785479247570038,True,ok,0.47794080001767725
D1_154_building,disk-lightglue-r2048-k16384,disk,lightglue,2048,16384,50,107_0005_0003.JPG,107_0005_0057.JPG,16384,16384,18,8,0.4444444444444444,0.48828125,0.125,0.109375,0.1783885806798935,True,ok,0.48713200000929646
D1_154_building,disk-lightglue-r2048-k16384,disk,lightglue,2048,16384,51,107_0005_0003.JPG,107_0005_0065.JPG,16384,16384,185,156,0.8432432432432433,9.521484375,0.0625,0.078125,0.8289338946342468,False,ok,0.4711677999875974
D1_154_building,disk-lightglue-r2048-k16384,disk,lightglue,2048,16384,52,107_0005_0003.JPG,107_0005_0066.JPG,16384,16384,2235,1933,0.8648769574944072,117.98095703125,0.265625,0.296875,0.9188738465309143,False,ok,0.4819005999888759
D1_154_building,disk-lightglue-r2048-k16384,disk,lightglue,2048,16384,53,107_0005_0003.JPG,107_0005_0067.JPG,16384,16384,5379,4751,0.8832496746607176,289.97802734375,0.375,0.390625,0.9525167346000671,False,ok,0.47385720000602305
D1_154_building,disk-lightglue-r2048-k16384,disk,lightglue,2048,16384,54,107_0005_0003.JPG,107_0005_0068.JPG,16384,16384,7002,6173,0.8816052556412454,376.77001953125,0.546875,0.484375,0.9467286467552185,False,ok,0.4837632999988273
D1_154_building,disk-lightglue-r2048-k16384,disk,lightglue,2048,16384,55,107_0005_0003.JPG,107_0005_0069.JPG,16384,16384,8573,7324,0.8543100431587543,447.021484375,0.625,0.53125,0.9427767395973206,False,ok,0.4435790999850724
D1_154_building,disk-lightglue-r2048-k16384,disk,lightglue,2048,16384,56,107_0005_0003.JPG,107_0005_0147.JPG,16384,16384,36,11,0.3055555555555556,0.67138671875,0.125,0.078125,0.2623927593231201,True,ok,0.4676921999780461
D1_154_building,disk-lightglue-r2048-k16384,disk,lightglue,2048,16384,57,107_0005_0004.JPG,107_0005_0005.JPG,16384,16384,9929,9265,0.9331251888407694,565.49072265625,0.75,0.75,0.9456868171691895,False,ok,0.4950505000015255
D1_154_building,disk-lightglue-r2048-k16384,disk,lightglue,2048,16384,58,107_0005_0004.JPG,107_0005_0006.JPG,16384,16384,5995,5273,0.8795663052543786,321.83837890625,0.546875,0.546875,0.943550705909729,False,ok,0.42073690000688657
D1_154_building,disk-lightglue-r2048-k16384,disk,lightglue,2048,16384,59,107_0005_0004.JPG,107_0005_0007.JPG,16384,16384,2742,2305,0.8406272793581328,140.68603515625,0.4375,0.390625,0.9206405878067017,False,ok,0.34533040001406334
D1_154_building,disk-lightglue-r2048-k16384,disk,lightglue,2048,16384,60,107_0005_0004.JPG,107_0005_0008.JPG,16384,16384,750,673,0.8973333333333333,41.07666015625,0.1875,0.1875,0.8608736991882324,False,ok,0.46195329999318346
D1_154_building,disk-lightglue-r2048-k16384,disk,lightglue,2048,16384,61,107_0005_0004.JPG,107_0005_0009.JPG,16384,16384,36,13,0.3611111111111111,0.79345703125,0.109375,0.109375,0.3101300597190857,True,ok,0.5019827999931294
D1_154_building,disk-lightglue-r2048-k16384,disk,lightglue,2048,16384,62,107_0005_0004.JPG,107_0005_0010.JPG,16384,16384,35,14,0.4,0.8544921875,0.0625,0.0625,0.33752331137657166,True,ok,0.46354100000462495
D1_154_building,disk-lightglue-r2048-k16384,disk,lightglue,2048,16384,63,107_0005_0004.JPG,107_0005_0011.JPG,16384,16384,22,9,0.4090909090909091,0.54931640625,0.140625,0.125,0.21717895567417145,True,ok,0.46954550000373274
D1_154_building,disk-lightglue-r2048-k16384,disk,lightglue,2048,16384,64,107_0005_0004.JPG,107_0005_0012.JPG,16384,16384,19,8,0.42105263157894735,0.48828125,0.109375,0.109375,0.1764049082994461,True,ok,0.4784527000156231
D1_154_building,disk-lightglue-r2048-k16384,disk,lightglue,2048,16384,65,107_0005_0004.JPG,107_0005_0045.JPG,16384,16384,19,8,0.42105263157894735,0.48828125,0.09375,0.09375,0.1987663358449936,True,ok,0.49120489999768324
D1_154_building,disk-lightglue-r2048-k16384,disk,lightglue,2048,16384,66,107_0005_0004.JPG,107_0005_0046.JPG,16384,16384,20,8,0.4,0.48828125,0.125,0.125,0.1909569650888443,True,ok,0.48626999999396503
D1_154_building,disk-lightglue-r2048-k16384,disk,lightglue,2048,16384,67,107_0005_0004.JPG,107_0005_0054.JPG,16384,16384,17,8,0.47058823529411764,0.48828125,0.125,0.109375,0.2526245415210724,True,ok,0.484100599976955
D1_154_building,disk-lightglue-r2048-k16384,disk,lightglue,2048,16384,68,107_0005_0004.JPG,107_0005_0055.JPG,16384,16384,21,9,0.42857142857142855,0.54931640625,0.109375,0.09375,0.18632860481739044,True,ok,0.48799649998545647
D1_154_building,disk-lightglue-r2048-k16384,disk,lightglue,2048,16384,69,107_0005_0004.JPG,107_0005_0056.JPG,16384,16384,29,8,0.27586206896551724,0.48828125,0.125,0.125,0.19583609700202942,True,ok,0.4817994000040926
D1_154_building,disk-lightglue-r2048-k16384,disk,lightglue,2048,16384,70,107_0005_0004.JPG,107_0005_0061.JPG,16384,16384,19,9,0.47368421052631576,0.54931640625,0.109375,0.109375,0.18003076314926147,True,ok,0.4921766000043135
D1_154_building,disk-lightglue-r2048-k16384,disk,lightglue,2048,16384,71,107_0005_0004.JPG,107_0005_0062.JPG,16384,16384,18,8,0.4444444444444444,0.48828125,0.109375,0.078125,0.1708923727273941,True,ok,0.4856712000037078
D1_154_building,disk-lightglue-r2048-k16384,disk,lightglue,2048,16384,72,107_0005_0004.JPG,107_0005_0063.JPG,16384,16384,109,73,0.6697247706422018,4.45556640625,0.09375,0.078125,0.29965171217918396,False,ok,0.4939025999919977
D1_154_building,disk-lightglue-r2048-k16384,disk,lightglue,2048,16384,73,107_0005_0004.JPG,107_0005_0065.JPG,16384,16384,1690,1450,0.8579881656804734,88.5009765625,0.296875,0.296875,0.8821985125541687,False,ok,0.4777972000010777
D1_154_building,disk-lightglue-r2048-k16384,disk,lightglue,2048,16384,74,107_0005_0004.JPG,107_0005_0066.JPG,16384,16384,4198,3481,0.8292043830395427,212.46337890625,0.421875,0.40625,0.9362984299659729,False,ok,0.4760983000160195
D1_154_building,disk-lightglue-r2048-k16384,disk,lightglue,2048,16384,75,107_0005_0004.JPG,107_0005_0067.JPG,16384,16384,6276,5333,0.8497450605481198,325.50048828125,0.609375,0.53125,0.9314302206039429,False,ok,0.371561699983431
D1_154_building,disk-lightglue-r2048-k16384,disk,lightglue,2048,16384,76,107_0005_0004.JPG,107_0005_0146.JPG,16384,16384,17,8,0.47058823529411764,0.48828125,0.125,0.109375,0.19608920812606812,True,ok,0.48685449999175034
D1_154_building,disk-lightglue-r2048-k16384,disk,lightglue,2048,16384,77,107_0005_0004.JPG,107_0005_0147.JPG,16384,16384,24,9,0.375,0.54931640625,0.125,0.078125,0.18653003871440887,True,ok,0.49219749998883344
D1_154_building,disk-lightglue-r2048-k16384,disk,lightglue,2048,16384,78,107_0005_0004.JPG,107_0005_0148.JPG,16384,16384,27,9,0.3333333333333333,0.54931640625,0.0625,0.109375,0.21540242433547974,True,ok,0.4767944999912288
D1_154_building,disk-lightglue-r2048-k16384,disk,lightglue,2048,16384,79,107_0005_0005.JPG,107_0005_0006.JPG,16384,16384,9331,8403,0.9005465652127318,512.87841796875,0.765625,0.78125,0.922813892364502,False,ok,0.5987316999817267
D1_154_building,disk-lightglue-r2048-k16384,disk,lightglue,2048,16384,80,107_0005_0005.JPG,107_0005_0007.JPG,16384,16384,4707,4149,0.8814531548757171,253.23486328125,0.546875,0.546875,0.9387630820274353,False,ok,0.3756686999986414
D1_154_building,disk-lightglue-r2048-k16384,disk,lightglue,2048,16384,81,107_0005_0005.JPG,107_0005_0008.JPG,16384,16384,1979,1799,0.9090449722081859,109.80224609375,0.359375,0.390625,0.9340654015541077,False,ok,0.4931901000090875
D1_154_building,disk-lightglue-r2048-k16384,disk,lightglue,2048,16384,82,107_0005_0005.JPG,107_0005_0009.JPG,16384,16384,725,665,0.9172413793103448,40.58837890625,0.15625,0.1875,0.9082680940628052,False,ok,0.459494500013534
D1_154_building,disk-lightglue-r2048-k16384,disk,lightglue,2048,16384,83,107_0005_0005.JPG,107_0005_0010.JPG,16384,16384,581,545,0.9380378657487092,33.26416015625,0.140625,0.140625,0.8857572078704834,False,ok,0.4898607000068296
D1_154_building,disk-lightglue-r2048-k16384,disk,lightglue,2048,16384,84,107_0005_0005.JPG,107_0005_0011.JPG,16384,16384,412,365,0.8859223300970874,22.27783203125,0.125,0.125,0.8639444708824158,False,ok,0.48188710000249557
D1_154_building,disk-lightglue-r2048-k16384,disk,lightglue,2048,16384,85,107_0005_0005.JPG,107_0005_0012.JPG,16384,16384,359,326,0.9080779944289693,19.8974609375,0.125,0.125,0.846959114074707,False,ok,0.4857831000117585
D1_154_building,disk-lightglue-r2048-k16384,disk,lightglue,2048,16384,86,107_0005_0005.JPG,107_0005_0013.JPG,16384,16384,1375,1249,0.9083636363636364,76.23291015625,0.28125,0.25,0.9331660866737366,False,ok,0.4790849999990314
D1_154_building,disk-lightglue-r2048-k16384,disk,lightglue,2048,16384,87,107_0005_0005.JPG,107_0005_0044.JPG,16384,16384,19,8,0.42105263157894735,0.48828125,0.125,0.109375,0.18344400823116302,True,ok,0.4785078999993857
D1_154_building,disk-lightglue-r2048-k16384,disk,lightglue,2048,16384,88,107_0005_0005.JPG,107_0005_0045.JPG,16384,16384,25,9,0.36,0.54931640625,0.09375,0.109375,0.16593849658966064,True,ok,0.4862569000106305
D1_154_building,disk-lightglue-r2048-k16384,disk,lightglue,2048,16384,89,107_0005_0005.JPG,107_0005_0046.JPG,16384,16384,17,8,0.47058823529411764,0.48828125,0.09375,0.109375,0.2241760492324829,True,ok,0.46832269997685216
D1_154_building,disk-lightglue-r2048-k16384,disk,lightglue,2048,16384,90,107_0005_0005.JPG,107_0005_0062.JPG,16384,16384,29,9,0.3103448275862069,0.54931640625,0.109375,0.125,0.20478150248527527,True,ok,0.4984886000165716
D1_154_building,disk-lightglue-r2048-k16384,disk,lightglue,2048,16384,91,107_0005_0005.JPG,107_0005_0063.JPG,16384,16384,1476,1063,0.7201897018970189,64.88037109375,0.25,0.265625,0.9120716452598572,False,ok,0.46719679998932406
D1_154_building,disk-lightglue-r2048-k16384,disk,lightglue,2048,16384,92,107_0005_0005.JPG,107_0005_0064.JPG,16384,16384,1057,939,0.8883632923368022,57.31201171875,0.1875,0.25,0.9077052474021912,False,ok,0.48355800000717863
D1_154_building,disk-lightglue-r2048-k16384,disk,lightglue,2048,16384,93,107_0005_0005.JPG,107_0005_0065.JPG,16384,16384,3324,2716,0.8170878459687124,165.771484375,0.4375,0.40625,0.9059077501296997,False,ok,0.46497609998914413
D1_154_building,disk-lightglue-r2048-k16384,disk,lightglue,2048,16384,94,107_0005_0005.JPG,107_0005_0066.JPG,16384,16384,5058,4037,0.7981415579280348,246.39892578125,0.625,0.5,0.8875992298126221,False,ok,0.4343646999914199
D1_154_building,disk-lightglue-r2048-k16384,disk,lightglue,2048,16384,95,107_0005_0005.JPG,107_0005_0146.JPG,16384,16384,8,7,0.875,0.42724609375,0.109375,0.09375,0.17906644940376282,True,ok,0.4624228000175208
D1_154_building,disk-lightglue-r2048-k16384,disk,lightglue,2048,16384,96,107_0005_0005.JPG,107_0005_0147.JPG,16384,16384,13,8,0.6153846153846154,0.48828125,0.109375,0.109375,0.2756597697734833,True,ok,0.5104531999968458
D1_154_building,disk-lightglue-r2048-k16384,disk,lightglue,2048,16384,97,107_0005_0005.JPG,107_0005_0148.JPG,16384,16384,16,8,0.5,0.48828125,0.109375,0.109375,0.23380409181118011,True,ok,0.4789856999996118
D1_154_building,disk-lightglue-r2048-k16384,disk,lightglue,2048,16384,98,107_0005_0005.JPG,107_0005_0149.JPG,16384,16384,13,9,0.6923076923076923,0.54931640625,0.078125,0.09375,0.24323417246341705,True,ok,0.6352523000095971
D1_154_building,disk-lightglue-r2048-k16384,disk,lightglue,2048,16384,99,107_0005_0006.JPG,107_0005_0007.JPG,16384,16384,8397,7707,0.9178277956413005,470.39794921875,0.796875,0.84375,0.9449788331985474,False,ok,0.4721348999883048
D1_154_building,disk-lightglue-r2048-k16384,disk,lightglue,2048,16384,100,107_0005_0006.JPG,107_0005_0008.JPG,16384,16384,4251,3875,0.911550223476829,236.51123046875,0.5625,0.53125,0.9553632140159607,False,ok,0.4683714999991935
D1_154_building,disk-lightglue-r2048-k16384,disk,lightglue,2048,16384,101,107_0005_0006.JPG,107_0005_0009.JPG,16384,16384,2352,2120,0.9013605442176871,129.39453125,0.375,0.390625,0.9438255429267883,False,ok,0.49211449999711476
D1_154_building,disk-lightglue-r2048-k16384,disk,lightglue,2048,16384,102,107_0005_0006.JPG,107_0005_0010.JPG,16384,16384,1848,1719,0.9301948051948052,104.91943359375,0.328125,0.359375,0.943421483039856,False,ok,0.4537634000007529
D1_154_building,disk-lightglue-r2048-k16384,disk,lightglue,2048,16384,103,107_0005_0006.JPG,107_0005_0011.JPG,16384,16384,1399,1289,0.9213724088634739,78.67431640625,0.265625,0.296875,0.9340192079544067,False,ok,0.48526079999282956
D1_154_building,disk-lightglue-r2048-k16384,disk,lightglue,2048,16384,104,107_0005_0006.JPG,107_0005_0012.JPG,16384,16384,1276,1133,0.8879310344827587,69.15283203125,0.3125,0.3125,0.9276005625724792,False,ok,0.4635357000224758
D1_154_building,disk-lightglue-r2048-k16384,disk,lightglue,2048,16384,105,107_0005_0006.JPG,107_0005_0013.JPG,16384,16384,2653,2471,0.9313984168865436,150.81787109375,0.421875,0.453125,0.9463220834732056,False,ok,0.484958099987125
D1_154_building,disk-lightglue-r2048-k16384,disk,lightglue,2048,16384,106,107_0005_0006.JPG,107_0005_0014.JPG,16384,16384,4544,4203,0.924955985915493,256.53076171875,0.5625,0.578125,0.9466586112976074,False,ok,0.46569510002154857
D1_154_building,disk-lightglue-r2048-k16384,disk,lightglue,2048,16384,107,107_0005_0006.JPG,107_0005_0034.JPG,16384,16384,16,8,0.5,0.48828125,0.109375,0.109375,0.15143558382987976,True,ok,0.48402380000334233
D1_154_building,disk-lightglue-r2048-k16384,disk,lightglue,2048,16384,108,107_0005_0006.JPG,107_0005_0035.JPG,16384,16384,15,8,0.5333333333333333,0.48828125,0.125,0.109375,0.16982480883598328,True,ok,0.4900201999989804
D1_154_building,disk-lightglue-r2048-k16384,disk,lightglue,2048,16384,109,107_0005_0006.JPG,107_0005_0044.JPG,16384,16384,21,8,0.38095238095238093,0.48828125,0.125,0.109375,0.18130452930927277,True,ok,0.4932087000051979
D1_154_building,disk-lightglue-r2048-k16384,disk,lightglue,2048,16384,110,107_0005_0006.JPG,107_0005_0045.JPG,16384,16384,20,8,0.4,0.48828125,0.09375,0.125,0.1878194510936737,True,ok,0.4791493999946397
D1_154_building,disk-lightglue-r2048-k16384,disk,lightglue,2048,16384,111,107_0005_0006.JPG,107_0005_0046.JPG,16384,16384,14,8,0.5714285714285714,0.48828125,0.09375,0.109375,0.16238437592983246,True,ok,0.4818636999989394
D1_154_building,disk-lightglue-r2048-k16384,disk,lightglue,2048,16384,112,107_0005_0006.JPG,107_0005_0047.JPG,16384,16384,20,8,0.4,0.48828125,0.109375,0.09375,0.20003266632556915,True,ok,0.48395319998962805
D1_154_building,disk-lightglue-r2048-k16384,disk,lightglue,2048,16384,113,107_0005_0006.JPG,107_0005_0062.JPG,16384,16384,38,8,0.21052631578947367,0.48828125,0.109375,0.109375,0.2085743099451065,True,ok,0.49069669999880716
D1_154_building,disk-lightglue-r2048-k16384,disk,lightglue,2048,16384,114,107_0005_0006.JPG,107_0005_0063.JPG,16384,16384,2505,1961,0.7828343313373254,119.68994140625,0.484375,0.5,0.9023866057395935,False,ok,0.5073969000077341
D1_154_building,disk-lightglue-r2048-k16384,disk,lightglue,2048,16384,115,107_0005_0006.JPG,107_0005_0064.JPG,16384,16384,2498,2262,0.9055244195356285,138.0615234375,0.40625,0.4375,0.9578043222427368,False,ok,0.4664282000157982
D1_154_building,disk-lightglue-r2048-k16384,disk,lightglue,2048,16384,116,107_0005_0006.JPG,107_0005_0065.JPG,16384,16384,3968,3197,0.805695564516129,195.12939453125,0.65625,0.5,0.9060297608375549,False,ok,0.37385480001103133
D1_154_building,disk-lightglue-r2048-k16384,disk,lightglue,2048,16384,117,107_0005_0006.JPG,107_0005_0147.JPG,16384,16384,15,8,0.5333333333333333,0.48828125,0.109375,0.109375,0.212223082780838,True,ok,0.4757716000021901
D1_154_building,disk-lightglue-r2048-k16384,disk,lightglue,2048,16384,118,107_0005_0006.JPG,107_0005_0148.JPG,16384,16384,22,9,0.4090909090909091,0.54931640625,0.125,0.125,0.19919262826442719,True,ok,0.5064304000115953
D1_154_building,disk-lightglue-r2048-k16384,disk,lightglue,2048,16384,119,107_0005_0006.JPG,107_0005_0149.JPG,16384,16384,36,10,0.2777777777777778,0.6103515625,0.09375,0.09375,0.278080552816391,True,ok,0.48184049999690615
D1_154_building,disk-lightglue-r2048-k16384,disk,lightglue,2048,16384,120,107_0005_0006.JPG,107_0005_0150.JPG,16384,16384,10,8,0.8,0.48828125,0.0625,0.0625,0.20397517085075378,True,ok,0.6352090000000317
D1_154_building,disk-lightglue-r2048-k16384,disk,lightglue,2048,16384,121,107_0005_0007.JPG,107_0005_0008.JPG,16384,16384,9484,8958,0.9445381695487136,546.7529296875,0.8125,0.78125,0.9647935032844543,False,ok,0.48656150000169873
D1_154_building,disk-lightglue-r2048-k16384,disk,lightglue,2048,16384,122,107_0005_0007.JPG,107_0005_0009.JPG,16384,16384,6590,5996,0.9098634294385433,365.966796875,0.5625,0.59375,0.9637618064880371,False,ok,0.4595164000056684
D1_154_building,disk-lightglue-r2048-k16384,disk,lightglue,2048,16384,123,107_0005_0007.JPG,107_0005_0010.JPG,16384,16384,5300,4962,0.9362264150943396,302.8564453125,0.46875,0.53125,0.961252748966217,False,ok,0.49018739999155514
D1_154_building,disk-lightglue-r2048-k16384,disk,lightglue,2048,16384,124,107_0005_0007.JPG,107_0005_0011.JPG,16384,16384,4189,3854,0.9200286464550012,235.2294921875,0.421875,0.4375,0.9465087652206421,False,ok,0.4620285000128206
D1_154_building,disk-lightglue-r2048-k16384,disk,lightglue,2048,16384,125,107_0005_0007.JPG,107_0005_0012.JPG,16384,16384,3961,3628,0.9159303206261045,221.435546875,0.40625,0.40625,0.9378453493118286,False,ok,0.4904979999992065
D1_154_building,disk-lightglue-r2048-k16384,disk,lightglue,2048,16384,126,107_0005_0007.JPG,107_0005_0013.JPG,16384,16384,5856,5454,0.9313524590163934,332.8857421875,0.546875,0.5625,0.9521209001541138,False,ok,0.4581690000195522
D1_154_building,disk-lightglue-r2048-k16384,disk,lightglue,2048,16384,127,107_0005_0007.JPG,107_0005_0014.JPG,16384,16384,6292,5856,0.9307056579783852,357.421875,0.6875,0.640625,0.9455597400665283,False,ok,0.4695929999870714
D1_154_building,disk-lightglue-r2048-k16384,disk,lightglue,2048,16384,128,107_0005_0007.JPG,107_0005_0015.JPG,16384,16384,3097,2843,0.9179851469163707,173.52294921875,0.453125,0.453125,0.957011878490448,False,ok,0.46069450001232326
D1_154_building,disk-lightglue-r2048-k16384,disk,lightglue,2048,16384,129,107_0005_0007.JPG,107_0005_0033.JPG,16384,16384,12,7,0.5833333333333334,0.42724609375,0.109375,0.078125,0.18597203493118286,True,ok,0.4943302999890875
D1_154_building,disk-lightglue-r2048-k16384,disk,lightglue,2048,16384,130,107_0005_0007.JPG,107_0005_0034.JPG,16384,16384,11,7,0.6363636363636364,0.42724609375,0.09375,0.109375,0.1820775866508484,True,ok,0.48438769998028874
D1_154_building,disk-lightglue-r2048-k16384,disk,lightglue,2048,16384,131,107_0005_0007.JPG,107_0005_0035.JPG,16384,16384,19,8,0.42105263157894735,0.48828125,0.125,0.125,0.18355627357959747,True,ok,0.4963287999853492
D1_154_building,disk-lightglue-r2048-k16384,disk,lightglue,2048,16384,132,107_0005_0007.JPG,107_0005_0036.JPG,16384,16384,16,8,0.5,0.48828125,0.125,0.125,0.21001671254634857,True,ok,0.4754012000048533
D1_154_building,disk-lightglue-r2048-k16384,disk,lightglue,2048,16384,133,107_0005_0007.JPG,107_0005_0045.JPG,16384,16384,20,8,0.4,0.48828125,0.125,0.109375,0.178172305226326,True,ok,0.49881340001593344
D1_154_building,disk-lightglue-r2048-k16384,disk,lightglue,2048,16384,134,107_0005_0007.JPG,107_0005_0046.JPG,16384,16384,14,7,0.5,0.42724609375,0.109375,0.109375,0.1694973260164261,True,ok,0.47133129998110235
D1_154_building,disk-lightglue-r2048-k16384,disk,lightglue,2048,16384,135,107_0005_0007.JPG,107_0005_0063.JPG,16384,16384,4521,3374,0.7462950674629507,205.9326171875,0.640625,0.546875,0.9059735536575317,False,ok,0.570679199998267
D1_154_building,disk-lightglue-r2048-k16384,disk,lightglue,2048,16384,136,107_0005_0007.JPG,107_0005_0064.JPG,16384,16384,5054,4446,0.8796992481203008,271.3623046875,0.609375,0.53125,0.9541286826133728,False,ok,0.4673023000068497
D1_154_building,disk-lightglue-r2048-k16384,disk,lightglue,2048,16384,137,107_0005_0007.JPG,107_0005_0149.JPG,16384,16384,22,8,0.36363636363636365,0.48828125,0.125,0.109375,0.22678369283676147,True,ok,0.49631659997976385
D1_154_building,disk-lightglue-r2048-k16384,disk,lightglue,2048,16384,138,107_0005_0007.JPG,107_0005_0150.JPG,16384,16384,38,9,0.23684210526315788,0.54931640625,0.125,0.125,0.20664432644844055,True,ok,0.45345829997677356
D1_154_building,disk-lightglue-r2048-k16384,disk,lightglue,2048,16384,139,107_0005_0007.JPG,107_0005_0151.JPG,16384,16384,45,9,0.2,0.54931640625,0.125,0.140625,0.2004125863313675,True,ok,0.4661581000254955
D1_154_building,disk-lightglue-r2048-k16384,disk,lightglue,2048,16384,140,107_0005_0007.JPG,107_0005_0152.JPG,16384,16384,36,9,0.25,0.54931640625,0.109375,0.125,0.20425502955913544,True,ok,0.4886922999867238
D1_154_building,disk-lightglue-r2048-k16384,disk,lightglue,2048,16384,141,107_0005_0008.JPG,107_0005_0009.JPG,16384,16384,11418,10951,0.9590996671921528,668.39599609375,0.8125,0.78125,0.9722937941551208,False,ok,0.46450539998477325
D1_154_building,disk-lightglue-r2048-k16384,disk,lightglue,2048,16384,142,107_0005_0008.JPG,107_0005_0010.JPG,16384,16384,9081,8750,0.9635502697940755,534.0576171875,0.625,0.6875,0.969501256942749,False,ok,0.46380949998274446
D1_154_building,disk-lightglue-r2048-k16384,disk,lightglue,2048,16384,143,107_0005_0008.JPG,107_0005_0011.JPG,16384,16384,7322,6897,0.941955749795138,420.95947265625,0.578125,0.578125,0.9579687118530273,False,ok,0.47126260001095943
D1_154_building,disk-lightglue-r2048-k16384,disk,lightglue,2048,16384,144,107_0005_0008.JPG,107_0005_0012.JPG,16384,16384,6916,6501,0.9399942163100058,396.78955078125,0.578125,0.578125,0.9573159217834473,False,ok,0.46615619998192415
D1_154_building,disk-lightglue-r2048-k16384,disk,lightglue,2048,16384,145,107_0005_0008.JPG,107_0005_0013.JPG,16384,16384,7685,7134,0.9283018867924528,435.4248046875,0.65625,0.625,0.9523992538452148,False,ok,0.47619099999428727
D1_154_building,disk-lightglue-r2048-k16384,disk,lightglue,2048,16384,146,107_0005_0008.JPG,107_0005_0014.JPG,16384,16384,4916,4347,0.8842554922701383,265.31982421875,0.46875,0.421875,0.9434149861335754,False,ok,0.46753150000586174
D1_154_building,disk-lightglue-r2048-k16384,disk,lightglue,2048,16384,147,107_0005_0008.JPG,107_0005_0015.JPG,16384,16384,1802,1656,0.9189789123196448,101.07421875,0.328125,0.328125,0.953778862953186,False,ok,0.4701739000156522
D1_154_building,disk-lightglue-r2048-k16384,disk,lightglue,2048,16384,148,107_0005_0008.JPG,107_0005_0016.JPG,16384,16384,865,792,0.915606936416185,48.33984375,0.1875,0.171875,0.9361544847488403,False,ok,0.47736709998571314
D1_154_building,disk-lightglue-r2048-k16384,disk,lightglue,2048,16384,149,107_0005_0008.JPG,107_0005_0033.JPG,16384,16384,18,8,0.4444444444444444,0.48828125,0.125,0.09375,0.16351592540740967,True,ok,0.481466899975203
D1_154_building,disk-lightglue-r2048-k16384,disk,lightglue,2048,16384,150,107_0005_0008.JPG,107_0005_0034.JPG,16384,16384,24,9,0.375,0.54931640625,0.125,0.140625,0.18212592601776123,True,ok,0.4933846000058111
D1_154_building,disk-lightglue-r2048-k16384,disk,lightglue,2048,16384,151,107_0005_0008.JPG,107_0005_0035.JPG,16384,16384,15,8,0.5333333333333333,0.48828125,0.109375,0.125,0.20726874470710754,True,ok,0.4771728999912739
D1_154_building,disk-lightglue-r2048-k16384,disk,lightglue,2048,16384,152,107_0005_0008.JPG,107_0005_0036.JPG,16384,16384,27,10,0.37037037037037035,0.6103515625,0.09375,0.125,0.17956705391407013,True,ok,0.4923195999872405
D1_154_building,disk-lightglue-r2048-k16384,disk,lightglue,2048,16384,153,107_0005_0008.JPG,107_0005_0037.JPG,16384,16384,39,9,0.23076923076923078,0.54931640625,0.109375,0.09375,0.18928444385528564,True,ok,0.470529100013664
D1_154_building,disk-lightglue-r2048-k16384,disk,lightglue,2048,16384,154,107_0005_0008.JPG,107_0005_0038.JPG,16384,16384,29,10,0.3448275862068966,0.6103515625,0.140625,0.15625,0.1958945393562317,True,ok,0.4759736999985762
D1_154_building,disk-lightglue-r2048-k16384,disk,lightglue,2048,16384,155,107_0005_0008.JPG,107_0005_0039.JPG,16384,16384,46,9,0.1956521739130435,0.54931640625,0.109375,0.140625,0.19419585168361664,True,ok,0.48718559998087585
D1_154_building,disk-lightglue-r2048-k16384,disk,lightglue,2048,16384,156,107_0005_0008.JPG,107_0005_0149.JPG,16384,16384,21,8,0.38095238095238093,0.48828125,0.109375,0.09375,0.19863249361515045,True,ok,0.4839730999956373
D1_154_building,disk-lightglue-r2048-k16384,disk,lightglue,2048,16384,157,107_0005_0008.JPG,107_0005_0150.JPG,16384,16384,26,8,0.3076923076923077,0.48828125,0.109375,0.109375,0.17692460119724274,True,ok,0.4645019999879878
D1_154_building,disk-lightglue-r2048-k16384,disk,lightglue,2048,16384,158,107_0005_0008.JPG,107_0005_0151.JPG,16384,16384,26,8,0.3076923076923077,0.48828125,0.109375,0.109375,0.22676850855350494,True,ok,0.4715274999907706
D1_154_building,disk-lightglue-r2048-k16384,disk,lightglue,2048,16384,159,107_0005_0008.JPG,107_0005_0152.JPG,16384,16384,29,9,0.3103448275862069,0.54931640625,0.109375,0.140625,0.1897040605545044,True,ok,0.49225379998097196
D1_154_building,disk-lightglue-r2048-k16384,disk,lightglue,2048,16384,160,107_0005_0008.JPG,107_0005_0153.JPG,16384,16384,31,8,0.25806451612903225,0.48828125,0.125,0.09375,0.18867969512939453,True,ok,0.4651529999973718
D1_154_building,disk-lightglue-r2048-k16384,disk,lightglue,2048,16384,161,107_0005_0008.JPG,107_0005_0154.JPG,16384,16384,30,8,0.26666666666666666,0.48828125,0.109375,0.109375,0.1788487434387207,True,ok,0.4757363999960944
D1_154_building,disk-lightglue-r2048-k16384,disk,lightglue,2048,16384,162,107_0005_0009.JPG,107_0005_0010.JPG,16384,16384,11429,11044,0.9663137632338787,674.072265625,0.703125,0.765625,0.9698792695999146,False,ok,0.45956260000821203
D1_154_building,disk-lightglue-r2048-k16384,disk,lightglue,2048,16384,163,107_0005_0009.JPG,107_0005_0011.JPG,16384,16384,9070,8568,0.9446527012127894,522.94921875,0.671875,0.65625,0.9608709812164307,False,ok,0.48842180002247915
D1_154_building,disk-lightglue-r2048-k16384,disk,lightglue,2048,16384,164,107_0005_0009.JPG,107_0005_0012.JPG,16384,16384,8707,8182,0.939703686688871,499.3896484375,0.671875,0.65625,0.9610859751701355,False,ok,0.4621843000059016
D1_154_building,disk-lightglue-r2048-k16384,disk,lightglue,2048,16384,165,107_0005_0009.JPG,107_0005_0013.JPG,16384,16384,6605,5945,0.9000757002271007,362.85400390625,0.578125,0.546875,0.9584234952926636,False,ok,0.46999730000970885
D1_154_building,disk-lightglue-r2048-k16384,disk,lightglue,2048,16384,166,107_0005_0009.JPG,107_0005_0014.JPG,16384,16384,3626,3050,0.8411472697186982,186.1572265625,0.40625,0.34375,0.933965265750885,False,ok,0.49559629999566823
D1_154_building,disk-lightglue-r2048-k16384,disk,lightglue,2048,16384,167,107_0005_0009.JPG,107_0005_0015.JPG,16384,16384,863,787,0.9119351100811124,48.03466796875,0.1875,0.1875,0.9463075995445251,False,ok,0.4768694000085816
D1_154_building,disk-lightglue-r2048-k16384,disk,lightglue,2048,16384,168,107_0005_0009.JPG,107_0005_0016.JPG,16384,16384,258,233,0.9031007751937985,14.22119140625,0.109375,0.09375,0.8581814765930176,False,ok,0.4769093999930192
D1_154_building,disk-lightglue-r2048-k16384,disk,lightglue,2048,16384,169,107_0005_0009.JPG,107_0005_0017.JPG,16384,16384,17,8,0.47058823529411764,0.48828125,0.109375,0.125,0.1900162547826767,True,ok,0.4823486999957822
D1_154_building,disk-lightglue-r2048-k16384,disk,lightglue,2048,16384,170,107_0005_0009.JPG,107_0005_0033.JPG,16384,16384,22,8,0.36363636363636365,0.48828125,0.078125,0.125,0.18234796822071075,True,ok,0.48296389999450184
D1_154_building,disk-lightglue-r2048-k16384,disk,lightglue,2048,16384,171,107_0005_0009.JPG,107_0005_0034.JPG,16384,16384,28,10,0.35714285714285715,0.6103515625,0.140625,0.15625,0.21433976292610168,True,ok,0.4874415999802295
D1_154_building,disk-lightglue-r2048-k16384,disk,lightglue,2048,16384,172,107_0005_0009.JPG,107_0005_0035.JPG,16384,16384,21,8,0.38095238095238093,0.48828125,0.125,0.125,0.21563521027565002,True,ok,0.4716314999968745
D1_154_building,disk-lightglue-r2048-k16384,disk,lightglue,2048,16384,173,107_0005_0009.JPG,107_0005_0036.JPG,16384,16384,28,9,0.32142857142857145,0.54931640625,0.109375,0.109375,0.21207837760448456,True,ok,0.4816683999961242
D1_154_building,disk-lightglue-r2048-k16384,disk,lightglue,2048,16384,174,107_0005_0009.JPG,107_0005_0150.JPG,16384,16384,28,9,0.32142857142857145,0.54931640625,0.125,0.125,0.1623609960079193,True,ok,0.4716881999920588
D1_154_building,disk-lightglue-r2048-k16384,disk,lightglue,2048,16384,175,107_0005_0009.JPG,107_0005_0151.JPG,16384,16384,21,9,0.42857142857142855,0.54931640625,0.140625,0.09375,0.2215505838394165,True,ok,0.47764970001298934
D1_154_building,disk-lightglue-r2048-k16384,disk,lightglue,2048,16384,176,107_0005_0009.JPG,107_0005_0152.JPG,16384,16384,29,9,0.3103448275862069,0.54931640625,0.125,0.109375,0.1875743716955185,True,ok,0.498725600016769
D1_154_building,disk-lightglue-r2048-k16384,disk,lightglue,2048,16384,177,107_0005_0009.JPG,107_0005_0153.JPG,16384,16384,20,9,0.45,0.54931640625,0.109375,0.125,0.18415896594524384,True,ok,0.47002020000945777
D1_154_building,disk-lightglue-r2048-k16384,disk,lightglue,2048,16384,178,107_0005_0009.JPG,107_0005_0154.JPG,16384,16384,24,8,0.3333333333333333,0.48828125,0.09375,0.09375,0.17732614278793335,True,ok,0.4932624999783002
D1_154_building,disk-lightglue-r2048-k16384,disk,lightglue,2048,16384,179,107_0005_0010.JPG,107_0005_0011.JPG,16384,16384,12304,11959,0.9719603381014305,729.91943359375,0.796875,0.796875,0.9724846482276917,False,ok,0.466488300007768
D1_154_building,disk-lightglue-r2048-k16384,disk,lightglue,2048,16384,180,107_0005_0010.JPG,107_0005_0012.JPG,16384,16384,11662,11263,0.9657863145258103,687.43896484375,0.796875,0.796875,0.9733042120933533,False,ok,0.45912790001602843
D1_154_building,disk-lightglue-r2048-k16384,disk,lightglue,2048,16384,181,107_0005_0010.JPG,107_0005_0013.JPG,16384,16384,8588,7882,0.9177922682813228,481.0791015625,0.671875,0.671875,0.9729308485984802,False,ok,0.4441608999914024
D1_154_building,disk-lightglue-r2048-k16384,disk,lightglue,2048,16384,182,107_0005_0010.JPG,107_0005_0014.JPG,16384,16384,4871,4230,0.8684048450010264,258.1787109375,0.484375,0.4375,0.9591411352157593,False,ok,0.4745273000153247
D1_154_building,disk-lightglue-r2048-k16384,disk,lightglue,2048,16384,183,107_0005_0010.JPG,107_0005_0015.JPG,16384,16384,1704,1502,0.8814553990610329,91.6748046875,0.25,0.25,0.9285841584205627,False,ok,0.49026899997261353
D1_154_building,disk-lightglue-r2048-k16384,disk,lightglue,2048,16384,184,107_0005_0010.JPG,107_0005_0016.JPG,16384,16384,567,477,0.8412698412698413,29.11376953125,0.125,0.15625,0.8726499080657959,False,ok,0.48041570000350475
D1_154_building,disk-lightglue-r2048-k16384,disk,lightglue,2048,16384,185,107_0005_0010.JPG,107_0005_0017.JPG,16384,16384,12,7,0.5833333333333334,0.42724609375,0.09375,0.109375,0.18505972623825073,True,ok,0.4860415000002831
D1_154_building,disk-lightglue-r2048-k16384,disk,lightglue,2048,16384,186,107_0005_0010.JPG,107_0005_0018.JPG,16384,16384,15,7,0.4666666666666667,0.42724609375,0.109375,0.109375,0.19444799423217773,True,ok,0.495342799986247
D1_154_building,disk-lightglue-r2048-k16384,disk,lightglue,2048,16384,187,107_0005_0010.JPG,107_0005_0033.JPG,16384,16384,21,8,0.38095238095238093,0.48828125,0.109375,0.109375,0.21583501994609833,True,ok,0.49076280000736006
D1_154_building,disk-lightglue-r2048-k16384,disk,lightglue,2048,16384,188,107_0005_0010.JPG,107_0005_0034.JPG,16384,16384,22,8,0.36363636363636365,0.48828125,0.125,0.09375,0.2285870611667633,True,ok,0.48017009999603033
D1_154_building,disk-lightglue-r2048-k16384,disk,lightglue,2048,16384,189,107_0005_0010.JPG,107_0005_0139.JPG,16384,16384,15,7,0.4666666666666667,0.42724609375,0.109375,0.09375,0.21937252581119537,True,ok,0.48846989998128265
D1_154_building,disk-lightglue-r2048-k16384,disk,lightglue,2048,16384,190,107_0005_0010.JPG,107_0005_0140.JPG,16384,16384,20,9,0.45,0.54931640625,0.09375,0.140625,0.16409289836883545,True,ok,0.4791537999990396
D1_154_building,disk-lightglue-r2048-k16384,disk,lightglue,2048,16384,191,107_0005_0010.JPG,107_0005_0141.JPG,16384,16384,23,9,0.391304347826087,0.54931640625,0.140625,0.125,0.16354483366012573,True,ok,0.4975455999956466
D1_154_building,disk-lightglue-r2048-k16384,disk,lightglue,2048,16384,192,107_0005_0010.JPG,107_0005_0142.JPG,16384,16384,15,8,0.5333333333333333,0.48828125,0.09375,0.09375,0.16619281470775604,True,ok,0.4676556999911554
D1_154_building,disk-lightglue-r2048-k16384,disk,lightglue,2048,16384,193,107_0005_0010.JPG,107_0005_0151.JPG,16384,16384,18,8,0.4444444444444444,0.48828125,0.109375,0.125,0.20328110456466675,True,ok,0.5065512000001036
D1_154_building,disk-lightglue-r2048-k16384,disk,lightglue,2048,16384,194,107_0005_0010.JPG,107_0005_0152.JPG,16384,16384,26,9,0.34615384615384615,0.54931640625,0.109375,0.125,0.20777097344398499,True,ok,0.4854664000158664
D1_154_building,disk-lightglue-r2048-k16384,disk,lightglue,2048,16384,195,107_0005_0010.JPG,107_0005_0153.JPG,16384,16384,13,8,0.6153846153846154,0.48828125,0.109375,0.109375,0.17328768968582153,True,ok,0.4900618999963626
D1_154_building,disk-lightglue-r2048-k16384,disk,lightglue,2048,16384,196,107_0005_0010.JPG,107_0005_0154.JPG,16384,16384,10,7,0.7,0.42724609375,0.109375,0.09375,0.26059961318969727,True,ok,0.5009766999864951
D1_154_building,disk-lightglue-r2048-k16384,disk,lightglue,2048,16384,197,107_0005_0011.JPG,107_0005_0012.JPG,16384,16384,13924,13711,0.9847026716460787,836.85302734375,0.921875,0.921875,0.9735588431358337,False,ok,0.48934770000050776
D1_154_building,disk-lightglue-r2048-k16384,disk,lightglue,2048,16384,198,107_0005_0011.JPG,107_0005_0013.JPG,16384,16384,9772,9198,0.9412607449856734,561.4013671875,0.75,0.734375,0.9779615998268127,False,ok,0.4499171999923419
D1_154_building,disk-lightglue-r2048-k16384,disk,lightglue,2048,16384,199,107_0005_0011.JPG,107_0005_0014.JPG,16384,16384,5464,4941,0.9042825768667643,301.57470703125,0.546875,0.515625,0.966593861579895,False,ok,0.5014778999902774
D1_154_building,disk-lightglue-r2048-k16384,disk,lightglue,2048,16384,200,107_0005_0011.JPG,107_0005_0015.JPG,16384,16384,2163,1933,0.893666204345816,117.98095703125,0.296875,0.296875,0.9481741189956665,False,ok,0.4706759999971837
D1_154_building,disk-lightglue-r2048-k16384,disk,lightglue,2048,16384,201,107_0005_0011.JPG,107_0005_0016.JPG,16384,16384,659,579,0.8786039453717754,35.33935546875,0.171875,0.171875,0.8998911380767822,False,ok,0.5030071000219323
D1_154_building,disk-lightglue-r2048-k16384,disk,lightglue,2048,16384,202,107_0005_0011.JPG,107_0005_0017.JPG,16384,16384,14,8,0.5714285714285714,0.48828125,0.109375,0.125,0.14934886991977692,True,ok,0.475247299997136
D1_154_building,disk-lightglue-r2048-k16384,disk,lightglue,2048,16384,203,107_0005_0011.JPG,107_0005_0018.JPG,16384,16384,18,8,0.4444444444444444,0.48828125,0.09375,0.109375,0.17309552431106567,True,ok,0.49145069997757673
D1_154_building,disk-lightglue-r2048-k16384,disk,lightglue,2048,16384,204,107_0005_0011.JPG,107_0005_0019.JPG,16384,16384,13,7,0.5384615384615384,0.42724609375,0.109375,0.109375,0.1641235202550888,True,ok,0.494213400001172
D1_154_building,disk-lightglue-r2048-k16384,disk,lightglue,2048,16384,205,107_0005_0011.JPG,107_0005_0030.JPG,16384,16384,19,8,0.42105263157894735,0.48828125,0.125,0.109375,0.2128143012523651,True,ok,0.4878796999983024
D1_154_building,disk-lightglue-r2048-k16384,disk,lightglue,2048,16384,206,107_0005_0011.JPG,107_0005_0031.JPG,16384,16384,9,7,0.7777777777777778,0.42724609375,0.09375,0.109375,0.16264373064041138,True,ok,0.49463159998413175
D1_154_building,disk-lightglue-r2048-k16384,disk,lightglue,2048,16384,207,107_0005_0011.JPG,107_0005_0032.JPG,16384,16384,27,9,0.3333333333333333,0.54931640625,0.140625,0.125,0.23518845438957214,True,ok,0.4900354999990668
D1_154_building,disk-lightglue-r2048-k16384,disk,lightglue,2048,16384,208,107_0005_0011.JPG,107_0005_0033.JPG,16384,16384,19,8,0.42105263157894735,0.48828125,0.125,0.125,0.1973952054977417,True,ok,0.4640594999946188
D1_154_building,disk-lightglue-r2048-k16384,disk,lightglue,2048,16384,209,107_0005_0011.JPG,107_0005_0115.JPG,16384,16384,22,9,0.4090909090909091,0.54931640625,0.140625,0.125,0.21280314028263092,True,ok,0.492364700010512
D1_154_building,disk-lightglue-r2048-k16384,disk,lightglue,2048,16384,210,107_0005_0011.JPG,107_0005_0116.JPG,16384,16384,16,8,0.5,0.48828125,0.125,0.078125,0.1995699107646942,True,ok,0.47375489998375997
D1_154_building,disk-lightglue-r2048-k16384,disk,lightglue,2048,16384,211,107_0005_0011.JPG,107_0005_0136.JPG,16384,16384,17,8,0.47058823529411764,0.48828125,0.109375,0.109375,0.22282260656356812,True,ok,0.47933000000193715
D1_154_building,disk-lightglue-r2048-k16384,disk,lightglue,2048,16384,212,107_0005_0011.JPG,107_0005_0137.JPG,16384,16384,9,7,0.7777777777777778,0.42724609375,0.109375,0.109375,0.21401795744895935,True,ok,0.49971289999666624
D1_154_building,disk-lightglue-r2048-k16384,disk,lightglue,2048,16384,213,107_0005_0011.JPG,107_0005_0138.JPG,16384,16384,19,8,0.42105263157894735,0.48828125,0.125,0.109375,0.2310633659362793,True,ok,0.4968813000014052
D1_154_building,disk-lightglue-r2048-k16384,disk,lightglue,2048,16384,214,107_0005_0011.JPG,107_0005_0139.JPG,16384,16384,20,8,0.4,0.48828125,0.125,0.125,0.20826959609985352,True,ok,0.49445990001549944
D1_154_building,disk-lightglue-r2048-k16384,disk,lightglue,2048,16384,215,107_0005_0011.JPG,107_0005_0140.JPG,16384,16384,21,8,0.38095238095238093,0.48828125,0.125,0.125,0.19672945141792297,True,ok,0.4865492000244558
D1_154_building,disk-lightglue-r2048-k16384,disk,lightglue,2048,16384,216,107_0005_0011.JPG,107_0005_0141.JPG,16384,16384,22,9,0.4090909090909091,0.54931640625,0.109375,0.125,0.18380004167556763,True,ok,0.48988430001190864
D1_154_building,disk-lightglue-r2048-k16384,disk,lightglue,2048,16384,217,107_0005_0011.JPG,107_0005_0142.JPG,16384,16384,13,7,0.5384615384615384,0.42724609375,0.109375,0.109375,0.1968662142753601,True,ok,0.4742786999850068
D1_154_building,disk-lightglue-r2048-k16384,disk,lightglue,2048,16384,218,107_0005_0011.JPG,107_0005_0152.JPG,16384,16384,24,9,0.375,0.54931640625,0.125,0.109375,0.1844514161348343,True,ok,0.5091093000082765
D1_154_building,disk-lightglue-r2048-k16384,disk,lightglue,2048,16384,219,107_0005_0011.JPG,107_0005_0153.JPG,16384,16384,11,7,0.6363636363636364,0.42724609375,0.109375,0.078125,0.22010484337806702,True,ok,0.46647750001284294
D1_154_building,disk-lightglue-r2048-k16384,disk,lightglue,2048,16384,220,107_0005_0011.JPG,107_0005_0154.JPG,16384,16384,14,7,0.5,0.42724609375,0.109375,0.09375,0.19609598815441132,True,ok,0.5107748000009451
D1_154_building,disk-lightglue-r2048-k16384,disk,lightglue,2048,16384,221,107_0005_0012.JPG,107_0005_0013.JPG,16384,16384,9986,9462,0.9475265371520128,577.5146484375,0.765625,0.75,0.9776391983032227,False,ok,0.46234880000702105
D1_154_building,disk-lightglue-r2048-k16384,disk,lightglue,2048,16384,222,107_0005_0012.JPG,107_0005_0014.JPG,16384,16384,5633,5107,0.9066216935913368,311.70654296875,0.546875,0.5,0.9655470848083496,False,ok,0.4811559999943711
D1_154_building,disk-lightglue-r2048-k16384,disk,lightglue,2048,16384,223,107_0005_0012.JPG,107_0005_0015.JPG,16384,16384,2309,2095,0.9073191857947164,127.86865234375,0.28125,0.328125,0.9535815715789795,False,ok,0.4828776999784168
D1_154_building,disk-lightglue-r2048-k16384,disk,lightglue,2048,16384,224,107_0005_0012.JPG,107_0005_0016.JPG,16384,16384,768,684,0.890625,41.748046875,0.171875,0.15625,0.9042842388153076,False,ok,0.4870920999965165
D1_154_building,disk-lightglue-r2048-k16384,disk,lightglue,2048,16384,225,107_0005_0012.JPG,107_0005_0017.JPG,16384,16384,8,0,0.0,0.0,0.0,0.0,0.16610485315322876,True,no_model,0.47899879998294637
D1_154_building,disk-lightglue-r2048-k16384,disk,lightglue,2048,16384,226,107_0005_0012.JPG,107_0005_0018.JPG,16384,16384,13,7,0.5384615384615384,0.42724609375,0.109375,0.09375,0.14587143063545227,True,ok,0.48081559999263845
D1_154_building,disk-lightglue-r2048-k16384,disk,lightglue,2048,16384,227,107_0005_0012.JPG,107_0005_0019.JPG,16384,16384,5,0,0.0,0.0,0.0,0.0,0.1797105073928833,True,too_few_matches,0.509001200000057
D1_154_building,disk-lightglue-r2048-k16384,disk,lightglue,2048,16384,228,107_0005_0012.JPG,107_0005_0020.JPG,16384,16384,12,8,0.6666666666666666,0.48828125,0.125,0.125,0.18621431291103363,True,ok,0.48029930001939647
D1_154_building,disk-lightglue-r2048-k16384,disk,lightglue,2048,16384,229,107_0005_0012.JPG,107_0005_0030.JPG,16384,16384,14,8,0.5714285714285714,0.48828125,0.125,0.125,0.19599442183971405,True,ok,0.5146743000077549
D1_154_building,disk-lightglue-r2048-k16384,disk,lightglue,2048,16384,230,107_0005_0012.JPG,107_0005_0031.JPG,16384,16384,10,7,0.7,0.42724609375,0.109375,0.109375,0.18557031452655792,True,ok,0.49295060001895763
D1_154_building,disk-lightglue-r2048-k16384,disk,lightglue,2048,16384,231,107_0005_0012.JPG,107_0005_0032.JPG,16384,16384,17,8,0.47058823529411764,0.48828125,0.125,0.125,0.17294293642044067,True,ok,0.5062788000213914
D1_154_building,disk-lightglue-r2048-k16384,disk,lightglue,2048,16384,232,107_0005_0012.JPG,107_0005_0033.JPG,16384,16384,15,8,0.5333333333333333,0.48828125,0.125,0.125,0.22063371539115906,True,ok,0.49195609998423606
D1_154_building,disk-lightglue-r2048-k16384,disk,lightglue,2048,16384,233,107_0005_0012.JPG,107_0005_0115.JPG,16384,16384,29,8,0.27586206896551724,0.48828125,0.125,0.09375,0.21251420676708221,True,ok,0.5018969000084326
D1_154_building,disk-lightglue-r2048-k16384,disk,lightglue,2048,16384,234,107_0005_0012.JPG,107_0005_0116.JPG,16384,16384,23,8,0.34782608695652173,0.48828125,0.125,0.109375,0.15778297185897827,True,ok,0.4795538999896962
D1_154_building,disk-lightglue-r2048-k16384,disk,lightglue,2048,16384,235,107_0005_0012.JPG,107_0005_0133.JPG,16384,16384,15,8,0.5333333333333333,0.48828125,0.125,0.078125,0.21550355851650238,True,ok,0.4838715000078082
D1_154_building,disk-lightglue-r2048-k16384,disk,lightglue,2048,16384,236,107_0005_0012.JPG,107_0005_0136.JPG,16384,16384,12,7,0.5833333333333334,0.42724609375,0.09375,0.09375,0.1651444286108017,True,ok,0.4701865999959409
D1_154_building,disk-lightglue-r2048-k16384,disk,lightglue,2048,16384,237,107_0005_0012.JPG,107_0005_0137.JPG,16384,16384,9,0,0.0,0.0,0.0,0.0,0.21747222542762756,True,no_model,0.5123603999963962
D1_154_building,disk-lightglue-r2048-k16384,disk,lightglue,2048,16384,238,107_0005_0012.JPG,107_0005_0138.JPG,16384,16384,11,7,0.6363636363636364,0.42724609375,0.09375,0.078125,0.21935419738292694,True,ok,0.47534239999367855
D1_154_building,disk-lightglue-r2048-k16384,disk,lightglue,2048,16384,239,107_0005_0012.JPG,107_0005_0139.JPG,16384,16384,18,9,0.5,0.54931640625,0.125,0.109375,0.19951140880584717,True,ok,0.5129684999992605
D1_154_building,disk-lightglue-r2048-k16384,disk,lightglue,2048,16384,240,107_0005_0012.JPG,107_0005_0140.JPG,16384,16384,12,7,0.5833333333333334,0.42724609375,0.109375,0.09375,0.2662041485309601,True,ok,0.4927369999932125
D1_154_building,disk-lightglue-r2048-k16384,disk,lightglue,2048,16384,241,107_0005_0012.JPG,107_0005_0141.JPG,16384,16384,15,8,0.5333333333333333,0.48828125,0.125,0.109375,0.20401696860790253,True,ok,0.5085497999971267
D1_154_building,disk-lightglue-r2048-k16384,disk,lightglue,2048,16384,242,107_0005_0012.JPG,107_0005_0142.JPG,16384,16384,14,7,0.5,0.42724609375,0.09375,0.109375,0.1933600753545761,True,ok,0.5021164999925531
D1_154_building,disk-lightglue-r2048-k16384,disk,lightglue,2048,16384,243,107_0005_0012.JPG,107_0005_0153.JPG,16384,16384,11,7,0.6363636363636364,0.42724609375,0.09375,0.078125,0.17147240042686462,True,ok,0.5004310999938753
D1_154_building,disk-lightglue-r2048-k16384,disk,lightglue,2048,16384,244,107_0005_0012.JPG,107_0005_0154.JPG,16384,16384,19,8,0.42105263157894735,0.48828125,0.109375,0.125,0.1739843338727951,True,ok,0.49982769999769516
D1_154_building,disk-lightglue-r2048-k16384,disk,lightglue,2048,16384,245,107_0005_0013.JPG,107_0005_0014.JPG,16384,16384,9990,9481,0.9490490490490491,578.67431640625,0.78125,0.703125,0.9746571779251099,False,ok,0.4738756000006106
D1_154_building,disk-lightglue-r2048-k16384,disk,lightglue,2048,16384,246,107_0005_0013.JPG,107_0005_0015.JPG,16384,16384,5494,5008,0.9115398616672734,305.6640625,0.5,0.46875,0.9722517728805542,False,ok,0.4935555999982171
D1_154_building,disk-lightglue-r2048-k16384,disk,lightglue,2048,16384,247,107_0005_0013.JPG,107_0005_0016.JPG,16384,16384,3101,2763,0.891002902289584,168.64013671875,0.359375,0.359375,0.9501977562904358,False,ok,0.48196149998693727
D1_154_building,disk-lightglue-r2048-k16384,disk,lightglue,2048,16384,248,107_0005_0013.JPG,107_0005_0017.JPG,16384,16384,1183,1045,0.8833474218089603,63.78173828125,0.171875,0.1875,0.8947739601135254,False,ok,0.4711300000199117
D1_154_building,disk-lightglue-r2048-k16384,disk,lightglue,2048,16384,249,107_0005_0013.JPG,107_0005_0018.JPG,16384,16384,15,8,0.5333333333333333,0.48828125,0.125,0.09375,0.1723657250404358,True,ok,0.48958540000603534
D1_154_building,disk-lightglue-r2048-k16384,disk,lightglue,2048,16384,250,107_0005_0013.JPG,107_0005_0019.JPG,16384,16384,16,8,0.5,0.48828125,0.109375,0.125,0.16617201268672943,True,ok,0.48545959999319166
D1_154_building,disk-lightglue-r2048-k16384,disk,lightglue,2048,16384,251,107_0005_0013.JPG,107_0005_0020.JPG,16384,16384,12,7,0.5833333333333334,0.42724609375,0.09375,0.109375,0.16170506179332733,True,ok,0.4734435999998823
D1_154_building,disk-lightglue-r2048-k16384,disk,lightglue,2048,16384,252,107_0005_0013.JPG,107_0005_0021.JPG,16384,16384,13,8,0.6153846153846154,0.48828125,0.125,0.09375,0.17206695675849915,True,ok,0.49935689999256283
D1_154_building,disk-lightglue-r2048-k16384,disk,lightglue,2048,16384,253,107_0005_0013.JPG,107_0005_0031.JPG,16384,16384,4,0,0.0,0.0,0.0,0.0,0.17825937271118164,True,too_few_matches,0.4931450999865774
D1_154_building,disk-lightglue-r2048-k16384,disk,lightglue,2048,16384,254,107_0005_0013.JPG,107_0005_0032.JPG,16384,16384,17,8,0.47058823529411764,0.48828125,0.109375,0.125,0.20685996115207672,True,ok,0.498525700008031
D1_154_building,disk-lightglue-r2048-k16384,disk,lightglue,2048,16384,255,107_0005_0013.JPG,107_0005_0033.JPG,16384,16384,13,7,0.5384615384615384,0.42724609375,0.09375,0.09375,0.1954652965068817,True,ok,0.48871609999332577
D1_154_building,disk-lightglue-r2048-k16384,disk,lightglue,2048,16384,256,107_0005_0013.JPG,107_0005_0114.JPG,16384,16384,21,8,0.38095238095238093,0.48828125,0.125,0.09375,0.17905990779399872,True,ok,0.49537859999691136
D1_154_building,disk-lightglue-r2048-k16384,disk,lightglue,2048,16384,257,107_0005_0013.JPG,107_0005_0115.JPG,16384,16384,32,9,0.28125,0.54931640625,0.140625,0.109375,0.21458029747009277,True,ok,0.4793797000020277
D1_154_building,disk-lightglue-r2048-k16384,disk,lightglue,2048,16384,258,107_0005_0013.JPG,107_0005_0116.JPG,16384,16384,32,10,0.3125,0.6103515625,0.125,0.09375,0.19576413929462433,True,ok,0.4916193000099156
D1_154_building,disk-lightglue-r2048-k16384,disk,lightglue,2048,16384,259,107_0005_0013.JPG,107_0005_0117.JPG,16384,16384,28,9,0.32142857142857145,0.54931640625,0.125,0.125,0.23868772387504578,True,ok,0.47340299998177215
D1_154_building,disk-lightglue-r2048-k16384,disk,lightglue,2048,16384,260,107_0005_0013.JPG,107_0005_0140.JPG,16384,16384,13,8,0.6153846153846154,0.48828125,0.125,0.125,0.15879151225090027,True,ok,0.4820968999993056
D1_154_building,disk-lightglue-r2048-k16384,disk,lightglue,2048,16384,261,107_0005_0013.JPG,107_0005_0141.JPG,16384,16384,14,7,0.5,0.42724609375,0.078125,0.09375,0.1811412274837494,True,ok,0.4900002999929711
D1_154_building,disk-lightglue-r2048-k16384,disk,lightglue,2048,16384,262,107_0005_0013.JPG,107_0005_0142.JPG,16384,16384,24,8,0.3333333333333333,0.48828125,0.109375,0.09375,0.21149767935276031,True,ok,0.496421099989675
D1_154_building,disk-lightglue-r2048-k16384,disk,lightglue,2048,16384,263,107_0005_0013.JPG,107_0005_0143.JPG,16384,16384,22,8,0.36363636363636365,0.48828125,0.09375,0.09375,0.21423138678073883,True,ok,0.4723222999891732
D1_154_building,disk-lightglue-r2048-k16384,disk,lightglue,2048,16384,264,107_0005_0014.JPG,107_0005_0015.JPG,16384,16384,9578,9088,0.9488410941741491,554.6875,0.75,0.796875,0.9733738303184509,False,ok,0.47881639999104664
D1_154_building,disk-lightglue-r2048-k16384,disk,lightglue,2048,16384,265,107_0005_0014.JPG,107_0005_0016.JPG,16384,16384,6259,5685,0.9082920594344145,346.98486328125,0.53125,0.53125,0.9659920930862427,False,ok,0.4538559000066016
D1_154_building,disk-lightglue-r2048-k16384,disk,lightglue,2048,16384,266,107_0005_0014.JPG,107_0005_0017.JPG,16384,16384,3628,3228,0.8897464167585446,197.021484375,0.390625,0.453125,0.9502277970314026,False,ok,0.4794230000115931
D1_154_building,disk-lightglue-r2048-k16384,disk,lightglue,2048,16384,267,107_0005_0014.JPG,107_0005_0018.JPG,16384,16384,1551,1387,0.8942617666021921,84.65576171875,0.171875,0.203125,0.9096359610557556,False,ok,0.456040099990787
D1_154_building,disk-lightglue-r2048-k16384,disk,lightglue,2048,16384,268,107_0005_0014.JPG,107_0005_0019.JPG,16384,16384,340,227,0.6676470588235294,13.85498046875,0.109375,0.109375,0.8123286366462708,False,ok,0.6301969999913126
D1_154_building,disk-lightglue-r2048-k16384,disk,lightglue,2048,16384,269,107_0005_0014.JPG,107_0005_0020.JPG,16384,16384,252,126,0.5,7.6904296875,0.0625,0.09375,0.6707268357276917,False,ok,0.6236519999802113
D1_154_building,disk-lightglue-r2048-k16384,disk,lightglue,2048,16384,270,107_0005_0014.JPG,107_0005_0021.JPG,16384,16384,220,120,0.5454545454545454,7.32421875,0.0625,0.078125,0.710198163986206,False,ok,0.6015597000077832
D1_154_building,disk-lightglue-r2048-k16384,disk,lightglue,2048,16384,271,107_0005_0014.JPG,107_0005_0022.JPG,16384,16384,267,154,0.5767790262172284,9.3994140625,0.046875,0.0625,0.7440007328987122,False,ok,0.6337779999885242
D1_154_building,disk-lightglue-r2048-k16384,disk,lightglue,2048,16384,272,107_0005_0014.JPG,107_0005_0031.JPG,16384,16384,7,0,0.0,0.0,0.0,0.0,0.15537531673908234,True,too_few_matches,0.4848583999846596
D1_154_building,disk-lightglue-r2048-k16384,disk,lightglue,2048,16384,273,107_0005_0014.JPG,107_0005_0032.JPG,16384,16384,17,8,0.47058823529411764,0.48828125,0.125,0.125,0.20338182151317596,True,ok,0.5009362999990117
D1_154_building,disk-lightglue-r2048-k16384,disk,lightglue,2048,16384,274,107_0005_0014.JPG,107_0005_0048.JPG,16384,16384,12,8,0.6666666666666666,0.48828125,0.109375,0.109375,0.15447846055030823,True,ok,0.4704073999891989
D1_154_building,disk-lightglue-r2048-k16384,disk,lightglue,2048,16384,275,107_0005_0014.JPG,107_0005_0049.JPG,16384,16384,9,7,0.7777777777777778,0.42724609375,0.109375,0.109375,0.151956707239151,True,ok,0.5034985999809578
D1_154_building,disk-lightglue-r2048-k16384,disk,lightglue,2048,16384,276,107_0005_0014.JPG,107_0005_0081.JPG,16384,16384,5272,4518,0.8569802731411229,275.7568359375,0.515625,0.546875,0.9667554497718811,False,ok,0.47049050001078285
D1_154_building,disk-lightglue-r2048-k16384,disk,lightglue,2048,16384,277,107_0005_0014.JPG,107_0005_0114.JPG,16384,16384,19,8,0.42105263157894735,0.48828125,0.109375,0.09375,0.21815703809261322,True,ok,0.4777126999979373
D1_154_building,disk-lightglue-r2048-k16384,disk,lightglue,2048,16384,278,107_0005_0014.JPG,107_0005_0115.JPG,16384,16384,26,9,0.34615384615384615,0.54931640625,0.109375,0.09375,0.20583407580852509,True,ok,0.48376219999045134
D1_154_building,disk-lightglue-r2048-k16384,disk,lightglue,2048,16384,279,107_0005_0014.JPG,107_0005_0116.JPG,16384,16384,21,8,0.38095238095238093,0.48828125,0.125,0.09375,0.1681641787290573,True,ok,0.4877878999977838
D1_154_building,disk-lightglue-r2048-k16384,disk,lightglue,2048,16384,280,107_0005_0014.JPG,107_0005_0142.JPG,16384,16384,48,9,0.1875,0.54931640625,0.125,0.09375,0.21896465122699738,True,ok,0.4840249999833759
D1_154_building,disk-lightglue-r2048-k16384,disk,lightglue,2048,16384,281,107_0005_0014.JPG,107_0005_0143.JPG,16384,16384,27,10,0.37037037037037035,0.6103515625,0.109375,0.09375,0.20875491201877594,True,ok,0.48804480000399053
D1_154_building,disk-lightglue-r2048-k16384,disk,lightglue,2048,16384,282,107_0005_0014.JPG,107_0005_0144.JPG,16384,16384,16,8,0.5,0.48828125,0.09375,0.125,0.1745830923318863,True,ok,0.4698511000024155
D1_154_building,disk-lightglue-r2048-k16384,disk,lightglue,2048,16384,283,107_0005_0015.JPG,107_0005_0016.JPG,16384,16384,10860,10287,0.9472375690607735,627.86865234375,0.75,0.796875,0.9679825305938721,False,ok,0.48144309999770485
D1_154_building,disk-lightglue-r2048-k16384,disk,lightglue,2048,16384,284,107_0005_0015.JPG,107_0005_0017.JPG,16384,16384,7515,6870,0.9141716566866267,419.3115234375,0.546875,0.609375,0.9668483138084412,False,ok,0.4664657000103034
D1_154_building,disk-lightglue-r2048-k16384,disk,lightglue,2048,16384,285,107_0005_0015.JPG,107_0005_0018.JPG,16384,16384,4812,4351,0.9041978387364921,265.56396484375,0.359375,0.453125,0.958468496799469,False,ok,0.4776871000067331
D1_154_building,disk-lightglue-r2048-k16384,disk,lightglue,2048,16384,286,107_0005_0015.JPG,107_0005_0019.JPG,16384,16384,2812,2532,0.9004267425320057,154.541015625,0.25,0.328125,0.9446811079978943,False,ok,0.45659239997621626
D1_154_building,disk-lightglue-r2048-k16384,disk,lightglue,2048,16384,287,107_0005_0015.JPG,107_0005_0020.JPG,16384,16384,2231,1926,0.863290004482295,117.5537109375,0.203125,0.3125,0.9342678189277649,False,ok,0.5005592000088654
D1_154_building,disk-lightglue-r2048-k16384,disk,lightglue,2048,16384,288,107_0005_0015.JPG,107_0005_0021.JPG,16384,16384,1999,1726,0.863431715857929,105.3466796875,0.203125,0.28125,0.9194269180297852,False,ok,0.45961540000280365
D1_154_building,disk-lightglue-r2048-k16384,disk,lightglue,2048,16384,289,107_0005_0015.JPG,107_0005_0022.JPG,16384,16384,1931,1659,0.8591403417918178,101.25732421875,0.21875,0.265625,0.9144435524940491,False,ok,0.50264980000793
D1_154_building,disk-lightglue-r2048-k16384,disk,lightglue,2048,16384,290,107_0005_0015.JPG,107_0005_0023.JPG,16384,16384,4100,3620,0.8829268292682927,220.947265625,0.296875,0.359375,0.9546000957489014,False,ok,0.47302370000397786
D1_154_building,disk-lightglue-r2048-k16384,disk,lightglue,2048,16384,291,107_0005_0015.JPG,107_0005_0047.JPG,16384,16384,9,7,0.7777777777777778,0.42724609375,0.078125,0.09375,0.19999513030052185,True,ok,0.46966049997718073
D1_154_building,disk-lightglue-r2048-k16384,disk,lightglue,2048,16384,292,107_0005_0015.JPG,107_0005_0048.JPG,16384,16384,8,7,0.875,0.42724609375,0.09375,0.09375,0.284527987241745,True,ok,0.4727551999967545
D1_154_building,disk-lightglue-r2048-k16384,disk,lightglue,2048,16384,293,107_0005_0015.JPG,107_0005_0049.JPG,16384,16384,9,7,0.7777777777777778,0.42724609375,0.078125,0.09375,0.19797952473163605,True,ok,0.48875250000855885
D1_154_building,disk-lightglue-r2048-k16384,disk,lightglue,2048,16384,294,107_0005_0015.JPG,107_0005_0080.JPG,16384,16384,4170,3613,0.8664268585131895,220.52001953125,0.515625,0.453125,0.9702711701393127,False,ok,0.4816798999963794
D1_154_building,disk-lightglue-r2048-k16384,disk,lightglue,2048,16384,295,107_0005_0015.JPG,107_0005_0081.JPG,16384,16384,2855,2726,0.954816112084063,166.3818359375,0.359375,0.375,0.9707342386245728,False,ok,0.46377609999035485
D1_154_building,disk-lightglue-r2048-k16384,disk,lightglue,2048,16384,296,107_0005_0015.JPG,107_0005_0111.JPG,16384,16384,27,9,0.3333333333333333,0.54931640625,0.125,0.078125,0.1726868748664856,True,ok,0.4904563000018243
D1_154_building,disk-lightglue-r2048-k16384,disk,lightglue,2048,16384,297,107_0005_0015.JPG,107_0005_0112.JPG,16384,16384,14,7,0.5,0.42724609375,0.09375,0.109375,0.2159876972436905,True,ok,0.4881777999980841
D1_154_building,disk-lightglue-r2048-k16384,disk,lightglue,2048,16384,298,107_0005_0015.JPG,107_0005_0113.JPG,16384,16384,15,8,0.5333333333333333,0.48828125,0.109375,0.125,0.17121267318725586,True,ok,0.4915698999830056
D1_154_building,disk-lightglue-r2048-k16384,disk,lightglue,2048,16384,299,107_0005_0015.JPG,107_0005_0114.JPG,16384,16384,15,8,0.5333333333333333,0.48828125,0.125,0.109375,0.1749480813741684,True,ok,0.49471359999733977
D1_154_building,disk-lightglue-r2048-k16384,disk,lightglue,2048,16384,300,107_0005_0015.JPG,107_0005_0143.JPG,16384,16384,25,9,0.36,0.54931640625,0.109375,0.09375,0.2323799878358841,True,ok,0.4857489000132773
D1_154_building,disk-lightglue-r2048-k16384,disk,lightglue,2048,16384,301,107_0005_0015.JPG,107_0005_0144.JPG,16384,16384,12,7,0.5833333333333334,0.42724609375,0.109375,0.09375,0.17495138943195343,True,ok,0.4773677999910433
D1_154_building,disk-lightglue-r2048-k16384,disk,lightglue,2048,16384,302,107_0005_0015.JPG,107_0005_0145.JPG,16384,16384,11,7,0.6363636363636364,0.42724609375,0.109375,0.109375,0.17483937740325928,True,ok,0.4767719999945257
D1_154_building,disk-lightglue-r2048-k16384,disk,lightglue,2048,16384,303,107_0005_0015.JPG,107_0005_0146.JPG,16384,16384,14,7,0.5,0.42724609375,0.09375,0.109375,0.18538805842399597,True,ok,0.4954349000181537
D1_154_building,disk-lightglue-r2048-k16384,disk,lightglue,2048,16384,304,107_0005_0016.JPG,107_0005_0017.JPG,16384,16384,11133,10608,0.9528428994880086,647.4609375,0.8125,0.84375,0.9722409844398499,False,ok,0.46784649998880923
D1_154_building,disk-lightglue-r2048-k16384,disk,lightglue,2048,16384,305,107_0005_0016.JPG,107_0005_0018.JPG,16384,16384,7867,7273,0.9244947247997967,443.90869140625,0.578125,0.578125,0.9714711308479309,False,ok,0.46257850000984035
D1_154_building,disk-lightglue-r2048-k16384,disk,lightglue,2048,16384,306,107_0005_0016.JPG,107_0005_0019.JPG,16384,16384,5381,4904,0.9113547667719755,299.31640625,0.46875,0.46875,0.9639055728912354,False,ok,0.4665134999959264
D1_154_building,disk-lightglue-r2048-k16384,disk,lightglue,2048,16384,307,107_0005_0016.JPG,107_0005_0020.JPG,16384,16384,4440,3946,0.8887387387387388,240.8447265625,0.421875,0.4375,0.9492290616035461,False,ok,0.4751068000041414
D1_154_building,disk-lightglue-r2048-k16384,disk,lightglue,2048,16384,308,107_0005_0016.JPG,107_0005_0021.JPG,16384,16384,3863,3378,0.8744499093968419,206.1767578125,0.375,0.375,0.9442121982574463,False,ok,0.4739304000104312
D1_154_building,disk-lightglue-r2048-k16384,disk,lightglue,2048,16384,309,107_0005_0016.JPG,107_0005_0022.JPG,16384,16384,3753,3277,0.8731681321609379,200.01220703125,0.375,0.375,0.9437251091003418,False,ok,0.46505480000632815
D1_154_building,disk-lightglue-r2048-k16384,disk,lightglue,2048,16384,310,107_0005_0016.JPG,107_0005_0023.JPG,16384,16384,6316,5753,0.9108613046231793,351.13525390625,0.484375,0.515625,0.9665371775627136,False,ok,0.48558910001884215
D1_154_building,disk-lightglue-r2048-k16384,disk,lightglue,2048,16384,311,107_0005_0016.JPG,107_0005_0024.JPG,16384,16384,8217,7706,0.9378118534745041,470.3369140625,0.59375,0.6875,0.9710659384727478,False,ok,0.45724849999533035
D1_154_building,disk-lightglue-r2048-k16384,disk,lightglue,2048,16384,312,107_0005_0016.JPG,107_0005_0047.JPG,16384,16384,18,8,0.4444444444444444,0.48828125,0.109375,0.125,0.20445269346237183,True,ok,0.4768421000044327
D1_154_building,disk-lightglue-r2048-k16384,disk,lightglue,2048,16384,313,107_0005_0016.JPG,107_0005_0048.JPG,16384,16384,6,0,0.0,0.0,0.0,0.0,0.1725318878889084,True,too_few_matches,0.46961949998512864
D1_154_building,disk-lightglue-r2048-k16384,disk,lightglue,2048,16384,314,107_0005_0016.JPG,107_0005_0049.JPG,16384,16384,9,7,0.7777777777777778,0.42724609375,0.109375,0.109375,0.172958642244339,True,ok,0.4787517999939155
D1_154_building,disk-lightglue-r2048-k16384,disk,lightglue,2048,16384,315,107_0005_0016.JPG,107_0005_0050.JPG,16384,16384,6,0,0.0,0.0,0.0,0.0,0.1258881539106369,True,too_few_matches,0.48053309999522753
D1_154_building,disk-lightglue-r2048-k16384,disk,lightglue,2048,16384,316,107_0005_0016.JPG,107_0005_0051.JPG,16384,16384,6,0,0.0,0.0,0.0,0.0,0.17366725206375122,True,too_few_matches,0.4786993000016082
D1_154_building,disk-lightglue-r2048-k16384,disk,lightglue,2048,16384,317,107_0005_0016.JPG,107_0005_0079.JPG,16384,16384,4511,3928,0.8707603635557526,239.74609375,0.515625,0.5,0.9629073739051819,False,ok,0.49303800001507625
D1_154_building,disk-lightglue-r2048-k16384,disk,lightglue,2048,16384,318,107_0005_0016.JPG,107_0005_0080.JPG,16384,16384,2587,2461,0.9512949362195593,150.20751953125,0.296875,0.34375,0.9598152041435242,False,ok,0.4633200999815017
D1_154_building,disk-lightglue-r2048-k16384,disk,lightglue,2048,16384,319,107_0005_0016.JPG,107_0005_0081.JPG,16384,16384,1186,1101,0.9283305227655987,67.19970703125,0.1875,0.203125,0.916771411895752,False,ok,0.4703025000053458
D1_154_building,disk-lightglue-r2048-k16384,disk,lightglue,2048,16384,320,107_0005_0016.JPG,107_0005_0112.JPG,16384,16384,20,8,0.4,0.48828125,0.125,0.078125,0.18301165103912354,True,ok,0.48708150000311434
D1_154_building,disk-lightglue-r2048-k16384,disk,lightglue,2048,16384,321,107_0005_0016.JPG,107_0005_0113.JPG,16384,16384,21,8,0.38095238095238093,0.48828125,0.125,0.109375,0.15278136730194092,True,ok,0.48456159999477677
D1_154_building,disk-lightglue-r2048-k16384,disk,lightglue,2048,16384,322,107_0005_0016.JPG,107_0005_0144.JPG,16384,16384,12,7,0.5833333333333334,0.42724609375,0.109375,0.109375,0.20488576591014862,True,ok,0.4824202999880072
D1_154_building,disk-lightglue-r2048-k16384,disk,lightglue,2048,16384,323,107_0005_0016.JPG,107_0005_0145.JPG,16384,16384,9,7,0.7777777777777778,0.42724609375,0.109375,0.109375,0.15153154730796814,True,ok,0.4774213999917265
D1_154_building,disk-lightglue-r2048-k16384,disk,lightglue,2048,16384,324,107_0005_0016.JPG,107_0005_0146.JPG,16384,16384,8,0,0.0,0.0,0.0,0.0,0.18016059696674347,True,no_model,0.4896448999934364
D1_154_building,disk-lightglue-r2048-k16384,disk,lightglue,2048,16384,325,107_0005_0017.JPG,107_0005_0018.JPG,16384,16384,11439,10994,0.961097998076755,671.0205078125,0.8125,0.828125,0.9742094874382019,False,ok,0.4745341000088956
D1_154_building,disk-lightglue-r2048-k16384,disk,lightglue,2048,16384,326,107_0005_0017.JPG,107_0005_0019.JPG,16384,16384,8680,8135,0.9372119815668203,496.52099609375,0.6875,0.703125,0.9715980291366577,False,ok,0.45847899999353103
D1_154_building,disk-lightglue-r2048-k16384,disk,lightglue,2048,16384,327,107_0005_0017.JPG,107_0005_0020.JPG,16384,16384,7325,6698,0.9144027303754266,408.8134765625,0.609375,0.65625,0.9663554430007935,False,ok,0.4801441000017803
D1_154_building,disk-lightglue-r2048-k16384,disk,lightglue,2048,16384,328,107_0005_0017.JPG,107_0005_0021.JPG,16384,16384,6133,5605,0.9139083645850318,342.10205078125,0.5625,0.5625,0.9579499959945679,False,ok,0.46067550001316704
D1_154_building,disk-lightglue-r2048-k16384,disk,lightglue,2048,16384,329,107_0005_0017.JPG,107_0005_0022.JPG,16384,16384,5971,5417,0.90721822140345,330.62744140625,0.53125,0.5625,0.9570006728172302,False,ok,0.472771400003694
D1_154_building,disk-lightglue-r2048-k16384,disk,lightglue,2048,16384,330,107_0005_0017.JPG,107_0005_0023.JPG,16384,16384,8576,8081,0.9422807835820896,493.22509765625,0.65625,0.703125,0.9680503606796265,False,ok,0.4776248999987729
D1_154_building,disk-lightglue-r2048-k16384,disk,lightglue,2048,16384,331,107_0005_0017.JPG,107_0005_0024.JPG,16384,16384,8574,8198,0.9561464893865174,500.3662109375,0.6875,0.6875,0.967945396900177,False,ok,0.4714535999810323
D1_154_building,disk-lightglue-r2048-k16384,disk,lightglue,2048,16384,332,107_0005_0017.JPG,107_0005_0025.JPG,16384,16384,6495,6164,0.9490377213240955,376.220703125,0.5,0.5,0.9657907485961914,False,ok,0.49750629998743534
D1_154_building,disk-lightglue-r2048-k16384,disk,lightglue,2048,16384,333,107_0005_0017.JPG,107_0005_0050.JPG,16384,16384,9,7,0.7777777777777778,0.42724609375,0.109375,0.078125,0.15226978063583374,True,ok,0.46851839998271316
D1_154_building,disk-lightglue-r2048-k16384,disk,lightglue,2048,16384,334,107_0005_0017.JPG,107_0005_0051.JPG,16384,16384,6,0,0.0,0.0,0.0,0.0,0.1445956975221634,True,too_few_matches,0.5031869999947958
D1_154_building,disk-lightglue-r2048-k16384,disk,lightglue,2048,16384,335,107_0005_0017.JPG,107_0005_0052.JPG,16384,16384,2,0,0.0,0.0,0.0,0.0,0.22049570083618164,True,too_few_matches,0.47673500000382774
D1_154_building,disk-lightglue-r2048-k16384,disk,lightglue,2048,16384,336,107_0005_0017.JPG,107_0005_0053.JPG,16384,16384,15,8,0.5333333333333333,0.48828125,0.109375,0.109375,0.20794273912906647,True,ok,0.4990072999789845
D1_154_building,disk-lightglue-r2048-k16384,disk,lightglue,2048,16384,337,107_0005_0017.JPG,107_0005_0078.JPG,16384,16384,5525,4909,0.8885067873303167,299.62158203125,0.546875,0.5,0.9648110270500183,False,ok,0.4934175999951549
D1_154_building,disk-lightglue-r2048-k16384,disk,lightglue,2048,16384,338,107_0005_0017.JPG,107_0005_0079.JPG,16384,16384,2724,2607,0.9570484581497798,159.11865234375,0.328125,0.359375,0.963317334651947,False,ok,0.4783453000127338
D1_154_building,disk-lightglue-r2048-k16384,disk,lightglue,2048,16384,339,107_0005_0017.JPG,107_0005_0095.JPG,16384,16384,5,0,0.0,0.0,0.0,0.0,0.17418745160102844,True,too_few_matches,0.4917989000095986
D1_154_building,disk-lightglue-r2048-k16384,disk,lightglue,2048,16384,340,107_0005_0017.JPG,107_0005_0096.JPG,16384,16384,16,8,0.5,0.48828125,0.125,0.125,0.2302110195159912,True,ok,0.4798191999725532
D1_154_building,disk-lightglue-r2048-k16384,disk,lightglue,2048,16384,341,107_0005_0017.JPG,107_0005_0097.JPG,16384,16384,19,8,0.42105263157894735,0.48828125,0.125,0.109375,0.1833966076374054,True,ok,0.49674119998235255
D1_154_building,disk-lightglue-r2048-k16384,disk,lightglue,2048,16384,342,107_0005_0017.JPG,107_0005_0145.JPG,16384,16384,13,7,0.5384615384615384,0.42724609375,0.109375,0.109375,0.15598025918006897,True,ok,0.4619347999978345
D1_154_building,disk-lightglue-r2048-k16384,disk,lightglue,2048,16384,343,107_0005_0018.JPG,107_0005_0019.JPG,16384,16384,12122,11741,0.9685695429797063,716.61376953125,0.796875,0.828125,0.9766637682914734,False,ok,0.48585120000643656
D1_154_building,disk-lightglue-r2048-k16384,disk,lightglue,2048,16384,344,107_0005_0018.JPG,107_0005_0020.JPG,16384,16384,10184,9660,0.9485467399842891,589.599609375,0.765625,0.765625,0.9760026931762695,False,ok,0.4226228000188712
D1_154_building,disk-lightglue-r2048-k16384,disk,lightglue,2048,16384,345,107_0005_0018.JPG,107_0005_0021.JPG,16384,16384,8312,7810,0.9396053897978826,476.6845703125,0.65625,0.65625,0.9625002145767212,False,ok,0.48153230000752956
D1_154_building,disk-lightglue-r2048-k16384,disk,lightglue,2048,16384,346,107_0005_0018.JPG,107_0005_0022.JPG,16384,16384,8091,7564,0.9348659003831418,461.669921875,0.65625,0.6875,0.9608595371246338,False,ok,0.4503489999915473
D1_154_building,disk-lightglue-r2048-k16384,disk,lightglue,2048,16384,347,107_0005_0018.JPG,107_0005_0023.JPG,16384,16384,8679,8316,0.9581749049429658,507.568359375,0.734375,0.703125,0.9668728113174438,False,ok,0.47331770000164397
D1_154_building,disk-lightglue-r2048-k16384,disk,lightglue,2048,16384,348,107_0005_0018.JPG,107_0005_0024.JPG,16384,16384,6801,6492,0.9545655050727834,396.240234375,0.53125,0.53125,0.9667360782623291,False,ok,0.45130109999445267
D1_154_building,disk-lightglue-r2048-k16384,disk,lightglue,2048,16384,349,107_0005_0018.JPG,107_0005_0025.JPG,16384,16384,4724,4395,0.9303556308213379,268.24951171875,0.421875,0.34375,0.9617370963096619,False,ok,0.48748839998734184
D1_154_building,disk-lightglue-r2048-k16384,disk,lightglue,2048,16384,350,107_0005_0018.JPG,107_0005_0026.JPG,16384,16384,2080,1901,0.9139423076923077,116.02783203125,0.234375,0.234375,0.9269229173660278,False,ok,0.45738010000786744
D1_154_building,disk-lightglue-r2048-k16384,disk,lightglue,2048,16384,351,107_0005_0018.JPG,107_0005_0051.JPG,16384,16384,6,0,0.0,0.0,0.0,0.0,0.313666969537735,True,too_few_matches,0.4943473000021186
D1_154_building,disk-lightglue-r2048-k16384,disk,lightglue,2048,16384,352,107_0005_0018.JPG,107_0005_0052.JPG,16384,16384,10,7,0.7,0.42724609375,0.109375,0.109375,0.23493847250938416,True,ok,0.49476019997382537
D1_154_building,disk-lightglue-r2048-k16384,disk,lightglue,2048,16384,353,107_0005_0018.JPG,107_0005_0053.JPG,16384,16384,22,9,0.4090909090909091,0.54931640625,0.140625,0.125,0.19659782946109772,True,ok,0.4988811999792233
D1_154_building,disk-lightglue-r2048-k16384,disk,lightglue,2048,16384,354,107_0005_0018.JPG,107_0005_0067.JPG,16384,16384,3710,3206,0.8641509433962264,195.6787109375,0.390625,0.34375,0.9534285068511963,False,ok,0.4810933999833651
D1_154_building,disk-lightglue-r2048-k16384,disk,lightglue,2048,16384,355,107_0005_0018.JPG,107_0005_0068.JPG,16384,16384,5979,5273,0.8819200535206556,321.83837890625,0.5,0.4375,0.9500806331634521,False,ok,0.4861263000057079
D1_154_building,disk-lightglue-r2048-k16384,disk,lightglue,2048,16384,356,107_0005_0018.JPG,107_0005_0076.JPG,16384,16384,8347,7487,0.8969689708877441,456.97021484375,0.6875,0.640625,0.9555943012237549,False,ok,0.4585369999986142
D1_154_building,disk-lightglue-r2048-k16384,disk,lightglue,2048,16384,357,107_0005_0018.JPG,107_0005_0077.JPG,16384,16384,6495,5901,0.9085450346420323,360.16845703125,0.59375,0.5,0.9727460741996765,False,ok,0.4858766000252217
D1_154_building,disk-lightglue-r2048-k16384,disk,lightglue,2048,16384,358,107_0005_0018.JPG,107_0005_0078.JPG,16384,16384,3774,3480,0.9220985691573926,212.40234375,0.375,0.359375,0.9696478843688965,False,ok,0.45404579999740236
D1_154_building,disk-lightglue-r2048-k16384,disk,lightglue,2048,16384,359,107_0005_0018.JPG,107_0005_0079.JPG,16384,16384,767,719,0.9374185136897001,43.88427734375,0.109375,0.15625,0.906606912612915,False,ok,0.5016273999935947
D1_154_building,disk-lightglue-r2048-k16384,disk,lightglue,2048,16384,360,107_0005_0018.JPG,107_0005_0094.JPG,16384,16384,17,8,0.47058823529411764,0.48828125,0.109375,0.125,0.15945163369178772,True,ok,0.46183459999156184
D1_154_building,disk-lightglue-r2048-k16384,disk,lightglue,2048,16384,361,107_0005_0018.JPG,107_0005_0095.JPG,16384,16384,9,7,0.7777777777777778,0.42724609375,0.09375,0.109375,0.16303877532482147,True,ok,0.509343900019303
D1_154_building,disk-lightglue-r2048-k16384,disk,lightglue,2048,16384,362,107_0005_0018.JPG,107_0005_0096.JPG,16384,16384,15,8,0.5333333333333333,0.48828125,0.109375,0.09375,0.1976766586303711,True,ok,0.4832041999907233
D1_154_building,disk-lightglue-r2048-k16384,disk,lightglue,2048,16384,363,107_0005_0018.JPG,107_0005_0097.JPG,16384,16384,23,9,0.391304347826087,0.54931640625,0.125,0.078125,0.16960124671459198,True,ok,0.5027095999976154
D1_154_building,disk-lightglue-r2048-k16384,disk,lightglue,2048,16384,364,107_0005_0019.JPG,107_0005_0020.JPG,16384,16384,11860,11568,0.9753794266441821,706.0546875,0.875,0.875,0.9744860529899597,False,ok,0.46205870000994764
D1_154_building,disk-lightglue-r2048-k16384,disk,lightglue,2048,16384,365,107_0005_0019.JPG,107_0005_0021.JPG,16384,16384,9456,9043,0.956324027072758,551.94091796875,0.75,0.75,0.9630868434906006,False,ok,0.4714982000004966
D1_154_building,disk-lightglue-r2048-k16384,disk,lightglue,2048,16384,366,107_0005_0019.JPG,107_0005_0022.JPG,16384,16384,9130,8693,0.9521358159912376,530.57861328125,0.75,0.75,0.9619996547698975,False,ok,0.4642478000023402
D1_154_building,disk-lightglue-r2048-k16384,disk,lightglue,2048,16384,367,107_0005_0019.JPG,107_0005_0023.JPG,16384,16384,7382,7040,0.9536710918450284,429.6875,0.640625,0.5625,0.964762270450592,False,ok,0.47093550002318807
D1_154_building,disk-lightglue-r2048-k16384,disk,lightglue,2048,16384,368,107_0005_0019.JPG,107_0005_0024.JPG,16384,16384,5305,5033,0.9487276154571159,307.18994140625,0.46875,0.453125,0.9615694880485535,False,ok,0.46406269998988137
D1_154_building,disk-lightglue-r2048-k16384,disk,lightglue,2048,16384,369,107_0005_0019.JPG,107_0005_0025.JPG,16384,16384,3315,3086,0.9309200603318251,188.3544921875,0.296875,0.28125,0.949970543384552,False,ok,0.473204000008991
D1_154_building,disk-lightglue-r2048-k16384,disk,lightglue,2048,16384,370,107_0005_0019.JPG,107_0005_0026.JPG,16384,16384,1133,1035,0.913503971756399,63.17138671875,0.1875,0.171875,0.8939899206161499,False,ok,0.47105950000695884
D1_154_building,disk-lightglue-r2048-k16384,disk,lightglue,2048,16384,371,107_0005_0019.JPG,107_0005_0027.JPG,16384,16384,14,8,0.5714285714285714,0.48828125,0.09375,0.109375,0.20917630195617676,True,ok,0.49085780000314116
D1_154_building,disk-lightglue-r2048-k16384,disk,lightglue,2048,16384,372,107_0005_0019.JPG,107_0005_0051.JPG,16384,16384,7,0,0.0,0.0,0.0,0.0,0.2918855845928192,True,too_few_matches,0.497732999996515
D1_154_building,disk-lightglue-r2048-k16384,disk,lightglue,2048,16384,373,107_0005_0019.JPG,107_0005_0052.JPG,16384,16384,12,8,0.6666666666666666,0.48828125,0.109375,0.125,0.19829057157039642,True,ok,0.4917591999983415
D1_154_building,disk-lightglue-r2048-k16384,disk,lightglue,2048,16384,374,107_0005_0019.JPG,107_0005_0053.JPG,16384,16384,17,8,0.47058823529411764,0.48828125,0.09375,0.09375,0.21638183295726776,True,ok,0.4980836000177078
D1_154_building,disk-lightglue-r2048-k16384,disk,lightglue,2048,16384,375,107_0005_0019.JPG,107_0005_0068.JPG,16384,16384,4308,3770,0.8751160631383472,230.1025390625,0.359375,0.328125,0.9592604637145996,False,ok,0.49221370002487674
D1_154_building,disk-lightglue-r2048-k16384,disk,lightglue,2048,16384,376,107_0005_0019.JPG,107_0005_0069.JPG,16384,16384,6564,5780,0.8805606337599025,352.783203125,0.609375,0.421875,0.9457271099090576,False,ok,0.4778408999845851
D1_154_building,disk-lightglue-r2048-k16384,disk,lightglue,2048,16384,377,107_0005_0019.JPG,107_0005_0070.JPG,16384,16384,8363,7298,0.872653354059548,445.4345703125,0.734375,0.515625,0.9423455595970154,False,ok,0.4486040000047069
D1_154_building,disk-lightglue-r2048-k16384,disk,lightglue,2048,16384,378,107_0005_0019.JPG,107_0005_0071.JPG,16384,16384,8809,7671,0.8708139402883415,468.20068359375,0.828125,0.609375,0.9200088977813721,False,ok,0.5008665999921504
D1_154_building,disk-lightglue-r2048-k16384,disk,lightglue,2048,16384,379,107_0005_0019.JPG,107_0005_0072.JPG,16384,16384,9612,8336,0.8672492717436537,508.7890625,0.9375,0.71875,0.9328813552856445,False,ok,0.49983919999795035
D1_154_building,disk-lightglue-r2048-k16384,disk,lightglue,2048,16384,380,107_0005_0019.JPG,107_0005_0075.JPG,16384,16384,8600,7611,0.885,464.53857421875,0.796875,0.671875,0.9489820003509521,False,ok,0.4713247999898158
D1_154_building,disk-lightglue-r2048-k16384,disk,lightglue,2048,16384,381,107_0005_0019.JPG,107_0005_0076.JPG,16384,16384,7168,6510,0.908203125,397.3388671875,0.609375,0.59375,0.9720656275749207,False,ok,0.49249330000020564
D1_154_building,disk-lightglue-r2048-k16384,disk,lightglue,2048,16384,382,107_0005_0019.JPG,107_0005_0077.JPG,16384,16384,4641,4161,0.8965740142210731,253.96728515625,0.421875,0.390625,0.979927659034729,False,ok,0.45528990001184866
D1_154_building,disk-lightglue-r2048-k16384,disk,lightglue,2048,16384,383,107_0005_0019.JPG,107_0005_0078.JPG,16384,16384,2014,1904,0.945382323733863,116.2109375,0.25,0.234375,0.9568943977355957,False,ok,0.4863337999850046
D1_154_building,disk-lightglue-r2048-k16384,disk,lightglue,2048,16384,384,107_0005_0019.JPG,107_0005_0093.JPG,16384,16384,7429,4178,0.5623906313097321,255.0048828125,0.6875,0.59375,0.8720590472221375,False,ok,0.909833499987144
D1_154_building,disk-lightglue-r2048-k16384,disk,lightglue,2048,16384,385,107_0005_0019.JPG,107_0005_0094.JPG,16384,16384,12,8,0.6666666666666666,0.48828125,0.125,0.125,0.20017625391483307,True,ok,0.4720753000001423
D1_154_building,disk-lightglue-r2048-k16384,disk,lightglue,2048,16384,386,107_0005_0019.JPG,107_0005_0095.JPG,16384,16384,8,0,0.0,0.0,0.0,0.0,0.16664797067642212,True,no_model,0.5071185999840964
D1_154_building,disk-lightglue-r2048-k16384,disk,lightglue,2048,16384,387,107_0005_0019.JPG,107_0005_0096.JPG,16384,16384,15,8,0.5333333333333333,0.48828125,0.109375,0.125,0.17182110249996185,True,ok,0.467778799997177
D1_154_building,disk-lightglue-r2048-k16384,disk,lightglue,2048,16384,388,107_0005_0019.JPG,107_0005_0097.JPG,16384,16384,20,9,0.45,0.54931640625,0.140625,0.109375,0.17913055419921875,True,ok,0.509255100012524
D1_154_building,disk-lightglue-r2048-k16384,disk,lightglue,2048,16384,389,107_0005_0020.JPG,107_0005_0021.JPG,16384,16384,11932,11654,0.976701307408649,711.3037109375,0.875,0.875,0.9781034588813782,False,ok,0.46258490000036545
D1_154_building,disk-lightglue-r2048-k16384,disk,lightglue,2048,16384,390,107_0005_0020.JPG,107_0005_0022.JPG,16384,16384,11537,11209,0.9715697321660743,684.14306640625,0.875,0.875,0.9759080410003662,False,ok,0.4770418999833055
D1_154_building,disk-lightglue-r2048-k16384,disk,lightglue,2048,16384,391,107_0005_0020.JPG,107_0005_0023.JPG,16384,16384,8709,8433,0.9683086462280399,514.70947265625,0.734375,0.71875,0.9746769070625305,False,ok,0.46281990001443774
D1_154_building,disk-lightglue-r2048-k16384,disk,lightglue,2048,16384,392,107_0005_0020.JPG,107_0005_0024.JPG,16384,16384,5922,5569,0.9403917595406958,339.90478515625,0.546875,0.53125,0.9602940678596497,False,ok,0.4737825999909546
D1_154_building,disk-lightglue-r2048-k16384,disk,lightglue,2048,16384,393,107_0005_0020.JPG,107_0005_0025.JPG,16384,16384,3523,3217,0.9131422083451604,196.35009765625,0.40625,0.328125,0.9348621964454651,False,ok,0.47501150000607595
D1_154_building,disk-lightglue-r2048-k16384,disk,lightglue,2048,16384,394,107_0005_0020.JPG,107_0005_0026.JPG,16384,16384,1220,1085,0.889344262295082,66.22314453125,0.234375,0.1875,0.8851132988929749,False,ok,0.46446849999483675
D1_154_building,disk-lightglue-r2048-k16384,disk,lightglue,2048,16384,395,107_0005_0020.JPG,107_0005_0027.JPG,16384,16384,12,8,0.6666666666666666,0.48828125,0.125,0.109375,0.2836449146270752,True,ok,0.49658559999079444
D1_154_building,disk-lightglue-r2048-k16384,disk,lightglue,2048,16384,396,107_0005_0020.JPG,107_0005_0028.JPG,16384,16384,11,7,0.6363636363636364,0.42724609375,0.109375,0.09375,0.19432474672794342,True,ok,0.47527029999764636
D1_154_building,disk-lightglue-r2048-k16384,disk,lightglue,2048,16384,397,107_0005_0020.JPG,107_0005_0075.JPG,16384,16384,8475,7762,0.9158702064896755,473.7548828125,0.859375,0.671875,0.9381774663925171,False,ok,0.5099918999767397
D1_154_building,disk-lightglue-r2048-k16384,disk,lightglue,2048,16384,398,107_0005_0020.JPG,107_0005_0076.JPG,16384,16384,6677,6195,0.9278118915680695,378.11279296875,0.609375,0.578125,0.9615931510925293,False,ok,0.47462290001567453
D1_154_building,disk-lightglue-r2048-k16384,disk,lightglue,2048,16384,399,107_0005_0020.JPG,107_0005_0077.JPG,16384,16384,4025,3371,0.8375155279503106,205.74951171875,0.421875,0.40625,0.9683833718299866,False,ok,0.4941087000188418
D1_154_building,disk-lightglue-r2048-k16384,disk,lightglue,2048,16384,400,107_0005_0020.JPG,107_0005_0078.JPG,16384,16384,1624,1490,0.9174876847290641,90.9423828125,0.234375,0.21875,0.9421248435974121,False,ok,0.46401480000349693
D1_154_building,disk-lightglue-r2048-k16384,disk,lightglue,2048,16384,401,107_0005_0020.JPG,107_0005_0087.JPG,16384,16384,2362,2181,0.9233700254022015,133.11767578125,0.3125,0.296875,0.9589632749557495,False,ok,0.48630320001393557
D1_154_building,disk-lightglue-r2048-k16384,disk,lightglue,2048,16384,402,107_0005_0020.JPG,107_0005_0088.JPG,16384,16384,4502,3957,0.8789426921368281,241.51611328125,0.421875,0.4375,0.9690431356430054,False,ok,0.4715954999846872
D1_154_building,disk-lightglue-r2048-k16384,disk,lightglue,2048,16384,403,107_0005_0020.JPG,107_0005_0089.JPG,16384,16384,6233,5377,0.862666452751484,328.18603515625,0.640625,0.5,0.9528846740722656,False,ok,0.4789118000189774
D1_154_building,disk-lightglue-r2048-k16384,disk,lightglue,2048,16384,404,107_0005_0020.JPG,107_0005_0093.JPG,16384,16384,6890,4785,0.6944847605224964,292.05322265625,0.734375,0.59375,0.8924557566642761,False,ok,0.7399817999976221
D1_154_building,disk-lightglue-r2048-k16384,disk,lightglue,2048,16384,405,107_0005_0020.JPG,107_0005_0094.JPG,16384,16384,10,7,0.7,0.42724609375,0.109375,0.09375,0.16177025437355042,True,ok,0.466391099995235
D1_154_building,disk-lightglue-r2048-k16384,disk,lightglue,2048,16384,406,107_0005_0020.JPG,107_0005_0095.JPG,16384,16384,5,0,0.0,0.0,0.0,0.0,0.12997731566429138,True,too_few_matches,0.511088999977801
D1_154_building,disk-lightglue-r2048-k16384,disk,lightglue,2048,16384,407,107_0005_0020.JPG,107_0005_0096.JPG,16384,16384,8,0,0.0,0.0,0.0,0.0,0.24250347912311554,True,no_model,0.47476139999344014
D1_154_building,disk-lightglue-r2048-k16384,disk,lightglue,2048,16384,408,107_0005_0020.JPG,107_0005_0097.JPG,16384,16384,7,0,0.0,0.0,0.0,0.0,0.15107037127017975,True,too_few_matches,0.4978440999984741
D1_154_building,disk-lightglue-r2048-k16384,disk,lightglue,2048,16384,409,107_0005_0020.JPG,107_0005_0098.JPG,16384,16384,7,0,0.0,0.0,0.0,0.0,0.15904107689857483,True,too_few_matches,0.49313340001390316
D1_154_building,disk-lightglue-r2048-k16384,disk,lightglue,2048,16384,410,107_0005_0021.JPG,107_0005_0022.JPG,16384,16384,13920,13745,0.9874281609195402,838.92822265625,1.0,1.0,0.9752459526062012,False,ok,0.4842854000162333
D1_154_building,disk-lightglue-r2048-k16384,disk,lightglue,2048,16384,411,107_0005_0021.JPG,107_0005_0023.JPG,16384,16384,10107,9705,0.9602255862273672,592.34619140625,0.859375,0.828125,0.9770526885986328,False,ok,0.4233315000019502
D1_154_building,disk-lightglue-r2048-k16384,disk,lightglue,2048,16384,412,107_0005_0021.JPG,107_0005_0024.JPG,16384,16384,6821,6346,0.9303621169916435,387.3291015625,0.625,0.609375,0.958575427532196,False,ok,0.5055581000051461
D1_154_building,disk-lightglue-r2048-k16384,disk,lightglue,2048,16384,413,107_0005_0021.JPG,107_0005_0025.JPG,16384,16384,3994,3546,0.8878317476214321,216.4306640625,0.5,0.390625,0.9274179935455322,False,ok,0.4509822000109125
D1_154_building,disk-lightglue-r2048-k16384,disk,lightglue,2048,16384,414,107_0005_0021.JPG,107_0005_0026.JPG,16384,16384,1438,1179,0.8198887343532685,71.96044921875,0.234375,0.21875,0.8639410138130188,False,ok,0.4893171000003349
D1_154_building,disk-lightglue-r2048-k16384,disk,lightglue,2048,16384,415,107_0005_0021.JPG,107_0005_0027.JPG,16384,16384,5,0,0.0,0.0,0.0,0.0,0.35044124722480774,True,too_few_matches,0.4660986000089906
D1_154_building,disk-lightglue-r2048-k16384,disk,lightglue,2048,16384,416,107_0005_0021.JPG,107_0005_0028.JPG,16384,16384,13,7,0.5384615384615384,0.42724609375,0.109375,0.09375,0.1618405431509018,True,ok,0.4749874999979511
D1_154_building,disk-lightglue-r2048-k16384,disk,lightglue,2048,16384,417,107_0005_0021.JPG,107_0005_0029.JPG,16384,16384,13,8,0.6153846153846154,0.48828125,0.125,0.125,0.17531165480613708,True,ok,0.4706450999947265
D1_154_building,disk-lightglue-r2048-k16384,disk,lightglue,2048,16384,418,107_0005_0021.JPG,107_0005_0076.JPG,16384,16384,5782,5293,0.9154271878242822,323.05908203125,0.53125,0.5,0.9525400400161743,False,ok,0.496651399997063
D1_154_building,disk-lightglue-r2048-k16384,disk,lightglue,2048,16384,419,107_0005_0021.JPG,107_0005_0077.JPG,16384,16384,3520,3111,0.8838068181818182,189.88037109375,0.390625,0.375,0.9544833302497864,False,ok,0.4825180000043474
D1_154_building,disk-lightglue-r2048-k16384,disk,lightglue,2048,16384,420,107_0005_0021.JPG,107_0005_0086.JPG,16384,16384,398,320,0.8040201005025126,19.53125,0.09375,0.109375,0.9280756711959839,False,ok,0.47495279999566264
D1_154_building,disk-lightglue-r2048-k16384,disk,lightglue,2048,16384,421,107_0005_0021.JPG,107_0005_0087.JPG,16384,16384,2967,2717,0.9157398045163465,165.83251953125,0.359375,0.359375,0.9660339951515198,False,ok,0.4770697000203654
D1_154_building,disk-lightglue-r2048-k16384,disk,lightglue,2048,16384,422,107_0005_0021.JPG,107_0005_0088.JPG,16384,16384,5456,4551,0.8341275659824047,277.77099609375,0.484375,0.453125,0.9715327620506287,False,ok,0.4743296999949962
D1_154_building,disk-lightglue-r2048-k16384,disk,lightglue,2048,16384,423,107_0005_0021.JPG,107_0005_0089.JPG,16384,16384,7258,6407,0.8827500688895012,391.05224609375,0.734375,0.5625,0.9571349620819092,False,ok,0.46818399999756366
D1_154_building,disk-lightglue-r2048-k16384,disk,lightglue,2048,16384,424,107_0005_0021.JPG,107_0005_0090.JPG,16384,16384,8098,6848,0.8456408989874042,417.96875,0.859375,0.6875,0.921222448348999,False,ok,0.46880820000660606
D1_154_building,disk-lightglue-r2048-k16384,disk,lightglue,2048,16384,425,107_0005_0021.JPG,107_0005_0091.JPG,16384,16384,8121,6786,0.8356113779091245,414.1845703125,0.984375,0.75,0.9221739768981934,False,ok,0.5205794000066817
D1_154_building,disk-lightglue-r2048-k16384,disk,lightglue,2048,16384,426,107_0005_0021.JPG,107_0005_0092.JPG,16384,16384,8336,7157,0.8585652591170825,436.82861328125,0.875,0.6875,0.9368613958358765,False,ok,0.48870839999290183
D1_154_building,disk-lightglue-r2048-k16384,disk,lightglue,2048,16384,427,107_0005_0021.JPG,107_0005_0093.JPG,16384,16384,5709,4528,0.7931336486249781,276.3671875,0.609375,0.515625,0.9053117632865906,False,ok,0.7978153000003658
D1_154_building,disk-lightglue-r2048-k16384,disk,lightglue,2048,16384,428,107_0005_0021.JPG,107_0005_0094.JPG,16384,16384,7,0,0.0,0.0,0.0,0.0,0.21267080307006836,True,too_few_matches,0.4721700999944005
D1_154_building,disk-lightglue-r2048-k16384,disk,lightglue,2048,16384,429,107_0005_0021.JPG,107_0005_0097.JPG,16384,16384,15,7,0.4666666666666667,0.42724609375,0.109375,0.109375,0.15122681856155396,True,ok,0.508969899994554
D1_154_building,disk-lightglue-r2048-k16384,disk,lightglue,2048,16384,430,107_0005_0021.JPG,107_0005_0098.JPG,16384,16384,9,7,0.7777777777777778,0.42724609375,0.109375,0.09375,0.2784644365310669,True,ok,0.4839405000093393
D1_154_building,disk-lightglue-r2048-k16384,disk,lightglue,2048,16384,431,107_0005_0021.JPG,107_0005_0099.JPG,16384,16384,12,7,0.5833333333333334,0.42724609375,0.109375,0.109375,0.19476597011089325,True,ok,0.5071494999865536
D1_154_building,disk-lightglue-r2048-k16384,disk,lightglue,2048,16384,432,107_0005_0022.JPG,107_0005_0023.JPG,16384,16384,10201,9713,0.9521615527889422,592.83447265625,0.828125,0.796875,0.9766406416893005,False,ok,0.47833830001764
D1_154_building,disk-lightglue-r2048-k16384,disk,lightglue,2048,16384,433,107_0005_0022.JPG,107_0005_0024.JPG,16384,16384,6803,6277,0.9226811700720271,383.11767578125,0.625,0.609375,0.956093430519104,False,ok,0.47042689999216236
D1_154_building,disk-lightglue-r2048-k16384,disk,lightglue,2048,16384,434,107_0005_0022.JPG,107_0005_0025.JPG,16384,16384,3983,3549,0.8910369068541301,216.61376953125,0.421875,0.375,0.9270724058151245,False,ok,0.4644253999867942
D1_154_building,disk-lightglue-r2048-k16384,disk,lightglue,2048,16384,435,107_0005_0022.JPG,107_0005_0026.JPG,16384,16384,1393,1211,0.8693467336683417,73.91357421875,0.25,0.21875,0.8703259229660034,False,ok,0.485779199982062
D1_154_building,disk-lightglue-r2048-k16384,disk,lightglue,2048,16384,436,107_0005_0022.JPG,107_0005_0027.JPG,16384,16384,12,7,0.5833333333333334,0.42724609375,0.109375,0.09375,0.18978464603424072,True,ok,0.4627639999962412
D1_154_building,disk-lightglue-r2048-k16384,disk,lightglue,2048,16384,437,107_0005_0022.JPG,107_0005_0028.JPG,16384,16384,10,7,0.7,0.42724609375,0.09375,0.09375,0.16962453722953796,True,ok,0.49832089999108575
D1_154_building,disk-lightglue-r2048-k16384,disk,lightglue,2048,16384,438,107_0005_0022.JPG,107_0005_0029.JPG,16384,16384,7,0,0.0,0.0,0.0,0.0,0.17400801181793213,True,too_few_matches,0.46908199999597855
D1_154_building,disk-lightglue-r2048-k16384,disk,lightglue,2048,16384,439,107_0005_0022.JPG,107_0005_0030.JPG,16384,16384,5,0,0.0,0.0,0.0,0.0,0.2230769842863083,True,too_few_matches,0.5074976999894716
D1_154_building,disk-lightglue-r2048-k16384,disk,lightglue,2048,16384,440,107_0005_0022.JPG,107_0005_0076.JPG,16384,16384,5667,4960,0.8752426327863067,302.734375,0.515625,0.453125,0.9561221599578857,False,ok,0.4678367000014987
D1_154_building,disk-lightglue-r2048-k16384,disk,lightglue,2048,16384,441,107_0005_0022.JPG,107_0005_0086.JPG,16384,16384,395,315,0.7974683544303798,19.22607421875,0.09375,0.109375,0.8850154280662537,False,ok,0.48538460000418127
D1_154_building,disk-lightglue-r2048-k16384,disk,lightglue,2048,16384,442,107_0005_0022.JPG,107_0005_0087.JPG,16384,16384,2964,2800,0.9446693657219973,170.8984375,0.359375,0.359375,0.9669480919837952,False,ok,0.4802719999861438
D1_154_building,disk-lightglue-r2048-k16384,disk,lightglue,2048,16384,443,107_0005_0022.JPG,107_0005_0088.JPG,16384,16384,5557,4761,0.8567572431167896,290.58837890625,0.484375,0.484375,0.973658561706543,False,ok,0.4656725999957416
D1_154_building,disk-lightglue-r2048-k16384,disk,lightglue,2048,16384,444,107_0005_0022.JPG,107_0005_0089.JPG,16384,16384,7410,6503,0.8775978407557355,396.91162109375,0.75,0.59375,0.9540748596191406,False,ok,0.46214779998990707
D1_154_building,disk-lightglue-r2048-k16384,disk,lightglue,2048,16384,445,107_0005_0022.JPG,107_0005_0090.JPG,16384,16384,8230,6992,0.8495747266099636,426.7578125,0.875,0.6875,0.9441933035850525,False,ok,0.4682434000133071
D1_154_building,disk-lightglue-r2048-k16384,disk,lightglue,2048,16384,446,107_0005_0022.JPG,107_0005_0091.JPG,16384,16384,8253,6891,0.8349691021446747,420.59326171875,1.0,0.765625,0.9191145300865173,False,ok,0.523093499999959
D1_154_building,disk-lightglue-r2048-k16384,disk,lightglue,2048,16384,447,107_0005_0022.JPG,107_0005_0092.JPG,16384,16384,8136,6929,0.8516470009832842,422.91259765625,0.84375,0.671875,0.918350338935852,False,ok,0.5327093999949284
D1_154_building,disk-lightglue-r2048-k16384,disk,lightglue,2048,16384,448,107_0005_0022.JPG,107_0005_0093.JPG,16384,16384,4330,3512,0.8110854503464203,214.35546875,0.46875,0.40625,0.8584690093994141,False,ok,0.9112212000181898
D1_154_building,disk-lightglue-r2048-k16384,disk,lightglue,2048,16384,449,107_0005_0022.JPG,107_0005_0094.JPG,16384,16384,9,7,0.7777777777777778,0.42724609375,0.109375,0.109375,0.16739922761917114,True,ok,0.48661810002522543
D1_154_building,disk-lightglue-r2048-k16384,disk,lightglue,2048,16384,450,107_0005_0022.JPG,107_0005_0097.JPG,16384,16384,13,8,0.6153846153846154,0.48828125,0.078125,0.109375,0.2133021354675293,True,ok,0.498924999992596
D1_154_building,disk-lightglue-r2048-k16384,disk,lightglue,2048,16384,451,107_0005_0022.JPG,107_0005_0098.JPG,16384,16384,17,8,0.47058823529411764,0.48828125,0.125,0.09375,0.28073227405548096,True,ok,0.5060256000142545
D1_154_building,disk-lightglue-r2048-k16384,disk,lightglue,2048,16384,452,107_0005_0022.JPG,107_0005_0099.JPG,16384,16384,19,8,0.42105263157894735,0.48828125,0.125,0.109375,0.1994759738445282,True,ok,0.49494079998112284
D1_154_building,disk-lightglue-r2048-k16384,disk,lightglue,2048,16384,453,107_0005_0023.JPG,107_0005_0024.JPG,16384,16384,10944,10516,0.9608918128654971,641.845703125,0.84375,0.8125,0.9785237312316895,False,ok,0.4769797000044491
D1_154_building,disk-lightglue-r2048-k16384,disk,lightglue,2048,16384,454,107_0005_0023.JPG,107_0005_0025.JPG,16384,16384,7470,6912,0.9253012048192771,421.875,0.5625,0.5625,0.9667375683784485,False,ok,0.492554199998267
D1_154_building,disk-lightglue-r2048-k16384,disk,lightglue,2048,16384,455,107_0005_0023.JPG,107_0005_0026.JPG,16384,16384,3968,3518,0.8865927419354839,214.7216796875,0.4375,0.390625,0.9270054697990417,False,ok,0.46776100000715815
D1_154_building,disk-lightglue-r2048-k16384,disk,lightglue,2048,16384,456,107_0005_0023.JPG,107_0005_0027.JPG,16384,16384,1186,1029,0.8676222596964587,62.80517578125,0.1875,0.15625,0.8683891892433167,False,ok,0.47274550001020543
D1_154_building,disk-lightglue-r2048-k16384,disk,lightglue,2048,16384,457,107_0005_0023.JPG,107_0005_0028.JPG,16384,16384,11,7,0.6363636363636364,0.42724609375,0.109375,0.109375,0.15214772522449493,True,ok,0.4742203000059817
D1_154_building,disk-lightglue-r2048-k16384,disk,lightglue,2048,16384,458,107_0005_0023.JPG,107_0005_0029.JPG,16384,16384,11,7,0.6363636363636364,0.42724609375,0.109375,0.09375,0.14728035032749176,True,ok,0.48813150002388284
D1_154_building,disk-lightglue-r2048-k16384,disk,lightglue,2048,16384,459,107_0005_0023.JPG,107_0005_0030.JPG,16384,16384,8,0,0.0,0.0,0.0,0.0,0.18682768940925598,True,no_model,0.48314419999951497
D1_154_building,disk-lightglue-r2048-k16384,disk,lightglue,2048,16384,460,107_0005_0023.JPG,107_0005_0031.JPG,16384,16384,7,0,0.0,0.0,0.0,0.0,0.14563362300395966,True,too_few_matches,0.49399760001688264
D1_154_building,disk-lightglue-r2048-k16384,disk,lightglue,2048,16384,461,107_0005_0023.JPG,107_0005_0078.JPG,16384,16384,3462,3017,0.8714615829000578,184.14306640625,0.359375,0.328125,0.9518383145332336,False,ok,0.4795463999907952
D1_154_building,disk-lightglue-r2048-k16384,disk,lightglue,2048,16384,462,107_0005_0023.JPG,107_0005_0085.JPG,16384,16384,543,480,0.8839779005524862,29.296875,0.09375,0.09375,0.9215129017829895,False,ok,0.47390270000323653
D1_154_building,disk-lightglue-r2048-k16384,disk,lightglue,2048,16384,463,107_0005_0023.JPG,107_0005_0086.JPG,16384,16384,2987,2843,0.9517910947438902,173.52294921875,0.296875,0.296875,0.9780762195587158,False,ok,0.4799553999910131
D1_154_building,disk-lightglue-r2048-k16384,disk,lightglue,2048,16384,464,107_0005_0023.JPG,107_0005_0087.JPG,16384,16384,5851,5214,0.8911297214151427,318.2373046875,0.46875,0.46875,0.9751955270767212,False,ok,0.467943199997535
D1_154_building,disk-lightglue-r2048-k16384,disk,lightglue,2048,16384,465,107_0005_0023.JPG,107_0005_0088.JPG,16384,16384,7643,6764,0.8849928038728249,412.841796875,0.6875,0.578125,0.9572087526321411,False,ok,0.47174169999198057
D1_154_building,disk-lightglue-r2048-k16384,disk,lightglue,2048,16384,466,107_0005_0023.JPG,107_0005_0097.JPG,16384,16384,16,8,0.5,0.48828125,0.109375,0.078125,0.16155576705932617,True,ok,0.47649689999525435
D1_154_building,disk-lightglue-r2048-k16384,disk,lightglue,2048,16384,467,107_0005_0023.JPG,107_0005_0098.JPG,16384,16384,9,7,0.7777777777777778,0.42724609375,0.09375,0.109375,0.23443320393562317,True,ok,0.4832907000090927
D1_154_building,disk-lightglue-r2048-k16384,disk,lightglue,2048,16384,468,107_0005_0023.JPG,107_0005_0099.JPG,16384,16384,9,7,0.7777777777777778,0.42724609375,0.109375,0.109375,0.16146163642406464,True,ok,0.4924413000117056
D1_154_building,disk-lightglue-r2048-k16384,disk,lightglue,2048,16384,469,107_0005_0023.JPG,107_0005_0100.JPG,16384,16384,11,7,0.6363636363636364,0.42724609375,0.09375,0.109375,0.15824271738529205,True,ok,0.4818253999983426
D1_154_building,disk-lightglue-r2048-k16384,disk,lightglue,2048,16384,470,107_0005_0024.JPG,107_0005_0025.JPG,16384,16384,11009,10545,0.957852666000545,643.61572265625,0.8125,0.78125,0.9765893816947937,False,ok,0.4984452000062447
D1_154_building,disk-lightglue-r2048-k16384,disk,lightglue,2048,16384,471,107_0005_0024.JPG,107_0005_0026.JPG,16384,16384,6910,6364,0.9209840810419682,388.427734375,0.5625,0.5625,0.9628628492355347,False,ok,0.4481339000049047
D1_154_building,disk-lightglue-r2048-k16384,disk,lightglue,2048,16384,472,107_0005_0024.JPG,107_0005_0027.JPG,16384,16384,3475,3143,0.9044604316546763,191.83349609375,0.359375,0.296875,0.9431624412536621,False,ok,0.5095140000048559
D1_154_building,disk-lightglue-r2048-k16384,disk,lightglue,2048,16384,473,107_0005_0024.JPG,107_0005_0028.JPG,16384,16384,1285,1149,0.8941634241245137,70.12939453125,0.1875,0.15625,0.914919376373291,False,ok,0.45147229998838156
D1_154_building,disk-lightglue-r2048-k16384,disk,lightglue,2048,16384,474,107_0005_0024.JPG,107_0005_0029.JPG,16384,16384,237,152,0.6413502109704642,9.27734375,0.078125,0.078125,0.7806495428085327,False,ok,0.662788499990711
D1_154_building,disk-lightglue-r2048-k16384,disk,lightglue,2048,16384,475,107_0005_0024.JPG,107_0005_0030.JPG,16384,16384,4,0,0.0,0.0,0.0,0.0,0.26093295216560364,True,too_few_matches,0.5203205000143498
D1_154_building,disk-lightglue-r2048-k16384,disk,lightglue,2048,16384,476,107_0005_0024.JPG,107_0005_0031.JPG,16384,16384,4,0,0.0,0.0,0.0,0.0,0.16698016226291656,True,too_few_matches,0.5212522999790963
D1_154_building,disk-lightglue-r2048-k16384,disk,lightglue,2048,16384,477,107_0005_0024.JPG,107_0005_0032.JPG,16384,16384,14,8,0.5714285714285714,0.48828125,0.109375,0.125,0.2697478234767914,True,ok,0.4689014000177849
D1_154_building,disk-lightglue-r2048-k16384,disk,lightglue,2048,16384,478,107_0005_0024.JPG,107_0005_0085.JPG,16384,16384,3044,2914,0.9572930354796321,177.8564453125,0.28125,0.28125,0.9757455587387085,False,ok,0.4953881000110414
D1_154_building,disk-lightglue-r2048-k16384,disk,lightglue,2048,16384,479,107_0005_0024.JPG,107_0005_0086.JPG,16384,16384,5290,4825,0.9120982986767486,294.49462890625,0.375,0.390625,0.9799889326095581,False,ok,0.46334630000637844
D1_154_building,disk-lightglue-r2048-k16384,disk,lightglue,2048,16384,480,107_0005_0024.JPG,107_0005_0087.JPG,16384,16384,7265,6404,0.8814865794907089,390.869140625,0.65625,0.578125,0.9552509188652039,False,ok,0.474686900008237
D1_154_building,disk-lightglue-r2048-k16384,disk,lightglue,2048,16384,481,107_0005_0024.JPG,107_0005_0097.JPG,16384,16384,12,8,0.6666666666666666,0.48828125,0.125,0.078125,0.15544991195201874,True,ok,0.47918809999828227
D1_154_building,disk-lightglue-r2048-k16384,disk,lightglue,2048,16384,482,107_0005_0024.JPG,107_0005_0098.JPG,16384,16384,11,7,0.6363636363636364,0.42724609375,0.078125,0.109375,0.23381681740283966,True,ok,0.49772159999702126
D1_154_building,disk-lightglue-r2048-k16384,disk,lightglue,2048,16384,483,107_0005_0024.JPG,107_0005_0099.JPG,16384,16384,13,8,0.6153846153846154,0.48828125,0.109375,0.109375,0.20201651751995087,True,ok,0.4874572000117041
D1_154_building,disk-lightglue-r2048-k16384,disk,lightglue,2048,16384,484,107_0005_0024.JPG,107_0005_0100.JPG,16384,16384,8,7,0.875,0.42724609375,0.109375,0.109375,0.1674707680940628,True,ok,0.49912950000725687
D1_154_building,disk-lightglue-r2048-k16384,disk,lightglue,2048,16384,485,107_0005_0024.JPG,107_0005_0109.JPG,16384,16384,7,0,0.0,0.0,0.0,0.0,0.25966620445251465,True,too_few_matches,0.48433900001691654
D1_154_building,disk-lightglue-r2048-k16384,disk,lightglue,2048,16384,486,107_0005_0024.JPG,107_0005_0110.JPG,16384,16384,13,8,0.6153846153846154,0.48828125,0.09375,0.09375,0.16670505702495575,True,ok,0.5029381999920588
D1_154_building,disk-lightglue-r2048-k16384,disk,lightglue,2048,16384,487,107_0005_0024.JPG,107_0005_0127.JPG,16384,16384,8,0,0.0,0.0,0.0,0.0,0.19287821650505066,True,no_model,0.4875506999960635
D1_154_building,disk-lightglue-r2048-k16384,disk,lightglue,2048,16384,488,107_0005_0024.JPG,107_0005_0128.JPG,16384,16384,11,7,0.6363636363636364,0.42724609375,0.09375,0.09375,0.2243441939353943,True,ok,0.46643000000040047
D1_154_building,disk-lightglue-r2048-k16384,disk,lightglue,2048,16384,489,107_0005_0025.JPG,107_0005_0026.JPG,16384,16384,10310,9791,0.9496605237633365,597.59521484375,0.734375,0.71875,0.9753222465515137,False,ok,0.4816722000250593
D1_154_building,disk-lightglue-r2048-k16384,disk,lightglue,2048,16384,490,107_0005_0025.JPG,107_0005_0027.JPG,16384,16384,6257,5810,0.92856001278568,354.6142578125,0.515625,0.546875,0.9705244302749634,False,ok,0.46700100001180544
D1_154_building,disk-lightglue-r2048-k16384,disk,lightglue,2048,16384,491,107_0005_0025.JPG,107_0005_0028.JPG,16384,16384,3424,3135,0.9155957943925234,191.34521484375,0.390625,0.296875,0.9571778774261475,False,ok,0.47110400002566166
D1_154_building,disk-lightglue-r2048-k16384,disk,lightglue,2048,16384,492,107_0005_0025.JPG,107_0005_0029.JPG,16384,16384,1877,1678,0.8939797549280767,102.4169921875,0.28125,0.1875,0.9293925166130066,False,ok,0.47892870000214316
D1_154_building,disk-lightglue-r2048-k16384,disk,lightglue,2048,16384,493,107_0005_0025.JPG,107_0005_0030.JPG,16384,16384,8,7,0.875,0.42724609375,0.09375,0.109375,0.21342861652374268,True,ok,0.4734259000106249
D1_154_building,disk-lightglue-r2048-k16384,disk,lightglue,2048,16384,494,107_0005_0025.JPG,107_0005_0031.JPG,16384,16384,8,0,0.0,0.0,0.0,0.0,0.15132193267345428,True,no_model,0.5093664000160061
D1_154_building,disk-lightglue-r2048-k16384,disk,lightglue,2048,16384,495,107_0005_0025.JPG,107_0005_0032.JPG,16384,16384,22,8,0.36363636363636365,0.48828125,0.109375,0.125,0.1888369619846344,True,ok,0.46111620002193376
D1_154_building,disk-lightglue-r2048-k16384,disk,lightglue,2048,16384,496,107_0005_0025.JPG,107_0005_0033.JPG,16384,16384,12,8,0.6666666666666666,0.48828125,0.09375,0.09375,0.17648862302303314,True,ok,0.4884940999909304
D1_154_building,disk-lightglue-r2048-k16384,disk,lightglue,2048,16384,497,107_0005_0025.JPG,107_0005_0082.JPG,16384,16384,2054,1907,0.9284323271665044,116.39404296875,0.203125,0.28125,0.9608584642410278,False,ok,0.47536650000256486
D1_154_building,disk-lightglue-r2048-k16384,disk,lightglue,2048,16384,498,107_0005_0025.JPG,107_0005_0083.JPG,16384,16384,2596,2482,0.9560862865947611,151.4892578125,0.265625,0.28125,0.9772725105285645,False,ok,0.45958200001041405
D1_154_building,disk-lightglue-r2048-k16384,disk,lightglue,2048,16384,499,107_0005_0025.JPG,107_0005_0084.JPG,16384,16384,2637,2535,0.9613196814562003,154.72412109375,0.265625,0.28125,0.9724681377410889,False,ok,0.4954827000037767
D1_154_building,disk-lightglue-r2048-k16384,disk,lightglue,2048,16384,500,107_0005_0025.JPG,107_0005_0085.JPG,16384,16384,5274,4832,0.9161926431551005,294.921875,0.375,0.375,0.9789575338363647,False,ok,0.4571674000180792
D1_154_building,disk-lightglue-r2048-k16384,disk,lightglue,2048,16384,501,107_0005_0025.JPG,107_0005_0086.JPG,16384,16384,6769,6044,0.8928940759344068,368.896484375,0.578125,0.484375,0.9637166261672974,False,ok,0.472999699995853
D1_154_building,disk-lightglue-r2048-k16384,disk,lightglue,2048,16384,502,107_0005_0025.JPG,107_0005_0108.JPG,16384,16384,6,0,0.0,0.0,0.0,0.0,0.20791886746883392,True,too_few_matches,0.44903650000924245
D1_154_building,disk-lightglue-r2048-k16384,disk,lightglue,2048,16384,503,107_0005_0025.JPG,107_0005_0109.JPG,16384,16384,10,7,0.7,0.42724609375,0.109375,0.09375,0.3007436692714691,True,ok,0.5036554000107571
D1_154_building,disk-lightglue-r2048-k16384,disk,lightglue,2048,16384,504,107_0005_0025.JPG,107_0005_0110.JPG,16384,16384,15,8,0.5333333333333333,0.48828125,0.125,0.109375,0.2285500168800354,True,ok,0.4766844999976456
D1_154_building,disk-lightglue-r2048-k16384,disk,lightglue,2048,16384,505,107_0005_0025.JPG,107_0005_0111.JPG,16384,16384,12,7,0.5833333333333334,0.42724609375,0.09375,0.109375,0.15604017674922943,True,ok,0.4993018000095617
D1_154_building,disk-lightglue-r2048-k16384,disk,lightglue,2048,16384,506,107_0005_0025.JPG,107_0005_0126.JPG,16384,16384,8,7,0.875,0.42724609375,0.09375,0.109375,0.16028033196926117,True,ok,0.4698199999984354
D1_154_building,disk-lightglue-r2048-k16384,disk,lightglue,2048,16384,507,107_0005_0025.JPG,107_0005_0127.JPG,16384,16384,8,7,0.875,0.42724609375,0.109375,0.09375,0.21847140789031982,True,ok,0.5004858000029344
D1_154_building,disk-lightglue-r2048-k16384,disk,lightglue,2048,16384,508,107_0005_0025.JPG,107_0005_0128.JPG,16384,16384,8,7,0.875,0.42724609375,0.109375,0.09375,0.2890069782733917,True,ok,0.4704455000173766
D1_154_building,disk-lightglue-r2048-k16384,disk,lightglue,2048,16384,509,107_0005_0025.JPG,107_0005_0129.JPG,16384,16384,8,0,0.0,0.0,0.0,0.0,0.24541620910167694,True,no_model,0.4879308000090532
D1_154_building,disk-lightglue-r2048-k16384,disk,lightglue,2048,16384,510,107_0005_0026.JPG,107_0005_0027.JPG,16384,16384,10257,9782,0.9536901628156381,597.0458984375,0.75,0.796875,0.9785942435264587,False,ok,0.46889119999832474
D1_154_building,disk-lightglue-r2048-k16384,disk,lightglue,2048,16384,511,107_0005_0026.JPG,107_0005_0028.JPG,16384,16384,6686,6181,0.9244690397846246,377.25830078125,0.53125,0.484375,0.9730914831161499,False,ok,0.4603491999732796
D1_154_building,disk-lightglue-r2048-k16384,disk,lightglue,2048,16384,512,107_0005_0026.JPG,107_0005_0029.JPG,16384,16384,4578,4150,0.9065093927479249,253.2958984375,0.4375,0.453125,0.9624236822128296,False,ok,0.48529700000653975
D1_154_building,disk-lightglue-r2048-k16384,disk,lightglue,2048,16384,513,107_0005_0026.JPG,107_0005_0030.JPG,16384,16384,9,7,0.7777777777777778,0.42724609375,0.078125,0.09375,0.19450901448726654,True,ok,0.456640399992466
D1_154_building,disk-lightglue-r2048-k16384,disk,lightglue,2048,16384,514,107_0005_0026.JPG,107_0005_0031.JPG,16384,16384,14,8,0.5714285714285714,0.48828125,0.09375,0.09375,0.1727040857076645,True,ok,0.513075700000627
D1_154_building,disk-lightglue-r2048-k16384,disk,lightglue,2048,16384,515,107_0005_0026.JPG,107_0005_0032.JPG,16384,16384,14,8,0.5714285714285714,0.48828125,0.109375,0.109375,0.23800301551818848,True,ok,0.45645630001672544
D1_154_building,disk-lightglue-r2048-k16384,disk,lightglue,2048,16384,516,107_0005_0026.JPG,107_0005_0033.JPG,16384,16384,13,7,0.5384615384615384,0.42724609375,0.09375,0.09375,0.22527281939983368,True,ok,0.5068796000268776
D1_154_building,disk-lightglue-r2048-k16384,disk,lightglue,2048,16384,517,107_0005_0026.JPG,107_0005_0034.JPG,16384,16384,13,7,0.5384615384615384,0.42724609375,0.109375,0.109375,0.15366032719612122,True,ok,0.4745427000161726
D1_154_building,disk-lightglue-r2048-k16384,disk,lightglue,2048,16384,518,107_0005_0026.JPG,107_0005_0082.JPG,16384,16384,4509,4177,0.9263694832557108,254.94384765625,0.40625,0.359375,0.9759426712989807,False,ok,0.47695770001155324
D1_154_building,disk-lightglue-r2048-k16384,disk,lightglue,2048,16384,519,107_0005_0026.JPG,107_0005_0083.JPG,16384,16384,5355,5014,0.9363211951447246,306.0302734375,0.40625,0.40625,0.9778274893760681,False,ok,0.46528740000212565
D1_154_building,disk-lightglue-r2048-k16384,disk,lightglue,2048,16384,520,107_0005_0026.JPG,107_0005_0084.JPG,16384,16384,5304,4970,0.9370286576168929,303.3447265625,0.40625,0.421875,0.9775558114051819,False,ok,0.4629631999996491
D1_154_building,disk-lightglue-r2048-k16384,disk,lightglue,2048,16384,521,107_0005_0026.JPG,107_0005_0109.JPG,16384,16384,9,7,0.7777777777777778,0.42724609375,0.109375,0.09375,0.2239747792482376,True,ok,0.4824005000118632
D1_154_building,disk-lightglue-r2048-k16384,disk,lightglue,2048,16384,522,107_0005_0026.JPG,107_0005_0110.JPG,16384,16384,20,8,0.4,0.48828125,0.109375,0.125,0.2116519659757614,True,ok,0.49837360001401976
D1_154_building,disk-lightglue-r2048-k16384,disk,lightglue,2048,16384,523,107_0005_0026.JPG,107_0005_0111.JPG,16384,16384,11,7,0.6363636363636364,0.42724609375,0.078125,0.09375,0.23263640701770782,True,ok,0.47686959998100065
D1_154_building,disk-lightglue-r2048-k16384,disk,lightglue,2048,16384,524,107_0005_0026.JPG,107_0005_0118.JPG,16384,16384,13,7,0.5384615384615384,0.42724609375,0.109375,0.09375,0.1549220085144043,True,ok,0.4979458999878261
D1_154_building,disk-lightglue-r2048-k16384,disk,lightglue,2048,16384,525,107_0005_0026.JPG,107_0005_0119.JPG,16384,16384,11,7,0.6363636363636364,0.42724609375,0.109375,0.109375,0.1986878365278244,True,ok,0.48191110001062043
D1_154_building,disk-lightglue-r2048-k16384,disk,lightglue,2048,16384,526,107_0005_0026.JPG,107_0005_0126.JPG,16384,16384,14,8,0.5714285714285714,0.48828125,0.109375,0.109375,0.17991937696933746,True,ok,0.48073970002587885
D1_154_building,disk-lightglue-r2048-k16384,disk,lightglue,2048,16384,527,107_0005_0026.JPG,107_0005_0127.JPG,16384,16384,12,7,0.5833333333333334,0.42724609375,0.109375,0.109375,0.258632630109787,True,ok,0.48256199999013916
D1_154_building,disk-lightglue-r2048-k16384,disk,lightglue,2048,16384,528,107_0005_0026.JPG,107_0005_0128.JPG,16384,16384,10,7,0.7,0.42724609375,0.109375,0.109375,0.16789917647838593,True,ok,0.4835614000039641
D1_154_building,disk-lightglue-r2048-k16384,disk,lightglue,2048,16384,529,107_0005_0026.JPG,107_0005_0129.JPG,16384,16384,11,7,0.6363636363636364,0.42724609375,0.09375,0.09375,0.19912810623645782,True,ok,0.48367590000270866
D1_154_building,disk-lightglue-r2048-k16384,disk,lightglue,2048,16384,530,107_0005_0026.JPG,107_0005_0130.JPG,16384,16384,14,8,0.5714285714285714,0.48828125,0.09375,0.109375,0.1866714060306549,True,ok,0.4803620000020601
D1_154_building,disk-lightglue-r2048-k16384,disk,lightglue,2048,16384,531,107_0005_0027.JPG,107_0005_0028.JPG,16384,16384,10822,10385,0.9596192940306782,633.85009765625,0.765625,0.734375,0.9800015091896057,False,ok,0.47944870000355877
D1_154_building,disk-lightglue-r2048-k16384,disk,lightglue,2048,16384,532,107_0005_0027.JPG,107_0005_0029.JPG,16384,16384,8280,7757,0.9368357487922705,473.44970703125,0.671875,0.703125,0.9754201769828796,False,ok,0.45290050000767224
D1_154_building,disk-lightglue-r2048-k16384,disk,lightglue,2048,16384,533,107_0005_0027.JPG,107_0005_0030.JPG,16384,16384,9,7,0.7777777777777778,0.42724609375,0.09375,0.109375,0.15923556685447693,True,ok,0.45446090001496486
D1_154_building,disk-lightglue-r2048-k16384,disk,lightglue,2048,16384,534,107_0005_0027.JPG,107_0005_0031.JPG,16384,16384,17,8,0.47058823529411764,0.48828125,0.109375,0.125,0.15789978206157684,True,ok,0.5085703000077046
D1_154_building,disk-lightglue-r2048-k16384,disk,lightglue,2048,16384,535,107_0005_0027.JPG,107_0005_0032.JPG,16384,16384,17,8,0.47058823529411764,0.48828125,0.125,0.125,0.24436292052268982,True,ok,0.47146450000582263
D1_154_building,disk-lightglue-r2048-k16384,disk,lightglue,2048,16384,536,107_0005_0027.JPG,107_0005_0033.JPG,16384,16384,11,7,0.6363636363636364,0.42724609375,0.09375,0.109375,0.20646677911281586,True,ok,0.500087300024461
D1_154_building,disk-lightglue-r2048-k16384,disk,lightglue,2048,16384,537,107_0005_0027.JPG,107_0005_0034.JPG,16384,16384,20,8,0.4,0.48828125,0.125,0.09375,0.2323388159275055,True,ok,0.49292269998113625
D1_154_building,disk-lightglue-r2048-k16384,disk,lightglue,2048,16384,538,107_0005_0027.JPG,107_0005_0035.JPG,16384,16384,17,8,0.47058823529411764,0.48828125,0.09375,0.09375,0.2333158254623413,True,ok,0.48050059998058714
D1_154_building,disk-lightglue-r2048-k16384,disk,lightglue,2048,16384,539,107_0005_0027.JPG,107_0005_0082.JPG,16384,16384,6748,6239,0.9245702430349734,380.79833984375,0.65625,0.515625,0.963019073009491,False,ok,0.48656089999713004
D1_154_building,disk-lightglue-r2048-k16384,disk,lightglue,2048,16384,540,107_0005_0027.JPG,107_0005_0083.JPG,16384,16384,7413,6727,0.9074598677998111,410.58349609375,0.671875,0.5625,0.9601191282272339,False,ok,0.4546342999965418
D1_154_building,disk-lightglue-r2048-k16384,disk,lightglue,2048,16384,541,107_0005_0027.JPG,107_0005_0084.JPG,16384,16384,7359,6603,0.8972686506318793,403.01513671875,0.65625,0.53125,0.961048424243927,False,ok,0.49471400000038557
D1_154_building,disk-lightglue-r2048-k16384,disk,lightglue,2048,16384,542,107_0005_0027.JPG,107_0005_0117.JPG,16384,16384,17,8,0.47058823529411764,0.48828125,0.09375,0.078125,0.18490643799304962,True,ok,0.4619090000051074
D1_154_building,disk-lightglue-r2048-k16384,disk,lightglue,2048,16384,543,107_0005_0027.JPG,107_0005_0118.JPG,16384,16384,19,8,0.42105263157894735,0.48828125,0.109375,0.109375,0.18950051069259644,True,ok,0.5081948999722954
D1_154_building,disk-lightglue-r2048-k16384,disk,lightglue,2048,16384,544,107_0005_0027.JPG,107_0005_0119.JPG,16384,16384,18,8,0.4444444444444444,0.48828125,0.125,0.125,0.1922844797372818,True,ok,0.471424899995327
D1_154_building,disk-lightglue-r2048-k16384,disk,lightglue,2048,16384,545,107_0005_0027.JPG,107_0005_0120.JPG,16384,16384,11,7,0.6363636363636364,0.42724609375,0.109375,0.109375,0.18876886367797852,True,ok,0.49623170000268146
D1_154_building,disk-lightglue-r2048-k16384,disk,lightglue,2048,16384,546,107_0005_0027.JPG,107_0005_0129.JPG,16384,16384,12,7,0.5833333333333334,0.42724609375,0.109375,0.078125,0.2253056913614273,True,ok,0.4659477000241168
D1_154_building,disk-lightglue-r2048-k16384,disk,lightglue,2048,16384,547,107_0005_0027.JPG,107_0005_0130.JPG,16384,16384,23,9,0.391304347826087,0.54931640625,0.125,0.125,0.1931474655866623,True,ok,0.4842286999919452
D1_154_building,disk-lightglue-r2048-k16384,disk,lightglue,2048,16384,548,107_0005_0027.JPG,107_0005_0131.JPG,16384,16384,20,8,0.4,0.48828125,0.109375,0.078125,0.2589627504348755,True,ok,0.4732938000233844
D1_154_building,disk-lightglue-r2048-k16384,disk,lightglue,2048,16384,549,107_0005_0027.JPG,107_0005_0132.JPG,16384,16384,16,8,0.5,0.48828125,0.09375,0.109375,0.22862838208675385,True,ok,0.4946689000062179
D1_154_building,disk-lightglue-r2048-k16384,disk,lightglue,2048,16384,550,107_0005_0028.JPG,107_0005_0029.JPG,16384,16384,12137,11802,0.9723984510175496,720.3369140625,0.78125,0.828125,0.9796670079231262,False,ok,0.4731702999852132
D1_154_building,disk-lightglue-r2048-k16384,disk,lightglue,2048,16384,551,107_0005_0028.JPG,107_0005_0030.JPG,16384,16384,8,7,0.875,0.42724609375,0.109375,0.109375,0.14588797092437744,True,ok,0.4579970999911893
D1_154_building,disk-lightglue-r2048-k16384,disk,lightglue,2048,16384,552,107_0005_0028.JPG,107_0005_0031.JPG,16384,16384,15,8,0.5333333333333333,0.48828125,0.109375,0.109375,0.1754480004310608,True,ok,0.4995354000129737
D1_154_building,disk-lightglue-r2048-k16384,disk,lightglue,2048,16384,553,107_0005_0028.JPG,107_0005_0032.JPG,16384,16384,11,7,0.6363636363636364,0.42724609375,0.109375,0.109375,0.23357082903385162,True,ok,0.4717176999838557
D1_154_building,disk-lightglue-r2048-k16384,disk,lightglue,2048,16384,554,107_0005_0028.JPG,107_0005_0033.JPG,16384,16384,9,7,0.7777777777777778,0.42724609375,0.09375,0.09375,0.2719425559043884,True,ok,0.49321620000409894
D1_154_building,disk-lightglue-r2048-k16384,disk,lightglue,2048,16384,555,107_0005_0028.JPG,107_0005_0034.JPG,16384,16384,16,8,0.5,0.48828125,0.09375,0.09375,0.20367181301116943,True,ok,0.4987910999916494
D1_154_building,disk-lightglue-r2048-k16384,disk,lightglue,2048,16384,556,107_0005_0028.JPG,107_0005_0035.JPG,16384,16384,12,7,0.5833333333333334,0.42724609375,0.109375,0.09375,0.19653789699077606,True,ok,0.4996116999827791
D1_154_building,disk-lightglue-r2048-k16384,disk,lightglue,2048,16384,557,107_0005_0028.JPG,107_0005_0036.JPG,16384,16384,19,8,0.42105263157894735,0.48828125,0.09375,0.109375,0.24302303791046143,True,ok,0.49111880001146346
D1_154_building,disk-lightglue-r2048-k16384,disk,lightglue,2048,16384,558,107_0005_0028.JPG,107_0005_0117.JPG,16384,16384,14,8,0.5714285714285714,0.48828125,0.125,0.09375,0.19411064684391022,True,ok,0.4896547999815084
D1_154_building,disk-lightglue-r2048-k16384,disk,lightglue,2048,16384,559,107_0005_0028.JPG,107_0005_0118.JPG,16384,16384,15,8,0.5333333333333333,0.48828125,0.125,0.09375,0.15589170157909393,True,ok,0.49669879997964017
D1_154_building,disk-lightglue-r2048-k16384,disk,lightglue,2048,16384,560,107_0005_0028.JPG,107_0005_0119.JPG,16384,16384,11,7,0.6363636363636364,0.42724609375,0.109375,0.109375,0.173631489276886,True,ok,0.48426389999804087
D1_154_building,disk-lightglue-r2048-k16384,disk,lightglue,2048,16384,561,107_0005_0028.JPG,107_0005_0120.JPG,16384,16384,12,7,0.5833333333333334,0.42724609375,0.09375,0.109375,0.19566166400909424,True,ok,0.499026400008006
D1_154_building,disk-lightglue-r2048-k16384,disk,lightglue,2048,16384,562,107_0005_0028.JPG,107_0005_0129.JPG,16384,16384,9,7,0.7777777777777778,0.42724609375,0.09375,0.109375,0.22353847324848175,True,ok,0.4720253999985289
D1_154_building,disk-lightglue-r2048-k16384,disk,lightglue,2048,16384,563,107_0005_0028.JPG,107_0005_0130.JPG,16384,16384,19,8,0.42105263157894735,0.48828125,0.125,0.125,0.2168915867805481,True,ok,0.5047230999916792
D1_154_building,disk-lightglue-r2048-k16384,disk,lightglue,2048,16384,564,107_0005_0028.JPG,107_0005_0131.JPG,16384,16384,18,8,0.4444444444444444,0.48828125,0.125,0.109375,0.2255750298500061,True,ok,0.4835890000103973
D1_154_building,disk-lightglue-r2048-k16384,disk,lightglue,2048,16384,565,107_0005_0028.JPG,107_0005_0132.JPG,16384,16384,16,8,0.5,0.48828125,0.09375,0.109375,0.21330884099006653,True,ok,0.4779902000154834
D1_154_building,disk-lightglue-r2048-k16384,disk,lightglue,2048,16384,566,107_0005_0028.JPG,107_0005_0133.JPG,16384,16384,10,7,0.7,0.42724609375,0.109375,0.109375,0.16858282685279846,True,ok,0.49019540002336726
D1_154_building,disk-lightglue-r2048-k16384,disk,lightglue,2048,16384,567,107_0005_0028.JPG,107_0005_0134.JPG,16384,16384,8,7,0.875,0.42724609375,0.109375,0.09375,0.21188893914222717,True,ok,0.49270390000310726
D1_154_building,disk-lightglue-r2048-k16384,disk,lightglue,2048,16384,568,107_0005_0028.JPG,107_0005_0135.JPG,16384,16384,11,8,0.7272727272727273,0.48828125,0.09375,0.109375,0.22833293676376343,True,ok,0.47609829998691566
D1_154_building,disk-lightglue-r2048-k16384,disk,lightglue,2048,16384,569,107_0005_0029.JPG,107_0005_0030.JPG,16384,16384,8,7,0.875,0.42724609375,0.109375,0.09375,0.1794876754283905,True,ok,0.49645269999746233
D1_154_building,disk-lightglue-r2048-k16384,disk,lightglue,2048,16384,570,107_0005_0029.JPG,107_0005_0031.JPG,16384,16384,9,7,0.7777777777777778,0.42724609375,0.09375,0.109375,0.19047336280345917,True,ok,0.49146879999898374
D1_154_building,disk-lightglue-r2048-k16384,disk,lightglue,2048,16384,571,107_0005_0029.JPG,107_0005_0032.JPG,16384,16384,11,7,0.6363636363636364,0.42724609375,0.09375,0.109375,0.17254355549812317,True,ok,0.4785946999909356
D1_154_building,disk-lightglue-r2048-k16384,disk,lightglue,2048,16384,572,107_0005_0029.JPG,107_0005_0033.JPG,16384,16384,6,0,0.0,0.0,0.0,0.0,0.28201016783714294,True,too_few_matches,0.47999419999541715
D1_154_building,disk-lightglue-r2048-k16384,disk,lightglue,2048,16384,573,107_0005_0029.JPG,107_0005_0034.JPG,16384,16384,6,0,0.0,0.0,0.0,0.0,0.20913970470428467,True,too_few_matches,0.4965066000004299
D1_154_building,disk-lightglue-r2048-k16384,disk,lightglue,2048,16384,574,107_0005_0029.JPG,107_0005_0035.JPG,16384,16384,14,8,0.5714285714285714,0.48828125,0.125,0.125,0.21220596134662628,True,ok,0.47591409998130985
D1_154_building,disk-lightglue-r2048-k16384,disk,lightglue,2048,16384,575,107_0005_0029.JPG,107_0005_0036.JPG,16384,16384,19,9,0.47368421052631576,0.54931640625,0.078125,0.078125,0.1697535216808319,True,ok,0.4973945000092499
D1_154_building,disk-lightglue-r2048-k16384,disk,lightglue,2048,16384,576,107_0005_0029.JPG,107_0005_0037.JPG,16384,16384,17,8,0.47058823529411764,0.48828125,0.125,0.109375,0.20593038201332092,True,ok,0.4728676999802701
D1_154_building,disk-lightglue-r2048-k16384,disk,lightglue,2048,16384,577,107_0005_0029.JPG,107_0005_0117.JPG,16384,16384,25,9,0.36,0.54931640625,0.109375,0.09375,0.1604643315076828,True,ok,0.4927259999967646
D1_154_building,disk-lightglue-r2048-k16384,disk,lightglue,2048,16384,578,107_0005_0029.JPG,107_0005_0118.JPG,16384,16384,12,8,0.6666666666666666,0.48828125,0.109375,0.125,0.17730320990085602,True,ok,0.47101500001735985
D1_154_building,disk-lightglue-r2048-k16384,disk,lightglue,2048,16384,579,107_0005_0029.JPG,107_0005_0119.JPG,16384,16384,10,7,0.7,0.42724609375,0.078125,0.09375,0.19515180587768555,True,ok,0.5038434000161942
D1_154_building,disk-lightglue-r2048-k16384,disk,lightglue,2048,16384,580,107_0005_0029.JPG,107_0005_0130.JPG,16384,16384,22,8,0.36363636363636365,0.48828125,0.125,0.125,0.2515789568424225,True,ok,0.48000099998898804
D1_154_building,disk-lightglue-r2048-k16384,disk,lightglue,2048,16384,581,107_0005_0029.JPG,107_0005_0131.JPG,16384,16384,18,8,0.4444444444444444,0.48828125,0.125,0.125,0.2191726267337799,True,ok,0.49150750000262633
D1_154_building,disk-lightglue-r2048-k16384,disk,lightglue,2048,16384,582,107_0005_0029.JPG,107_0005_0132.JPG,16384,16384,13,7,0.5384615384615384,0.42724609375,0.109375,0.109375,0.20450089871883392,True,ok,0.47355019999668
D1_154_building,disk-lightglue-r2048-k16384,disk,lightglue,2048,16384,583,107_0005_0029.JPG,107_0005_0133.JPG,16384,16384,9,7,0.7777777777777778,0.42724609375,0.09375,0.109375,0.1738811731338501,True,ok,0.4977333999995608
D1_154_building,disk-lightglue-r2048-k16384,disk,lightglue,2048,16384,584,107_0005_0029.JPG,107_0005_0134.JPG,16384,16384,7,0,0.0,0.0,0.0,0.0,0.22907598316669464,True,too_few_matches,0.4785130000091158
D1_154_building,disk-lightglue-r2048-k16384,disk,lightglue,2048,16384,585,107_0005_0029.JPG,107_0005_0135.JPG,16384,16384,7,0,0.0,0.0,0.0,0.0,0.2183469980955124,True,too_few_matches,0.4782943000027444
D1_154_building,disk-lightglue-r2048-k16384,disk,lightglue,2048,16384,586,107_0005_0029.JPG,107_0005_0136.JPG,16384,16384,10,8,0.8,0.48828125,0.125,0.125,0.19742226600646973,True,ok,0.4833146000164561
D1_154_building,disk-lightglue-r2048-k16384,disk,lightglue,2048,16384,587,107_0005_0029.JPG,107_0005_0141.JPG,16384,16384,17,8,0.47058823529411764,0.48828125,0.125,0.125,0.16287006437778473,True,ok,0.49422200000844896
D1_154_building,disk-lightglue-r2048-k16384,disk,lightglue,2048,16384,588,107_0005_0030.JPG,107_0005_0031.JPG,16384,16384,7,0,0.0,0.0,0.0,0.0,0.194926455616951,True,too_few_matches,0.49325410000164993
D1_154_building,disk-lightglue-r2048-k16384,disk,lightglue,2048,16384,589,107_0005_0030.JPG,107_0005_0032.JPG,16384,16384,14,8,0.5714285714285714,0.48828125,0.125,0.125,0.17925141751766205,True,ok,0.49682709999615327
D1_154_building,disk-lightglue-r2048-k16384,disk,lightglue,2048,16384,590,107_0005_0030.JPG,107_0005_0033.JPG,16384,16384,13,8,0.6153846153846154,0.48828125,0.125,0.109375,0.1927323043346405,True,ok,0.4965174999961164
D1_154_building,disk-lightglue-r2048-k16384,disk,lightglue,2048,16384,591,107_0005_0030.JPG,107_0005_0034.JPG,16384,16384,27,10,0.37037037037037035,0.6103515625,0.109375,0.140625,0.21991395950317383,True,ok,0.495895300002303
D1_154_building,disk-lightglue-r2048-k16384,disk,lightglue,2048,16384,592,107_0005_0030.JPG,107_0005_0035.JPG,16384,16384,14,8,0.5714285714285714,0.48828125,0.109375,0.125,0.2751607894897461,True,ok,0.47466890001669526
D1_154_building,disk-lightglue-r2048-k16384,disk,lightglue,2048,16384,593,107_0005_0030.JPG,107_0005_0036.JPG,16384,16384,11,8,0.7272727272727273,0.48828125,0.109375,0.125,0.214705690741539,True,ok,0.5047591000038665
D1_154_building,disk-lightglue-r2048-k16384,disk,lightglue,2048,16384,594,107_0005_0030.JPG,107_0005_0037.JPG,16384,16384,17,8,0.47058823529411764,0.48828125,0.109375,0.109375,0.2111438810825348,True,ok,0.47836670000106096
D1_154_building,disk-lightglue-r2048-k16384,disk,lightglue,2048,16384,595,107_0005_0030.JPG,107_0005_0038.JPG,16384,16384,20,8,0.4,0.48828125,0.09375,0.109375,0.19718962907791138,True,ok,0.5034526000090409
D1_154_building,disk-lightglue-r2048-k16384,disk,lightglue,2048,16384,596,107_0005_0030.JPG,107_0005_0115.JPG,16384,16384,1714,1390,0.8109684947491248,84.8388671875,0.171875,0.15625,0.9014868140220642,False,ok,0.47108360001584515
D1_154_building,disk-lightglue-r2048-k16384,disk,lightglue,2048,16384,597,107_0005_0030.JPG,107_0005_0116.JPG,16384,16384,1615,1343,0.8315789473684211,81.97021484375,0.203125,0.1875,0.9174840450286865,False,ok,0.4995671999931801
D1_154_building,disk-lightglue-r2048-k16384,disk,lightglue,2048,16384,598,107_0005_0030.JPG,107_0005_0117.JPG,16384,16384,4186,3956,0.945054945054945,241.455078125,0.390625,0.34375,0.9562787413597107,False,ok,0.473803599976236
D1_154_building,disk-lightglue-r2048-k16384,disk,lightglue,2048,16384,599,107_0005_0030.JPG,107_0005_0118.JPG,16384,16384,6861,6146,0.8957877860370208,375.1220703125,0.609375,0.5,0.9438875317573547,False,ok,0.4931012000015471
D1_154_building,disk-lightglue-r2048-k16384,disk,lightglue,2048,16384,600,107_0005_0030.JPG,107_0005_0130.JPG,16384,16384,8,7,0.875,0.42724609375,0.109375,0.09375,0.15011157095432281,True,ok,0.4576181000156794
D1_154_building,disk-lightglue-r2048-k16384,disk,lightglue,2048,16384,601,107_0005_0030.JPG,107_0005_0131.JPG,16384,16384,7,0,0.0,0.0,0.0,0.0,0.18150560557842255,True,too_few_matches,0.5064908000058495
D1_154_building,disk-lightglue-r2048-k16384,disk,lightglue,2048,16384,602,107_0005_0030.JPG,107_0005_0132.JPG,16384,16384,5,0,0.0,0.0,0.0,0.0,0.22977390885353088,True,too_few_matches,0.4704714999825228
D1_154_building,disk-lightglue-r2048-k16384,disk,lightglue,2048,16384,603,107_0005_0030.JPG,107_0005_0133.JPG,16384,16384,7,0,0.0,0.0,0.0,0.0,0.14245855808258057,True,too_few_matches,0.5037561999924947
D1_154_building,disk-lightglue-r2048-k16384,disk,lightglue,2048,16384,604,107_0005_0030.JPG,107_0005_0134.JPG,16384,16384,14,8,0.5714285714285714,0.48828125,0.109375,0.125,0.15048860013484955,True,ok,0.47741079999832436
D1_154_building,disk-lightglue-r2048-k16384,disk,lightglue,2048,16384,605,107_0005_0030.JPG,107_0005_0135.JPG,16384,16384,16,8,0.5,0.48828125,0.125,0.125,0.16048108041286469,True,ok,0.4800391999888234
D1_154_building,disk-lightglue-r2048-k16384,disk,lightglue,2048,16384,606,107_0005_0030.JPG,107_0005_0140.JPG,16384,16384,15,7,0.4666666666666667,0.42724609375,0.109375,0.109375,0.20012634992599487,True,ok,0.4826560000074096
D1_154_building,disk-lightglue-r2048-k16384,disk,lightglue,2048,16384,607,107_0005_0030.JPG,107_0005_0141.JPG,16384,16384,17,8,0.47058823529411764,0.48828125,0.125,0.125,0.20966564118862152,True,ok,0.4866973999887705
D1_154_building,disk-lightglue-r2048-k16384,disk,lightglue,2048,16384,608,107_0005_0030.JPG,107_0005_0142.JPG,16384,16384,22,8,0.36363636363636365,0.48828125,0.125,0.109375,0.19690357148647308,True,ok,0.4789728999894578
D1_154_building,disk-lightglue-r2048-k16384,disk,lightglue,2048,16384,609,107_0005_0031.JPG,107_0005_0032.JPG,16384,16384,9,7,0.7777777777777778,0.42724609375,0.09375,0.09375,0.18226251006126404,True,ok,0.48543709999648854
D1_154_building,disk-lightglue-r2048-k16384,disk,lightglue,2048,16384,610,107_0005_0031.JPG,107_0005_0033.JPG,16384,16384,11,7,0.6363636363636364,0.42724609375,0.109375,0.09375,0.1773291677236557,True,ok,0.4929256000032183
D1_154_building,disk-lightglue-r2048-k16384,disk,lightglue,2048,16384,611,107_0005_0031.JPG,107_0005_0034.JPG,16384,16384,20,8,0.4,0.48828125,0.109375,0.078125,0.20979559421539307,True,ok,0.48447589998249896
D1_154_building,disk-lightglue-r2048-k16384,disk,lightglue,2048,16384,612,107_0005_0031.JPG,107_0005_0035.JPG,16384,16384,11,7,0.6363636363636364,0.42724609375,0.09375,0.109375,0.2075420320034027,True,ok,0.4869061000063084
D1_154_building,disk-lightglue-r2048-k16384,disk,lightglue,2048,16384,613,107_0005_0031.JPG,107_0005_0036.JPG,16384,16384,20,8,0.4,0.48828125,0.109375,0.125,0.2249586582183838,True,ok,0.4894092000031378
D1_154_building,disk-lightglue-r2048-k16384,disk,lightglue,2048,16384,614,107_0005_0031.JPG,107_0005_0037.JPG,16384,16384,20,8,0.4,0.48828125,0.125,0.125,0.17987802624702454,True,ok,0.48151869999128394
D1_154_building,disk-lightglue-r2048-k16384,disk,lightglue,2048,16384,615,107_0005_0031.JPG,107_0005_0038.JPG,16384,16384,18,8,0.4444444444444444,0.48828125,0.09375,0.109375,0.20002295076847076,True,ok,0.49307060000137426
D1_154_building,disk-lightglue-r2048-k16384,disk,lightglue,2048,16384,616,107_0005_0031.JPG,107_0005_0039.JPG,16384,16384,18,8,0.4444444444444444,0.48828125,0.125,0.125,0.20602644979953766,True,ok,0.4863547999993898
D1_154_building,disk-lightglue-r2048-k16384,disk,lightglue,2048,16384,617,107_0005_0031.JPG,107_0005_0115.JPG,16384,16384,15,8,0.5333333333333333,0.48828125,0.125,0.09375,0.218411386013031,True,ok,0.4866346000053454
D1_154_building,disk-lightglue-r2048-k16384,disk,lightglue,2048,16384,618,107_0005_0031.JPG,107_0005_0116.JPG,16384,16384,11,8,0.7272727272727273,0.48828125,0.125,0.09375,0.1661284863948822,True,ok,0.5007205000147223
D1_154_building,disk-lightglue-r2048-k16384,disk,lightglue,2048,16384,619,107_0005_0031.JPG,107_0005_0117.JPG,16384,16384,14,7,0.5,0.42724609375,0.09375,0.09375,0.19642722606658936,True,ok,0.4974780000047758
D1_154_building,disk-lightglue-r2048-k16384,disk,lightglue,2048,16384,620,107_0005_0031.JPG,107_0005_0131.JPG,16384,16384,2036,1692,0.831041257367387,103.271484375,0.296875,0.296875,0.887353241443634,False,ok,0.5450358999951277
D1_154_building,disk-lightglue-r2048-k16384,disk,lightglue,2048,16384,621,107_0005_0031.JPG,107_0005_0140.JPG,16384,16384,7188,4965,0.6907345575959933,303.03955078125,0.734375,0.65625,0.9188204407691956,False,ok,0.7040071000228636
D1_154_building,disk-lightglue-r2048-k16384,disk,lightglue,2048,16384,622,107_0005_0031.JPG,107_0005_0141.JPG,16384,16384,4313,3278,0.7600278228611176,200.0732421875,0.5625,0.453125,0.9233757257461548,False,ok,0.5494008999958169
D1_154_building,disk-lightglue-r2048-k16384,disk,lightglue,2048,16384,623,107_0005_0031.JPG,107_0005_0142.JPG,16384,16384,2100,1786,0.8504761904761905,109.0087890625,0.359375,0.34375,0.8266997933387756,False,ok,0.48088990000542253
D1_154_building,disk-lightglue-r2048-k16384,disk,lightglue,2048,16384,624,107_0005_0031.JPG,107_0005_0143.JPG,16384,16384,47,26,0.5531914893617021,1.5869140625,0.09375,0.109375,0.22095878422260284,False,ok,0.4754164000041783
D1_154_building,disk-lightglue-r2048-k16384,disk,lightglue,2048,16384,625,107_0005_0032.JPG,107_0005_0033.JPG,16384,16384,11191,10621,0.9490662139219015,648.25439453125,0.890625,0.6875,0.9782423377037048,False,ok,0.4917608000105247
D1_154_building,disk-lightglue-r2048-k16384,disk,lightglue,2048,16384,626,107_0005_0032.JPG,107_0005_0034.JPG,16384,16384,8406,7571,0.9006661908160838,462.09716796875,0.796875,0.578125,0.9640465378761292,False,ok,0.49061489998712204
D1_154_building,disk-lightglue-r2048-k16384,disk,lightglue,2048,16384,627,107_0005_0032.JPG,107_0005_0035.JPG,16384,16384,6047,5138,0.8496775260459732,313.5986328125,0.703125,0.4375,0.9367028474807739,False,ok,0.47851239997544326
D1_154_building,disk-lightglue-r2048-k16384,disk,lightglue,2048,16384,628,107_0005_0032.JPG,107_0005_0036.JPG,16384,16384,4001,3152,0.7878030492376906,192.3828125,0.578125,0.25,0.9121584296226501,False,ok,0.36763750002137385
D1_154_building,disk-lightglue-r2048-k16384,disk,lightglue,2048,16384,629,107_0005_0032.JPG,107_0005_0037.JPG,16384,16384,2277,1583,0.6952129995608256,96.61865234375,0.453125,0.15625,0.9012284278869629,False,ok,0.4423186000203714
D1_154_building,disk-lightglue-r2048-k16384,disk,lightglue,2048,16384,630,107_0005_0032.JPG,107_0005_0038.JPG,16384,16384,90,65,0.7222222222222222,3.96728515625,0.1875,0.09375,0.3304659426212311,False,ok,0.47470060002524406
D1_154_building,disk-lightglue-r2048-k16384,disk,lightglue,2048,16384,631,107_0005_0032.JPG,107_0005_0039.JPG,16384,16384,105,72,0.6857142857142857,4.39453125,0.171875,0.078125,0.3165144920349121,False,ok,0.4959870000020601
D1_154_building,disk-lightglue-r2048-k16384,disk,lightglue,2048,16384,632,107_0005_0032.JPG,107_0005_0040.JPG,16384,16384,157,104,0.6624203821656051,6.34765625,0.171875,0.0625,0.4007333517074585,False,ok,0.48581800001556985
D1_154_building,disk-lightglue-r2048-k16384,disk,lightglue,2048,16384,633,107_0005_0032.JPG,107_0005_0115.JPG,16384,16384,11,7,0.6363636363636364,0.42724609375,0.109375,0.109375,0.16738596558570862,True,ok,0.5075610000058077
D1_154_building,disk-lightglue-r2048-k16384,disk,lightglue,2048,16384,634,107_0005_0032.JPG,107_0005_0116.JPG,16384,16384,11,7,0.6363636363636364,0.42724609375,0.09375,0.09375,0.2047097086906433,True,ok,0.4931520000100136
D1_154_building,disk-lightglue-r2048-k16384,disk,lightglue,2048,16384,635,107_0005_0032.JPG,107_0005_0117.JPG,16384,16384,14,8,0.5714285714285714,0.48828125,0.109375,0.078125,0.1866624653339386,True,ok,0.4996324000239838
D1_154_building,disk-lightglue-r2048-k16384,disk,lightglue,2048,16384,636,107_0005_0032.JPG,107_0005_0140.JPG,16384,16384,15,8,0.5333333333333333,0.48828125,0.125,0.125,0.23115918040275574,True,ok,0.4911525000061374
D1_154_building,disk-lightglue-r2048-k16384,disk,lightglue,2048,16384,637,107_0005_0032.JPG,107_0005_0141.JPG,16384,16384,16,8,0.5,0.48828125,0.109375,0.109375,0.22780120372772217,True,ok,0.4937625000020489
D1_154_building,disk-lightglue-r2048-k16384,disk,lightglue,2048,16384,638,107_0005_0032.JPG,107_0005_0142.JPG,16384,16384,12,8,0.6666666666666666,0.48828125,0.09375,0.109375,0.15684989094734192,True,ok,0.4873455999768339
D1_154_building,disk-lightglue-r2048-k16384,disk,lightglue,2048,16384,639,107_0005_0032.JPG,107_0005_0143.JPG,16384,16384,18,8,0.4444444444444444,0.48828125,0.109375,0.125,0.18623033165931702,True,ok,0.497648599994136
D1_154_building,disk-lightglue-r2048-k16384,disk,lightglue,2048,16384,640,107_0005_0033.JPG,107_0005_0034.JPG,16384,16384,11696,11203,0.9578488372093024,683.77685546875,0.828125,0.703125,0.9794800877571106,False,ok,0.49269210000056773
D1_154_building,disk-lightglue-r2048-k16384,disk,lightglue,2048,16384,641,107_0005_0033.JPG,107_0005_0035.JPG,16384,16384,8669,7915,0.9130234167724074,483.09326171875,0.765625,0.53125,0.9671632051467896,False,ok,0.46077850001165643
D1_154_building,disk-lightglue-r2048-k16384,disk,lightglue,2048,16384,642,107_0005_0033.JPG,107_0005_0036.JPG,16384,16384,5869,5017,0.8548304651559039,306.21337890625,0.65625,0.421875,0.9379367828369141,False,ok,0.4969664999807719
D1_154_building,disk-lightglue-r2048-k16384,disk,lightglue,2048,16384,643,107_0005_0033.JPG,107_0005_0037.JPG,16384,16384,3717,2860,0.769437718590261,174.560546875,0.484375,0.25,0.9085529446601868,False,ok,0.34381660001236014
D1_154_building,disk-lightglue-r2048-k16384,disk,lightglue,2048,16384,644,107_0005_0033.JPG,107_0005_0038.JPG,16384,16384,1928,1334,0.691908713692946,81.4208984375,0.34375,0.140625,0.8811311721801758,False,ok,0.4717034000204876
D1_154_building,disk-lightglue-r2048-k16384,disk,lightglue,2048,16384,645,107_0005_0033.JPG,107_0005_0039.JPG,16384,16384,1999,1410,0.7053526763381691,86.0595703125,0.3125,0.140625,0.8798322677612305,False,ok,0.4605697999941185
D1_154_building,disk-lightglue-r2048-k16384,disk,lightglue,2048,16384,646,107_0005_0033.JPG,107_0005_0040.JPG,16384,16384,1948,1306,0.6704312114989733,79.7119140625,0.390625,0.140625,0.8793056607246399,False,ok,0.4722112999879755
D1_154_building,disk-lightglue-r2048-k16384,disk,lightglue,2048,16384,647,107_0005_0033.JPG,107_0005_0041.JPG,16384,16384,1746,1128,0.6460481099656358,68.84765625,0.328125,0.125,0.8542473316192627,False,ok,0.46082779997959733
D1_154_building,disk-lightglue-r2048-k16384,disk,lightglue,2048,16384,648,107_0005_0033.JPG,107_0005_0115.JPG,16384,16384,9,7,0.7777777777777778,0.42724609375,0.109375,0.109375,0.17789161205291748,True,ok,0.4876183000160381
D1_154_building,disk-lightglue-r2048-k16384,disk,lightglue,2048,16384,649,107_0005_0033.JPG,107_0005_0116.JPG,16384,16384,12,8,0.6666666666666666,0.48828125,0.125,0.09375,0.22534720599651337,True,ok,0.483679500001017
D1_154_building,disk-lightglue-r2048-k16384,disk,lightglue,2048,16384,650,107_0005_0033.JPG,107_0005_0141.JPG,16384,16384,23,8,0.34782608695652173,0.48828125,0.109375,0.09375,0.2541877031326294,True,ok,0.4974437999771908
D1_154_building,disk-lightglue-r2048-k16384,disk,lightglue,2048,16384,651,107_0005_0033.JPG,107_0005_0142.JPG,16384,16384,29,9,0.3103448275862069,0.54931640625,0.09375,0.078125,0.2509283423423767,True,ok,0.47446349999518134
D1_154_building,disk-lightglue-r2048-k16384,disk,lightglue,2048,16384,652,107_0005_0033.JPG,107_0005_0150.JPG,16384,16384,19,8,0.42105263157894735,0.48828125,0.09375,0.109375,0.21180270612239838,True,ok,0.4929139000014402
D1_154_building,disk-lightglue-r2048-k16384,disk,lightglue,2048,16384,653,107_0005_0033.JPG,107_0005_0151.JPG,16384,16384,22,8,0.36363636363636365,0.48828125,0.09375,0.109375,0.21742314100265503,True,ok,0.4811286000185646
D1_154_building,disk-lightglue-r2048-k16384,disk,lightglue,2048,16384,654,107_0005_0033.JPG,107_0005_0152.JPG,16384,16384,14,8,0.5714285714285714,0.48828125,0.125,0.09375,0.17674370110034943,True,ok,0.4835380000004079
D1_154_building,disk-lightglue-r2048-k16384,disk,lightglue,2048,16384,655,107_0005_0034.JPG,107_0005_0035.JPG,16384,16384,11569,11028,0.9532370991442648,673.095703125,0.921875,0.8125,0.9794970154762268,False,ok,0.4779765999992378
D1_154_building,disk-lightglue-r2048-k16384,disk,lightglue,2048,16384,656,107_0005_0034.JPG,107_0005_0036.JPG,16384,16384,8145,7384,0.9065684468999387,450.68359375,0.796875,0.578125,0.9671635031700134,False,ok,0.4809643999906257
D1_154_building,disk-lightglue-r2048-k16384,disk,lightglue,2048,16384,657,107_0005_0034.JPG,107_0005_0037.JPG,16384,16384,5524,4628,0.8377986965966691,282.470703125,0.625,0.453125,0.927262008190155,False,ok,0.4913749000115786
D1_154_building,disk-lightglue-r2048-k16384,disk,lightglue,2048,16384,658,107_0005_0034.JPG,107_0005_0038.JPG,16384,16384,3522,2705,0.7680295286768881,165.10009765625,0.53125,0.296875,0.898468017578125,False,ok,0.34851730000809766
D1_154_building,disk-lightglue-r2048-k16384,disk,lightglue,2048,16384,659,107_0005_0034.JPG,107_0005_0039.JPG,16384,16384,3602,2777,0.7709605774569683,169.49462890625,0.53125,0.328125,0.8971892595291138,False,ok,0.365986899996642
D1_154_building,disk-lightglue-r2048-k16384,disk,lightglue,2048,16384,660,107_0005_0034.JPG,107_0005_0040.JPG,16384,16384,3464,2481,0.7162240184757506,151.42822265625,0.484375,0.265625,0.8892368674278259,False,ok,0.37977800000226125
D1_154_building,disk-lightglue-r2048-k16384,disk,lightglue,2048,16384,661,107_0005_0034.JPG,107_0005_0041.JPG,16384,16384,2800,2015,0.7196428571428571,122.98583984375,0.46875,0.234375,0.858795166015625,False,ok,0.4147328000108246
D1_154_building,disk-lightglue-r2048-k16384,disk,lightglue,2048,16384,662,107_0005_0034.JPG,107_0005_0042.JPG,16384,16384,2765,1960,0.7088607594936709,119.62890625,0.421875,0.21875,0.8558585047721863,False,ok,0.4417753999878187
D1_154_building,disk-lightglue-r2048-k16384,disk,lightglue,2048,16384,663,107_0005_0034.JPG,107_0005_0064.JPG,16384,16384,23,8,0.34782608695652173,0.48828125,0.125,0.109375,0.18514375388622284,True,ok,0.47438810000312515
D1_154_building,disk-lightglue-r2048-k16384,disk,lightglue,2048,16384,664,107_0005_0034.JPG,107_0005_0149.JPG,16384,16384,17,8,0.47058823529411764,0.48828125,0.125,0.09375,0.21025337278842926,True,ok,0.49006959999678656
D1_154_building,disk-lightglue-r2048-k16384,disk,lightglue,2048,16384,665,107_0005_0034.JPG,107_0005_0150.JPG,16384,16384,19,8,0.42105263157894735,0.48828125,0.09375,0.125,0.16228610277175903,True,ok,0.4807044999906793
D1_154_building,disk-lightglue-r2048-k16384,disk,lightglue,2048,16384,666,107_0005_0034.JPG,107_0005_0151.JPG,16384,16384,23,8,0.34782608695652173,0.48828125,0.078125,0.125,0.23112282156944275,True,ok,0.4967556999763474
D1_154_building,disk-lightglue-r2048-k16384,disk,lightglue,2048,16384,667,107_0005_0034.JPG,107_0005_0152.JPG,16384,16384,19,9,0.47368421052631576,0.54931640625,0.109375,0.140625,0.24368853867053986,True,ok,0.47924720001174137
D1_154_building,disk-lightglue-r2048-k16384,disk,lightglue,2048,16384,668,107_0005_0034.JPG,107_0005_0153.JPG,16384,16384,14,8,0.5714285714285714,0.48828125,0.09375,0.109375,0.257168173789978,True,ok,0.4982589999854099
D1_154_building,disk-lightglue-r2048-k16384,disk,lightglue,2048,16384,669,107_0005_0035.JPG,107_0005_0036.JPG,16384,16384,11093,10594,0.9550166771838096,646.6064453125,0.9375,0.8125,0.9787436127662659,False,ok,0.49635059997672215
D1_154_building,disk-lightglue-r2048-k16384,disk,lightglue,2048,16384,670,107_0005_0035.JPG,107_0005_0037.JPG,16384,16384,7941,7129,0.8977458758342778,435.11962890625,0.8125,0.625,0.9626891613006592,False,ok,0.4866489999985788
D1_154_building,disk-lightglue-r2048-k16384,disk,lightglue,2048,16384,671,107_0005_0035.JPG,107_0005_0038.JPG,16384,16384,5551,4702,0.8470545847595028,286.9873046875,0.6875,0.453125,0.9257400631904602,False,ok,0.48562210000818595
D1_154_building,disk-lightglue-r2048-k16384,disk,lightglue,2048,16384,672,107_0005_0035.JPG,107_0005_0039.JPG,16384,16384,5591,4722,0.8445716329815776,288.2080078125,0.6875,0.453125,0.9294611215591431,False,ok,0.4676206999865826
D1_154_building,disk-lightglue-r2048-k16384,disk,lightglue,2048,16384,673,107_0005_0035.JPG,107_0005_0040.JPG,16384,16384,5370,4223,0.7864059590316573,257.75146484375,0.671875,0.40625,0.9154347777366638,False,ok,0.48736729999654926
D1_154_building,disk-lightglue-r2048-k16384,disk,lightglue,2048,16384,674,107_0005_0035.JPG,107_0005_0041.JPG,16384,16384,4312,3318,0.7694805194805194,202.5146484375,0.59375,0.34375,0.9247990846633911,False,ok,0.344848099979572
D1_154_building,disk-lightglue-r2048-k16384,disk,lightglue,2048,16384,675,107_0005_0035.JPG,107_0005_0042.JPG,16384,16384,4316,3288,0.7618164967562558,200.68359375,0.59375,0.328125,0.923075795173645,False,ok,0.3651867000153288
D1_154_building,disk-lightglue-r2048-k16384,disk,lightglue,2048,16384,676,107_0005_0035.JPG,107_0005_0043.JPG,16384,16384,6220,5420,0.8713826366559485,330.810546875,0.671875,0.515625,0.9410687685012817,False,ok,0.4854191000049468
D1_154_building,disk-lightglue-r2048-k16384,disk,lightglue,2048,16384,677,107_0005_0035.JPG,107_0005_0149.JPG,16384,16384,23,9,0.391304347826087,0.54931640625,0.125,0.125,0.16940084099769592,True,ok,0.48915629999828525
D1_154_building,disk-lightglue-r2048-k16384,disk,lightglue,2048,16384,678,107_0005_0035.JPG,107_0005_0150.JPG,16384,16384,17,8,0.47058823529411764,0.48828125,0.125,0.109375,0.15374453365802765,True,ok,0.47387220000382513
D1_154_building,disk-lightglue-r2048-k16384,disk,lightglue,2048,16384,679,107_0005_0035.JPG,107_0005_0151.JPG,16384,16384,14,8,0.5714285714285714,0.48828125,0.09375,0.109375,0.22010791301727295,True,ok,0.49446549999993294
D1_154_building,disk-lightglue-r2048-k16384,disk,lightglue,2048,16384,680,107_0005_0035.JPG,107_0005_0152.JPG,16384,16384,21,9,0.42857142857142855,0.54931640625,0.125,0.125,0.2158462405204773,True,ok,0.48826070001814514
D1_154_building,disk-lightglue-r2048-k16384,disk,lightglue,2048,16384,681,107_0005_0035.JPG,107_0005_0153.JPG,16384,16384,11,7,0.6363636363636364,0.42724609375,0.09375,0.09375,0.21182304620742798,True,ok,0.4907662000041455
D1_154_building,disk-lightglue-r2048-k16384,disk,lightglue,2048,16384,682,107_0005_0036.JPG,107_0005_0037.JPG,16384,16384,11434,10829,0.9470876333741473,660.94970703125,0.90625,0.8125,0.9725422859191895,False,ok,0.49315439999918453
D1_154_building,disk-lightglue-r2048-k16384,disk,lightglue,2048,16384,683,107_0005_0036.JPG,107_0005_0038.JPG,16384,16384,8493,7678,0.904038620040033,468.6279296875,0.78125,0.5625,0.9568923115730286,False,ok,0.4752112000132911
D1_154_building,disk-lightglue-r2048-k16384,disk,lightglue,2048,16384,684,107_0005_0036.JPG,107_0005_0039.JPG,16384,16384,8557,7707,0.9006661213041954,470.39794921875,0.78125,0.578125,0.9580579400062561,False,ok,0.4958975999907125
D1_154_building,disk-lightglue-r2048-k16384,disk,lightglue,2048,16384,685,107_0005_0036.JPG,107_0005_0040.JPG,16384,16384,7580,6306,0.8319261213720317,384.8876953125,0.78125,0.484375,0.9525681734085083,False,ok,0.4850854999967851
D1_154_building,disk-lightglue-r2048-k16384,disk,lightglue,2048,16384,686,107_0005_0036.JPG,107_0005_0041.JPG,16384,16384,5800,4886,0.8424137931034483,298.2177734375,0.65625,0.40625,0.9348031878471375,False,ok,0.48326380000798963
D1_154_building,disk-lightglue-r2048-k16384,disk,lightglue,2048,16384,687,107_0005_0036.JPG,107_0005_0042.JPG,16384,16384,5717,5026,0.8791324121042505,306.7626953125,0.671875,0.390625,0.9344213008880615,False,ok,0.4930476000008639
D1_154_building,disk-lightglue-r2048-k16384,disk,lightglue,2048,16384,688,107_0005_0036.JPG,107_0005_0043.JPG,16384,16384,7613,7094,0.9318271377906213,432.9833984375,0.75,0.59375,0.953635573387146,False,ok,0.48837880001519807
D1_154_building,disk-lightglue-r2048-k16384,disk,lightglue,2048,16384,689,107_0005_0036.JPG,107_0005_0044.JPG,16384,16384,8177,7710,0.9428885899474134,470.5810546875,0.703125,0.75,0.9580748081207275,False,ok,0.480184600019129
D1_154_building,disk-lightglue-r2048-k16384,disk,lightglue,2048,16384,690,107_0005_0036.JPG,107_0005_0150.JPG,16384,16384,28,8,0.2857142857142857,0.48828125,0.125,0.109375,0.18072547018527985,True,ok,0.4738991000049282
D1_154_building,disk-lightglue-r2048-k16384,disk,lightglue,2048,16384,691,107_0005_0036.JPG,107_0005_0151.JPG,16384,16384,28,9,0.32142857142857145,0.54931640625,0.125,0.140625,0.19545449316501617,True,ok,0.4712547000090126
D1_154_building,disk-lightglue-r2048-k16384,disk,lightglue,2048,16384,692,107_0005_0036.JPG,107_0005_0152.JPG,16384,16384,35,9,0.2571428571428571,0.54931640625,0.140625,0.125,0.18153409659862518,True,ok,0.4883047000039369
D1_154_building,disk-lightglue-r2048-k16384,disk,lightglue,2048,16384,693,107_0005_0037.JPG,107_0005_0038.JPG,16384,16384,11572,10993,0.949965433805738,670.95947265625,0.96875,0.796875,0.9676840901374817,False,ok,0.4681572999979835
D1_154_building,disk-lightglue-r2048-k16384,disk,lightglue,2048,16384,694,107_0005_0037.JPG,107_0005_0039.JPG,16384,16384,11638,11079,0.9519676920433064,676.20849609375,0.953125,0.78125,0.9676271677017212,False,ok,0.49603450001450256
D1_154_building,disk-lightglue-r2048-k16384,disk,lightglue,2048,16384,695,107_0005_0037.JPG,107_0005_0040.JPG,16384,16384,9743,9042,0.9280509083444525,551.8798828125,0.9375,0.6875,0.9630275368690491,False,ok,0.47807089998968877
D1_154_building,disk-lightglue-r2048-k16384,disk,lightglue,2048,16384,696,107_0005_0037.JPG,107_0005_0041.JPG,16384,16384,7253,6698,0.9234799393354474,408.8134765625,0.78125,0.609375,0.9445626735687256,False,ok,0.47697170000174083
D1_154_building,disk-lightglue-r2048-k16384,disk,lightglue,2048,16384,697,107_0005_0037.JPG,107_0005_0042.JPG,16384,16384,7065,6502,0.9203113941967446,396.8505859375,0.796875,0.609375,0.9437028765678406,False,ok,0.47747379998327233
D1_154_building,disk-lightglue-r2048-k16384,disk,lightglue,2048,16384,698,107_0005_0037.JPG,107_0005_0043.JPG,16384,16384,7986,7503,0.939519158527423,457.94677734375,0.734375,0.734375,0.9497262239456177,False,ok,0.49499470001319423
D1_154_building,disk-lightglue-r2048-k16384,disk,lightglue,2048,16384,699,107_0005_0037.JPG,107_0005_0044.JPG,16384,16384,6583,6148,0.933920704845815,375.244140625,0.578125,0.796875,0.9447828531265259,False,ok,0.4639288999896962
D1_154_building,disk-lightglue-r2048-k16384,disk,lightglue,2048,16384,700,107_0005_0037.JPG,107_0005_0045.JPG,16384,16384,5084,4535,0.8920141620771046,276.79443359375,0.4375,0.6875,0.9139028787612915,False,ok,0.4813558000023477
D1_154_building,disk-lightglue-r2048-k16384,disk,lightglue,2048,16384,701,107_0005_0037.JPG,107_0005_0150.JPG,16384,16384,33,9,0.2727272727272727,0.54931640625,0.125,0.140625,0.19507022202014923,True,ok,0.48146120001911186
D1_154_building,disk-lightglue-r2048-k16384,disk,lightglue,2048,16384,702,107_0005_0037.JPG,107_0005_0151.JPG,16384,16384,42,9,0.21428571428571427,0.54931640625,0.125,0.125,0.2166362702846527,True,ok,0.4874861999996938
D1_154_building,disk-lightglue-r2048-k16384,disk,lightglue,2048,16384,703,107_0005_0038.JPG,107_0005_0039.JPG,16384,16384,14642,14431,0.9855894003551428,880.79833984375,0.921875,0.921875,0.9595223665237427,False,ok,0.4685100000060629
D1_154_building,disk-lightglue-r2048-k16384,disk,lightglue,2048,16384,704,107_0005_0038.JPG,107_0005_0040.JPG,16384,16384,11202,10746,0.9592929833958221,655.8837890625,0.859375,0.84375,0.9531069397926331,False,ok,0.45663349999813363
D1_154_building,disk-lightglue-r2048-k16384,disk,lightglue,2048,16384,705,107_0005_0038.JPG,107_0005_0041.JPG,16384,16384,8189,7575,0.9250213701306631,462.34130859375,0.75,0.734375,0.939189076423645,False,ok,0.4776480000000447
D1_154_building,disk-lightglue-r2048-k16384,disk,lightglue,2048,16384,706,107_0005_0038.JPG,107_0005_0042.JPG,16384,16384,7938,7328,0.9231544469639708,447.265625,0.734375,0.734375,0.9360235929489136,False,ok,0.45496890001231804
D1_154_building,disk-lightglue-r2048-k16384,disk,lightglue,2048,16384,707,107_0005_0038.JPG,107_0005_0043.JPG,16384,16384,6429,5970,0.9286047596826879,364.3798828125,0.53125,0.734375,0.9370385408401489,False,ok,0.49348669999744743
D1_154_building,disk-lightglue-r2048-k16384,disk,lightglue,2048,16384,708,107_0005_0038.JPG,107_0005_0044.JPG,16384,16384,4945,4389,0.8875631951466127,267.88330078125,0.40625,0.59375,0.9181621670722961,False,ok,0.45354559997213073
D1_154_building,disk-lightglue-r2048-k16384,disk,lightglue,2048,16384,709,107_0005_0038.JPG,107_0005_0045.JPG,16384,16384,3668,2998,0.8173391494002181,182.9833984375,0.296875,0.609375,0.899010956287384,False,ok,0.3670466000039596
D1_154_building,disk-lightglue-r2048-k16384,disk,lightglue,2048,16384,710,107_0005_0038.JPG,107_0005_0046.JPG,16384,16384,2112,1636,0.7746212121212122,99.853515625,0.234375,0.46875,0.8052184581756592,False,ok,0.44246879999991506
D1_154_building,disk-lightglue-r2048-k16384,disk,lightglue,2048,16384,711,107_0005_0038.JPG,107_0005_0150.JPG,16384,16384,43,9,0.20930232558139536,0.54931640625,0.140625,0.125,0.22584925591945648,True,ok,0.5035251000081189
D1_154_building,disk-lightglue-r2048-k16384,disk,lightglue,2048,16384,712,107_0005_0038.JPG,107_0005_0151.JPG,16384,16384,32,9,0.28125,0.54931640625,0.140625,0.140625,0.2180439978837967,True,ok,0.4882954999920912
D1_154_building,disk-lightglue-r2048-k16384,disk,lightglue,2048,16384,713,107_0005_0039.JPG,107_0005_0040.JPG,16384,16384,11243,10742,0.9554389397847549,655.6396484375,0.875,0.84375,0.9511381983757019,False,ok,0.46543179999571294
D1_154_building,disk-lightglue-r2048-k16384,disk,lightglue,2048,16384,714,107_0005_0039.JPG,107_0005_0041.JPG,16384,16384,8275,7677,0.9277341389728097,468.56689453125,0.765625,0.75,0.9355902075767517,False,ok,0.4640951000037603
D1_154_building,disk-lightglue-r2048-k16384,disk,lightglue,2048,16384,715,107_0005_0039.JPG,107_0005_0042.JPG,16384,16384,8006,7414,0.9260554584061954,452.5146484375,0.75,0.75,0.9337335228919983,False,ok,0.46024270000634715
D1_154_building,disk-lightglue-r2048-k16384,disk,lightglue,2048,16384,716,107_0005_0039.JPG,107_0005_0043.JPG,16384,16384,6484,5985,0.9230413325107958,365.29541015625,0.546875,0.734375,0.9368786811828613,False,ok,0.49162089999299496
D1_154_building,disk-lightglue-r2048-k16384,disk,lightglue,2048,16384,717,107_0005_0039.JPG,107_0005_0044.JPG,16384,16384,4989,4389,0.8797354179194228,267.88330078125,0.4375,0.640625,0.916818380355835,False,ok,0.46591659999103285
D1_154_building,disk-lightglue-r2048-k16384,disk,lightglue,2048,16384,718,107_0005_0039.JPG,107_0005_0045.JPG,16384,16384,3757,3014,0.8022358264572798,183.9599609375,0.328125,0.640625,0.8929833173751831,False,ok,0.34913249997771345
D1_154_building,disk-lightglue-r2048-k16384,disk,lightglue,2048,16384,719,107_0005_0039.JPG,107_0005_0046.JPG,16384,16384,2146,1650,0.7688723205964585,100.7080078125,0.265625,0.484375,0.7950341701507568,False,ok,0.4607570000225678
D1_154_building,disk-lightglue-r2048-k16384,disk,lightglue,2048,16384,720,107_0005_0039.JPG,107_0005_0047.JPG,16384,16384,662,498,0.7522658610271903,30.3955078125,0.125,0.296875,0.6572303175926208,False,ok,0.4978551999956835
D1_154_building,disk-lightglue-r2048-k16384,disk,lightglue,2048,16384,721,107_0005_0039.JPG,107_0005_0150.JPG,16384,16384,66,9,0.13636363636363635,0.54931640625,0.125,0.125,0.21441039443016052,True,ok,0.4900870000128634
D1_154_building,disk-lightglue-r2048-k16384,disk,lightglue,2048,16384,722,107_0005_0039.JPG,107_0005_0151.JPG,16384,16384,50,9,0.18,0.54931640625,0.140625,0.109375,0.21263708174228668,True,ok,0.48624320002272725
D1_154_building,disk-lightglue-r2048-k16384,disk,lightglue,2048,16384,723,107_0005_0040.JPG,107_0005_0041.JPG,16384,16384,10944,10557,0.9646381578947368,644.34814453125,0.859375,0.84375,0.9439336061477661,False,ok,0.4670398999878671
D1_154_building,disk-lightglue-r2048-k16384,disk,lightglue,2048,16384,724,107_0005_0040.JPG,107_0005_0042.JPG,16384,16384,10553,10190,0.9656021984269876,621.9482421875,0.828125,0.828125,0.9454453587532043,False,ok,0.47227130000828765
D1_154_building,disk-lightglue-r2048-k16384,disk,lightglue,2048,16384,725,107_0005_0040.JPG,107_0005_0043.JPG,16384,16384,8384,7917,0.9442986641221374,483.21533203125,0.578125,0.828125,0.9584327936172485,False,ok,0.46922410000115633
D1_154_building,disk-lightglue-r2048-k16384,disk,lightglue,2048,16384,726,107_0005_0040.JPG,107_0005_0044.JPG,16384,16384,6478,5844,0.902130287125656,356.689453125,0.5,0.765625,0.9429064989089966,False,ok,0.4716805000207387
D1_154_building,disk-lightglue-r2048-k16384,disk,lightglue,2048,16384,727,107_0005_0040.JPG,107_0005_0045.JPG,16384,16384,4688,3954,0.8434300341296929,241.3330078125,0.390625,0.671875,0.8946706056594849,False,ok,0.47269590001087636
D1_154_building,disk-lightglue-r2048-k16384,disk,lightglue,2048,16384,728,107_0005_0040.JPG,107_0005_0046.JPG,16384,16384,2770,2151,0.7765342960288809,131.28662109375,0.28125,0.46875,0.860282301902771,False,ok,0.37191849999362603
D1_154_building,disk-lightglue-r2048-k16384,disk,lightglue,2048,16384,729,107_0005_0040.JPG,107_0005_0047.JPG,16384,16384,1326,970,0.7315233785822021,59.2041015625,0.15625,0.328125,0.7773491144180298,False,ok,0.6499528000131249
D1_154_building,disk-lightglue-r2048-k16384,disk,lightglue,2048,16384,730,107_0005_0040.JPG,107_0005_0048.JPG,16384,16384,174,137,0.7873563218390804,8.36181640625,0.046875,0.109375,0.38542258739471436,False,ok,0.48993260000133887
D1_154_building,disk-lightglue-r2048-k16384,disk,lightglue,2048,16384,731,107_0005_0040.JPG,107_0005_0058.JPG,16384,16384,4807,4195,0.87268566673601,256.04248046875,0.484375,0.515625,0.923344612121582,False,ok,0.46887270000297576
D1_154_building,disk-lightglue-r2048-k16384,disk,lightglue,2048,16384,732,107_0005_0040.JPG,107_0005_0059.JPG,16384,16384,4756,4165,0.8757359125315392,254.21142578125,0.46875,0.515625,0.9231646656990051,False,ok,0.46359249998931773
D1_154_building,disk-lightglue-r2048-k16384,disk,lightglue,2048,16384,733,107_0005_0040.JPG,107_0005_0060.JPG,16384,16384,6622,5823,0.8793415886439142,355.40771484375,0.5625,0.6875,0.9262528419494629,False,ok,0.5389882999879774
D1_154_building,disk-lightglue-r2048-k16384,disk,lightglue,2048,16384,734,107_0005_0040.JPG,107_0005_0061.JPG,16384,16384,7780,6208,0.7979434447300772,378.90625,0.703125,0.859375,0.8808562755584717,False,ok,0.8795218000013847
D1_154_building,disk-lightglue-r2048-k16384,disk,lightglue,2048,16384,735,107_0005_0040.JPG,107_0005_0062.JPG,16384,16384,21,9,0.42857142857142855,0.54931640625,0.140625,0.125,0.20317016541957855,True,ok,0.4873264000052586
D1_154_building,disk-lightglue-r2048-k16384,disk,lightglue,2048,16384,736,107_0005_0041.JPG,107_0005_0042.JPG,16384,16384,14271,14023,0.9826221007637868,855.89599609375,0.890625,0.890625,0.9479786157608032,False,ok,0.4880604999780189
D1_154_building,disk-lightglue-r2048-k16384,disk,lightglue,2048,16384,737,107_0005_0041.JPG,107_0005_0043.JPG,16384,16384,9939,9319,0.9376194788208069,568.78662109375,0.703125,0.890625,0.9564179182052612,False,ok,0.47812440001871437
D1_154_building,disk-lightglue-r2048-k16384,disk,lightglue,2048,16384,738,107_0005_0041.JPG,107_0005_0044.JPG,16384,16384,7228,6514,0.9012174875484228,397.5830078125,0.5625,0.75,0.9459251761436462,False,ok,0.4841341999999713
D1_154_building,disk-lightglue-r2048-k16384,disk,lightglue,2048,16384,739,107_0005_0041.JPG,107_0005_0045.JPG,16384,16384,4949,4131,0.8347140836532633,252.13623046875,0.4375,0.71875,0.9088199734687805,False,ok,0.4560071999731008
D1_154_building,disk-lightglue-r2048-k16384,disk,lightglue,2048,16384,740,107_0005_0041.JPG,107_0005_0046.JPG,16384,16384,2966,2290,0.7720836142953472,139.7705078125,0.25,0.53125,0.8774945735931396,False,ok,0.38384970001061447
D1_154_building,disk-lightglue-r2048-k16384,disk,lightglue,2048,16384,741,107_0005_0041.JPG,107_0005_0047.JPG,16384,16384,1410,1002,0.7106382978723405,61.1572265625,0.140625,0.34375,0.7687702775001526,False,ok,0.6117319999902975
D1_154_building,disk-lightglue-r2048-k16384,disk,lightglue,2048,16384,742,107_0005_0041.JPG,107_0005_0048.JPG,16384,16384,199,128,0.6432160804020101,7.8125,0.046875,0.09375,0.4003317356109619,False,ok,0.49551379997865297
D1_154_building,disk-lightglue-r2048-k16384,disk,lightglue,2048,16384,743,107_0005_0041.JPG,107_0005_0049.JPG,16384,16384,166,100,0.6024096385542169,6.103515625,0.03125,0.109375,0.34855133295059204,False,ok,0.46654409999609925
D1_154_building,disk-lightglue-r2048-k16384,disk,lightglue,2048,16384,744,107_0005_0041.JPG,107_0005_0057.JPG,16384,16384,5673,5279,0.9305482108231976,322.20458984375,0.4375,0.609375,0.927068293094635,False,ok,0.5070416999806184
D1_154_building,disk-lightglue-r2048-k16384,disk,lightglue,2048,16384,745,107_0005_0041.JPG,107_0005_0058.JPG,16384,16384,6946,6180,0.8897207025626259,377.197265625,0.5625,0.578125,0.9318514466285706,False,ok,0.5682743999932427
D1_154_building,disk-lightglue-r2048-k16384,disk,lightglue,2048,16384,746,107_0005_0041.JPG,107_0005_0059.JPG,16384,16384,6922,6132,0.8858711355099682,374.267578125,0.546875,0.5625,0.9311609268188477,False,ok,0.5651724000053946
D1_154_building,disk-lightglue-r2048-k16384,disk,lightglue,2048,16384,747,107_0005_0041.JPG,107_0005_0060.JPG,16384,16384,8447,7564,0.8954658458624364,461.669921875,0.65625,0.8125,0.9382923245429993,False,ok,0.5818507999938447
D1_154_building,disk-lightglue-r2048-k16384,disk,lightglue,2048,16384,748,107_0005_0041.JPG,107_0005_0061.JPG,16384,16384,7559,5810,0.7686201878555364,354.6142578125,0.640625,0.890625,0.900330126285553,False,ok,0.8185951999912504
D1_154_building,disk-lightglue-r2048-k16384,disk,lightglue,2048,16384,749,107_0005_0042.JPG,107_0005_0043.JPG,16384,16384,10065,9426,0.9365126676602087,575.3173828125,0.6875,0.90625,0.9566085934638977,False,ok,0.493335000006482
D1_154_building,disk-lightglue-r2048-k16384,disk,lightglue,2048,16384,750,107_0005_0042.JPG,107_0005_0044.JPG,16384,16384,7341,6616,0.901239613131726,403.80859375,0.5625,0.78125,0.9463241696357727,False,ok,0.4806708999967668
D1_154_building,disk-lightglue-r2048-k16384,disk,lightglue,2048,16384,751,107_0005_0042.JPG,107_0005_0045.JPG,16384,16384,5059,4283,0.8466100019766752,261.41357421875,0.421875,0.71875,0.9053587317466736,False,ok,0.46296440000878647
D1_154_building,disk-lightglue-r2048-k16384,disk,lightglue,2048,16384,752,107_0005_0042.JPG,107_0005_0046.JPG,16384,16384,3067,2379,0.7756765568959896,145.20263671875,0.265625,0.546875,0.8768804669380188,False,ok,0.3746124999888707
D1_154_building,disk-lightglue-r2048-k16384,disk,lightglue,2048,16384,753,107_0005_0042.JPG,107_0005_0047.JPG,16384,16384,1503,1079,0.7178975382568197,65.85693359375,0.140625,0.375,0.770251989364624,False,ok,0.605688600015128
D1_154_building,disk-lightglue-r2048-k16384,disk,lightglue,2048,16384,754,107_0005_0042.JPG,107_0005_0048.JPG,16384,16384,186,141,0.7580645161290323,8.60595703125,0.078125,0.15625,0.3608589470386505,False,ok,0.4803257999883499
D1_154_building,disk-lightglue-r2048-k16384,disk,lightglue,2048,16384,755,107_0005_0042.JPG,107_0005_0049.JPG,16384,16384,181,112,0.6187845303867403,6.8359375,0.0625,0.140625,0.3608427941799164,False,ok,0.47339329999522306
D1_154_building,disk-lightglue-r2048-k16384,disk,lightglue,2048,16384,756,107_0005_0042.JPG,107_0005_0050.JPG,16384,16384,55,44,0.8,2.685546875,0.03125,0.109375,0.21631063520908356,False,ok,0.49817970002186485
D1_154_building,disk-lightglue-r2048-k16384,disk,lightglue,2048,16384,757,107_0005_0042.JPG,107_0005_0057.JPG,16384,16384,5905,5496,0.9307366638441998,335.44921875,0.4375,0.640625,0.9311736226081848,False,ok,0.49512200002209283
D1_154_building,disk-lightglue-r2048-k16384,disk,lightglue,2048,16384,758,107_0005_0042.JPG,107_0005_0058.JPG,16384,16384,7272,6502,0.8941144114411441,396.8505859375,0.5625,0.59375,0.9281857013702393,False,ok,0.5819233999936841
D1_154_building,disk-lightglue-r2048-k16384,disk,lightglue,2048,16384,759,107_0005_0042.JPG,107_0005_0059.JPG,16384,16384,7284,6424,0.8819330038440417,392.08984375,0.546875,0.59375,0.9223520755767822,False,ok,0.5681662999850232
D1_154_building,disk-lightglue-r2048-k16384,disk,lightglue,2048,16384,760,107_0005_0042.JPG,107_0005_0060.JPG,16384,16384,8727,7782,0.8917153661051908,474.9755859375,0.65625,0.78125,0.937664806842804,False,ok,0.6066952999972273
D1_154_building,disk-lightglue-r2048-k16384,disk,lightglue,2048,16384,761,107_0005_0042.JPG,107_0005_0061.JPG,16384,16384,7533,5591,0.7422009823443515,341.24755859375,0.609375,0.859375,0.8984305262565613,False,ok,0.8248374000249896
D1_154_building,disk-lightglue-r2048-k16384,disk,lightglue,2048,16384,762,107_0005_0043.JPG,107_0005_0044.JPG,16384,16384,11456,10889,0.9505062849162011,664.61181640625,0.765625,0.90625,0.9659895300865173,False,ok,0.48885799999698065
D1_154_building,disk-lightglue-r2048-k16384,disk,lightglue,2048,16384,763,107_0005_0043.JPG,107_0005_0045.JPG,16384,16384,8392,7547,0.8993088655862727,460.63232421875,0.59375,0.84375,0.9540783166885376,False,ok,0.4676053000148386
D1_154_building,disk-lightglue-r2048-k16384,disk,lightglue,2048,16384,764,107_0005_0043.JPG,107_0005_0046.JPG,16384,16384,5712,4877,0.8538165266106442,297.66845703125,0.40625,0.65625,0.9259446263313293,False,ok,0.46869340000557713
D1_154_building,disk-lightglue-r2048-k16384,disk,lightglue,2048,16384,765,107_0005_0043.JPG,107_0005_0047.JPG,16384,16384,3984,3204,0.8042168674698795,195.556640625,0.28125,0.53125,0.9142431020736694,False,ok,0.36900259999674745
D1_154_building,disk-lightglue-r2048-k16384,disk,lightglue,2048,16384,766,107_0005_0043.JPG,107_0005_0048.JPG,16384,16384,2713,2015,0.7427202359012164,122.98583984375,0.1875,0.46875,0.8469568490982056,False,ok,0.48408040002686903
D1_154_building,disk-lightglue-r2048-k16384,disk,lightglue,2048,16384,767,107_0005_0043.JPG,107_0005_0049.JPG,16384,16384,2609,1942,0.7443464929091606,118.5302734375,0.203125,0.46875,0.8339332938194275,False,ok,0.5097028999880422
D1_154_building,disk-lightglue-r2048-k16384,disk,lightglue,2048,16384,768,107_0005_0043.JPG,107_0005_0050.JPG,16384,16384,2526,1853,0.7335708630245448,113.09814453125,0.21875,0.453125,0.8758152723312378,False,ok,0.4866187000006903
D1_154_building,disk-lightglue-r2048-k16384,disk,lightglue,2048,16384,769,107_0005_0043.JPG,107_0005_0051.JPG,16384,16384,2533,1696,0.6695617844453218,103.515625,0.1875,0.5,0.8838796615600586,False,ok,0.5118841000075918
D1_154_building,disk-lightglue-r2048-k16384,disk,lightglue,2048,16384,770,107_0005_0043.JPG,107_0005_0057.JPG,16384,16384,8224,7766,0.9443093385214008,473.9990234375,0.640625,0.6875,0.9385422468185425,False,ok,0.4800946000032127
D1_154_building,disk-lightglue-r2048-k16384,disk,lightglue,2048,16384,771,107_0005_0043.JPG,107_0005_0058.JPG,16384,16384,6687,6133,0.9171526843128458,374.32861328125,0.625,0.53125,0.9213139414787292,False,ok,0.492588799999794
D1_154_building,disk-lightglue-r2048-k16384,disk,lightglue,2048,16384,772,107_0005_0043.JPG,107_0005_0059.JPG,16384,16384,6365,5810,0.9128043990573449,354.6142578125,0.640625,0.53125,0.9251977801322937,False,ok,0.47774760000174865
D1_154_building,disk-lightglue-r2048-k16384,disk,lightglue,2048,16384,773,107_0005_0043.JPG,107_0005_0060.JPG,16384,16384,10215,9521,0.9320606950562897,581.11572265625,0.859375,0.828125,0.9447963237762451,False,ok,0.5023258000146598
D1_154_building,disk-lightglue-r2048-k16384,disk,lightglue,2048,16384,774,107_0005_0043.JPG,107_0005_0061.JPG,16384,16384,9092,7560,0.8315002199736031,461.42578125,0.8125,0.890625,0.9302206635475159,False,ok,0.8193062000209466
D1_154_building,disk-lightglue-r2048-k16384,disk,lightglue,2048,16384,775,107_0005_0043.JPG,107_0005_0062.JPG,16384,16384,26,9,0.34615384615384615,0.54931640625,0.125,0.109375,0.2101166844367981,True,ok,0.4735835999890696
D1_154_building,disk-lightglue-r2048-k16384,disk,lightglue,2048,16384,776,107_0005_0043.JPG,107_0005_0063.JPG,16384,16384,31,9,0.2903225806451613,0.54931640625,0.125,0.125,0.21302393078804016,True,ok,0.49087790001067333
D1_154_building,disk-lightglue-r2048-k16384,disk,lightglue,2048,16384,777,107_0005_0044.JPG,107_0005_0045.JPG,16384,16384,11587,11021,0.9511521532752222,672.66845703125,0.796875,0.96875,0.9719376564025879,False,ok,0.4524577000120189
D1_154_building,disk-lightglue-r2048-k16384,disk,lightglue,2048,16384,778,107_0005_0044.JPG,107_0005_0046.JPG,16384,16384,8362,7626,0.9119827792394164,465.4541015625,0.578125,0.78125,0.9626051783561707,False,ok,0.4803041999984998
D1_154_building,disk-lightglue-r2048-k16384,disk,lightglue,2048,16384,779,107_0005_0044.JPG,107_0005_0047.JPG,16384,16384,6122,5321,0.8691604050963737,324.76806640625,0.390625,0.6875,0.9394363760948181,False,ok,0.45401039998978376
D1_154_building,disk-lightglue-r2048-k16384,disk,lightglue,2048,16384,780,107_0005_0044.JPG,107_0005_0048.JPG,16384,16384,4569,3674,0.8041146859268987,224.2431640625,0.3125,0.59375,0.9244157075881958,False,ok,0.36997559998417273
D1_154_building,disk-lightglue-r2048-k16384,disk,lightglue,2048,16384,781,107_0005_0044.JPG,107_0005_0049.JPG,16384,16384,4485,3583,0.7988851727982162,218.68896484375,0.3125,0.59375,0.922578752040863,False,ok,0.3776118000096176
D1_154_building,disk-lightglue-r2048-k16384,disk,lightglue,2048,16384,782,107_0005_0044.JPG,107_0005_0050.JPG,16384,16384,4045,3280,0.8108776266996292,200.1953125,0.3125,0.59375,0.8997330069541931,False,ok,0.3911468999867793
D1_154_building,disk-lightglue-r2048-k16384,disk,lightglue,2048,16384,783,107_0005_0044.JPG,107_0005_0051.JPG,16384,16384,3626,2885,0.795642581356867,176.08642578125,0.25,0.625,0.8670628070831299,False,ok,0.4295815999794286
D1_154_building,disk-lightglue-r2048-k16384,disk,lightglue,2048,16384,784,107_0005_0044.JPG,107_0005_0052.JPG,16384,16384,3630,2806,0.7730027548209366,171.2646484375,0.25,0.625,0.9154900908470154,False,ok,0.44906789998640306
D1_154_building,disk-lightglue-r2048-k16384,disk,lightglue,2048,16384,785,107_0005_0044.JPG,107_0005_0057.JPG,16384,16384,7798,7245,0.9290843806104129,442.19970703125,0.71875,0.609375,0.9411416053771973,False,ok,0.47175469997455366
D1_154_building,disk-lightglue-r2048-k16384,disk,lightglue,2048,16384,786,107_0005_0044.JPG,107_0005_0058.JPG,16384,16384,5715,4815,0.84251968503937,293.88427734375,0.578125,0.421875,0.911903977394104,False,ok,0.49523190001491457
D1_154_building,disk-lightglue-r2048-k16384,disk,lightglue,2048,16384,787,107_0005_0044.JPG,107_0005_0059.JPG,16384,16384,5449,4601,0.844375114699945,280.82275390625,0.546875,0.421875,0.9098865389823914,False,ok,0.4661348999943584
D1_154_building,disk-lightglue-r2048-k16384,disk,lightglue,2048,16384,788,107_0005_0044.JPG,107_0005_0060.JPG,16384,16384,9355,8096,0.8654195617316943,494.140625,0.859375,0.671875,0.9447406530380249,False,ok,0.482269100000849
D1_154_building,disk-lightglue-r2048-k16384,disk,lightglue,2048,16384,789,107_0005_0044.JPG,107_0005_0061.JPG,16384,16384,9082,7260,0.7993833957278133,443.115234375,0.828125,0.796875,0.946976363658905,False,ok,0.811166300001787
D1_154_building,disk-lightglue-r2048-k16384,disk,lightglue,2048,16384,790,107_0005_0044.JPG,107_0005_0062.JPG,16384,16384,25,8,0.32,0.48828125,0.109375,0.125,0.19048480689525604,True,ok,0.4640577999816742
D1_154_building,disk-lightglue-r2048-k16384,disk,lightglue,2048,16384,791,107_0005_0044.JPG,107_0005_0063.JPG,16384,16384,31,9,0.2903225806451613,0.54931640625,0.140625,0.140625,0.21540266275405884,True,ok,0.4986522999824956
D1_154_building,disk-lightglue-r2048-k16384,disk,lightglue,2048,16384,792,107_0005_0044.JPG,107_0005_0064.JPG,16384,16384,36,9,0.25,0.54931640625,0.109375,0.140625,0.19581997394561768,True,ok,0.4826941000064835
D1_154_building,disk-lightglue-r2048-k16384,disk,lightglue,2048,16384,793,107_0005_0044.JPG,107_0005_0147.JPG,16384,16384,19,8,0.42105263157894735,0.48828125,0.125,0.125,0.19625365734100342,True,ok,0.4866170999885071
D1_154_building,disk-lightglue-r2048-k16384,disk,lightglue,2048,16384,794,107_0005_0044.JPG,107_0005_0148.JPG,16384,16384,19,8,0.42105263157894735,0.48828125,0.09375,0.109375,0.24250976741313934,True,ok,0.4886013999930583
D1_154_building,disk-lightglue-r2048-k16384,disk,lightglue,2048,16384,795,107_0005_0044.JPG,107_0005_0149.JPG,16384,16384,22,9,0.4090909090909091,0.54931640625,0.109375,0.109375,0.1981189101934433,True,ok,0.4702660999901127
D1_154_building,disk-lightglue-r2048-k16384,disk,lightglue,2048,16384,796,107_0005_0045.JPG,107_0005_0046.JPG,16384,16384,11594,11015,0.950060376056581,672.30224609375,0.859375,0.9375,0.9670160412788391,False,ok,0.3363191999960691
D1_154_building,disk-lightglue-r2048-k16384,disk,lightglue,2048,16384,797,107_0005_0045.JPG,107_0005_0047.JPG,16384,16384,8704,7990,0.91796875,487.6708984375,0.59375,0.84375,0.9649949073791504,False,ok,0.4742794000194408
D1_154_building,disk-lightglue-r2048-k16384,disk,lightglue,2048,16384,798,107_0005_0045.JPG,107_0005_0048.JPG,16384,16384,6500,5601,0.8616923076923076,341.85791015625,0.453125,0.71875,0.9399683475494385,False,ok,0.46571899999980815
D1_154_building,disk-lightglue-r2048-k16384,disk,lightglue,2048,16384,799,107_0005_0045.JPG,107_0005_0049.JPG,16384,16384,6391,5515,0.8629322484744172,336.60888671875,0.421875,0.71875,0.940270185470581,False,ok,0.46934030001284555
D1_154_building,disk-lightglue-r2048-k16384,disk,lightglue,2048,16384,800,107_0005_0045.JPG,107_0005_0050.JPG,16384,16384,5743,4942,0.8605258575657322,301.6357421875,0.421875,0.71875,0.9175695776939392,False,ok,0.48784849999356084
D1_154_building,disk-lightglue-r2048-k16384,disk,lightglue,2048,16384,801,107_0005_0045.JPG,107_0005_0051.JPG,16384,16384,5040,4258,0.8448412698412698,259.8876953125,0.34375,0.71875,0.9208573698997498,False,ok,0.37995599998976104
D1_154_building,disk-lightglue-r2048-k16384,disk,lightglue,2048,16384,802,107_0005_0045.JPG,107_0005_0052.JPG,16384,16384,4739,3996,0.8432158683266512,243.896484375,0.34375,0.671875,0.9162921905517578,False,ok,0.38937109999824315
D1_154_building,disk-lightglue-r2048-k16384,disk,lightglue,2048,16384,803,107_0005_0045.JPG,107_0005_0053.JPG,16384,16384,6524,5925,0.908185162477008,361.63330078125,0.40625,0.671875,0.9378445744514465,False,ok,0.49419930001022294
D1_154_building,disk-lightglue-r2048-k16384,disk,lightglue,2048,16384,804,107_0005_0045.JPG,107_0005_0060.JPG,16384,16384,7219,5913,0.8190885164150159,360.90087890625,0.796875,0.515625,0.9304186701774597,False,ok,0.4362441999837756
D1_154_building,disk-lightglue-r2048-k16384,disk,lightglue,2048,16384,805,107_0005_0045.JPG,107_0005_0061.JPG,16384,16384,8170,5751,0.7039167686658506,351.01318359375,0.828125,0.625,0.9468636512756348,False,ok,0.74546599999303
D1_154_building,disk-lightglue-r2048-k16384,disk,lightglue,2048,16384,806,107_0005_0045.JPG,107_0005_0062.JPG,16384,16384,38,14,0.3684210526315789,0.8544921875,0.140625,0.171875,0.19015884399414062,True,ok,0.4425989000010304
D1_154_building,disk-lightglue-r2048-k16384,disk,lightglue,2048,16384,807,107_0005_0045.JPG,107_0005_0063.JPG,16384,16384,27,9,0.3333333333333333,0.54931640625,0.125,0.140625,0.22446030378341675,True,ok,0.5088397999934386
D1_154_building,disk-lightglue-r2048-k16384,disk,lightglue,2048,16384,808,107_0005_0045.JPG,107_0005_0064.JPG,16384,16384,18,8,0.4444444444444444,0.48828125,0.125,0.125,0.17728246748447418,True,ok,0.4790985000145156
D1_154_building,disk-lightglue-r2048-k16384,disk,lightglue,2048,16384,809,107_0005_0045.JPG,107_0005_0065.JPG,16384,16384,25,9,0.36,0.54931640625,0.125,0.125,0.17293798923492432,True,ok,0.506729600019753
D1_154_building,disk-lightglue-r2048-k16384,disk,lightglue,2048,16384,810,107_0005_0045.JPG,107_0005_0147.JPG,16384,16384,18,9,0.5,0.54931640625,0.109375,0.140625,0.22649137675762177,True,ok,0.47907430000486784
D1_154_building,disk-lightglue-r2048-k16384,disk,lightglue,2048,16384,811,107_0005_0045.JPG,107_0005_0148.JPG,16384,16384,9,7,0.7777777777777778,0.42724609375,0.109375,0.109375,0.22263281047344208,True,ok,0.49335610002162866
D1_154_building,disk-lightglue-r2048-k16384,disk,lightglue,2048,16384,812,107_0005_0045.JPG,107_0005_0149.JPG,16384,16384,20,8,0.4,0.48828125,0.125,0.09375,0.18519353866577148,True,ok,0.48985959999845363
D1_154_building,disk-lightglue-r2048-k16384,disk,lightglue,2048,16384,813,107_0005_0045.JPG,107_0005_0150.JPG,16384,16384,17,8,0.47058823529411764,0.48828125,0.125,0.125,0.20388469099998474,True,ok,0.4793850999849383
D1_154_building,disk-lightglue-r2048-k16384,disk,lightglue,2048,16384,814,107_0005_0046.JPG,107_0005_0047.JPG,16384,16384,11879,11402,0.959845104806802,695.9228515625,0.734375,0.890625,0.9669257998466492,False,ok,0.3398731999914162
D1_154_building,disk-lightglue-r2048-k16384,disk,lightglue,2048,16384,815,107_0005_0046.JPG,107_0005_0048.JPG,16384,16384,9005,8239,0.9149361465852305,502.86865234375,0.59375,0.84375,0.9646726250648499,False,ok,0.4787990000040736
D1_154_building,disk-lightglue-r2048-k16384,disk,lightglue,2048,16384,816,107_0005_0046.JPG,107_0005_0049.JPG,16384,16384,8894,8069,0.9072408365190016,492.49267578125,0.5625,0.84375,0.9627597332000732,False,ok,0.47915880000800826
D1_154_building,disk-lightglue-r2048-k16384,disk,lightglue,2048,16384,817,107_0005_0046.JPG,107_0005_0050.JPG,16384,16384,7810,7176,0.9188220230473751,437.98828125,0.515625,0.84375,0.9521974921226501,False,ok,0.4795655999914743
D1_154_building,disk-lightglue-r2048-k16384,disk,lightglue,2048,16384,818,107_0005_0046.JPG,107_0005_0051.JPG,16384,16384,6486,5793,0.893154486586494,353.57666015625,0.421875,0.765625,0.9279518127441406,False,ok,0.4871790999895893
D1_154_building,disk-lightglue-r2048-k16384,disk,lightglue,2048,16384,819,107_0005_0046.JPG,107_0005_0052.JPG,16384,16384,6031,5383,0.8925551318189355,328.55224609375,0.421875,0.765625,0.9251478314399719,False,ok,0.4789990000135731
D1_154_building,disk-lightglue-r2048-k16384,disk,lightglue,2048,16384,820,107_0005_0046.JPG,107_0005_0053.JPG,16384,16384,8173,7670,0.9384558913495656,468.1396484375,0.59375,0.8125,0.9540900588035583,False,ok,0.48035900000832044
D1_154_building,disk-lightglue-r2048-k16384,disk,lightglue,2048,16384,821,107_0005_0046.JPG,107_0005_0054.JPG,16384,16384,9274,8788,0.9475954280784991,536.376953125,0.75,0.796875,0.9548759460449219,False,ok,0.4863453000143636
D1_154_building,disk-lightglue-r2048-k16384,disk,lightglue,2048,16384,822,107_0005_0046.JPG,107_0005_0063.JPG,16384,16384,32,9,0.28125,0.54931640625,0.140625,0.125,0.21074634790420532,True,ok,0.4741840000206139
D1_154_building,disk-lightglue-r2048-k16384,disk,lightglue,2048,16384,823,107_0005_0046.JPG,107_0005_0064.JPG,16384,16384,17,8,0.47058823529411764,0.48828125,0.125,0.109375,0.1653612107038498,True,ok,0.49007120000896975
D1_154_building,disk-lightglue-r2048-k16384,disk,lightglue,2048,16384,824,107_0005_0046.JPG,107_0005_0065.JPG,16384,16384,19,8,0.42105263157894735,0.48828125,0.109375,0.125,0.1548418551683426,True,ok,0.4689471999881789
D1_154_building,disk-lightglue-r2048-k16384,disk,lightglue,2048,16384,825,107_0005_0046.JPG,107_0005_0146.JPG,16384,16384,27,8,0.2962962962962963,0.48828125,0.125,0.125,0.2062368094921112,True,ok,0.49404849999700673
D1_154_building,disk-lightglue-r2048-k16384,disk,lightglue,2048,16384,826,107_0005_0046.JPG,107_0005_0147.JPG,16384,16384,25,9,0.36,0.54931640625,0.125,0.125,0.17089641094207764,True,ok,0.46094520000042394
D1_154_building,disk-lightglue-r2048-k16384,disk,lightglue,2048,16384,827,107_0005_0046.JPG,107_0005_0148.JPG,16384,16384,21,9,0.42857142857142855,0.54931640625,0.125,0.109375,0.1539718508720398,True,ok,0.4991757000098005
D1_154_building,disk-lightglue-r2048-k16384,disk,lightglue,2048,16384,828,107_0005_0046.JPG,107_0005_0149.JPG,16384,16384,17,8,0.47058823529411764,0.48828125,0.09375,0.09375,0.2129153609275818,True,ok,0.4753923000243958
D1_154_building,disk-lightglue-r2048-k16384,disk,lightglue,2048,16384,829,107_0005_0046.JPG,107_0005_0150.JPG,16384,16384,16,8,0.5,0.48828125,0.09375,0.078125,0.16279754042625427,True,ok,0.5125241999921855
D1_154_building,disk-lightglue-r2048-k16384,disk,lightglue,2048,16384,830,107_0005_0047.JPG,107_0005_0048.JPG,16384,16384,12004,11449,0.9537654115294901,698.79150390625,0.796875,0.953125,0.9677227735519409,False,ok,0.3278405000164639
D1_154_building,disk-lightglue-r2048-k16384,disk,lightglue,2048,16384,831,107_0005_0047.JPG,107_0005_0049.JPG,16384,16384,11817,11202,0.947956334094948,683.7158203125,0.765625,0.953125,0.965427041053772,False,ok,0.3227102999808267
D1_154_building,disk-lightglue-r2048-k16384,disk,lightglue,2048,16384,832,107_0005_0047.JPG,107_0005_0050.JPG,16384,16384,10051,9564,0.9515471097403243,583.740234375,0.671875,0.96875,0.9348630309104919,False,ok,0.3094191999989562
D1_154_building,disk-lightglue-r2048-k16384,disk,lightglue,2048,16384,833,107_0005_0047.JPG,107_0005_0051.JPG,16384,16384,8015,7510,0.9369931378665003,458.3740234375,0.59375,0.875,0.9503797888755798,False,ok,0.4880254000017885
D1_154_building,disk-lightglue-r2048-k16384,disk,lightglue,2048,16384,834,107_0005_0047.JPG,107_0005_0052.JPG,16384,16384,7473,6990,0.9353673223604978,426.6357421875,0.578125,0.859375,0.9483383297920227,False,ok,0.48806830000830814
D1_154_building,disk-lightglue-r2048-k16384,disk,lightglue,2048,16384,835,107_0005_0047.JPG,107_0005_0053.JPG,16384,16384,9437,8963,0.949772173360178,547.05810546875,0.78125,0.8125,0.955888569355011,False,ok,0.4893183000094723
D1_154_building,disk-lightglue-r2048-k16384,disk,lightglue,2048,16384,836,107_0005_0047.JPG,107_0005_0054.JPG,16384,16384,8437,7807,0.9253289083797558,476.50146484375,0.8125,0.59375,0.9521483182907104,False,ok,0.491545099997893
D1_154_building,disk-lightglue-r2048-k16384,disk,lightglue,2048,16384,837,107_0005_0047.JPG,107_0005_0055.JPG,16384,16384,6601,5760,0.8725950613543403,351.5625,0.640625,0.390625,0.9410214424133301,False,ok,0.4895589999796357
D1_154_building,disk-lightglue-r2048-k16384,disk,lightglue,2048,16384,838,107_0005_0047.JPG,107_0005_0064.JPG,16384,16384,28,9,0.32142857142857145,0.54931640625,0.109375,0.125,0.17200636863708496,True,ok,0.4795037000149023
D1_154_building,disk-lightglue-r2048-k16384,disk,lightglue,2048,16384,839,107_0005_0047.JPG,107_0005_0065.JPG,16384,16384,13,8,0.6153846153846154,0.48828125,0.09375,0.109375,0.14880909025669098,True,ok,0.48231829999713227
D1_154_building,disk-lightglue-r2048-k16384,disk,lightglue,2048,16384,840,107_0005_0047.JPG,107_0005_0081.JPG,16384,16384,25,9,0.36,0.54931640625,0.09375,0.109375,0.18314111232757568,True,ok,0.502694299997529
D1_154_building,disk-lightglue-r2048-k16384,disk,lightglue,2048,16384,841,107_0005_0047.JPG,107_0005_0112.JPG,16384,16384,17,8,0.47058823529411764,0.48828125,0.125,0.125,0.17380400002002716,True,ok,0.47468999997363426
D1_154_building,disk-lightglue-r2048-k16384,disk,lightglue,2048,16384,842,107_0005_0047.JPG,107_0005_0113.JPG,16384,16384,17,8,0.47058823529411764,0.48828125,0.125,0.09375,0.21741808950901031,True,ok,0.5073989999946207
D1_154_building,disk-lightglue-r2048-k16384,disk,lightglue,2048,16384,843,107_0005_0047.JPG,107_0005_0144.JPG,16384,16384,17,8,0.47058823529411764,0.48828125,0.109375,0.09375,0.20398180186748505,True,ok,0.48593480000272393
D1_154_building,disk-lightglue-r2048-k16384,disk,lightglue,2048,16384,844,107_0005_0047.JPG,107_0005_0145.JPG,16384,16384,25,9,0.36,0.54931640625,0.109375,0.109375,0.20931194722652435,True,ok,0.4881865000061225
D1_154_building,disk-lightglue-r2048-k16384,disk,lightglue,2048,16384,845,107_0005_0047.JPG,107_0005_0146.JPG,16384,16384,16,8,0.5,0.48828125,0.109375,0.109375,0.1896752566099167,True,ok,0.4735233999963384
D1_154_building,disk-lightglue-r2048-k16384,disk,lightglue,2048,16384,846,107_0005_0047.JPG,107_0005_0149.JPG,16384,16384,19,8,0.42105263157894735,0.48828125,0.109375,0.109375,0.21390435099601746,True,ok,0.5006570999976248
D1_154_building,disk-lightglue-r2048-k16384,disk,lightglue,2048,16384,847,107_0005_0048.JPG,107_0005_0049.JPG,16384,16384,14381,14186,0.9864404422501912,865.8447265625,0.953125,0.953125,0.9808710813522339,False,ok,0.31515790001139976
D1_154_building,disk-lightglue-r2048-k16384,disk,lightglue,2048,16384,848,107_0005_0048.JPG,107_0005_0050.JPG,16384,16384,11910,11562,0.9707808564231738,705.6884765625,0.859375,0.859375,0.9614645838737488,False,ok,0.32828580000204965
D1_154_building,disk-lightglue-r2048-k16384,disk,lightglue,2048,16384,849,107_0005_0048.JPG,107_0005_0051.JPG,16384,16384,9288,8797,0.94713608957795,536.92626953125,0.765625,0.828125,0.9544247984886169,False,ok,0.4803628000081517
D1_154_building,disk-lightglue-r2048-k16384,disk,lightglue,2048,16384,850,107_0005_0048.JPG,107_0005_0052.JPG,16384,16384,8643,8145,0.9423811176674766,497.13134765625,0.734375,0.765625,0.9535661339759827,False,ok,0.46585450001293793
D1_154_building,disk-lightglue-r2048-k16384,disk,lightglue,2048,16384,851,107_0005_0048.JPG,107_0005_0053.JPG,16384,16384,8533,7851,0.9200750029298019,479.18701171875,0.78125,0.609375,0.9521437287330627,False,ok,0.47391199998673983
D1_154_building,disk-lightglue-r2048-k16384,disk,lightglue,2048,16384,852,107_0005_0048.JPG,107_0005_0054.JPG,16384,16384,7019,5989,0.8532554494942299,365.53955078125,0.71875,0.4375,0.934685230255127,False,ok,0.4783735999953933
D1_154_building,disk-lightglue-r2048-k16384,disk,lightglue,2048,16384,853,107_0005_0048.JPG,107_0005_0055.JPG,16384,16384,5434,4188,0.770702981229297,255.615234375,0.625,0.34375,0.9400315284729004,False,ok,0.37180649998481385
D1_154_building,disk-lightglue-r2048-k16384,disk,lightglue,2048,16384,854,107_0005_0048.JPG,107_0005_0056.JPG,16384,16384,4015,3020,0.7521793275217933,184.326171875,0.546875,0.234375,0.9031639099121094,False,ok,0.37318799999775365
D1_154_building,disk-lightglue-r2048-k16384,disk,lightglue,2048,16384,855,107_0005_0048.JPG,107_0005_0080.JPG,16384,16384,12,7,0.5833333333333334,0.42724609375,0.109375,0.09375,0.20424997806549072,True,ok,0.4925072999903932
D1_154_building,disk-lightglue-r2048-k16384,disk,lightglue,2048,16384,856,107_0005_0048.JPG,107_0005_0081.JPG,16384,16384,21,9,0.42857142857142855,0.54931640625,0.140625,0.140625,0.20281662046909332,True,ok,0.5004236999957357
D1_154_building,disk-lightglue-r2048-k16384,disk,lightglue,2048,16384,857,107_0005_0048.JPG,107_0005_0111.JPG,16384,16384,17,8,0.47058823529411764,0.48828125,0.09375,0.09375,0.17225281894207,True,ok,0.4765077000192832
D1_154_building,disk-lightglue-r2048-k16384,disk,lightglue,2048,16384,858,107_0005_0048.JPG,107_0005_0112.JPG,16384,16384,30,9,0.3,0.54931640625,0.140625,0.09375,0.17674420773983002,True,ok,0.4994765000010375
D1_154_building,disk-lightglue-r2048-k16384,disk,lightglue,2048,16384,859,107_0005_0048.JPG,107_0005_0113.JPG,16384,16384,19,9,0.47368421052631576,0.54931640625,0.140625,0.09375,0.18730776011943817,True,ok,0.46456019999459386
D1_154_building,disk-lightglue-r2048-k16384,disk,lightglue,2048,16384,860,107_0005_0048.JPG,107_0005_0114.JPG,16384,16384,16,8,0.5,0.48828125,0.125,0.0625,0.15820232033729553,True,ok,0.5117231000040192
D1_154_building,disk-lightglue-r2048-k16384,disk,lightglue,2048,16384,861,107_0005_0048.JPG,107_0005_0143.JPG,16384,16384,8,7,0.875,0.42724609375,0.109375,0.09375,0.15931826829910278,True,ok,0.475110900006257
D1_154_building,disk-lightglue-r2048-k16384,disk,lightglue,2048,16384,862,107_0005_0048.JPG,107_0005_0144.JPG,16384,16384,7,0,0.0,0.0,0.0,0.0,0.22546890377998352,True,too_few_matches,0.515826000017114
D1_154_building,disk-lightglue-r2048-k16384,disk,lightglue,2048,16384,863,107_0005_0048.JPG,107_0005_0145.JPG,16384,16384,7,0,0.0,0.0,0.0,0.0,0.2260819673538208,True,too_few_matches,0.46661699999822304
D1_154_building,disk-lightglue-r2048-k16384,disk,lightglue,2048,16384,864,107_0005_0049.JPG,107_0005_0050.JPG,16384,16384,11933,11589,0.9711723791167352,707.33642578125,0.84375,0.84375,0.9647303223609924,False,ok,0.35628219999489374
D1_154_building,disk-lightglue-r2048-k16384,disk,lightglue,2048,16384,865,107_0005_0049.JPG,107_0005_0051.JPG,16384,16384,9281,8817,0.950005387350501,538.14697265625,0.703125,0.78125,0.957829475402832,False,ok,0.48217859998112544
D1_154_building,disk-lightglue-r2048-k16384,disk,lightglue,2048,16384,866,107_0005_0049.JPG,107_0005_0052.JPG,16384,16384,8661,8238,0.9511603740907516,502.8076171875,0.703125,0.75,0.9562061429023743,False,ok,0.48846690001664683
D1_154_building,disk-lightglue-r2048-k16384,disk,lightglue,2048,16384,867,107_0005_0049.JPG,107_0005_0053.JPG,16384,16384,8306,7666,0.9229472670358777,467.8955078125,0.765625,0.59375,0.9550870656967163,False,ok,0.4853892000101041
D1_154_building,disk-lightglue-r2048-k16384,disk,lightglue,2048,16384,868,107_0005_0049.JPG,107_0005_0054.JPG,16384,16384,6802,5758,0.8465157306674508,351.4404296875,0.71875,0.4375,0.938806414604187,False,ok,0.4752219000074547
D1_154_building,disk-lightglue-r2048-k16384,disk,lightglue,2048,16384,869,107_0005_0049.JPG,107_0005_0055.JPG,16384,16384,5164,4063,0.7867931835786213,247.98583984375,0.625,0.328125,0.9182932376861572,False,ok,0.48501309999846853
D1_154_building,disk-lightglue-r2048-k16384,disk,lightglue,2048,16384,870,107_0005_0049.JPG,107_0005_0056.JPG,16384,16384,3841,2887,0.7516271804217651,176.20849609375,0.515625,0.234375,0.906750500202179,False,ok,0.37426819998654537
D1_154_building,disk-lightglue-r2048-k16384,disk,lightglue,2048,16384,871,107_0005_0049.JPG,107_0005_0057.JPG,16384,16384,2727,1885,0.6912357902456913,115.05126953125,0.46875,0.171875,0.9015312790870667,False,ok,0.4607045000011567
D1_154_building,disk-lightglue-r2048-k16384,disk,lightglue,2048,16384,872,107_0005_0049.JPG,107_0005_0080.JPG,16384,16384,12,7,0.5833333333333334,0.42724609375,0.109375,0.109375,0.23323146998882294,True,ok,0.4769674999988638
D1_154_building,disk-lightglue-r2048-k16384,disk,lightglue,2048,16384,873,107_0005_0049.JPG,107_0005_0081.JPG,16384,16384,27,9,0.3333333333333333,0.54931640625,0.125,0.125,0.21342533826828003,True,ok,0.4935348999861162
D1_154_building,disk-lightglue-r2048-k16384,disk,lightglue,2048,16384,874,107_0005_0049.JPG,107_0005_0082.JPG,16384,16384,13,8,0.6153846153846154,0.48828125,0.125,0.125,0.1751967966556549,True,ok,0.46072870001080446
D1_154_building,disk-lightglue-r2048-k16384,disk,lightglue,2048,16384,875,107_0005_0049.JPG,107_0005_0111.JPG,16384,16384,21,9,0.42857142857142855,0.54931640625,0.125,0.109375,0.1707765907049179,True,ok,0.49983529999735765
D1_154_building,disk-lightglue-r2048-k16384,disk,lightglue,2048,16384,876,107_0005_0049.JPG,107_0005_0112.JPG,16384,16384,21,8,0.38095238095238093,0.48828125,0.125,0.078125,0.18946075439453125,True,ok,0.4738707000215072
D1_154_building,disk-lightglue-r2048-k16384,disk,lightglue,2048,16384,877,107_0005_0049.JPG,107_0005_0113.JPG,16384,16384,18,8,0.4444444444444444,0.48828125,0.125,0.09375,0.2070675939321518,True,ok,0.4785277000046335
D1_154_building,disk-lightglue-r2048-k16384,disk,lightglue,2048,16384,878,107_0005_0049.JPG,107_0005_0114.JPG,16384,16384,22,9,0.4090909090909091,0.54931640625,0.125,0.078125,0.15806055068969727,True,ok,0.4892706999962684
D1_154_building,disk-lightglue-r2048-k16384,disk,lightglue,2048,16384,879,107_0005_0049.JPG,107_0005_0143.JPG,16384,16384,12,8,0.6666666666666666,0.48828125,0.109375,0.125,0.16831302642822266,True,ok,0.46936750001623295
D1_154_building,disk-lightglue-r2048-k16384,disk,lightglue,2048,16384,880,107_0005_0049.JPG,107_0005_0144.JPG,16384,16384,14,8,0.5714285714285714,0.48828125,0.109375,0.09375,0.22798292338848114,True,ok,0.5094766000111122
D1_154_building,disk-lightglue-r2048-k16384,disk,lightglue,2048,16384,881,107_0005_0049.JPG,107_0005_0145.JPG,16384,16384,16,8,0.5,0.48828125,0.109375,0.109375,0.18042990565299988,True,ok,0.4662697999738157
D1_154_building,disk-lightglue-r2048-k16384,disk,lightglue,2048,16384,882,107_0005_0050.JPG,107_0005_0051.JPG,16384,16384,12268,11976,0.9761982393218128,730.95703125,0.859375,0.90625,0.9660441279411316,False,ok,0.3502415999828372
D1_154_building,disk-lightglue-r2048-k16384,disk,lightglue,2048,16384,883,107_0005_0050.JPG,107_0005_0052.JPG,16384,16384,11548,11263,0.9753204018011777,687.43896484375,0.828125,0.875,0.9747791886329651,False,ok,0.4795925999933388
D1_154_building,disk-lightglue-r2048-k16384,disk,lightglue,2048,16384,884,107_0005_0050.JPG,107_0005_0053.JPG,16384,16384,10372,9496,0.9155418434246047,579.58984375,0.921875,0.65625,0.9686442613601685,False,ok,0.4745233000139706
D1_154_building,disk-lightglue-r2048-k16384,disk,lightglue,2048,16384,885,107_0005_0050.JPG,107_0005_0054.JPG,16384,16384,8138,6984,0.8581961169820594,426.26953125,0.828125,0.515625,0.9493348598480225,False,ok,0.49162970000179484
D1_154_building,disk-lightglue-r2048-k16384,disk,lightglue,2048,16384,886,107_0005_0050.JPG,107_0005_0055.JPG,16384,16384,5932,4834,0.8149022252191503,295.0439453125,0.703125,0.390625,0.9206210970878601,False,ok,0.47871070000110194
D1_154_building,disk-lightglue-r2048-k16384,disk,lightglue,2048,16384,887,107_0005_0050.JPG,107_0005_0056.JPG,16384,16384,4322,3276,0.7579824155483572,199.951171875,0.59375,0.25,0.9031223058700562,False,ok,0.38403110002400354
D1_154_building,disk-lightglue-r2048-k16384,disk,lightglue,2048,16384,888,107_0005_0050.JPG,107_0005_0057.JPG,16384,16384,2970,2068,0.6962962962962963,126.220703125,0.453125,0.1875,0.882465660572052,False,ok,0.47689489999902435
D1_154_building,disk-lightglue-r2048-k16384,disk,lightglue,2048,16384,889,107_0005_0050.JPG,107_0005_0058.JPG,16384,16384,48,35,0.7291666666666666,2.13623046875,0.15625,0.078125,0.2020222544670105,False,ok,0.4690338999789674
D1_154_building,disk-lightglue-r2048-k16384,disk,lightglue,2048,16384,890,107_0005_0050.JPG,107_0005_0079.JPG,16384,16384,13,8,0.6153846153846154,0.48828125,0.109375,0.125,0.19019891321659088,True,ok,0.4996499000117183
D1_154_building,disk-lightglue-r2048-k16384,disk,lightglue,2048,16384,891,107_0005_0050.JPG,107_0005_0080.JPG,16384,16384,14,8,0.5714285714285714,0.48828125,0.109375,0.09375,0.2114553153514862,True,ok,0.4758492999826558
D1_154_building,disk-lightglue-r2048-k16384,disk,lightglue,2048,16384,892,107_0005_0050.JPG,107_0005_0096.JPG,16384,16384,5,0,0.0,0.0,0.0,0.0,0.1340905725955963,True,too_few_matches,0.4937531999894418
D1_154_building,disk-lightglue-r2048-k16384,disk,lightglue,2048,16384,893,107_0005_0050.JPG,107_0005_0111.JPG,16384,16384,18,8,0.4444444444444444,0.48828125,0.125,0.0625,0.1737966537475586,True,ok,0.48500019998755306
D1_154_building,disk-lightglue-r2048-k16384,disk,lightglue,2048,16384,894,107_0005_0050.JPG,107_0005_0112.JPG,16384,16384,34,9,0.2647058823529412,0.54931640625,0.125,0.078125,0.17829406261444092,True,ok,0.49155760000576265
D1_154_building,disk-lightglue-r2048-k16384,disk,lightglue,2048,16384,895,107_0005_0050.JPG,107_0005_0113.JPG,16384,16384,25,9,0.36,0.54931640625,0.125,0.09375,0.19300952553749084,True,ok,0.468911100004334
D1_154_building,disk-lightglue-r2048-k16384,disk,lightglue,2048,16384,896,107_0005_0050.JPG,107_0005_0145.JPG,16384,16384,12,7,0.5833333333333334,0.42724609375,0.09375,0.109375,0.1647653877735138,True,ok,0.4624439000035636
D1_154_building,disk-lightglue-r2048-k16384,disk,lightglue,2048,16384,897,107_0005_0051.JPG,107_0005_0052.JPG,16384,16384,14033,13843,0.9864604859972921,844.90966796875,1.0,1.0,0.9789330959320068,False,ok,0.33817909998469986
D1_154_building,disk-lightglue-r2048-k16384,disk,lightglue,2048,16384,898,107_0005_0051.JPG,107_0005_0053.JPG,16384,16384,11153,10468,0.9385815475656774,638.916015625,1.0,0.75,0.9535950422286987,False,ok,0.318426299985731
D1_154_building,disk-lightglue-r2048-k16384,disk,lightglue,2048,16384,899,107_0005_0051.JPG,107_0005_0054.JPG,16384,16384,8224,7370,0.8961575875486382,449.8291015625,0.875,0.5625,0.9568092226982117,False,ok,0.5005673999839928
D1_154_building,disk-lightglue-r2048-k16384,disk,lightglue,2048,16384,900,107_0005_0051.JPG,107_0005_0055.JPG,16384,16384,5730,4812,0.8397905759162304,293.701171875,0.75,0.390625,0.9270552396774292,False,ok,0.4599937000020873
D1_154_building,disk-lightglue-r2048-k16384,disk,lightglue,2048,16384,901,107_0005_0051.JPG,107_0005_0056.JPG,16384,16384,4154,3203,0.7710640346653828,195.49560546875,0.625,0.265625,0.9033257961273193,False,ok,0.407754699990619
D1_154_building,disk-lightglue-r2048-k16384,disk,lightglue,2048,16384,902,107_0005_0051.JPG,107_0005_0057.JPG,16384,16384,2851,1999,0.7011574886004911,122.00927734375,0.5,0.1875,0.8828902840614319,False,ok,0.4724311000027228
D1_154_building,disk-lightglue-r2048-k16384,disk,lightglue,2048,16384,903,107_0005_0051.JPG,107_0005_0058.JPG,16384,16384,106,58,0.5471698113207547,3.5400390625,0.140625,0.046875,0.26020270586013794,False,ok,0.4835968000115827
D1_154_building,disk-lightglue-r2048-k16384,disk,lightglue,2048,16384,904,107_0005_0051.JPG,107_0005_0059.JPG,16384,16384,47,27,0.574468085106383,1.64794921875,0.09375,0.046875,0.20785191655158997,False,ok,0.49382500001229346
D1_154_building,disk-lightglue-r2048-k16384,disk,lightglue,2048,16384,905,107_0005_0051.JPG,107_0005_0077.JPG,16384,16384,9,7,0.7777777777777778,0.42724609375,0.09375,0.109375,0.17632468044757843,True,ok,0.4823096999898553
D1_154_building,disk-lightglue-r2048-k16384,disk,lightglue,2048,16384,906,107_0005_0051.JPG,107_0005_0078.JPG,16384,16384,11,7,0.6363636363636364,0.42724609375,0.109375,0.078125,0.2196343094110489,True,ok,0.5060125000018161
D1_154_building,disk-lightglue-r2048-k16384,disk,lightglue,2048,16384,907,107_0005_0051.JPG,107_0005_0079.JPG,16384,16384,8,0,0.0,0.0,0.0,0.0,0.19354040920734406,True,no_model,0.49606710000080056
D1_154_building,disk-lightglue-r2048-k16384,disk,lightglue,2048,16384,908,107_0005_0051.JPG,107_0005_0095.JPG,16384,16384,10,7,0.7,0.42724609375,0.109375,0.078125,0.17910030484199524,True,ok,0.48704349997569807
D1_154_building,disk-lightglue-r2048-k16384,disk,lightglue,2048,16384,909,107_0005_0051.JPG,107_0005_0096.JPG,16384,16384,7,0,0.0,0.0,0.0,0.0,0.17055287957191467,True,too_few_matches,0.49496199999703094
D1_154_building,disk-lightglue-r2048-k16384,disk,lightglue,2048,16384,910,107_0005_0051.JPG,107_0005_0097.JPG,16384,16384,13,8,0.6153846153846154,0.48828125,0.109375,0.109375,0.23684900999069214,True,ok,0.4821776000026148
D1_154_building,disk-lightglue-r2048-k16384,disk,lightglue,2048,16384,911,107_0005_0052.JPG,107_0005_0053.JPG,16384,16384,10815,10220,0.9449838187702265,623.779296875,1.0,0.75,0.9744753837585449,False,ok,0.4812396999914199
D1_154_building,disk-lightglue-r2048-k16384,disk,lightglue,2048,16384,912,107_0005_0052.JPG,107_0005_0054.JPG,16384,16384,7986,7207,0.9024542950162785,439.88037109375,0.875,0.578125,0.9557526707649231,False,ok,0.48701169999549165
D1_154_building,disk-lightglue-r2048-k16384,disk,lightglue,2048,16384,913,107_0005_0052.JPG,107_0005_0055.JPG,16384,16384,5577,4714,0.8452573067957684,287.7197265625,0.75,0.390625,0.9246857762336731,False,ok,0.4891034000029322
D1_154_building,disk-lightglue-r2048-k16384,disk,lightglue,2048,16384,914,107_0005_0052.JPG,107_0005_0056.JPG,16384,16384,4068,3195,0.7853982300884956,195.00732421875,0.625,0.25,0.8991790413856506,False,ok,0.3933168000075966
D1_154_building,disk-lightglue-r2048-k16384,disk,lightglue,2048,16384,915,107_0005_0052.JPG,107_0005_0057.JPG,16384,16384,2790,1966,0.7046594982078853,119.9951171875,0.5,0.1875,0.8825238943099976,False,ok,0.4909486999968067
D1_154_building,disk-lightglue-r2048-k16384,disk,lightglue,2048,16384,916,107_0005_0052.JPG,107_0005_0058.JPG,16384,16384,38,28,0.7368421052631579,1.708984375,0.171875,0.09375,0.18313035368919373,False,ok,0.4738294999988284
D1_154_building,disk-lightglue-r2048-k16384,disk,lightglue,2048,16384,917,107_0005_0052.JPG,107_0005_0059.JPG,16384,16384,22,14,0.6363636363636364,0.8544921875,0.125,0.078125,0.19640079140663147,True,ok,0.4861160000145901
D1_154_building,disk-lightglue-r2048-k16384,disk,lightglue,2048,16384,918,107_0005_0052.JPG,107_0005_0060.JPG,16384,16384,2829,1934,0.6836337928596677,118.0419921875,0.484375,0.15625,0.8933126926422119,False,ok,0.522061700001359
D1_154_building,disk-lightglue-r2048-k16384,disk,lightglue,2048,16384,919,107_0005_0052.JPG,107_0005_0077.JPG,16384,16384,4,0,0.0,0.0,0.0,0.0,0.2319849580526352,True,too_few_matches,0.464912399998866
D1_154_building,disk-lightglue-r2048-k16384,disk,lightglue,2048,16384,920,107_0005_0052.JPG,107_0005_0078.JPG,16384,16384,15,8,0.5333333333333333,0.48828125,0.109375,0.125,0.21676349639892578,True,ok,0.5200258000113536
D1_154_building,disk-lightglue-r2048-k16384,disk,lightglue,2048,16384,921,107_0005_0052.JPG,107_0005_0079.JPG,16384,16384,9,7,0.7777777777777778,0.42724609375,0.09375,0.109375,0.31059837341308594,True,ok,0.47751749999588355
D1_154_building,disk-lightglue-r2048-k16384,disk,lightglue,2048,16384,922,107_0005_0052.JPG,107_0005_0095.JPG,16384,16384,4,0,0.0,0.0,0.0,0.0,0.15988200902938843,True,too_few_matches,0.5096914000168908
D1_154_building,disk-lightglue-r2048-k16384,disk,lightglue,2048,16384,923,107_0005_0052.JPG,107_0005_0096.JPG,16384,16384,6,0,0.0,0.0,0.0,0.0,0.15494056046009064,True,too_few_matches,0.4903879000048619
D1_154_building,disk-lightglue-r2048-k16384,disk,lightglue,2048,16384,924,107_0005_0052.JPG,107_0005_0097.JPG,16384,16384,9,7,0.7777777777777778,0.42724609375,0.109375,0.109375,0.19530068337917328,True,ok,0.5008041999826673
D1_154_building,disk-lightglue-r2048-k16384,disk,lightglue,2048,16384,925,107_0005_0053.JPG,107_0005_0054.JPG,16384,16384,11824,11293,0.9550913396481732,689.27001953125,0.984375,0.828125,0.9678015112876892,False,ok,0.3342714000027627
D1_154_building,disk-lightglue-r2048-k16384,disk,lightglue,2048,16384,926,107_0005_0053.JPG,107_0005_0055.JPG,16384,16384,8443,7711,0.9133009593746299,470.64208984375,0.78125,0.53125,0.9660820364952087,False,ok,0.45537869998952374
D1_154_building,disk-lightglue-r2048-k16384,disk,lightglue,2048,16384,927,107_0005_0053.JPG,107_0005_0056.JPG,16384,16384,6176,5347,0.865770725388601,326.35498046875,0.65625,0.359375,0.9393936991691589,False,ok,0.49840450001647696
D1_154_building,disk-lightglue-r2048-k16384,disk,lightglue,2048,16384,928,107_0005_0053.JPG,107_0005_0057.JPG,16384,16384,4379,3499,0.7990408769125371,213.56201171875,0.546875,0.265625,0.9203364253044128,False,ok,0.36739199998555705
D1_154_building,disk-lightglue-r2048-k16384,disk,lightglue,2048,16384,929,107_0005_0053.JPG,107_0005_0058.JPG,16384,16384,2590,1912,0.7382239382239382,116.69921875,0.40625,0.15625,0.8995841145515442,False,ok,0.45720770000480115
D1_154_building,disk-lightglue-r2048-k16384,disk,lightglue,2048,16384,930,107_0005_0053.JPG,107_0005_0059.JPG,16384,16384,2392,1711,0.7153010033444817,104.43115234375,0.40625,0.15625,0.8832814693450928,False,ok,0.45332160001271404
D1_154_building,disk-lightglue-r2048-k16384,disk,lightglue,2048,16384,931,107_0005_0053.JPG,107_0005_0060.JPG,16384,16384,4145,3321,0.8012062726176116,202.69775390625,0.578125,0.21875,0.8928868770599365,False,ok,0.39368320000357926
D1_154_building,disk-lightglue-r2048-k16384,disk,lightglue,2048,16384,932,107_0005_0053.JPG,107_0005_0061.JPG,16384,16384,4389,3669,0.8359535201640464,223.93798828125,0.484375,0.234375,0.9257602095603943,False,ok,0.5586975000042003
D1_154_building,disk-lightglue-r2048-k16384,disk,lightglue,2048,16384,933,107_0005_0053.JPG,107_0005_0066.JPG,16384,16384,12,8,0.6666666666666666,0.48828125,0.109375,0.125,0.23978936672210693,True,ok,0.4863887999963481
D1_154_building,disk-lightglue-r2048-k16384,disk,lightglue,2048,16384,934,107_0005_0053.JPG,107_0005_0067.JPG,16384,16384,13,8,0.6153846153846154,0.48828125,0.125,0.125,0.2385481894016266,True,ok,0.49614329999894835
D1_154_building,disk-lightglue-r2048-k16384,disk,lightglue,2048,16384,935,107_0005_0053.JPG,107_0005_0068.JPG,16384,16384,17,8,0.47058823529411764,0.48828125,0.09375,0.09375,0.17620693147182465,True,ok,0.490639999974519
D1_154_building,disk-lightglue-r2048-k16384,disk,lightglue,2048,16384,936,107_0005_0053.JPG,107_0005_0078.JPG,16384,16384,11,7,0.6363636363636364,0.42724609375,0.09375,0.09375,0.21282845735549927,True,ok,0.4999111999932211
D1_154_building,disk-lightglue-r2048-k16384,disk,lightglue,2048,16384,937,107_0005_0053.JPG,107_0005_0079.JPG,16384,16384,21,9,0.42857142857142855,0.54931640625,0.09375,0.125,0.24134735763072968,True,ok,0.49433180000050925
D1_154_building,disk-lightglue-r2048-k16384,disk,lightglue,2048,16384,938,107_0005_0053.JPG,107_0005_0096.JPG,16384,16384,10,7,0.7,0.42724609375,0.109375,0.078125,0.20539195835590363,True,ok,0.49091589997988194
D1_154_building,disk-lightglue-r2048-k16384,disk,lightglue,2048,16384,939,107_0005_0054.JPG,107_0005_0055.JPG,16384,16384,11360,10802,0.9508802816901408,659.3017578125,0.96875,0.8125,0.9671016931533813,False,ok,0.3511575000011362
D1_154_building,disk-lightglue-r2048-k16384,disk,lightglue,2048,16384,940,107_0005_0054.JPG,107_0005_0056.JPG,16384,16384,8462,7691,0.9088867879933822,469.42138671875,0.8125,0.578125,0.9647643566131592,False,ok,0.4848127999866847
D1_154_building,disk-lightglue-r2048-k16384,disk,lightglue,2048,16384,941,107_0005_0054.JPG,107_0005_0057.JPG,16384,16384,6190,5285,0.8537964458804523,322.57080078125,0.671875,0.390625,0.9340057373046875,False,ok,0.4772854999755509
D1_154_building,disk-lightglue-r2048-k16384,disk,lightglue,2048,16384,942,107_0005_0054.JPG,107_0005_0058.JPG,16384,16384,4053,3242,0.7999013076733283,197.8759765625,0.515625,0.28125,0.9157389998435974,False,ok,0.39076390000991523
D1_154_building,disk-lightglue-r2048-k16384,disk,lightglue,2048,16384,943,107_0005_0054.JPG,107_0005_0059.JPG,16384,16384,3845,3010,0.7828348504551366,183.7158203125,0.515625,0.28125,0.9038794636726379,False,ok,0.38937439999426715
D1_154_building,disk-lightglue-r2048-k16384,disk,lightglue,2048,16384,944,107_0005_0054.JPG,107_0005_0060.JPG,16384,16384,5791,4937,0.8525297876014505,301.33056640625,0.71875,0.359375,0.9176220297813416,False,ok,0.49026449999655597
D1_154_building,disk-lightglue-r2048-k16384,disk,lightglue,2048,16384,945,107_0005_0054.JPG,107_0005_0061.JPG,16384,16384,5392,4798,0.8898367952522255,292.8466796875,0.515625,0.390625,0.921475887298584,False,ok,0.48529209999833256
D1_154_building,disk-lightglue-r2048-k16384,disk,lightglue,2048,16384,946,107_0005_0054.JPG,107_0005_0062.JPG,16384,16384,19,9,0.47368421052631576,0.54931640625,0.125,0.125,0.24501968920230865,True,ok,0.47297509998315945
D1_154_building,disk-lightglue-r2048-k16384,disk,lightglue,2048,16384,947,107_0005_0054.JPG,107_0005_0065.JPG,16384,16384,19,8,0.42105263157894735,0.48828125,0.109375,0.109375,0.1544388234615326,True,ok,0.49170280000544153
D1_154_building,disk-lightglue-r2048-k16384,disk,lightglue,2048,16384,948,107_0005_0054.JPG,107_0005_0066.JPG,16384,16384,20,8,0.4,0.48828125,0.109375,0.125,0.17912329733371735,True,ok,0.4841602999949828
D1_154_building,disk-lightglue-r2048-k16384,disk,lightglue,2048,16384,949,107_0005_0054.JPG,107_0005_0067.JPG,16384,16384,18,8,0.4444444444444444,0.48828125,0.125,0.125,0.21617789566516876,True,ok,0.4937603999860585
D1_154_building,disk-lightglue-r2048-k16384,disk,lightglue,2048,16384,950,107_0005_0054.JPG,107_0005_0068.JPG,16384,16384,17,8,0.47058823529411764,0.48828125,0.09375,0.125,0.2513682246208191,True,ok,0.48955410000053234
D1_154_building,disk-lightglue-r2048-k16384,disk,lightglue,2048,16384,951,107_0005_0054.JPG,107_0005_0069.JPG,16384,16384,20,8,0.4,0.48828125,0.09375,0.09375,0.2335270345211029,True,ok,0.4981469000049401
D1_154_building,disk-lightglue-r2048-k16384,disk,lightglue,2048,16384,952,107_0005_0054.JPG,107_0005_0147.JPG,16384,16384,23,9,0.391304347826087,0.54931640625,0.140625,0.109375,0.2683638632297516,True,ok,0.48682419999386184
D1_154_building,disk-lightglue-r2048-k16384,disk,lightglue,2048,16384,953,107_0005_0054.JPG,107_0005_0148.JPG,16384,16384,17,8,0.47058823529411764,0.48828125,0.109375,0.109375,0.21329230070114136,True,ok,0.48076199999195524
D1_154_building,disk-lightglue-r2048-k16384,disk,lightglue,2048,16384,954,107_0005_0055.JPG,107_0005_0056.JPG,16384,16384,11993,11437,0.9536396231134828,698.05908203125,0.953125,0.765625,0.9683336019515991,False,ok,0.3332211999804713
D1_154_building,disk-lightglue-r2048-k16384,disk,lightglue,2048,16384,955,107_0005_0055.JPG,107_0005_0057.JPG,16384,16384,9143,8296,0.9073608224871487,506.34765625,0.796875,0.59375,0.9581544399261475,False,ok,0.48384170001372695
D1_154_building,disk-lightglue-r2048-k16384,disk,lightglue,2048,16384,956,107_0005_0055.JPG,107_0005_0058.JPG,16384,16384,6381,5472,0.8575458392101551,333.984375,0.65625,0.4375,0.9257305860519409,False,ok,0.4870731999981217
D1_154_building,disk-lightglue-r2048-k16384,disk,lightglue,2048,16384,957,107_0005_0055.JPG,107_0005_0059.JPG,16384,16384,6090,5199,0.8536945812807881,317.32177734375,0.671875,0.40625,0.922588586807251,False,ok,0.4872151999734342
D1_154_building,disk-lightglue-r2048-k16384,disk,lightglue,2048,16384,958,107_0005_0055.JPG,107_0005_0060.JPG,16384,16384,7876,7146,0.9073133570340274,436.1572265625,0.78125,0.484375,0.9470863342285156,False,ok,0.4840457999962382
D1_154_building,disk-lightglue-r2048-k16384,disk,lightglue,2048,16384,959,107_0005_0055.JPG,107_0005_0061.JPG,16384,16384,6698,6085,0.9084801433263661,371.39892578125,0.640625,0.515625,0.9525786638259888,False,ok,0.47329640001407824
D1_154_building,disk-lightglue-r2048-k16384,disk,lightglue,2048,16384,960,107_0005_0055.JPG,107_0005_0062.JPG,16384,16384,29,10,0.3448275862068966,0.6103515625,0.125,0.109375,0.19781123101711273,True,ok,0.4727167999953963
D1_154_building,disk-lightglue-r2048-k16384,disk,lightglue,2048,16384,961,107_0005_0055.JPG,107_0005_0063.JPG,16384,16384,33,9,0.2727272727272727,0.54931640625,0.125,0.140625,0.20107853412628174,True,ok,0.485257599997567
D1_154_building,disk-lightglue-r2048-k16384,disk,lightglue,2048,16384,962,107_0005_0055.JPG,107_0005_0065.JPG,16384,16384,16,8,0.5,0.48828125,0.109375,0.125,0.1964244246482849,True,ok,0.46219739998923615
D1_154_building,disk-lightglue-r2048-k16384,disk,lightglue,2048,16384,963,107_0005_0055.JPG,107_0005_0066.JPG,16384,16384,24,9,0.375,0.54931640625,0.140625,0.140625,0.18415701389312744,True,ok,0.5112268000084441
D1_154_building,disk-lightglue-r2048-k16384,disk,lightglue,2048,16384,964,107_0005_0055.JPG,107_0005_0067.JPG,16384,16384,21,9,0.42857142857142855,0.54931640625,0.125,0.109375,0.24235473573207855,True,ok,0.4570767999975942
D1_154_building,disk-lightglue-r2048-k16384,disk,lightglue,2048,16384,965,107_0005_0055.JPG,107_0005_0068.JPG,16384,16384,20,8,0.4,0.48828125,0.125,0.109375,0.18397359549999237,True,ok,0.5088566000049468
D1_154_building,disk-lightglue-r2048-k16384,disk,lightglue,2048,16384,966,107_0005_0055.JPG,107_0005_0148.JPG,16384,16384,21,8,0.38095238095238093,0.48828125,0.078125,0.109375,0.2046002894639969,True,ok,0.4637634000100661
D1_154_building,disk-lightglue-r2048-k16384,disk,lightglue,2048,16384,967,107_0005_0056.JPG,107_0005_0057.JPG,16384,16384,11887,11346,0.9544880962395895,692.5048828125,0.90625,0.71875,0.9668379426002502,False,ok,0.4979688999883365
D1_154_building,disk-lightglue-r2048-k16384,disk,lightglue,2048,16384,968,107_0005_0056.JPG,107_0005_0058.JPG,16384,16384,8440,7656,0.9071090047393365,467.28515625,0.765625,0.53125,0.952723503112793,False,ok,0.47007989999838173
D1_154_building,disk-lightglue-r2048-k16384,disk,lightglue,2048,16384,969,107_0005_0056.JPG,107_0005_0059.JPG,16384,16384,8023,7248,0.9034027171880843,442.3828125,0.78125,0.53125,0.9513624310493469,False,ok,0.4875991999870166
D1_154_building,disk-lightglue-r2048-k16384,disk,lightglue,2048,16384,970,107_0005_0056.JPG,107_0005_0060.JPG,16384,16384,9396,8940,0.9514687100893997,545.654296875,0.8125,0.578125,0.9658214449882507,False,ok,0.4792662000108976
D1_154_building,disk-lightglue-r2048-k16384,disk,lightglue,2048,16384,971,107_0005_0056.JPG,107_0005_0061.JPG,16384,16384,7073,6543,0.9250671567934399,399.35302734375,0.65625,0.625,0.9544810652732849,False,ok,0.48282770000514574
D1_154_building,disk-lightglue-r2048-k16384,disk,lightglue,2048,16384,972,107_0005_0056.JPG,107_0005_0062.JPG,16384,16384,22,8,0.36363636363636365,0.48828125,0.125,0.109375,0.20529705286026,True,ok,0.48746370000299066
D1_154_building,disk-lightglue-r2048-k16384,disk,lightglue,2048,16384,973,107_0005_0056.JPG,107_0005_0063.JPG,16384,16384,45,10,0.2222222222222222,0.6103515625,0.125,0.140625,0.20233234763145447,True,ok,0.4846329000138212
D1_154_building,disk-lightglue-r2048-k16384,disk,lightglue,2048,16384,974,107_0005_0056.JPG,107_0005_0064.JPG,16384,16384,50,10,0.2,0.6103515625,0.140625,0.15625,0.2359236180782318,True,ok,0.4751049999904353
D1_154_building,disk-lightglue-r2048-k16384,disk,lightglue,2048,16384,975,107_0005_0056.JPG,107_0005_0066.JPG,16384,16384,40,9,0.225,0.54931640625,0.125,0.125,0.19985882937908173,True,ok,0.4715247999993153
D1_154_building,disk-lightglue-r2048-k16384,disk,lightglue,2048,16384,976,107_0005_0057.JPG,107_0005_0058.JPG,16384,16384,10790,10288,0.9534754402224281,627.9296875,0.84375,0.671875,0.9588649272918701,False,ok,0.4870107999886386
D1_154_building,disk-lightglue-r2048-k16384,disk,lightglue,2048,16384,977,107_0005_0057.JPG,107_0005_0059.JPG,16384,16384,10231,9715,0.9495650474049457,592.95654296875,0.828125,0.640625,0.9587588906288147,False,ok,0.4723585000028834
D1_154_building,disk-lightglue-r2048-k16384,disk,lightglue,2048,16384,978,107_0005_0057.JPG,107_0005_0060.JPG,16384,16384,10449,10094,0.9660254569815293,616.0888671875,0.703125,0.671875,0.9584581851959229,False,ok,0.48894139999174513
D1_154_building,disk-lightglue-r2048-k16384,disk,lightglue,2048,16384,979,107_0005_0057.JPG,107_0005_0061.JPG,16384,16384,6658,5461,0.8202162811655151,333.31298828125,0.546875,0.671875,0.9398127198219299,False,ok,0.5250496999942698
D1_154_building,disk-lightglue-r2048-k16384,disk,lightglue,2048,16384,980,107_0005_0057.JPG,107_0005_0062.JPG,16384,16384,35,9,0.2571428571428571,0.54931640625,0.09375,0.109375,0.17046210169792175,True,ok,0.4924237999948673
D1_154_building,disk-lightglue-r2048-k16384,disk,lightglue,2048,16384,981,107_0005_0057.JPG,107_0005_0063.JPG,16384,16384,28,9,0.32142857142857145,0.54931640625,0.125,0.140625,0.22798952460289001,True,ok,0.4793172999925446
D1_154_building,disk-lightglue-r2048-k16384,disk,lightglue,2048,16384,982,107_0005_0057.JPG,107_0005_0064.JPG,16384,16384,41,9,0.21951219512195122,0.54931640625,0.109375,0.125,0.22156645357608795,True,ok,0.46551300000282936
D1_154_building,disk-lightglue-r2048-k16384,disk,lightglue,2048,16384,983,107_0005_0057.JPG,107_0005_0065.JPG,16384,16384,37,9,0.24324324324324326,0.54931640625,0.109375,0.109375,0.22357936203479767,True,ok,0.4864901000109967
D1_154_building,disk-lightglue-r2048-k16384,disk,lightglue,2048,16384,984,107_0005_0058.JPG,107_0005_0059.JPG,16384,16384,14112,13668,0.9685374149659864,834.228515625,0.828125,0.828125,0.9494502544403076,False,ok,0.4553629999863915
D1_154_building,disk-lightglue-r2048-k16384,disk,lightglue,2048,16384,985,107_0005_0058.JPG,107_0005_0060.JPG,16384,16384,8971,8125,0.9056961319808271,495.91064453125,0.59375,0.71875,0.9432347416877747,False,ok,0.4672779999964405
D1_154_building,disk-lightglue-r2048-k16384,disk,lightglue,2048,16384,986,107_0005_0058.JPG,107_0005_0061.JPG,16384,16384,5116,3704,0.7240031274433151,226.07421875,0.46875,0.6875,0.9135705828666687,False,ok,0.5665325000009034
D1_154_building,disk-lightglue-r2048-k16384,disk,lightglue,2048,16384,987,107_0005_0058.JPG,107_0005_0062.JPG,16384,16384,23,8,0.34782608695652173,0.48828125,0.09375,0.109375,0.1545669138431549,True,ok,0.47400019998895004
D1_154_building,disk-lightglue-r2048-k16384,disk,lightglue,2048,16384,988,107_0005_0058.JPG,107_0005_0063.JPG,16384,16384,26,9,0.34615384615384615,0.54931640625,0.109375,0.109375,0.15867973864078522,True,ok,0.4764854999957606
D1_154_building,disk-lightglue-r2048-k16384,disk,lightglue,2048,16384,989,107_0005_0058.JPG,107_0005_0064.JPG,16384,16384,41,10,0.24390243902439024,0.6103515625,0.125,0.125,0.20943373441696167,True,ok,0.46777170000132173
D1_154_building,disk-lightglue-r2048-k16384,disk,lightglue,2048,16384,990,107_0005_0058.JPG,107_0005_0065.JPG,16384,16384,39,9,0.23076923076923078,0.54931640625,0.140625,0.140625,0.21423016488552094,True,ok,0.47830759998760186
D1_154_building,disk-lightglue-r2048-k16384,disk,lightglue,2048,16384,991,107_0005_0058.JPG,107_0005_0066.JPG,16384,16384,35,9,0.2571428571428571,0.54931640625,0.140625,0.140625,0.18067605793476105,True,ok,0.4728354999970179
D1_154_building,disk-lightglue-r2048-k16384,disk,lightglue,2048,16384,992,107_0005_0059.JPG,107_0005_0060.JPG,16384,16384,8384,7612,0.9079198473282443,464.599609375,0.609375,0.765625,0.9408392310142517,False,ok,0.48692910000681877
D1_154_building,disk-lightglue-r2048-k16384,disk,lightglue,2048,16384,993,107_0005_0059.JPG,107_0005_0061.JPG,16384,16384,4823,3462,0.7178104913953971,211.3037109375,0.453125,0.671875,0.9027350544929504,False,ok,0.6000366999942344
D1_154_building,disk-lightglue-r2048-k16384,disk,lightglue,2048,16384,994,107_0005_0059.JPG,107_0005_0062.JPG,16384,16384,30,9,0.3,0.54931640625,0.09375,0.09375,0.171210378408432,True,ok,0.5167451000015717
D1_154_building,disk-lightglue-r2048-k16384,disk,lightglue,2048,16384,995,107_0005_0059.JPG,107_0005_0063.JPG,16384,16384,24,9,0.375,0.54931640625,0.125,0.125,0.1760520488023758,True,ok,0.5016976000042632
D1_154_building,disk-lightglue-r2048-k16384,disk,lightglue,2048,16384,996,107_0005_0059.JPG,107_0005_0064.JPG,16384,16384,34,9,0.2647058823529412,0.54931640625,0.109375,0.09375,0.21962027251720428,True,ok,0.4717283000063617
D1_154_building,disk-lightglue-r2048-k16384,disk,lightglue,2048,16384,997,107_0005_0059.JPG,107_0005_0065.JPG,16384,16384,34,9,0.2647058823529412,0.54931640625,0.09375,0.140625,0.18751166760921478,True,ok,0.4697803000162821
D1_154_building,disk-lightglue-r2048-k16384,disk,lightglue,2048,16384,998,107_0005_0059.JPG,107_0005_0066.JPG,16384,16384,33,9,0.2727272727272727,0.54931640625,0.109375,0.125,0.19443108141422272,True,ok,0.4855526000028476
D1_154_building,disk-lightglue-r2048-k16384,disk,lightglue,2048,16384,999,107_0005_0059.JPG,107_0005_0067.JPG,16384,16384,36,9,0.25,0.54931640625,0.09375,0.125,0.200094535946846,True,ok,0.4572903999942355
D1_154_building,disk-lightglue-r2048-k16384,disk,lightglue,2048,16384,1000,107_0005_0060.JPG,107_0005_0061.JPG,16384,16384,8468,7173,0.8470713273500237,437.80517578125,0.703125,0.828125,0.9555282592773438,False,ok,0.4502898000064306
D1_154_building,disk-lightglue-r2048-k16384,disk,lightglue,2048,16384,1001,107_0005_0060.JPG,107_0005_0062.JPG,16384,16384,4914,2871,0.5842490842490843,175.23193359375,0.484375,0.671875,0.8353543281555176,False,ok,0.8626036000205204
D1_154_building,disk-lightglue-r2048-k16384,disk,lightglue,2048,16384,1002,107_0005_0060.JPG,107_0005_0063.JPG,16384,16384,37,9,0.24324324324324326,0.54931640625,0.125,0.140625,0.19482499361038208,True,ok,0.48662100001820363
D1_154_building,disk-lightglue-r2048-k16384,disk,lightglue,2048,16384,1003,107_0005_0060.JPG,107_0005_0064.JPG,16384,16384,49,11,0.22448979591836735,0.67138671875,0.140625,0.125,0.2173285335302353,True,ok,0.47241200000280514
D1_154_building,disk-lightglue-r2048-k16384,disk,lightglue,2048,16384,1004,107_0005_0060.JPG,107_0005_0065.JPG,16384,16384,39,9,0.23076923076923078,0.54931640625,0.140625,0.125,0.2127782106399536,True,ok,0.48205580000649206
D1_154_building,disk-lightglue-r2048-k16384,disk,lightglue,2048,16384,1005,107_0005_0060.JPG,107_0005_0066.JPG,16384,16384,46,10,0.21739130434782608,0.6103515625,0.140625,0.140625,0.2021021991968155,True,ok,0.4819560000032652
D1_154_building,disk-lightglue-r2048-k16384,disk,lightglue,2048,16384,1006,107_0005_0060.JPG,107_0005_0067.JPG,16384,16384,49,10,0.20408163265306123,0.6103515625,0.125,0.140625,0.22489717602729797,True,ok,0.48659320001024753
D1_154_building,disk-lightglue-r2048-k16384,disk,lightglue,2048,16384,1007,107_0005_0060.JPG,107_0005_0068.JPG,16384,16384,37,9,0.24324324324324326,0.54931640625,0.109375,0.140625,0.2460147738456726,True,ok,0.47209409999777563
D1_154_building,disk-lightglue-r2048-k16384,disk,lightglue,2048,16384,1008,107_0005_0061.JPG,107_0005_0062.JPG,16384,16384,8419,7166,0.8511699726808409,437.3779296875,0.71875,0.859375,0.9550397992134094,False,ok,0.4766463999985717
D1_154_building,disk-lightglue-r2048-k16384,disk,lightglue,2048,16384,1009,107_0005_0061.JPG,107_0005_0063.JPG,16384,16384,59,10,0.1694915254237288,0.6103515625,0.125,0.109375,0.22889557480812073,True,ok,0.4801185999822337
D1_154_building,disk-lightglue-r2048-k16384,disk,lightglue,2048,16384,1010,107_0005_0061.JPG,107_0005_0064.JPG,16384,16384,32,9,0.28125,0.54931640625,0.109375,0.125,0.23992666602134705,True,ok,0.4879642000014428
D1_154_building,disk-lightglue-r2048-k16384,disk,lightglue,2048,16384,1011,107_0005_0061.JPG,107_0005_0065.JPG,16384,16384,43,9,0.20930232558139536,0.54931640625,0.125,0.140625,0.21594533324241638,True,ok,0.48100039997370914
D1_154_building,disk-lightglue-r2048-k16384,disk,lightglue,2048,16384,1012,107_0005_0061.JPG,107_0005_0066.JPG,16384,16384,38,10,0.2631578947368421,0.6103515625,0.125,0.125,0.19799189269542694,True,ok,0.4795247999718413
D1_154_building,disk-lightglue-r2048-k16384,disk,lightglue,2048,16384,1013,107_0005_0061.JPG,107_0005_0067.JPG,16384,16384,31,9,0.2903225806451613,0.54931640625,0.109375,0.125,0.21743911504745483,True,ok,0.4617036000126973
D1_154_building,disk-lightglue-r2048-k16384,disk,lightglue,2048,16384,1014,107_0005_0061.JPG,107_0005_0068.JPG,16384,16384,20,8,0.4,0.48828125,0.109375,0.078125,0.2370840609073639,True,ok,0.4833179000124801
D1_154_building,disk-lightglue-r2048-k16384,disk,lightglue,2048,16384,1015,107_0005_0061.JPG,107_0005_0069.JPG,16384,16384,24,8,0.3333333333333333,0.48828125,0.109375,0.125,0.2008466124534607,True,ok,0.4850008999928832
D1_154_building,disk-lightglue-r2048-k16384,disk,lightglue,2048,16384,1016,107_0005_0061.JPG,107_0005_0148.JPG,16384,16384,24,9,0.375,0.54931640625,0.125,0.125,0.2170025259256363,True,ok,0.4669823999865912
D1_154_building,disk-lightglue-r2048-k16384,disk,lightglue,2048,16384,1017,107_0005_0062.JPG,107_0005_0063.JPG,16384,16384,9293,8008,0.8617238781878833,488.76953125,0.6875,0.796875,0.9592830538749695,False,ok,0.5980466000037268
D1_154_building,disk-lightglue-r2048-k16384,disk,lightglue,2048,16384,1018,107_0005_0062.JPG,107_0005_0064.JPG,16384,16384,38,10,0.2631578947368421,0.6103515625,0.125,0.125,0.1950284093618393,True,ok,0.4846511000068858
D1_154_building,disk-lightglue-r2048-k16384,disk,lightglue,2048,16384,1019,107_0005_0062.JPG,107_0005_0065.JPG,16384,16384,22,9,0.4090909090909091,0.54931640625,0.125,0.125,0.21693047881126404,True,ok,0.48402489998261444
D1_154_building,disk-lightglue-r2048-k16384,disk,lightglue,2048,16384,1020,107_0005_0062.JPG,107_0005_0066.JPG,16384,16384,30,9,0.3,0.54931640625,0.140625,0.140625,0.21110232174396515,True,ok,0.4859215999895241
D1_154_building,disk-lightglue-r2048-k16384,disk,lightglue,2048,16384,1021,107_0005_0062.JPG,107_0005_0067.JPG,16384,16384,29,9,0.3103448275862069,0.54931640625,0.125,0.140625,0.20384283363819122,True,ok,0.48186910001095384
D1_154_building,disk-lightglue-r2048-k16384,disk,lightglue,2048,16384,1022,107_0005_0062.JPG,107_0005_0068.JPG,16384,16384,25,9,0.36,0.54931640625,0.125,0.125,0.19225053489208221,True,ok,0.4891586000157986
D1_154_building,disk-lightglue-r2048-k16384,disk,lightglue,2048,16384,1023,107_0005_0062.JPG,107_0005_0069.JPG,16384,16384,31,9,0.2903225806451613,0.54931640625,0.09375,0.109375,0.1889224350452423,True,ok,0.4806864999991376
D1_154_building,disk-lightglue-r2048-k16384,disk,lightglue,2048,16384,1024,107_0005_0062.JPG,107_0005_0070.JPG,16384,16384,22,8,0.36363636363636365,0.48828125,0.109375,0.109375,0.20302118360996246,True,ok,0.4867637999996077
D1_154_building,disk-lightglue-r2048-k16384,disk,lightglue,2048,16384,1025,107_0005_0062.JPG,107_0005_0147.JPG,16384,16384,18,8,0.4444444444444444,0.48828125,0.109375,0.078125,0.21393010020256042,True,ok,0.47779350000200793
D1_154_building,disk-lightglue-r2048-k16384,disk,lightglue,2048,16384,1026,107_0005_0062.JPG,107_0005_0148.JPG,16384,16384,23,8,0.34782608695652173,0.48828125,0.09375,0.078125,0.1670025885105133,True,ok,0.4804411999939475
D1_154_building,disk-lightglue-r2048-k16384,disk,lightglue,2048,16384,1027,107_0005_0062.JPG,107_0005_0149.JPG,16384,16384,29,9,0.3103448275862069,0.54931640625,0.140625,0.09375,0.1649770438671112,True,ok,0.4663857000123244
D1_154_building,disk-lightglue-r2048-k16384,disk,lightglue,2048,16384,1028,107_0005_0063.JPG,107_0005_0064.JPG,16384,16384,10422,9494,0.9109575897140664,579.4677734375,0.75,0.8125,0.9625135660171509,False,ok,0.6751100000110455
D1_154_building,disk-lightglue-r2048-k16384,disk,lightglue,2048,16384,1029,107_0005_0063.JPG,107_0005_0065.JPG,16384,16384,10267,8678,0.8452322976526736,529.6630859375,0.828125,0.65625,0.9529958367347717,False,ok,0.6963405999995302
D1_154_building,disk-lightglue-r2048-k16384,disk,lightglue,2048,16384,1030,107_0005_0063.JPG,107_0005_0066.JPG,16384,16384,8425,6212,0.7373293768545994,379.150390625,0.796875,0.546875,0.9430577158927917,False,ok,0.6487614999932703
D1_154_building,disk-lightglue-r2048-k16384,disk,lightglue,2048,16384,1031,107_0005_0063.JPG,107_0005_0067.JPG,16384,16384,5960,3987,0.6689597315436242,243.34716796875,0.6875,0.4375,0.9416252970695496,False,ok,0.6325148000032641
D1_154_building,disk-lightglue-r2048-k16384,disk,lightglue,2048,16384,1032,107_0005_0063.JPG,107_0005_0068.JPG,16384,16384,3645,2343,0.642798353909465,143.00537109375,0.59375,0.328125,0.8924217224121094,False,ok,0.6252241999900434
D1_154_building,disk-lightglue-r2048-k16384,disk,lightglue,2048,16384,1033,107_0005_0063.JPG,107_0005_0069.JPG,16384,16384,63,22,0.3492063492063492,1.3427734375,0.1875,0.140625,0.20715363323688507,False,ok,0.4723219000152312
D1_154_building,disk-lightglue-r2048-k16384,disk,lightglue,2048,16384,1034,107_0005_0063.JPG,107_0005_0070.JPG,16384,16384,28,9,0.32142857142857145,0.54931640625,0.125,0.140625,0.23404066264629364,True,ok,0.4834726999979466
D1_154_building,disk-lightglue-r2048-k16384,disk,lightglue,2048,16384,1035,107_0005_0063.JPG,107_0005_0071.JPG,16384,16384,29,9,0.3103448275862069,0.54931640625,0.140625,0.125,0.2153603881597519,True,ok,0.4827940000104718
D1_154_building,disk-lightglue-r2048-k16384,disk,lightglue,2048,16384,1036,107_0005_0063.JPG,107_0005_0147.JPG,16384,16384,30,10,0.3333333333333333,0.6103515625,0.125,0.125,0.2482200413942337,True,ok,0.48097380000399426
D1_154_building,disk-lightglue-r2048-k16384,disk,lightglue,2048,16384,1037,107_0005_0063.JPG,107_0005_0148.JPG,16384,16384,24,8,0.3333333333333333,0.48828125,0.109375,0.109375,0.23983721435070038,True,ok,0.49109200001112185
D1_154_building,disk-lightglue-r2048-k16384,disk,lightglue,2048,16384,1038,107_0005_0063.JPG,107_0005_0149.JPG,16384,16384,29,9,0.3103448275862069,0.54931640625,0.09375,0.109375,0.2122272253036499,True,ok,0.4769215999986045
D1_154_building,disk-lightglue-r2048-k16384,disk,lightglue,2048,16384,1039,107_0005_0063.JPG,107_0005_0150.JPG,16384,16384,27,8,0.2962962962962963,0.48828125,0.125,0.09375,0.2021067589521408,True,ok,0.478207799984375
D1_154_building,disk-lightglue-r2048-k16384,disk,lightglue,2048,16384,1040,107_0005_0064.JPG,107_0005_0065.JPG,16384,16384,10890,10241,0.9404040404040404,625.06103515625,0.875,0.640625,0.9671202301979065,False,ok,0.477295500022592
D1_154_building,disk-lightglue-r2048-k16384,disk,lightglue,2048,16384,1041,107_0005_0064.JPG,107_0005_0066.JPG,16384,16384,7214,6463,0.8958968672026615,394.47021484375,0.71875,0.53125,0.9504735469818115,False,ok,0.4745824999990873
D1_154_building,disk-lightglue-r2048-k16384,disk,lightglue,2048,16384,1042,107_0005_0064.JPG,107_0005_0067.JPG,16384,16384,4347,3592,0.8263170002300437,219.23828125,0.609375,0.390625,0.9401928186416626,False,ok,0.33968340000137687
D1_154_building,disk-lightglue-r2048-k16384,disk,lightglue,2048,16384,1043,107_0005_0064.JPG,107_0005_0068.JPG,16384,16384,2147,1652,0.7694457382394038,100.830078125,0.46875,0.21875,0.8845360279083252,False,ok,0.39686239999718964
D1_154_building,disk-lightglue-r2048-k16384,disk,lightglue,2048,16384,1044,107_0005_0064.JPG,107_0005_0069.JPG,16384,16384,472,344,0.7288135593220338,20.99609375,0.328125,0.171875,0.5988728404045105,False,ok,0.4927544000092894
D1_154_building,disk-lightglue-r2048-k16384,disk,lightglue,2048,16384,1045,107_0005_0064.JPG,107_0005_0070.JPG,16384,16384,45,9,0.2,0.54931640625,0.109375,0.125,0.22239680588245392,True,ok,0.4862101999751758
D1_154_building,disk-lightglue-r2048-k16384,disk,lightglue,2048,16384,1046,107_0005_0064.JPG,107_0005_0071.JPG,16384,16384,40,9,0.225,0.54931640625,0.109375,0.125,0.19506490230560303,True,ok,0.4748433000058867
D1_154_building,disk-lightglue-r2048-k16384,disk,lightglue,2048,16384,1047,107_0005_0064.JPG,107_0005_0072.JPG,16384,16384,38,9,0.23684210526315788,0.54931640625,0.109375,0.140625,0.20336966216564178,True,ok,0.48696099998778664
D1_154_building,disk-lightglue-r2048-k16384,disk,lightglue,2048,16384,1048,107_0005_0064.JPG,107_0005_0146.JPG,16384,16384,22,8,0.36363636363636365,0.48828125,0.109375,0.09375,0.16461946070194244,True,ok,0.4744418000045698
D1_154_building,disk-lightglue-r2048-k16384,disk,lightglue,2048,16384,1049,107_0005_0064.JPG,107_0005_0147.JPG,16384,16384,21,8,0.38095238095238093,0.48828125,0.125,0.125,0.19802340865135193,True,ok,0.4984980000008363
D1_154_building,disk-lightglue-r2048-k16384,disk,lightglue,2048,16384,1050,107_0005_0064.JPG,107_0005_0148.JPG,16384,16384,26,9,0.34615384615384615,0.54931640625,0.125,0.140625,0.18496467173099518,True,ok,0.4766370999859646
D1_154_building,disk-lightglue-r2048-k16384,disk,lightglue,2048,16384,1051,107_0005_0064.JPG,107_0005_0149.JPG,16384,16384,33,9,0.2727272727272727,0.54931640625,0.125,0.078125,0.2144763469696045,True,ok,0.4847906999930274
D1_154_building,disk-lightglue-r2048-k16384,disk,lightglue,2048,16384,1052,107_0005_0064.JPG,107_0005_0150.JPG,16384,16384,36,9,0.25,0.54931640625,0.140625,0.140625,0.2269551008939743,True,ok,0.4809057000093162
D1_154_building,disk-lightglue-r2048-k16384,disk,lightglue,2048,16384,1053,107_0005_0065.JPG,107_0005_0066.JPG,16384,16384,10280,9640,0.9377431906614786,588.37890625,0.890625,0.78125,0.9537006616592407,False,ok,0.48805720001109876
D1_154_building,disk-lightglue-r2048-k16384,disk,lightglue,2048,16384,1054,107_0005_0065.JPG,107_0005_0067.JPG,16384,16384,6175,5558,0.9000809716599191,339.2333984375,0.75,0.578125,0.9509460926055908,False,ok,0.4784317000012379
D1_154_building,disk-lightglue-r2048-k16384,disk,lightglue,2048,16384,1055,107_0005_0065.JPG,107_0005_0068.JPG,16384,16384,3558,2953,0.8299606520517144,180.23681640625,0.59375,0.421875,0.9328321814537048,False,ok,0.3474811000050977
D1_154_building,disk-lightglue-r2048-k16384,disk,lightglue,2048,16384,1056,107_0005_0065.JPG,107_0005_0069.JPG,16384,16384,1495,1149,0.768561872909699,70.12939453125,0.375,0.234375,0.88209068775177,False,ok,0.37257960002170876
D1_154_building,disk-lightglue-r2048-k16384,disk,lightglue,2048,16384,1057,107_0005_0065.JPG,107_0005_0070.JPG,16384,16384,426,329,0.7723004694835681,20.08056640625,0.21875,0.09375,0.6045120358467102,False,ok,0.5198609000071883
D1_154_building,disk-lightglue-r2048-k16384,disk,lightglue,2048,16384,1058,107_0005_0065.JPG,107_0005_0071.JPG,16384,16384,108,56,0.5185185185185185,3.41796875,0.109375,0.0625,0.3889525830745697,False,ok,0.5119364999991376
D1_154_building,disk-lightglue-r2048-k16384,disk,lightglue,2048,16384,1059,107_0005_0065.JPG,107_0005_0072.JPG,16384,16384,58,27,0.46551724137931033,1.64794921875,0.09375,0.0625,0.2940143048763275,False,ok,0.4571029999933671
D1_154_building,disk-lightglue-r2048-k16384,disk,lightglue,2048,16384,1060,107_0005_0065.JPG,107_0005_0073.JPG,16384,16384,38,14,0.3684210526315789,0.8544921875,0.09375,0.078125,0.20983143150806427,True,ok,0.5052559000032488
D1_154_building,disk-lightglue-r2048-k16384,disk,lightglue,2048,16384,1061,107_0005_0065.JPG,107_0005_0146.JPG,16384,16384,15,8,0.5333333333333333,0.48828125,0.109375,0.09375,0.2308710664510727,True,ok,0.46963370000594296
D1_154_building,disk-lightglue-r2048-k16384,disk,lightglue,2048,16384,1062,107_0005_0065.JPG,107_0005_0147.JPG,16384,16384,23,9,0.391304347826087,0.54931640625,0.109375,0.109375,0.19289785623550415,True,ok,0.4989651999785565
D1_154_building,disk-lightglue-r2048-k16384,disk,lightglue,2048,16384,1063,107_0005_0065.JPG,107_0005_0148.JPG,16384,16384,18,8,0.4444444444444444,0.48828125,0.109375,0.09375,0.20217099785804749,True,ok,0.4683717000007164
D1_154_building,disk-lightglue-r2048-k16384,disk,lightglue,2048,16384,1064,107_0005_0065.JPG,107_0005_0149.JPG,16384,16384,27,9,0.3333333333333333,0.54931640625,0.109375,0.09375,0.19064098596572876,True,ok,0.5018508000066504
D1_154_building,disk-lightglue-r2048-k16384,disk,lightglue,2048,16384,1065,107_0005_0066.JPG,107_0005_0067.JPG,16384,16384,9719,9083,0.9345611688445313,554.38232421875,0.890625,0.796875,0.9503549933433533,False,ok,0.4490585000021383
D1_154_building,disk-lightglue-r2048-k16384,disk,lightglue,2048,16384,1066,107_0005_0066.JPG,107_0005_0068.JPG,16384,16384,5772,5103,0.8840956340956341,311.46240234375,0.796875,0.578125,0.9373682141304016,False,ok,0.4974731999973301
D1_154_building,disk-lightglue-r2048-k16384,disk,lightglue,2048,16384,1067,107_0005_0066.JPG,107_0005_0069.JPG,16384,16384,3098,2591,0.8363460296965785,158.14208984375,0.578125,0.375,0.9311438202857971,False,ok,0.32594010001048446
D1_154_building,disk-lightglue-r2048-k16384,disk,lightglue,2048,16384,1068,107_0005_0066.JPG,107_0005_0070.JPG,16384,16384,1749,1356,0.7753001715265866,82.763671875,0.421875,0.25,0.8897753953933716,False,ok,0.35946330000297166
D1_154_building,disk-lightglue-r2048-k16384,disk,lightglue,2048,16384,1069,107_0005_0066.JPG,107_0005_0071.JPG,16384,16384,1104,791,0.7164855072463768,48.27880859375,0.28125,0.15625,0.8138105869293213,False,ok,0.620477899996331
D1_154_building,disk-lightglue-r2048-k16384,disk,lightglue,2048,16384,1070,107_0005_0066.JPG,107_0005_0072.JPG,16384,16384,831,590,0.7099879663056559,36.0107421875,0.25,0.125,0.7805460095405579,False,ok,0.6312808999791741
D1_154_building,disk-lightglue-r2048-k16384,disk,lightglue,2048,16384,1071,107_0005_0066.JPG,107_0005_0073.JPG,16384,16384,358,280,0.7821229050279329,17.08984375,0.234375,0.109375,0.43534526228904724,False,ok,0.4895348999998532
D1_154_building,disk-lightglue-r2048-k16384,disk,lightglue,2048,16384,1072,107_0005_0066.JPG,107_0005_0074.JPG,16384,16384,719,514,0.7148817802503477,31.3720703125,0.234375,0.109375,0.7616590857505798,False,ok,0.6397088000085205
D1_154_building,disk-lightglue-r2048-k16384,disk,lightglue,2048,16384,1073,107_0005_0066.JPG,107_0005_0146.JPG,16384,16384,20,8,0.4,0.48828125,0.109375,0.09375,0.2206861972808838,True,ok,0.49342449998948723
D1_154_building,disk-lightglue-r2048-k16384,disk,lightglue,2048,16384,1074,107_0005_0066.JPG,107_0005_0147.JPG,16384,16384,23,9,0.391304347826087,0.54931640625,0.125,0.125,0.19936303794384003,True,ok,0.48384529998293146
D1_154_building,disk-lightglue-r2048-k16384,disk,lightglue,2048,16384,1075,107_0005_0066.JPG,107_0005_0148.JPG,16384,16384,21,8,0.38095238095238093,0.48828125,0.109375,0.125,0.1983037292957306,True,ok,0.49012349999975413
D1_154_building,disk-lightglue-r2048-k16384,disk,lightglue,2048,16384,1076,107_0005_0067.JPG,107_0005_0068.JPG,16384,16384,10150,9518,0.9377339901477832,580.9326171875,0.90625,0.765625,0.9528157711029053,False,ok,0.4759609999891836
D1_154_building,disk-lightglue-r2048-k16384,disk,lightglue,2048,16384,1077,107_0005_0067.JPG,107_0005_0069.JPG,16384,16384,6165,5546,0.8995944849959449,338.5009765625,0.765625,0.546875,0.9427964091300964,False,ok,0.4892706999962684
D1_154_building,disk-lightglue-r2048-k16384,disk,lightglue,2048,16384,1078,107_0005_0067.JPG,107_0005_0070.JPG,16384,16384,3895,3316,0.8513478818998717,202.392578125,0.609375,0.40625,0.9157667756080627,False,ok,0.4808426999952644
D1_154_building,disk-lightglue-r2048-k16384,disk,lightglue,2048,16384,1079,107_0005_0067.JPG,107_0005_0071.JPG,16384,16384,2790,2250,0.8064516129032258,137.3291015625,0.453125,0.25,0.9083689451217651,False,ok,0.34351469998364337
D1_154_building,disk-lightglue-r2048-k16384,disk,lightglue,2048,16384,1080,107_0005_0067.JPG,107_0005_0072.JPG,16384,16384,2134,1676,0.7853795688847235,102.294921875,0.40625,0.203125,0.9016641974449158,False,ok,0.35925749997841194
D1_154_building,disk-lightglue-r2048-k16384,disk,lightglue,2048,16384,1081,107_0005_0067.JPG,107_0005_0073.JPG,16384,16384,1762,1350,0.7661748013620885,82.3974609375,0.375,0.21875,0.8783522844314575,False,ok,0.4099461000005249
D1_154_building,disk-lightglue-r2048-k16384,disk,lightglue,2048,16384,1082,107_0005_0067.JPG,107_0005_0074.JPG,16384,16384,1914,1534,0.8014629049111808,93.6279296875,0.375,0.203125,0.8925004601478577,False,ok,0.37949079999816604
D1_154_building,disk-lightglue-r2048-k16384,disk,lightglue,2048,16384,1083,107_0005_0067.JPG,107_0005_0075.JPG,16384,16384,3225,2634,0.8167441860465117,160.7666015625,0.53125,0.328125,0.9324925541877747,False,ok,0.3545635000045877
D1_154_building,disk-lightglue-r2048-k16384,disk,lightglue,2048,16384,1084,107_0005_0067.JPG,107_0005_0096.JPG,16384,16384,25,8,0.32,0.48828125,0.125,0.109375,0.18302541971206665,True,ok,0.49273379999795
D1_154_building,disk-lightglue-r2048-k16384,disk,lightglue,2048,16384,1085,107_0005_0068.JPG,107_0005_0069.JPG,16384,16384,10142,9536,0.940248471701834,582.03125,0.875,0.734375,0.9579979777336121,False,ok,0.48385260000941344
D1_154_building,disk-lightglue-r2048-k16384,disk,lightglue,2048,16384,1086,107_0005_0068.JPG,107_0005_0070.JPG,16384,16384,6590,5921,0.8984825493171472,361.38916015625,0.71875,0.53125,0.9470819234848022,False,ok,0.47814230000949465
D1_154_building,disk-lightglue-r2048-k16384,disk,lightglue,2048,16384,1087,107_0005_0068.JPG,107_0005_0071.JPG,16384,16384,4711,4084,0.8669072383782637,249.267578125,0.5625,0.375,0.9322102665901184,False,ok,0.4948543999926187
D1_154_building,disk-lightglue-r2048-k16384,disk,lightglue,2048,16384,1088,107_0005_0068.JPG,107_0005_0072.JPG,16384,16384,3678,3058,0.8314301250679718,186.6455078125,0.515625,0.359375,0.9231576919555664,False,ok,0.4600726999924518
D1_154_building,disk-lightglue-r2048-k16384,disk,lightglue,2048,16384,1089,107_0005_0068.JPG,107_0005_0073.JPG,16384,16384,3135,2540,0.810207336523126,155.029296875,0.5,0.328125,0.9276068210601807,False,ok,0.3661251000012271
D1_154_building,disk-lightglue-r2048-k16384,disk,lightglue,2048,16384,1090,107_0005_0068.JPG,107_0005_0074.JPG,16384,16384,3345,2774,0.8292974588938714,169.3115234375,0.46875,0.296875,0.9320834875106812,False,ok,0.3472409999812953
D1_154_building,disk-lightglue-r2048-k16384,disk,lightglue,2048,16384,1091,107_0005_0068.JPG,107_0005_0075.JPG,16384,16384,5265,4623,0.878062678062678,282.16552734375,0.578125,0.453125,0.9351293444633484,False,ok,0.4749326999881305
D1_154_building,disk-lightglue-r2048-k16384,disk,lightglue,2048,16384,1092,107_0005_0068.JPG,107_0005_0076.JPG,16384,16384,7675,7049,0.9184364820846905,430.23681640625,0.6875,0.671875,0.9451671838760376,False,ok,0.47976099999505095
D1_154_building,disk-lightglue-r2048-k16384,disk,lightglue,2048,16384,1093,107_0005_0069.JPG,107_0005_0070.JPG,16384,16384,10695,10089,0.9433380084151473,615.78369140625,0.78125,0.71875,0.963431715965271,False,ok,0.4862272000173107
D1_154_building,disk-lightglue-r2048-k16384,disk,lightglue,2048,16384,1094,107_0005_0069.JPG,107_0005_0071.JPG,16384,16384,7753,7031,0.9068747581581323,429.13818359375,0.65625,0.5625,0.958922266960144,False,ok,0.4616045999864582
D1_154_building,disk-lightglue-r2048-k16384,disk,lightglue,2048,16384,1095,107_0005_0069.JPG,107_0005_0072.JPG,16384,16384,6277,5527,0.8805161701449737,337.34130859375,0.609375,0.53125,0.9497475028038025,False,ok,0.470264200004749
D1_154_building,disk-lightglue-r2048-k16384,disk,lightglue,2048,16384,1096,107_0005_0069.JPG,107_0005_0073.JPG,16384,16384,5287,4550,0.8606014753168149,277.7099609375,0.546875,0.484375,0.9352105259895325,False,ok,0.47868289999314584
D1_154_building,disk-lightglue-r2048-k16384,disk,lightglue,2048,16384,1097,107_0005_0069.JPG,107_0005_0074.JPG,16384,16384,5466,4718,0.8631540431759971,287.9638671875,0.546875,0.453125,0.9380170702934265,False,ok,0.47673899997607805
D1_154_building,disk-lightglue-r2048-k16384,disk,lightglue,2048,16384,1098,107_0005_0069.JPG,107_0005_0075.JPG,16384,16384,8119,7426,0.9146446606724966,453.2470703125,0.65625,0.625,0.9419542551040649,False,ok,0.47913799999514595
D1_154_building,disk-lightglue-r2048-k16384,disk,lightglue,2048,16384,1099,107_0005_0069.JPG,107_0005_0076.JPG,16384,16384,9199,8563,0.9308620502228503,522.64404296875,0.671875,0.765625,0.940380334854126,False,ok,0.4735264000191819
D1_154_building,disk-lightglue-r2048-k16384,disk,lightglue,2048,16384,1100,107_0005_0069.JPG,107_0005_0077.JPG,16384,16384,7355,6806,0.925356900067981,415.4052734375,0.53125,0.703125,0.9429940581321716,False,ok,0.495200700010173
D1_154_building,disk-lightglue-r2048-k16384,disk,lightglue,2048,16384,1101,107_0005_0070.JPG,107_0005_0071.JPG,16384,16384,11532,11025,0.9560353798126952,672.91259765625,0.78125,0.6875,0.9679407477378845,False,ok,0.46700309999869205
D1_154_building,disk-lightglue-r2048-k16384,disk,lightglue,2048,16384,1102,107_0005_0070.JPG,107_0005_0072.JPG,16384,16384,9544,8920,0.9346186085498742,544.43359375,0.75,0.671875,0.9651358723640442,False,ok,0.4697347999899648
D1_154_building,disk-lightglue-r2048-k16384,disk,lightglue,2048,16384,1103,107_0005_0070.JPG,107_0005_0073.JPG,16384,16384,8023,7317,0.9120029913997257,446.59423828125,0.640625,0.59375,0.9440133571624756,False,ok,0.49271950000547804
D1_154_building,disk-lightglue-r2048-k16384,disk,lightglue,2048,16384,1104,107_0005_0070.JPG,107_0005_0074.JPG,16384,16384,8107,7400,0.912791414826693,451.66015625,0.65625,0.625,0.9464018940925598,False,ok,0.46162919999915175
D1_154_building,disk-lightglue-r2048-k16384,disk,lightglue,2048,16384,1105,107_0005_0070.JPG,107_0005_0075.JPG,16384,16384,9443,8828,0.9348723922482262,538.818359375,0.6875,0.734375,0.942059338092804,False,ok,0.4677275999856647
D1_154_building,disk-lightglue-r2048-k16384,disk,lightglue,2048,16384,1106,107_0005_0070.JPG,107_0005_0076.JPG,16384,16384,7965,7337,0.9211550533584432,447.81494140625,0.515625,0.71875,0.9377270936965942,False,ok,0.47666069999104366
D1_154_building,disk-lightglue-r2048-k16384,disk,lightglue,2048,16384,1107,107_0005_0070.JPG,107_0005_0077.JPG,16384,16384,5819,5177,0.8896717649080598,315.97900390625,0.421875,0.65625,0.9269095063209534,False,ok,0.4721655000175815
D1_154_building,disk-lightglue-r2048-k16384,disk,lightglue,2048,16384,1108,107_0005_0070.JPG,107_0005_0078.JPG,16384,16384,3911,3141,0.8031194068013295,191.71142578125,0.328125,0.65625,0.91936856508255,False,ok,0.36009269999340177
D1_154_building,disk-lightglue-r2048-k16384,disk,lightglue,2048,16384,1109,107_0005_0071.JPG,107_0005_0072.JPG,16384,16384,12082,11632,0.9627545108425757,709.9609375,0.765625,0.84375,0.9623891711235046,False,ok,0.4536489999736659
D1_154_building,disk-lightglue-r2048-k16384,disk,lightglue,2048,16384,1110,107_0005_0071.JPG,107_0005_0073.JPG,16384,16384,9924,9266,0.933696090286175,565.5517578125,0.71875,0.75,0.9484989047050476,False,ok,0.47491550000268035
D1_154_building,disk-lightglue-r2048-k16384,disk,lightglue,2048,16384,1111,107_0005_0071.JPG,107_0005_0074.JPG,16384,16384,9820,9133,0.930040733197556,557.43408203125,0.71875,0.734375,0.9506658911705017,False,ok,0.47398539999267086
D1_154_building,disk-lightglue-r2048-k16384,disk,lightglue,2048,16384,1112,107_0005_0071.JPG,107_0005_0075.JPG,16384,16384,8431,7784,0.9232593998339461,475.09765625,0.53125,0.765625,0.938682496547699,False,ok,0.46707689997856505
D1_154_building,disk-lightglue-r2048-k16384,disk,lightglue,2048,16384,1113,107_0005_0071.JPG,107_0005_0076.JPG,16384,16384,6562,5906,0.9000304785126486,360.4736328125,0.4375,0.71875,0.9315899610519409,False,ok,0.48240269999951124
D1_154_building,disk-lightglue-r2048-k16384,disk,lightglue,2048,16384,1114,107_0005_0071.JPG,107_0005_0077.JPG,16384,16384,4633,3928,0.8478307791927476,239.74609375,0.34375,0.640625,0.9350488185882568,False,ok,0.3697458000096958
D1_154_building,disk-lightglue-r2048-k16384,disk,lightglue,2048,16384,1115,107_0005_0071.JPG,107_0005_0078.JPG,16384,16384,2922,2227,0.7621492128678987,135.92529296875,0.25,0.5625,0.8792963624000549,False,ok,0.39011809998191893
D1_154_building,disk-lightglue-r2048-k16384,disk,lightglue,2048,16384,1116,107_0005_0071.JPG,107_0005_0079.JPG,16384,16384,1319,981,0.7437452615617892,59.87548828125,0.140625,0.421875,0.7894935607910156,False,ok,0.6272521000064444
D1_154_building,disk-lightglue-r2048-k16384,disk,lightglue,2048,16384,1117,107_0005_0072.JPG,107_0005_0073.JPG,16384,16384,12585,12261,0.9742550655542312,748.35205078125,0.84375,0.90625,0.9708877205848694,False,ok,0.4653433999919798
D1_154_building,disk-lightglue-r2048-k16384,disk,lightglue,2048,16384,1118,107_0005_0072.JPG,107_0005_0074.JPG,16384,16384,12235,11850,0.9685328974254189,723.2666015625,0.796875,0.796875,0.9726843237876892,False,ok,0.467999200016493
D1_154_building,disk-lightglue-r2048-k16384,disk,lightglue,2048,16384,1119,107_0005_0072.JPG,107_0005_0075.JPG,16384,16384,9831,9405,0.9566676838571865,574.03564453125,0.59375,0.875,0.9673190712928772,False,ok,0.4670990000013262
D1_154_building,disk-lightglue-r2048-k16384,disk,lightglue,2048,16384,1120,107_0005_0072.JPG,107_0005_0076.JPG,16384,16384,7164,6484,0.9050809603573423,395.751953125,0.5,0.8125,0.9542426466941833,False,ok,0.4862698999932036
D1_154_building,disk-lightglue-r2048-k16384,disk,lightglue,2048,16384,1121,107_0005_0072.JPG,107_0005_0077.JPG,16384,16384,4702,4005,0.8517652062951936,244.44580078125,0.359375,0.65625,0.9324477314949036,False,ok,0.4779920000000857
D1_154_building,disk-lightglue-r2048-k16384,disk,lightglue,2048,16384,1122,107_0005_0072.JPG,107_0005_0078.JPG,16384,16384,2926,2329,0.7959671907040328,142.15087890625,0.265625,0.53125,0.9191316366195679,False,ok,0.33393169997725636
D1_154_building,disk-lightglue-r2048-k16384,disk,lightglue,2048,16384,1123,107_0005_0072.JPG,107_0005_0079.JPG,16384,16384,1288,993,0.7709627329192547,60.60791015625,0.15625,0.390625,0.8169383406639099,False,ok,0.6277317999920342
D1_154_building,disk-lightglue-r2048-k16384,disk,lightglue,2048,16384,1124,107_0005_0072.JPG,107_0005_0080.JPG,16384,16384,40,19,0.475,1.15966796875,0.078125,0.125,0.2714363634586334,False,ok,0.48316410000552423
D1_154_building,disk-lightglue-r2048-k16384,disk,lightglue,2048,16384,1125,107_0005_0072.JPG,107_0005_0092.JPG,16384,16384,8601,7608,0.88454830833624,464.35546875,0.671875,0.796875,0.9466627836227417,False,ok,0.6056773000163957
D1_154_building,disk-lightglue-r2048-k16384,disk,lightglue,2048,16384,1126,107_0005_0072.JPG,107_0005_0093.JPG,16384,16384,8291,6074,0.7326016162103486,370.7275390625,0.609375,0.765625,0.8831838369369507,False,ok,0.9857646000164095
D1_154_building,disk-lightglue-r2048-k16384,disk,lightglue,2048,16384,1127,107_0005_0072.JPG,107_0005_0094.JPG,16384,16384,12,8,0.6666666666666666,0.48828125,0.09375,0.09375,0.24193061888217926,True,ok,0.4864664000051562
D1_154_building,disk-lightglue-r2048-k16384,disk,lightglue,2048,16384,1128,107_0005_0073.JPG,107_0005_0074.JPG,16384,16384,14165,13947,0.9846099541122485,851.25732421875,0.9375,0.9375,0.9737904667854309,False,ok,0.4810184000234585
D1_154_building,disk-lightglue-r2048-k16384,disk,lightglue,2048,16384,1129,107_0005_0073.JPG,107_0005_0075.JPG,16384,16384,10154,9647,0.950068938349419,588.80615234375,0.703125,0.890625,0.9756292104721069,False,ok,0.4643103999842424
D1_154_building,disk-lightglue-r2048-k16384,disk,lightglue,2048,16384,1130,107_0005_0073.JPG,107_0005_0076.JPG,16384,16384,6751,6114,0.9056436083543179,373.1689453125,0.5625,0.828125,0.9603710174560547,False,ok,0.49338579998584464
D1_154_building,disk-lightglue-r2048-k16384,disk,lightglue,2048,16384,1131,107_0005_0073.JPG,107_0005_0077.JPG,16384,16384,4139,3574,0.8634935974873158,218.1396484375,0.421875,0.6875,0.9373125433921814,False,ok,0.47774579998804256
D1_154_building,disk-lightglue-r2048-k16384,disk,lightglue,2048,16384,1132,107_0005_0073.JPG,107_0005_0078.JPG,16384,16384,2564,2107,0.8217628705148206,128.60107421875,0.265625,0.546875,0.9201151728630066,False,ok,0.3499104000220541
D1_154_building,disk-lightglue-r2048-k16384,disk,lightglue,2048,16384,1133,107_0005_0073.JPG,107_0005_0079.JPG,16384,16384,1094,857,0.783363802559415,52.30712890625,0.15625,0.40625,0.7884125113487244,False,ok,0.6199672999791801
D1_154_building,disk-lightglue-r2048-k16384,disk,lightglue,2048,16384,1134,107_0005_0073.JPG,107_0005_0080.JPG,16384,16384,26,15,0.5769230769230769,0.91552734375,0.078125,0.109375,0.249497652053833,False,ok,0.4737343000015244
D1_154_building,disk-lightglue-r2048-k16384,disk,lightglue,2048,16384,1135,107_0005_0073.JPG,107_0005_0081.JPG,16384,16384,19,9,0.47368421052631576,0.54931640625,0.125,0.140625,0.21304945647716522,True,ok,0.4870385000249371
D1_154_building,disk-lightglue-r2048-k16384,disk,lightglue,2048,16384,1136,107_0005_0073.JPG,107_0005_0090.JPG,16384,16384,8325,7821,0.9394594594594594,477.35595703125,0.65625,0.78125,0.9499642848968506,False,ok,0.48200920000090264
D1_154_building,disk-lightglue-r2048-k16384,disk,lightglue,2048,16384,1137,107_0005_0073.JPG,107_0005_0091.JPG,16384,16384,9234,8613,0.9327485380116959,525.69580078125,0.75,0.78125,0.947661817073822,False,ok,0.4863930999999866
D1_154_building,disk-lightglue-r2048-k16384,disk,lightglue,2048,16384,1138,107_0005_0073.JPG,107_0005_0092.JPG,16384,16384,9329,8608,0.9227141172687319,525.390625,0.765625,0.90625,0.9460433721542358,False,ok,0.5281458999961615
D1_154_building,disk-lightglue-r2048-k16384,disk,lightglue,2048,16384,1139,107_0005_0073.JPG,107_0005_0093.JPG,16384,16384,7519,5791,0.7701822050804629,353.45458984375,0.65625,0.765625,0.9177095890045166,False,ok,0.8750966000079643
D1_154_building,disk-lightglue-r2048-k16384,disk,lightglue,2048,16384,1140,107_0005_0073.JPG,107_0005_0094.JPG,16384,16384,14,8,0.5714285714285714,0.48828125,0.109375,0.125,0.20520515739917755,True,ok,0.49190969998016953
D1_154_building,disk-lightglue-r2048-k16384,disk,lightglue,2048,16384,1141,107_0005_0074.JPG,107_0005_0075.JPG,16384,16384,10073,9514,0.9445051126774546,580.6884765625,0.734375,0.890625,0.975379228591919,False,ok,0.4679541000223253
D1_154_building,disk-lightglue-r2048-k16384,disk,lightglue,2048,16384,1142,107_0005_0074.JPG,107_0005_0076.JPG,16384,16384,6780,6133,0.9045722713864307,374.32861328125,0.546875,0.828125,0.9604872465133667,False,ok,0.49358040001243353
D1_154_building,disk-lightglue-r2048-k16384,disk,lightglue,2048,16384,1143,107_0005_0074.JPG,107_0005_0077.JPG,16384,16384,4225,3644,0.8624852071005917,222.412109375,0.359375,0.671875,0.9348012208938599,False,ok,0.475219299987657
D1_154_building,disk-lightglue-r2048-k16384,disk,lightglue,2048,16384,1144,107_0005_0074.JPG,107_0005_0078.JPG,16384,16384,2576,2091,0.8117236024844721,127.62451171875,0.265625,0.53125,0.9193776845932007,False,ok,0.35823029998573475
D1_154_building,disk-lightglue-r2048-k16384,disk,lightglue,2048,16384,1145,107_0005_0074.JPG,107_0005_0079.JPG,16384,16384,1048,810,0.7729007633587787,49.4384765625,0.15625,0.40625,0.7614867687225342,False,ok,0.6178287999937311
D1_154_building,disk-lightglue-r2048-k16384,disk,lightglue,2048,16384,1146,107_0005_0074.JPG,107_0005_0080.JPG,16384,16384,42,23,0.5476190476190477,1.40380859375,0.0625,0.09375,0.4149436056613922,False,ok,0.4832907000090927
D1_154_building,disk-lightglue-r2048-k16384,disk,lightglue,2048,16384,1147,107_0005_0074.JPG,107_0005_0081.JPG,16384,16384,23,9,0.391304347826087,0.54931640625,0.109375,0.140625,0.20360498130321503,True,ok,0.47646459998213686
D1_154_building,disk-lightglue-r2048-k16384,disk,lightglue,2048,16384,1148,107_0005_0074.JPG,107_0005_0082.JPG,16384,16384,19,8,0.42105263157894735,0.48828125,0.109375,0.109375,0.16537855565547943,True,ok,0.47073770000133663
D1_154_building,disk-lightglue-r2048-k16384,disk,lightglue,2048,16384,1149,107_0005_0074.JPG,107_0005_0089.JPG,16384,16384,6795,6353,0.9349521707137601,387.75634765625,0.53125,0.734375,0.9379234910011292,False,ok,0.4805091000162065
D1_154_building,disk-lightglue-r2048-k16384,disk,lightglue,2048,16384,1150,107_0005_0074.JPG,107_0005_0090.JPG,16384,16384,8529,8020,0.9403212568882636,489.501953125,0.671875,0.796875,0.9464864730834961,False,ok,0.46948169998358935
D1_154_building,disk-lightglue-r2048-k16384,disk,lightglue,2048,16384,1151,107_0005_0074.JPG,107_0005_0091.JPG,16384,16384,9426,8821,0.935815828559304,538.39111328125,0.796875,0.796875,0.9457582235336304,False,ok,0.47542269999394193
D1_154_building,disk-lightglue-r2048-k16384,disk,lightglue,2048,16384,1152,107_0005_0074.JPG,107_0005_0092.JPG,16384,16384,9342,8537,0.9138300149860844,521.05712890625,0.765625,0.921875,0.938381016254425,False,ok,0.5595899000181817
D1_154_building,disk-lightglue-r2048-k16384,disk,lightglue,2048,16384,1153,107_0005_0074.JPG,107_0005_0093.JPG,16384,16384,7516,5776,0.768493879723257,352.5390625,0.65625,0.78125,0.892191469669342,False,ok,0.9229006000095978
D1_154_building,disk-lightglue-r2048-k16384,disk,lightglue,2048,16384,1154,107_0005_0074.JPG,107_0005_0094.JPG,16384,16384,15,9,0.6,0.54931640625,0.09375,0.140625,0.2113967388868332,True,ok,0.4925099999818485
D1_154_building,disk-lightglue-r2048-k16384,disk,lightglue,2048,16384,1155,107_0005_0075.JPG,107_0005_0076.JPG,16384,16384,10800,10332,0.9566666666666667,630.615234375,0.765625,0.9375,0.9757164120674133,False,ok,0.48283659998560324
D1_154_building,disk-lightglue-r2048-k16384,disk,lightglue,2048,16384,1156,107_0005_0075.JPG,107_0005_0077.JPG,16384,16384,7009,6397,0.9126836923954915,390.44189453125,0.53125,0.8125,0.9664774537086487,False,ok,0.4814691000210587
D1_154_building,disk-lightglue-r2048-k16384,disk,lightglue,2048,16384,1157,107_0005_0075.JPG,107_0005_0078.JPG,16384,16384,4467,3865,0.8652339377658383,235.90087890625,0.40625,0.671875,0.9383441805839539,False,ok,0.479332599992631
D1_154_building,disk-lightglue-r2048-k16384,disk,lightglue,2048,16384,1158,107_0005_0075.JPG,107_0005_0079.JPG,16384,16384,2453,2001,0.8157358336730534,122.13134765625,0.234375,0.515625,0.9238373041152954,False,ok,0.330540299997665
D1_154_building,disk-lightglue-r2048-k16384,disk,lightglue,2048,16384,1159,107_0005_0075.JPG,107_0005_0080.JPG,16384,16384,1304,978,0.75,59.6923828125,0.15625,0.375,0.8265233039855957,False,ok,0.6299146999954246
D1_154_building,disk-lightglue-r2048-k16384,disk,lightglue,2048,16384,1160,107_0005_0075.JPG,107_0005_0081.JPG,16384,16384,110,84,0.7636363636363637,5.126953125,0.0625,0.203125,0.31360888481140137,False,ok,0.46378209997783415
D1_154_building,disk-lightglue-r2048-k16384,disk,lightglue,2048,16384,1161,107_0005_0075.JPG,107_0005_0082.JPG,16384,16384,72,54,0.75,3.2958984375,0.078125,0.1875,0.25790560245513916,False,ok,0.4923259999777656
D1_154_building,disk-lightglue-r2048-k16384,disk,lightglue,2048,16384,1162,107_0005_0075.JPG,107_0005_0083.JPG,16384,16384,170,147,0.8647058823529412,8.97216796875,0.0625,0.203125,0.30363333225250244,False,ok,0.48024699999950826
D1_154_building,disk-lightglue-r2048-k16384,disk,lightglue,2048,16384,1163,107_0005_0075.JPG,107_0005_0089.JPG,16384,16384,9022,8500,0.9421414320549767,518.798828125,0.65625,0.765625,0.9581999182701111,False,ok,0.4873735000146553
D1_154_building,disk-lightglue-r2048-k16384,disk,lightglue,2048,16384,1164,107_0005_0075.JPG,107_0005_0090.JPG,16384,16384,8833,8151,0.9227895392278954,497.49755859375,0.75,0.75,0.9553132653236389,False,ok,0.4696453000069596
D1_154_building,disk-lightglue-r2048-k16384,disk,lightglue,2048,16384,1165,107_0005_0075.JPG,107_0005_0091.JPG,16384,16384,7499,6768,0.902520336044806,413.0859375,0.75,0.640625,0.9482787251472473,False,ok,0.46676209999714047
D1_154_building,disk-lightglue-r2048-k16384,disk,lightglue,2048,16384,1166,107_0005_0075.JPG,107_0005_0092.JPG,16384,16384,10723,9892,0.9225030308682272,603.759765625,0.84375,0.890625,0.9600428342819214,False,ok,0.5279223000106867
D1_154_building,disk-lightglue-r2048-k16384,disk,lightglue,2048,16384,1167,107_0005_0075.JPG,107_0005_0093.JPG,16384,16384,9321,7697,0.8257697671923613,469.78759765625,0.765625,0.8125,0.9324879050254822,False,ok,0.8575396999949589
D1_154_building,disk-lightglue-r2048-k16384,disk,lightglue,2048,16384,1168,107_0005_0075.JPG,107_0005_0094.JPG,16384,16384,23,11,0.4782608695652174,0.67138671875,0.125,0.125,0.22944216430187225,True,ok,0.46811749998596497
D1_154_building,disk-lightglue-r2048-k16384,disk,lightglue,2048,16384,1169,107_0005_0076.JPG,107_0005_0077.JPG,16384,16384,10425,9954,0.9548201438848921,607.5439453125,0.875,0.96875,0.9764371514320374,False,ok,0.507254500000272
D1_154_building,disk-lightglue-r2048-k16384,disk,lightglue,2048,16384,1170,107_0005_0076.JPG,107_0005_0078.JPG,16384,16384,6675,6072,0.9096629213483146,370.60546875,0.609375,0.8125,0.9635891914367676,False,ok,0.4684315000195056
D1_154_building,disk-lightglue-r2048-k16384,disk,lightglue,2048,16384,1171,107_0005_0076.JPG,107_0005_0079.JPG,16384,16384,3953,3394,0.858588413862889,207.1533203125,0.390625,0.65625,0.9378305673599243,False,ok,0.49239110000780784
D1_154_building,disk-lightglue-r2048-k16384,disk,lightglue,2048,16384,1172,107_0005_0076.JPG,107_0005_0080.JPG,16384,16384,2459,1961,0.7974786498576657,119.68994140625,0.265625,0.5625,0.9229592084884644,False,ok,0.33126069998252206
D1_154_building,disk-lightglue-r2048-k16384,disk,lightglue,2048,16384,1173,107_0005_0076.JPG,107_0005_0081.JPG,16384,16384,1670,1268,0.7592814371257485,77.392578125,0.1875,0.421875,0.8591927886009216,False,ok,0.6235054999997374
D1_154_building,disk-lightglue-r2048-k16384,disk,lightglue,2048,16384,1174,107_0005_0076.JPG,107_0005_0082.JPG,16384,16384,1906,1424,0.7471143756558237,86.9140625,0.1875,0.421875,0.858856737613678,False,ok,0.601932100020349
D1_154_building,disk-lightglue-r2048-k16384,disk,lightglue,2048,16384,1175,107_0005_0076.JPG,107_0005_0083.JPG,16384,16384,2065,1554,0.752542372881356,94.8486328125,0.171875,0.421875,0.8353663682937622,False,ok,0.6216520000016317
D1_154_building,disk-lightglue-r2048-k16384,disk,lightglue,2048,16384,1176,107_0005_0076.JPG,107_0005_0084.JPG,16384,16384,2074,1600,0.7714561234329798,97.65625,0.15625,0.40625,0.8412670493125916,False,ok,0.6246284999942873
D1_154_building,disk-lightglue-r2048-k16384,disk,lightglue,2048,16384,1177,107_0005_0076.JPG,107_0005_0089.JPG,16384,16384,8806,8177,0.9285714285714286,499.08447265625,0.71875,0.71875,0.9613649845123291,False,ok,0.47217610001098365
D1_154_building,disk-lightglue-r2048-k16384,disk,lightglue,2048,16384,1178,107_0005_0076.JPG,107_0005_0090.JPG,16384,16384,6618,5861,0.8856149894227864,357.72705078125,0.6875,0.546875,0.9477933645248413,False,ok,0.4720789000275545
D1_154_building,disk-lightglue-r2048-k16384,disk,lightglue,2048,16384,1179,107_0005_0076.JPG,107_0005_0091.JPG,16384,16384,5363,4624,0.8622039903039344,282.2265625,0.671875,0.4375,0.9330075979232788,False,ok,0.46845039998879656
D1_154_building,disk-lightglue-r2048-k16384,disk,lightglue,2048,16384,1180,107_0005_0076.JPG,107_0005_0092.JPG,16384,16384,8273,7097,0.8578508400821951,433.16650390625,0.890625,0.734375,0.9493831396102905,False,ok,0.4582994999946095
D1_154_building,disk-lightglue-r2048-k16384,disk,lightglue,2048,16384,1181,107_0005_0076.JPG,107_0005_0093.JPG,16384,16384,9447,7214,0.7636286651847147,440.3076171875,0.828125,0.75,0.9418191313743591,False,ok,0.8169381999759935
D1_154_building,disk-lightglue-r2048-k16384,disk,lightglue,2048,16384,1182,107_0005_0076.JPG,107_0005_0094.JPG,16384,16384,22,10,0.45454545454545453,0.6103515625,0.109375,0.09375,0.19872897863388062,True,ok,0.4768886000092607
D1_154_building,disk-lightglue-r2048-k16384,disk,lightglue,2048,16384,1183,107_0005_0076.JPG,107_0005_0095.JPG,16384,16384,13,8,0.6153846153846154,0.48828125,0.109375,0.09375,0.16569209098815918,True,ok,0.4999637000146322
D1_154_building,disk-lightglue-r2048-k16384,disk,lightglue,2048,16384,1184,107_0005_0077.JPG,107_0005_0078.JPG,16384,16384,10567,10060,0.9520204409955522,614.013671875,0.859375,0.96875,0.9737206101417542,False,ok,0.470227599987993
D1_154_building,disk-lightglue-r2048-k16384,disk,lightglue,2048,16384,1185,107_0005_0077.JPG,107_0005_0079.JPG,16384,16384,6883,6249,0.9078890018887114,381.40869140625,0.578125,0.828125,0.9634217023849487,False,ok,0.4920169000106398
D1_154_building,disk-lightglue-r2048-k16384,disk,lightglue,2048,16384,1186,107_0005_0077.JPG,107_0005_0080.JPG,16384,16384,4780,4109,0.8596234309623431,250.79345703125,0.390625,0.6875,0.9365520477294922,False,ok,0.482168599992292
D1_154_building,disk-lightglue-r2048-k16384,disk,lightglue,2048,16384,1187,107_0005_0077.JPG,107_0005_0081.JPG,16384,16384,3673,3014,0.8205826300027226,183.9599609375,0.28125,0.59375,0.9317453503608704,False,ok,0.33717399998568
D1_154_building,disk-lightglue-r2048-k16384,disk,lightglue,2048,16384,1188,107_0005_0077.JPG,107_0005_0082.JPG,16384,16384,3861,3207,0.8306138306138307,195.73974609375,0.296875,0.609375,0.9257454872131348,False,ok,0.3557306000147946
D1_154_building,disk-lightglue-r2048-k16384,disk,lightglue,2048,16384,1189,107_0005_0077.JPG,107_0005_0083.JPG,16384,16384,3751,3061,0.8160490535857104,186.82861328125,0.234375,0.59375,0.9074176549911499,False,ok,0.37852749999728985
D1_154_building,disk-lightglue-r2048-k16384,disk,lightglue,2048,16384,1190,107_0005_0077.JPG,107_0005_0084.JPG,16384,16384,3713,3053,0.822246162133046,186.34033203125,0.234375,0.53125,0.9120194315910339,False,ok,0.3786963000020478
D1_154_building,disk-lightglue-r2048-k16384,disk,lightglue,2048,16384,1191,107_0005_0077.JPG,107_0005_0085.JPG,16384,16384,5356,4747,0.8862957430918595,289.73388671875,0.34375,0.65625,0.9350844621658325,False,ok,0.4628999999840744
D1_154_building,disk-lightglue-r2048-k16384,disk,lightglue,2048,16384,1192,107_0005_0077.JPG,107_0005_0093.JPG,16384,16384,7519,5266,0.7003590903045618,321.4111328125,0.75,0.59375,0.9302854537963867,False,ok,0.7584275999979582
D1_154_building,disk-lightglue-r2048-k16384,disk,lightglue,2048,16384,1193,107_0005_0077.JPG,107_0005_0094.JPG,16384,16384,26,9,0.34615384615384615,0.54931640625,0.125,0.109375,0.1798647940158844,True,ok,0.46806879999348894
D1_154_building,disk-lightglue-r2048-k16384,disk,lightglue,2048,16384,1194,107_0005_0077.JPG,107_0005_0095.JPG,16384,16384,10,7,0.7,0.42724609375,0.109375,0.09375,0.17923957109451294,True,ok,0.4922233000106644
D1_154_building,disk-lightglue-r2048-k16384,disk,lightglue,2048,16384,1195,107_0005_0077.JPG,107_0005_0096.JPG,16384,16384,24,10,0.4166666666666667,0.6103515625,0.125,0.15625,0.19933919608592987,True,ok,0.478971200005617
D1_154_building,disk-lightglue-r2048-k16384,disk,lightglue,2048,16384,1196,107_0005_0077.JPG,107_0005_0097.JPG,16384,16384,25,8,0.32,0.48828125,0.09375,0.125,0.17596544325351715,True,ok,0.4887124000233598
D1_154_building,disk-lightglue-r2048-k16384,disk,lightglue,2048,16384,1197,107_0005_0078.JPG,107_0005_0079.JPG,16384,16384,10733,10218,0.9520171433895462,623.6572265625,0.84375,0.96875,0.9751805663108826,False,ok,0.4934038999781478
D1_154_building,disk-lightglue-r2048-k16384,disk,lightglue,2048,16384,1198,107_0005_0078.JPG,107_0005_0080.JPG,16384,16384,7882,7174,0.9101750824663791,437.8662109375,0.59375,0.828125,0.9631279706954956,False,ok,0.48241220001364127
D1_154_building,disk-lightglue-r2048-k16384,disk,lightglue,2048,16384,1199,107_0005_0078.JPG,107_0005_0081.JPG,16384,16384,6247,5504,0.8810629101968945,335.9375,0.453125,0.6875,0.9444177150726318,False,ok,0.47149789999821223
D1_154_building,disk-lightglue-r2048-k16384,disk,lightglue,2048,16384,1200,107_0005_0078.JPG,107_0005_0082.JPG,16384,16384,6248,5629,0.9009282970550576,343.56689453125,0.40625,0.734375,0.9391178488731384,False,ok,0.4654678000079002
D1_154_building,disk-lightglue-r2048-k16384,disk,lightglue,2048,16384,1201,107_0005_0078.JPG,107_0005_0083.JPG,16384,16384,5632,4943,0.8776633522727273,301.69677734375,0.328125,0.640625,0.9452337622642517,False,ok,0.3785844999947585
D1_154_building,disk-lightglue-r2048-k16384,disk,lightglue,2048,16384,1202,107_0005_0078.JPG,107_0005_0084.JPG,16384,16384,5546,4911,0.8855030652722683,299.74365234375,0.3125,0.546875,0.9221246838569641,False,ok,0.4807913999829907
D1_154_building,disk-lightglue-r2048-k16384,disk,lightglue,2048,16384,1203,107_0005_0078.JPG,107_0005_0085.JPG,16384,16384,7256,6747,0.929851157662624,411.80419921875,0.453125,0.65625,0.9517753720283508,False,ok,0.4838554000016302
D1_154_building,disk-lightglue-r2048-k16384,disk,lightglue,2048,16384,1204,107_0005_0078.JPG,107_0005_0086.JPG,16384,16384,8660,8139,0.939838337182448,496.76513671875,0.59375,0.703125,0.9567825794219971,False,ok,0.47428550000768155
D1_154_building,disk-lightglue-r2048-k16384,disk,lightglue,2048,16384,1205,107_0005_0078.JPG,107_0005_0094.JPG,16384,16384,2,0,0.0,0.0,0.0,0.0,0.1539057344198227,True,too_few_matches,0.4731200000096578
D1_154_building,disk-lightglue-r2048-k16384,disk,lightglue,2048,16384,1206,107_0005_0078.JPG,107_0005_0095.JPG,16384,16384,12,8,0.6666666666666666,0.48828125,0.109375,0.109375,0.16747762262821198,True,ok,0.5017479999805801
D1_154_building,disk-lightglue-r2048-k16384,disk,lightglue,2048,16384,1207,107_0005_0078.JPG,107_0005_0096.JPG,16384,16384,12,7,0.5833333333333334,0.42724609375,0.109375,0.09375,0.20085524022579193,True,ok,0.4920496999984607
D1_154_building,disk-lightglue-r2048-k16384,disk,lightglue,2048,16384,1208,107_0005_0078.JPG,107_0005_0097.JPG,16384,16384,22,9,0.4090909090909091,0.54931640625,0.125,0.09375,0.18106740713119507,True,ok,0.5114192999899387
D1_154_building,disk-lightglue-r2048-k16384,disk,lightglue,2048,16384,1209,107_0005_0078.JPG,107_0005_0098.JPG,16384,16384,24,8,0.3333333333333333,0.48828125,0.125,0.109375,0.20030371844768524,True,ok,0.48616729999776
D1_154_building,disk-lightglue-r2048-k16384,disk,lightglue,2048,16384,1210,107_0005_0079.JPG,107_0005_0080.JPG,16384,16384,11704,11165,0.9539473684210527,681.45751953125,0.828125,0.96875,0.9726076126098633,False,ok,0.47327539999969304
D1_154_building,disk-lightglue-r2048-k16384,disk,lightglue,2048,16384,1211,107_0005_0079.JPG,107_0005_0081.JPG,16384,16384,9597,8860,0.9232051682817547,540.771484375,0.65625,0.8125,0.965842604637146,False,ok,0.47236130002420396
D1_154_building,disk-lightglue-r2048-k16384,disk,lightglue,2048,16384,1212,107_0005_0079.JPG,107_0005_0082.JPG,16384,16384,9043,8510,0.9410593829481367,519.4091796875,0.59375,0.796875,0.9609477519989014,False,ok,0.4747285000048578
D1_154_building,disk-lightglue-r2048-k16384,disk,lightglue,2048,16384,1213,107_0005_0079.JPG,107_0005_0083.JPG,16384,16384,7811,7244,0.9274100627320445,442.138671875,0.515625,0.6875,0.9442074298858643,False,ok,0.4631977000099141
D1_154_building,disk-lightglue-r2048-k16384,disk,lightglue,2048,16384,1214,107_0005_0079.JPG,107_0005_0084.JPG,16384,16384,7581,6988,0.9217781295343622,426.513671875,0.453125,0.640625,0.9459417462348938,False,ok,0.47802959999535233
D1_154_building,disk-lightglue-r2048-k16384,disk,lightglue,2048,16384,1215,107_0005_0079.JPG,107_0005_0085.JPG,16384,16384,9119,8514,0.9336550060313631,519.6533203125,0.609375,0.671875,0.9573529362678528,False,ok,0.4733721000084188
D1_154_building,disk-lightglue-r2048-k16384,disk,lightglue,2048,16384,1216,107_0005_0079.JPG,107_0005_0086.JPG,16384,16384,8535,7877,0.9229056824838898,480.77392578125,0.734375,0.640625,0.9522278308868408,False,ok,0.47325999999884516
D1_154_building,disk-lightglue-r2048-k16384,disk,lightglue,2048,16384,1217,107_0005_0079.JPG,107_0005_0087.JPG,16384,16384,5907,5213,0.8825122735737261,318.17626953125,0.640625,0.453125,0.9429581165313721,False,ok,0.46119719999842346
D1_154_building,disk-lightglue-r2048-k16384,disk,lightglue,2048,16384,1218,107_0005_0079.JPG,107_0005_0096.JPG,16384,16384,18,8,0.4444444444444444,0.48828125,0.125,0.109375,0.19523032009601593,True,ok,0.5022872000117786
D1_154_building,disk-lightglue-r2048-k16384,disk,lightglue,2048,16384,1219,107_0005_0079.JPG,107_0005_0097.JPG,16384,16384,20,9,0.45,0.54931640625,0.125,0.140625,0.2572289705276489,True,ok,0.47352309999405406
D1_154_building,disk-lightglue-r2048-k16384,disk,lightglue,2048,16384,1220,107_0005_0079.JPG,107_0005_0112.JPG,16384,16384,16,8,0.5,0.48828125,0.109375,0.109375,0.1658639907836914,True,ok,0.4986176999809686
D1_154_building,disk-lightglue-r2048-k16384,disk,lightglue,2048,16384,1221,107_0005_0079.JPG,107_0005_0113.JPG,16384,16384,19,8,0.42105263157894735,0.48828125,0.109375,0.09375,0.18447190523147583,True,ok,0.4862274999904912
D1_154_building,disk-lightglue-r2048-k16384,disk,lightglue,2048,16384,1222,107_0005_0079.JPG,107_0005_0145.JPG,16384,16384,20,8,0.4,0.48828125,0.125,0.125,0.18137811124324799,True,ok,0.4795581000216771
D1_154_building,disk-lightglue-r2048-k16384,disk,lightglue,2048,16384,1223,107_0005_0080.JPG,107_0005_0081.JPG,16384,16384,12745,12289,0.9642212632404865,750.06103515625,0.8125,0.9375,0.9747378826141357,False,ok,0.47307949999230914
D1_154_building,disk-lightglue-r2048-k16384,disk,lightglue,2048,16384,1224,107_0005_0080.JPG,107_0005_0082.JPG,16384,16384,11414,11063,0.969248291571754,675.23193359375,0.71875,0.890625,0.9729240536689758,False,ok,0.47735309999552555
D1_154_building,disk-lightglue-r2048-k16384,disk,lightglue,2048,16384,1225,107_0005_0080.JPG,107_0005_0083.JPG,16384,16384,9551,8969,0.9390639723589153,547.42431640625,0.65625,0.75,0.9539806246757507,False,ok,0.4643921999959275
D1_154_building,disk-lightglue-r2048-k16384,disk,lightglue,2048,16384,1226,107_0005_0080.JPG,107_0005_0084.JPG,16384,16384,9165,8611,0.9395526459356247,525.57373046875,0.5625,0.671875,0.9586453437805176,False,ok,0.46622890001162887
D1_154_building,disk-lightglue-r2048-k16384,disk,lightglue,2048,16384,1227,107_0005_0080.JPG,107_0005_0085.JPG,16384,16384,8912,8274,0.928411131059246,505.0048828125,0.71875,0.625,0.9547156691551208,False,ok,0.45992980001028627
D1_154_building,disk-lightglue-r2048-k16384,disk,lightglue,2048,16384,1228,107_0005_0080.JPG,107_0005_0086.JPG,16384,16384,6698,5898,0.8805613616004777,359.9853515625,0.6875,0.484375,0.9402356147766113,False,ok,0.4894691999943461
D1_154_building,disk-lightglue-r2048-k16384,disk,lightglue,2048,16384,1229,107_0005_0080.JPG,107_0005_0087.JPG,16384,16384,4446,3592,0.8079172289698605,219.23828125,0.640625,0.40625,0.9433189630508423,False,ok,0.33169240001006983
D1_154_building,disk-lightglue-r2048-k16384,disk,lightglue,2048,16384,1230,107_0005_0080.JPG,107_0005_0088.JPG,16384,16384,2557,1908,0.7461869378177551,116.455078125,0.53125,0.3125,0.9003201723098755,False,ok,0.4386019000085071
D1_154_building,disk-lightglue-r2048-k16384,disk,lightglue,2048,16384,1231,107_0005_0080.JPG,107_0005_0111.JPG,16384,16384,35,9,0.2571428571428571,0.54931640625,0.109375,0.078125,0.2012852281332016,True,ok,0.49539709999226034
D1_154_building,disk-lightglue-r2048-k16384,disk,lightglue,2048,16384,1232,107_0005_0080.JPG,107_0005_0112.JPG,16384,16384,10,7,0.7,0.42724609375,0.109375,0.078125,0.19679801166057587,True,ok,0.48130569999921136
D1_154_building,disk-lightglue-r2048-k16384,disk,lightglue,2048,16384,1233,107_0005_0080.JPG,107_0005_0113.JPG,16384,16384,12,8,0.6666666666666666,0.48828125,0.109375,0.109375,0.15437011420726776,True,ok,0.4951766000012867
D1_154_building,disk-lightglue-r2048-k16384,disk,lightglue,2048,16384,1234,107_0005_0080.JPG,107_0005_0144.JPG,16384,16384,24,9,0.375,0.54931640625,0.125,0.125,0.22063285112380981,True,ok,0.49613569999928586
D1_154_building,disk-lightglue-r2048-k16384,disk,lightglue,2048,16384,1235,107_0005_0080.JPG,107_0005_0145.JPG,16384,16384,22,8,0.36363636363636365,0.48828125,0.109375,0.109375,0.240977942943573,True,ok,0.4754920999985188
D1_154_building,disk-lightglue-r2048-k16384,disk,lightglue,2048,16384,1236,107_0005_0081.JPG,107_0005_0082.JPG,16384,16384,12535,12129,0.9676106900678101,740.29541015625,0.890625,0.859375,0.970169723033905,False,ok,0.46761580000747927
D1_154_building,disk-lightglue-r2048-k16384,disk,lightglue,2048,16384,1237,107_0005_0081.JPG,107_0005_0083.JPG,16384,16384,10300,9592,0.9312621359223301,585.44921875,0.765625,0.734375,0.9492355585098267,False,ok,0.4705621000030078
D1_154_building,disk-lightglue-r2048-k16384,disk,lightglue,2048,16384,1238,107_0005_0081.JPG,107_0005_0084.JPG,16384,16384,9990,9351,0.936036036036036,570.73974609375,0.71875,0.65625,0.9537968635559082,False,ok,0.47571790000074543
D1_154_building,disk-lightglue-r2048-k16384,disk,lightglue,2048,16384,1239,107_0005_0081.JPG,107_0005_0085.JPG,16384,16384,7749,7020,0.9059233449477352,428.466796875,0.765625,0.5625,0.9447246193885803,False,ok,0.45819699999992736
D1_154_building,disk-lightglue-r2048-k16384,disk,lightglue,2048,16384,1240,107_0005_0081.JPG,107_0005_0086.JPG,16384,16384,5644,4685,0.8300850460666194,285.94970703125,0.6875,0.40625,0.9491214156150818,False,ok,0.36723619999247603
D1_154_building,disk-lightglue-r2048-k16384,disk,lightglue,2048,16384,1241,107_0005_0081.JPG,107_0005_0087.JPG,16384,16384,3553,2616,0.7362792006754855,159.66796875,0.5625,0.328125,0.9139333963394165,False,ok,0.3705216000089422
D1_154_building,disk-lightglue-r2048-k16384,disk,lightglue,2048,16384,1242,107_0005_0081.JPG,107_0005_0088.JPG,16384,16384,1991,1375,0.6906077348066298,83.92333984375,0.46875,0.234375,0.9095945954322815,False,ok,0.469154599995818
D1_154_building,disk-lightglue-r2048-k16384,disk,lightglue,2048,16384,1243,107_0005_0081.JPG,107_0005_0089.JPG,16384,16384,32,13,0.40625,0.79345703125,0.125,0.109375,0.2045440673828125,True,ok,0.48747089999960735
D1_154_building,disk-lightglue-r2048-k16384,disk,lightglue,2048,16384,1244,107_0005_0081.JPG,107_0005_0111.JPG,16384,16384,12,7,0.5833333333333334,0.42724609375,0.109375,0.09375,0.2516246736049652,True,ok,0.48072890000185
D1_154_building,disk-lightglue-r2048-k16384,disk,lightglue,2048,16384,1245,107_0005_0081.JPG,107_0005_0112.JPG,16384,16384,15,8,0.5333333333333333,0.48828125,0.109375,0.078125,0.18807822465896606,True,ok,0.48902750000706874
D1_154_building,disk-lightglue-r2048-k16384,disk,lightglue,2048,16384,1246,107_0005_0081.JPG,107_0005_0113.JPG,16384,16384,9,7,0.7777777777777778,0.42724609375,0.109375,0.09375,0.19697222113609314,True,ok,0.48910600002272986
D1_154_building,disk-lightglue-r2048-k16384,disk,lightglue,2048,16384,1247,107_0005_0081.JPG,107_0005_0114.JPG,16384,16384,22,8,0.36363636363636365,0.48828125,0.125,0.125,0.21491751074790955,True,ok,0.4952507999842055
D1_154_building,disk-lightglue-r2048-k16384,disk,lightglue,2048,16384,1248,107_0005_0081.JPG,107_0005_0143.JPG,16384,16384,20,8,0.4,0.48828125,0.109375,0.109375,0.2949974536895752,True,ok,0.4832334999809973
D1_154_building,disk-lightglue-r2048-k16384,disk,lightglue,2048,16384,1249,107_0005_0081.JPG,107_0005_0144.JPG,16384,16384,23,8,0.34782608695652173,0.48828125,0.125,0.125,0.24971193075180054,True,ok,0.4826554000028409
D1_154_building,disk-lightglue-r2048-k16384,disk,lightglue,2048,16384,1250,107_0005_0081.JPG,107_0005_0145.JPG,16384,16384,20,8,0.4,0.48828125,0.109375,0.109375,0.20831696689128876,True,ok,0.4781963999848813
D1_154_building,disk-lightglue-r2048-k16384,disk,lightglue,2048,16384,1251,107_0005_0082.JPG,107_0005_0083.JPG,16384,16384,12605,12229,0.9701705672352241,746.39892578125,0.859375,0.828125,0.9758235216140747,False,ok,0.4729513000056613
D1_154_building,disk-lightglue-r2048-k16384,disk,lightglue,2048,16384,1252,107_0005_0082.JPG,107_0005_0084.JPG,16384,16384,12110,11717,0.9675474814203138,715.14892578125,0.765625,0.75,0.9779903292655945,False,ok,0.4535751999937929
D1_154_building,disk-lightglue-r2048-k16384,disk,lightglue,2048,16384,1253,107_0005_0082.JPG,107_0005_0085.JPG,16384,16384,9226,8425,0.9131801430739215,514.22119140625,0.890625,0.578125,0.9720693230628967,False,ok,0.4498005000059493
D1_154_building,disk-lightglue-r2048-k16384,disk,lightglue,2048,16384,1254,107_0005_0082.JPG,107_0005_0086.JPG,16384,16384,6584,5596,0.8499392466585662,341.552734375,0.78125,0.46875,0.9488475918769836,False,ok,0.5246953000023495
D1_154_building,disk-lightglue-r2048-k16384,disk,lightglue,2048,16384,1255,107_0005_0082.JPG,107_0005_0087.JPG,16384,16384,4195,3248,0.7742550655542312,198.2421875,0.65625,0.375,0.9419646263122559,False,ok,0.36534320001374
D1_154_building,disk-lightglue-r2048-k16384,disk,lightglue,2048,16384,1256,107_0005_0082.JPG,107_0005_0088.JPG,16384,16384,2289,1717,0.7501092179991262,104.79736328125,0.53125,0.25,0.8828555345535278,False,ok,0.5293507000023965
D1_154_building,disk-lightglue-r2048-k16384,disk,lightglue,2048,16384,1257,107_0005_0082.JPG,107_0005_0089.JPG,16384,16384,149,123,0.825503355704698,7.50732421875,0.21875,0.15625,0.3139447271823883,False,ok,0.5091025999863632
D1_154_building,disk-lightglue-r2048-k16384,disk,lightglue,2048,16384,1258,107_0005_0082.JPG,107_0005_0090.JPG,16384,16384,23,8,0.34782608695652173,0.48828125,0.109375,0.109375,0.16058754920959473,True,ok,0.4704605000151787
D1_154_building,disk-lightglue-r2048-k16384,disk,lightglue,2048,16384,1259,107_0005_0082.JPG,107_0005_0110.JPG,16384,16384,16,8,0.5,0.48828125,0.125,0.109375,0.22776344418525696,True,ok,0.496856600017054
D1_154_building,disk-lightglue-r2048-k16384,disk,lightglue,2048,16384,1260,107_0005_0082.JPG,107_0005_0111.JPG,16384,16384,10,7,0.7,0.42724609375,0.109375,0.09375,0.2186216413974762,True,ok,0.4939425000047777
D1_154_building,disk-lightglue-r2048-k16384,disk,lightglue,2048,16384,1261,107_0005_0082.JPG,107_0005_0127.JPG,16384,16384,18,8,0.4444444444444444,0.48828125,0.125,0.109375,0.2152988314628601,True,ok,0.47603419999359176
D1_154_building,disk-lightglue-r2048-k16384,disk,lightglue,2048,16384,1262,107_0005_0082.JPG,107_0005_0128.JPG,16384,16384,13,8,0.6153846153846154,0.48828125,0.125,0.125,0.1873590350151062,True,ok,0.5057722999772523
D1_154_building,disk-lightglue-r2048-k16384,disk,lightglue,2048,16384,1263,107_0005_0082.JPG,107_0005_0129.JPG,16384,16384,18,8,0.4444444444444444,0.48828125,0.125,0.109375,0.2352677434682846,True,ok,0.49464849999640137
D1_154_building,disk-lightglue-r2048-k16384,disk,lightglue,2048,16384,1264,107_0005_0082.JPG,107_0005_0130.JPG,16384,16384,21,8,0.38095238095238093,0.48828125,0.09375,0.109375,0.2033054530620575,True,ok,0.49531300002126954
D1_154_building,disk-lightglue-r2048-k16384,disk,lightglue,2048,16384,1265,107_0005_0083.JPG,107_0005_0084.JPG,16384,16384,14076,13881,0.9861466325660699,847.22900390625,0.875,0.890625,0.9757614731788635,False,ok,0.47457580000627786
D1_154_building,disk-lightglue-r2048-k16384,disk,lightglue,2048,16384,1266,107_0005_0083.JPG,107_0005_0085.JPG,16384,16384,10474,9836,0.9390872637005919,600.341796875,0.875,0.671875,0.9769395589828491,False,ok,0.4505211999930907
D1_154_building,disk-lightglue-r2048-k16384,disk,lightglue,2048,16384,1267,107_0005_0083.JPG,107_0005_0086.JPG,16384,16384,7351,6576,0.8945721670521017,401.3671875,0.765625,0.515625,0.9580082893371582,False,ok,0.5016307999903802
D1_154_building,disk-lightglue-r2048-k16384,disk,lightglue,2048,16384,1268,107_0005_0083.JPG,107_0005_0087.JPG,16384,16384,4703,3936,0.8369126089729959,240.234375,0.640625,0.375,0.9467212557792664,False,ok,0.3334943999943789
D1_154_building,disk-lightglue-r2048-k16384,disk,lightglue,2048,16384,1269,107_0005_0083.JPG,107_0005_0088.JPG,16384,16384,2691,1874,0.696395392047566,114.3798828125,0.53125,0.265625,0.8895464539527893,False,ok,0.4624519999779295
D1_154_building,disk-lightglue-r2048-k16384,disk,lightglue,2048,16384,1270,107_0005_0083.JPG,107_0005_0089.JPG,16384,16384,618,497,0.8042071197411004,30.33447265625,0.328125,0.140625,0.47852081060409546,False,ok,0.4997213000024203
D1_154_building,disk-lightglue-r2048-k16384,disk,lightglue,2048,16384,1271,107_0005_0083.JPG,107_0005_0090.JPG,16384,16384,19,9,0.47368421052631576,0.54931640625,0.109375,0.109375,0.2214629203081131,True,ok,0.4803789000143297
D1_154_building,disk-lightglue-r2048-k16384,disk,lightglue,2048,16384,1272,107_0005_0083.JPG,107_0005_0091.JPG,16384,16384,15,8,0.5333333333333333,0.48828125,0.125,0.125,0.1956956535577774,True,ok,0.48302360001252964
D1_154_building,disk-lightglue-r2048-k16384,disk,lightglue,2048,16384,1273,107_0005_0083.JPG,107_0005_0108.JPG,16384,16384,23,8,0.34782608695652173,0.48828125,0.125,0.09375,0.1926882565021515,True,ok,0.47573279999778606
D1_154_building,disk-lightglue-r2048-k16384,disk,lightglue,2048,16384,1274,107_0005_0083.JPG,107_0005_0109.JPG,16384,16384,18,8,0.4444444444444444,0.48828125,0.125,0.125,0.19789958000183105,True,ok,0.470850599987898
D1_154_building,disk-lightglue-r2048-k16384,disk,lightglue,2048,16384,1275,107_0005_0083.JPG,107_0005_0110.JPG,16384,16384,16,9,0.5625,0.54931640625,0.140625,0.125,0.16091158986091614,True,ok,0.48116970001137815
D1_154_building,disk-lightglue-r2048-k16384,disk,lightglue,2048,16384,1276,107_0005_0083.JPG,107_0005_0118.JPG,16384,16384,16,8,0.5,0.48828125,0.125,0.109375,0.20761439204216003,True,ok,0.481962999998359
D1_154_building,disk-lightglue-r2048-k16384,disk,lightglue,2048,16384,1277,107_0005_0083.JPG,107_0005_0125.JPG,16384,16384,19,8,0.42105263157894735,0.48828125,0.125,0.109375,0.21850089728832245,True,ok,0.4792438000149559
D1_154_building,disk-lightglue-r2048-k16384,disk,lightglue,2048,16384,1278,107_0005_0083.JPG,107_0005_0126.JPG,16384,16384,22,9,0.4090909090909091,0.54931640625,0.125,0.125,0.25004124641418457,True,ok,0.4680686999927275
D1_154_building,disk-lightglue-r2048-k16384,disk,lightglue,2048,16384,1279,107_0005_0083.JPG,107_0005_0127.JPG,16384,16384,10,7,0.7,0.42724609375,0.09375,0.109375,0.2540823221206665,True,ok,0.4726166999898851
D1_154_building,disk-lightglue-r2048-k16384,disk,lightglue,2048,16384,1280,107_0005_0083.JPG,107_0005_0128.JPG,16384,16384,12,7,0.5833333333333334,0.42724609375,0.109375,0.09375,0.15171252191066742,True,ok,0.49712869999348186
D1_154_building,disk-lightglue-r2048-k16384,disk,lightglue,2048,16384,1281,107_0005_0083.JPG,107_0005_0129.JPG,16384,16384,18,8,0.4444444444444444,0.48828125,0.109375,0.125,0.24174612760543823,True,ok,0.4798309000034351
D1_154_building,disk-lightglue-r2048-k16384,disk,lightglue,2048,16384,1282,107_0005_0083.JPG,107_0005_0130.JPG,16384,16384,26,9,0.34615384615384615,0.54931640625,0.109375,0.125,0.23458561301231384,True,ok,0.4998513000027742
D1_154_building,disk-lightglue-r2048-k16384,disk,lightglue,2048,16384,1283,107_0005_0084.JPG,107_0005_0085.JPG,16384,16384,10533,9992,0.9486376151144024,609.86328125,0.875,0.671875,0.9772967100143433,False,ok,0.46457640000153333
D1_154_building,disk-lightglue-r2048-k16384,disk,lightglue,2048,16384,1284,107_0005_0084.JPG,107_0005_0086.JPG,16384,16384,7394,6667,0.9016770354341358,406.92138671875,0.75,0.53125,0.9595829248428345,False,ok,0.48674320001737215
D1_154_building,disk-lightglue-r2048-k16384,disk,lightglue,2048,16384,1285,107_0005_0084.JPG,107_0005_0087.JPG,16384,16384,4816,4002,0.8309800664451827,244.2626953125,0.65625,0.390625,0.9469563961029053,False,ok,0.3506823999923654
D1_154_building,disk-lightglue-r2048-k16384,disk,lightglue,2048,16384,1286,107_0005_0084.JPG,107_0005_0088.JPG,16384,16384,2749,1735,0.6311385958530374,105.89599609375,0.53125,0.25,0.8909239172935486,False,ok,0.4744279999868013
D1_154_building,disk-lightglue-r2048-k16384,disk,lightglue,2048,16384,1287,107_0005_0084.JPG,107_0005_0089.JPG,16384,16384,421,355,0.8432304038004751,21.66748046875,0.3125,0.140625,0.4221714735031128,False,ok,0.47933630002080463
D1_154_building,disk-lightglue-r2048-k16384,disk,lightglue,2048,16384,1288,107_0005_0084.JPG,107_0005_0090.JPG,16384,16384,16,8,0.5,0.48828125,0.125,0.109375,0.23031948506832123,True,ok,0.49623410002095625
D1_154_building,disk-lightglue-r2048-k16384,disk,lightglue,2048,16384,1289,107_0005_0084.JPG,107_0005_0091.JPG,16384,16384,27,8,0.2962962962962963,0.48828125,0.125,0.125,0.18196526169776917,True,ok,0.49404729998786934
D1_154_building,disk-lightglue-r2048-k16384,disk,lightglue,2048,16384,1290,107_0005_0084.JPG,107_0005_0092.JPG,16384,16384,18,8,0.4444444444444444,0.48828125,0.109375,0.125,0.1875457614660263,True,ok,0.47968849999597296
D1_154_building,disk-lightglue-r2048-k16384,disk,lightglue,2048,16384,1291,107_0005_0084.JPG,107_0005_0108.JPG,16384,16384,21,8,0.38095238095238093,0.48828125,0.109375,0.09375,0.18492363393306732,True,ok,0.49800940000568517
D1_154_building,disk-lightglue-r2048-k16384,disk,lightglue,2048,16384,1292,107_0005_0084.JPG,107_0005_0109.JPG,16384,16384,10,7,0.7,0.42724609375,0.09375,0.109375,0.1685798019170761,True,ok,0.4870592000079341
D1_154_building,disk-lightglue-r2048-k16384,disk,lightglue,2048,16384,1293,107_0005_0084.JPG,107_0005_0110.JPG,16384,16384,21,8,0.38095238095238093,0.48828125,0.109375,0.125,0.20240414142608643,True,ok,0.5006603999936488
D1_154_building,disk-lightglue-r2048-k16384,disk,lightglue,2048,16384,1294,107_0005_0084.JPG,107_0005_0125.JPG,16384,16384,13,8,0.6153846153846154,0.48828125,0.09375,0.078125,0.18885089457035065,True,ok,0.461473900009878
D1_154_building,disk-lightglue-r2048-k16384,disk,lightglue,2048,16384,1295,107_0005_0084.JPG,107_0005_0126.JPG,16384,16384,18,9,0.5,0.54931640625,0.125,0.109375,0.17310351133346558,True,ok,0.5124748000234831
D1_154_building,disk-lightglue-r2048-k16384,disk,lightglue,2048,16384,1296,107_0005_0084.JPG,107_0005_0127.JPG,16384,16384,14,8,0.5714285714285714,0.48828125,0.125,0.109375,0.22278539836406708,True,ok,0.46522310000727884
D1_154_building,disk-lightglue-r2048-k16384,disk,lightglue,2048,16384,1297,107_0005_0084.JPG,107_0005_0128.JPG,16384,16384,11,7,0.6363636363636364,0.42724609375,0.09375,0.109375,0.18961340188980103,True,ok,0.5102871999843046
D1_154_building,disk-lightglue-r2048-k16384,disk,lightglue,2048,16384,1298,107_0005_0084.JPG,107_0005_0129.JPG,16384,16384,20,9,0.45,0.54931640625,0.125,0.109375,0.18820540606975555,True,ok,0.4778832999872975
D1_154_building,disk-lightglue-r2048-k16384,disk,lightglue,2048,16384,1299,107_0005_0084.JPG,107_0005_0130.JPG,16384,16384,23,9,0.391304347826087,0.54931640625,0.125,0.109375,0.1650705337524414,True,ok,0.5048456999938935
D1_154_building,disk-lightglue-r2048-k16384,disk,lightglue,2048,16384,1300,107_0005_0085.JPG,107_0005_0086.JPG,16384,16384,11190,10715,0.9575513851653262,653.99169921875,0.875,0.75,0.9771173596382141,False,ok,0.48973559998557903
D1_154_building,disk-lightglue-r2048-k16384,disk,lightglue,2048,16384,1301,107_0005_0085.JPG,107_0005_0087.JPG,16384,16384,7485,6800,0.9084836339345357,415.0390625,0.75,0.53125,0.9640138149261475,False,ok,0.4639061999914702
D1_154_building,disk-lightglue-r2048-k16384,disk,lightglue,2048,16384,1302,107_0005_0085.JPG,107_0005_0088.JPG,16384,16384,4786,4066,0.8495612202256582,248.1689453125,0.625,0.375,0.9338188171386719,False,ok,0.48875880002742633
D1_154_building,disk-lightglue-r2048-k16384,disk,lightglue,2048,16384,1303,107_0005_0085.JPG,107_0005_0089.JPG,16384,16384,2886,2305,0.7986832986832987,140.68603515625,0.46875,0.234375,0.9248319268226624,False,ok,0.36987220001174137
D1_154_building,disk-lightglue-r2048-k16384,disk,lightglue,2048,16384,1304,107_0005_0085.JPG,107_0005_0090.JPG,16384,16384,1740,1316,0.7563218390804598,80.322265625,0.375,0.15625,0.8948315978050232,False,ok,0.4614424000028521
D1_154_building,disk-lightglue-r2048-k16384,disk,lightglue,2048,16384,1305,107_0005_0085.JPG,107_0005_0091.JPG,16384,16384,81,65,0.8024691358024691,3.96728515625,0.265625,0.125,0.2383924424648285,False,ok,0.483714100002544
D1_154_building,disk-lightglue-r2048-k16384,disk,lightglue,2048,16384,1306,107_0005_0085.JPG,107_0005_0092.JPG,16384,16384,2251,1781,0.7912039093736117,108.70361328125,0.4375,0.171875,0.9192741513252258,False,ok,0.4800012999912724
D1_154_building,disk-lightglue-r2048-k16384,disk,lightglue,2048,16384,1307,107_0005_0085.JPG,107_0005_0093.JPG,16384,16384,2493,2087,0.8371440032089852,127.38037109375,0.375,0.203125,0.8957651853561401,False,ok,0.5815423000021838
D1_154_building,disk-lightglue-r2048-k16384,disk,lightglue,2048,16384,1308,107_0005_0085.JPG,107_0005_0098.JPG,16384,16384,21,8,0.38095238095238093,0.48828125,0.109375,0.09375,0.21672795712947845,True,ok,0.47701110001071356
D1_154_building,disk-lightglue-r2048-k16384,disk,lightglue,2048,16384,1309,107_0005_0085.JPG,107_0005_0099.JPG,16384,16384,18,8,0.4444444444444444,0.48828125,0.125,0.125,0.19376280903816223,True,ok,0.48844819999067113
D1_154_building,disk-lightglue-r2048-k16384,disk,lightglue,2048,16384,1310,107_0005_0085.JPG,107_0005_0100.JPG,16384,16384,16,8,0.5,0.48828125,0.109375,0.125,0.21624231338500977,True,ok,0.47796540000126697
D1_154_building,disk-lightglue-r2048-k16384,disk,lightglue,2048,16384,1311,107_0005_0085.JPG,107_0005_0101.JPG,16384,16384,21,9,0.42857142857142855,0.54931640625,0.125,0.109375,0.1957569569349289,True,ok,0.48828900000080466
D1_154_building,disk-lightglue-r2048-k16384,disk,lightglue,2048,16384,1312,107_0005_0085.JPG,107_0005_0108.JPG,16384,16384,16,8,0.5,0.48828125,0.109375,0.09375,0.2634927034378052,True,ok,0.4813655000180006
D1_154_building,disk-lightglue-r2048-k16384,disk,lightglue,2048,16384,1313,107_0005_0085.JPG,107_0005_0109.JPG,16384,16384,17,8,0.47058823529411764,0.48828125,0.125,0.125,0.16971726715564728,True,ok,0.4941662999917753
D1_154_building,disk-lightglue-r2048-k16384,disk,lightglue,2048,16384,1314,107_0005_0085.JPG,107_0005_0110.JPG,16384,16384,19,8,0.42105263157894735,0.48828125,0.125,0.109375,0.2222718894481659,True,ok,0.4838595000037458
D1_154_building,disk-lightglue-r2048-k16384,disk,lightglue,2048,16384,1315,107_0005_0085.JPG,107_0005_0126.JPG,16384,16384,19,8,0.42105263157894735,0.48828125,0.09375,0.125,0.22196923196315765,True,ok,0.47607769997557625
D1_154_building,disk-lightglue-r2048-k16384,disk,lightglue,2048,16384,1316,107_0005_0085.JPG,107_0005_0127.JPG,16384,16384,16,8,0.5,0.48828125,0.09375,0.125,0.16214372217655182,True,ok,0.48499090000404976
D1_154_building,disk-lightglue-r2048-k16384,disk,lightglue,2048,16384,1317,107_0005_0085.JPG,107_0005_0128.JPG,16384,16384,11,7,0.6363636363636364,0.42724609375,0.109375,0.078125,0.1963452398777008,True,ok,0.49865480000153184
D1_154_building,disk-lightglue-r2048-k16384,disk,lightglue,2048,16384,1318,107_0005_0086.JPG,107_0005_0087.JPG,16384,16384,10673,10175,0.9533402042537243,621.03271484375,0.90625,0.796875,0.9768280982971191,False,ok,0.4687266999972053
D1_154_building,disk-lightglue-r2048-k16384,disk,lightglue,2048,16384,1319,107_0005_0086.JPG,107_0005_0088.JPG,16384,16384,7106,6419,0.9033211370672671,391.78466796875,0.765625,0.53125,0.9624044299125671,False,ok,0.49417399999219924
D1_154_building,disk-lightglue-r2048-k16384,disk,lightglue,2048,16384,1320,107_0005_0086.JPG,107_0005_0089.JPG,16384,16384,4471,3855,0.8622232162827108,235.29052734375,0.578125,0.328125,0.9352215528488159,False,ok,0.4515047000022605
D1_154_building,disk-lightglue-r2048-k16384,disk,lightglue,2048,16384,1321,107_0005_0086.JPG,107_0005_0090.JPG,16384,16384,2812,2282,0.8115220483641536,139.2822265625,0.484375,0.234375,0.9120274186134338,False,ok,0.4516771000053268
D1_154_building,disk-lightglue-r2048-k16384,disk,lightglue,2048,16384,1322,107_0005_0086.JPG,107_0005_0091.JPG,16384,16384,1911,1534,0.8027210884353742,93.6279296875,0.390625,0.171875,0.828745424747467,False,ok,0.6179117000137921
D1_154_building,disk-lightglue-r2048-k16384,disk,lightglue,2048,16384,1323,107_0005_0086.JPG,107_0005_0092.JPG,16384,16384,3313,2818,0.8505885904014489,171.9970703125,0.5625,0.25,0.9023963809013367,False,ok,0.43962429999373853
D1_154_building,disk-lightglue-r2048-k16384,disk,lightglue,2048,16384,1324,107_0005_0086.JPG,107_0005_0093.JPG,16384,16384,3607,3169,0.878569448294982,193.42041015625,0.46875,0.296875,0.9310441613197327,False,ok,0.5124751999974251
D1_154_building,disk-lightglue-r2048-k16384,disk,lightglue,2048,16384,1325,107_0005_0086.JPG,107_0005_0094.JPG,16384,16384,7,0,0.0,0.0,0.0,0.0,0.1536376029253006,True,too_few_matches,0.48084669999661855
D1_154_building,disk-lightglue-r2048-k16384,disk,lightglue,2048,16384,1326,107_0005_0086.JPG,107_0005_0097.JPG,16384,16384,29,9,0.3103448275862069,0.54931640625,0.125,0.125,0.1746801733970642,True,ok,0.49494639999466017
D1_154_building,disk-lightglue-r2048-k16384,disk,lightglue,2048,16384,1327,107_0005_0086.JPG,107_0005_0098.JPG,16384,16384,13,8,0.6153846153846154,0.48828125,0.09375,0.125,0.24146288633346558,True,ok,0.4762517999915872
D1_154_building,disk-lightglue-r2048-k16384,disk,lightglue,2048,16384,1328,107_0005_0086.JPG,107_0005_0099.JPG,16384,16384,15,8,0.5333333333333333,0.48828125,0.109375,0.09375,0.21009963750839233,True,ok,0.49194740000530146
D1_154_building,disk-lightglue-r2048-k16384,disk,lightglue,2048,16384,1329,107_0005_0086.JPG,107_0005_0100.JPG,16384,16384,14,7,0.5,0.42724609375,0.109375,0.109375,0.24323119223117828,True,ok,0.4885570999758784
D1_154_building,disk-lightglue-r2048-k16384,disk,lightglue,2048,16384,1330,107_0005_0086.JPG,107_0005_0101.JPG,16384,16384,15,8,0.5333333333333333,0.48828125,0.125,0.125,0.23040053248405457,True,ok,0.4933225999993738
D1_154_building,disk-lightglue-r2048-k16384,disk,lightglue,2048,16384,1331,107_0005_0086.JPG,107_0005_0102.JPG,16384,16384,16,8,0.5,0.48828125,0.125,0.125,0.21267694234848022,True,ok,0.47845339999184944
D1_154_building,disk-lightglue-r2048-k16384,disk,lightglue,2048,16384,1332,107_0005_0086.JPG,107_0005_0103.JPG,16384,16384,23,9,0.391304347826087,0.54931640625,0.125,0.125,0.20777025818824768,True,ok,0.4957769999746233
D1_154_building,disk-lightglue-r2048-k16384,disk,lightglue,2048,16384,1333,107_0005_0086.JPG,107_0005_0128.JPG,16384,16384,16,8,0.5,0.48828125,0.109375,0.125,0.17906107008457184,True,ok,0.47244499999214895
D1_154_building,disk-lightglue-r2048-k16384,disk,lightglue,2048,16384,1334,107_0005_0087.JPG,107_0005_0088.JPG,16384,16384,10669,10171,0.9533227106570438,620.78857421875,0.921875,0.84375,0.9781662225723267,False,ok,0.48538190001272596
D1_154_building,disk-lightglue-r2048-k16384,disk,lightglue,2048,16384,1335,107_0005_0087.JPG,107_0005_0089.JPG,16384,16384,7021,6389,0.9099843327161373,389.95361328125,0.796875,0.5625,0.963732123374939,False,ok,0.463152500014985
D1_154_building,disk-lightglue-r2048-k16384,disk,lightglue,2048,16384,1336,107_0005_0087.JPG,107_0005_0090.JPG,16384,16384,4647,4008,0.8624919302775984,244.62890625,0.671875,0.4375,0.9503060579299927,False,ok,0.3645189999951981
D1_154_building,disk-lightglue-r2048-k16384,disk,lightglue,2048,16384,1337,107_0005_0087.JPG,107_0005_0091.JPG,16384,16384,3463,2901,0.8377129656367311,177.06298828125,0.640625,0.296875,0.9203960299491882,False,ok,0.37307410000357777
D1_154_building,disk-lightglue-r2048-k16384,disk,lightglue,2048,16384,1338,107_0005_0087.JPG,107_0005_0092.JPG,16384,16384,5094,4480,0.8794660384766392,273.4375,0.671875,0.375,0.9467486143112183,False,ok,0.3745309000078123
D1_154_building,disk-lightglue-r2048-k16384,disk,lightglue,2048,16384,1339,107_0005_0087.JPG,107_0005_0093.JPG,16384,16384,5298,4753,0.8971309928274821,290.10009765625,0.578125,0.453125,0.9423664212226868,False,ok,0.5661415999929886
D1_154_building,disk-lightglue-r2048-k16384,disk,lightglue,2048,16384,1340,107_0005_0087.JPG,107_0005_0094.JPG,16384,16384,10,8,0.8,0.48828125,0.125,0.125,0.1838628351688385,True,ok,0.4935615999856964
D1_154_building,disk-lightglue-r2048-k16384,disk,lightglue,2048,16384,1341,107_0005_0087.JPG,107_0005_0095.JPG,16384,16384,10,7,0.7,0.42724609375,0.078125,0.078125,0.2231069803237915,True,ok,0.48582609998993576
D1_154_building,disk-lightglue-r2048-k16384,disk,lightglue,2048,16384,1342,107_0005_0087.JPG,107_0005_0097.JPG,16384,16384,22,9,0.4090909090909091,0.54931640625,0.140625,0.125,0.19412922859191895,True,ok,0.4910012999898754
D1_154_building,disk-lightglue-r2048-k16384,disk,lightglue,2048,16384,1343,107_0005_0087.JPG,107_0005_0098.JPG,16384,16384,25,8,0.32,0.48828125,0.125,0.109375,0.1968742161989212,True,ok,0.4852678999886848
D1_154_building,disk-lightglue-r2048-k16384,disk,lightglue,2048,16384,1344,107_0005_0087.JPG,107_0005_0099.JPG,16384,16384,23,8,0.34782608695652173,0.48828125,0.109375,0.125,0.1820516735315323,True,ok,0.4811852999846451
D1_154_building,disk-lightglue-r2048-k16384,disk,lightglue,2048,16384,1345,107_0005_0087.JPG,107_0005_0100.JPG,16384,16384,10,7,0.7,0.42724609375,0.109375,0.078125,0.2365237921476364,True,ok,0.48147609998704866
D1_154_building,disk-lightglue-r2048-k16384,disk,lightglue,2048,16384,1346,107_0005_0087.JPG,107_0005_0101.JPG,16384,16384,16,8,0.5,0.48828125,0.125,0.125,0.23644797503948212,True,ok,0.48909220000496134
D1_154_building,disk-lightglue-r2048-k16384,disk,lightglue,2048,16384,1347,107_0005_0087.JPG,107_0005_0102.JPG,16384,16384,14,8,0.5714285714285714,0.48828125,0.109375,0.125,0.186109259724617,True,ok,0.4760210999811534
D1_154_building,disk-lightglue-r2048-k16384,disk,lightglue,2048,16384,1348,107_0005_0087.JPG,107_0005_0103.JPG,16384,16384,14,8,0.5714285714285714,0.48828125,0.125,0.125,0.19669094681739807,True,ok,0.5007586999854539
D1_154_building,disk-lightglue-r2048-k16384,disk,lightglue,2048,16384,1349,107_0005_0088.JPG,107_0005_0089.JPG,16384,16384,10531,10065,0.9557496913873327,614.31884765625,0.9375,0.828125,0.9796618223190308,False,ok,0.4813434000243433
D1_154_building,disk-lightglue-r2048-k16384,disk,lightglue,2048,16384,1350,107_0005_0088.JPG,107_0005_0090.JPG,16384,16384,7114,6447,0.9062412145066067,393.49365234375,0.796875,0.578125,0.9599900841712952,False,ok,0.477868199988734
D1_154_building,disk-lightglue-r2048-k16384,disk,lightglue,2048,16384,1351,107_0005_0088.JPG,107_0005_0091.JPG,16384,16384,5464,4769,0.8728038067349927,291.07666015625,0.765625,0.484375,0.933325469493866,False,ok,0.49362909997580573
D1_154_building,disk-lightglue-r2048-k16384,disk,lightglue,2048,16384,1352,107_0005_0088.JPG,107_0005_0092.JPG,16384,16384,7325,6830,0.9324232081911262,416.8701171875,0.78125,0.578125,0.9535917639732361,False,ok,0.4846905999875162
D1_154_building,disk-lightglue-r2048-k16384,disk,lightglue,2048,16384,1353,107_0005_0088.JPG,107_0005_0093.JPG,16384,16384,6885,6312,0.9167755991285403,385.25390625,0.625,0.5625,0.9481632113456726,False,ok,0.619329100009054
D1_154_building,disk-lightglue-r2048-k16384,disk,lightglue,2048,16384,1354,107_0005_0088.JPG,107_0005_0094.JPG,16384,16384,9,7,0.7777777777777778,0.42724609375,0.109375,0.078125,0.14646124839782715,True,ok,0.4748093000089284
D1_154_building,disk-lightglue-r2048-k16384,disk,lightglue,2048,16384,1355,107_0005_0088.JPG,107_0005_0095.JPG,16384,16384,9,7,0.7777777777777778,0.42724609375,0.078125,0.09375,0.17483364045619965,True,ok,0.5033373000042047
D1_154_building,disk-lightglue-r2048-k16384,disk,lightglue,2048,16384,1356,107_0005_0088.JPG,107_0005_0096.JPG,16384,16384,8,7,0.875,0.42724609375,0.078125,0.09375,0.263008177280426,True,ok,0.4969408999895677
D1_154_building,disk-lightglue-r2048-k16384,disk,lightglue,2048,16384,1357,107_0005_0088.JPG,107_0005_0098.JPG,16384,16384,20,9,0.45,0.54931640625,0.125,0.109375,0.21568822860717773,True,ok,0.48923579999245703
D1_154_building,disk-lightglue-r2048-k16384,disk,lightglue,2048,16384,1358,107_0005_0088.JPG,107_0005_0099.JPG,16384,16384,12,7,0.5833333333333334,0.42724609375,0.09375,0.109375,0.1895045042037964,True,ok,0.506325399997877
D1_154_building,disk-lightglue-r2048-k16384,disk,lightglue,2048,16384,1359,107_0005_0088.JPG,107_0005_0100.JPG,16384,16384,12,7,0.5833333333333334,0.42724609375,0.109375,0.109375,0.20276284217834473,True,ok,0.4945115000009537
D1_154_building,disk-lightglue-r2048-k16384,disk,lightglue,2048,16384,1360,107_0005_0089.JPG,107_0005_0090.JPG,16384,16384,10847,10372,0.9562090900709874,633.056640625,0.9375,0.84375,0.9776101112365723,False,ok,0.48863010000786744
D1_154_building,disk-lightglue-r2048-k16384,disk,lightglue,2048,16384,1361,107_0005_0089.JPG,107_0005_0091.JPG,16384,16384,8579,7980,0.9301783424641566,487.060546875,0.84375,0.71875,0.9686049818992615,False,ok,0.4563250000064727
D1_154_building,disk-lightglue-r2048-k16384,disk,lightglue,2048,16384,1362,107_0005_0089.JPG,107_0005_0092.JPG,16384,16384,10248,9947,0.9706284153005464,607.11669921875,0.828125,0.765625,0.9683581590652466,False,ok,0.5096384999924339
D1_154_building,disk-lightglue-r2048-k16384,disk,lightglue,2048,16384,1363,107_0005_0089.JPG,107_0005_0093.JPG,16384,16384,7074,6024,0.8515691263782866,367.67578125,0.609375,0.640625,0.9435392618179321,False,ok,0.6271825000003446
D1_154_building,disk-lightglue-r2048-k16384,disk,lightglue,2048,16384,1364,107_0005_0089.JPG,107_0005_0094.JPG,16384,16384,8,7,0.875,0.42724609375,0.09375,0.09375,0.25024285912513733,True,ok,0.49290209999890067
D1_154_building,disk-lightglue-r2048-k16384,disk,lightglue,2048,16384,1365,107_0005_0089.JPG,107_0005_0095.JPG,16384,16384,9,7,0.7777777777777778,0.42724609375,0.09375,0.109375,0.22845207154750824,True,ok,0.4642048999958206
D1_154_building,disk-lightglue-r2048-k16384,disk,lightglue,2048,16384,1366,107_0005_0089.JPG,107_0005_0096.JPG,16384,16384,15,8,0.5333333333333333,0.48828125,0.09375,0.09375,0.26488757133483887,True,ok,0.5045162999886088
D1_154_building,disk-lightglue-r2048-k16384,disk,lightglue,2048,16384,1367,107_0005_0089.JPG,107_0005_0097.JPG,16384,16384,14,8,0.5714285714285714,0.48828125,0.109375,0.109375,0.1798480898141861,True,ok,0.4821905999851879
D1_154_building,disk-lightglue-r2048-k16384,disk,lightglue,2048,16384,1368,107_0005_0090.JPG,107_0005_0091.JPG,16384,16384,12391,12061,0.9733677669276087,736.14501953125,0.96875,0.875,0.9791375994682312,False,ok,0.4826926999958232
D1_154_building,disk-lightglue-r2048-k16384,disk,lightglue,2048,16384,1369,107_0005_0090.JPG,107_0005_0092.JPG,16384,16384,10655,9935,0.9324260910370717,606.38427734375,0.8125,0.859375,0.9729823470115662,False,ok,0.4614688000001479
D1_154_building,disk-lightglue-r2048-k16384,disk,lightglue,2048,16384,1370,107_0005_0090.JPG,107_0005_0093.JPG,16384,16384,6109,4363,0.7141921754788018,266.29638671875,0.546875,0.65625,0.9254634380340576,False,ok,0.6341607999929693
D1_154_building,disk-lightglue-r2048-k16384,disk,lightglue,2048,16384,1371,107_0005_0090.JPG,107_0005_0094.JPG,16384,16384,9,7,0.7777777777777778,0.42724609375,0.109375,0.109375,0.2208557277917862,True,ok,0.48318949999520555
D1_154_building,disk-lightglue-r2048-k16384,disk,lightglue,2048,16384,1372,107_0005_0090.JPG,107_0005_0095.JPG,16384,16384,6,0,0.0,0.0,0.0,0.0,0.19963698089122772,True,too_few_matches,0.49894200000562705
D1_154_building,disk-lightglue-r2048-k16384,disk,lightglue,2048,16384,1373,107_0005_0090.JPG,107_0005_0096.JPG,16384,16384,15,8,0.5333333333333333,0.48828125,0.109375,0.09375,0.27377602458000183,True,ok,0.4949518000066746
D1_154_building,disk-lightglue-r2048-k16384,disk,lightglue,2048,16384,1374,107_0005_0090.JPG,107_0005_0097.JPG,16384,16384,20,8,0.4,0.48828125,0.078125,0.09375,0.21255549788475037,True,ok,0.49865350002073683
D1_154_building,disk-lightglue-r2048-k16384,disk,lightglue,2048,16384,1375,107_0005_0090.JPG,107_0005_0098.JPG,16384,16384,17,8,0.47058823529411764,0.48828125,0.109375,0.09375,0.2677527666091919,True,ok,0.47936399999889545
D1_154_building,disk-lightglue-r2048-k16384,disk,lightglue,2048,16384,1376,107_0005_0091.JPG,107_0005_0092.JPG,16384,16384,9167,8192,0.8936402312643177,500.0,0.734375,0.84375,0.9670469164848328,False,ok,0.4840459999977611
D1_154_building,disk-lightglue-r2048-k16384,disk,lightglue,2048,16384,1377,107_0005_0091.JPG,107_0005_0093.JPG,16384,16384,5427,3620,0.6670351943983784,220.947265625,0.46875,0.65625,0.936886191368103,False,ok,0.6535888999933377
D1_154_building,disk-lightglue-r2048-k16384,disk,lightglue,2048,16384,1378,107_0005_0091.JPG,107_0005_0094.JPG,16384,16384,7,0,0.0,0.0,0.0,0.0,0.27869847416877747,True,too_few_matches,0.4734078000183217
D1_154_building,disk-lightglue-r2048-k16384,disk,lightglue,2048,16384,1379,107_0005_0091.JPG,107_0005_0095.JPG,16384,16384,5,0,0.0,0.0,0.0,0.0,0.169239342212677,True,too_few_matches,0.5036152999964543
D1_154_building,disk-lightglue-r2048-k16384,disk,lightglue,2048,16384,1380,107_0005_0091.JPG,107_0005_0096.JPG,16384,16384,14,8,0.5714285714285714,0.48828125,0.09375,0.09375,0.18693430721759796,True,ok,0.49351640001987107
D1_154_building,disk-lightglue-r2048-k16384,disk,lightglue,2048,16384,1381,107_0005_0091.JPG,107_0005_0097.JPG,16384,16384,15,8,0.5333333333333333,0.48828125,0.09375,0.125,0.18459849059581757,True,ok,0.49962019998929463
D1_154_building,disk-lightglue-r2048-k16384,disk,lightglue,2048,16384,1382,107_0005_0091.JPG,107_0005_0098.JPG,16384,16384,17,8,0.47058823529411764,0.48828125,0.125,0.109375,0.21566300094127655,True,ok,0.49508560000685975
D1_154_building,disk-lightglue-r2048-k16384,disk,lightglue,2048,16384,1383,107_0005_0091.JPG,107_0005_0099.JPG,16384,16384,17,9,0.5294117647058824,0.54931640625,0.140625,0.109375,0.20884640514850616,True,ok,0.497580100025516
D1_154_building,disk-lightglue-r2048-k16384,disk,lightglue,2048,16384,1384,107_0005_0092.JPG,107_0005_0093.JPG,16384,16384,8556,7335,0.8572931276297335,447.69287109375,0.75,0.8125,0.9701603055000305,False,ok,0.48362539999652654
D1_154_building,disk-lightglue-r2048-k16384,disk,lightglue,2048,16384,1385,107_0005_0092.JPG,107_0005_0094.JPG,16384,16384,180,135,0.75,8.23974609375,0.359375,0.40625,0.2629658877849579,False,ok,0.4842060999944806
D1_154_building,disk-lightglue-r2048-k16384,disk,lightglue,2048,16384,1386,107_0005_0092.JPG,107_0005_0095.JPG,16384,16384,5,0,0.0,0.0,0.0,0.0,0.14611509442329407,True,too_few_matches,0.4962381000223104
D1_154_building,disk-lightglue-r2048-k16384,disk,lightglue,2048,16384,1387,107_0005_0092.JPG,107_0005_0096.JPG,16384,16384,13,7,0.5384615384615384,0.42724609375,0.109375,0.078125,0.2876696288585663,True,ok,0.48993050001445226
D1_154_building,disk-lightglue-r2048-k16384,disk,lightglue,2048,16384,1388,107_0005_0092.JPG,107_0005_0097.JPG,16384,16384,17,8,0.47058823529411764,0.48828125,0.125,0.078125,0.2237686812877655,True,ok,0.5025433000118937
D1_154_building,disk-lightglue-r2048-k16384,disk,lightglue,2048,16384,1389,107_0005_0092.JPG,107_0005_0098.JPG,16384,16384,21,8,0.38095238095238093,0.48828125,0.09375,0.109375,0.2621050477027893,True,ok,0.4867282999912277
D1_154_building,disk-lightglue-r2048-k16384,disk,lightglue,2048,16384,1390,107_0005_0092.JPG,107_0005_0099.JPG,16384,16384,21,9,0.42857142857142855,0.54931640625,0.125,0.125,0.26625320315361023,True,ok,0.4897876000031829
D1_154_building,disk-lightglue-r2048-k16384,disk,lightglue,2048,16384,1391,107_0005_0092.JPG,107_0005_0100.JPG,16384,16384,18,8,0.4444444444444444,0.48828125,0.125,0.125,0.15548793971538544,True,ok,0.4824420000077225
D1_154_building,disk-lightglue-r2048-k16384,disk,lightglue,2048,16384,1392,107_0005_0093.JPG,107_0005_0094.JPG,16384,16384,8146,7051,0.8655781978885343,430.35888671875,0.6875,0.75,0.9588409662246704,False,ok,0.49338269999134354
D1_154_building,disk-lightglue-r2048-k16384,disk,lightglue,2048,16384,1393,107_0005_0093.JPG,107_0005_0095.JPG,16384,16384,80,50,0.625,3.0517578125,0.25,0.328125,0.21764521300792694,False,ok,0.472521300020162
D1_154_building,disk-lightglue-r2048-k16384,disk,lightglue,2048,16384,1394,107_0005_0093.JPG,107_0005_0096.JPG,16384,16384,21,9,0.42857142857142855,0.54931640625,0.140625,0.09375,0.19375596940517426,True,ok,0.49476099997991696
D1_154_building,disk-lightglue-r2048-k16384,disk,lightglue,2048,16384,1395,107_0005_0093.JPG,107_0005_0097.JPG,16384,16384,30,9,0.3,0.54931640625,0.125,0.109375,0.20540101826190948,True,ok,0.480871500010835
D1_154_building,disk-lightglue-r2048-k16384,disk,lightglue,2048,16384,1396,107_0005_0093.JPG,107_0005_0098.JPG,16384,16384,22,9,0.4090909090909091,0.54931640625,0.140625,0.125,0.16253916919231415,True,ok,0.48845899998559617
D1_154_building,disk-lightglue-r2048-k16384,disk,lightglue,2048,16384,1397,107_0005_0093.JPG,107_0005_0099.JPG,16384,16384,12,7,0.5833333333333334,0.42724609375,0.109375,0.109375,0.23075492680072784,True,ok,0.479148799990071
D1_154_building,disk-lightglue-r2048-k16384,disk,lightglue,2048,16384,1398,107_0005_0093.JPG,107_0005_0100.JPG,16384,16384,20,9,0.45,0.54931640625,0.140625,0.125,0.1684703528881073,True,ok,0.4837309999857098
D1_154_building,disk-lightglue-r2048-k16384,disk,lightglue,2048,16384,1399,107_0005_0093.JPG,107_0005_0101.JPG,16384,16384,12,7,0.5833333333333334,0.42724609375,0.09375,0.109375,0.24477803707122803,True,ok,0.47985020000487566
D1_154_building,disk-lightglue-r2048-k16384,disk,lightglue,2048,16384,1400,107_0005_0094.JPG,107_0005_0095.JPG,16384,16384,7639,6463,0.8460531483178426,394.47021484375,0.703125,0.75,0.9411280155181885,False,ok,0.5340536000148859
D1_154_building,disk-lightglue-r2048-k16384,disk,lightglue,2048,16384,1401,107_0005_0094.JPG,107_0005_0096.JPG,16384,16384,20,8,0.4,0.48828125,0.109375,0.09375,0.19249597191810608,True,ok,0.4652848000114318
D1_154_building,disk-lightglue-r2048-k16384,disk,lightglue,2048,16384,1402,107_0005_0094.JPG,107_0005_0097.JPG,16384,16384,34,10,0.29411764705882354,0.6103515625,0.09375,0.09375,0.1847379207611084,True,ok,0.5105904999945778
D1_154_building,disk-lightglue-r2048-k16384,disk,lightglue,2048,16384,1403,107_0005_0094.JPG,107_0005_0098.JPG,16384,16384,32,12,0.375,0.732421875,0.109375,0.140625,0.20362651348114014,True,ok,0.467733599973144
D1_154_building,disk-lightglue-r2048-k16384,disk,lightglue,2048,16384,1404,107_0005_0094.JPG,107_0005_0099.JPG,16384,16384,21,10,0.47619047619047616,0.6103515625,0.09375,0.125,0.18547633290290833,True,ok,0.5041039000207093
D1_154_building,disk-lightglue-r2048-k16384,disk,lightglue,2048,16384,1405,107_0005_0094.JPG,107_0005_0100.JPG,16384,16384,9,7,0.7777777777777778,0.42724609375,0.078125,0.09375,0.21822303533554077,True,ok,0.4719743999885395
D1_154_building,disk-lightglue-r2048-k16384,disk,lightglue,2048,16384,1406,107_0005_0094.JPG,107_0005_0101.JPG,16384,16384,9,7,0.7777777777777778,0.42724609375,0.09375,0.078125,0.20402821898460388,True,ok,0.4939845999761019
D1_154_building,disk-lightglue-r2048-k16384,disk,lightglue,2048,16384,1407,107_0005_0094.JPG,107_0005_0102.JPG,16384,16384,10,7,0.7,0.42724609375,0.109375,0.09375,0.23333115875720978,True,ok,0.49111300002550706
D1_154_building,disk-lightglue-r2048-k16384,disk,lightglue,2048,16384,1408,107_0005_0095.JPG,107_0005_0096.JPG,16384,16384,8934,7100,0.7947168121781957,433.349609375,0.796875,0.859375,0.934015691280365,False,ok,0.7689314000017475
D1_154_building,disk-lightglue-r2048-k16384,disk,lightglue,2048,16384,1409,107_0005_0095.JPG,107_0005_0097.JPG,16384,16384,8004,5820,0.7271364317841079,355.224609375,0.859375,0.796875,0.9319748282432556,False,ok,0.72161400000914
D1_154_building,disk-lightglue-r2048-k16384,disk,lightglue,2048,16384,1410,107_0005_0095.JPG,107_0005_0098.JPG,16384,16384,5660,3805,0.6722614840989399,232.23876953125,0.765625,0.625,0.9242298603057861,False,ok,0.6292542000010144
D1_154_building,disk-lightglue-r2048-k16384,disk,lightglue,2048,16384,1411,107_0005_0095.JPG,107_0005_0099.JPG,16384,16384,3774,2363,0.6261261261261262,144.22607421875,0.625,0.4375,0.8871168494224548,False,ok,0.6583492999779992
D1_154_building,disk-lightglue-r2048-k16384,disk,lightglue,2048,16384,1412,107_0005_0095.JPG,107_0005_0100.JPG,16384,16384,114,71,0.6228070175438597,4.33349609375,0.265625,0.15625,0.27060240507125854,False,ok,0.4568722000112757
D1_154_building,disk-lightglue-r2048-k16384,disk,lightglue,2048,16384,1413,107_0005_0095.JPG,107_0005_0101.JPG,16384,16384,13,8,0.6153846153846154,0.48828125,0.09375,0.078125,0.26364052295684814,True,ok,0.4858392000023741
D1_154_building,disk-lightglue-r2048-k16384,disk,lightglue,2048,16384,1414,107_0005_0095.JPG,107_0005_0102.JPG,16384,16384,9,7,0.7777777777777778,0.42724609375,0.0625,0.09375,0.18438918888568878,True,ok,0.4805237999826204
D1_154_building,disk-lightglue-r2048-k16384,disk,lightglue,2048,16384,1415,107_0005_0095.JPG,107_0005_0103.JPG,16384,16384,10,7,0.7,0.42724609375,0.109375,0.09375,0.186037078499794,True,ok,0.5017350999987684
D1_154_building,disk-lightglue-r2048-k16384,disk,lightglue,2048,16384,1416,107_0005_0096.JPG,107_0005_0097.JPG,16384,16384,9180,8501,0.9260348583877995,518.85986328125,0.90625,0.78125,0.9480624198913574,False,ok,0.49220720000448637
D1_154_building,disk-lightglue-r2048-k16384,disk,lightglue,2048,16384,1417,107_0005_0096.JPG,107_0005_0098.JPG,16384,16384,5775,5037,0.8722077922077922,307.43408203125,0.75,0.546875,0.9441710710525513,False,ok,0.4851440000056755
D1_154_building,disk-lightglue-r2048-k16384,disk,lightglue,2048,16384,1418,107_0005_0096.JPG,107_0005_0099.JPG,16384,16384,3689,3005,0.8145838980753591,183.41064453125,0.625,0.390625,0.9105238318443298,False,ok,0.4648890999960713
D1_154_building,disk-lightglue-r2048-k16384,disk,lightglue,2048,16384,1419,107_0005_0096.JPG,107_0005_0100.JPG,16384,16384,2491,1910,0.7667603372139703,116.5771484375,0.46875,0.265625,0.8981629014015198,False,ok,0.3582110999850556
D1_154_building,disk-lightglue-r2048-k16384,disk,lightglue,2048,16384,1420,107_0005_0096.JPG,107_0005_0101.JPG,16384,16384,1799,1243,0.6909394107837687,75.86669921875,0.34375,0.140625,0.8781455755233765,False,ok,0.4707983999978751
D1_154_building,disk-lightglue-r2048-k16384,disk,lightglue,2048,16384,1421,107_0005_0096.JPG,107_0005_0102.JPG,16384,16384,23,13,0.5652173913043478,0.79345703125,0.109375,0.09375,0.1804402619600296,True,ok,0.4817592999897897
D1_154_building,disk-lightglue-r2048-k16384,disk,lightglue,2048,16384,1422,107_0005_0096.JPG,107_0005_0103.JPG,16384,16384,16,9,0.5625,0.54931640625,0.109375,0.046875,0.2157447636127472,True,ok,0.4818520999979228
D1_154_building,disk-lightglue-r2048-k16384,disk,lightglue,2048,16384,1423,107_0005_0096.JPG,107_0005_0104.JPG,16384,16384,23,13,0.5652173913043478,0.79345703125,0.09375,0.078125,0.2212752401828766,True,ok,0.49269299997831695
D1_154_building,disk-lightglue-r2048-k16384,disk,lightglue,2048,16384,1424,107_0005_0097.JPG,107_0005_0098.JPG,16384,16384,9640,9116,0.9456431535269709,556.396484375,0.875,0.796875,0.9660754203796387,False,ok,0.47846290000597946
D1_154_building,disk-lightglue-r2048-k16384,disk,lightglue,2048,16384,1425,107_0005_0097.JPG,107_0005_0099.JPG,16384,16384,6234,5612,0.9002245749117741,342.529296875,0.71875,0.546875,0.9593974351882935,False,ok,0.4805218999972567
D1_154_building,disk-lightglue-r2048-k16384,disk,lightglue,2048,16384,1426,107_0005_0097.JPG,107_0005_0100.JPG,16384,16384,4272,3598,0.8422284644194756,219.6044921875,0.609375,0.40625,0.9326169490814209,False,ok,0.4777561000082642
D1_154_building,disk-lightglue-r2048-k16384,disk,lightglue,2048,16384,1427,107_0005_0097.JPG,107_0005_0101.JPG,16384,16384,3110,2369,0.7617363344051447,144.59228515625,0.453125,0.21875,0.907274067401886,False,ok,0.36497339999186806
D1_154_building,disk-lightglue-r2048-k16384,disk,lightglue,2048,16384,1428,107_0005_0097.JPG,107_0005_0102.JPG,16384,16384,1801,1270,0.7051637978900611,77.5146484375,0.34375,0.125,0.8829643130302429,False,ok,0.49295970000093803
D1_154_building,disk-lightglue-r2048-k16384,disk,lightglue,2048,16384,1429,107_0005_0097.JPG,107_0005_0103.JPG,16384,16384,1601,1131,0.7064334790755777,69.03076171875,0.328125,0.125,0.8660597205162048,False,ok,0.5036471000057645
D1_154_building,disk-lightglue-r2048-k16384,disk,lightglue,2048,16384,1430,107_0005_0097.JPG,107_0005_0104.JPG,16384,16384,1684,1136,0.6745843230403801,69.3359375,0.34375,0.125,0.8589558601379395,False,ok,0.49632930001826026
D1_154_building,disk-lightglue-r2048-k16384,disk,lightglue,2048,16384,1431,107_0005_0097.JPG,107_0005_0105.JPG,16384,16384,1439,934,0.6490618485059069,57.0068359375,0.34375,0.125,0.8433591723442078,False,ok,0.4849724000087008
D1_154_building,disk-lightglue-r2048-k16384,disk,lightglue,2048,16384,1432,107_0005_0098.JPG,107_0005_0099.JPG,16384,16384,10389,9889,0.9518721724901338,603.57666015625,0.875,0.828125,0.9721110463142395,False,ok,0.47689839999657124
D1_154_building,disk-lightglue-r2048-k16384,disk,lightglue,2048,16384,1433,107_0005_0098.JPG,107_0005_0100.JPG,16384,16384,7247,6473,0.8931971850420863,395.08056640625,0.796875,0.578125,0.9626518487930298,False,ok,0.48340190001181327
D1_154_building,disk-lightglue-r2048-k16384,disk,lightglue,2048,16384,1434,107_0005_0098.JPG,107_0005_0101.JPG,16384,16384,5344,4400,0.8233532934131736,268.5546875,0.625,0.390625,0.9330262541770935,False,ok,0.49034740001661703
D1_154_building,disk-lightglue-r2048-k16384,disk,lightglue,2048,16384,1435,107_0005_0098.JPG,107_0005_0102.JPG,16384,16384,3601,2761,0.766731463482366,168.51806640625,0.515625,0.28125,0.9085122346878052,False,ok,0.37549900001613423
D1_154_building,disk-lightglue-r2048-k16384,disk,lightglue,2048,16384,1436,107_0005_0098.JPG,107_0005_0103.JPG,16384,16384,3350,2555,0.7626865671641792,155.94482421875,0.5,0.25,0.8982362747192383,False,ok,0.366820800001733
D1_154_building,disk-lightglue-r2048-k16384,disk,lightglue,2048,16384,1437,107_0005_0098.JPG,107_0005_0104.JPG,16384,16384,3370,2399,0.7118694362017804,146.42333984375,0.484375,0.25,0.887961745262146,False,ok,0.410158099984983
D1_154_building,disk-lightglue-r2048-k16384,disk,lightglue,2048,16384,1438,107_0005_0098.JPG,107_0005_0105.JPG,16384,16384,2727,1816,0.665933259992666,110.83984375,0.40625,0.203125,0.8683494925498962,False,ok,0.4330838000169024
D1_154_building,disk-lightglue-r2048-k16384,disk,lightglue,2048,16384,1439,107_0005_0098.JPG,107_0005_0106.JPG,16384,16384,2640,1777,0.6731060606060606,108.45947265625,0.5,0.21875,0.8257496953010559,False,ok,0.5862835999869276
D1_154_building,disk-lightglue-r2048-k16384,disk,lightglue,2048,16384,1440,107_0005_0099.JPG,107_0005_0100.JPG,16384,16384,10911,10317,0.9455595270827605,629.69970703125,0.875,0.8125,0.9760068655014038,False,ok,0.47397399999317713
D1_154_building,disk-lightglue-r2048-k16384,disk,lightglue,2048,16384,1441,107_0005_0099.JPG,107_0005_0101.JPG,16384,16384,8061,7237,0.8977794318322789,441.71142578125,0.765625,0.5625,0.9611729979515076,False,ok,0.4843617999868002
D1_154_building,disk-lightglue-r2048-k16384,disk,lightglue,2048,16384,1442,107_0005_0099.JPG,107_0005_0102.JPG,16384,16384,5698,4634,0.8132678132678133,282.8369140625,0.640625,0.40625,0.9224494695663452,False,ok,0.4674409999861382
D1_154_building,disk-lightglue-r2048-k16384,disk,lightglue,2048,16384,1443,107_0005_0099.JPG,107_0005_0103.JPG,16384,16384,5369,4376,0.8150493574222388,267.08984375,0.625,0.421875,0.9392862319946289,False,ok,0.3822459999937564
D1_154_building,disk-lightglue-r2048-k16384,disk,lightglue,2048,16384,1444,107_0005_0099.JPG,107_0005_0104.JPG,16384,16384,5201,3974,0.764083830032686,242.5537109375,0.625,0.359375,0.9366127252578735,False,ok,0.35888169999816455
D1_154_building,disk-lightglue-r2048-k16384,disk,lightglue,2048,16384,1445,107_0005_0099.JPG,107_0005_0105.JPG,16384,16384,4312,3217,0.7460575139146568,196.35009765625,0.53125,0.328125,0.9271160364151001,False,ok,0.3723431999969762
D1_154_building,disk-lightglue-r2048-k16384,disk,lightglue,2048,16384,1446,107_0005_0099.JPG,107_0005_0106.JPG,16384,16384,4317,3142,0.7278202455408849,191.7724609375,0.5625,0.328125,0.9112987518310547,False,ok,0.3805370999907609
D1_154_building,disk-lightglue-r2048-k16384,disk,lightglue,2048,16384,1447,107_0005_0099.JPG,107_0005_0107.JPG,16384,16384,5469,4497,0.8222709818979704,274.47509765625,0.625,0.4375,0.9289976358413696,False,ok,0.45545889998902567
D1_154_building,disk-lightglue-r2048-k16384,disk,lightglue,2048,16384,1448,107_0005_0100.JPG,107_0005_0101.JPG,16384,16384,11410,10771,0.9439964943032427,657.40966796875,0.890625,0.796875,0.9750767946243286,False,ok,0.48773740002070554
D1_154_building,disk-lightglue-r2048-k16384,disk,lightglue,2048,16384,1449,107_0005_0100.JPG,107_0005_0102.JPG,16384,16384,8279,7314,0.8834400289890083,446.4111328125,0.796875,0.59375,0.957735538482666,False,ok,0.45869040000252426
D1_154_building,disk-lightglue-r2048-k16384,disk,lightglue,2048,16384,1450,107_0005_0100.JPG,107_0005_0103.JPG,16384,16384,7796,6869,0.8810928681375064,419.25048828125,0.796875,0.59375,0.952855110168457,False,ok,0.47403339997981675
D1_154_building,disk-lightglue-r2048-k16384,disk,lightglue,2048,16384,1451,107_0005_0100.JPG,107_0005_0104.JPG,16384,16384,7229,5936,0.8211370867339881,362.3046875,0.78125,0.5,0.9429630041122437,False,ok,0.4645726000017021
D1_154_building,disk-lightglue-r2048-k16384,disk,lightglue,2048,16384,1452,107_0005_0100.JPG,107_0005_0105.JPG,16384,16384,5990,4888,0.8160267111853089,298.33984375,0.65625,0.421875,0.952214777469635,False,ok,0.3630440999986604
D1_154_building,disk-lightglue-r2048-k16384,disk,lightglue,2048,16384,1453,107_0005_0100.JPG,107_0005_0106.JPG,16384,16384,5959,4728,0.7934217150528612,288.57421875,0.703125,0.421875,0.9390603303909302,False,ok,0.37648400000762194
D1_154_building,disk-lightglue-r2048-k16384,disk,lightglue,2048,16384,1454,107_0005_0100.JPG,107_0005_0107.JPG,16384,16384,7274,6601,0.9074786912290349,402.89306640625,0.78125,0.65625,0.9391072392463684,False,ok,0.4740411000093445
D1_154_building,disk-lightglue-r2048-k16384,disk,lightglue,2048,16384,1455,107_0005_0100.JPG,107_0005_0108.JPG,16384,16384,8006,7573,0.9459155633275044,462.21923828125,0.78125,0.703125,0.9425929188728333,False,ok,0.4934263000031933
D1_154_building,disk-lightglue-r2048-k16384,disk,lightglue,2048,16384,1456,107_0005_0101.JPG,107_0005_0102.JPG,16384,16384,11085,10545,0.9512855209742895,643.61572265625,0.9375,0.8125,0.9774380326271057,False,ok,0.4694264999998268
D1_154_building,disk-lightglue-r2048-k16384,disk,lightglue,2048,16384,1457,107_0005_0101.JPG,107_0005_0103.JPG,16384,16384,10468,9889,0.9446885747038594,603.57666015625,0.9375,0.71875,0.976730227470398,False,ok,0.4667209000035655
D1_154_building,disk-lightglue-r2048-k16384,disk,lightglue,2048,16384,1458,107_0005_0101.JPG,107_0005_0104.JPG,16384,16384,9262,8444,0.9116821420859426,515.380859375,0.921875,0.671875,0.9669153690338135,False,ok,0.47477310002432205
D1_154_building,disk-lightglue-r2048-k16384,disk,lightglue,2048,16384,1459,107_0005_0101.JPG,107_0005_0105.JPG,16384,16384,7273,6575,0.9040285989275402,401.30615234375,0.765625,0.640625,0.948281466960907,False,ok,0.49506849999306723
D1_154_building,disk-lightglue-r2048-k16384,disk,lightglue,2048,16384,1460,107_0005_0101.JPG,107_0005_0106.JPG,16384,16384,7262,6459,0.8894244009914624,394.22607421875,0.78125,0.65625,0.9341834187507629,False,ok,0.48693830001866445
D1_154_building,disk-lightglue-r2048-k16384,disk,lightglue,2048,16384,1461,107_0005_0101.JPG,107_0005_0107.JPG,16384,16384,8006,7503,0.937172120909318,457.94677734375,0.78125,0.78125,0.9424624443054199,False,ok,0.45858039997983724
D1_154_building,disk-lightglue-r2048-k16384,disk,lightglue,2048,16384,1462,107_0005_0101.JPG,107_0005_0108.JPG,16384,16384,6971,6438,0.9235403815808348,392.9443359375,0.578125,0.71875,0.935373842716217,False,ok,0.49365709998528473
D1_154_building,disk-lightglue-r2048-k16384,disk,lightglue,2048,16384,1463,107_0005_0101.JPG,107_0005_0109.JPG,16384,16384,5252,4623,0.8802361005331303,282.16552734375,0.4375,0.625,0.9445252418518066,False,ok,0.3617255999997724
D1_154_building,disk-lightglue-r2048-k16384,disk,lightglue,2048,16384,1464,107_0005_0102.JPG,107_0005_0103.JPG,16384,16384,13949,13692,0.9815757401964299,835.693359375,0.96875,0.96875,0.9757988452911377,False,ok,0.4695214999956079
D1_154_building,disk-lightglue-r2048-k16384,disk,lightglue,2048,16384,1465,107_0005_0102.JPG,107_0005_0104.JPG,16384,16384,11126,10792,0.9699802264964947,658.69140625,0.890625,0.875,0.9718867540359497,False,ok,0.4578728000051342
D1_154_building,disk-lightglue-r2048-k16384,disk,lightglue,2048,16384,1466,107_0005_0102.JPG,107_0005_0105.JPG,16384,16384,8114,7667,0.9449100320433819,467.95654296875,0.78125,0.796875,0.9524561762809753,False,ok,0.4665837000065949
D1_154_building,disk-lightglue-r2048-k16384,disk,lightglue,2048,16384,1467,107_0005_0102.JPG,107_0005_0106.JPG,16384,16384,8153,7592,0.931190972648105,463.37890625,0.78125,0.78125,0.9374292492866516,False,ok,0.4941551999945659
D1_154_building,disk-lightglue-r2048-k16384,disk,lightglue,2048,16384,1468,107_0005_0102.JPG,107_0005_0107.JPG,16384,16384,6440,5973,0.9274844720496894,364.56298828125,0.5625,0.78125,0.9393714666366577,False,ok,0.4729751000122633
D1_154_building,disk-lightglue-r2048-k16384,disk,lightglue,2048,16384,1469,107_0005_0102.JPG,107_0005_0108.JPG,16384,16384,5401,4752,0.879837067209776,290.0390625,0.453125,0.640625,0.9447539448738098,False,ok,0.37823120001121424
D1_154_building,disk-lightglue-r2048-k16384,disk,lightglue,2048,16384,1470,107_0005_0102.JPG,107_0005_0109.JPG,16384,16384,3816,3123,0.8183962264150944,190.61279296875,0.34375,0.578125,0.9059113264083862,False,ok,0.37542860000394285
D1_154_building,disk-lightglue-r2048-k16384,disk,lightglue,2048,16384,1471,107_0005_0102.JPG,107_0005_0110.JPG,16384,16384,2135,1598,0.7484777517564403,97.5341796875,0.25,0.46875,0.880510151386261,False,ok,0.5076430999906734
D1_154_building,disk-lightglue-r2048-k16384,disk,lightglue,2048,16384,1472,107_0005_0102.JPG,107_0005_0125.JPG,16384,16384,89,64,0.7191011235955056,3.90625,0.25,0.234375,0.23814015090465546,False,ok,0.48610999999800697
D1_154_building,disk-lightglue-r2048-k16384,disk,lightglue,2048,16384,1473,107_0005_0103.JPG,107_0005_0104.JPG,16384,16384,11046,10744,0.9726597863479993,655.76171875,0.859375,0.859375,0.9734430909156799,False,ok,0.48646990000270307
D1_154_building,disk-lightglue-r2048-k16384,disk,lightglue,2048,16384,1474,107_0005_0103.JPG,107_0005_0105.JPG,16384,16384,7922,7470,0.9429437010855845,455.9326171875,0.765625,0.765625,0.9544934630393982,False,ok,0.48203889999422245
D1_154_building,disk-lightglue-r2048-k16384,disk,lightglue,2048,16384,1475,107_0005_0103.JPG,107_0005_0106.JPG,16384,16384,8018,7495,0.9347717635320529,457.45849609375,0.78125,0.78125,0.9443221688270569,False,ok,0.48981439997442067
D1_154_building,disk-lightglue-r2048-k16384,disk,lightglue,2048,16384,1476,107_0005_0103.JPG,107_0005_0107.JPG,16384,16384,6169,5698,0.9236505106176042,347.7783203125,0.546875,0.75,0.9407517313957214,False,ok,0.48588419999578036
D1_154_building,disk-lightglue-r2048-k16384,disk,lightglue,2048,16384,1477,107_0005_0103.JPG,107_0005_0108.JPG,16384,16384,5077,4452,0.8768958046090211,271.728515625,0.4375,0.625,0.9441216588020325,False,ok,0.35690470002009533
D1_154_building,disk-lightglue-r2048-k16384,disk,lightglue,2048,16384,1478,107_0005_0103.JPG,107_0005_0109.JPG,16384,16384,3539,2925,0.8265046623339927,178.52783203125,0.328125,0.53125,0.9067049622535706,False,ok,0.38782630002242513
D1_154_building,disk-lightglue-r2048-k16384,disk,lightglue,2048,16384,1479,107_0005_0103.JPG,107_0005_0110.JPG,16384,16384,1960,1493,0.761734693877551,91.12548828125,0.25,0.40625,0.8774900436401367,False,ok,0.4986215000099037
D1_154_building,disk-lightglue-r2048-k16384,disk,lightglue,2048,16384,1480,107_0005_0103.JPG,107_0005_0111.JPG,16384,16384,74,54,0.7297297297297297,3.2958984375,0.078125,0.15625,0.27293384075164795,False,ok,0.4868358999956399
D1_154_building,disk-lightglue-r2048-k16384,disk,lightglue,2048,16384,1481,107_0005_0103.JPG,107_0005_0125.JPG,16384,16384,106,73,0.6886792452830188,4.45556640625,0.28125,0.25,0.2495165765285492,False,ok,0.497451999981422
D1_154_building,disk-lightglue-r2048-k16384,disk,lightglue,2048,16384,1482,107_0005_0104.JPG,107_0005_0105.JPG,16384,16384,11471,11195,0.9759393252549908,683.28857421875,0.90625,0.921875,0.9724000692367554,False,ok,0.4815396000049077
D1_154_building,disk-lightglue-r2048-k16384,disk,lightglue,2048,16384,1483,107_0005_0104.JPG,107_0005_0106.JPG,16384,16384,11478,11195,0.9753441366091654,683.28857421875,0.921875,0.921875,0.9678466320037842,False,ok,0.4881733000220265
D1_154_building,disk-lightglue-r2048-k16384,disk,lightglue,2048,16384,1484,107_0005_0104.JPG,107_0005_0107.JPG,16384,16384,8685,8202,0.9443868739205526,500.6103515625,0.640625,0.90625,0.9633442163467407,False,ok,0.4681175000150688
D1_154_building,disk-lightglue-r2048-k16384,disk,lightglue,2048,16384,1485,107_0005_0104.JPG,107_0005_0108.JPG,16384,16384,6826,6094,0.8927629651333138,371.9482421875,0.515625,0.765625,0.9407481551170349,False,ok,0.5038592999917455
D1_154_building,disk-lightglue-r2048-k16384,disk,lightglue,2048,16384,1486,107_0005_0104.JPG,107_0005_0109.JPG,16384,16384,4681,3863,0.82525101474044,235.77880859375,0.40625,0.625,0.9278748035430908,False,ok,0.36205209998297505
D1_154_building,disk-lightglue-r2048-k16384,disk,lightglue,2048,16384,1487,107_0005_0104.JPG,107_0005_0110.JPG,16384,16384,2579,1912,0.7413726250484683,116.69921875,0.296875,0.46875,0.9032002091407776,False,ok,0.4663664000108838
D1_154_building,disk-lightglue-r2048-k16384,disk,lightglue,2048,16384,1488,107_0005_0104.JPG,107_0005_0111.JPG,16384,16384,109,84,0.7706422018348624,5.126953125,0.078125,0.1875,0.2953762114048004,False,ok,0.48422099999152124
D1_154_building,disk-lightglue-r2048-k16384,disk,lightglue,2048,16384,1489,107_0005_0104.JPG,107_0005_0112.JPG,16384,16384,9,7,0.7777777777777778,0.42724609375,0.09375,0.109375,0.1265021562576294,True,ok,0.49607730002026074
D1_154_building,disk-lightglue-r2048-k16384,disk,lightglue,2048,16384,1490,107_0005_0104.JPG,107_0005_0122.JPG,16384,16384,5964,5432,0.9107981220657277,331.54296875,0.640625,0.625,0.9255582094192505,False,ok,0.40856150002218783
D1_154_building,disk-lightglue-r2048-k16384,disk,lightglue,2048,16384,1491,107_0005_0104.JPG,107_0005_0123.JPG,16384,16384,6050,5460,0.9024793388429752,333.251953125,0.640625,0.640625,0.9144726395606995,False,ok,0.40248089999658987
D1_154_building,disk-lightglue-r2048-k16384,disk,lightglue,2048,16384,1492,107_0005_0104.JPG,107_0005_0124.JPG,16384,16384,7271,6369,0.875945537065053,388.73291015625,0.671875,0.796875,0.9283913373947144,False,ok,0.635092699987581
D1_154_building,disk-lightglue-r2048-k16384,disk,lightglue,2048,16384,1493,107_0005_0104.JPG,107_0005_0125.JPG,16384,16384,190,166,0.8736842105263158,10.1318359375,0.375,0.390625,0.2671802043914795,False,ok,0.48338669998338446
D1_154_building,disk-lightglue-r2048-k16384,disk,lightglue,2048,16384,1494,107_0005_0104.JPG,107_0005_0126.JPG,16384,16384,17,8,0.47058823529411764,0.48828125,0.125,0.125,0.17595207691192627,True,ok,0.49207179999211803
D1_154_building,disk-lightglue-r2048-k16384,disk,lightglue,2048,16384,1495,107_0005_0105.JPG,107_0005_0106.JPG,16384,16384,14038,13880,0.9887448354466448,847.16796875,0.984375,0.984375,0.9705998301506042,False,ok,0.4665785999968648
D1_154_building,disk-lightglue-r2048-k16384,disk,lightglue,2048,16384,1496,107_0005_0105.JPG,107_0005_0107.JPG,16384,16384,10633,10040,0.9442302266528732,612.79296875,0.75,0.96875,0.972233772277832,False,ok,0.46408320000045933
D1_154_building,disk-lightglue-r2048-k16384,disk,lightglue,2048,16384,1497,107_0005_0105.JPG,107_0005_0108.JPG,16384,16384,7744,6759,0.8728047520661157,412.53662109375,0.609375,0.765625,0.9512677788734436,False,ok,0.47943979999399744
D1_154_building,disk-lightglue-r2048-k16384,disk,lightglue,2048,16384,1498,107_0005_0105.JPG,107_0005_0109.JPG,16384,16384,5070,4085,0.8057199211045365,249.32861328125,0.4375,0.640625,0.9399281144142151,False,ok,0.36462700000265613
D1_154_building,disk-lightglue-r2048-k16384,disk,lightglue,2048,16384,1499,107_0005_0105.JPG,107_0005_0110.JPG,16384,16384,2758,2068,0.7498187092095722,126.220703125,0.28125,0.5,0.8761406540870667,False,ok,0.40556220000144094
D1_154_building,disk-lightglue-r2048-k16384,disk,lightglue,2048,16384,1500,107_0005_0105.JPG,107_0005_0111.JPG,16384,16384,464,374,0.8060344827586207,22.8271484375,0.078125,0.1875,0.48647886514663696,False,ok,0.48864659998798743
D1_154_building,disk-lightglue-r2048-k16384,disk,lightglue,2048,16384,1501,107_0005_0105.JPG,107_0005_0112.JPG,16384,16384,10,7,0.7,0.42724609375,0.09375,0.09375,0.19518131017684937,True,ok,0.49395870001171716
D1_154_building,disk-lightglue-r2048-k16384,disk,lightglue,2048,16384,1502,107_0005_0105.JPG,107_0005_0113.JPG,16384,16384,10,7,0.7,0.42724609375,0.046875,0.078125,0.17280632257461548,True,ok,0.4919004999974277
D1_154_building,disk-lightglue-r2048-k16384,disk,lightglue,2048,16384,1503,107_0005_0105.JPG,107_0005_0121.JPG,16384,16384,6922,6416,0.9268997399595492,391.6015625,0.578125,0.78125,0.927186131477356,False,ok,0.4800718000042252
D1_154_building,disk-lightglue-r2048-k16384,disk,lightglue,2048,16384,1504,107_0005_0105.JPG,107_0005_0122.JPG,16384,16384,8464,7931,0.9370274102079396,484.06982421875,0.78125,0.765625,0.9383491277694702,False,ok,0.4777325000031851
D1_154_building,disk-lightglue-r2048-k16384,disk,lightglue,2048,16384,1505,107_0005_0105.JPG,107_0005_0123.JPG,16384,16384,8573,7974,0.9301294762626852,486.6943359375,0.796875,0.78125,0.9303939938545227,False,ok,0.4977427000121679
D1_154_building,disk-lightglue-r2048-k16384,disk,lightglue,2048,16384,1506,107_0005_0105.JPG,107_0005_0124.JPG,16384,16384,9280,8420,0.9073275862068966,513.916015625,0.765625,0.890625,0.9233565926551819,False,ok,0.5849309999903198
D1_154_building,disk-lightglue-r2048-k16384,disk,lightglue,2048,16384,1507,107_0005_0105.JPG,107_0005_0125.JPG,16384,16384,390,333,0.8538461538461538,20.32470703125,0.3125,0.359375,0.29050689935684204,False,ok,0.47712500000488944
D1_154_building,disk-lightglue-r2048-k16384,disk,lightglue,2048,16384,1508,107_0005_0106.JPG,107_0005_0107.JPG,16384,16384,10623,10017,0.9429539678057046,611.38916015625,0.734375,0.96875,0.9723965525627136,False,ok,0.4924794000107795
D1_154_building,disk-lightglue-r2048-k16384,disk,lightglue,2048,16384,1509,107_0005_0106.JPG,107_0005_0108.JPG,16384,16384,7697,6767,0.8791737040405353,413.02490234375,0.609375,0.796875,0.9524185061454773,False,ok,0.4530971999920439
D1_154_building,disk-lightglue-r2048-k16384,disk,lightglue,2048,16384,1510,107_0005_0106.JPG,107_0005_0109.JPG,16384,16384,5018,4084,0.8138700677560781,249.267578125,0.453125,0.65625,0.9385563731193542,False,ok,0.39925690001109615
D1_154_building,disk-lightglue-r2048-k16384,disk,lightglue,2048,16384,1511,107_0005_0106.JPG,107_0005_0110.JPG,16384,16384,2670,1984,0.7430711610486891,121.09375,0.28125,0.5,0.873763382434845,False,ok,0.40696149997529574
D1_154_building,disk-lightglue-r2048-k16384,disk,lightglue,2048,16384,1512,107_0005_0106.JPG,107_0005_0111.JPG,16384,16384,360,288,0.8,17.578125,0.125,0.296875,0.4670282006263733,False,ok,0.5051115999813192
D1_154_building,disk-lightglue-r2048-k16384,disk,lightglue,2048,16384,1513,107_0005_0106.JPG,107_0005_0112.JPG,16384,16384,14,8,0.5714285714285714,0.48828125,0.125,0.109375,0.18630783259868622,True,ok,0.4899879000149667
D1_154_building,disk-lightglue-r2048-k16384,disk,lightglue,2048,16384,1514,107_0005_0106.JPG,107_0005_0113.JPG,16384,16384,16,8,0.5,0.48828125,0.109375,0.125,0.15428245067596436,True,ok,0.49283740000100806
D1_154_building,disk-lightglue-r2048-k16384,disk,lightglue,2048,16384,1515,107_0005_0106.JPG,107_0005_0114.JPG,16384,16384,16,9,0.5625,0.54931640625,0.140625,0.09375,0.2048378884792328,True,ok,0.49949869999545626
D1_154_building,disk-lightglue-r2048-k16384,disk,lightglue,2048,16384,1516,107_0005_0106.JPG,107_0005_0121.JPG,16384,16384,6912,6475,0.9367766203703703,395.20263671875,0.5625,0.78125,0.9412615895271301,False,ok,0.4766906000149902
D1_154_building,disk-lightglue-r2048-k16384,disk,lightglue,2048,16384,1517,107_0005_0106.JPG,107_0005_0122.JPG,16384,16384,8512,8046,0.9452537593984962,491.0888671875,0.78125,0.765625,0.9508733749389648,False,ok,0.4870934000064153
D1_154_building,disk-lightglue-r2048-k16384,disk,lightglue,2048,16384,1518,107_0005_0106.JPG,107_0005_0123.JPG,16384,16384,8599,8081,0.9397604372601466,493.22509765625,0.796875,0.78125,0.9459467530250549,False,ok,0.46810030000051484
D1_154_building,disk-lightglue-r2048-k16384,disk,lightglue,2048,16384,1519,107_0005_0106.JPG,107_0005_0124.JPG,16384,16384,9401,8612,0.9160727582172109,525.634765625,0.78125,0.890625,0.9482452273368835,False,ok,0.5244978000118863
D1_154_building,disk-lightglue-r2048-k16384,disk,lightglue,2048,16384,1520,107_0005_0106.JPG,107_0005_0125.JPG,16384,16384,8154,6225,0.7634289919058131,379.94384765625,0.71875,0.84375,0.8755164742469788,False,ok,1.0073480999853928
D1_154_building,disk-lightglue-r2048-k16384,disk,lightglue,2048,16384,1521,107_0005_0107.JPG,107_0005_0108.JPG,16384,16384,11200,10536,0.9407142857142857,643.06640625,0.84375,0.90625,0.9731055498123169,False,ok,0.4703787000034936
D1_154_building,disk-lightglue-r2048-k16384,disk,lightglue,2048,16384,1522,107_0005_0107.JPG,107_0005_0109.JPG,16384,16384,7473,6637,0.8881306035059547,405.09033203125,0.609375,0.78125,0.9591190218925476,False,ok,0.4950997000269126
D1_154_building,disk-lightglue-r2048-k16384,disk,lightglue,2048,16384,1523,107_0005_0107.JPG,107_0005_0110.JPG,16384,16384,4406,3560,0.807989105764866,217.28515625,0.46875,0.625,0.9434385299682617,False,ok,0.3352329999906942
D1_154_building,disk-lightglue-r2048-k16384,disk,lightglue,2048,16384,1524,107_0005_0107.JPG,107_0005_0111.JPG,16384,16384,2122,1606,0.7568331762488218,98.0224609375,0.25,0.4375,0.8907466530799866,False,ok,0.3714542999805417
D1_154_building,disk-lightglue-r2048-k16384,disk,lightglue,2048,16384,1525,107_0005_0107.JPG,107_0005_0112.JPG,16384,16384,1245,860,0.6907630522088354,52.490234375,0.171875,0.375,0.8303137421607971,False,ok,0.46695760000147857
D1_154_building,disk-lightglue-r2048-k16384,disk,lightglue,2048,16384,1526,107_0005_0107.JPG,107_0005_0113.JPG,16384,16384,1214,828,0.6820428336079077,50.537109375,0.171875,0.359375,0.8219696879386902,False,ok,0.46750539998174645
D1_154_building,disk-lightglue-r2048-k16384,disk,lightglue,2048,16384,1527,107_0005_0107.JPG,107_0005_0114.JPG,16384,16384,1195,793,0.6635983263598326,48.40087890625,0.1875,0.375,0.7903968095779419,False,ok,0.48657869998714887
D1_154_building,disk-lightglue-r2048-k16384,disk,lightglue,2048,16384,1528,107_0005_0107.JPG,107_0005_0115.JPG,16384,16384,267,195,0.7303370786516854,11.90185546875,0.140625,0.25,0.4054391384124756,False,ok,0.48781639998196624
D1_154_building,disk-lightglue-r2048-k16384,disk,lightglue,2048,16384,1529,107_0005_0107.JPG,107_0005_0120.JPG,16384,16384,7325,6862,0.9367918088737202,418.8232421875,0.671875,0.765625,0.9404066205024719,False,ok,0.49633059999905527
D1_154_building,disk-lightglue-r2048-k16384,disk,lightglue,2048,16384,1530,107_0005_0107.JPG,107_0005_0121.JPG,16384,16384,8281,7832,0.9457794952300447,478.02734375,0.796875,0.75,0.9481620192527771,False,ok,0.49055700001190417
D1_154_building,disk-lightglue-r2048-k16384,disk,lightglue,2048,16384,1531,107_0005_0107.JPG,107_0005_0122.JPG,16384,16384,7431,6671,0.8977257435069305,407.16552734375,0.78125,0.609375,0.9449502229690552,False,ok,0.46776490000775084
D1_154_building,disk-lightglue-r2048-k16384,disk,lightglue,2048,16384,1532,107_0005_0107.JPG,107_0005_0123.JPG,16384,16384,7523,6634,0.8818290575568257,404.9072265625,0.796875,0.625,0.9413535594940186,False,ok,0.4733925000182353
D1_154_building,disk-lightglue-r2048-k16384,disk,lightglue,2048,16384,1533,107_0005_0107.JPG,107_0005_0124.JPG,16384,16384,10470,9800,0.936007640878701,598.14453125,0.953125,0.890625,0.9544719457626343,False,ok,0.5659362000005785
D1_154_building,disk-lightglue-r2048-k16384,disk,lightglue,2048,16384,1534,107_0005_0107.JPG,107_0005_0125.JPG,16384,16384,8920,7471,0.8375560538116592,455.99365234375,0.859375,0.828125,0.9212077260017395,False,ok,0.8699140999815427
D1_154_building,disk-lightglue-r2048-k16384,disk,lightglue,2048,16384,1535,107_0005_0107.JPG,107_0005_0126.JPG,16384,16384,13,8,0.6153846153846154,0.48828125,0.125,0.109375,0.2549489140510559,True,ok,0.48646490002283826
D1_154_building,disk-lightglue-r2048-k16384,disk,lightglue,2048,16384,1536,107_0005_0107.JPG,107_0005_0127.JPG,16384,16384,12,7,0.5833333333333334,0.42724609375,0.09375,0.09375,0.20928741991519928,True,ok,0.4852156999986619
D1_154_building,disk-lightglue-r2048-k16384,disk,lightglue,2048,16384,1537,107_0005_0108.JPG,107_0005_0109.JPG,16384,16384,10596,9992,0.9429973574933938,609.86328125,0.796875,0.828125,0.9738462567329407,False,ok,0.4936018000007607
D1_154_building,disk-lightglue-r2048-k16384,disk,lightglue,2048,16384,1538,107_0005_0108.JPG,107_0005_0110.JPG,16384,16384,6420,5619,0.875233644859813,342.95654296875,0.578125,0.75,0.9558027982711792,False,ok,0.4908772000053432
D1_154_building,disk-lightglue-r2048-k16384,disk,lightglue,2048,16384,1539,107_0005_0108.JPG,107_0005_0111.JPG,16384,16384,3380,2754,0.814792899408284,168.0908203125,0.40625,0.5625,0.9157151579856873,False,ok,0.4800144999753684
D1_154_building,disk-lightglue-r2048-k16384,disk,lightglue,2048,16384,1540,107_0005_0108.JPG,107_0005_0112.JPG,16384,16384,2070,1512,0.7304347826086957,92.28515625,0.25,0.453125,0.8782463669776917,False,ok,0.34270949999336153
D1_154_building,disk-lightglue-r2048-k16384,disk,lightglue,2048,16384,1541,107_0005_0108.JPG,107_0005_0113.JPG,16384,16384,2009,1461,0.7272274763563962,89.17236328125,0.25,0.484375,0.8804046511650085,False,ok,0.3599579999863636
D1_154_building,disk-lightglue-r2048-k16384,disk,lightglue,2048,16384,1542,107_0005_0108.JPG,107_0005_0114.JPG,16384,16384,2136,1589,0.7439138576779026,96.98486328125,0.25,0.46875,0.8669310212135315,False,ok,0.37358479999238625
D1_154_building,disk-lightglue-r2048-k16384,disk,lightglue,2048,16384,1543,107_0005_0108.JPG,107_0005_0115.JPG,16384,16384,1728,1217,0.7042824074074074,74.27978515625,0.203125,0.46875,0.8415688872337341,False,ok,0.5890082999831066
D1_154_building,disk-lightglue-r2048-k16384,disk,lightglue,2048,16384,1544,107_0005_0108.JPG,107_0005_0116.JPG,16384,16384,1679,1183,0.7045860631328171,72.20458984375,0.21875,0.5,0.8316681385040283,False,ok,0.6114470000029542
D1_154_building,disk-lightglue-r2048-k16384,disk,lightglue,2048,16384,1545,107_0005_0108.JPG,107_0005_0121.JPG,16384,16384,6938,6158,0.887575670221966,375.8544921875,0.734375,0.609375,0.9397488236427307,False,ok,0.49647319997893646
D1_154_building,disk-lightglue-r2048-k16384,disk,lightglue,2048,16384,1546,107_0005_0108.JPG,107_0005_0122.JPG,16384,16384,5786,4601,0.7951952989975803,280.82275390625,0.671875,0.4375,0.9251384735107422,False,ok,0.467333000007784
D1_154_building,disk-lightglue-r2048-k16384,disk,lightglue,2048,16384,1547,107_0005_0108.JPG,107_0005_0123.JPG,16384,16384,5875,4702,0.8003404255319149,286.9873046875,0.6875,0.46875,0.947116494178772,False,ok,0.38382849999470636
D1_154_building,disk-lightglue-r2048-k16384,disk,lightglue,2048,16384,1548,107_0005_0108.JPG,107_0005_0124.JPG,16384,16384,8919,7270,0.8151138019957395,443.7255859375,0.8125,0.703125,0.9464648962020874,False,ok,0.4909845999791287
D1_154_building,disk-lightglue-r2048-k16384,disk,lightglue,2048,16384,1549,107_0005_0108.JPG,107_0005_0125.JPG,16384,16384,8764,7455,0.8506389776357828,455.01708984375,0.8125,0.78125,0.9428274035453796,False,ok,0.7922538999991957
D1_154_building,disk-lightglue-r2048-k16384,disk,lightglue,2048,16384,1550,107_0005_0108.JPG,107_0005_0126.JPG,16384,16384,18,8,0.4444444444444444,0.48828125,0.125,0.109375,0.19121317565441132,True,ok,0.48936000000685453
D1_154_building,disk-lightglue-r2048-k16384,disk,lightglue,2048,16384,1551,107_0005_0108.JPG,107_0005_0127.JPG,16384,16384,15,8,0.5333333333333333,0.48828125,0.109375,0.109375,0.2021215409040451,True,ok,0.49122409999836236
D1_154_building,disk-lightglue-r2048-k16384,disk,lightglue,2048,16384,1552,107_0005_0108.JPG,107_0005_0128.JPG,16384,16384,20,9,0.45,0.54931640625,0.109375,0.109375,0.19006043672561646,True,ok,0.4694968000112567
D1_154_building,disk-lightglue-r2048-k16384,disk,lightglue,2048,16384,1553,107_0005_0109.JPG,107_0005_0110.JPG,16384,16384,9796,9127,0.9317068191098408,557.06787109375,0.78125,0.8125,0.9692420959472656,False,ok,0.5024626999802422
D1_154_building,disk-lightglue-r2048-k16384,disk,lightglue,2048,16384,1554,107_0005_0109.JPG,107_0005_0111.JPG,16384,16384,5386,4734,0.8789454140363906,288.9404296875,0.546875,0.734375,0.9456974267959595,False,ok,0.4801902000035625
D1_154_building,disk-lightglue-r2048-k16384,disk,lightglue,2048,16384,1555,107_0005_0109.JPG,107_0005_0112.JPG,16384,16384,3389,2764,0.8155798170551786,168.701171875,0.421875,0.65625,0.9033383131027222,False,ok,0.48745069999131374
D1_154_building,disk-lightglue-r2048-k16384,disk,lightglue,2048,16384,1556,107_0005_0109.JPG,107_0005_0113.JPG,16384,16384,3390,2756,0.8129793510324483,168.212890625,0.40625,0.640625,0.9239134192466736,False,ok,0.3377887000096962
D1_154_building,disk-lightglue-r2048-k16384,disk,lightglue,2048,16384,1557,107_0005_0109.JPG,107_0005_0114.JPG,16384,16384,3469,2777,0.8005188815220524,169.49462890625,0.375,0.65625,0.9209291338920593,False,ok,0.3312224000110291
D1_154_building,disk-lightglue-r2048-k16384,disk,lightglue,2048,16384,1558,107_0005_0109.JPG,107_0005_0115.JPG,16384,16384,2747,2172,0.7906807426283218,132.568359375,0.28125,0.53125,0.9077811241149902,False,ok,0.3448545999999624
D1_154_building,disk-lightglue-r2048-k16384,disk,lightglue,2048,16384,1559,107_0005_0109.JPG,107_0005_0116.JPG,16384,16384,2718,2098,0.7718910963944077,128.0517578125,0.296875,0.578125,0.9015389084815979,False,ok,0.3431898000126239
D1_154_building,disk-lightglue-r2048-k16384,disk,lightglue,2048,16384,1560,107_0005_0109.JPG,107_0005_0117.JPG,16384,16384,3631,3122,0.8598182318920408,190.5517578125,0.390625,0.609375,0.9155076146125793,False,ok,0.4895214999851305
D1_154_building,disk-lightglue-r2048-k16384,disk,lightglue,2048,16384,1561,107_0005_0109.JPG,107_0005_0124.JPG,16384,16384,6408,4796,0.7484394506866417,292.724609375,0.734375,0.53125,0.9158356189727783,False,ok,0.45989370002644137
D1_154_building,disk-lightglue-r2048-k16384,disk,lightglue,2048,16384,1562,107_0005_0109.JPG,107_0005_0125.JPG,16384,16384,6938,4832,0.6964543095993082,294.921875,0.71875,0.609375,0.9224069714546204,False,ok,0.7509080999880098
D1_154_building,disk-lightglue-r2048-k16384,disk,lightglue,2048,16384,1563,107_0005_0109.JPG,107_0005_0126.JPG,16384,16384,23,11,0.4782608695652174,0.67138671875,0.09375,0.109375,0.212213397026062,True,ok,0.4867859999940265
D1_154_building,disk-lightglue-r2048-k16384,disk,lightglue,2048,16384,1564,107_0005_0109.JPG,107_0005_0127.JPG,16384,16384,17,8,0.47058823529411764,0.48828125,0.109375,0.109375,0.28373247385025024,True,ok,0.4755245999840554
D1_154_building,disk-lightglue-r2048-k16384,disk,lightglue,2048,16384,1565,107_0005_0109.JPG,107_0005_0128.JPG,16384,16384,9,7,0.7777777777777778,0.42724609375,0.109375,0.109375,0.1993229240179062,True,ok,0.4766654999984894
D1_154_building,disk-lightglue-r2048-k16384,disk,lightglue,2048,16384,1566,107_0005_0109.JPG,107_0005_0129.JPG,16384,16384,11,7,0.6363636363636364,0.42724609375,0.078125,0.109375,0.22080263495445251,True,ok,0.4847460000019055
D1_154_building,disk-lightglue-r2048-k16384,disk,lightglue,2048,16384,1567,107_0005_0110.JPG,107_0005_0111.JPG,16384,16384,8962,8331,0.9295916090158447,508.48388671875,0.828125,0.90625,0.9585422873497009,False,ok,0.5032974000205286
D1_154_building,disk-lightglue-r2048-k16384,disk,lightglue,2048,16384,1568,107_0005_0110.JPG,107_0005_0112.JPG,16384,16384,5765,5058,0.8773633998265394,308.7158203125,0.625,0.78125,0.9323861598968506,False,ok,0.48803229999612086
D1_154_building,disk-lightglue-r2048-k16384,disk,lightglue,2048,16384,1569,107_0005_0110.JPG,107_0005_0113.JPG,16384,16384,5674,4902,0.863940782516743,299.1943359375,0.609375,0.734375,0.9301274418830872,False,ok,0.4878807000059169
D1_154_building,disk-lightglue-r2048-k16384,disk,lightglue,2048,16384,1570,107_0005_0110.JPG,107_0005_0114.JPG,16384,16384,5384,4718,0.8763001485884101,287.9638671875,0.515625,0.734375,0.9264684319496155,False,ok,0.4626908999925945
D1_154_building,disk-lightglue-r2048-k16384,disk,lightglue,2048,16384,1571,107_0005_0110.JPG,107_0005_0115.JPG,16384,16384,4264,3655,0.8571763602251408,223.08349609375,0.40625,0.59375,0.9294494390487671,False,ok,0.3501825999992434
D1_154_building,disk-lightglue-r2048-k16384,disk,lightglue,2048,16384,1572,107_0005_0110.JPG,107_0005_0116.JPG,16384,16384,4234,3578,0.8450637694851204,218.3837890625,0.4375,0.625,0.9185497760772705,False,ok,0.35633060001418926
D1_154_building,disk-lightglue-r2048-k16384,disk,lightglue,2048,16384,1573,107_0005_0110.JPG,107_0005_0117.JPG,16384,16384,5149,4678,0.9085259273645369,285.5224609375,0.5625,0.65625,0.9218704700469971,False,ok,0.4742699000053108
D1_154_building,disk-lightglue-r2048-k16384,disk,lightglue,2048,16384,1574,107_0005_0110.JPG,107_0005_0118.JPG,16384,16384,6990,6419,0.9183118741058656,391.78466796875,0.75,0.75,0.9274556636810303,False,ok,0.4929827000014484
D1_154_building,disk-lightglue-r2048-k16384,disk,lightglue,2048,16384,1575,107_0005_0110.JPG,107_0005_0126.JPG,16384,16384,16,8,0.5,0.48828125,0.109375,0.109375,0.22098469734191895,True,ok,0.46317719999933615
D1_154_building,disk-lightglue-r2048-k16384,disk,lightglue,2048,16384,1576,107_0005_0110.JPG,107_0005_0127.JPG,16384,16384,15,8,0.5333333333333333,0.48828125,0.109375,0.125,0.19571013748645782,True,ok,0.5026473000179976
D1_154_building,disk-lightglue-r2048-k16384,disk,lightglue,2048,16384,1577,107_0005_0110.JPG,107_0005_0128.JPG,16384,16384,11,7,0.6363636363636364,0.42724609375,0.109375,0.09375,0.22476597130298615,True,ok,0.4728492999856826
D1_154_building,disk-lightglue-r2048-k16384,disk,lightglue,2048,16384,1578,107_0005_0110.JPG,107_0005_0129.JPG,16384,16384,14,8,0.5714285714285714,0.48828125,0.125,0.125,0.180940181016922,True,ok,0.4858428000006825
D1_154_building,disk-lightglue-r2048-k16384,disk,lightglue,2048,16384,1579,107_0005_0111.JPG,107_0005_0112.JPG,16384,16384,9941,9192,0.9246554672568152,561.03515625,0.828125,0.921875,0.9375766515731812,False,ok,0.4746844999899622
D1_154_building,disk-lightglue-r2048-k16384,disk,lightglue,2048,16384,1580,107_0005_0111.JPG,107_0005_0113.JPG,16384,16384,9766,8985,0.9200286708990375,548.40087890625,0.828125,0.90625,0.9370219111442566,False,ok,0.4726747999957297
D1_154_building,disk-lightglue-r2048-k16384,disk,lightglue,2048,16384,1581,107_0005_0111.JPG,107_0005_0114.JPG,16384,16384,7939,7371,0.9284544652978964,449.89013671875,0.640625,0.890625,0.9378550052642822,False,ok,0.4881601999804843
D1_154_building,disk-lightglue-r2048-k16384,disk,lightglue,2048,16384,1582,107_0005_0111.JPG,107_0005_0115.JPG,16384,16384,5954,5339,0.8967080953980517,325.86669921875,0.59375,0.796875,0.9156691431999207,False,ok,0.4869384000194259
D1_154_building,disk-lightglue-r2048-k16384,disk,lightglue,2048,16384,1583,107_0005_0111.JPG,107_0005_0116.JPG,16384,16384,6105,5409,0.885995085995086,330.13916015625,0.5625,0.78125,0.9307889342308044,False,ok,0.415306499984581
D1_154_building,disk-lightglue-r2048-k16384,disk,lightglue,2048,16384,1584,107_0005_0111.JPG,107_0005_0117.JPG,16384,16384,6300,5824,0.9244444444444444,355.46875,0.703125,0.671875,0.909340500831604,False,ok,0.4583480999863241
D1_154_building,disk-lightglue-r2048-k16384,disk,lightglue,2048,16384,1585,107_0005_0111.JPG,107_0005_0118.JPG,16384,16384,4395,3881,0.8830489192263936,236.87744140625,0.671875,0.546875,0.9027482271194458,False,ok,0.5104430000064895
D1_154_building,disk-lightglue-r2048-k16384,disk,lightglue,2048,16384,1586,107_0005_0111.JPG,107_0005_0119.JPG,16384,16384,3034,2365,0.7794990112063283,144.34814453125,0.609375,0.34375,0.9216977953910828,False,ok,0.3341309999814257
D1_154_building,disk-lightglue-r2048-k16384,disk,lightglue,2048,16384,1587,107_0005_0111.JPG,107_0005_0128.JPG,16384,16384,9,0,0.0,0.0,0.0,0.0,0.19353646039962769,True,no_model,0.4651204999827314
D1_154_building,disk-lightglue-r2048-k16384,disk,lightglue,2048,16384,1588,107_0005_0111.JPG,107_0005_0144.JPG,16384,16384,24,9,0.375,0.54931640625,0.109375,0.140625,0.19641907513141632,True,ok,0.4793673999956809
D1_154_building,disk-lightglue-r2048-k16384,disk,lightglue,2048,16384,1589,107_0005_0111.JPG,107_0005_0145.JPG,16384,16384,29,9,0.3103448275862069,0.54931640625,0.109375,0.125,0.20822617411613464,True,ok,0.46346420000190847
D1_154_building,disk-lightglue-r2048-k16384,disk,lightglue,2048,16384,1590,107_0005_0112.JPG,107_0005_0113.JPG,16384,16384,14367,13854,0.9642931718521612,845.5810546875,0.9375,0.921875,0.9449905753135681,False,ok,0.49078279998502694
D1_154_building,disk-lightglue-r2048-k16384,disk,lightglue,2048,16384,1591,107_0005_0112.JPG,107_0005_0114.JPG,16384,16384,9674,9224,0.9534835641926814,562.98828125,0.78125,0.8125,0.9310134649276733,False,ok,0.4585984000004828
D1_154_building,disk-lightglue-r2048-k16384,disk,lightglue,2048,16384,1592,107_0005_0112.JPG,107_0005_0115.JPG,16384,16384,6837,6321,0.9245283018867925,385.80322265625,0.71875,0.71875,0.9109619855880737,False,ok,0.4955587000004016
D1_154_building,disk-lightglue-r2048-k16384,disk,lightglue,2048,16384,1593,107_0005_0112.JPG,107_0005_0116.JPG,16384,16384,6757,6238,0.9231907651324552,380.7373046875,0.703125,0.71875,0.9017858505249023,False,ok,0.4668879999953788
D1_154_building,disk-lightglue-r2048-k16384,disk,lightglue,2048,16384,1594,107_0005_0112.JPG,107_0005_0117.JPG,16384,16384,5295,4536,0.856657223796034,276.85546875,0.6875,0.546875,0.9274536967277527,False,ok,0.3850121999857947
D1_154_building,disk-lightglue-r2048-k16384,disk,lightglue,2048,16384,1595,107_0005_0112.JPG,107_0005_0118.JPG,16384,16384,3441,2684,0.7800058122638768,163.818359375,0.5625,0.40625,0.9244735836982727,False,ok,0.36035329999867827
D1_154_building,disk-lightglue-r2048-k16384,disk,lightglue,2048,16384,1596,107_0005_0112.JPG,107_0005_0119.JPG,16384,16384,2200,1481,0.6731818181818182,90.39306640625,0.484375,0.265625,0.8966233134269714,False,ok,0.3636748999997508
D1_154_building,disk-lightglue-r2048-k16384,disk,lightglue,2048,16384,1597,107_0005_0112.JPG,107_0005_0120.JPG,16384,16384,1409,893,0.6337828246983677,54.50439453125,0.359375,0.21875,0.8533675670623779,False,ok,0.4503102000162471
D1_154_building,disk-lightglue-r2048-k16384,disk,lightglue,2048,16384,1598,107_0005_0112.JPG,107_0005_0144.JPG,16384,16384,15,8,0.5333333333333333,0.48828125,0.109375,0.125,0.16461727023124695,True,ok,0.46326560000306927
D1_154_building,disk-lightglue-r2048-k16384,disk,lightglue,2048,16384,1599,107_0005_0112.JPG,107_0005_0145.JPG,16384,16384,14,7,0.5,0.42724609375,0.09375,0.09375,0.18479053676128387,True,ok,0.48555080001824535
D1_154_building,disk-lightglue-r2048-k16384,disk,lightglue,2048,16384,1600,107_0005_0112.JPG,107_0005_0146.JPG,16384,16384,20,9,0.45,0.54931640625,0.140625,0.125,0.1869090497493744,True,ok,0.5006255000189412
D1_154_building,disk-lightglue-r2048-k16384,disk,lightglue,2048,16384,1601,107_0005_0113.JPG,107_0005_0114.JPG,16384,16384,9760,9318,0.9547131147540984,568.7255859375,0.78125,0.8125,0.9309206008911133,False,ok,0.4692741000035312
D1_154_building,disk-lightglue-r2048-k16384,disk,lightglue,2048,16384,1602,107_0005_0113.JPG,107_0005_0115.JPG,16384,16384,6894,6369,0.9238468233246301,388.73291015625,0.71875,0.71875,0.9110949635505676,False,ok,0.49235960000078194
D1_154_building,disk-lightglue-r2048-k16384,disk,lightglue,2048,16384,1603,107_0005_0113.JPG,107_0005_0116.JPG,16384,16384,7219,6527,0.9041418479013714,398.37646484375,0.703125,0.75,0.9262069463729858,False,ok,0.5038200999842957
D1_154_building,disk-lightglue-r2048-k16384,disk,lightglue,2048,16384,1604,107_0005_0113.JPG,107_0005_0117.JPG,16384,16384,5285,4577,0.8660359508041627,279.35791015625,0.703125,0.546875,0.9296897053718567,False,ok,0.38877510000020266
D1_154_building,disk-lightglue-r2048-k16384,disk,lightglue,2048,16384,1605,107_0005_0113.JPG,107_0005_0118.JPG,16384,16384,3445,2737,0.7944847605224964,167.05322265625,0.640625,0.4375,0.9234268665313721,False,ok,0.3652592000144068
D1_154_building,disk-lightglue-r2048-k16384,disk,lightglue,2048,16384,1606,107_0005_0113.JPG,107_0005_0119.JPG,16384,16384,2190,1554,0.7095890410958904,94.8486328125,0.46875,0.265625,0.8938054442405701,False,ok,0.3613525000109803
D1_154_building,disk-lightglue-r2048-k16384,disk,lightglue,2048,16384,1607,107_0005_0113.JPG,107_0005_0120.JPG,16384,16384,1393,883,0.633883704235463,53.89404296875,0.34375,0.203125,0.8451182842254639,False,ok,0.44232579998788424
D1_154_building,disk-lightglue-r2048-k16384,disk,lightglue,2048,16384,1608,107_0005_0113.JPG,107_0005_0121.JPG,16384,16384,293,203,0.6928327645051194,12.39013671875,0.234375,0.09375,0.5217483043670654,False,ok,0.4816888000059407
D1_154_building,disk-lightglue-r2048-k16384,disk,lightglue,2048,16384,1609,107_0005_0113.JPG,107_0005_0144.JPG,16384,16384,15,8,0.5333333333333333,0.48828125,0.109375,0.109375,0.1842452436685562,True,ok,0.48602099998970516
D1_154_building,disk-lightglue-r2048-k16384,disk,lightglue,2048,16384,1610,107_0005_0113.JPG,107_0005_0145.JPG,16384,16384,21,9,0.42857142857142855,0.54931640625,0.125,0.125,0.22642746567726135,True,ok,0.4879332999989856
D1_154_building,disk-lightglue-r2048-k16384,disk,lightglue,2048,16384,1611,107_0005_0113.JPG,107_0005_0146.JPG,16384,16384,22,8,0.36363636363636365,0.48828125,0.125,0.109375,0.19297875463962555,True,ok,0.4827481000102125
D1_154_building,disk-lightglue-r2048-k16384,disk,lightglue,2048,16384,1612,107_0005_0114.JPG,107_0005_0115.JPG,16384,16384,11142,10697,0.9600610303356668,652.89306640625,0.890625,0.90625,0.9396743178367615,False,ok,0.48648209997918457
D1_154_building,disk-lightglue-r2048-k16384,disk,lightglue,2048,16384,1613,107_0005_0114.JPG,107_0005_0116.JPG,16384,16384,10908,10433,0.9564539787312064,636.77978515625,0.9375,0.890625,0.9351354241371155,False,ok,0.46611269999993965
D1_154_building,disk-lightglue-r2048-k16384,disk,lightglue,2048,16384,1614,107_0005_0114.JPG,107_0005_0117.JPG,16384,16384,7909,6997,0.8846883297509167,427.06298828125,0.90625,0.65625,0.932759165763855,False,ok,0.4724890000070445
D1_154_building,disk-lightglue-r2048-k16384,disk,lightglue,2048,16384,1615,107_0005_0114.JPG,107_0005_0118.JPG,16384,16384,5030,3988,0.7928429423459245,243.408203125,0.703125,0.46875,0.908589780330658,False,ok,0.46584920000168495
D1_154_building,disk-lightglue-r2048-k16384,disk,lightglue,2048,16384,1616,107_0005_0114.JPG,107_0005_0119.JPG,16384,16384,3152,2221,0.7046319796954315,135.55908203125,0.546875,0.3125,0.9061400294303894,False,ok,0.35061300001689233
D1_154_building,disk-lightglue-r2048-k16384,disk,lightglue,2048,16384,1617,107_0005_0114.JPG,107_0005_0120.JPG,16384,16384,1990,1364,0.685427135678392,83.251953125,0.421875,0.25,0.8917166590690613,False,ok,0.4222429000074044
D1_154_building,disk-lightglue-r2048-k16384,disk,lightglue,2048,16384,1618,107_0005_0114.JPG,107_0005_0121.JPG,16384,16384,287,226,0.7874564459930313,13.7939453125,0.265625,0.15625,0.47295641899108887,False,ok,0.4765845999936573
D1_154_building,disk-lightglue-r2048-k16384,disk,lightglue,2048,16384,1619,107_0005_0114.JPG,107_0005_0122.JPG,16384,16384,25,14,0.56,0.8544921875,0.09375,0.09375,0.19375553727149963,True,ok,0.47725440000067465
D1_154_building,disk-lightglue-r2048-k16384,disk,lightglue,2048,16384,1620,107_0005_0114.JPG,107_0005_0142.JPG,16384,16384,17,8,0.47058823529411764,0.48828125,0.109375,0.125,0.21541953086853027,True,ok,0.47401009997702204
D1_154_building,disk-lightglue-r2048-k16384,disk,lightglue,2048,16384,1621,107_0005_0114.JPG,107_0005_0143.JPG,16384,16384,16,8,0.5,0.48828125,0.109375,0.09375,0.17860306799411774,True,ok,0.48369090000051074
D1_154_building,disk-lightglue-r2048-k16384,disk,lightglue,2048,16384,1622,107_0005_0114.JPG,107_0005_0144.JPG,16384,16384,9,7,0.7777777777777778,0.42724609375,0.109375,0.109375,0.1602376103401184,True,ok,0.48600879998411983
D1_154_building,disk-lightglue-r2048-k16384,disk,lightglue,2048,16384,1623,107_0005_0115.JPG,107_0005_0116.JPG,16384,16384,14448,14237,0.9853959025470653,868.95751953125,0.96875,0.96875,0.9450929760932922,False,ok,0.478327699995134
D1_154_building,disk-lightglue-r2048-k16384,disk,lightglue,2048,16384,1624,107_0005_0115.JPG,107_0005_0117.JPG,16384,16384,9593,8746,0.9117064526217034,533.8134765625,0.875,0.6875,0.9486236572265625,False,ok,0.47597270002006553
D1_154_building,disk-lightglue-r2048-k16384,disk,lightglue,2048,16384,1625,107_0005_0115.JPG,107_0005_0118.JPG,16384,16384,5782,4927,0.852127291594604,300.72021484375,0.734375,0.5625,0.9350646734237671,False,ok,0.4855921000125818
D1_154_building,disk-lightglue-r2048-k16384,disk,lightglue,2048,16384,1626,107_0005_0115.JPG,107_0005_0119.JPG,16384,16384,3405,2668,0.7835535976505139,162.841796875,0.609375,0.34375,0.9281747341156006,False,ok,0.32922500002314337
D1_154_building,disk-lightglue-r2048-k16384,disk,lightglue,2048,16384,1627,107_0005_0115.JPG,107_0005_0120.JPG,16384,16384,2050,1397,0.6814634146341464,85.26611328125,0.4375,0.203125,0.872683048248291,False,ok,0.46297039999626577
D1_154_building,disk-lightglue-r2048-k16384,disk,lightglue,2048,16384,1628,107_0005_0115.JPG,107_0005_0121.JPG,16384,16384,377,285,0.7559681697612732,17.39501953125,0.265625,0.109375,0.4524476230144501,False,ok,0.4726649000076577
D1_154_building,disk-lightglue-r2048-k16384,disk,lightglue,2048,16384,1629,107_0005_0115.JPG,107_0005_0122.JPG,16384,16384,7,0,0.0,0.0,0.0,0.0,0.32336801290512085,True,too_few_matches,0.48154710000380874
D1_154_building,disk-lightglue-r2048-k16384,disk,lightglue,2048,16384,1630,107_0005_0115.JPG,107_0005_0123.JPG,16384,16384,6,0,0.0,0.0,0.0,0.0,0.24709255993366241,True,too_few_matches,0.48797149999882095
D1_154_building,disk-lightglue-r2048-k16384,disk,lightglue,2048,16384,1631,107_0005_0115.JPG,107_0005_0141.JPG,16384,16384,16,8,0.5,0.48828125,0.09375,0.078125,0.22546693682670593,True,ok,0.4825132999976631
D1_154_building,disk-lightglue-r2048-k16384,disk,lightglue,2048,16384,1632,107_0005_0115.JPG,107_0005_0142.JPG,16384,16384,11,7,0.6363636363636364,0.42724609375,0.09375,0.109375,0.2056552767753601,True,ok,0.4879868999996688
D1_154_building,disk-lightglue-r2048-k16384,disk,lightglue,2048,16384,1633,107_0005_0115.JPG,107_0005_0143.JPG,16384,16384,12,8,0.6666666666666666,0.48828125,0.109375,0.109375,0.2367507815361023,True,ok,0.49708709999686107
D1_154_building,disk-lightglue-r2048-k16384,disk,lightglue,2048,16384,1634,107_0005_0116.JPG,107_0005_0117.JPG,16384,16384,9448,8610,0.9113039796782387,525.5126953125,0.875,0.6875,0.9483422636985779,False,ok,0.4882043999969028
D1_154_building,disk-lightglue-r2048-k16384,disk,lightglue,2048,16384,1635,107_0005_0116.JPG,107_0005_0118.JPG,16384,16384,5672,4817,0.8492595204513399,294.00634765625,0.75,0.59375,0.935383677482605,False,ok,0.4776328000007197
D1_154_building,disk-lightglue-r2048-k16384,disk,lightglue,2048,16384,1636,107_0005_0116.JPG,107_0005_0119.JPG,16384,16384,3309,2593,0.7836204291326685,158.26416015625,0.625,0.328125,0.9298434257507324,False,ok,0.33732819999568164
D1_154_building,disk-lightglue-r2048-k16384,disk,lightglue,2048,16384,1637,107_0005_0116.JPG,107_0005_0120.JPG,16384,16384,1979,1401,0.707933299646286,85.51025390625,0.46875,0.21875,0.8801270723342896,False,ok,0.41885019998881035
D1_154_building,disk-lightglue-r2048-k16384,disk,lightglue,2048,16384,1638,107_0005_0116.JPG,107_0005_0121.JPG,16384,16384,336,253,0.7529761904761905,15.44189453125,0.265625,0.140625,0.433773934841156,False,ok,0.481492499995511
D1_154_building,disk-lightglue-r2048-k16384,disk,lightglue,2048,16384,1639,107_0005_0116.JPG,107_0005_0122.JPG,16384,16384,8,0,0.0,0.0,0.0,0.0,0.2794319689273834,True,no_model,0.4854641999991145
D1_154_building,disk-lightglue-r2048-k16384,disk,lightglue,2048,16384,1640,107_0005_0116.JPG,107_0005_0123.JPG,16384,16384,7,0,0.0,0.0,0.0,0.0,0.19177179038524628,True,too_few_matches,0.47719299999880604
D1_154_building,disk-lightglue-r2048-k16384,disk,lightglue,2048,16384,1641,107_0005_0116.JPG,107_0005_0124.JPG,16384,16384,67,44,0.6567164179104478,2.685546875,0.1875,0.09375,0.2757149636745453,False,ok,0.48930459999246523
D1_154_building,disk-lightglue-r2048-k16384,disk,lightglue,2048,16384,1642,107_0005_0116.JPG,107_0005_0140.JPG,16384,16384,17,8,0.47058823529411764,0.48828125,0.109375,0.109375,0.2032846212387085,True,ok,0.4856142000062391
D1_154_building,disk-lightglue-r2048-k16384,disk,lightglue,2048,16384,1643,107_0005_0116.JPG,107_0005_0141.JPG,16384,16384,14,7,0.5,0.42724609375,0.109375,0.109375,0.2097768783569336,True,ok,0.48455409999587573
D1_154_building,disk-lightglue-r2048-k16384,disk,lightglue,2048,16384,1644,107_0005_0116.JPG,107_0005_0142.JPG,16384,16384,16,8,0.5,0.48828125,0.125,0.109375,0.18181158602237701,True,ok,0.4783224999846425
D1_154_building,disk-lightglue-r2048-k16384,disk,lightglue,2048,16384,1645,107_0005_0116.JPG,107_0005_0143.JPG,16384,16384,12,7,0.5833333333333334,0.42724609375,0.078125,0.09375,0.2200341671705246,True,ok,0.49486770000658
D1_154_building,disk-lightglue-r2048-k16384,disk,lightglue,2048,16384,1646,107_0005_0117.JPG,107_0005_0118.JPG,16384,16384,9511,8827,0.9280832720008412,538.75732421875,0.828125,0.78125,0.968449056148529,False,ok,0.4899804999877233
D1_154_building,disk-lightglue-r2048-k16384,disk,lightglue,2048,16384,1647,107_0005_0117.JPG,107_0005_0119.JPG,16384,16384,5638,4849,0.8600567577155019,295.95947265625,0.71875,0.515625,0.9498399496078491,False,ok,0.47137040001689456
D1_154_building,disk-lightglue-r2048-k16384,disk,lightglue,2048,16384,1648,107_0005_0117.JPG,107_0005_0120.JPG,16384,16384,3639,2895,0.7955482275350371,176.69677734375,0.59375,0.40625,0.9379932284355164,False,ok,0.34827179997228086
D1_154_building,disk-lightglue-r2048-k16384,disk,lightglue,2048,16384,1649,107_0005_0117.JPG,107_0005_0121.JPG,16384,16384,2274,1639,0.7207563764291997,100.03662109375,0.453125,0.21875,0.8821428418159485,False,ok,0.4796018999768421
D1_154_building,disk-lightglue-r2048-k16384,disk,lightglue,2048,16384,1650,107_0005_0117.JPG,107_0005_0122.JPG,16384,16384,1517,997,0.6572181938035596,60.85205078125,0.34375,0.15625,0.8640131950378418,False,ok,0.4865312000038102
D1_154_building,disk-lightglue-r2048-k16384,disk,lightglue,2048,16384,1651,107_0005_0117.JPG,107_0005_0123.JPG,16384,16384,1548,1012,0.6537467700258398,61.767578125,0.296875,0.125,0.862553060054779,False,ok,0.46032139999442734
D1_154_building,disk-lightglue-r2048-k16384,disk,lightglue,2048,16384,1652,107_0005_0117.JPG,107_0005_0124.JPG,16384,16384,2218,1591,0.7173128944995492,97.10693359375,0.40625,0.203125,0.9116325974464417,False,ok,0.4870548000035342
D1_154_building,disk-lightglue-r2048-k16384,disk,lightglue,2048,16384,1653,107_0005_0117.JPG,107_0005_0125.JPG,16384,16384,108,88,0.8148148148148148,5.37109375,0.171875,0.125,0.3403729796409607,False,ok,0.47011309998924844
D1_154_building,disk-lightglue-r2048-k16384,disk,lightglue,2048,16384,1654,107_0005_0117.JPG,107_0005_0130.JPG,16384,16384,6,0,0.0,0.0,0.0,0.0,0.1888314038515091,True,too_few_matches,0.49245689998497255
D1_154_building,disk-lightglue-r2048-k16384,disk,lightglue,2048,16384,1655,107_0005_0117.JPG,107_0005_0131.JPG,16384,16384,14,8,0.5714285714285714,0.48828125,0.0625,0.109375,0.23652957379817963,True,ok,0.4746322999999393
D1_154_building,disk-lightglue-r2048-k16384,disk,lightglue,2048,16384,1656,107_0005_0117.JPG,107_0005_0132.JPG,16384,16384,16,8,0.5,0.48828125,0.109375,0.125,0.24434274435043335,True,ok,0.4841553999867756
D1_154_building,disk-lightglue-r2048-k16384,disk,lightglue,2048,16384,1657,107_0005_0117.JPG,107_0005_0142.JPG,16384,16384,20,8,0.4,0.48828125,0.109375,0.109375,0.21800856292247772,True,ok,0.480334199994104
D1_154_building,disk-lightglue-r2048-k16384,disk,lightglue,2048,16384,1658,107_0005_0118.JPG,107_0005_0119.JPG,16384,16384,9678,9005,0.9304608390163257,549.62158203125,0.875,0.796875,0.9727694392204285,False,ok,0.4779817999806255
D1_154_building,disk-lightglue-r2048-k16384,disk,lightglue,2048,16384,1659,107_0005_0118.JPG,107_0005_0120.JPG,16384,16384,6456,5543,0.8585811648079306,338.31787109375,0.703125,0.578125,0.9563533663749695,False,ok,0.4773513000109233
D1_154_building,disk-lightglue-r2048-k16384,disk,lightglue,2048,16384,1660,107_0005_0118.JPG,107_0005_0121.JPG,16384,16384,4466,3580,0.8016121809225257,218.505859375,0.65625,0.46875,0.9452545642852783,False,ok,0.355815499991877
D1_154_building,disk-lightglue-r2048-k16384,disk,lightglue,2048,16384,1661,107_0005_0118.JPG,107_0005_0122.JPG,16384,16384,3149,2403,0.7630993966338521,146.66748046875,0.515625,0.28125,0.9003260135650635,False,ok,0.38255779998144135
D1_154_building,disk-lightglue-r2048-k16384,disk,lightglue,2048,16384,1662,107_0005_0118.JPG,107_0005_0123.JPG,16384,16384,3186,2351,0.7379158819836786,143.49365234375,0.5,0.28125,0.8959966897964478,False,ok,0.4084961999906227
D1_154_building,disk-lightglue-r2048-k16384,disk,lightglue,2048,16384,1663,107_0005_0118.JPG,107_0005_0124.JPG,16384,16384,3877,3179,0.8199638896053649,194.03076171875,0.640625,0.375,0.9207327961921692,False,ok,0.3584292000159621
D1_154_building,disk-lightglue-r2048-k16384,disk,lightglue,2048,16384,1664,107_0005_0118.JPG,107_0005_0125.JPG,16384,16384,2587,2180,0.8426749130266719,133.056640625,0.5,0.40625,0.917102575302124,False,ok,0.5645750999974553
D1_154_building,disk-lightglue-r2048-k16384,disk,lightglue,2048,16384,1665,107_0005_0118.JPG,107_0005_0126.JPG,16384,16384,11,7,0.6363636363636364,0.42724609375,0.078125,0.109375,0.22900892794132233,True,ok,0.46808880000025965
D1_154_building,disk-lightglue-r2048-k16384,disk,lightglue,2048,16384,1666,107_0005_0118.JPG,107_0005_0129.JPG,16384,16384,9,7,0.7777777777777778,0.42724609375,0.09375,0.109375,0.18391680717468262,True,ok,0.49640929998713546
D1_154_building,disk-lightglue-r2048-k16384,disk,lightglue,2048,16384,1667,107_0005_0118.JPG,107_0005_0130.JPG,16384,16384,14,8,0.5714285714285714,0.48828125,0.109375,0.125,0.15629853308200836,True,ok,0.4748844999994617
D1_154_building,disk-lightglue-r2048-k16384,disk,lightglue,2048,16384,1668,107_0005_0118.JPG,107_0005_0131.JPG,16384,16384,8,0,0.0,0.0,0.0,0.0,0.1555626094341278,True,no_model,0.5017014000040945
D1_154_building,disk-lightglue-r2048-k16384,disk,lightglue,2048,16384,1669,107_0005_0118.JPG,107_0005_0132.JPG,16384,16384,13,8,0.6153846153846154,0.48828125,0.109375,0.109375,0.18419693410396576,True,ok,0.4688869999954477
D1_154_building,disk-lightglue-r2048-k16384,disk,lightglue,2048,16384,1670,107_0005_0118.JPG,107_0005_0133.JPG,16384,16384,9,7,0.7777777777777778,0.42724609375,0.09375,0.078125,0.17586128413677216,True,ok,0.4928232000092976
D1_154_building,disk-lightglue-r2048-k16384,disk,lightglue,2048,16384,1671,107_0005_0119.JPG,107_0005_0120.JPG,16384,16384,10648,10009,0.9399887302779865,610.90087890625,0.875,0.828125,0.9731044769287109,False,ok,0.47418089999700896
D1_154_building,disk-lightglue-r2048-k16384,disk,lightglue,2048,16384,1672,107_0005_0119.JPG,107_0005_0121.JPG,16384,16384,7606,6686,0.8790428608992901,408.0810546875,0.796875,0.609375,0.9562305808067322,False,ok,0.47795199998654425
D1_154_building,disk-lightglue-r2048-k16384,disk,lightglue,2048,16384,1673,107_0005_0119.JPG,107_0005_0122.JPG,16384,16384,5622,4612,0.8203486303806474,281.494140625,0.65625,0.453125,0.9208041429519653,False,ok,0.47399440000299364
D1_154_building,disk-lightglue-r2048-k16384,disk,lightglue,2048,16384,1674,107_0005_0119.JPG,107_0005_0123.JPG,16384,16384,5663,4594,0.811230796397669,280.3955078125,0.640625,0.46875,0.9238731265068054,False,ok,0.4785103000176605
D1_154_building,disk-lightglue-r2048-k16384,disk,lightglue,2048,16384,1675,107_0005_0119.JPG,107_0005_0124.JPG,16384,16384,6583,5830,0.8856144614917211,355.8349609375,0.703125,0.5,0.9424241185188293,False,ok,0.4745874999789521
D1_154_building,disk-lightglue-r2048-k16384,disk,lightglue,2048,16384,1676,107_0005_0119.JPG,107_0005_0125.JPG,16384,16384,4707,4276,0.9084342468663692,260.986328125,0.59375,0.53125,0.9351972937583923,False,ok,0.5634034000104293
D1_154_building,disk-lightglue-r2048-k16384,disk,lightglue,2048,16384,1677,107_0005_0119.JPG,107_0005_0126.JPG,16384,16384,13,8,0.6153846153846154,0.48828125,0.125,0.125,0.2051156908273697,True,ok,0.4604576999845449
D1_154_building,disk-lightglue-r2048-k16384,disk,lightglue,2048,16384,1678,107_0005_0119.JPG,107_0005_0127.JPG,16384,16384,15,8,0.5333333333333333,0.48828125,0.109375,0.109375,0.21763482689857483,True,ok,0.49806149999494664
D1_154_building,disk-lightglue-r2048-k16384,disk,lightglue,2048,16384,1679,107_0005_0119.JPG,107_0005_0129.JPG,16384,16384,11,7,0.6363636363636364,0.42724609375,0.09375,0.109375,0.18956375122070312,True,ok,0.46337290000519715
D1_154_building,disk-lightglue-r2048-k16384,disk,lightglue,2048,16384,1680,107_0005_0119.JPG,107_0005_0130.JPG,16384,16384,14,8,0.5714285714285714,0.48828125,0.078125,0.078125,0.16791686415672302,True,ok,0.502587199996924
D1_154_building,disk-lightglue-r2048-k16384,disk,lightglue,2048,16384,1681,107_0005_0119.JPG,107_0005_0131.JPG,16384,16384,15,8,0.5333333333333333,0.48828125,0.109375,0.09375,0.1711621731519699,True,ok,0.4853770000045188
D1_154_building,disk-lightglue-r2048-k16384,disk,lightglue,2048,16384,1682,107_0005_0119.JPG,107_0005_0132.JPG,16384,16384,14,7,0.5,0.42724609375,0.09375,0.109375,0.25358280539512634,True,ok,0.4822803999995813
D1_154_building,disk-lightglue-r2048-k16384,disk,lightglue,2048,16384,1683,107_0005_0120.JPG,107_0005_0121.JPG,16384,16384,11300,10716,0.9483185840707965,654.052734375,0.9375,0.828125,0.9725083112716675,False,ok,0.4808191999909468
D1_154_building,disk-lightglue-r2048-k16384,disk,lightglue,2048,16384,1684,107_0005_0120.JPG,107_0005_0122.JPG,16384,16384,8408,7488,0.89058039961941,457.03125,0.84375,0.59375,0.9589935541152954,False,ok,0.46643699999549426
D1_154_building,disk-lightglue-r2048-k16384,disk,lightglue,2048,16384,1685,107_0005_0120.JPG,107_0005_0123.JPG,16384,16384,8476,7555,0.8913402548371874,461.12060546875,0.828125,0.609375,0.9582749009132385,False,ok,0.4802944999828469
D1_154_building,disk-lightglue-r2048-k16384,disk,lightglue,2048,16384,1686,107_0005_0120.JPG,107_0005_0124.JPG,16384,16384,9324,8856,0.9498069498069498,540.52734375,0.8125,0.6875,0.9638728499412537,False,ok,0.46629360000952147
D1_154_building,disk-lightglue-r2048-k16384,disk,lightglue,2048,16384,1687,107_0005_0120.JPG,107_0005_0125.JPG,16384,16384,5740,4955,0.8632404181184669,302.42919921875,0.65625,0.640625,0.9591207504272461,False,ok,0.531296500004828
D1_154_building,disk-lightglue-r2048-k16384,disk,lightglue,2048,16384,1688,107_0005_0120.JPG,107_0005_0126.JPG,16384,16384,12,7,0.5833333333333334,0.42724609375,0.109375,0.109375,0.22729195654392242,True,ok,0.4723165000032168
D1_154_building,disk-lightglue-r2048-k16384,disk,lightglue,2048,16384,1689,107_0005_0120.JPG,107_0005_0127.JPG,16384,16384,12,8,0.6666666666666666,0.48828125,0.09375,0.125,0.24160458147525787,True,ok,0.47839820000808686
D1_154_building,disk-lightglue-r2048-k16384,disk,lightglue,2048,16384,1690,107_0005_0120.JPG,107_0005_0128.JPG,16384,16384,13,7,0.5384615384615384,0.42724609375,0.109375,0.09375,0.1823076456785202,True,ok,0.47972659999504685
D1_154_building,disk-lightglue-r2048-k16384,disk,lightglue,2048,16384,1691,107_0005_0120.JPG,107_0005_0130.JPG,16384,16384,11,7,0.6363636363636364,0.42724609375,0.109375,0.109375,0.19002288579940796,True,ok,0.4877195000008214
D1_154_building,disk-lightglue-r2048-k16384,disk,lightglue,2048,16384,1692,107_0005_0120.JPG,107_0005_0131.JPG,16384,16384,13,8,0.6153846153846154,0.48828125,0.109375,0.109375,0.23158639669418335,True,ok,0.49316019998514093
D1_154_building,disk-lightglue-r2048-k16384,disk,lightglue,2048,16384,1693,107_0005_0121.JPG,107_0005_0122.JPG,16384,16384,11488,10910,0.9496866295264624,665.8935546875,0.953125,0.84375,0.9753222465515137,False,ok,0.47512459999416023
D1_154_building,disk-lightglue-r2048-k16384,disk,lightglue,2048,16384,1694,107_0005_0121.JPG,107_0005_0123.JPG,16384,16384,11576,11016,0.9516240497581202,672.36328125,0.953125,0.828125,0.9751216173171997,False,ok,0.47380019997945055
D1_154_building,disk-lightglue-r2048-k16384,disk,lightglue,2048,16384,1695,107_0005_0121.JPG,107_0005_0124.JPG,16384,16384,10376,10028,0.9664610639938319,612.060546875,0.8125,0.8125,0.9701990485191345,False,ok,0.46874700000626035
D1_154_building,disk-lightglue-r2048-k16384,disk,lightglue,2048,16384,1696,107_0005_0121.JPG,107_0005_0125.JPG,16384,16384,5383,4130,0.7672301690507152,252.0751953125,0.59375,0.65625,0.9454863667488098,False,ok,0.5530480000015814
D1_154_building,disk-lightglue-r2048-k16384,disk,lightglue,2048,16384,1697,107_0005_0121.JPG,107_0005_0126.JPG,16384,16384,14,7,0.5,0.42724609375,0.09375,0.109375,0.19627928733825684,True,ok,0.47917159998905845
D1_154_building,disk-lightglue-r2048-k16384,disk,lightglue,2048,16384,1698,107_0005_0121.JPG,107_0005_0127.JPG,16384,16384,13,8,0.6153846153846154,0.48828125,0.109375,0.109375,0.194889634847641,True,ok,0.5019580000080168
D1_154_building,disk-lightglue-r2048-k16384,disk,lightglue,2048,16384,1699,107_0005_0121.JPG,107_0005_0128.JPG,16384,16384,15,8,0.5333333333333333,0.48828125,0.09375,0.109375,0.28431445360183716,True,ok,0.4675993000273593
D1_154_building,disk-lightglue-r2048-k16384,disk,lightglue,2048,16384,1700,107_0005_0121.JPG,107_0005_0129.JPG,16384,16384,20,8,0.4,0.48828125,0.09375,0.125,0.21951338648796082,True,ok,0.4962066000152845
D1_154_building,disk-lightglue-r2048-k16384,disk,lightglue,2048,16384,1701,107_0005_0122.JPG,107_0005_0123.JPG,16384,16384,14305,14134,0.988046137714086,862.6708984375,0.953125,0.953125,0.9716434478759766,False,ok,0.4591952000046149
D1_154_building,disk-lightglue-r2048-k16384,disk,lightglue,2048,16384,1702,107_0005_0122.JPG,107_0005_0124.JPG,16384,16384,9164,8208,0.8956787429070275,500.9765625,0.703125,0.859375,0.9651551246643066,False,ok,0.45323079999070615
D1_154_building,disk-lightglue-r2048-k16384,disk,lightglue,2048,16384,1703,107_0005_0122.JPG,107_0005_0125.JPG,16384,16384,5001,3532,0.70625874825035,215.576171875,0.5,0.671875,0.9154961705207825,False,ok,0.6245771000103559
D1_154_building,disk-lightglue-r2048-k16384,disk,lightglue,2048,16384,1704,107_0005_0122.JPG,107_0005_0126.JPG,16384,16384,15,8,0.5333333333333333,0.48828125,0.125,0.09375,0.1827153116464615,True,ok,0.48428669999702834
D1_154_building,disk-lightglue-r2048-k16384,disk,lightglue,2048,16384,1705,107_0005_0122.JPG,107_0005_0127.JPG,16384,16384,20,9,0.45,0.54931640625,0.125,0.140625,0.19257721304893494,True,ok,0.47942129999864846
D1_154_building,disk-lightglue-r2048-k16384,disk,lightglue,2048,16384,1706,107_0005_0122.JPG,107_0005_0128.JPG,16384,16384,15,8,0.5333333333333333,0.48828125,0.109375,0.109375,0.23954547941684723,True,ok,0.47866210000938736
D1_154_building,disk-lightglue-r2048-k16384,disk,lightglue,2048,16384,1707,107_0005_0122.JPG,107_0005_0129.JPG,16384,16384,12,8,0.6666666666666666,0.48828125,0.109375,0.125,0.2871832251548767,True,ok,0.4781475999916438
D1_154_building,disk-lightglue-r2048-k16384,disk,lightglue,2048,16384,1708,107_0005_0122.JPG,107_0005_0130.JPG,16384,16384,24,9,0.375,0.54931640625,0.078125,0.078125,0.19785167276859283,True,ok,0.5030362000106834
D1_154_building,disk-lightglue-r2048-k16384,disk,lightglue,2048,16384,1709,107_0005_0123.JPG,107_0005_0124.JPG,16384,16384,9410,8546,0.908182784272051,521.6064453125,0.6875,0.875,0.97007817029953,False,ok,0.4609762999753002
D1_154_building,disk-lightglue-r2048-k16384,disk,lightglue,2048,16384,1710,107_0005_0123.JPG,107_0005_0125.JPG,16384,16384,5149,3619,0.702854923286075,220.88623046875,0.46875,0.640625,0.9319530129432678,False,ok,0.5695040000136942
D1_154_building,disk-lightglue-r2048-k16384,disk,lightglue,2048,16384,1711,107_0005_0123.JPG,107_0005_0126.JPG,16384,16384,12,7,0.5833333333333334,0.42724609375,0.109375,0.09375,0.18688447773456573,True,ok,0.4738751999975648
D1_154_building,disk-lightglue-r2048-k16384,disk,lightglue,2048,16384,1712,107_0005_0123.JPG,107_0005_0127.JPG,16384,16384,17,8,0.47058823529411764,0.48828125,0.125,0.125,0.19563329219818115,True,ok,0.5068182999966666
D1_154_building,disk-lightglue-r2048-k16384,disk,lightglue,2048,16384,1713,107_0005_0123.JPG,107_0005_0128.JPG,16384,16384,19,8,0.42105263157894735,0.48828125,0.109375,0.125,0.2345571517944336,True,ok,0.4666217000049073
D1_154_building,disk-lightglue-r2048-k16384,disk,lightglue,2048,16384,1714,107_0005_0123.JPG,107_0005_0129.JPG,16384,16384,19,9,0.47368421052631576,0.54931640625,0.125,0.125,0.20119266211986542,True,ok,0.4769613999815192
D1_154_building,disk-lightglue-r2048-k16384,disk,lightglue,2048,16384,1715,107_0005_0123.JPG,107_0005_0130.JPG,16384,16384,25,9,0.36,0.54931640625,0.125,0.125,0.17923247814178467,True,ok,0.49261489999480546
D1_154_building,disk-lightglue-r2048-k16384,disk,lightglue,2048,16384,1716,107_0005_0123.JPG,107_0005_0131.JPG,16384,16384,13,8,0.6153846153846154,0.48828125,0.109375,0.109375,0.1958550661802292,True,ok,0.49114410000038333
D1_154_building,disk-lightglue-r2048-k16384,disk,lightglue,2048,16384,1717,107_0005_0124.JPG,107_0005_0125.JPG,16384,16384,8489,7073,0.8331959005772176,431.70166015625,0.703125,0.796875,0.9750566482543945,False,ok,0.45191060000797734
D1_154_building,disk-lightglue-r2048-k16384,disk,lightglue,2048,16384,1718,107_0005_0124.JPG,107_0005_0126.JPG,16384,16384,127,87,0.6850393700787402,5.31005859375,0.171875,0.203125,0.2624533474445343,False,ok,0.48012540000490844
D1_154_building,disk-lightglue-r2048-k16384,disk,lightglue,2048,16384,1719,107_0005_0124.JPG,107_0005_0127.JPG,16384,16384,12,8,0.6666666666666666,0.48828125,0.109375,0.109375,0.2269241362810135,True,ok,0.5010122999956366
D1_154_building,disk-lightglue-r2048-k16384,disk,lightglue,2048,16384,1720,107_0005_0124.JPG,107_0005_0128.JPG,16384,16384,15,8,0.5333333333333333,0.48828125,0.125,0.109375,0.1698988378047943,True,ok,0.47261949998210184
D1_154_building,disk-lightglue-r2048-k16384,disk,lightglue,2048,16384,1721,107_0005_0124.JPG,107_0005_0129.JPG,16384,16384,13,7,0.5384615384615384,0.42724609375,0.09375,0.09375,0.19456280767917633,True,ok,0.49012479998054914
D1_154_building,disk-lightglue-r2048-k16384,disk,lightglue,2048,16384,1722,107_0005_0124.JPG,107_0005_0130.JPG,16384,16384,17,9,0.5294117647058824,0.54931640625,0.140625,0.140625,0.2117730975151062,True,ok,0.46909639998921193
D1_154_building,disk-lightglue-r2048-k16384,disk,lightglue,2048,16384,1723,107_0005_0124.JPG,107_0005_0131.JPG,16384,16384,14,8,0.5714285714285714,0.48828125,0.109375,0.109375,0.16757984459400177,True,ok,0.4968766000238247
D1_154_building,disk-lightglue-r2048-k16384,disk,lightglue,2048,16384,1724,107_0005_0124.JPG,107_0005_0132.JPG,16384,16384,9,7,0.7777777777777778,0.42724609375,0.109375,0.109375,0.17903126776218414,True,ok,0.4981155000277795
D1_154_building,disk-lightglue-r2048-k16384,disk,lightglue,2048,16384,1725,107_0005_0125.JPG,107_0005_0126.JPG,16384,16384,9333,8096,0.8674595521268617,494.140625,0.65625,0.796875,0.9622163772583008,False,ok,0.521791100007249
D1_154_building,disk-lightglue-r2048-k16384,disk,lightglue,2048,16384,1726,107_0005_0125.JPG,107_0005_0127.JPG,16384,16384,36,20,0.5555555555555556,1.220703125,0.1875,0.1875,0.1676025092601776,False,ok,0.464566200011177
D1_154_building,disk-lightglue-r2048-k16384,disk,lightglue,2048,16384,1727,107_0005_0125.JPG,107_0005_0128.JPG,16384,16384,12,8,0.6666666666666666,0.48828125,0.109375,0.109375,0.1681721806526184,True,ok,0.500171899999259
D1_154_building,disk-lightglue-r2048-k16384,disk,lightglue,2048,16384,1728,107_0005_0125.JPG,107_0005_0129.JPG,16384,16384,20,9,0.45,0.54931640625,0.09375,0.125,0.15431837737560272,True,ok,0.4736063999880571
D1_154_building,disk-lightglue-r2048-k16384,disk,lightglue,2048,16384,1729,107_0005_0125.JPG,107_0005_0130.JPG,16384,16384,19,8,0.42105263157894735,0.48828125,0.125,0.125,0.2724292278289795,True,ok,0.48360050001065247
D1_154_building,disk-lightglue-r2048-k16384,disk,lightglue,2048,16384,1730,107_0005_0125.JPG,107_0005_0131.JPG,16384,16384,19,8,0.42105263157894735,0.48828125,0.09375,0.109375,0.19039538502693176,True,ok,0.4894048999994993
D1_154_building,disk-lightglue-r2048-k16384,disk,lightglue,2048,16384,1731,107_0005_0125.JPG,107_0005_0132.JPG,16384,16384,12,7,0.5833333333333334,0.42724609375,0.109375,0.109375,0.17640157043933868,True,ok,0.46155090001411736
D1_154_building,disk-lightglue-r2048-k16384,disk,lightglue,2048,16384,1732,107_0005_0125.JPG,107_0005_0133.JPG,16384,16384,6,0,0.0,0.0,0.0,0.0,0.20148219168186188,True,too_few_matches,0.49995709999348037
D1_154_building,disk-lightglue-r2048-k16384,disk,lightglue,2048,16384,1733,107_0005_0126.JPG,107_0005_0127.JPG,16384,16384,10403,9512,0.9143516293376911,580.56640625,0.703125,0.8125,0.9650062322616577,False,ok,0.5592629000020679
D1_154_building,disk-lightglue-r2048-k16384,disk,lightglue,2048,16384,1734,107_0005_0126.JPG,107_0005_0128.JPG,16384,16384,37,23,0.6216216216216216,1.40380859375,0.203125,0.234375,0.21183381974697113,False,ok,0.4829071999993175
D1_154_building,disk-lightglue-r2048-k16384,disk,lightglue,2048,16384,1735,107_0005_0126.JPG,107_0005_0129.JPG,16384,16384,31,16,0.5161290322580645,0.9765625,0.1875,0.1875,0.18704906105995178,False,ok,0.4797697000030894
D1_154_building,disk-lightglue-r2048-k16384,disk,lightglue,2048,16384,1736,107_0005_0126.JPG,107_0005_0130.JPG,16384,16384,29,10,0.3448275862068966,0.6103515625,0.140625,0.15625,0.26783713698387146,True,ok,0.4827961000264622
D1_154_building,disk-lightglue-r2048-k16384,disk,lightglue,2048,16384,1737,107_0005_0126.JPG,107_0005_0131.JPG,16384,16384,26,9,0.34615384615384615,0.54931640625,0.125,0.125,0.2199966311454773,True,ok,0.47944870000355877
D1_154_building,disk-lightglue-r2048-k16384,disk,lightglue,2048,16384,1738,107_0005_0126.JPG,107_0005_0132.JPG,16384,16384,15,8,0.5333333333333333,0.48828125,0.078125,0.125,0.15415316820144653,True,ok,0.47536279997439124
D1_154_building,disk-lightglue-r2048-k16384,disk,lightglue,2048,16384,1739,107_0005_0126.JPG,107_0005_0133.JPG,16384,16384,14,8,0.5714285714285714,0.48828125,0.109375,0.125,0.2180345207452774,True,ok,0.48697609998635016
D1_154_building,disk-lightglue-r2048-k16384,disk,lightglue,2048,16384,1740,107_0005_0126.JPG,107_0005_0134.JPG,16384,16384,17,8,0.47058823529411764,0.48828125,0.125,0.09375,0.1824927181005478,True,ok,0.4947832999750972
D1_154_building,disk-lightglue-r2048-k16384,disk,lightglue,2048,16384,1741,107_0005_0127.JPG,107_0005_0128.JPG,16384,16384,10654,9924,0.9314811338464426,605.712890625,0.796875,0.875,0.947952151298523,False,ok,0.6120132000069134
D1_154_building,disk-lightglue-r2048-k16384,disk,lightglue,2048,16384,1742,107_0005_0127.JPG,107_0005_0129.JPG,16384,16384,9510,7703,0.8099894847528917,470.15380859375,0.8125,0.734375,0.9595199823379517,False,ok,0.701396599994041
D1_154_building,disk-lightglue-r2048-k16384,disk,lightglue,2048,16384,1743,107_0005_0127.JPG,107_0005_0130.JPG,16384,16384,7724,5841,0.7562143966856552,356.50634765625,0.8125,0.59375,0.9411801695823669,False,ok,0.6721830999886151
D1_154_building,disk-lightglue-r2048-k16384,disk,lightglue,2048,16384,1744,107_0005_0127.JPG,107_0005_0131.JPG,16384,16384,5713,3939,0.6894801330299317,240.41748046875,0.71875,0.421875,0.9134331345558167,False,ok,0.6829045999911614
D1_154_building,disk-lightglue-r2048-k16384,disk,lightglue,2048,16384,1745,107_0005_0127.JPG,107_0005_0132.JPG,16384,16384,3580,2359,0.6589385474860335,143.98193359375,0.59375,0.296875,0.8227756023406982,False,ok,0.9439314000192098
D1_154_building,disk-lightglue-r2048-k16384,disk,lightglue,2048,16384,1746,107_0005_0127.JPG,107_0005_0133.JPG,16384,16384,50,24,0.48,1.46484375,0.140625,0.09375,0.23459379374980927,False,ok,0.46215619999566115
D1_154_building,disk-lightglue-r2048-k16384,disk,lightglue,2048,16384,1747,107_0005_0127.JPG,107_0005_0134.JPG,16384,16384,22,9,0.4090909090909091,0.54931640625,0.09375,0.078125,0.21861043572425842,True,ok,0.5051900999969803
D1_154_building,disk-lightglue-r2048-k16384,disk,lightglue,2048,16384,1748,107_0005_0127.JPG,107_0005_0135.JPG,16384,16384,15,8,0.5333333333333333,0.48828125,0.125,0.109375,0.16463962197303772,True,ok,0.4706694999767933
D1_154_building,disk-lightglue-r2048-k16384,disk,lightglue,2048,16384,1749,107_0005_0128.JPG,107_0005_0129.JPG,16384,16384,10497,10009,0.9535105268171858,610.90087890625,0.96875,0.75,0.9775996208190918,False,ok,0.4976609000004828
D1_154_building,disk-lightglue-r2048-k16384,disk,lightglue,2048,16384,1750,107_0005_0128.JPG,107_0005_0130.JPG,16384,16384,7487,6849,0.9147856284225991,418.02978515625,0.84375,0.59375,0.9541748762130737,False,ok,0.45217430000775494
D1_154_building,disk-lightglue-r2048-k16384,disk,lightglue,2048,16384,1751,107_0005_0128.JPG,107_0005_0131.JPG,16384,16384,5050,4417,0.8746534653465347,269.59228515625,0.71875,0.40625,0.9362515211105347,False,ok,0.39382880000630394
D1_154_building,disk-lightglue-r2048-k16384,disk,lightglue,2048,16384,1752,107_0005_0128.JPG,107_0005_0132.JPG,16384,16384,3172,2550,0.8039092055485498,155.6396484375,0.59375,0.265625,0.8636711835861206,False,ok,0.43773860001238063
D1_154_building,disk-lightglue-r2048-k16384,disk,lightglue,2048,16384,1753,107_0005_0128.JPG,107_0005_0133.JPG,16384,16384,1841,1367,0.7425312330255296,83.43505859375,0.4375,0.15625,0.8616642355918884,False,ok,0.4804980000189971
D1_154_building,disk-lightglue-r2048-k16384,disk,lightglue,2048,16384,1754,107_0005_0128.JPG,107_0005_0134.JPG,16384,16384,14,9,0.6428571428571429,0.54931640625,0.0625,0.0625,0.2004953771829605,True,ok,0.4794484000012744
D1_154_building,disk-lightglue-r2048-k16384,disk,lightglue,2048,16384,1755,107_0005_0128.JPG,107_0005_0135.JPG,16384,16384,12,7,0.5833333333333334,0.42724609375,0.09375,0.09375,0.20526643097400665,True,ok,0.4871837999962736
D1_154_building,disk-lightglue-r2048-k16384,disk,lightglue,2048,16384,1756,107_0005_0128.JPG,107_0005_0136.JPG,16384,16384,13,8,0.6153846153846154,0.48828125,0.125,0.09375,0.1658829003572464,True,ok,0.4693068999913521
D1_154_building,disk-lightglue-r2048-k16384,disk,lightglue,2048,16384,1757,107_0005_0129.JPG,107_0005_0130.JPG,16384,16384,11339,10929,0.9638416086074609,667.05322265625,0.9375,0.78125,0.9793803095817566,False,ok,0.48743750000721775
D1_154_building,disk-lightglue-r2048-k16384,disk,lightglue,2048,16384,1758,107_0005_0129.JPG,107_0005_0131.JPG,16384,16384,7887,7297,0.9251933561556992,445.37353515625,0.78125,0.5625,0.9602876901626587,False,ok,0.47526330000255257
D1_154_building,disk-lightglue-r2048-k16384,disk,lightglue,2048,16384,1759,107_0005_0129.JPG,107_0005_0132.JPG,16384,16384,5267,4633,0.8796278716536928,282.77587890625,0.65625,0.390625,0.950208306312561,False,ok,0.37201160000404343
D1_154_building,disk-lightglue-r2048-k16384,disk,lightglue,2048,16384,1760,107_0005_0129.JPG,107_0005_0133.JPG,16384,16384,3161,2599,0.8222081619740589,158.63037109375,0.53125,0.234375,0.8945797681808472,False,ok,0.38315559999318793
D1_154_building,disk-lightglue-r2048-k16384,disk,lightglue,2048,16384,1761,107_0005_0129.JPG,107_0005_0134.JPG,16384,16384,1758,1295,0.7366325369738339,79.04052734375,0.375,0.140625,0.8764234185218811,False,ok,0.48092220001854
D1_154_building,disk-lightglue-r2048-k16384,disk,lightglue,2048,16384,1762,107_0005_0129.JPG,107_0005_0135.JPG,16384,16384,169,128,0.757396449704142,7.8125,0.25,0.125,0.32264354825019836,False,ok,0.4583645999955479
D1_154_building,disk-lightglue-r2048-k16384,disk,lightglue,2048,16384,1763,107_0005_0129.JPG,107_0005_0136.JPG,16384,16384,36,20,0.5555555555555556,1.220703125,0.09375,0.078125,0.28555357456207275,False,ok,0.4853337000240572
D1_154_building,disk-lightglue-r2048-k16384,disk,lightglue,2048,16384,1764,107_0005_0129.JPG,107_0005_0137.JPG,16384,16384,11,7,0.6363636363636364,0.42724609375,0.09375,0.09375,0.15873219072818756,True,ok,0.4814757000131067
D1_154_building,disk-lightglue-r2048-k16384,disk,lightglue,2048,16384,1765,107_0005_0130.JPG,107_0005_0131.JPG,16384,16384,10976,10572,0.9631924198250729,645.263671875,0.90625,0.765625,0.9793561697006226,False,ok,0.4965459000086412
D1_154_building,disk-lightglue-r2048-k16384,disk,lightglue,2048,16384,1766,107_0005_0130.JPG,107_0005_0132.JPG,16384,16384,7550,6961,0.9219867549668874,424.86572265625,0.765625,0.5,0.9648575782775879,False,ok,0.48701310000615194
D1_154_building,disk-lightglue-r2048-k16384,disk,lightglue,2048,16384,1767,107_0005_0130.JPG,107_0005_0133.JPG,16384,16384,4724,4125,0.8732006773920407,251.77001953125,0.65625,0.40625,0.9321733713150024,False,ok,0.49855650000972673
D1_154_building,disk-lightglue-r2048-k16384,disk,lightglue,2048,16384,1768,107_0005_0130.JPG,107_0005_0134.JPG,16384,16384,2825,2318,0.8205309734513274,141.4794921875,0.5,0.25,0.9015410542488098,False,ok,0.3556860999960918
D1_154_building,disk-lightglue-r2048-k16384,disk,lightglue,2048,16384,1769,107_0005_0130.JPG,107_0005_0135.JPG,16384,16384,2048,1564,0.763671875,95.458984375,0.453125,0.1875,0.835182249546051,False,ok,0.5769302999833599
D1_154_building,disk-lightglue-r2048-k16384,disk,lightglue,2048,16384,1770,107_0005_0130.JPG,107_0005_0136.JPG,16384,16384,1775,1303,0.7340845070422535,79.52880859375,0.421875,0.140625,0.810793399810791,False,ok,0.6226355999824591
D1_154_building,disk-lightglue-r2048-k16384,disk,lightglue,2048,16384,1771,107_0005_0130.JPG,107_0005_0137.JPG,16384,16384,1594,1121,0.7032622333751568,68.42041015625,0.4375,0.125,0.8696298003196716,False,ok,0.47366350001539104
D1_154_building,disk-lightglue-r2048-k16384,disk,lightglue,2048,16384,1772,107_0005_0130.JPG,107_0005_0138.JPG,16384,16384,1642,1128,0.6869671132764921,68.84765625,0.421875,0.140625,0.8657075762748718,False,ok,0.46243179999873973
D1_154_building,disk-lightglue-r2048-k16384,disk,lightglue,2048,16384,1773,107_0005_0131.JPG,107_0005_0132.JPG,16384,16384,11010,10582,0.9611262488646685,645.8740234375,0.90625,0.765625,0.9796622395515442,False,ok,0.475245299981907
D1_154_building,disk-lightglue-r2048-k16384,disk,lightglue,2048,16384,1774,107_0005_0131.JPG,107_0005_0133.JPG,16384,16384,7128,6601,0.9260662177328844,402.89306640625,0.78125,0.546875,0.9678187966346741,False,ok,0.46949979997589253
D1_154_building,disk-lightglue-r2048-k16384,disk,lightglue,2048,16384,1775,107_0005_0131.JPG,107_0005_0134.JPG,16384,16384,4463,3909,0.8758682500560161,238.58642578125,0.609375,0.40625,0.9348354935646057,False,ok,0.49479109997628257
D1_154_building,disk-lightglue-r2048-k16384,disk,lightglue,2048,16384,1776,107_0005_0131.JPG,107_0005_0135.JPG,16384,16384,3482,2916,0.8374497415278576,177.978515625,0.578125,0.3125,0.9323176741600037,False,ok,0.33122520000324585
D1_154_building,disk-lightglue-r2048-k16384,disk,lightglue,2048,16384,1777,107_0005_0131.JPG,107_0005_0136.JPG,16384,16384,3079,2441,0.7927898668398831,148.98681640625,0.546875,0.25,0.9289241433143616,False,ok,0.34983580000698566
D1_154_building,disk-lightglue-r2048-k16384,disk,lightglue,2048,16384,1778,107_0005_0131.JPG,107_0005_0137.JPG,16384,16384,2664,1994,0.7484984984984985,121.7041015625,0.484375,0.25,0.910768985748291,False,ok,0.34993140000733547
D1_154_building,disk-lightglue-r2048-k16384,disk,lightglue,2048,16384,1779,107_0005_0131.JPG,107_0005_0138.JPG,16384,16384,2641,1956,0.7406285497917455,119.384765625,0.484375,0.25,0.9120327234268188,False,ok,0.3659371999965515
D1_154_building,disk-lightglue-r2048-k16384,disk,lightglue,2048,16384,1780,107_0005_0131.JPG,107_0005_0139.JPG,16384,16384,4402,3575,0.8121308496138119,218.20068359375,0.65625,0.359375,0.921809196472168,False,ok,0.4850750000041444
D1_154_building,disk-lightglue-r2048-k16384,disk,lightglue,2048,16384,1781,107_0005_0132.JPG,107_0005_0133.JPG,16384,16384,10360,9969,0.9622586872586872,608.45947265625,0.90625,0.828125,0.9824121594429016,False,ok,0.4789130999997724
D1_154_building,disk-lightglue-r2048-k16384,disk,lightglue,2048,16384,1782,107_0005_0132.JPG,107_0005_0134.JPG,16384,16384,6813,6297,0.924262439453985,384.33837890625,0.78125,0.609375,0.969870924949646,False,ok,0.49198810002417304
D1_154_building,disk-lightglue-r2048-k16384,disk,lightglue,2048,16384,1783,107_0005_0132.JPG,107_0005_0135.JPG,16384,16384,5384,4769,0.8857726597325408,291.07666015625,0.71875,0.453125,0.948493480682373,False,ok,0.44783419999293983
D1_154_building,disk-lightglue-r2048-k16384,disk,lightglue,2048,16384,1784,107_0005_0132.JPG,107_0005_0136.JPG,16384,16384,4730,4034,0.8528541226215645,246.2158203125,0.703125,0.390625,0.9417402148246765,False,ok,0.4796124999993481
D1_154_building,disk-lightglue-r2048-k16384,disk,lightglue,2048,16384,1785,107_0005_0132.JPG,107_0005_0137.JPG,16384,16384,4063,3217,0.7917794732955944,196.35009765625,0.609375,0.359375,0.9132238030433655,False,ok,0.46124379997490905
D1_154_building,disk-lightglue-r2048-k16384,disk,lightglue,2048,16384,1786,107_0005_0132.JPG,107_0005_0138.JPG,16384,16384,4032,3231,0.8013392857142857,197.20458984375,0.625,0.359375,0.9097062349319458,False,ok,0.4759906000108458
D1_154_building,disk-lightglue-r2048-k16384,disk,lightglue,2048,16384,1787,107_0005_0132.JPG,107_0005_0139.JPG,16384,16384,6243,5444,0.8720166586576966,332.275390625,0.71875,0.484375,0.9466625452041626,False,ok,0.4729018000070937
D1_154_building,disk-lightglue-r2048-k16384,disk,lightglue,2048,16384,1788,107_0005_0132.JPG,107_0005_0140.JPG,16384,16384,8558,7920,0.9254498714652957,483.3984375,0.734375,0.640625,0.9547595381736755,False,ok,0.4673849000246264
D1_154_building,disk-lightglue-r2048-k16384,disk,lightglue,2048,16384,1789,107_0005_0132.JPG,107_0005_0141.JPG,16384,16384,8452,7928,0.9380028395646001,483.88671875,0.625,0.71875,0.9559215903282166,False,ok,0.48241589998360723
D1_154_building,disk-lightglue-r2048-k16384,disk,lightglue,2048,16384,1790,107_0005_0133.JPG,107_0005_0134.JPG,16384,16384,10560,10157,0.9618371212121212,619.93408203125,0.953125,0.84375,0.9824232459068298,False,ok,0.46124410000629723
D1_154_building,disk-lightglue-r2048-k16384,disk,lightglue,2048,16384,1791,107_0005_0133.JPG,107_0005_0135.JPG,16384,16384,8382,7785,0.9287759484609879,475.15869140625,0.859375,0.65625,0.9758976101875305,False,ok,0.47875380000914447
D1_154_building,disk-lightglue-r2048-k16384,disk,lightglue,2048,16384,1792,107_0005_0133.JPG,107_0005_0136.JPG,16384,16384,7424,6548,0.8820043103448276,399.658203125,0.8125,0.609375,0.9689317345619202,False,ok,0.4700814000098035
D1_154_building,disk-lightglue-r2048-k16384,disk,lightglue,2048,16384,1793,107_0005_0133.JPG,107_0005_0137.JPG,16384,16384,6227,5375,0.8631764894812911,328.06396484375,0.703125,0.53125,0.9472822546958923,False,ok,0.4717573999951128
D1_154_building,disk-lightglue-r2048-k16384,disk,lightglue,2048,16384,1794,107_0005_0133.JPG,107_0005_0138.JPG,16384,16384,6184,5363,0.8672380336351876,327.33154296875,0.6875,0.53125,0.9452594518661499,False,ok,0.4476301000104286
D1_154_building,disk-lightglue-r2048-k16384,disk,lightglue,2048,16384,1795,107_0005_0133.JPG,107_0005_0139.JPG,16384,16384,8694,8047,0.9255808603634691,491.14990234375,0.765625,0.671875,0.9568683505058289,False,ok,0.47460069999215193
D1_154_building,disk-lightglue-r2048-k16384,disk,lightglue,2048,16384,1796,107_0005_0133.JPG,107_0005_0140.JPG,16384,16384,8418,7845,0.9319315751960086,478.82080078125,0.671875,0.671875,0.9563162922859192,False,ok,0.4604354000184685
D1_154_building,disk-lightglue-r2048-k16384,disk,lightglue,2048,16384,1797,107_0005_0133.JPG,107_0005_0141.JPG,16384,16384,5836,5415,0.9278615490061686,330.50537109375,0.53125,0.578125,0.950828492641449,False,ok,0.48832850001053885
D1_154_building,disk-lightglue-r2048-k16384,disk,lightglue,2048,16384,1798,107_0005_0134.JPG,107_0005_0135.JPG,16384,16384,12114,11734,0.9686313356447086,716.1865234375,0.984375,0.859375,0.9827141165733337,False,ok,0.4699759000213817
D1_154_building,disk-lightglue-r2048-k16384,disk,lightglue,2048,16384,1799,107_0005_0134.JPG,107_0005_0136.JPG,16384,16384,10793,10223,0.9471879922171778,623.96240234375,0.921875,0.734375,0.9777470827102661,False,ok,0.4531412999785971
D1_154_building,disk-lightglue-r2048-k16384,disk,lightglue,2048,16384,1800,107_0005_0134.JPG,107_0005_0137.JPG,16384,16384,8945,8300,0.9278926774734488,506.591796875,0.796875,0.640625,0.9614388346672058,False,ok,0.4720722000056412
D1_154_building,disk-lightglue-r2048-k16384,disk,lightglue,2048,16384,1801,107_0005_0134.JPG,107_0005_0138.JPG,16384,16384,8790,8171,0.9295790671217292,498.71826171875,0.78125,0.640625,0.9601969122886658,False,ok,0.4590426000067964
D1_154_building,disk-lightglue-r2048-k16384,disk,lightglue,2048,16384,1802,107_0005_0134.JPG,107_0005_0139.JPG,16384,16384,8896,8389,0.9430080935251799,512.02392578125,0.6875,0.734375,0.9625992774963379,False,ok,0.4891072000027634
D1_154_building,disk-lightglue-r2048-k16384,disk,lightglue,2048,16384,1803,107_0005_0134.JPG,107_0005_0140.JPG,16384,16384,6209,5755,0.9268803349975842,351.25732421875,0.5625,0.6875,0.9535210132598877,False,ok,0.4807598000043072
D1_154_building,disk-lightglue-r2048-k16384,disk,lightglue,2048,16384,1804,107_0005_0134.JPG,107_0005_0141.JPG,16384,16384,3814,3440,0.9019402202412166,209.9609375,0.4375,0.578125,0.9317249655723572,False,ok,0.4893328000034671
D1_154_building,disk-lightglue-r2048-k16384,disk,lightglue,2048,16384,1805,107_0005_0134.JPG,107_0005_0142.JPG,16384,16384,2480,2143,0.8641129032258065,130.79833984375,0.265625,0.515625,0.9089027643203735,False,ok,0.3460153000196442
D1_154_building,disk-lightglue-r2048-k16384,disk,lightglue,2048,16384,1806,107_0005_0135.JPG,107_0005_0136.JPG,16384,16384,12482,12059,0.9661112001281846,736.02294921875,0.90625,0.90625,0.9717122316360474,False,ok,0.46913579999818467
D1_154_building,disk-lightglue-r2048-k16384,disk,lightglue,2048,16384,1807,107_0005_0135.JPG,107_0005_0137.JPG,16384,16384,10216,9553,0.9351018010963195,583.06884765625,0.796875,0.796875,0.9540085792541504,False,ok,0.4761099000170361
D1_154_building,disk-lightglue-r2048-k16384,disk,lightglue,2048,16384,1808,107_0005_0135.JPG,107_0005_0138.JPG,16384,16384,10021,9314,0.9294481588663805,568.4814453125,0.78125,0.78125,0.9505183696746826,False,ok,0.4592842000129167
D1_154_building,disk-lightglue-r2048-k16384,disk,lightglue,2048,16384,1809,107_0005_0135.JPG,107_0005_0139.JPG,16384,16384,7570,7061,0.9327608982826948,430.96923828125,0.5625,0.734375,0.948672354221344,False,ok,0.5045792000018992
D1_154_building,disk-lightglue-r2048-k16384,disk,lightglue,2048,16384,1810,107_0005_0135.JPG,107_0005_0140.JPG,16384,16384,5190,4704,0.9063583815028902,287.109375,0.453125,0.625,0.9516966342926025,False,ok,0.35047870001289994
D1_154_building,disk-lightglue-r2048-k16384,disk,lightglue,2048,16384,1811,107_0005_0135.JPG,107_0005_0141.JPG,16384,16384,3003,2643,0.8801198801198801,161.31591796875,0.34375,0.484375,0.9282639622688293,False,ok,0.3509222000138834
D1_154_building,disk-lightglue-r2048-k16384,disk,lightglue,2048,16384,1812,107_0005_0135.JPG,107_0005_0142.JPG,16384,16384,1796,1511,0.8413140311804009,92.22412109375,0.203125,0.375,0.912225067615509,False,ok,0.45694380000350066
D1_154_building,disk-lightglue-r2048-k16384,disk,lightglue,2048,16384,1813,107_0005_0135.JPG,107_0005_0143.JPG,16384,16384,81,55,0.6790123456790124,3.35693359375,0.09375,0.15625,0.35372549295425415,False,ok,0.47948989999713376
D1_154_building,disk-lightglue-r2048-k16384,disk,lightglue,2048,16384,1814,107_0005_0136.JPG,107_0005_0137.JPG,16384,16384,12410,12073,0.9728444802578565,736.87744140625,0.875,0.890625,0.9793798327445984,False,ok,0.4815861000097357
D1_154_building,disk-lightglue-r2048-k16384,disk,lightglue,2048,16384,1815,107_0005_0136.JPG,107_0005_0138.JPG,16384,16384,12165,11789,0.9690916563912865,719.54345703125,0.875,0.859375,0.9780360460281372,False,ok,0.4615769000083674
D1_154_building,disk-lightglue-r2048-k16384,disk,lightglue,2048,16384,1816,107_0005_0136.JPG,107_0005_0139.JPG,16384,16384,8678,8347,0.9618575708688638,509.46044921875,0.609375,0.859375,0.9784396886825562,False,ok,0.48534749998361804
D1_154_building,disk-lightglue-r2048-k16384,disk,lightglue,2048,16384,1817,107_0005_0136.JPG,107_0005_0140.JPG,16384,16384,5632,5217,0.9263139204545454,318.42041015625,0.484375,0.71875,0.9601247906684875,False,ok,0.48305749997962266
D1_154_building,disk-lightglue-r2048-k16384,disk,lightglue,2048,16384,1818,107_0005_0136.JPG,107_0005_0141.JPG,16384,16384,3103,2787,0.8981630679987109,170.10498046875,0.375,0.515625,0.9244009852409363,False,ok,0.4864772000000812
D1_154_building,disk-lightglue-r2048-k16384,disk,lightglue,2048,16384,1819,107_0005_0136.JPG,107_0005_0142.JPG,16384,16384,1784,1524,0.8542600896860987,93.017578125,0.25,0.4375,0.8913569450378418,False,ok,0.4623960999888368
D1_154_building,disk-lightglue-r2048-k16384,disk,lightglue,2048,16384,1820,107_0005_0136.JPG,107_0005_0143.JPG,16384,16384,344,295,0.8575581395348837,18.00537109375,0.140625,0.328125,0.4712993800640106,False,ok,0.4873432999884244
D1_154_building,disk-lightglue-r2048-k16384,disk,lightglue,2048,16384,1821,107_0005_0136.JPG,107_0005_0144.JPG,16384,16384,22,8,0.36363636363636365,0.48828125,0.109375,0.109375,0.1874290555715561,True,ok,0.4778339999902528
D1_154_building,disk-lightglue-r2048-k16384,disk,lightglue,2048,16384,1822,107_0005_0137.JPG,107_0005_0138.JPG,16384,16384,14526,14379,0.989880214787278,877.62451171875,0.9375,0.921875,0.981398344039917,False,ok,0.3229698999784887
D1_154_building,disk-lightglue-r2048-k16384,disk,lightglue,2048,16384,1823,107_0005_0137.JPG,107_0005_0139.JPG,16384,16384,9761,9319,0.95471775432845,568.78662109375,0.6875,0.875,0.9810502529144287,False,ok,0.4888640999852214
D1_154_building,disk-lightglue-r2048-k16384,disk,lightglue,2048,16384,1824,107_0005_0137.JPG,107_0005_0140.JPG,16384,16384,6110,5533,0.9055646481178397,337.70751953125,0.5625,0.75,0.9652135968208313,False,ok,0.47340419999090955
D1_154_building,disk-lightglue-r2048-k16384,disk,lightglue,2048,16384,1825,107_0005_0137.JPG,107_0005_0141.JPG,16384,16384,3265,2862,0.8765696784073507,174.6826171875,0.40625,0.5625,0.9266469478607178,False,ok,0.4977894999901764
D1_154_building,disk-lightglue-r2048-k16384,disk,lightglue,2048,16384,1826,107_0005_0137.JPG,107_0005_0142.JPG,16384,16384,1889,1577,0.8348332451032292,96.25244140625,0.25,0.453125,0.9198071360588074,False,ok,0.3481655999785289
D1_154_building,disk-lightglue-r2048-k16384,disk,lightglue,2048,16384,1827,107_0005_0137.JPG,107_0005_0143.JPG,16384,16384,1180,897,0.7601694915254237,54.74853515625,0.140625,0.328125,0.854863703250885,False,ok,0.45453320001251996
D1_154_building,disk-lightglue-r2048-k16384,disk,lightglue,2048,16384,1828,107_0005_0137.JPG,107_0005_0144.JPG,16384,16384,42,23,0.5476190476190477,1.40380859375,0.046875,0.09375,0.33191943168640137,False,ok,0.460068999993382
D1_154_building,disk-lightglue-r2048-k16384,disk,lightglue,2048,16384,1829,107_0005_0137.JPG,107_0005_0145.JPG,16384,16384,9,7,0.7777777777777778,0.42724609375,0.09375,0.109375,0.2577686905860901,True,ok,0.48750650000874884
D1_154_building,disk-lightglue-r2048-k16384,disk,lightglue,2048,16384,1830,107_0005_0137.JPG,107_0005_0153.JPG,16384,16384,4462,4039,0.9051994621246078,246.52099609375,0.421875,0.59375,0.9344019889831543,False,ok,0.4887518000032287
D1_154_building,disk-lightglue-r2048-k16384,disk,lightglue,2048,16384,1831,107_0005_0137.JPG,107_0005_0154.JPG,16384,16384,7417,6865,0.9255763785897263,419.00634765625,0.625,0.6875,0.9456866383552551,False,ok,0.4952298999996856
D1_154_building,disk-lightglue-r2048-k16384,disk,lightglue,2048,16384,1832,107_0005_0138.JPG,107_0005_0139.JPG,16384,16384,9850,9388,0.9530964467005076,572.998046875,0.6875,0.875,0.9814857840538025,False,ok,0.46032820001710206
D1_154_building,disk-lightglue-r2048-k16384,disk,lightglue,2048,16384,1833,107_0005_0138.JPG,107_0005_0140.JPG,16384,16384,6125,5583,0.9115102040816326,340.75927734375,0.5625,0.75,0.9653502702713013,False,ok,0.4963657000043895
D1_154_building,disk-lightglue-r2048-k16384,disk,lightglue,2048,16384,1834,107_0005_0138.JPG,107_0005_0141.JPG,16384,16384,3286,2886,0.8782714546561169,176.1474609375,0.40625,0.546875,0.9288122653961182,False,ok,0.4726146000029985
D1_154_building,disk-lightglue-r2048-k16384,disk,lightglue,2048,16384,1835,107_0005_0138.JPG,107_0005_0142.JPG,16384,16384,1957,1629,0.832396525293817,99.42626953125,0.265625,0.453125,0.9153801798820496,False,ok,0.34096500001032837
D1_154_building,disk-lightglue-r2048-k16384,disk,lightglue,2048,16384,1836,107_0005_0138.JPG,107_0005_0143.JPG,16384,16384,1209,939,0.7766749379652605,57.31201171875,0.140625,0.328125,0.8709703683853149,False,ok,0.46136690001003444
D1_154_building,disk-lightglue-r2048-k16384,disk,lightglue,2048,16384,1837,107_0005_0138.JPG,107_0005_0144.JPG,16384,16384,62,37,0.5967741935483871,2.25830078125,0.078125,0.140625,0.31749433279037476,False,ok,0.4585860000224784
D1_154_building,disk-lightglue-r2048-k16384,disk,lightglue,2048,16384,1838,107_0005_0138.JPG,107_0005_0145.JPG,16384,16384,19,8,0.42105263157894735,0.48828125,0.109375,0.109375,0.16710953414440155,True,ok,0.477791100012837
D1_154_building,disk-lightglue-r2048-k16384,disk,lightglue,2048,16384,1839,107_0005_0138.JPG,107_0005_0146.JPG,16384,16384,24,9,0.375,0.54931640625,0.125,0.109375,0.2012532502412796,True,ok,0.49331819999497384
D1_154_building,disk-lightglue-r2048-k16384,disk,lightglue,2048,16384,1840,107_0005_0138.JPG,107_0005_0153.JPG,16384,16384,4534,4138,0.9126599029554477,252.5634765625,0.421875,0.5625,0.938922107219696,False,ok,0.47328450001077726
D1_154_building,disk-lightglue-r2048-k16384,disk,lightglue,2048,16384,1841,107_0005_0138.JPG,107_0005_0154.JPG,16384,16384,7540,7026,0.9318302387267905,428.8330078125,0.640625,0.671875,0.9528210759162903,False,ok,0.49217959999805316
D1_154_building,disk-lightglue-r2048-k16384,disk,lightglue,2048,16384,1842,107_0005_0139.JPG,107_0005_0140.JPG,16384,16384,10013,9577,0.9564566064116649,584.53369140625,0.78125,0.875,0.9794895648956299,False,ok,0.47399090000544675
D1_154_building,disk-lightglue-r2048-k16384,disk,lightglue,2048,16384,1843,107_0005_0139.JPG,107_0005_0141.JPG,16384,16384,5900,5415,0.9177966101694915,330.50537109375,0.515625,0.6875,0.9613944292068481,False,ok,0.4819248999992851
D1_154_building,disk-lightglue-r2048-k16384,disk,lightglue,2048,16384,1844,107_0005_0139.JPG,107_0005_0142.JPG,16384,16384,3874,3414,0.8812596799173981,208.3740234375,0.375,0.578125,0.9304837584495544,False,ok,0.47248559998115525
D1_154_building,disk-lightglue-r2048-k16384,disk,lightglue,2048,16384,1845,107_0005_0139.JPG,107_0005_0143.JPG,16384,16384,2681,2258,0.8422230511003357,137.8173828125,0.25,0.484375,0.9142940044403076,False,ok,0.34697589999996126
D1_154_building,disk-lightglue-r2048-k16384,disk,lightglue,2048,16384,1846,107_0005_0139.JPG,107_0005_0144.JPG,16384,16384,1712,1290,0.7535046728971962,78.7353515625,0.140625,0.40625,0.8927627801895142,False,ok,0.4618431999988388
D1_154_building,disk-lightglue-r2048-k16384,disk,lightglue,2048,16384,1847,107_0005_0139.JPG,107_0005_0145.JPG,16384,16384,322,247,0.7670807453416149,15.07568359375,0.109375,0.28125,0.40510720014572144,False,ok,0.4799717999994755
D1_154_building,disk-lightglue-r2048-k16384,disk,lightglue,2048,16384,1848,107_0005_0139.JPG,107_0005_0146.JPG,16384,16384,303,239,0.7887788778877888,14.58740234375,0.078125,0.234375,0.4144933819770813,False,ok,0.4830245999910403
D1_154_building,disk-lightglue-r2048-k16384,disk,lightglue,2048,16384,1849,107_0005_0139.JPG,107_0005_0147.JPG,16384,16384,126,98,0.7777777777777778,5.9814453125,0.0625,0.171875,0.33995428681373596,False,ok,0.492782499990426
D1_154_building,disk-lightglue-r2048-k16384,disk,lightglue,2048,16384,1850,107_0005_0139.JPG,107_0005_0153.JPG,16384,16384,7191,6679,0.9287998887498262,407.65380859375,0.609375,0.671875,0.9502615928649902,False,ok,0.49665610000374727
D1_154_building,disk-lightglue-r2048-k16384,disk,lightglue,2048,16384,1851,107_0005_0139.JPG,107_0005_0154.JPG,16384,16384,9035,8334,0.9224128389596016,508.6669921875,0.71875,0.6875,0.9466367959976196,False,ok,0.46425819999421947
D1_154_building,disk-lightglue-r2048-k16384,disk,lightglue,2048,16384,1852,107_0005_0140.JPG,107_0005_0141.JPG,16384,16384,9639,9208,0.9552858180309161,562.01171875,0.8125,0.875,0.9756806492805481,False,ok,0.48584130001836456
D1_154_building,disk-lightglue-r2048-k16384,disk,lightglue,2048,16384,1853,107_0005_0140.JPG,107_0005_0142.JPG,16384,16384,6632,6093,0.9187273823884198,371.88720703125,0.546875,0.71875,0.9640743732452393,False,ok,0.45927119997213595
D1_154_building,disk-lightglue-r2048-k16384,disk,lightglue,2048,16384,1854,107_0005_0140.JPG,107_0005_0143.JPG,16384,16384,4793,4205,0.8773210932610056,256.65283203125,0.40625,0.640625,0.9306614398956299,False,ok,0.48668419997557066
D1_154_building,disk-lightglue-r2048-k16384,disk,lightglue,2048,16384,1855,107_0005_0140.JPG,107_0005_0144.JPG,16384,16384,3315,2718,0.8199095022624434,165.8935546875,0.265625,0.515625,0.9106323719024658,False,ok,0.3470514000218827
D1_154_building,disk-lightglue-r2048-k16384,disk,lightglue,2048,16384,1856,107_0005_0140.JPG,107_0005_0145.JPG,16384,16384,2362,1817,0.7692633361558001,110.90087890625,0.171875,0.53125,0.8297788500785828,False,ok,0.48753410001518205
D1_154_building,disk-lightglue-r2048-k16384,disk,lightglue,2048,16384,1857,107_0005_0140.JPG,107_0005_0146.JPG,16384,16384,2154,1710,0.7938718662952646,104.3701171875,0.171875,0.4375,0.901982307434082,False,ok,0.4233016000071075
D1_154_building,disk-lightglue-r2048-k16384,disk,lightglue,2048,16384,1858,107_0005_0140.JPG,107_0005_0147.JPG,16384,16384,1741,1353,0.7771395749569213,82.58056640625,0.15625,0.359375,0.8787013292312622,False,ok,0.4607374999905005
D1_154_building,disk-lightglue-r2048-k16384,disk,lightglue,2048,16384,1859,107_0005_0140.JPG,107_0005_0148.JPG,16384,16384,1691,1301,0.7693672383205205,79.40673828125,0.140625,0.328125,0.8707754015922546,False,ok,0.4706243999826256
D1_154_building,disk-lightglue-r2048-k16384,disk,lightglue,2048,16384,1860,107_0005_0140.JPG,107_0005_0153.JPG,16384,16384,8717,8006,0.9184352414821613,488.6474609375,0.75,0.6875,0.9413354396820068,False,ok,0.47980380000080913
D1_154_building,disk-lightglue-r2048-k16384,disk,lightglue,2048,16384,1861,107_0005_0140.JPG,107_0005_0154.JPG,16384,16384,6920,5983,0.8645953757225433,365.17333984375,0.765625,0.515625,0.9307418465614319,False,ok,0.46695159998489544
D1_154_building,disk-lightglue-r2048-k16384,disk,lightglue,2048,16384,1862,107_0005_0141.JPG,107_0005_0142.JPG,16384,16384,11144,10641,0.9548636037329504,649.47509765625,0.734375,0.859375,0.9716476202011108,False,ok,0.4655607000167947
D1_154_building,disk-lightglue-r2048-k16384,disk,lightglue,2048,16384,1863,107_0005_0141.JPG,107_0005_0143.JPG,16384,16384,8221,7552,0.9186230385597859,460.9375,0.484375,0.71875,0.9591588973999023,False,ok,0.4893512999988161
D1_154_building,disk-lightglue-r2048-k16384,disk,lightglue,2048,16384,1864,107_0005_0141.JPG,107_0005_0144.JPG,16384,16384,5858,5131,0.8758962103106862,313.17138671875,0.40625,0.703125,0.9341213703155518,False,ok,0.47444149997318164
D1_154_building,disk-lightglue-r2048-k16384,disk,lightglue,2048,16384,1865,107_0005_0141.JPG,107_0005_0145.JPG,16384,16384,4500,3779,0.8397777777777777,230.65185546875,0.28125,0.671875,0.9274606108665466,False,ok,0.35584549998748116
D1_154_building,disk-lightglue-r2048-k16384,disk,lightglue,2048,16384,1866,107_0005_0141.JPG,107_0005_0146.JPG,16384,16384,4014,3467,0.8637269556552067,211.60888671875,0.28125,0.59375,0.9217803478240967,False,ok,0.36499719999847
D1_154_building,disk-lightglue-r2048-k16384,disk,lightglue,2048,16384,1867,107_0005_0141.JPG,107_0005_0147.JPG,16384,16384,3486,2925,0.8390705679862306,178.52783203125,0.234375,0.46875,0.9300400614738464,False,ok,0.3897982000198681
D1_154_building,disk-lightglue-r2048-k16384,disk,lightglue,2048,16384,1868,107_0005_0141.JPG,107_0005_0148.JPG,16384,16384,3393,2835,0.8355437665782494,173.03466796875,0.234375,0.453125,0.9268569946289062,False,ok,0.399063799995929
D1_154_building,disk-lightglue-r2048-k16384,disk,lightglue,2048,16384,1869,107_0005_0141.JPG,107_0005_0149.JPG,16384,16384,4416,3926,0.8890398550724637,239.6240234375,0.328125,0.546875,0.9350336194038391,False,ok,0.3535725999972783
D1_154_building,disk-lightglue-r2048-k16384,disk,lightglue,2048,16384,1870,107_0005_0142.JPG,107_0005_0143.JPG,16384,16384,11652,11096,0.9522828698935805,677.24609375,0.6875,0.859375,0.9701147675514221,False,ok,0.456951999978628
D1_154_building,disk-lightglue-r2048-k16384,disk,lightglue,2048,16384,1871,107_0005_0142.JPG,107_0005_0144.JPG,16384,16384,8603,7897,0.9179356038591189,481.99462890625,0.53125,0.8125,0.9601552486419678,False,ok,0.4754689000255894
D1_154_building,disk-lightglue-r2048-k16384,disk,lightglue,2048,16384,1872,107_0005_0142.JPG,107_0005_0145.JPG,16384,16384,6736,6005,0.891478622327791,366.51611328125,0.40625,0.765625,0.9462133646011353,False,ok,0.45079590001842007
D1_154_building,disk-lightglue-r2048-k16384,disk,lightglue,2048,16384,1873,107_0005_0142.JPG,107_0005_0146.JPG,16384,16384,6013,5460,0.9080325960419092,333.251953125,0.359375,0.671875,0.9320090413093567,False,ok,0.4971302000049036
D1_154_building,disk-lightglue-r2048-k16384,disk,lightglue,2048,16384,1874,107_0005_0142.JPG,107_0005_0147.JPG,16384,16384,5212,4663,0.8946661550268611,284.60693359375,0.3125,0.546875,0.9348649382591248,False,ok,0.3566802999994252
D1_154_building,disk-lightglue-r2048-k16384,disk,lightglue,2048,16384,1875,107_0005_0142.JPG,107_0005_0148.JPG,16384,16384,5083,4516,0.8884517017509345,275.634765625,0.3125,0.5,0.9309989213943481,False,ok,0.37892360001569614
D1_154_building,disk-lightglue-r2048-k16384,disk,lightglue,2048,16384,1876,107_0005_0142.JPG,107_0005_0149.JPG,16384,16384,6437,5920,0.9196830821811403,361.328125,0.453125,0.5625,0.9346188306808472,False,ok,0.4755330999905709
D1_154_building,disk-lightglue-r2048-k16384,disk,lightglue,2048,16384,1877,107_0005_0142.JPG,107_0005_0150.JPG,16384,16384,7617,7089,0.9306813706183537,432.67822265625,0.5625,0.625,0.9466395974159241,False,ok,0.48827209998853505
D1_154_building,disk-lightglue-r2048-k16384,disk,lightglue,2048,16384,1878,107_0005_0143.JPG,107_0005_0144.JPG,16384,16384,11657,11184,0.9594235223470876,682.6171875,0.78125,0.9375,0.972413957118988,False,ok,0.4631789999839384
D1_154_building,disk-lightglue-r2048-k16384,disk,lightglue,2048,16384,1879,107_0005_0143.JPG,107_0005_0145.JPG,16384,16384,9389,8785,0.9356694003621259,536.19384765625,0.59375,0.78125,0.9659433364868164,False,ok,0.47596000001067296
D1_154_building,disk-lightglue-r2048-k16384,disk,lightglue,2048,16384,1880,107_0005_0143.JPG,107_0005_0146.JPG,16384,16384,8348,7917,0.9483708672735984,483.21533203125,0.546875,0.703125,0.9578161835670471,False,ok,0.4979353000235278
D1_154_building,disk-lightglue-r2048-k16384,disk,lightglue,2048,16384,1881,107_0005_0143.JPG,107_0005_0147.JPG,16384,16384,7125,6560,0.9207017543859649,400.390625,0.46875,0.609375,0.9355658292770386,False,ok,0.47043770001619123
D1_154_building,disk-lightglue-r2048-k16384,disk,lightglue,2048,16384,1882,107_0005_0143.JPG,107_0005_0148.JPG,16384,16384,6937,6402,0.9228773244918552,390.7470703125,0.4375,0.5625,0.9358858466148376,False,ok,0.49838599999202415
D1_154_building,disk-lightglue-r2048-k16384,disk,lightglue,2048,16384,1883,107_0005_0143.JPG,107_0005_0149.JPG,16384,16384,8438,7908,0.9371889073240104,482.666015625,0.609375,0.625,0.9489802122116089,False,ok,0.48889919999055564
D1_154_building,disk-lightglue-r2048-k16384,disk,lightglue,2048,16384,1884,107_0005_0143.JPG,107_0005_0150.JPG,16384,16384,8999,8343,0.9271030114457162,509.21630859375,0.6875,0.59375,0.9447277784347534,False,ok,0.4795866000058595
D1_154_building,disk-lightglue-r2048-k16384,disk,lightglue,2048,16384,1885,107_0005_0143.JPG,107_0005_0151.JPG,16384,16384,7689,6878,0.8945246455976069,419.7998046875,0.640625,0.4375,0.9382510185241699,False,ok,0.48260939997271635
D1_154_building,disk-lightglue-r2048-k16384,disk,lightglue,2048,16384,1886,107_0005_0144.JPG,107_0005_0145.JPG,16384,16384,12602,12244,0.9715918108236787,747.314453125,0.796875,0.9375,0.9748862385749817,False,ok,0.4629772999905981
D1_154_building,disk-lightglue-r2048-k16384,disk,lightglue,2048,16384,1887,107_0005_0144.JPG,107_0005_0146.JPG,16384,16384,10973,10633,0.9690148546432151,648.98681640625,0.71875,0.8125,0.9661569595336914,False,ok,0.4969414999941364
D1_154_building,disk-lightglue-r2048-k16384,disk,lightglue,2048,16384,1888,107_0005_0144.JPG,107_0005_0147.JPG,16384,16384,9107,8564,0.9403755353025145,522.705078125,0.65625,0.671875,0.948830783367157,False,ok,0.47316580000915565
D1_154_building,disk-lightglue-r2048-k16384,disk,lightglue,2048,16384,1889,107_0005_0144.JPG,107_0005_0148.JPG,16384,16384,8889,8309,0.9347508156148048,507.14111328125,0.640625,0.65625,0.9441233277320862,False,ok,0.4917100000020582
D1_154_building,disk-lightglue-r2048-k16384,disk,lightglue,2048,16384,1890,107_0005_0144.JPG,107_0005_0149.JPG,16384,16384,9632,8958,0.9300249169435216,546.7529296875,0.6875,0.578125,0.940770149230957,False,ok,0.4752920000173617
D1_154_building,disk-lightglue-r2048-k16384,disk,lightglue,2048,16384,1891,107_0005_0144.JPG,107_0005_0150.JPG,16384,16384,8407,7475,0.88914000237897,456.23779296875,0.734375,0.46875,0.9304417967796326,False,ok,0.4865937999857124
D1_154_building,disk-lightglue-r2048-k16384,disk,lightglue,2048,16384,1892,107_0005_0144.JPG,107_0005_0151.JPG,16384,16384,6763,5571,0.8237468579032974,340.02685546875,0.65625,0.359375,0.9361022114753723,False,ok,0.4044475999835413
D1_154_building,disk-lightglue-r2048-k16384,disk,lightglue,2048,16384,1893,107_0005_0144.JPG,107_0005_0152.JPG,16384,16384,4861,3741,0.7695947335939107,228.33251953125,0.546875,0.28125,0.911994993686676,False,ok,0.37807839998276904
D1_154_building,disk-lightglue-r2048-k16384,disk,lightglue,2048,16384,1894,107_0005_0145.JPG,107_0005_0146.JPG,16384,16384,12627,12268,0.971568860378554,748.779296875,0.875,0.84375,0.9662744998931885,False,ok,0.46793719998095185
D1_154_building,disk-lightglue-r2048-k16384,disk,lightglue,2048,16384,1895,107_0005_0145.JPG,107_0005_0147.JPG,16384,16384,10339,9720,0.9401296063449076,593.26171875,0.75,0.671875,0.9508673548698425,False,ok,0.489330099982908
D1_154_building,disk-lightglue-r2048-k16384,disk,lightglue,2048,16384,1896,107_0005_0145.JPG,107_0005_0148.JPG,16384,16384,10096,9409,0.9319532488114105,574.27978515625,0.734375,0.640625,0.9446738958358765,False,ok,0.47241469999426045
D1_154_building,disk-lightglue-r2048-k16384,disk,lightglue,2048,16384,1897,107_0005_0145.JPG,107_0005_0149.JPG,16384,16384,8888,8059,0.9067281728172817,491.88232421875,0.75,0.515625,0.9419575929641724,False,ok,0.49414100000285544
D1_154_building,disk-lightglue-r2048-k16384,disk,lightglue,2048,16384,1898,107_0005_0145.JPG,107_0005_0150.JPG,16384,16384,7371,6143,0.8334011667345,374.93896484375,0.671875,0.390625,0.9472338557243347,False,ok,0.4062922000011895
D1_154_building,disk-lightglue-r2048-k16384,disk,lightglue,2048,16384,1899,107_0005_0145.JPG,107_0005_0151.JPG,16384,16384,5571,4296,0.7711362412493269,262.20703125,0.5625,0.3125,0.9164324998855591,False,ok,0.4029613000166137
D1_154_building,disk-lightglue-r2048-k16384,disk,lightglue,2048,16384,1900,107_0005_0145.JPG,107_0005_0152.JPG,16384,16384,3995,2881,0.721151439299124,175.84228515625,0.515625,0.234375,0.9269194602966309,False,ok,0.4323457000136841
D1_154_building,disk-lightglue-r2048-k16384,disk,lightglue,2048,16384,1901,107_0005_0145.JPG,107_0005_0153.JPG,16384,16384,2191,1505,0.6869009584664537,91.85791015625,0.453125,0.15625,0.8746255040168762,False,ok,0.458708000020124
D1_154_building,disk-lightglue-r2048-k16384,disk,lightglue,2048,16384,1902,107_0005_0146.JPG,107_0005_0147.JPG,16384,16384,12644,12292,0.9721607086365074,750.244140625,0.828125,0.75,0.9607053399085999,False,ok,0.49212129999068566
D1_154_building,disk-lightglue-r2048-k16384,disk,lightglue,2048,16384,1903,107_0005_0146.JPG,107_0005_0148.JPG,16384,16384,12305,11863,0.9640796424217798,724.06005859375,0.8125,0.734375,0.9584478735923767,False,ok,0.47749789999215864
D1_154_building,disk-lightglue-r2048-k16384,disk,lightglue,2048,16384,1904,107_0005_0146.JPG,107_0005_0149.JPG,16384,16384,10343,9349,0.9038963550227207,570.61767578125,0.78125,0.515625,0.9598600268363953,False,ok,0.47873420000541955
D1_154_building,disk-lightglue-r2048-k16384,disk,lightglue,2048,16384,1905,107_0005_0146.JPG,107_0005_0150.JPG,16384,16384,8297,6995,0.8430758105339279,426.94091796875,0.71875,0.40625,0.9427839517593384,False,ok,0.4838134000019636
D1_154_building,disk-lightglue-r2048-k16384,disk,lightglue,2048,16384,1906,107_0005_0146.JPG,107_0005_0151.JPG,16384,16384,6295,5113,0.8122319301032566,312.07275390625,0.578125,0.3125,0.9342911243438721,False,ok,0.38936590001685545
D1_154_building,disk-lightglue-r2048-k16384,disk,lightglue,2048,16384,1907,107_0005_0146.JPG,107_0005_0152.JPG,16384,16384,4230,3260,0.7706855791962175,198.974609375,0.484375,0.234375,0.9327605962753296,False,ok,0.4013608999957796
D1_154_building,disk-lightglue-r2048-k16384,disk,lightglue,2048,16384,1908,107_0005_0146.JPG,107_0005_0153.JPG,16384,16384,2119,1560,0.7361963190184049,95.21484375,0.390625,0.15625,0.8877449631690979,False,ok,0.42444459997932427
D1_154_building,disk-lightglue-r2048-k16384,disk,lightglue,2048,16384,1909,107_0005_0146.JPG,107_0005_0154.JPG,16384,16384,149,105,0.7046979865771812,6.40869140625,0.1875,0.0625,0.3837341070175171,False,ok,0.4836174000229221
D1_154_building,disk-lightglue-r2048-k16384,disk,lightglue,2048,16384,1910,107_0005_0147.JPG,107_0005_0148.JPG,16384,16384,14704,14436,0.9817736670293797,881.103515625,0.734375,0.6875,0.9582944512367249,False,ok,0.4925332000129856
D1_154_building,disk-lightglue-r2048-k16384,disk,lightglue,2048,16384,1911,107_0005_0147.JPG,107_0005_0149.JPG,16384,16384,11222,10558,0.9408305114952772,644.4091796875,0.71875,0.484375,0.9637593030929565,False,ok,0.4793941999960225
D1_154_building,disk-lightglue-r2048-k16384,disk,lightglue,2048,16384,1912,107_0005_0147.JPG,107_0005_0150.JPG,16384,16384,8251,7441,0.9018300812022785,454.16259765625,0.625,0.421875,0.9501241445541382,False,ok,0.5000360999838449
D1_154_building,disk-lightglue-r2048-k16384,disk,lightglue,2048,16384,1913,107_0005_0147.JPG,107_0005_0151.JPG,16384,16384,5823,4985,0.8560879271852997,304.26025390625,0.515625,0.3125,0.9370930790901184,False,ok,0.35632859999896027
D1_154_building,disk-lightglue-r2048-k16384,disk,lightglue,2048,16384,1914,107_0005_0147.JPG,107_0005_0152.JPG,16384,16384,3704,2988,0.806695464362851,182.373046875,0.421875,0.234375,0.9287843108177185,False,ok,0.40651299999444745
D1_154_building,disk-lightglue-r2048-k16384,disk,lightglue,2048,16384,1915,107_0005_0147.JPG,107_0005_0153.JPG,16384,16384,1733,1305,0.7530294287362954,79.65087890625,0.34375,0.125,0.8809319138526917,False,ok,0.4158121999935247
D1_154_building,disk-lightglue-r2048-k16384,disk,lightglue,2048,16384,1916,107_0005_0147.JPG,107_0005_0154.JPG,16384,16384,125,92,0.736,5.615234375,0.171875,0.046875,0.3901960551738739,False,ok,0.464996800001245
D1_154_building,disk-lightglue-r2048-k16384,disk,lightglue,2048,16384,1917,107_0005_0148.JPG,107_0005_0149.JPG,16384,16384,11100,10548,0.9502702702702702,643.798828125,0.71875,0.515625,0.9643401503562927,False,ok,0.5140872999909334
D1_154_building,disk-lightglue-r2048-k16384,disk,lightglue,2048,16384,1918,107_0005_0148.JPG,107_0005_0150.JPG,16384,16384,8169,7415,0.9076998408617946,452.57568359375,0.59375,0.421875,0.9481880068778992,False,ok,0.464677899988601
D1_154_building,disk-lightglue-r2048-k16384,disk,lightglue,2048,16384,1919,107_0005_0148.JPG,107_0005_0151.JPG,16384,16384,5740,4915,0.8562717770034843,299.98779296875,0.484375,0.328125,0.9391768574714661,False,ok,0.3895574000198394
D1_154_building,disk-lightglue-r2048-k16384,disk,lightglue,2048,16384,1920,107_0005_0148.JPG,107_0005_0152.JPG,16384,16384,3639,2957,0.8125858752404507,180.48095703125,0.390625,0.21875,0.9269630908966064,False,ok,0.3747416000114754
D1_154_building,disk-lightglue-r2048-k16384,disk,lightglue,2048,16384,1921,107_0005_0148.JPG,107_0005_0153.JPG,16384,16384,1685,1280,0.7596439169139466,78.125,0.3125,0.125,0.8784633278846741,False,ok,0.43154829999548383
D1_154_building,disk-lightglue-r2048-k16384,disk,lightglue,2048,16384,1922,107_0005_0148.JPG,107_0005_0154.JPG,16384,16384,108,72,0.6666666666666666,4.39453125,0.171875,0.046875,0.33899417519569397,False,ok,0.4566624000144657
D1_154_building,disk-lightglue-r2048-k16384,disk,lightglue,2048,16384,1923,107_0005_0149.JPG,107_0005_0150.JPG,16384,16384,11147,10634,0.9539786489638468,649.0478515625,0.828125,0.734375,0.9597377181053162,False,ok,0.48201049998169765
D1_154_building,disk-lightglue-r2048-k16384,disk,lightglue,2048,16384,1924,107_0005_0149.JPG,107_0005_0151.JPG,16384,16384,7926,7261,0.9160989149634116,443.17626953125,0.75,0.546875,0.9492084383964539,False,ok,0.4797092000080738
D1_154_building,disk-lightglue-r2048-k16384,disk,lightglue,2048,16384,1925,107_0005_0149.JPG,107_0005_0152.JPG,16384,16384,4967,4336,0.8729615462049527,264.6484375,0.59375,0.40625,0.9294940233230591,False,ok,0.48559369999566115
D1_154_building,disk-lightglue-r2048-k16384,disk,lightglue,2048,16384,1926,107_0005_0149.JPG,107_0005_0153.JPG,16384,16384,2590,2144,0.8277992277992278,130.859375,0.421875,0.234375,0.8995285034179688,False,ok,0.33593570001539774
D1_154_building,disk-lightglue-r2048-k16384,disk,lightglue,2048,16384,1927,107_0005_0149.JPG,107_0005_0154.JPG,16384,16384,1023,780,0.7624633431085044,47.607421875,0.25,0.109375,0.8329525589942932,False,ok,0.42270650001592003
D1_154_building,disk-lightglue-r2048-k16384,disk,lightglue,2048,16384,1928,107_0005_0150.JPG,107_0005_0151.JPG,16384,16384,10493,9954,0.9486324216144096,607.5439453125,0.875,0.71875,0.9500424265861511,False,ok,0.47200539999175817
D1_154_building,disk-lightglue-r2048-k16384,disk,lightglue,2048,16384,1929,107_0005_0150.JPG,107_0005_0152.JPG,16384,16384,6652,6132,0.9218280216476248,374.267578125,0.734375,0.578125,0.947081983089447,False,ok,0.48228920000838116
D1_154_building,disk-lightglue-r2048-k16384,disk,lightglue,2048,16384,1930,107_0005_0150.JPG,107_0005_0153.JPG,16384,16384,3524,3110,0.8825198637911464,189.8193359375,0.546875,0.375,0.9211536645889282,False,ok,0.46729910001158714
D1_154_building,disk-lightglue-r2048-k16384,disk,lightglue,2048,16384,1931,107_0005_0150.JPG,107_0005_0154.JPG,16384,16384,1587,1283,0.8084436042848141,78.30810546875,0.40625,0.203125,0.8836302757263184,False,ok,0.3173700000043027
D1_154_building,disk-lightglue-r2048-k16384,disk,lightglue,2048,16384,1932,107_0005_0151.JPG,107_0005_0152.JPG,16384,16384,9362,8886,0.9491561632129887,542.3583984375,0.875,0.734375,0.9560760855674744,False,ok,0.49548610000056215
D1_154_building,disk-lightglue-r2048-k16384,disk,lightglue,2048,16384,1933,107_0005_0151.JPG,107_0005_0153.JPG,16384,16384,5019,4648,0.9260808926080892,283.69140625,0.671875,0.546875,0.946403443813324,False,ok,0.4619851000024937
D1_154_building,disk-lightglue-r2048-k16384,disk,lightglue,2048,16384,1934,107_0005_0151.JPG,107_0005_0154.JPG,16384,16384,2329,2095,0.8995276942893946,127.86865234375,0.53125,0.375,0.9205767512321472,False,ok,0.4887462999904528
D1_154_building,disk-lightglue-r2048-k16384,disk,lightglue,2048,16384,1935,107_0005_0152.JPG,107_0005_0153.JPG,16384,16384,9039,8538,0.9445735147693329,521.1181640625,0.921875,0.796875,0.9660064578056335,False,ok,0.4704791000112891
D1_154_building,disk-lightglue-r2048-k16384,disk,lightglue,2048,16384,1936,107_0005_0152.JPG,107_0005_0154.JPG,16384,16384,5031,4550,0.9043927648578811,277.7099609375,0.71875,0.515625,0.955542266368866,False,ok,0.4717393000028096
D1_154_building,disk-lightglue-r2048-k16384,disk,lightglue,2048,16384,1937,107_0005_0153.JPG,107_0005_0154.JPG,16384,16384,9560,9128,0.9548117154811715,557.12890625,0.859375,0.75,0.9748907089233398,False,ok,0.48159579999628477
