dataset,config,front_end,matcher,working_resolution,keypoint_budget,pair_index,image1,image2,keypoints_image1,keypoints_image2,raw_matches,verified_inliers,inlier_ratio,inliers_per_1000_keypoints,coverage_image1,coverage_image2,mean_match_score,failed_pair,verification_status,seconds
D1_154_building,disk-lightglue-r3200-k8192,disk,lightglue,3200,8192,1,107_0005_0001.JPG,107_0005_0002.JPG,8192,8192,5695,5675,0.9964881474978051,692.7490234375,0.71875,0.703125,0.9828237891197205,False,ok,0.29511490000004414
D1_154_building,disk-lightglue-r3200-k8192,disk,lightglue,3200,8192,2,107_0005_0001.JPG,107_0005_0003.JPG,8192,8192,4109,4054,0.9866147481138964,494.873046875,0.59375,0.609375,0.9816194176673889,False,ok,0.11295209999661893
D1_154_building,disk-lightglue-r3200-k8192,disk,lightglue,3200,8192,3,107_0005_0001.JPG,107_0005_0004.JPG,8192,8192,2928,2828,0.9658469945355191,345.21484375,0.390625,0.390625,0.9693719148635864,False,ok,0.1281262999982573
D1_154_building,disk-lightglue-r3200-k8192,disk,lightglue,3200,8192,4,107_0005_0001.JPG,107_0005_0005.JPG,8192,8192,1915,1843,0.9624020887728459,224.9755859375,0.3125,0.25,0.9569423794746399,False,ok,0.12736659999063704
D1_154_building,disk-lightglue-r3200-k8192,disk,lightglue,3200,8192,5,107_0005_0001.JPG,107_0005_0006.JPG,8192,8192,978,802,0.820040899795501,97.900390625,0.15625,0.15625,0.8655090928077698,False,ok,0.11448000000382308
D1_154_building,disk-lightglue-r3200-k8192,disk,lightglue,3200,8192,6,107_0005_0001.JPG,107_0005_0007.JPG,8192,8192,25,9,0.36,1.0986328125,0.140625,0.125,0.17725352942943573,True,ok,0.13211239999509417
D1_154_building,disk-lightglue-r3200-k8192,disk,lightglue,3200,8192,7,107_0005_0001.JPG,107_0005_0008.JPG,8192,8192,25,9,0.36,1.0986328125,0.125,0.125,0.17533531785011292,True,ok,0.10163809999357909
D1_154_building,disk-lightglue-r3200-k8192,disk,lightglue,3200,8192,8,107_0005_0001.JPG,107_0005_0009.JPG,8192,8192,27,9,0.3333333333333333,1.0986328125,0.09375,0.125,0.18102292716503143,True,ok,0.12643770000431687
D1_154_building,disk-lightglue-r3200-k8192,disk,lightglue,3200,8192,9,107_0005_0001.JPG,107_0005_0053.JPG,8192,8192,15,8,0.5333333333333333,0.9765625,0.09375,0.125,0.20993678271770477,True,ok,0.13116819999413565
D1_154_building,disk-lightglue-r3200-k8192,disk,lightglue,3200,8192,10,107_0005_0001.JPG,107_0005_0054.JPG,8192,8192,19,8,0.42105263157894735,0.9765625,0.09375,0.125,0.1578047126531601,True,ok,0.16029960000014398
D1_154_building,disk-lightglue-r3200-k8192,disk,lightglue,3200,8192,11,107_0005_0001.JPG,107_0005_0055.JPG,8192,8192,14,8,0.5714285714285714,0.9765625,0.109375,0.109375,0.20371873676776886,True,ok,0.15293260000180453
D1_154_building,disk-lightglue-r3200-k8192,disk,lightglue,3200,8192,12,107_0005_0001.JPG,107_0005_0056.JPG,8192,8192,15,8,0.5333333333333333,0.9765625,0.125,0.109375,0.1701999306678772,True,ok,0.14458670000021812
D1_154_building,disk-lightglue-r3200-k8192,disk,lightglue,3200,8192,13,107_0005_0001.JPG,107_0005_0066.JPG,8192,8192,203,135,0.6650246305418719,16.4794921875,0.0625,0.078125,0.7638343572616577,False,ok,0.18177580001065508
D1_154_building,disk-lightglue-r3200-k8192,disk,lightglue,3200,8192,14,107_0005_0001.JPG,107_0005_0067.JPG,8192,8192,1420,1380,0.971830985915493,168.45703125,0.203125,0.265625,0.9644639492034912,False,ok,0.12847579999652226
D1_154_building,disk-lightglue-r3200-k8192,disk,lightglue,3200,8192,15,107_0005_0001.JPG,107_0005_0068.JPG,8192,8192,2334,2237,0.9584404455869752,273.0712890625,0.328125,0.359375,0.9770668745040894,False,ok,0.12689970000064932
D1_154_building,disk-lightglue-r3200-k8192,disk,lightglue,3200,8192,16,107_0005_0001.JPG,107_0005_0069.JPG,8192,8192,2813,2687,0.9552079630287948,328.0029296875,0.5,0.46875,0.9545559883117676,False,ok,0.1183381000009831
D1_154_building,disk-lightglue-r3200-k8192,disk,lightglue,3200,8192,17,107_0005_0001.JPG,107_0005_0070.JPG,8192,8192,2883,2694,0.9344432882414152,328.857421875,0.59375,0.546875,0.9522135853767395,False,ok,0.15381170000182465
D1_154_building,disk-lightglue-r3200-k8192,disk,lightglue,3200,8192,18,107_0005_0001.JPG,107_0005_0071.JPG,8192,8192,2749,2509,0.9126955256456893,306.2744140625,0.640625,0.609375,0.938545286655426,False,ok,0.17443009999988135
D1_154_building,disk-lightglue-r3200-k8192,disk,lightglue,3200,8192,19,107_0005_0002.JPG,107_0005_0003.JPG,8192,8192,4326,4279,0.9891354600092465,522.3388671875,0.609375,0.59375,0.9845666289329529,False,ok,0.12665199999173637
D1_154_building,disk-lightglue-r3200-k8192,disk,lightglue,3200,8192,20,107_0005_0002.JPG,107_0005_0004.JPG,8192,8192,3010,2928,0.9727574750830564,357.421875,0.40625,0.390625,0.9737805724143982,False,ok,0.15326429999549873
D1_154_building,disk-lightglue-r3200-k8192,disk,lightglue,3200,8192,21,107_0005_0002.JPG,107_0005_0005.JPG,8192,8192,1951,1881,0.9641209636084059,229.6142578125,0.3125,0.265625,0.9612243175506592,False,ok,0.13361589999112766
D1_154_building,disk-lightglue-r3200-k8192,disk,lightglue,3200,8192,22,107_0005_0002.JPG,107_0005_0006.JPG,8192,8192,940,856,0.9106382978723404,104.4921875,0.15625,0.15625,0.8984903693199158,False,ok,0.13371460000053048
D1_154_building,disk-lightglue-r3200-k8192,disk,lightglue,3200,8192,23,107_0005_0002.JPG,107_0005_0007.JPG,8192,8192,22,9,0.4090909090909091,1.0986328125,0.140625,0.140625,0.2060534507036209,True,ok,0.13643139999476261
D1_154_building,disk-lightglue-r3200-k8192,disk,lightglue,3200,8192,24,107_0005_0002.JPG,107_0005_0008.JPG,8192,8192,37,10,0.2702702702702703,1.220703125,0.125,0.140625,0.19153283536434174,True,ok,0.13548690000607166
D1_154_building,disk-lightglue-r3200-k8192,disk,lightglue,3200,8192,25,107_0005_0002.JPG,107_0005_0009.JPG,8192,8192,24,9,0.375,1.0986328125,0.125,0.109375,0.19499921798706055,True,ok,0.1138619999983348
D1_154_building,disk-lightglue-r3200-k8192,disk,lightglue,3200,8192,26,107_0005_0002.JPG,107_0005_0010.JPG,8192,8192,24,8,0.3333333333333333,0.9765625,0.125,0.125,0.20626358687877655,True,ok,0.11772639999981038
D1_154_building,disk-lightglue-r3200-k8192,disk,lightglue,3200,8192,27,107_0005_0002.JPG,107_0005_0019.JPG,8192,8192,3306,3261,0.9863883847549909,398.0712890625,0.625,0.703125,0.9717704653739929,False,ok,0.13551449999795295
D1_154_building,disk-lightglue-r3200-k8192,disk,lightglue,3200,8192,28,107_0005_0002.JPG,107_0005_0053.JPG,8192,8192,24,9,0.375,1.0986328125,0.125,0.125,0.21370045840740204,True,ok,0.14970760000869632
D1_154_building,disk-lightglue-r3200-k8192,disk,lightglue,3200,8192,29,107_0005_0002.JPG,107_0005_0054.JPG,8192,8192,11,7,0.6363636363636364,0.8544921875,0.109375,0.109375,0.22835183143615723,True,ok,0.10729369999899063
D1_154_building,disk-lightglue-r3200-k8192,disk,lightglue,3200,8192,30,107_0005_0002.JPG,107_0005_0055.JPG,8192,8192,21,9,0.42857142857142855,1.0986328125,0.140625,0.125,0.17832650244235992,True,ok,0.14595360000384971
D1_154_building,disk-lightglue-r3200-k8192,disk,lightglue,3200,8192,31,107_0005_0002.JPG,107_0005_0056.JPG,8192,8192,9,7,0.7777777777777778,0.8544921875,0.09375,0.109375,0.19972044229507446,True,ok,0.13681060000089929
D1_154_building,disk-lightglue-r3200-k8192,disk,lightglue,3200,8192,32,107_0005_0002.JPG,107_0005_0066.JPG,8192,8192,169,150,0.8875739644970414,18.310546875,0.0625,0.078125,0.894333004951477,False,ok,0.15426330000627786
D1_154_building,disk-lightglue-r3200-k8192,disk,lightglue,3200,8192,33,107_0005_0002.JPG,107_0005_0067.JPG,8192,8192,1493,1450,0.971198928332217,177.001953125,0.21875,0.28125,0.9795306324958801,False,ok,0.13763740001013502
D1_154_building,disk-lightglue-r3200-k8192,disk,lightglue,3200,8192,34,107_0005_0002.JPG,107_0005_0068.JPG,8192,8192,2470,2405,0.9736842105263158,293.5791015625,0.3125,0.34375,0.9852844476699829,False,ok,0.13891600001079496
D1_154_building,disk-lightglue-r3200-k8192,disk,lightglue,3200,8192,35,107_0005_0002.JPG,107_0005_0069.JPG,8192,8192,2945,2874,0.9758913412563667,350.830078125,0.46875,0.4375,0.9728373885154724,False,ok,0.13603819999843836
D1_154_building,disk-lightglue-r3200-k8192,disk,lightglue,3200,8192,36,107_0005_0002.JPG,107_0005_0070.JPG,8192,8192,2990,2865,0.9581939799331104,349.7314453125,0.546875,0.53125,0.9463826417922974,False,ok,0.14519139999174513
D1_154_building,disk-lightglue-r3200-k8192,disk,lightglue,3200,8192,37,107_0005_0002.JPG,107_0005_0071.JPG,8192,8192,2851,2685,0.9417748158540863,327.7587890625,0.625,0.609375,0.9452352523803711,False,ok,0.14279410000017378
D1_154_building,disk-lightglue-r3200-k8192,disk,lightglue,3200,8192,38,107_0005_0003.JPG,107_0005_0004.JPG,8192,8192,4500,4444,0.9875555555555555,542.48046875,0.640625,0.625,0.9788972735404968,False,ok,0.12741499999538064
D1_154_building,disk-lightglue-r3200-k8192,disk,lightglue,3200,8192,39,107_0005_0003.JPG,107_0005_0005.JPG,8192,8192,3080,3011,0.9775974025974026,367.5537109375,0.46875,0.484375,0.9751566052436829,False,ok,0.12541930000588764
D1_154_building,disk-lightglue-r3200-k8192,disk,lightglue,3200,8192,40,107_0005_0003.JPG,107_0005_0006.JPG,8192,8192,1787,1671,0.9350867375489648,203.9794921875,0.375,0.375,0.9370071887969971,False,ok,0.14672499999869615
D1_154_building,disk-lightglue-r3200-k8192,disk,lightglue,3200,8192,41,107_0005_0003.JPG,107_0005_0007.JPG,8192,8192,498,484,0.9718875502008032,59.08203125,0.171875,0.1875,0.9079830646514893,False,ok,0.13008660000923555
D1_154_building,disk-lightglue-r3200-k8192,disk,lightglue,3200,8192,42,107_0005_0003.JPG,107_0005_0008.JPG,8192,8192,21,8,0.38095238095238093,0.9765625,0.109375,0.125,0.1967543661594391,True,ok,0.14384950000385288
D1_154_building,disk-lightglue-r3200-k8192,disk,lightglue,3200,8192,43,107_0005_0003.JPG,107_0005_0009.JPG,8192,8192,24,9,0.375,1.0986328125,0.125,0.125,0.2019544392824173,True,ok,0.12706389999948442
D1_154_building,disk-lightglue-r3200-k8192,disk,lightglue,3200,8192,44,107_0005_0003.JPG,107_0005_0010.JPG,8192,8192,14,8,0.5714285714285714,0.9765625,0.125,0.125,0.1939062923192978,True,ok,0.14466099999845028
D1_154_building,disk-lightglue-r3200-k8192,disk,lightglue,3200,8192,45,107_0005_0003.JPG,107_0005_0011.JPG,8192,8192,12,8,0.6666666666666666,0.9765625,0.09375,0.109375,0.2164473682641983,True,ok,0.147036800000933
D1_154_building,disk-lightglue-r3200-k8192,disk,lightglue,3200,8192,46,107_0005_0003.JPG,107_0005_0053.JPG,8192,8192,8,7,0.875,0.8544921875,0.09375,0.109375,0.17294856905937195,True,ok,0.14116359999752603
D1_154_building,disk-lightglue-r3200-k8192,disk,lightglue,3200,8192,47,107_0005_0003.JPG,107_0005_0054.JPG,8192,8192,15,9,0.6,1.0986328125,0.140625,0.125,0.17973801493644714,True,ok,0.13715540000703186
D1_154_building,disk-lightglue-r3200-k8192,disk,lightglue,3200,8192,48,107_0005_0003.JPG,107_0005_0055.JPG,8192,8192,13,7,0.5384615384615384,0.8544921875,0.09375,0.109375,0.2185336947441101,True,ok,0.14017169999715406
D1_154_building,disk-lightglue-r3200-k8192,disk,lightglue,3200,8192,49,107_0005_0003.JPG,107_0005_0056.JPG,8192,8192,8,7,0.875,0.8544921875,0.09375,0.09375,0.18194183707237244,True,ok,0.14285869999730494
D1_154_building,disk-lightglue-r3200-k8192,disk,lightglue,3200,8192,50,107_0005_0003.JPG,107_0005_0057.JPG,8192,8192,7,0,0.0,0.0,0.0,0.0,0.1475912183523178,True,too_few_matches,0.1376172000018414
D1_154_building,disk-lightglue-r3200-k8192,disk,lightglue,3200,8192,51,107_0005_0003.JPG,107_0005_0065.JPG,8192,8192,90,88,0.9777777777777777,10.7421875,0.0625,0.109375,0.9162617921829224,False,ok,0.13562300000921823
D1_154_building,disk-lightglue-r3200-k8192,disk,lightglue,3200,8192,52,107_0005_0003.JPG,107_0005_0066.JPG,8192,8192,1029,948,0.9212827988338192,115.72265625,0.265625,0.328125,0.9604432582855225,False,ok,0.14398110000183806
D1_154_building,disk-lightglue-r3200-k8192,disk,lightglue,3200,8192,53,107_0005_0003.JPG,107_0005_0067.JPG,8192,8192,2452,2355,0.9604404567699837,287.4755859375,0.34375,0.390625,0.9718044400215149,False,ok,0.12793679999595042
D1_154_building,disk-lightglue-r3200-k8192,disk,lightglue,3200,8192,54,107_0005_0003.JPG,107_0005_0068.JPG,8192,8192,2907,2815,0.9683522531819746,343.6279296875,0.484375,0.46875,0.9665004014968872,False,ok,0.1298053000064101
D1_154_building,disk-lightglue-r3200-k8192,disk,lightglue,3200,8192,55,107_0005_0003.JPG,107_0005_0069.JPG,8192,8192,3163,3005,0.9500474233322794,366.8212890625,0.609375,0.515625,0.9402683973312378,False,ok,0.1370526999962749
D1_154_building,disk-lightglue-r3200-k8192,disk,lightglue,3200,8192,56,107_0005_0003.JPG,107_0005_0147.JPG,8192,8192,19,8,0.42105263157894735,0.9765625,0.09375,0.125,0.2241264134645462,True,ok,0.14708750000863802
D1_154_building,disk-lightglue-r3200-k8192,disk,lightglue,3200,8192,57,107_0005_0004.JPG,107_0005_0005.JPG,8192,8192,4263,4218,0.9894440534834623,514.892578125,0.6875,0.6875,0.9732030630111694,False,ok,0.12459850001323503
D1_154_building,disk-lightglue-r3200-k8192,disk,lightglue,3200,8192,58,107_0005_0004.JPG,107_0005_0006.JPG,8192,8192,2720,2617,0.9621323529411765,319.4580078125,0.53125,0.515625,0.9570552110671997,False,ok,0.12888210000528488
D1_154_building,disk-lightglue-r3200-k8192,disk,lightglue,3200,8192,59,107_0005_0004.JPG,107_0005_0007.JPG,8192,8192,1168,1104,0.9452054794520548,134.765625,0.40625,0.40625,0.9349793791770935,False,ok,0.13520170000265352
D1_154_building,disk-lightglue-r3200-k8192,disk,lightglue,3200,8192,60,107_0005_0004.JPG,107_0005_0008.JPG,8192,8192,319,315,0.987460815047022,38.4521484375,0.15625,0.15625,0.923640251159668,False,ok,0.14528490000520833
D1_154_building,disk-lightglue-r3200-k8192,disk,lightglue,3200,8192,61,107_0005_0004.JPG,107_0005_0009.JPG,8192,8192,41,16,0.3902439024390244,1.953125,0.078125,0.09375,0.4191197156906128,False,ok,0.1360936999990372
D1_154_building,disk-lightglue-r3200-k8192,disk,lightglue,3200,8192,62,107_0005_0004.JPG,107_0005_0010.JPG,8192,8192,13,7,0.5384615384615384,0.8544921875,0.109375,0.09375,0.2360205352306366,True,ok,0.12601189999259077
D1_154_building,disk-lightglue-r3200-k8192,disk,lightglue,3200,8192,63,107_0005_0004.JPG,107_0005_0011.JPG,8192,8192,20,9,0.45,1.0986328125,0.109375,0.109375,0.2053106129169464,True,ok,0.14472930000920314
D1_154_building,disk-lightglue-r3200-k8192,disk,lightglue,3200,8192,64,107_0005_0004.JPG,107_0005_0012.JPG,8192,8192,17,8,0.47058823529411764,0.9765625,0.109375,0.109375,0.18521898984909058,True,ok,0.14003180000872817
D1_154_building,disk-lightglue-r3200-k8192,disk,lightglue,3200,8192,65,107_0005_0004.JPG,107_0005_0045.JPG,8192,8192,16,8,0.5,0.9765625,0.109375,0.09375,0.16818752884864807,True,ok,0.12929060000169557
D1_154_building,disk-lightglue-r3200-k8192,disk,lightglue,3200,8192,66,107_0005_0004.JPG,107_0005_0046.JPG,8192,8192,19,8,0.42105263157894735,0.9765625,0.125,0.125,0.2086777687072754,True,ok,0.12970340000174474
D1_154_building,disk-lightglue-r3200-k8192,disk,lightglue,3200,8192,67,107_0005_0004.JPG,107_0005_0054.JPG,8192,8192,10,7,0.7,0.8544921875,0.109375,0.109375,0.17601433396339417,True,ok,0.1298566000041319
D1_154_building,disk-lightglue-r3200-k8192,disk,lightglue,3200,8192,68,107_0005_0004.JPG,107_0005_0055.JPG,8192,8192,15,8,0.5333333333333333,0.9765625,0.09375,0.078125,0.1828635185956955,True,ok,0.13581530000374187
D1_154_building,disk-lightglue-r3200-k8192,disk,lightglue,3200,8192,69,107_0005_0004.JPG,107_0005_0056.JPG,8192,8192,13,7,0.5384615384615384,0.8544921875,0.09375,0.109375,0.19591164588928223,True,ok,0.1356623000028776
D1_154_building,disk-lightglue-r3200-k8192,disk,lightglue,3200,8192,70,107_0005_0004.JPG,107_0005_0061.JPG,8192,8192,23,9,0.391304347826087,1.0986328125,0.125,0.125,0.187678724527359,True,ok,0.13597909999953117
D1_154_building,disk-lightglue-r3200-k8192,disk,lightglue,3200,8192,71,107_0005_0004.JPG,107_0005_0062.JPG,8192,8192,49,10,0.20408163265306123,1.220703125,0.109375,0.125,0.1958911269903183,True,ok,0.1398415000003297
D1_154_building,disk-lightglue-r3200-k8192,disk,lightglue,3200,8192,72,107_0005_0004.JPG,107_0005_0063.JPG,8192,8192,50,26,0.52,3.173828125,0.078125,0.0625,0.2132524996995926,False,ok,0.10202610000851564
D1_154_building,disk-lightglue-r3200-k8192,disk,lightglue,3200,8192,73,107_0005_0004.JPG,107_0005_0065.JPG,8192,8192,684,654,0.956140350877193,79.833984375,0.296875,0.328125,0.9320278763771057,False,ok,0.14009990000340622
D1_154_building,disk-lightglue-r3200-k8192,disk,lightglue,3200,8192,74,107_0005_0004.JPG,107_0005_0066.JPG,8192,8192,1736,1652,0.9516129032258065,201.66015625,0.40625,0.4375,0.958785355091095,False,ok,0.15185660000133794
D1_154_building,disk-lightglue-r3200-k8192,disk,lightglue,3200,8192,75,107_0005_0004.JPG,107_0005_0067.JPG,8192,8192,2560,2455,0.958984375,299.6826171875,0.578125,0.515625,0.9593147039413452,False,ok,0.1547121000039624
D1_154_building,disk-lightglue-r3200-k8192,disk,lightglue,3200,8192,76,107_0005_0004.JPG,107_0005_0146.JPG,8192,8192,15,8,0.5333333333333333,0.9765625,0.109375,0.125,0.17627455294132233,True,ok,0.13527339999563992
D1_154_building,disk-lightglue-r3200-k8192,disk,lightglue,3200,8192,77,107_0005_0004.JPG,107_0005_0147.JPG,8192,8192,16,8,0.5,0.9765625,0.109375,0.09375,0.26369553804397583,True,ok,0.14581400000315625
D1_154_building,disk-lightglue-r3200-k8192,disk,lightglue,3200,8192,78,107_0005_0004.JPG,107_0005_0148.JPG,8192,8192,18,8,0.4444444444444444,0.9765625,0.09375,0.125,0.2152695655822754,True,ok,0.1358299999992596
D1_154_building,disk-lightglue-r3200-k8192,disk,lightglue,3200,8192,79,107_0005_0005.JPG,107_0005_0006.JPG,8192,8192,3884,3811,0.9812049433573635,465.2099609375,0.765625,0.78125,0.9661425948143005,False,ok,0.1433542999875499
D1_154_building,disk-lightglue-r3200-k8192,disk,lightglue,3200,8192,80,107_0005_0005.JPG,107_0005_0007.JPG,8192,8192,1919,1865,0.9718603439291298,227.6611328125,0.546875,0.5625,0.9604716300964355,False,ok,0.1202043999946909
D1_154_building,disk-lightglue-r3200-k8192,disk,lightglue,3200,8192,81,107_0005_0005.JPG,107_0005_0008.JPG,8192,8192,783,774,0.9885057471264368,94.482421875,0.328125,0.328125,0.9714804291725159,False,ok,0.12785510001413058
D1_154_building,disk-lightglue-r3200-k8192,disk,lightglue,3200,8192,82,107_0005_0005.JPG,107_0005_0009.JPG,8192,8192,292,284,0.9726027397260274,34.66796875,0.140625,0.15625,0.9199872016906738,False,ok,0.13258910000149626
D1_154_building,disk-lightglue-r3200-k8192,disk,lightglue,3200,8192,83,107_0005_0005.JPG,107_0005_0010.JPG,8192,8192,221,213,0.9638009049773756,26.0009765625,0.15625,0.15625,0.898352861404419,False,ok,0.1350209999945946
D1_154_building,disk-lightglue-r3200-k8192,disk,lightglue,3200,8192,84,107_0005_0005.JPG,107_0005_0011.JPG,8192,8192,186,176,0.946236559139785,21.484375,0.15625,0.15625,0.8585987687110901,False,ok,0.13996310000948142
D1_154_building,disk-lightglue-r3200-k8192,disk,lightglue,3200,8192,85,107_0005_0005.JPG,107_0005_0012.JPG,8192,8192,173,166,0.9595375722543352,20.263671875,0.125,0.125,0.8707960844039917,False,ok,0.14701799998874776
D1_154_building,disk-lightglue-r3200-k8192,disk,lightglue,3200,8192,86,107_0005_0005.JPG,107_0005_0013.JPG,8192,8192,705,677,0.9602836879432625,82.6416015625,0.3125,0.265625,0.9411101937294006,False,ok,0.15282730000035372
D1_154_building,disk-lightglue-r3200-k8192,disk,lightglue,3200,8192,87,107_0005_0005.JPG,107_0005_0044.JPG,8192,8192,15,8,0.5333333333333333,0.9765625,0.109375,0.09375,0.16384945809841156,True,ok,0.13870730000780895
D1_154_building,disk-lightglue-r3200-k8192,disk,lightglue,3200,8192,88,107_0005_0005.JPG,107_0005_0045.JPG,8192,8192,10,7,0.7,0.8544921875,0.09375,0.09375,0.28120046854019165,True,ok,0.13683529999980237
D1_154_building,disk-lightglue-r3200-k8192,disk,lightglue,3200,8192,89,107_0005_0005.JPG,107_0005_0046.JPG,8192,8192,12,8,0.6666666666666666,0.9765625,0.125,0.09375,0.2101355642080307,True,ok,0.13672920000681188
D1_154_building,disk-lightglue-r3200-k8192,disk,lightglue,3200,8192,90,107_0005_0005.JPG,107_0005_0062.JPG,8192,8192,43,9,0.20930232558139536,1.0986328125,0.109375,0.125,0.22528661787509918,True,ok,0.1436805999983335
D1_154_building,disk-lightglue-r3200-k8192,disk,lightglue,3200,8192,91,107_0005_0005.JPG,107_0005_0063.JPG,8192,8192,640,507,0.7921875,61.8896484375,0.296875,0.25,0.8915441632270813,False,ok,0.14057230000616983
D1_154_building,disk-lightglue-r3200-k8192,disk,lightglue,3200,8192,92,107_0005_0005.JPG,107_0005_0064.JPG,8192,8192,421,402,0.9548693586698337,49.072265625,0.203125,0.234375,0.952613353729248,False,ok,0.12695340000209399
D1_154_building,disk-lightglue-r3200-k8192,disk,lightglue,3200,8192,93,107_0005_0005.JPG,107_0005_0065.JPG,8192,8192,1221,1153,0.9443079443079443,140.7470703125,0.453125,0.4375,0.9622978568077087,False,ok,0.12957419999293052
D1_154_building,disk-lightglue-r3200-k8192,disk,lightglue,3200,8192,94,107_0005_0005.JPG,107_0005_0066.JPG,8192,8192,1838,1720,0.9357997823721437,209.9609375,0.59375,0.515625,0.9471944570541382,False,ok,0.148690500005614
D1_154_building,disk-lightglue-r3200-k8192,disk,lightglue,3200,8192,95,107_0005_0005.JPG,107_0005_0146.JPG,8192,8192,20,8,0.4,0.9765625,0.125,0.109375,0.22681871056556702,True,ok,0.13121089999913238
D1_154_building,disk-lightglue-r3200-k8192,disk,lightglue,3200,8192,96,107_0005_0005.JPG,107_0005_0147.JPG,8192,8192,17,8,0.47058823529411764,0.9765625,0.109375,0.09375,0.2712618112564087,True,ok,0.12621680001029745
D1_154_building,disk-lightglue-r3200-k8192,disk,lightglue,3200,8192,97,107_0005_0005.JPG,107_0005_0148.JPG,8192,8192,30,8,0.26666666666666666,0.9765625,0.125,0.125,0.20894670486450195,True,ok,0.13133420000667684
D1_154_building,disk-lightglue-r3200-k8192,disk,lightglue,3200,8192,98,107_0005_0005.JPG,107_0005_0149.JPG,8192,8192,48,10,0.20833333333333334,1.220703125,0.109375,0.09375,0.23100651800632477,True,ok,0.12975430001097266
D1_154_building,disk-lightglue-r3200-k8192,disk,lightglue,3200,8192,99,107_0005_0006.JPG,107_0005_0007.JPG,8192,8192,3382,3340,0.9875813128326434,407.71484375,0.796875,0.828125,0.9725790023803711,False,ok,0.12045019998913631
D1_154_building,disk-lightglue-r3200-k8192,disk,lightglue,3200,8192,100,107_0005_0006.JPG,107_0005_0008.JPG,8192,8192,1703,1656,0.9724016441573693,202.1484375,0.515625,0.5,0.9710181355476379,False,ok,0.14219140000932384
D1_154_building,disk-lightglue-r3200-k8192,disk,lightglue,3200,8192,101,107_0005_0006.JPG,107_0005_0009.JPG,8192,8192,886,860,0.9706546275395034,104.98046875,0.328125,0.34375,0.9562518000602722,False,ok,0.13977019999583717
D1_154_building,disk-lightglue-r3200-k8192,disk,lightglue,3200,8192,102,107_0005_0006.JPG,107_0005_0010.JPG,8192,8192,693,672,0.9696969696969697,82.03125,0.3125,0.359375,0.9456412196159363,False,ok,0.14421450000372715
D1_154_building,disk-lightglue-r3200-k8192,disk,lightglue,3200,8192,103,107_0005_0006.JPG,107_0005_0011.JPG,8192,8192,590,565,0.9576271186440678,68.9697265625,0.265625,0.296875,0.9360657930374146,False,ok,0.1455087999929674
D1_154_building,disk-lightglue-r3200-k8192,disk,lightglue,3200,8192,104,107_0005_0006.JPG,107_0005_0012.JPG,8192,8192,563,526,0.9342806394316163,64.208984375,0.265625,0.296875,0.9237188696861267,False,ok,0.13574489999155048
D1_154_building,disk-lightglue-r3200-k8192,disk,lightglue,3200,8192,105,107_0005_0006.JPG,107_0005_0013.JPG,8192,8192,1246,1211,0.9719101123595506,147.8271484375,0.4375,0.4375,0.9615890979766846,False,ok,0.13852100000076462
D1_154_building,disk-lightglue-r3200-k8192,disk,lightglue,3200,8192,106,107_0005_0006.JPG,107_0005_0014.JPG,8192,8192,2117,2069,0.9773264052905054,252.5634765625,0.578125,0.5625,0.9631572365760803,False,ok,0.1374497000069823
D1_154_building,disk-lightglue-r3200-k8192,disk,lightglue,3200,8192,107,107_0005_0006.JPG,107_0005_0034.JPG,8192,8192,18,8,0.4444444444444444,0.9765625,0.078125,0.125,0.267319917678833,True,ok,0.14093739999225363
D1_154_building,disk-lightglue-r3200-k8192,disk,lightglue,3200,8192,108,107_0005_0006.JPG,107_0005_0035.JPG,8192,8192,26,9,0.34615384615384615,1.0986328125,0.09375,0.125,0.2714911103248596,True,ok,0.1347991000075126
D1_154_building,disk-lightglue-r3200-k8192,disk,lightglue,3200,8192,109,107_0005_0006.JPG,107_0005_0044.JPG,8192,8192,12,7,0.5833333333333334,0.8544921875,0.109375,0.09375,0.1925622969865799,True,ok,0.11705589998746291
D1_154_building,disk-lightglue-r3200-k8192,disk,lightglue,3200,8192,110,107_0005_0006.JPG,107_0005_0045.JPG,8192,8192,11,8,0.7272727272727273,0.9765625,0.125,0.109375,0.16752669215202332,True,ok,0.14074060000712052
D1_154_building,disk-lightglue-r3200-k8192,disk,lightglue,3200,8192,111,107_0005_0006.JPG,107_0005_0046.JPG,8192,8192,19,8,0.42105263157894735,0.9765625,0.109375,0.09375,0.17479033768177032,True,ok,0.13699670000642072
D1_154_building,disk-lightglue-r3200-k8192,disk,lightglue,3200,8192,112,107_0005_0006.JPG,107_0005_0047.JPG,8192,8192,13,7,0.5384615384615384,0.8544921875,0.109375,0.09375,0.18473736941814423,True,ok,0.13659609999740496
D1_154_building,disk-lightglue-r3200-k8192,disk,lightglue,3200,8192,113,107_0005_0006.JPG,107_0005_0062.JPG,8192,8192,42,9,0.21428571428571427,1.0986328125,0.140625,0.09375,0.17776383459568024,True,ok,0.13607719998981338
D1_154_building,disk-lightglue-r3200-k8192,disk,lightglue,3200,8192,114,107_0005_0006.JPG,107_0005_0063.JPG,8192,8192,1115,912,0.8179372197309417,111.328125,0.46875,0.484375,0.8661509156227112,False,ok,0.1892904999986058
D1_154_building,disk-lightglue-r3200-k8192,disk,lightglue,3200,8192,115,107_0005_0006.JPG,107_0005_0064.JPG,8192,8192,1085,956,0.8811059907834101,116.69921875,0.375,0.390625,0.9744757413864136,False,ok,0.13348220000625588
D1_154_building,disk-lightglue-r3200-k8192,disk,lightglue,3200,8192,116,107_0005_0006.JPG,107_0005_0065.JPG,8192,8192,1655,1567,0.9468277945619336,191.2841796875,0.609375,0.484375,0.9565410017967224,False,ok,0.13551209999423008
D1_154_building,disk-lightglue-r3200-k8192,disk,lightglue,3200,8192,117,107_0005_0006.JPG,107_0005_0147.JPG,8192,8192,20,8,0.4,0.9765625,0.125,0.125,0.19344139099121094,True,ok,0.12998099999094848
D1_154_building,disk-lightglue-r3200-k8192,disk,lightglue,3200,8192,118,107_0005_0006.JPG,107_0005_0148.JPG,8192,8192,15,8,0.5333333333333333,0.9765625,0.09375,0.125,0.18101753294467926,True,ok,0.12824389999150299
D1_154_building,disk-lightglue-r3200-k8192,disk,lightglue,3200,8192,119,107_0005_0006.JPG,107_0005_0149.JPG,8192,8192,12,8,0.6666666666666666,0.9765625,0.0625,0.046875,0.23513813316822052,True,ok,0.19315910000295844
D1_154_building,disk-lightglue-r3200-k8192,disk,lightglue,3200,8192,120,107_0005_0006.JPG,107_0005_0150.JPG,8192,8192,10,9,0.9,1.0986328125,0.0625,0.03125,0.17457987368106842,True,ok,0.1905135999986669
D1_154_building,disk-lightglue-r3200-k8192,disk,lightglue,3200,8192,121,107_0005_0007.JPG,107_0005_0008.JPG,8192,8192,3646,3621,0.9931431705979156,442.0166015625,0.75,0.75,0.987033486366272,False,ok,0.148380200000247
D1_154_building,disk-lightglue-r3200-k8192,disk,lightglue,3200,8192,122,107_0005_0007.JPG,107_0005_0009.JPG,8192,8192,2330,2270,0.9742489270386266,277.099609375,0.5,0.53125,0.9753515124320984,False,ok,0.11776510000345297
D1_154_building,disk-lightglue-r3200-k8192,disk,lightglue,3200,8192,123,107_0005_0007.JPG,107_0005_0010.JPG,8192,8192,1862,1824,0.9795918367346939,222.65625,0.4375,0.515625,0.9669410586357117,False,ok,0.14236080000409856
D1_154_building,disk-lightglue-r3200-k8192,disk,lightglue,3200,8192,124,107_0005_0007.JPG,107_0005_0011.JPG,8192,8192,1553,1497,0.9639407598197038,182.7392578125,0.4375,0.4375,0.940388560295105,False,ok,0.13480759999947622
D1_154_building,disk-lightglue-r3200-k8192,disk,lightglue,3200,8192,125,107_0005_0007.JPG,107_0005_0012.JPG,8192,8192,1474,1415,0.9599728629579376,172.7294921875,0.40625,0.390625,0.9332285523414612,False,ok,0.1545124999975087
D1_154_building,disk-lightglue-r3200-k8192,disk,lightglue,3200,8192,126,107_0005_0007.JPG,107_0005_0013.JPG,8192,8192,2311,2263,0.9792297706620511,276.2451171875,0.578125,0.546875,0.9612358212471008,False,ok,0.13022669999918435
D1_154_building,disk-lightglue-r3200-k8192,disk,lightglue,3200,8192,127,107_0005_0007.JPG,107_0005_0014.JPG,8192,8192,2565,2515,0.9805068226120858,307.0068359375,0.671875,0.59375,0.9651197791099548,False,ok,0.13299079998978414
D1_154_building,disk-lightglue-r3200-k8192,disk,lightglue,3200,8192,128,107_0005_0007.JPG,107_0005_0015.JPG,8192,8192,1515,1480,0.976897689768977,180.6640625,0.4375,0.421875,0.9679896831512451,False,ok,0.13599499998963438
D1_154_building,disk-lightglue-r3200-k8192,disk,lightglue,3200,8192,129,107_0005_0007.JPG,107_0005_0033.JPG,8192,8192,10,7,0.7,0.8544921875,0.09375,0.078125,0.179432675242424,True,ok,0.14416529999289196
D1_154_building,disk-lightglue-r3200-k8192,disk,lightglue,3200,8192,130,107_0005_0007.JPG,107_0005_0034.JPG,8192,8192,17,9,0.5294117647058824,1.0986328125,0.109375,0.125,0.1666460931301117,True,ok,0.13651680000475608
D1_154_building,disk-lightglue-r3200-k8192,disk,lightglue,3200,8192,131,107_0005_0007.JPG,107_0005_0035.JPG,8192,8192,14,7,0.5,0.8544921875,0.109375,0.09375,0.2103823572397232,True,ok,0.1333885000058217
D1_154_building,disk-lightglue-r3200-k8192,disk,lightglue,3200,8192,132,107_0005_0007.JPG,107_0005_0036.JPG,8192,8192,15,8,0.5333333333333333,0.9765625,0.125,0.109375,0.20927657186985016,True,ok,0.1343882999935886
D1_154_building,disk-lightglue-r3200-k8192,disk,lightglue,3200,8192,133,107_0005_0007.JPG,107_0005_0045.JPG,8192,8192,15,8,0.5333333333333333,0.9765625,0.109375,0.109375,0.18470075726509094,True,ok,0.14181429999007378
D1_154_building,disk-lightglue-r3200-k8192,disk,lightglue,3200,8192,134,107_0005_0007.JPG,107_0005_0046.JPG,8192,8192,10,7,0.7,0.8544921875,0.109375,0.109375,0.23200181126594543,True,ok,0.1368666999915149
D1_154_building,disk-lightglue-r3200-k8192,disk,lightglue,3200,8192,135,107_0005_0007.JPG,107_0005_0063.JPG,8192,8192,1815,1384,0.7625344352617079,168.9453125,0.53125,0.5,0.8933832049369812,False,ok,0.21883519999391865
D1_154_building,disk-lightglue-r3200-k8192,disk,lightglue,3200,8192,136,107_0005_0007.JPG,107_0005_0064.JPG,8192,8192,1910,1843,0.9649214659685864,224.9755859375,0.5625,0.515625,0.9695208072662354,False,ok,0.12069960001099389
D1_154_building,disk-lightglue-r3200-k8192,disk,lightglue,3200,8192,137,107_0005_0007.JPG,107_0005_0149.JPG,8192,8192,7,0,0.0,0.0,0.0,0.0,0.1444142609834671,True,too_few_matches,0.18165480000607204
D1_154_building,disk-lightglue-r3200-k8192,disk,lightglue,3200,8192,138,107_0005_0007.JPG,107_0005_0150.JPG,8192,8192,5,0,0.0,0.0,0.0,0.0,0.2449875771999359,True,too_few_matches,0.18440289999125525
D1_154_building,disk-lightglue-r3200-k8192,disk,lightglue,3200,8192,139,107_0005_0007.JPG,107_0005_0151.JPG,8192,8192,21,8,0.38095238095238093,0.9765625,0.125,0.09375,0.21153052151203156,True,ok,0.1512157999968622
D1_154_building,disk-lightglue-r3200-k8192,disk,lightglue,3200,8192,140,107_0005_0007.JPG,107_0005_0152.JPG,8192,8192,26,9,0.34615384615384615,1.0986328125,0.109375,0.109375,0.18878188729286194,True,ok,0.14248899999074638
D1_154_building,disk-lightglue-r3200-k8192,disk,lightglue,3200,8192,141,107_0005_0008.JPG,107_0005_0009.JPG,8192,8192,4391,4373,0.9959007059895241,533.8134765625,0.703125,0.71875,0.9914713501930237,False,ok,0.11240339999494608
D1_154_building,disk-lightglue-r3200-k8192,disk,lightglue,3200,8192,142,107_0005_0008.JPG,107_0005_0010.JPG,8192,8192,3514,3497,0.9951622083096187,426.8798828125,0.625,0.6875,0.985831081867218,False,ok,0.1270829999994021
D1_154_building,disk-lightglue-r3200-k8192,disk,lightglue,3200,8192,143,107_0005_0008.JPG,107_0005_0011.JPG,8192,8192,2741,2705,0.986866107260124,330.2001953125,0.5625,0.578125,0.974337637424469,False,ok,0.1490380000032019
D1_154_building,disk-lightglue-r3200-k8192,disk,lightglue,3200,8192,144,107_0005_0008.JPG,107_0005_0012.JPG,8192,8192,2582,2540,0.983733539891557,310.05859375,0.546875,0.578125,0.9708311557769775,False,ok,0.14012009999714792
D1_154_building,disk-lightglue-r3200-k8192,disk,lightglue,3200,8192,145,107_0005_0008.JPG,107_0005_0013.JPG,8192,8192,2787,2745,0.984930032292788,335.0830078125,0.65625,0.609375,0.9732490181922913,False,ok,0.13856789999408647
D1_154_building,disk-lightglue-r3200-k8192,disk,lightglue,3200,8192,146,107_0005_0008.JPG,107_0005_0014.JPG,8192,8192,1762,1713,0.9721906923950057,209.1064453125,0.453125,0.40625,0.9648913741111755,False,ok,0.13882539999030996
D1_154_building,disk-lightglue-r3200-k8192,disk,lightglue,3200,8192,147,107_0005_0008.JPG,107_0005_0015.JPG,8192,8192,782,759,0.9705882352941176,92.6513671875,0.3125,0.3125,0.9733902812004089,False,ok,0.1444231000059517
D1_154_building,disk-lightglue-r3200-k8192,disk,lightglue,3200,8192,148,107_0005_0008.JPG,107_0005_0016.JPG,8192,8192,433,419,0.9676674364896074,51.1474609375,0.1875,0.15625,0.9526450634002686,False,ok,0.14197599999897648
D1_154_building,disk-lightglue-r3200-k8192,disk,lightglue,3200,8192,149,107_0005_0008.JPG,107_0005_0033.JPG,8192,8192,9,7,0.7777777777777778,0.8544921875,0.109375,0.109375,0.19597379863262177,True,ok,0.13519729999825358
D1_154_building,disk-lightglue-r3200-k8192,disk,lightglue,3200,8192,150,107_0005_0008.JPG,107_0005_0034.JPG,8192,8192,21,8,0.38095238095238093,0.9765625,0.125,0.125,0.18773818016052246,True,ok,0.1352608000015607
D1_154_building,disk-lightglue-r3200-k8192,disk,lightglue,3200,8192,151,107_0005_0008.JPG,107_0005_0035.JPG,8192,8192,14,8,0.5714285714285714,0.9765625,0.109375,0.125,0.258220911026001,True,ok,0.13280389999272302
D1_154_building,disk-lightglue-r3200-k8192,disk,lightglue,3200,8192,152,107_0005_0008.JPG,107_0005_0036.JPG,8192,8192,17,8,0.47058823529411764,0.9765625,0.125,0.109375,0.22906732559204102,True,ok,0.10607900000468362
D1_154_building,disk-lightglue-r3200-k8192,disk,lightglue,3200,8192,153,107_0005_0008.JPG,107_0005_0037.JPG,8192,8192,28,9,0.32142857142857145,1.0986328125,0.09375,0.140625,0.18618927896022797,True,ok,0.14215929999772925
D1_154_building,disk-lightglue-r3200-k8192,disk,lightglue,3200,8192,154,107_0005_0008.JPG,107_0005_0038.JPG,8192,8192,24,9,0.375,1.0986328125,0.125,0.125,0.2094874233007431,True,ok,0.12659040000289679
D1_154_building,disk-lightglue-r3200-k8192,disk,lightglue,3200,8192,155,107_0005_0008.JPG,107_0005_0039.JPG,8192,8192,24,9,0.375,1.0986328125,0.109375,0.140625,0.19011180102825165,True,ok,0.12517219998699147
D1_154_building,disk-lightglue-r3200-k8192,disk,lightglue,3200,8192,156,107_0005_0008.JPG,107_0005_0149.JPG,8192,8192,27,9,0.3333333333333333,1.0986328125,0.125,0.125,0.2134251892566681,True,ok,0.1496499000058975
D1_154_building,disk-lightglue-r3200-k8192,disk,lightglue,3200,8192,157,107_0005_0008.JPG,107_0005_0150.JPG,8192,8192,35,9,0.2571428571428571,1.0986328125,0.109375,0.09375,0.22652344405651093,True,ok,0.13035469999886118
D1_154_building,disk-lightglue-r3200-k8192,disk,lightglue,3200,8192,158,107_0005_0008.JPG,107_0005_0151.JPG,8192,8192,32,9,0.28125,1.0986328125,0.125,0.140625,0.2052568644285202,True,ok,0.10928599999169819
D1_154_building,disk-lightglue-r3200-k8192,disk,lightglue,3200,8192,159,107_0005_0008.JPG,107_0005_0152.JPG,8192,8192,35,9,0.2571428571428571,1.0986328125,0.140625,0.109375,0.18399463593959808,True,ok,0.11603889999969397
D1_154_building,disk-lightglue-r3200-k8192,disk,lightglue,3200,8192,160,107_0005_0008.JPG,107_0005_0153.JPG,8192,8192,34,9,0.2647058823529412,1.0986328125,0.078125,0.109375,0.17237329483032227,True,ok,0.12293769999814685
D1_154_building,disk-lightglue-r3200-k8192,disk,lightglue,3200,8192,161,107_0005_0008.JPG,107_0005_0154.JPG,8192,8192,50,9,0.18,1.0986328125,0.109375,0.09375,0.18465466797351837,True,ok,0.14378779999969993
D1_154_building,disk-lightglue-r3200-k8192,disk,lightglue,3200,8192,162,107_0005_0009.JPG,107_0005_0010.JPG,8192,8192,4391,4364,0.993851058984286,532.71484375,0.765625,0.78125,0.9878844022750854,False,ok,0.1231905999884475
D1_154_building,disk-lightglue-r3200-k8192,disk,lightglue,3200,8192,163,107_0005_0009.JPG,107_0005_0011.JPG,8192,8192,3298,3272,0.992116434202547,399.4140625,0.640625,0.625,0.9805512428283691,False,ok,0.13540119999379385
D1_154_building,disk-lightglue-r3200-k8192,disk,lightglue,3200,8192,164,107_0005_0009.JPG,107_0005_0012.JPG,8192,8192,3168,3132,0.9886363636363636,382.32421875,0.640625,0.65625,0.9766542315483093,False,ok,0.1387581000017235
D1_154_building,disk-lightglue-r3200-k8192,disk,lightglue,3200,8192,165,107_0005_0009.JPG,107_0005_0013.JPG,8192,8192,2181,2120,0.9720311783585511,258.7890625,0.546875,0.5,0.9643429517745972,False,ok,0.1436390000017127
D1_154_building,disk-lightglue-r3200-k8192,disk,lightglue,3200,8192,166,107_0005_0009.JPG,107_0005_0014.JPG,8192,8192,1155,1105,0.9567099567099567,134.8876953125,0.375,0.359375,0.9516229629516602,False,ok,0.1443575999874156
D1_154_building,disk-lightglue-r3200-k8192,disk,lightglue,3200,8192,167,107_0005_0009.JPG,107_0005_0015.JPG,8192,8192,341,325,0.9530791788856305,39.6728515625,0.171875,0.1875,0.9416379332542419,False,ok,0.13594839999859687
D1_154_building,disk-lightglue-r3200-k8192,disk,lightglue,3200,8192,168,107_0005_0009.JPG,107_0005_0016.JPG,8192,8192,134,120,0.8955223880597015,14.6484375,0.09375,0.078125,0.8656371235847473,False,ok,0.1395251000067219
D1_154_building,disk-lightglue-r3200-k8192,disk,lightglue,3200,8192,169,107_0005_0009.JPG,107_0005_0017.JPG,8192,8192,33,10,0.30303030303030304,1.220703125,0.109375,0.15625,0.18041397631168365,True,ok,0.13758480000251438
D1_154_building,disk-lightglue-r3200-k8192,disk,lightglue,3200,8192,170,107_0005_0009.JPG,107_0005_0033.JPG,8192,8192,19,8,0.42105263157894735,0.9765625,0.125,0.125,0.21815842390060425,True,ok,0.13306120000197552
D1_154_building,disk-lightglue-r3200-k8192,disk,lightglue,3200,8192,171,107_0005_0009.JPG,107_0005_0034.JPG,8192,8192,20,9,0.45,1.0986328125,0.140625,0.125,0.2841048836708069,True,ok,0.13500520000525285
D1_154_building,disk-lightglue-r3200-k8192,disk,lightglue,3200,8192,172,107_0005_0009.JPG,107_0005_0035.JPG,8192,8192,18,8,0.4444444444444444,0.9765625,0.078125,0.125,0.1931449919939041,True,ok,0.130216699995799
D1_154_building,disk-lightglue-r3200-k8192,disk,lightglue,3200,8192,173,107_0005_0009.JPG,107_0005_0036.JPG,8192,8192,17,8,0.47058823529411764,0.9765625,0.109375,0.125,0.20358623564243317,True,ok,0.13735799999267329
D1_154_building,disk-lightglue-r3200-k8192,disk,lightglue,3200,8192,174,107_0005_0009.JPG,107_0005_0150.JPG,8192,8192,24,9,0.375,1.0986328125,0.125,0.125,0.1569364368915558,True,ok,0.1458855999953812
D1_154_building,disk-lightglue-r3200-k8192,disk,lightglue,3200,8192,175,107_0005_0009.JPG,107_0005_0151.JPG,8192,8192,21,9,0.42857142857142855,1.0986328125,0.140625,0.125,0.19268716871738434,True,ok,0.11764509999193251
D1_154_building,disk-lightglue-r3200-k8192,disk,lightglue,3200,8192,176,107_0005_0009.JPG,107_0005_0152.JPG,8192,8192,21,8,0.38095238095238093,0.9765625,0.109375,0.109375,0.20598368346691132,True,ok,0.13433139999688137
D1_154_building,disk-lightglue-r3200-k8192,disk,lightglue,3200,8192,177,107_0005_0009.JPG,107_0005_0153.JPG,8192,8192,21,8,0.38095238095238093,0.9765625,0.125,0.125,0.23983557522296906,True,ok,0.12741190000087954
D1_154_building,disk-lightglue-r3200-k8192,disk,lightglue,3200,8192,178,107_0005_0009.JPG,107_0005_0154.JPG,8192,8192,23,9,0.391304347826087,1.0986328125,0.125,0.109375,0.15899363160133362,True,ok,0.13467169999785256
D1_154_building,disk-lightglue-r3200-k8192,disk,lightglue,3200,8192,179,107_0005_0010.JPG,107_0005_0011.JPG,8192,8192,4667,4632,0.9925005356760231,565.4296875,0.796875,0.765625,0.9784669876098633,False,ok,0.0779878000030294
D1_154_building,disk-lightglue-r3200-k8192,disk,lightglue,3200,8192,180,107_0005_0010.JPG,107_0005_0012.JPG,8192,8192,4407,4369,0.9913773542092126,533.3251953125,0.828125,0.796875,0.9735862612724304,False,ok,0.08394640000187792
D1_154_building,disk-lightglue-r3200-k8192,disk,lightglue,3200,8192,181,107_0005_0010.JPG,107_0005_0013.JPG,8192,8192,2900,2851,0.983103448275862,348.0224609375,0.671875,0.609375,0.9827151894569397,False,ok,0.12504460000491235
D1_154_building,disk-lightglue-r3200-k8192,disk,lightglue,3200,8192,182,107_0005_0010.JPG,107_0005_0014.JPG,8192,8192,1529,1470,0.961412688031393,179.443359375,0.46875,0.421875,0.9684553742408752,False,ok,0.13408540000091307
D1_154_building,disk-lightglue-r3200-k8192,disk,lightglue,3200,8192,183,107_0005_0010.JPG,107_0005_0015.JPG,8192,8192,542,517,0.9538745387453874,63.1103515625,0.25,0.25,0.9514349102973938,False,ok,0.14258720001089387
D1_154_building,disk-lightglue-r3200-k8192,disk,lightglue,3200,8192,184,107_0005_0010.JPG,107_0005_0016.JPG,8192,8192,221,161,0.7285067873303167,19.6533203125,0.140625,0.125,0.8404889106750488,False,ok,0.15682350000133738
D1_154_building,disk-lightglue-r3200-k8192,disk,lightglue,3200,8192,185,107_0005_0010.JPG,107_0005_0017.JPG,8192,8192,20,9,0.45,1.0986328125,0.140625,0.125,0.1996627002954483,True,ok,0.12448540001059882
D1_154_building,disk-lightglue-r3200-k8192,disk,lightglue,3200,8192,186,107_0005_0010.JPG,107_0005_0018.JPG,8192,8192,24,9,0.375,1.0986328125,0.125,0.140625,0.20006664097309113,True,ok,0.1351676999911433
D1_154_building,disk-lightglue-r3200-k8192,disk,lightglue,3200,8192,187,107_0005_0010.JPG,107_0005_0033.JPG,8192,8192,10,7,0.7,0.8544921875,0.09375,0.078125,0.18220111727714539,True,ok,0.12160860000585672
D1_154_building,disk-lightglue-r3200-k8192,disk,lightglue,3200,8192,188,107_0005_0010.JPG,107_0005_0034.JPG,8192,8192,9,0,0.0,0.0,0.0,0.0,0.2820284962654114,True,no_model,0.14582410000730306
D1_154_building,disk-lightglue-r3200-k8192,disk,lightglue,3200,8192,189,107_0005_0010.JPG,107_0005_0139.JPG,8192,8192,11,7,0.6363636363636364,0.8544921875,0.109375,0.09375,0.14941924810409546,True,ok,0.11878150000120513
D1_154_building,disk-lightglue-r3200-k8192,disk,lightglue,3200,8192,190,107_0005_0010.JPG,107_0005_0140.JPG,8192,8192,14,8,0.5714285714285714,0.9765625,0.109375,0.109375,0.17715418338775635,True,ok,0.1396588000061456
D1_154_building,disk-lightglue-r3200-k8192,disk,lightglue,3200,8192,191,107_0005_0010.JPG,107_0005_0141.JPG,8192,8192,11,7,0.6363636363636364,0.8544921875,0.109375,0.109375,0.20002824068069458,True,ok,0.1403030000074068
D1_154_building,disk-lightglue-r3200-k8192,disk,lightglue,3200,8192,192,107_0005_0010.JPG,107_0005_0142.JPG,8192,8192,11,7,0.6363636363636364,0.8544921875,0.109375,0.109375,0.17816823720932007,True,ok,0.1450813000119524
D1_154_building,disk-lightglue-r3200-k8192,disk,lightglue,3200,8192,193,107_0005_0010.JPG,107_0005_0151.JPG,8192,8192,15,7,0.4666666666666667,0.8544921875,0.09375,0.109375,0.2405674159526825,True,ok,0.13717649999307469
D1_154_building,disk-lightglue-r3200-k8192,disk,lightglue,3200,8192,194,107_0005_0010.JPG,107_0005_0152.JPG,8192,8192,14,8,0.5714285714285714,0.9765625,0.125,0.125,0.1596664935350418,True,ok,0.1314975000132108
D1_154_building,disk-lightglue-r3200-k8192,disk,lightglue,3200,8192,195,107_0005_0010.JPG,107_0005_0153.JPG,8192,8192,11,7,0.6363636363636364,0.8544921875,0.109375,0.078125,0.1633208841085434,True,ok,0.14277279999805614
D1_154_building,disk-lightglue-r3200-k8192,disk,lightglue,3200,8192,196,107_0005_0010.JPG,107_0005_0154.JPG,8192,8192,15,8,0.5333333333333333,0.9765625,0.125,0.109375,0.18594440817832947,True,ok,0.13341609999770299
D1_154_building,disk-lightglue-r3200-k8192,disk,lightglue,3200,8192,197,107_0005_0011.JPG,107_0005_0012.JPG,8192,8192,5499,5478,0.9961811238406983,668.701171875,0.90625,0.921875,0.9845930933952332,False,ok,0.0910639999929117
D1_154_building,disk-lightglue-r3200-k8192,disk,lightglue,3200,8192,198,107_0005_0011.JPG,107_0005_0013.JPG,8192,8192,3447,3412,0.9898462431099507,416.50390625,0.71875,0.6875,0.9892708659172058,False,ok,0.14128749999508727
D1_154_building,disk-lightglue-r3200-k8192,disk,lightglue,3200,8192,199,107_0005_0011.JPG,107_0005_0014.JPG,8192,8192,1705,1644,0.9642228739002933,200.68359375,0.515625,0.5,0.9729026556015015,False,ok,0.12803490000078455
D1_154_building,disk-lightglue-r3200-k8192,disk,lightglue,3200,8192,200,107_0005_0011.JPG,107_0005_0015.JPG,8192,8192,611,590,0.9656301145662848,72.021484375,0.28125,0.28125,0.9574105739593506,False,ok,0.13273099999059923
D1_154_building,disk-lightglue-r3200-k8192,disk,lightglue,3200,8192,201,107_0005_0011.JPG,107_0005_0016.JPG,8192,8192,198,150,0.7575757575757576,18.310546875,0.140625,0.140625,0.8340906500816345,False,ok,0.15219430001161527
D1_154_building,disk-lightglue-r3200-k8192,disk,lightglue,3200,8192,202,107_0005_0011.JPG,107_0005_0017.JPG,8192,8192,15,8,0.5333333333333333,0.9765625,0.109375,0.109375,0.17858679592609406,True,ok,0.13675249999505468
D1_154_building,disk-lightglue-r3200-k8192,disk,lightglue,3200,8192,203,107_0005_0011.JPG,107_0005_0018.JPG,8192,8192,22,9,0.4090909090909091,1.0986328125,0.140625,0.140625,0.22042599320411682,True,ok,0.13841110000794288
D1_154_building,disk-lightglue-r3200-k8192,disk,lightglue,3200,8192,204,107_0005_0011.JPG,107_0005_0019.JPG,8192,8192,25,9,0.36,1.0986328125,0.125,0.140625,0.25355425477027893,True,ok,0.12850419999449514
D1_154_building,disk-lightglue-r3200-k8192,disk,lightglue,3200,8192,205,107_0005_0011.JPG,107_0005_0030.JPG,8192,8192,17,8,0.47058823529411764,0.9765625,0.125,0.109375,0.2234828770160675,True,ok,0.12869709999358747
D1_154_building,disk-lightglue-r3200-k8192,disk,lightglue,3200,8192,206,107_0005_0011.JPG,107_0005_0031.JPG,8192,8192,9,7,0.7777777777777778,0.8544921875,0.109375,0.109375,0.17511126399040222,True,ok,0.14260400000785012
D1_154_building,disk-lightglue-r3200-k8192,disk,lightglue,3200,8192,207,107_0005_0011.JPG,107_0005_0032.JPG,8192,8192,11,7,0.6363636363636364,0.8544921875,0.109375,0.09375,0.14404228329658508,True,ok,0.13501659999019466
D1_154_building,disk-lightglue-r3200-k8192,disk,lightglue,3200,8192,208,107_0005_0011.JPG,107_0005_0033.JPG,8192,8192,10,7,0.7,0.8544921875,0.078125,0.078125,0.15783555805683136,True,ok,0.13660040000104345
D1_154_building,disk-lightglue-r3200-k8192,disk,lightglue,3200,8192,209,107_0005_0011.JPG,107_0005_0115.JPG,8192,8192,6,0,0.0,0.0,0.0,0.0,0.29820457100868225,True,too_few_matches,0.1381763000099454
D1_154_building,disk-lightglue-r3200-k8192,disk,lightglue,3200,8192,210,107_0005_0011.JPG,107_0005_0116.JPG,8192,8192,15,8,0.5333333333333333,0.9765625,0.109375,0.109375,0.21643561124801636,True,ok,0.14085619999968912
D1_154_building,disk-lightglue-r3200-k8192,disk,lightglue,3200,8192,211,107_0005_0011.JPG,107_0005_0136.JPG,8192,8192,18,8,0.4444444444444444,0.9765625,0.109375,0.109375,0.19502902030944824,True,ok,0.14003880000382196
D1_154_building,disk-lightglue-r3200-k8192,disk,lightglue,3200,8192,212,107_0005_0011.JPG,107_0005_0137.JPG,8192,8192,10,8,0.8,0.9765625,0.125,0.125,0.16393674910068512,True,ok,0.1333085999940522
D1_154_building,disk-lightglue-r3200-k8192,disk,lightglue,3200,8192,213,107_0005_0011.JPG,107_0005_0138.JPG,8192,8192,14,8,0.5714285714285714,0.9765625,0.125,0.125,0.18105733394622803,True,ok,0.14160260000790004
D1_154_building,disk-lightglue-r3200-k8192,disk,lightglue,3200,8192,214,107_0005_0011.JPG,107_0005_0139.JPG,8192,8192,7,0,0.0,0.0,0.0,0.0,0.17754940688610077,True,too_few_matches,0.13585669999883976
D1_154_building,disk-lightglue-r3200-k8192,disk,lightglue,3200,8192,215,107_0005_0011.JPG,107_0005_0140.JPG,8192,8192,14,7,0.5,0.8544921875,0.09375,0.09375,0.2082398235797882,True,ok,0.13663670000096317
D1_154_building,disk-lightglue-r3200-k8192,disk,lightglue,3200,8192,216,107_0005_0011.JPG,107_0005_0141.JPG,8192,8192,10,7,0.7,0.8544921875,0.109375,0.078125,0.1483815610408783,True,ok,0.12926570000126958
D1_154_building,disk-lightglue-r3200-k8192,disk,lightglue,3200,8192,217,107_0005_0011.JPG,107_0005_0142.JPG,8192,8192,12,7,0.5833333333333334,0.8544921875,0.109375,0.109375,0.15985403954982758,True,ok,0.15130539999518078
D1_154_building,disk-lightglue-r3200-k8192,disk,lightglue,3200,8192,218,107_0005_0011.JPG,107_0005_0152.JPG,8192,8192,18,8,0.4444444444444444,0.9765625,0.109375,0.125,0.22016176581382751,True,ok,0.1447211999911815
D1_154_building,disk-lightglue-r3200-k8192,disk,lightglue,3200,8192,219,107_0005_0011.JPG,107_0005_0153.JPG,8192,8192,13,7,0.5384615384615384,0.8544921875,0.109375,0.078125,0.17782333493232727,True,ok,0.12736990000121295
D1_154_building,disk-lightglue-r3200-k8192,disk,lightglue,3200,8192,220,107_0005_0011.JPG,107_0005_0154.JPG,8192,8192,13,7,0.5384615384615384,0.8544921875,0.109375,0.078125,0.18411332368850708,True,ok,0.14058870000008028
D1_154_building,disk-lightglue-r3200-k8192,disk,lightglue,3200,8192,221,107_0005_0012.JPG,107_0005_0013.JPG,8192,8192,3579,3500,0.9779267951941883,427.24609375,0.734375,0.71875,0.9654598832130432,False,ok,0.09258919999410864
D1_154_building,disk-lightglue-r3200-k8192,disk,lightglue,3200,8192,222,107_0005_0012.JPG,107_0005_0014.JPG,8192,8192,1745,1692,0.9696275071633238,206.54296875,0.546875,0.5,0.9714464545249939,False,ok,0.13000219999230467
D1_154_building,disk-lightglue-r3200-k8192,disk,lightglue,3200,8192,223,107_0005_0012.JPG,107_0005_0015.JPG,8192,8192,681,657,0.9647577092511013,80.2001953125,0.265625,0.296875,0.9523124694824219,False,ok,0.1373884999920847
D1_154_building,disk-lightglue-r3200-k8192,disk,lightglue,3200,8192,224,107_0005_0012.JPG,107_0005_0016.JPG,8192,8192,227,177,0.7797356828193832,21.6064453125,0.171875,0.171875,0.8523235321044922,False,ok,0.13806719999411143
D1_154_building,disk-lightglue-r3200-k8192,disk,lightglue,3200,8192,225,107_0005_0012.JPG,107_0005_0017.JPG,8192,8192,15,8,0.5333333333333333,0.9765625,0.109375,0.125,0.16809001564979553,True,ok,0.13046899999608286
D1_154_building,disk-lightglue-r3200-k8192,disk,lightglue,3200,8192,226,107_0005_0012.JPG,107_0005_0018.JPG,8192,8192,23,9,0.391304347826087,1.0986328125,0.140625,0.140625,0.1995612233877182,True,ok,0.13878170000680257
D1_154_building,disk-lightglue-r3200-k8192,disk,lightglue,3200,8192,227,107_0005_0012.JPG,107_0005_0019.JPG,8192,8192,24,9,0.375,1.0986328125,0.140625,0.140625,0.1965000182390213,True,ok,0.13928329999907874
D1_154_building,disk-lightglue-r3200-k8192,disk,lightglue,3200,8192,228,107_0005_0012.JPG,107_0005_0020.JPG,8192,8192,28,9,0.32142857142857145,1.0986328125,0.140625,0.125,0.18619021773338318,True,ok,0.10823680000612512
D1_154_building,disk-lightglue-r3200-k8192,disk,lightglue,3200,8192,229,107_0005_0012.JPG,107_0005_0030.JPG,8192,8192,13,7,0.5384615384615384,0.8544921875,0.109375,0.109375,0.18521812558174133,True,ok,0.12125240000023041
D1_154_building,disk-lightglue-r3200-k8192,disk,lightglue,3200,8192,230,107_0005_0012.JPG,107_0005_0031.JPG,8192,8192,13,7,0.5384615384615384,0.8544921875,0.109375,0.109375,0.16139507293701172,True,ok,0.1481902999948943
D1_154_building,disk-lightglue-r3200-k8192,disk,lightglue,3200,8192,231,107_0005_0012.JPG,107_0005_0032.JPG,8192,8192,14,8,0.5714285714285714,0.9765625,0.125,0.125,0.21796847879886627,True,ok,0.15645450000010896
D1_154_building,disk-lightglue-r3200-k8192,disk,lightglue,3200,8192,232,107_0005_0012.JPG,107_0005_0033.JPG,8192,8192,14,8,0.5714285714285714,0.9765625,0.09375,0.109375,0.1849338263273239,True,ok,0.13190530000429135
D1_154_building,disk-lightglue-r3200-k8192,disk,lightglue,3200,8192,233,107_0005_0012.JPG,107_0005_0115.JPG,8192,8192,9,7,0.7777777777777778,0.8544921875,0.09375,0.109375,0.17537051439285278,True,ok,0.1347949999908451
D1_154_building,disk-lightglue-r3200-k8192,disk,lightglue,3200,8192,234,107_0005_0012.JPG,107_0005_0116.JPG,8192,8192,13,8,0.6153846153846154,0.9765625,0.109375,0.109375,0.138288676738739,True,ok,0.1422986999968998
D1_154_building,disk-lightglue-r3200-k8192,disk,lightglue,3200,8192,235,107_0005_0012.JPG,107_0005_0133.JPG,8192,8192,12,7,0.5833333333333334,0.8544921875,0.109375,0.109375,0.2048490196466446,True,ok,0.14523690000351053
D1_154_building,disk-lightglue-r3200-k8192,disk,lightglue,3200,8192,236,107_0005_0012.JPG,107_0005_0136.JPG,8192,8192,19,8,0.42105263157894735,0.9765625,0.125,0.109375,0.23008547723293304,True,ok,0.132993199993507
D1_154_building,disk-lightglue-r3200-k8192,disk,lightglue,3200,8192,237,107_0005_0012.JPG,107_0005_0137.JPG,8192,8192,12,7,0.5833333333333334,0.8544921875,0.109375,0.09375,0.14821632206439972,True,ok,0.1324564999958966
D1_154_building,disk-lightglue-r3200-k8192,disk,lightglue,3200,8192,238,107_0005_0012.JPG,107_0005_0138.JPG,8192,8192,14,7,0.5,0.8544921875,0.109375,0.09375,0.18514518439769745,True,ok,0.13838770000438672
D1_154_building,disk-lightglue-r3200-k8192,disk,lightglue,3200,8192,239,107_0005_0012.JPG,107_0005_0139.JPG,8192,8192,11,7,0.6363636363636364,0.8544921875,0.109375,0.09375,0.18095780909061432,True,ok,0.13288449999527074
D1_154_building,disk-lightglue-r3200-k8192,disk,lightglue,3200,8192,240,107_0005_0012.JPG,107_0005_0140.JPG,8192,8192,13,7,0.5384615384615384,0.8544921875,0.09375,0.109375,0.21714423596858978,True,ok,0.13670560000173282
D1_154_building,disk-lightglue-r3200-k8192,disk,lightglue,3200,8192,241,107_0005_0012.JPG,107_0005_0141.JPG,8192,8192,13,7,0.5384615384615384,0.8544921875,0.109375,0.09375,0.17641815543174744,True,ok,0.13933859999815468
D1_154_building,disk-lightglue-r3200-k8192,disk,lightglue,3200,8192,242,107_0005_0012.JPG,107_0005_0142.JPG,8192,8192,10,7,0.7,0.8544921875,0.109375,0.09375,0.15061704814434052,True,ok,0.1517370000074152
D1_154_building,disk-lightglue-r3200-k8192,disk,lightglue,3200,8192,243,107_0005_0012.JPG,107_0005_0153.JPG,8192,8192,19,9,0.47368421052631576,1.0986328125,0.125,0.125,0.16355080902576447,True,ok,0.13510080000560265
D1_154_building,disk-lightglue-r3200-k8192,disk,lightglue,3200,8192,244,107_0005_0012.JPG,107_0005_0154.JPG,8192,8192,13,7,0.5384615384615384,0.8544921875,0.09375,0.09375,0.1582494080066681,True,ok,0.13442750000103842
D1_154_building,disk-lightglue-r3200-k8192,disk,lightglue,3200,8192,245,107_0005_0013.JPG,107_0005_0014.JPG,8192,8192,3746,3709,0.9901227976508276,452.7587890625,0.78125,0.734375,0.9823289513587952,False,ok,0.13509749999502674
D1_154_building,disk-lightglue-r3200-k8192,disk,lightglue,3200,8192,246,107_0005_0013.JPG,107_0005_0015.JPG,8192,8192,1997,1929,0.9659489233850777,235.4736328125,0.484375,0.53125,0.968648374080658,False,ok,0.14227799999935087
D1_154_building,disk-lightglue-r3200-k8192,disk,lightglue,3200,8192,247,107_0005_0013.JPG,107_0005_0016.JPG,8192,8192,1099,1052,0.9572338489535942,128.41796875,0.359375,0.390625,0.9547266960144043,False,ok,0.12198719999287277
D1_154_building,disk-lightglue-r3200-k8192,disk,lightglue,3200,8192,248,107_0005_0013.JPG,107_0005_0017.JPG,8192,8192,402,384,0.9552238805970149,46.875,0.1875,0.21875,0.9366036653518677,False,ok,0.1366723999963142
D1_154_building,disk-lightglue-r3200-k8192,disk,lightglue,3200,8192,249,107_0005_0013.JPG,107_0005_0018.JPG,8192,8192,28,9,0.32142857142857145,1.0986328125,0.125,0.140625,0.22300828993320465,True,ok,0.1395492000010563
D1_154_building,disk-lightglue-r3200-k8192,disk,lightglue,3200,8192,250,107_0005_0013.JPG,107_0005_0019.JPG,8192,8192,35,9,0.2571428571428571,1.0986328125,0.109375,0.125,0.1901341825723648,True,ok,0.12322370000765659
D1_154_building,disk-lightglue-r3200-k8192,disk,lightglue,3200,8192,251,107_0005_0013.JPG,107_0005_0020.JPG,8192,8192,25,9,0.36,1.0986328125,0.125,0.125,0.19870395958423615,True,ok,0.12345800000184681
D1_154_building,disk-lightglue-r3200-k8192,disk,lightglue,3200,8192,252,107_0005_0013.JPG,107_0005_0021.JPG,8192,8192,25,9,0.36,1.0986328125,0.140625,0.125,0.18862499296665192,True,ok,0.12302490000729449
D1_154_building,disk-lightglue-r3200-k8192,disk,lightglue,3200,8192,253,107_0005_0013.JPG,107_0005_0031.JPG,8192,8192,12,7,0.5833333333333334,0.8544921875,0.109375,0.109375,0.19087307155132294,True,ok,0.1364354999968782
D1_154_building,disk-lightglue-r3200-k8192,disk,lightglue,3200,8192,254,107_0005_0013.JPG,107_0005_0032.JPG,8192,8192,12,7,0.5833333333333334,0.8544921875,0.09375,0.109375,0.20649045705795288,True,ok,0.14699300000211224
D1_154_building,disk-lightglue-r3200-k8192,disk,lightglue,3200,8192,255,107_0005_0013.JPG,107_0005_0033.JPG,8192,8192,14,8,0.5714285714285714,0.9765625,0.125,0.125,0.19554339349269867,True,ok,0.13486989999364596
D1_154_building,disk-lightglue-r3200-k8192,disk,lightglue,3200,8192,256,107_0005_0013.JPG,107_0005_0114.JPG,8192,8192,32,9,0.28125,1.0986328125,0.140625,0.09375,0.21521276235580444,True,ok,0.13757629999599885
D1_154_building,disk-lightglue-r3200-k8192,disk,lightglue,3200,8192,257,107_0005_0013.JPG,107_0005_0115.JPG,8192,8192,25,9,0.36,1.0986328125,0.140625,0.125,0.19933843612670898,True,ok,0.1167966999928467
D1_154_building,disk-lightglue-r3200-k8192,disk,lightglue,3200,8192,258,107_0005_0013.JPG,107_0005_0116.JPG,8192,8192,19,8,0.42105263157894735,0.9765625,0.09375,0.09375,0.17766636610031128,True,ok,0.1338287999969907
D1_154_building,disk-lightglue-r3200-k8192,disk,lightglue,3200,8192,259,107_0005_0013.JPG,107_0005_0117.JPG,8192,8192,19,8,0.42105263157894735,0.9765625,0.09375,0.09375,0.19880689680576324,True,ok,0.124500200006878
D1_154_building,disk-lightglue-r3200-k8192,disk,lightglue,3200,8192,260,107_0005_0013.JPG,107_0005_0140.JPG,8192,8192,12,8,0.6666666666666666,0.9765625,0.09375,0.109375,0.22836704552173615,True,ok,0.12959029999910854
D1_154_building,disk-lightglue-r3200-k8192,disk,lightglue,3200,8192,261,107_0005_0013.JPG,107_0005_0141.JPG,8192,8192,23,9,0.391304347826087,1.0986328125,0.125,0.125,0.1668914556503296,True,ok,0.13916810000955593
D1_154_building,disk-lightglue-r3200-k8192,disk,lightglue,3200,8192,262,107_0005_0013.JPG,107_0005_0142.JPG,8192,8192,12,8,0.6666666666666666,0.9765625,0.09375,0.078125,0.2547258734703064,True,ok,0.1768203999963589
D1_154_building,disk-lightglue-r3200-k8192,disk,lightglue,3200,8192,263,107_0005_0013.JPG,107_0005_0143.JPG,8192,8192,10,7,0.7,0.8544921875,0.078125,0.09375,0.29841524362564087,True,ok,0.19712160000926815
D1_154_building,disk-lightglue-r3200-k8192,disk,lightglue,3200,8192,264,107_0005_0014.JPG,107_0005_0015.JPG,8192,8192,3735,3684,0.9863453815261044,449.70703125,0.75,0.78125,0.9833571314811707,False,ok,0.14868420000129845
D1_154_building,disk-lightglue-r3200-k8192,disk,lightglue,3200,8192,265,107_0005_0014.JPG,107_0005_0016.JPG,8192,8192,2409,2345,0.9734329597343296,286.2548828125,0.515625,0.5625,0.9786710739135742,False,ok,0.12979220000852365
D1_154_building,disk-lightglue-r3200-k8192,disk,lightglue,3200,8192,266,107_0005_0014.JPG,107_0005_0017.JPG,8192,8192,1343,1298,0.9664929262844378,158.447265625,0.359375,0.453125,0.9685602784156799,False,ok,0.12824259999615606
D1_154_building,disk-lightglue-r3200-k8192,disk,lightglue,3200,8192,267,107_0005_0014.JPG,107_0005_0018.JPG,8192,8192,593,568,0.9578414839797639,69.3359375,0.171875,0.203125,0.9495571851730347,False,ok,0.14228739999816753
D1_154_building,disk-lightglue-r3200-k8192,disk,lightglue,3200,8192,268,107_0005_0014.JPG,107_0005_0019.JPG,8192,8192,155,75,0.4838709677419355,9.1552734375,0.078125,0.09375,0.6334882974624634,False,ok,0.18231910000031348
D1_154_building,disk-lightglue-r3200-k8192,disk,lightglue,3200,8192,269,107_0005_0014.JPG,107_0005_0020.JPG,8192,8192,79,44,0.5569620253164557,5.37109375,0.0625,0.109375,0.6180302500724792,False,ok,0.16673130000708625
D1_154_building,disk-lightglue-r3200-k8192,disk,lightglue,3200,8192,270,107_0005_0014.JPG,107_0005_0021.JPG,8192,8192,70,41,0.5857142857142857,5.0048828125,0.078125,0.078125,0.6370128989219666,False,ok,0.1833457000029739
D1_154_building,disk-lightglue-r3200-k8192,disk,lightglue,3200,8192,271,107_0005_0014.JPG,107_0005_0022.JPG,8192,8192,87,60,0.6896551724137931,7.32421875,0.078125,0.078125,0.773694634437561,False,ok,0.19003800000064075
D1_154_building,disk-lightglue-r3200-k8192,disk,lightglue,3200,8192,272,107_0005_0014.JPG,107_0005_0031.JPG,8192,8192,8,0,0.0,0.0,0.0,0.0,0.16261516511440277,True,no_model,0.139423300002818
D1_154_building,disk-lightglue-r3200-k8192,disk,lightglue,3200,8192,273,107_0005_0014.JPG,107_0005_0032.JPG,8192,8192,17,8,0.47058823529411764,0.9765625,0.109375,0.09375,0.1716834455728531,True,ok,0.11285720000159927
D1_154_building,disk-lightglue-r3200-k8192,disk,lightglue,3200,8192,274,107_0005_0014.JPG,107_0005_0048.JPG,8192,8192,13,8,0.6153846153846154,0.9765625,0.09375,0.125,0.23770584166049957,True,ok,0.1331785999936983
D1_154_building,disk-lightglue-r3200-k8192,disk,lightglue,3200,8192,275,107_0005_0014.JPG,107_0005_0049.JPG,8192,8192,24,9,0.375,1.0986328125,0.125,0.125,0.1611180454492569,True,ok,0.13441430000239052
D1_154_building,disk-lightglue-r3200-k8192,disk,lightglue,3200,8192,276,107_0005_0014.JPG,107_0005_0081.JPG,8192,8192,1944,1864,0.9588477366255144,227.5390625,0.53125,0.5625,0.9785585403442383,False,ok,0.11490220000268891
D1_154_building,disk-lightglue-r3200-k8192,disk,lightglue,3200,8192,277,107_0005_0014.JPG,107_0005_0114.JPG,8192,8192,0,0,0.0,0.0,0.0,0.0,0.0,True,no_matches,0.23242090000712778
D1_154_building,disk-lightglue-r3200-k8192,disk,lightglue,3200,8192,278,107_0005_0014.JPG,107_0005_0115.JPG,8192,8192,0,0,0.0,0.0,0.0,0.0,0.0,True,no_matches,0.28280080000695307
D1_154_building,disk-lightglue-r3200-k8192,disk,lightglue,3200,8192,279,107_0005_0014.JPG,107_0005_0116.JPG,8192,8192,19,8,0.42105263157894735,0.9765625,0.109375,0.125,0.22682446241378784,True,ok,0.13942469999892637
D1_154_building,disk-lightglue-r3200-k8192,disk,lightglue,3200,8192,280,107_0005_0014.JPG,107_0005_0142.JPG,8192,8192,17,9,0.5294117647058824,1.0986328125,0.109375,0.09375,0.27824726700782776,True,ok,0.17546949999814387
D1_154_building,disk-lightglue-r3200-k8192,disk,lightglue,3200,8192,281,107_0005_0014.JPG,107_0005_0143.JPG,8192,8192,14,8,0.5714285714285714,0.9765625,0.0625,0.078125,0.21824851632118225,True,ok,0.17581950000021607
D1_154_building,disk-lightglue-r3200-k8192,disk,lightglue,3200,8192,282,107_0005_0014.JPG,107_0005_0144.JPG,8192,8192,56,10,0.17857142857142858,1.220703125,0.09375,0.109375,0.2246074676513672,True,ok,0.13549939999938942
D1_154_building,disk-lightglue-r3200-k8192,disk,lightglue,3200,8192,283,107_0005_0015.JPG,107_0005_0016.JPG,8192,8192,4362,4324,0.9912883998165979,527.83203125,0.734375,0.796875,0.9849748611450195,False,ok,0.13369790000433568
D1_154_building,disk-lightglue-r3200-k8192,disk,lightglue,3200,8192,284,107_0005_0015.JPG,107_0005_0017.JPG,8192,8192,2925,2886,0.9866666666666667,352.294921875,0.5,0.59375,0.9826003313064575,False,ok,0.14829870000539813
D1_154_building,disk-lightglue-r3200-k8192,disk,lightglue,3200,8192,285,107_0005_0015.JPG,107_0005_0018.JPG,8192,8192,1826,1779,0.9742606790799562,217.1630859375,0.359375,0.453125,0.9785282015800476,False,ok,0.12321140000130981
D1_154_building,disk-lightglue-r3200-k8192,disk,lightglue,3200,8192,286,107_0005_0015.JPG,107_0005_0019.JPG,8192,8192,934,902,0.9657387580299786,110.107421875,0.25,0.296875,0.9576217532157898,False,ok,0.1351764999999432
D1_154_building,disk-lightglue-r3200-k8192,disk,lightglue,3200,8192,287,107_0005_0015.JPG,107_0005_0020.JPG,8192,8192,694,579,0.8342939481268011,70.6787109375,0.171875,0.265625,0.9359931349754333,False,ok,0.13790329999756068
D1_154_building,disk-lightglue-r3200-k8192,disk,lightglue,3200,8192,288,107_0005_0015.JPG,107_0005_0021.JPG,8192,8192,554,509,0.9187725631768953,62.1337890625,0.1875,0.28125,0.9224635362625122,False,ok,0.1330856999993557
D1_154_building,disk-lightglue-r3200-k8192,disk,lightglue,3200,8192,289,107_0005_0015.JPG,107_0005_0022.JPG,8192,8192,544,488,0.8970588235294118,59.5703125,0.1875,0.265625,0.8912419080734253,False,ok,0.13313520001247525
D1_154_building,disk-lightglue-r3200-k8192,disk,lightglue,3200,8192,290,107_0005_0015.JPG,107_0005_0023.JPG,8192,8192,1475,1423,0.9647457627118644,173.7060546875,0.296875,0.359375,0.9672348499298096,False,ok,0.13933360000373796
D1_154_building,disk-lightglue-r3200-k8192,disk,lightglue,3200,8192,291,107_0005_0015.JPG,107_0005_0047.JPG,8192,8192,19,8,0.42105263157894735,0.9765625,0.109375,0.09375,0.1663711667060852,True,ok,0.15152430000307504
D1_154_building,disk-lightglue-r3200-k8192,disk,lightglue,3200,8192,292,107_0005_0015.JPG,107_0005_0048.JPG,8192,8192,9,7,0.7777777777777778,0.8544921875,0.109375,0.109375,0.21259915828704834,True,ok,0.13374689999909606
D1_154_building,disk-lightglue-r3200-k8192,disk,lightglue,3200,8192,293,107_0005_0015.JPG,107_0005_0049.JPG,8192,8192,15,8,0.5333333333333333,0.9765625,0.109375,0.125,0.14933419227600098,True,ok,0.13827300000411924
D1_154_building,disk-lightglue-r3200-k8192,disk,lightglue,3200,8192,294,107_0005_0015.JPG,107_0005_0080.JPG,8192,8192,1666,1587,0.9525810324129652,193.7255859375,0.484375,0.46875,0.9723924994468689,False,ok,0.13456759999098722
D1_154_building,disk-lightglue-r3200-k8192,disk,lightglue,3200,8192,295,107_0005_0015.JPG,107_0005_0081.JPG,8192,8192,1121,1085,0.967885816235504,132.4462890625,0.3125,0.375,0.9791852235794067,False,ok,0.1439879999961704
D1_154_building,disk-lightglue-r3200-k8192,disk,lightglue,3200,8192,296,107_0005_0015.JPG,107_0005_0111.JPG,8192,8192,12,7,0.5833333333333334,0.8544921875,0.109375,0.09375,0.2012946456670761,True,ok,0.1305813999933889
D1_154_building,disk-lightglue-r3200-k8192,disk,lightglue,3200,8192,297,107_0005_0015.JPG,107_0005_0112.JPG,8192,8192,14,8,0.5714285714285714,0.9765625,0.109375,0.125,0.22258725762367249,True,ok,0.13509560000966303
D1_154_building,disk-lightglue-r3200-k8192,disk,lightglue,3200,8192,298,107_0005_0015.JPG,107_0005_0113.JPG,8192,8192,17,8,0.47058823529411764,0.9765625,0.109375,0.09375,0.18335364758968353,True,ok,0.1366072999953758
D1_154_building,disk-lightglue-r3200-k8192,disk,lightglue,3200,8192,299,107_0005_0015.JPG,107_0005_0114.JPG,8192,8192,12,8,0.6666666666666666,0.9765625,0.125,0.109375,0.15324202179908752,True,ok,0.14404349999676924
D1_154_building,disk-lightglue-r3200-k8192,disk,lightglue,3200,8192,300,107_0005_0015.JPG,107_0005_0143.JPG,8192,8192,11,8,0.7272727272727273,0.9765625,0.03125,0.078125,0.30898207426071167,True,ok,0.18067859999428038
D1_154_building,disk-lightglue-r3200-k8192,disk,lightglue,3200,8192,301,107_0005_0015.JPG,107_0005_0144.JPG,8192,8192,2,0,0.0,0.0,0.0,0.0,0.12150374054908752,True,too_few_matches,0.26954059999843594
D1_154_building,disk-lightglue-r3200-k8192,disk,lightglue,3200,8192,302,107_0005_0015.JPG,107_0005_0145.JPG,8192,8192,17,8,0.47058823529411764,0.9765625,0.109375,0.125,0.190280020236969,True,ok,0.1481772999977693
D1_154_building,disk-lightglue-r3200-k8192,disk,lightglue,3200,8192,303,107_0005_0015.JPG,107_0005_0146.JPG,8192,8192,16,7,0.4375,0.8544921875,0.109375,0.109375,0.21207639575004578,True,ok,0.12883380000130273
D1_154_building,disk-lightglue-r3200-k8192,disk,lightglue,3200,8192,304,107_0005_0016.JPG,107_0005_0017.JPG,8192,8192,4362,4329,0.9924346629986245,528.4423828125,0.765625,0.828125,0.9870559573173523,False,ok,0.1290582999936305
D1_154_building,disk-lightglue-r3200-k8192,disk,lightglue,3200,8192,305,107_0005_0016.JPG,107_0005_0018.JPG,8192,8192,2966,2896,0.9763991908293999,353.515625,0.546875,0.5625,0.9834932684898376,False,ok,0.1303903999942122
D1_154_building,disk-lightglue-r3200-k8192,disk,lightglue,3200,8192,306,107_0005_0016.JPG,107_0005_0019.JPG,8192,8192,1796,1755,0.9771714922048997,214.2333984375,0.453125,0.453125,0.9779046773910522,False,ok,0.13861989999713842
D1_154_building,disk-lightglue-r3200-k8192,disk,lightglue,3200,8192,307,107_0005_0016.JPG,107_0005_0020.JPG,8192,8192,1474,1410,0.9565807327001357,172.119140625,0.421875,0.4375,0.9622224569320679,False,ok,0.11958610000147019
D1_154_building,disk-lightglue-r3200-k8192,disk,lightglue,3200,8192,308,107_0005_0016.JPG,107_0005_0021.JPG,8192,8192,1210,1153,0.952892561983471,140.7470703125,0.375,0.375,0.9426562190055847,False,ok,0.13521779999427963
D1_154_building,disk-lightglue-r3200-k8192,disk,lightglue,3200,8192,309,107_0005_0016.JPG,107_0005_0022.JPG,8192,8192,1143,1073,0.9387576552930884,130.9814453125,0.375,0.375,0.9358298778533936,False,ok,0.1400881000008667
D1_154_building,disk-lightglue-r3200-k8192,disk,lightglue,3200,8192,310,107_0005_0016.JPG,107_0005_0023.JPG,8192,8192,2287,2238,0.9785745518146043,273.193359375,0.484375,0.515625,0.9779502749443054,False,ok,0.1364441000041552
D1_154_building,disk-lightglue-r3200-k8192,disk,lightglue,3200,8192,311,107_0005_0016.JPG,107_0005_0024.JPG,8192,8192,3028,2992,0.988110964332893,365.234375,0.59375,0.671875,0.985280454158783,False,ok,0.12961980000545736
D1_154_building,disk-lightglue-r3200-k8192,disk,lightglue,3200,8192,312,107_0005_0016.JPG,107_0005_0047.JPG,8192,8192,17,8,0.47058823529411764,0.9765625,0.125,0.109375,0.15725094079971313,True,ok,0.13592729999800213
D1_154_building,disk-lightglue-r3200-k8192,disk,lightglue,3200,8192,313,107_0005_0016.JPG,107_0005_0048.JPG,8192,8192,13,7,0.5384615384615384,0.8544921875,0.109375,0.109375,0.1772100180387497,True,ok,0.14846359999501146
D1_154_building,disk-lightglue-r3200-k8192,disk,lightglue,3200,8192,314,107_0005_0016.JPG,107_0005_0049.JPG,8192,8192,8,0,0.0,0.0,0.0,0.0,0.18256819248199463,True,no_model,0.1352269999915734
D1_154_building,disk-lightglue-r3200-k8192,disk,lightglue,3200,8192,315,107_0005_0016.JPG,107_0005_0050.JPG,8192,8192,13,9,0.6923076923076923,1.0986328125,0.125,0.125,0.20047706365585327,True,ok,0.11087060000863858
D1_154_building,disk-lightglue-r3200-k8192,disk,lightglue,3200,8192,316,107_0005_0016.JPG,107_0005_0051.JPG,8192,8192,13,8,0.6153846153846154,0.9765625,0.109375,0.09375,0.17498567700386047,True,ok,0.14269880000210833
D1_154_building,disk-lightglue-r3200-k8192,disk,lightglue,3200,8192,317,107_0005_0016.JPG,107_0005_0079.JPG,8192,8192,1746,1686,0.9656357388316151,205.810546875,0.484375,0.484375,0.9808608293533325,False,ok,0.15552189998561516
D1_154_building,disk-lightglue-r3200-k8192,disk,lightglue,3200,8192,318,107_0005_0016.JPG,107_0005_0080.JPG,8192,8192,996,969,0.9728915662650602,118.2861328125,0.296875,0.34375,0.967402458190918,False,ok,0.12828030000673607
D1_154_building,disk-lightglue-r3200-k8192,disk,lightglue,3200,8192,319,107_0005_0016.JPG,107_0005_0081.JPG,8192,8192,437,419,0.9588100686498856,51.1474609375,0.171875,0.21875,0.9416536688804626,False,ok,0.13154370000120252
D1_154_building,disk-lightglue-r3200-k8192,disk,lightglue,3200,8192,320,107_0005_0016.JPG,107_0005_0112.JPG,8192,8192,19,9,0.47368421052631576,1.0986328125,0.140625,0.09375,0.1989586353302002,True,ok,0.14404199999989942
D1_154_building,disk-lightglue-r3200-k8192,disk,lightglue,3200,8192,321,107_0005_0016.JPG,107_0005_0113.JPG,8192,8192,11,7,0.6363636363636364,0.8544921875,0.09375,0.109375,0.1909017413854599,True,ok,0.13891370000783354
D1_154_building,disk-lightglue-r3200-k8192,disk,lightglue,3200,8192,322,107_0005_0016.JPG,107_0005_0144.JPG,8192,8192,1,0,0.0,0.0,0.0,0.0,0.11238378286361694,True,too_few_matches,0.3699798000016017
D1_154_building,disk-lightglue-r3200-k8192,disk,lightglue,3200,8192,323,107_0005_0016.JPG,107_0005_0145.JPG,8192,8192,16,8,0.5,0.9765625,0.09375,0.109375,0.20973825454711914,True,ok,0.13680429999658372
D1_154_building,disk-lightglue-r3200-k8192,disk,lightglue,3200,8192,324,107_0005_0016.JPG,107_0005_0146.JPG,8192,8192,11,7,0.6363636363636364,0.8544921875,0.078125,0.109375,0.16934600472450256,True,ok,0.1373548999981722
D1_154_building,disk-lightglue-r3200-k8192,disk,lightglue,3200,8192,325,107_0005_0017.JPG,107_0005_0018.JPG,8192,8192,4461,4435,0.9941717103788388,541.3818359375,0.78125,0.8125,0.9887009263038635,False,ok,0.1454513000062434
D1_154_building,disk-lightglue-r3200-k8192,disk,lightglue,3200,8192,326,107_0005_0017.JPG,107_0005_0019.JPG,8192,8192,3083,3044,0.9873499837820305,371.58203125,0.6875,0.6875,0.9851047396659851,False,ok,0.12043599999742582
D1_154_building,disk-lightglue-r3200-k8192,disk,lightglue,3200,8192,327,107_0005_0017.JPG,107_0005_0020.JPG,8192,8192,2627,2576,0.9805862200228398,314.453125,0.609375,0.65625,0.9772146344184875,False,ok,0.13518139999359846
D1_154_building,disk-lightglue-r3200-k8192,disk,lightglue,3200,8192,328,107_0005_0017.JPG,107_0005_0021.JPG,8192,8192,2100,2048,0.9752380952380952,250.0,0.53125,0.5625,0.9625266790390015,False,ok,0.13474639999913052
D1_154_building,disk-lightglue-r3200-k8192,disk,lightglue,3200,8192,329,107_0005_0017.JPG,107_0005_0022.JPG,8192,8192,1998,1939,0.9704704704704705,236.6943359375,0.53125,0.5625,0.9567670822143555,False,ok,0.14179329999024048
D1_154_building,disk-lightglue-r3200-k8192,disk,lightglue,3200,8192,330,107_0005_0017.JPG,107_0005_0023.JPG,8192,8192,3142,3111,0.99013367281986,379.7607421875,0.65625,0.671875,0.9798860549926758,False,ok,0.13310880000062753
D1_154_building,disk-lightglue-r3200-k8192,disk,lightglue,3200,8192,331,107_0005_0017.JPG,107_0005_0024.JPG,8192,8192,3191,3160,0.9902851770604826,385.7421875,0.6875,0.6875,0.9829663038253784,False,ok,0.13020420000248123
D1_154_building,disk-lightglue-r3200-k8192,disk,lightglue,3200,8192,332,107_0005_0017.JPG,107_0005_0025.JPG,8192,8192,2428,2394,0.985996705107084,292.236328125,0.5,0.515625,0.9777088761329651,False,ok,0.1370078000036301
D1_154_building,disk-lightglue-r3200-k8192,disk,lightglue,3200,8192,333,107_0005_0017.JPG,107_0005_0050.JPG,8192,8192,11,7,0.6363636363636364,0.8544921875,0.109375,0.109375,0.21963176131248474,True,ok,0.14387639999040402
D1_154_building,disk-lightglue-r3200-k8192,disk,lightglue,3200,8192,334,107_0005_0017.JPG,107_0005_0051.JPG,8192,8192,17,8,0.47058823529411764,0.9765625,0.125,0.125,0.16293738782405853,True,ok,0.14023099999758415
D1_154_building,disk-lightglue-r3200-k8192,disk,lightglue,3200,8192,335,107_0005_0017.JPG,107_0005_0052.JPG,8192,8192,10,7,0.7,0.8544921875,0.109375,0.09375,0.20223942399024963,True,ok,0.1326212999993004
D1_154_building,disk-lightglue-r3200-k8192,disk,lightglue,3200,8192,336,107_0005_0017.JPG,107_0005_0053.JPG,8192,8192,13,7,0.5384615384615384,0.8544921875,0.109375,0.109375,0.1539042890071869,True,ok,0.13803289999486879
D1_154_building,disk-lightglue-r3200-k8192,disk,lightglue,3200,8192,337,107_0005_0017.JPG,107_0005_0078.JPG,8192,8192,2294,2205,0.9612031386224935,269.1650390625,0.546875,0.484375,0.9789881706237793,False,ok,0.13795059999392834
D1_154_building,disk-lightglue-r3200-k8192,disk,lightglue,3200,8192,338,107_0005_0017.JPG,107_0005_0079.JPG,8192,8192,1023,975,0.9530791788856305,119.0185546875,0.28125,0.328125,0.979296863079071,False,ok,0.12435800000093877
D1_154_building,disk-lightglue-r3200-k8192,disk,lightglue,3200,8192,339,107_0005_0017.JPG,107_0005_0095.JPG,8192,8192,15,8,0.5333333333333333,0.9765625,0.125,0.109375,0.15586484968662262,True,ok,0.13958290001028217
D1_154_building,disk-lightglue-r3200-k8192,disk,lightglue,3200,8192,340,107_0005_0017.JPG,107_0005_0096.JPG,8192,8192,19,8,0.42105263157894735,0.9765625,0.125,0.09375,0.2115950584411621,True,ok,0.15315559999726247
D1_154_building,disk-lightglue-r3200-k8192,disk,lightglue,3200,8192,341,107_0005_0017.JPG,107_0005_0097.JPG,8192,8192,13,7,0.5384615384615384,0.8544921875,0.09375,0.09375,0.17954955995082855,True,ok,0.13743399998929817
D1_154_building,disk-lightglue-r3200-k8192,disk,lightglue,3200,8192,342,107_0005_0017.JPG,107_0005_0145.JPG,8192,8192,17,8,0.47058823529411764,0.9765625,0.125,0.109375,0.19096186757087708,True,ok,0.13656379999883939
D1_154_building,disk-lightglue-r3200-k8192,disk,lightglue,3200,8192,343,107_0005_0018.JPG,107_0005_0019.JPG,8192,8192,4671,4607,0.9862984371654892,562.3779296875,0.796875,0.859375,0.978577196598053,False,ok,0.08849449999979697
D1_154_building,disk-lightglue-r3200-k8192,disk,lightglue,3200,8192,344,107_0005_0018.JPG,107_0005_0020.JPG,8192,8192,3801,3727,0.980531439094975,454.9560546875,0.765625,0.765625,0.9611824750900269,False,ok,0.08577339998737443
D1_154_building,disk-lightglue-r3200-k8192,disk,lightglue,3200,8192,345,107_0005_0018.JPG,107_0005_0021.JPG,8192,8192,2844,2804,0.9859353023909986,342.28515625,0.65625,0.65625,0.9747804403305054,False,ok,0.12221690001024399
D1_154_building,disk-lightglue-r3200-k8192,disk,lightglue,3200,8192,346,107_0005_0018.JPG,107_0005_0022.JPG,8192,8192,2751,2702,0.9821882951653944,329.833984375,0.65625,0.671875,0.9681731462478638,False,ok,0.13903650001157075
D1_154_building,disk-lightglue-r3200-k8192,disk,lightglue,3200,8192,347,107_0005_0018.JPG,107_0005_0023.JPG,8192,8192,3111,3099,0.996142719382835,378.2958984375,0.6875,0.6875,0.9825799465179443,False,ok,0.13009730000339914
D1_154_building,disk-lightglue-r3200-k8192,disk,lightglue,3200,8192,348,107_0005_0018.JPG,107_0005_0024.JPG,8192,8192,2476,2438,0.9846526655896607,297.607421875,0.546875,0.53125,0.9758628010749817,False,ok,0.13277119999111164
D1_154_building,disk-lightglue-r3200-k8192,disk,lightglue,3200,8192,349,107_0005_0018.JPG,107_0005_0025.JPG,8192,8192,1718,1684,0.980209545983702,205.56640625,0.421875,0.34375,0.9725754857063293,False,ok,0.12969840000732802
D1_154_building,disk-lightglue-r3200-k8192,disk,lightglue,3200,8192,350,107_0005_0018.JPG,107_0005_0026.JPG,8192,8192,791,742,0.9380530973451328,90.576171875,0.234375,0.21875,0.9487911462783813,False,ok,0.14989129999594297
D1_154_building,disk-lightglue-r3200-k8192,disk,lightglue,3200,8192,351,107_0005_0018.JPG,107_0005_0051.JPG,8192,8192,13,7,0.5384615384615384,0.8544921875,0.09375,0.09375,0.2585389316082001,True,ok,0.12718139999196865
D1_154_building,disk-lightglue-r3200-k8192,disk,lightglue,3200,8192,352,107_0005_0018.JPG,107_0005_0052.JPG,8192,8192,19,8,0.42105263157894735,0.9765625,0.125,0.09375,0.1688818782567978,True,ok,0.1352731000079075
D1_154_building,disk-lightglue-r3200-k8192,disk,lightglue,3200,8192,353,107_0005_0018.JPG,107_0005_0053.JPG,8192,8192,18,8,0.4444444444444444,0.9765625,0.109375,0.109375,0.18910007178783417,True,ok,0.12690319999819621
D1_154_building,disk-lightglue-r3200-k8192,disk,lightglue,3200,8192,354,107_0005_0018.JPG,107_0005_0067.JPG,8192,8192,1631,1584,0.9711833231146536,193.359375,0.375,0.34375,0.9716764092445374,False,ok,0.1362671999959275
D1_154_building,disk-lightglue-r3200-k8192,disk,lightglue,3200,8192,355,107_0005_0018.JPG,107_0005_0068.JPG,8192,8192,2378,2229,0.9373423044575273,272.0947265625,0.46875,0.421875,0.9697195887565613,False,ok,0.13930740000796504
D1_154_building,disk-lightglue-r3200-k8192,disk,lightglue,3200,8192,356,107_0005_0018.JPG,107_0005_0076.JPG,8192,8192,3105,3029,0.975523349436393,369.7509765625,0.703125,0.609375,0.9694268107414246,False,ok,0.12873739999486133
D1_154_building,disk-lightglue-r3200-k8192,disk,lightglue,3200,8192,357,107_0005_0018.JPG,107_0005_0077.JPG,8192,8192,2602,2531,0.9727132974634897,308.9599609375,0.578125,0.484375,0.9874499440193176,False,ok,0.1389160999970045
D1_154_building,disk-lightglue-r3200-k8192,disk,lightglue,3200,8192,358,107_0005_0018.JPG,107_0005_0078.JPG,8192,8192,1558,1519,0.9749679075738126,185.4248046875,0.359375,0.359375,0.9849196672439575,False,ok,0.1413890999974683
D1_154_building,disk-lightglue-r3200-k8192,disk,lightglue,3200,8192,359,107_0005_0018.JPG,107_0005_0079.JPG,8192,8192,310,301,0.9709677419354839,36.7431640625,0.125,0.171875,0.9491480588912964,False,ok,0.13547829999879468
D1_154_building,disk-lightglue-r3200-k8192,disk,lightglue,3200,8192,360,107_0005_0018.JPG,107_0005_0094.JPG,8192,8192,21,9,0.42857142857142855,1.0986328125,0.125,0.125,0.225850448012352,True,ok,0.13379060001170728
D1_154_building,disk-lightglue-r3200-k8192,disk,lightglue,3200,8192,361,107_0005_0018.JPG,107_0005_0095.JPG,8192,8192,4,0,0.0,0.0,0.0,0.0,0.1943180114030838,True,too_few_matches,0.13810449998709373
D1_154_building,disk-lightglue-r3200-k8192,disk,lightglue,3200,8192,362,107_0005_0018.JPG,107_0005_0096.JPG,8192,8192,18,8,0.4444444444444444,0.9765625,0.09375,0.125,0.22515858709812164,True,ok,0.1387042999995174
D1_154_building,disk-lightglue-r3200-k8192,disk,lightglue,3200,8192,363,107_0005_0018.JPG,107_0005_0097.JPG,8192,8192,18,8,0.4444444444444444,0.9765625,0.125,0.125,0.22908467054367065,True,ok,0.1364462000055937
D1_154_building,disk-lightglue-r3200-k8192,disk,lightglue,3200,8192,364,107_0005_0019.JPG,107_0005_0020.JPG,8192,8192,4368,4317,0.9883241758241759,526.9775390625,0.875,0.875,0.972500205039978,False,ok,0.08703470000182278
D1_154_building,disk-lightglue-r3200-k8192,disk,lightglue,3200,8192,365,107_0005_0019.JPG,107_0005_0021.JPG,8192,8192,3195,3160,0.9890453834115805,385.7421875,0.75,0.75,0.9765948057174683,False,ok,0.12947800000256393
D1_154_building,disk-lightglue-r3200-k8192,disk,lightglue,3200,8192,366,107_0005_0019.JPG,107_0005_0022.JPG,8192,8192,3074,3030,0.9856864020819779,369.873046875,0.75,0.75,0.972213864326477,False,ok,0.13212369999382645
D1_154_building,disk-lightglue-r3200-k8192,disk,lightglue,3200,8192,367,107_0005_0019.JPG,107_0005_0023.JPG,8192,8192,2541,2507,0.9866194411648957,306.0302734375,0.59375,0.5625,0.9795117974281311,False,ok,0.13328109998838045
D1_154_building,disk-lightglue-r3200-k8192,disk,lightglue,3200,8192,368,107_0005_0019.JPG,107_0005_0024.JPG,8192,8192,1782,1741,0.9769921436588104,212.5244140625,0.46875,0.453125,0.9642018675804138,False,ok,0.14553379999415483
D1_154_building,disk-lightglue-r3200-k8192,disk,lightglue,3200,8192,369,107_0005_0019.JPG,107_0005_0025.JPG,8192,8192,1054,1023,0.9705882352941176,124.8779296875,0.296875,0.28125,0.9574795365333557,False,ok,0.1302304999990156
D1_154_building,disk-lightglue-r3200-k8192,disk,lightglue,3200,8192,370,107_0005_0019.JPG,107_0005_0026.JPG,8192,8192,398,372,0.9346733668341709,45.41015625,0.1875,0.171875,0.9323642253875732,False,ok,0.13339979999000207
D1_154_building,disk-lightglue-r3200-k8192,disk,lightglue,3200,8192,371,107_0005_0019.JPG,107_0005_0027.JPG,8192,8192,22,9,0.4090909090909091,1.0986328125,0.140625,0.125,0.18499785661697388,True,ok,0.1369336000061594
D1_154_building,disk-lightglue-r3200-k8192,disk,lightglue,3200,8192,372,107_0005_0019.JPG,107_0005_0051.JPG,8192,8192,18,8,0.4444444444444444,0.9765625,0.125,0.109375,0.20258551836013794,True,ok,0.14285350000136532
D1_154_building,disk-lightglue-r3200-k8192,disk,lightglue,3200,8192,373,107_0005_0019.JPG,107_0005_0052.JPG,8192,8192,17,8,0.47058823529411764,0.9765625,0.125,0.125,0.18575747311115265,True,ok,0.12943620000442024
D1_154_building,disk-lightglue-r3200-k8192,disk,lightglue,3200,8192,374,107_0005_0019.JPG,107_0005_0053.JPG,8192,8192,16,9,0.5625,1.0986328125,0.125,0.125,0.20721474289894104,True,ok,0.13168390000646468
D1_154_building,disk-lightglue-r3200-k8192,disk,lightglue,3200,8192,375,107_0005_0019.JPG,107_0005_0068.JPG,8192,8192,1625,1456,0.896,177.734375,0.375,0.34375,0.9718796610832214,False,ok,0.13779160000558477
D1_154_building,disk-lightglue-r3200-k8192,disk,lightglue,3200,8192,376,107_0005_0019.JPG,107_0005_0069.JPG,8192,8192,2325,2170,0.9333333333333333,264.892578125,0.578125,0.421875,0.9548025727272034,False,ok,0.14292420000128914
D1_154_building,disk-lightglue-r3200-k8192,disk,lightglue,3200,8192,377,107_0005_0019.JPG,107_0005_0070.JPG,8192,8192,2712,2524,0.9306784660766961,308.10546875,0.734375,0.53125,0.9550401568412781,False,ok,0.14351799999712966
D1_154_building,disk-lightglue-r3200-k8192,disk,lightglue,3200,8192,378,107_0005_0019.JPG,107_0005_0071.JPG,8192,8192,2796,2600,0.9298998569384835,317.3828125,0.859375,0.609375,0.928799569606781,False,ok,0.15709399999468587
D1_154_building,disk-lightglue-r3200-k8192,disk,lightglue,3200,8192,379,107_0005_0019.JPG,107_0005_0072.JPG,8192,8192,3023,2855,0.9444260668210387,348.5107421875,0.953125,0.734375,0.9135279655456543,False,ok,0.12926590000279248
D1_154_building,disk-lightglue-r3200-k8192,disk,lightglue,3200,8192,380,107_0005_0019.JPG,107_0005_0075.JPG,8192,8192,3040,2939,0.9667763157894737,358.7646484375,0.796875,0.671875,0.9632910490036011,False,ok,0.14396199998736847
D1_154_building,disk-lightglue-r3200-k8192,disk,lightglue,3200,8192,381,107_0005_0019.JPG,107_0005_0076.JPG,8192,8192,2651,2585,0.975103734439834,315.5517578125,0.609375,0.609375,0.9828596711158752,False,ok,0.12549489999946672
D1_154_building,disk-lightglue-r3200-k8192,disk,lightglue,3200,8192,382,107_0005_0019.JPG,107_0005_0077.JPG,8192,8192,1675,1465,0.8746268656716418,178.8330078125,0.375,0.40625,0.9917385578155518,False,ok,0.13427849998697639
D1_154_building,disk-lightglue-r3200-k8192,disk,lightglue,3200,8192,383,107_0005_0019.JPG,107_0005_0078.JPG,8192,8192,730,715,0.9794520547945206,87.2802734375,0.25,0.234375,0.973487138748169,False,ok,0.13205880000896286
D1_154_building,disk-lightglue-r3200-k8192,disk,lightglue,3200,8192,384,107_0005_0019.JPG,107_0005_0093.JPG,8192,8192,192,140,0.7291666666666666,17.08984375,0.40625,0.40625,0.29221317172050476,False,ok,0.14466079999692738
D1_154_building,disk-lightglue-r3200-k8192,disk,lightglue,3200,8192,385,107_0005_0019.JPG,107_0005_0094.JPG,8192,8192,19,8,0.42105263157894735,0.9765625,0.109375,0.125,0.20256248116493225,True,ok,0.13424189999932423
D1_154_building,disk-lightglue-r3200-k8192,disk,lightglue,3200,8192,386,107_0005_0019.JPG,107_0005_0095.JPG,8192,8192,7,0,0.0,0.0,0.0,0.0,0.20910358428955078,True,too_few_matches,0.1299812000070233
D1_154_building,disk-lightglue-r3200-k8192,disk,lightglue,3200,8192,387,107_0005_0019.JPG,107_0005_0096.JPG,8192,8192,12,8,0.6666666666666666,0.9765625,0.125,0.109375,0.16163526475429535,True,ok,0.14010289999714587
D1_154_building,disk-lightglue-r3200-k8192,disk,lightglue,3200,8192,388,107_0005_0019.JPG,107_0005_0097.JPG,8192,8192,10,7,0.7,0.8544921875,0.109375,0.109375,0.15591901540756226,True,ok,0.1418439999979455
D1_154_building,disk-lightglue-r3200-k8192,disk,lightglue,3200,8192,389,107_0005_0020.JPG,107_0005_0021.JPG,8192,8192,4597,4541,0.9878181422666956,554.3212890625,0.875,0.875,0.976148247718811,False,ok,0.08737759999348782
D1_154_building,disk-lightglue-r3200-k8192,disk,lightglue,3200,8192,390,107_0005_0020.JPG,107_0005_0022.JPG,8192,8192,4369,4318,0.9883268482490273,527.099609375,0.875,0.875,0.9714919328689575,False,ok,0.09010279999347404
D1_154_building,disk-lightglue-r3200-k8192,disk,lightglue,3200,8192,391,107_0005_0020.JPG,107_0005_0023.JPG,8192,8192,3240,3187,0.983641975308642,389.0380859375,0.6875,0.703125,0.9558278322219849,False,ok,0.08922470000106841
D1_154_building,disk-lightglue-r3200-k8192,disk,lightglue,3200,8192,392,107_0005_0020.JPG,107_0005_0024.JPG,8192,8192,2038,2006,0.9842983316977428,244.873046875,0.546875,0.53125,0.9608780741691589,False,ok,0.13382750000164378
D1_154_building,disk-lightglue-r3200-k8192,disk,lightglue,3200,8192,393,107_0005_0020.JPG,107_0005_0025.JPG,8192,8192,1072,1024,0.9552238805970149,125.0,0.375,0.328125,0.9365119338035583,False,ok,0.14499860000796616
D1_154_building,disk-lightglue-r3200-k8192,disk,lightglue,3200,8192,394,107_0005_0020.JPG,107_0005_0026.JPG,8192,8192,392,365,0.9311224489795918,44.5556640625,0.25,0.1875,0.9099809527397156,False,ok,0.1373262999986764
D1_154_building,disk-lightglue-r3200-k8192,disk,lightglue,3200,8192,395,107_0005_0020.JPG,107_0005_0027.JPG,8192,8192,14,8,0.5714285714285714,0.9765625,0.125,0.125,0.16132652759552002,True,ok,0.1343464999954449
D1_154_building,disk-lightglue-r3200-k8192,disk,lightglue,3200,8192,396,107_0005_0020.JPG,107_0005_0028.JPG,8192,8192,20,9,0.45,1.0986328125,0.125,0.140625,0.20484104752540588,True,ok,0.13447309999901336
D1_154_building,disk-lightglue-r3200-k8192,disk,lightglue,3200,8192,397,107_0005_0020.JPG,107_0005_0075.JPG,8192,8192,3057,2949,0.9646712463199215,359.9853515625,0.859375,0.671875,0.9489797949790955,False,ok,0.1350592999951914
D1_154_building,disk-lightglue-r3200-k8192,disk,lightglue,3200,8192,398,107_0005_0020.JPG,107_0005_0076.JPG,8192,8192,2512,2423,0.9645700636942676,295.7763671875,0.609375,0.578125,0.9753890037536621,False,ok,0.12911130000429694
D1_154_building,disk-lightglue-r3200-k8192,disk,lightglue,3200,8192,399,107_0005_0020.JPG,107_0005_0077.JPG,8192,8192,1388,1233,0.888328530259366,150.5126953125,0.421875,0.40625,0.9829597473144531,False,ok,0.12983469999744557
D1_154_building,disk-lightglue-r3200-k8192,disk,lightglue,3200,8192,400,107_0005_0020.JPG,107_0005_0078.JPG,8192,8192,548,535,0.9762773722627737,65.3076171875,0.234375,0.234375,0.9681472182273865,False,ok,0.14243910000368487
D1_154_building,disk-lightglue-r3200-k8192,disk,lightglue,3200,8192,401,107_0005_0020.JPG,107_0005_0087.JPG,8192,8192,756,703,0.9298941798941799,85.8154296875,0.3125,0.296875,0.9581151604652405,False,ok,0.13210869999602437
D1_154_building,disk-lightglue-r3200-k8192,disk,lightglue,3200,8192,402,107_0005_0020.JPG,107_0005_0088.JPG,8192,8192,1696,1577,0.9298349056603774,192.5048828125,0.40625,0.40625,0.9721878170967102,False,ok,0.1255168999923626
D1_154_building,disk-lightglue-r3200-k8192,disk,lightglue,3200,8192,403,107_0005_0020.JPG,107_0005_0089.JPG,8192,8192,2466,2329,0.9444444444444444,284.3017578125,0.640625,0.5,0.9616519808769226,False,ok,0.13307830000121612
D1_154_building,disk-lightglue-r3200-k8192,disk,lightglue,3200,8192,404,107_0005_0020.JPG,107_0005_0093.JPG,8192,8192,2280,1761,0.7723684210526316,214.9658203125,0.734375,0.578125,0.8617876172065735,False,ok,0.26309170000604354
D1_154_building,disk-lightglue-r3200-k8192,disk,lightglue,3200,8192,405,107_0005_0020.JPG,107_0005_0094.JPG,8192,8192,10,7,0.7,0.8544921875,0.109375,0.109375,0.2588571012020111,True,ok,0.12512810000043828
D1_154_building,disk-lightglue-r3200-k8192,disk,lightglue,3200,8192,406,107_0005_0020.JPG,107_0005_0095.JPG,8192,8192,14,8,0.5714285714285714,0.9765625,0.125,0.078125,0.17542190849781036,True,ok,0.15013120000367053
D1_154_building,disk-lightglue-r3200-k8192,disk,lightglue,3200,8192,407,107_0005_0020.JPG,107_0005_0096.JPG,8192,8192,7,0,0.0,0.0,0.0,0.0,0.2087792009115219,True,too_few_matches,0.1388200999936089
D1_154_building,disk-lightglue-r3200-k8192,disk,lightglue,3200,8192,408,107_0005_0020.JPG,107_0005_0097.JPG,8192,8192,8,7,0.875,0.8544921875,0.109375,0.09375,0.19852536916732788,True,ok,0.13497800000186544
D1_154_building,disk-lightglue-r3200-k8192,disk,lightglue,3200,8192,409,107_0005_0020.JPG,107_0005_0098.JPG,8192,8192,10,7,0.7,0.8544921875,0.09375,0.078125,0.15436793863773346,True,ok,0.13073619999340735
D1_154_building,disk-lightglue-r3200-k8192,disk,lightglue,3200,8192,410,107_0005_0021.JPG,107_0005_0022.JPG,8192,8192,5658,5608,0.9911629551078119,684.5703125,1.0,1.0,0.9863755106925964,False,ok,0.1056966000032844
D1_154_building,disk-lightglue-r3200-k8192,disk,lightglue,3200,8192,411,107_0005_0021.JPG,107_0005_0023.JPG,8192,8192,3721,3663,0.9844127922601451,447.1435546875,0.8125,0.84375,0.9669026136398315,False,ok,0.0812378999980865
D1_154_building,disk-lightglue-r3200-k8192,disk,lightglue,3200,8192,412,107_0005_0021.JPG,107_0005_0024.JPG,8192,8192,2318,2260,0.9749784296807593,275.87890625,0.625,0.609375,0.9662527441978455,False,ok,0.14271509999525733
D1_154_building,disk-lightglue-r3200-k8192,disk,lightglue,3200,8192,413,107_0005_0021.JPG,107_0005_0025.JPG,8192,8192,1209,1152,0.9528535980148883,140.625,0.46875,0.390625,0.9284508228302002,False,ok,0.12179260000993963
D1_154_building,disk-lightglue-r3200-k8192,disk,lightglue,3200,8192,414,107_0005_0021.JPG,107_0005_0026.JPG,8192,8192,450,408,0.9066666666666666,49.8046875,0.25,0.21875,0.8762251734733582,False,ok,0.13405059999786317
D1_154_building,disk-lightglue-r3200-k8192,disk,lightglue,3200,8192,415,107_0005_0021.JPG,107_0005_0027.JPG,8192,8192,14,8,0.5714285714285714,0.9765625,0.125,0.109375,0.22748282551765442,True,ok,0.13523620000341907
D1_154_building,disk-lightglue-r3200-k8192,disk,lightglue,3200,8192,416,107_0005_0021.JPG,107_0005_0028.JPG,8192,8192,16,8,0.5,0.9765625,0.109375,0.09375,0.2282501757144928,True,ok,0.13362720000441186
D1_154_building,disk-lightglue-r3200-k8192,disk,lightglue,3200,8192,417,107_0005_0021.JPG,107_0005_0029.JPG,8192,8192,21,9,0.42857142857142855,1.0986328125,0.125,0.140625,0.17481113970279694,True,ok,0.13384460000088438
D1_154_building,disk-lightglue-r3200-k8192,disk,lightglue,3200,8192,418,107_0005_0021.JPG,107_0005_0076.JPG,8192,8192,2052,1967,0.9585769980506823,240.1123046875,0.53125,0.46875,0.9615480303764343,False,ok,0.13833149999845773
D1_154_building,disk-lightglue-r3200-k8192,disk,lightglue,3200,8192,419,107_0005_0021.JPG,107_0005_0077.JPG,8192,8192,1122,971,0.8654188948306596,118.5302734375,0.359375,0.3125,0.959821879863739,False,ok,0.15462099999422207
D1_154_building,disk-lightglue-r3200-k8192,disk,lightglue,3200,8192,420,107_0005_0021.JPG,107_0005_0086.JPG,8192,8192,190,123,0.6473684210526316,15.0146484375,0.09375,0.109375,0.7735915184020996,False,ok,0.15267320000566542
D1_154_building,disk-lightglue-r3200-k8192,disk,lightglue,3200,8192,421,107_0005_0021.JPG,107_0005_0087.JPG,8192,8192,1003,972,0.9690927218344965,118.65234375,0.359375,0.359375,0.9752805829048157,False,ok,0.13273099999059923
D1_154_building,disk-lightglue-r3200-k8192,disk,lightglue,3200,8192,422,107_0005_0021.JPG,107_0005_0088.JPG,8192,8192,2121,2044,0.9636963696369637,249.51171875,0.484375,0.46875,0.9875860214233398,False,ok,0.13206560000253376
D1_154_building,disk-lightglue-r3200-k8192,disk,lightglue,3200,8192,423,107_0005_0021.JPG,107_0005_0089.JPG,8192,8192,2831,2714,0.9586718474037442,331.298828125,0.734375,0.546875,0.9700736999511719,False,ok,0.14136270000017248
D1_154_building,disk-lightglue-r3200-k8192,disk,lightglue,3200,8192,424,107_0005_0021.JPG,107_0005_0090.JPG,8192,8192,2919,2746,0.9407331277834875,335.205078125,0.890625,0.6875,0.9306367039680481,False,ok,0.13619840001047123
D1_154_building,disk-lightglue-r3200-k8192,disk,lightglue,3200,8192,425,107_0005_0021.JPG,107_0005_0091.JPG,8192,8192,2789,2581,0.9254212979562567,315.0634765625,0.984375,0.78125,0.9176697134971619,False,ok,0.1647110000048997
D1_154_building,disk-lightglue-r3200-k8192,disk,lightglue,3200,8192,426,107_0005_0021.JPG,107_0005_0092.JPG,8192,8192,2977,2806,0.9425596237823312,342.529296875,0.84375,0.671875,0.9054642915725708,False,ok,0.13043769999057986
D1_154_building,disk-lightglue-r3200-k8192,disk,lightglue,3200,8192,427,107_0005_0021.JPG,107_0005_0093.JPG,8192,8192,1822,1452,0.7969264544456641,177.24609375,0.546875,0.4375,0.8472715020179749,False,ok,0.24178840000240598
D1_154_building,disk-lightglue-r3200-k8192,disk,lightglue,3200,8192,428,107_0005_0021.JPG,107_0005_0094.JPG,8192,8192,8,7,0.875,0.8544921875,0.09375,0.09375,0.20265349745750427,True,ok,0.12798259999544825
D1_154_building,disk-lightglue-r3200-k8192,disk,lightglue,3200,8192,429,107_0005_0021.JPG,107_0005_0097.JPG,8192,8192,14,7,0.5,0.8544921875,0.09375,0.09375,0.2064439207315445,True,ok,0.1350079999974696
D1_154_building,disk-lightglue-r3200-k8192,disk,lightglue,3200,8192,430,107_0005_0021.JPG,107_0005_0098.JPG,8192,8192,18,9,0.5,1.0986328125,0.109375,0.109375,0.2221011519432068,True,ok,0.1475596999953268
D1_154_building,disk-lightglue-r3200-k8192,disk,lightglue,3200,8192,431,107_0005_0021.JPG,107_0005_0099.JPG,8192,8192,18,8,0.4444444444444444,0.9765625,0.125,0.109375,0.20141001045703888,True,ok,0.13707430000067689
D1_154_building,disk-lightglue-r3200-k8192,disk,lightglue,3200,8192,432,107_0005_0022.JPG,107_0005_0023.JPG,8192,8192,3720,3648,0.9806451612903225,445.3125,0.828125,0.796875,0.9618862271308899,False,ok,0.08068120000825729
D1_154_building,disk-lightglue-r3200-k8192,disk,lightglue,3200,8192,433,107_0005_0022.JPG,107_0005_0024.JPG,8192,8192,2245,2192,0.976391982182628,267.578125,0.625,0.609375,0.9672533869743347,False,ok,0.13673389999894425
D1_154_building,disk-lightglue-r3200-k8192,disk,lightglue,3200,8192,434,107_0005_0022.JPG,107_0005_0025.JPG,8192,8192,1173,1103,0.9403239556692242,134.6435546875,0.421875,0.375,0.9252620339393616,False,ok,0.13345190000836737
D1_154_building,disk-lightglue-r3200-k8192,disk,lightglue,3200,8192,435,107_0005_0022.JPG,107_0005_0026.JPG,8192,8192,445,401,0.9011235955056179,48.9501953125,0.25,0.21875,0.8707262873649597,False,ok,0.10767589999886695
D1_154_building,disk-lightglue-r3200-k8192,disk,lightglue,3200,8192,436,107_0005_0022.JPG,107_0005_0027.JPG,8192,8192,26,9,0.34615384615384615,1.0986328125,0.125,0.140625,0.23918145895004272,True,ok,0.10191959999792743
D1_154_building,disk-lightglue-r3200-k8192,disk,lightglue,3200,8192,437,107_0005_0022.JPG,107_0005_0028.JPG,8192,8192,20,9,0.45,1.0986328125,0.140625,0.140625,0.19184139370918274,True,ok,0.09260489999724086
D1_154_building,disk-lightglue-r3200-k8192,disk,lightglue,3200,8192,438,107_0005_0022.JPG,107_0005_0029.JPG,8192,8192,26,9,0.34615384615384615,1.0986328125,0.09375,0.109375,0.18960227072238922,True,ok,0.07795849999820348
D1_154_building,disk-lightglue-r3200-k8192,disk,lightglue,3200,8192,439,107_0005_0022.JPG,107_0005_0030.JPG,8192,8192,14,8,0.5714285714285714,0.9765625,0.125,0.125,0.20977546274662018,True,ok,0.08535180000762921
D1_154_building,disk-lightglue-r3200-k8192,disk,lightglue,3200,8192,440,107_0005_0022.JPG,107_0005_0076.JPG,8192,8192,1991,1830,0.9191361125062782,223.388671875,0.515625,0.453125,0.9595515727996826,False,ok,0.09507640000083484
D1_154_building,disk-lightglue-r3200-k8192,disk,lightglue,3200,8192,441,107_0005_0022.JPG,107_0005_0086.JPG,8192,8192,179,127,0.7094972067039106,15.5029296875,0.09375,0.109375,0.7884941697120667,False,ok,0.1202157000079751
D1_154_building,disk-lightglue-r3200-k8192,disk,lightglue,3200,8192,442,107_0005_0022.JPG,107_0005_0087.JPG,8192,8192,1019,994,0.9754661432777233,121.337890625,0.3125,0.359375,0.976159393787384,False,ok,0.0847531000035815
D1_154_building,disk-lightglue-r3200-k8192,disk,lightglue,3200,8192,443,107_0005_0022.JPG,107_0005_0088.JPG,8192,8192,2141,2093,0.9775805698271836,255.4931640625,0.484375,0.5,0.9877017736434937,False,ok,0.11026290000882
D1_154_building,disk-lightglue-r3200-k8192,disk,lightglue,3200,8192,444,107_0005_0022.JPG,107_0005_0089.JPG,8192,8192,2818,2713,0.9627395315826828,331.1767578125,0.734375,0.578125,0.9709446430206299,False,ok,0.11002429999643937
D1_154_building,disk-lightglue-r3200-k8192,disk,lightglue,3200,8192,445,107_0005_0022.JPG,107_0005_0090.JPG,8192,8192,2950,2792,0.9464406779661017,340.8203125,0.875,0.6875,0.9292733073234558,False,ok,0.13938510000298265
D1_154_building,disk-lightglue-r3200-k8192,disk,lightglue,3200,8192,446,107_0005_0022.JPG,107_0005_0091.JPG,8192,8192,2806,2604,0.9280114041339986,317.87109375,0.984375,0.78125,0.9234797358512878,False,ok,0.15578230000392068
D1_154_building,disk-lightglue-r3200-k8192,disk,lightglue,3200,8192,447,107_0005_0022.JPG,107_0005_0092.JPG,8192,8192,2938,2763,0.9404356705241661,337.2802734375,0.859375,0.671875,0.9368504881858826,False,ok,0.16052040000795387
D1_154_building,disk-lightglue-r3200-k8192,disk,lightglue,3200,8192,448,107_0005_0022.JPG,107_0005_0093.JPG,8192,8192,108,83,0.7685185185185185,10.1318359375,0.265625,0.21875,0.28430140018463135,False,ok,0.1268005999882007
D1_154_building,disk-lightglue-r3200-k8192,disk,lightglue,3200,8192,449,107_0005_0022.JPG,107_0005_0094.JPG,8192,8192,12,7,0.5833333333333334,0.8544921875,0.09375,0.078125,0.20921456813812256,True,ok,0.13522399999783374
D1_154_building,disk-lightglue-r3200-k8192,disk,lightglue,3200,8192,450,107_0005_0022.JPG,107_0005_0097.JPG,8192,8192,25,9,0.36,1.0986328125,0.109375,0.078125,0.21694502234458923,True,ok,0.13873649999732152
D1_154_building,disk-lightglue-r3200-k8192,disk,lightglue,3200,8192,451,107_0005_0022.JPG,107_0005_0098.JPG,8192,8192,13,7,0.5384615384615384,0.8544921875,0.09375,0.09375,0.18705877661705017,True,ok,0.11504869999771472
D1_154_building,disk-lightglue-r3200-k8192,disk,lightglue,3200,8192,452,107_0005_0022.JPG,107_0005_0099.JPG,8192,8192,21,8,0.38095238095238093,0.9765625,0.109375,0.125,0.1524118334054947,True,ok,0.1002470999956131
D1_154_building,disk-lightglue-r3200-k8192,disk,lightglue,3200,8192,453,107_0005_0023.JPG,107_0005_0024.JPG,8192,8192,4325,4253,0.9833526011560694,519.1650390625,0.828125,0.796875,0.9715484976768494,False,ok,0.07374000000709202
D1_154_building,disk-lightglue-r3200-k8192,disk,lightglue,3200,8192,454,107_0005_0023.JPG,107_0005_0025.JPG,8192,8192,2779,2715,0.9769701331414178,331.4208984375,0.578125,0.5625,0.9723575711250305,False,ok,0.13099859999783803
D1_154_building,disk-lightglue-r3200-k8192,disk,lightglue,3200,8192,455,107_0005_0023.JPG,107_0005_0026.JPG,8192,8192,1436,1345,0.9366295264623955,164.1845703125,0.4375,0.375,0.9353708028793335,False,ok,0.13512969999283087
D1_154_building,disk-lightglue-r3200-k8192,disk,lightglue,3200,8192,456,107_0005_0023.JPG,107_0005_0027.JPG,8192,8192,335,289,0.8626865671641791,35.2783203125,0.1875,0.15625,0.8331227898597717,False,ok,0.14684100000886247
D1_154_building,disk-lightglue-r3200-k8192,disk,lightglue,3200,8192,457,107_0005_0023.JPG,107_0005_0028.JPG,8192,8192,17,8,0.47058823529411764,0.9765625,0.125,0.125,0.24263566732406616,True,ok,0.1551774999970803
D1_154_building,disk-lightglue-r3200-k8192,disk,lightglue,3200,8192,458,107_0005_0023.JPG,107_0005_0029.JPG,8192,8192,26,9,0.34615384615384615,1.0986328125,0.140625,0.109375,0.17811964452266693,True,ok,0.13619799999287352
D1_154_building,disk-lightglue-r3200-k8192,disk,lightglue,3200,8192,459,107_0005_0023.JPG,107_0005_0030.JPG,8192,8192,19,9,0.47368421052631576,1.0986328125,0.125,0.125,0.17105230689048767,True,ok,0.10464929998852313
D1_154_building,disk-lightglue-r3200-k8192,disk,lightglue,3200,8192,460,107_0005_0023.JPG,107_0005_0031.JPG,8192,8192,14,8,0.5714285714285714,0.9765625,0.109375,0.09375,0.15069888532161713,True,ok,0.1335479999979725
D1_154_building,disk-lightglue-r3200-k8192,disk,lightglue,3200,8192,461,107_0005_0023.JPG,107_0005_0078.JPG,8192,8192,1312,1180,0.899390243902439,144.04296875,0.359375,0.3125,0.9641549587249756,False,ok,0.13999290000356268
D1_154_building,disk-lightglue-r3200-k8192,disk,lightglue,3200,8192,462,107_0005_0023.JPG,107_0005_0085.JPG,8192,8192,212,179,0.8443396226415094,21.8505859375,0.09375,0.09375,0.9080832004547119,False,ok,0.1332269999984419
D1_154_building,disk-lightglue-r3200-k8192,disk,lightglue,3200,8192,463,107_0005_0023.JPG,107_0005_0086.JPG,8192,8192,1200,1193,0.9941666666666666,145.6298828125,0.296875,0.3125,0.988288164138794,False,ok,0.1396688999957405
D1_154_building,disk-lightglue-r3200-k8192,disk,lightglue,3200,8192,464,107_0005_0023.JPG,107_0005_0087.JPG,8192,8192,2424,2306,0.9513201320132013,281.494140625,0.453125,0.46875,0.9888015389442444,False,ok,0.14088629999605473
D1_154_building,disk-lightglue-r3200-k8192,disk,lightglue,3200,8192,465,107_0005_0023.JPG,107_0005_0088.JPG,8192,8192,2974,2888,0.9710827168796234,352.5390625,0.6875,0.578125,0.9689675569534302,False,ok,0.13923289999365807
D1_154_building,disk-lightglue-r3200-k8192,disk,lightglue,3200,8192,466,107_0005_0023.JPG,107_0005_0097.JPG,8192,8192,15,8,0.5333333333333333,0.9765625,0.125,0.109375,0.172261580824852,True,ok,0.12511819999781437
D1_154_building,disk-lightglue-r3200-k8192,disk,lightglue,3200,8192,467,107_0005_0023.JPG,107_0005_0098.JPG,8192,8192,15,8,0.5333333333333333,0.9765625,0.09375,0.125,0.1569904237985611,True,ok,0.13313149999885354
D1_154_building,disk-lightglue-r3200-k8192,disk,lightglue,3200,8192,468,107_0005_0023.JPG,107_0005_0099.JPG,8192,8192,14,8,0.5714285714285714,0.9765625,0.109375,0.125,0.17640767991542816,True,ok,0.14324380000471137
D1_154_building,disk-lightglue-r3200-k8192,disk,lightglue,3200,8192,469,107_0005_0023.JPG,107_0005_0100.JPG,8192,8192,10,7,0.7,0.8544921875,0.109375,0.109375,0.1676262617111206,True,ok,0.12681309999607038
D1_154_building,disk-lightglue-r3200-k8192,disk,lightglue,3200,8192,470,107_0005_0024.JPG,107_0005_0025.JPG,8192,8192,4204,4165,0.9907231208372979,508.4228515625,0.796875,0.765625,0.9900946617126465,False,ok,0.13456440001027659
D1_154_building,disk-lightglue-r3200-k8192,disk,lightglue,3200,8192,471,107_0005_0024.JPG,107_0005_0026.JPG,8192,8192,2460,2399,0.9752032520325203,292.8466796875,0.546875,0.546875,0.9784884452819824,False,ok,0.1366369999886956
D1_154_building,disk-lightglue-r3200-k8192,disk,lightglue,3200,8192,472,107_0005_0024.JPG,107_0005_0027.JPG,8192,8192,985,948,0.9624365482233502,115.72265625,0.359375,0.296875,0.9477759599685669,False,ok,0.14578160000382923
D1_154_building,disk-lightglue-r3200-k8192,disk,lightglue,3200,8192,473,107_0005_0024.JPG,107_0005_0028.JPG,8192,8192,283,257,0.9081272084805654,31.3720703125,0.1875,0.15625,0.9185374975204468,False,ok,0.13522169999487232
D1_154_building,disk-lightglue-r3200-k8192,disk,lightglue,3200,8192,474,107_0005_0024.JPG,107_0005_0029.JPG,8192,8192,64,29,0.453125,3.5400390625,0.078125,0.0625,0.5633525848388672,False,ok,0.1785890000028303
D1_154_building,disk-lightglue-r3200-k8192,disk,lightglue,3200,8192,475,107_0005_0024.JPG,107_0005_0030.JPG,8192,8192,20,9,0.45,1.0986328125,0.140625,0.109375,0.24205556511878967,True,ok,0.12679470000148285
D1_154_building,disk-lightglue-r3200-k8192,disk,lightglue,3200,8192,476,107_0005_0024.JPG,107_0005_0031.JPG,8192,8192,18,8,0.4444444444444444,0.9765625,0.125,0.109375,0.1819966733455658,True,ok,0.1290783000004012
D1_154_building,disk-lightglue-r3200-k8192,disk,lightglue,3200,8192,477,107_0005_0024.JPG,107_0005_0032.JPG,8192,8192,13,8,0.6153846153846154,0.9765625,0.078125,0.109375,0.21602104604244232,True,ok,0.143347499993979
D1_154_building,disk-lightglue-r3200-k8192,disk,lightglue,3200,8192,478,107_0005_0024.JPG,107_0005_0085.JPG,8192,8192,1021,1011,0.990205680705191,123.4130859375,0.28125,0.28125,0.9841172099113464,False,ok,0.14001670001016464
D1_154_building,disk-lightglue-r3200-k8192,disk,lightglue,3200,8192,479,107_0005_0024.JPG,107_0005_0086.JPG,8192,8192,2028,2000,0.9861932938856016,244.140625,0.390625,0.375,0.9921848773956299,False,ok,0.13372479999088682
D1_154_building,disk-lightglue-r3200-k8192,disk,lightglue,3200,8192,480,107_0005_0024.JPG,107_0005_0087.JPG,8192,8192,2803,2686,0.9582590082054941,327.880859375,0.625,0.546875,0.9701287746429443,False,ok,0.13629429999855347
D1_154_building,disk-lightglue-r3200-k8192,disk,lightglue,3200,8192,481,107_0005_0024.JPG,107_0005_0097.JPG,8192,8192,11,7,0.6363636363636364,0.8544921875,0.109375,0.078125,0.165179044008255,True,ok,0.1398588000010932
D1_154_building,disk-lightglue-r3200-k8192,disk,lightglue,3200,8192,482,107_0005_0024.JPG,107_0005_0098.JPG,8192,8192,8,7,0.875,0.8544921875,0.109375,0.109375,0.16747143864631653,True,ok,0.1340020000061486
D1_154_building,disk-lightglue-r3200-k8192,disk,lightglue,3200,8192,483,107_0005_0024.JPG,107_0005_0099.JPG,8192,8192,16,8,0.5,0.9765625,0.109375,0.109375,0.2153976857662201,True,ok,0.13366330000280868
D1_154_building,disk-lightglue-r3200-k8192,disk,lightglue,3200,8192,484,107_0005_0024.JPG,107_0005_0100.JPG,8192,8192,14,7,0.5,0.8544921875,0.109375,0.109375,0.23081588745117188,True,ok,0.14276689999678638
D1_154_building,disk-lightglue-r3200-k8192,disk,lightglue,3200,8192,485,107_0005_0024.JPG,107_0005_0109.JPG,8192,8192,15,8,0.5333333333333333,0.9765625,0.09375,0.109375,0.20528975129127502,True,ok,0.12974829999438953
D1_154_building,disk-lightglue-r3200-k8192,disk,lightglue,3200,8192,486,107_0005_0024.JPG,107_0005_0110.JPG,8192,8192,18,8,0.4444444444444444,0.9765625,0.078125,0.09375,0.16017325222492218,True,ok,0.13626389999990351
D1_154_building,disk-lightglue-r3200-k8192,disk,lightglue,3200,8192,487,107_0005_0024.JPG,107_0005_0127.JPG,8192,8192,17,8,0.47058823529411764,0.9765625,0.125,0.09375,0.17326568067073822,True,ok,0.128389799996512
D1_154_building,disk-lightglue-r3200-k8192,disk,lightglue,3200,8192,488,107_0005_0024.JPG,107_0005_0128.JPG,8192,8192,19,8,0.42105263157894735,0.9765625,0.109375,0.125,0.1958404779434204,True,ok,0.1451777000038419
D1_154_building,disk-lightglue-r3200-k8192,disk,lightglue,3200,8192,489,107_0005_0025.JPG,107_0005_0026.JPG,8192,8192,3930,3888,0.9893129770992366,474.609375,0.796875,0.765625,0.9889885187149048,False,ok,0.11765010000090115
D1_154_building,disk-lightglue-r3200-k8192,disk,lightglue,3200,8192,490,107_0005_0025.JPG,107_0005_0027.JPG,8192,8192,2048,1999,0.97607421875,244.0185546875,0.53125,0.515625,0.9750277996063232,False,ok,0.1306672999926377
D1_154_building,disk-lightglue-r3200-k8192,disk,lightglue,3200,8192,491,107_0005_0025.JPG,107_0005_0028.JPG,8192,8192,945,904,0.9566137566137566,110.3515625,0.390625,0.3125,0.9574872255325317,False,ok,0.13289660000009462
D1_154_building,disk-lightglue-r3200-k8192,disk,lightglue,3200,8192,492,107_0005_0025.JPG,107_0005_0029.JPG,8192,8192,445,416,0.9348314606741573,50.78125,0.234375,0.203125,0.9266863465309143,False,ok,0.13346669999009464
D1_154_building,disk-lightglue-r3200-k8192,disk,lightglue,3200,8192,493,107_0005_0025.JPG,107_0005_0030.JPG,8192,8192,24,8,0.3333333333333333,0.9765625,0.109375,0.109375,0.17983202636241913,True,ok,0.14021300000604242
D1_154_building,disk-lightglue-r3200-k8192,disk,lightglue,3200,8192,494,107_0005_0025.JPG,107_0005_0031.JPG,8192,8192,9,7,0.7777777777777778,0.8544921875,0.109375,0.09375,0.1916729360818863,True,ok,0.10880140001245309
D1_154_building,disk-lightglue-r3200-k8192,disk,lightglue,3200,8192,495,107_0005_0025.JPG,107_0005_0032.JPG,8192,8192,11,7,0.6363636363636364,0.8544921875,0.09375,0.09375,0.2421114444732666,True,ok,0.15333889999601524
D1_154_building,disk-lightglue-r3200-k8192,disk,lightglue,3200,8192,496,107_0005_0025.JPG,107_0005_0033.JPG,8192,8192,12,8,0.6666666666666666,0.9765625,0.09375,0.125,0.1848682165145874,True,ok,0.15831520000938326
D1_154_building,disk-lightglue-r3200-k8192,disk,lightglue,3200,8192,497,107_0005_0025.JPG,107_0005_0082.JPG,8192,8192,684,671,0.9809941520467836,81.9091796875,0.21875,0.25,0.9740887880325317,False,ok,0.1383056999911787
D1_154_building,disk-lightglue-r3200-k8192,disk,lightglue,3200,8192,498,107_0005_0025.JPG,107_0005_0083.JPG,8192,8192,887,864,0.9740698985343855,105.46875,0.25,0.28125,0.9779440760612488,False,ok,0.13496820000000298
D1_154_building,disk-lightglue-r3200-k8192,disk,lightglue,3200,8192,499,107_0005_0025.JPG,107_0005_0084.JPG,8192,8192,911,898,0.9857299670691547,109.619140625,0.28125,0.296875,0.9791431427001953,False,ok,0.13448020000942051
D1_154_building,disk-lightglue-r3200-k8192,disk,lightglue,3200,8192,500,107_0005_0025.JPG,107_0005_0085.JPG,8192,8192,1947,1911,0.9815100154083205,233.2763671875,0.375,0.359375,0.9898474216461182,False,ok,0.14041510000242852
D1_154_building,disk-lightglue-r3200-k8192,disk,lightglue,3200,8192,501,107_0005_0025.JPG,107_0005_0086.JPG,8192,8192,2465,2390,0.9695740365111561,291.748046875,0.59375,0.5,0.9748035073280334,False,ok,0.13804749998962507
D1_154_building,disk-lightglue-r3200-k8192,disk,lightglue,3200,8192,502,107_0005_0025.JPG,107_0005_0108.JPG,8192,8192,11,7,0.6363636363636364,0.8544921875,0.09375,0.078125,0.1736169457435608,True,ok,0.12898710000445135
D1_154_building,disk-lightglue-r3200-k8192,disk,lightglue,3200,8192,503,107_0005_0025.JPG,107_0005_0109.JPG,8192,8192,16,8,0.5,0.9765625,0.125,0.078125,0.16505959630012512,True,ok,0.1397919000010006
D1_154_building,disk-lightglue-r3200-k8192,disk,lightglue,3200,8192,504,107_0005_0025.JPG,107_0005_0110.JPG,8192,8192,19,8,0.42105263157894735,0.9765625,0.125,0.09375,0.1734730452299118,True,ok,0.14443250000476837
D1_154_building,disk-lightglue-r3200-k8192,disk,lightglue,3200,8192,505,107_0005_0025.JPG,107_0005_0111.JPG,8192,8192,18,8,0.4444444444444444,0.9765625,0.125,0.109375,0.20548906922340393,True,ok,0.12230990000534803
D1_154_building,disk-lightglue-r3200-k8192,disk,lightglue,3200,8192,506,107_0005_0025.JPG,107_0005_0126.JPG,8192,8192,18,8,0.4444444444444444,0.9765625,0.125,0.109375,0.2617434859275818,True,ok,0.1306678999972064
D1_154_building,disk-lightglue-r3200-k8192,disk,lightglue,3200,8192,507,107_0005_0025.JPG,107_0005_0127.JPG,8192,8192,16,8,0.5,0.9765625,0.09375,0.109375,0.14317604899406433,True,ok,0.13761520000116434
D1_154_building,disk-lightglue-r3200-k8192,disk,lightglue,3200,8192,508,107_0005_0025.JPG,107_0005_0128.JPG,8192,8192,14,8,0.5714285714285714,0.9765625,0.125,0.109375,0.19926871359348297,True,ok,0.14567540001007728
D1_154_building,disk-lightglue-r3200-k8192,disk,lightglue,3200,8192,509,107_0005_0025.JPG,107_0005_0129.JPG,8192,8192,24,9,0.375,1.0986328125,0.0625,0.078125,0.20687752962112427,True,ok,0.13417029999254737
D1_154_building,disk-lightglue-r3200-k8192,disk,lightglue,3200,8192,510,107_0005_0026.JPG,107_0005_0027.JPG,8192,8192,3788,3765,0.9939281942977825,459.5947265625,0.796875,0.8125,0.991016149520874,False,ok,0.11923430000024382
D1_154_building,disk-lightglue-r3200-k8192,disk,lightglue,3200,8192,511,107_0005_0026.JPG,107_0005_0028.JPG,8192,8192,2150,2119,0.9855813953488373,258.6669921875,0.546875,0.515625,0.9842265844345093,False,ok,0.1434824000025401
D1_154_building,disk-lightglue-r3200-k8192,disk,lightglue,3200,8192,512,107_0005_0026.JPG,107_0005_0029.JPG,8192,8192,1352,1314,0.9718934911242604,160.400390625,0.453125,0.421875,0.9751577973365784,False,ok,0.13745310000376776
D1_154_building,disk-lightglue-r3200-k8192,disk,lightglue,3200,8192,513,107_0005_0026.JPG,107_0005_0030.JPG,8192,8192,18,8,0.4444444444444444,0.9765625,0.109375,0.125,0.16597560048103333,True,ok,0.13829070000792854
D1_154_building,disk-lightglue-r3200-k8192,disk,lightglue,3200,8192,514,107_0005_0026.JPG,107_0005_0031.JPG,8192,8192,12,7,0.5833333333333334,0.8544921875,0.109375,0.078125,0.13313280045986176,True,ok,0.12971079999988433
D1_154_building,disk-lightglue-r3200-k8192,disk,lightglue,3200,8192,515,107_0005_0026.JPG,107_0005_0032.JPG,8192,8192,16,8,0.5,0.9765625,0.125,0.125,0.15966199338436127,True,ok,0.13044670000090264
D1_154_building,disk-lightglue-r3200-k8192,disk,lightglue,3200,8192,516,107_0005_0026.JPG,107_0005_0033.JPG,8192,8192,9,7,0.7777777777777778,0.8544921875,0.09375,0.109375,0.1788947880268097,True,ok,0.11976800000411458
D1_154_building,disk-lightglue-r3200-k8192,disk,lightglue,3200,8192,517,107_0005_0026.JPG,107_0005_0034.JPG,8192,8192,8,7,0.875,0.8544921875,0.109375,0.109375,0.1523861140012741,True,ok,0.1221540999977151
D1_154_building,disk-lightglue-r3200-k8192,disk,lightglue,3200,8192,518,107_0005_0026.JPG,107_0005_0082.JPG,8192,8192,1693,1644,0.9710572947430597,200.68359375,0.40625,0.40625,0.9856963157653809,False,ok,0.14574050001101568
D1_154_building,disk-lightglue-r3200-k8192,disk,lightglue,3200,8192,519,107_0005_0026.JPG,107_0005_0083.JPG,8192,8192,2086,2045,0.9803451581975072,249.6337890625,0.4375,0.453125,0.9896784424781799,False,ok,0.14686980000988115
D1_154_building,disk-lightglue-r3200-k8192,disk,lightglue,3200,8192,520,107_0005_0026.JPG,107_0005_0084.JPG,8192,8192,2079,2011,0.9672919672919673,245.4833984375,0.40625,0.40625,0.9901087284088135,False,ok,0.1528323999955319
D1_154_building,disk-lightglue-r3200-k8192,disk,lightglue,3200,8192,521,107_0005_0026.JPG,107_0005_0109.JPG,8192,8192,13,8,0.6153846153846154,0.9765625,0.125,0.125,0.19192177057266235,True,ok,0.1262917000130983
D1_154_building,disk-lightglue-r3200-k8192,disk,lightglue,3200,8192,522,107_0005_0026.JPG,107_0005_0110.JPG,8192,8192,17,8,0.47058823529411764,0.9765625,0.09375,0.078125,0.22922436892986298,True,ok,0.1415569999953732
D1_154_building,disk-lightglue-r3200-k8192,disk,lightglue,3200,8192,523,107_0005_0026.JPG,107_0005_0111.JPG,8192,8192,12,7,0.5833333333333334,0.8544921875,0.109375,0.09375,0.2026548832654953,True,ok,0.12968030000047293
D1_154_building,disk-lightglue-r3200-k8192,disk,lightglue,3200,8192,524,107_0005_0026.JPG,107_0005_0118.JPG,8192,8192,0,0,0.0,0.0,0.0,0.0,0.0,True,no_matches,0.3208985999954166
D1_154_building,disk-lightglue-r3200-k8192,disk,lightglue,3200,8192,525,107_0005_0026.JPG,107_0005_0119.JPG,8192,8192,0,0,0.0,0.0,0.0,0.0,0.0,True,no_matches,0.3016242999874521
D1_154_building,disk-lightglue-r3200-k8192,disk,lightglue,3200,8192,526,107_0005_0026.JPG,107_0005_0126.JPG,8192,8192,16,8,0.5,0.9765625,0.109375,0.109375,0.22363713383674622,True,ok,0.13769579998916015
D1_154_building,disk-lightglue-r3200-k8192,disk,lightglue,3200,8192,527,107_0005_0026.JPG,107_0005_0127.JPG,8192,8192,13,8,0.6153846153846154,0.9765625,0.09375,0.109375,0.1843908578157425,True,ok,0.151944099998218
D1_154_building,disk-lightglue-r3200-k8192,disk,lightglue,3200,8192,528,107_0005_0026.JPG,107_0005_0128.JPG,8192,8192,19,9,0.47368421052631576,1.0986328125,0.140625,0.109375,0.2055276781320572,True,ok,0.10577809999813326
D1_154_building,disk-lightglue-r3200-k8192,disk,lightglue,3200,8192,529,107_0005_0026.JPG,107_0005_0129.JPG,8192,8192,26,10,0.38461538461538464,1.220703125,0.109375,0.109375,0.2826404273509979,True,ok,0.10876550000102725
D1_154_building,disk-lightglue-r3200-k8192,disk,lightglue,3200,8192,530,107_0005_0026.JPG,107_0005_0130.JPG,8192,8192,25,9,0.36,1.0986328125,0.109375,0.125,0.3133693039417267,True,ok,0.12514280001050793
D1_154_building,disk-lightglue-r3200-k8192,disk,lightglue,3200,8192,531,107_0005_0027.JPG,107_0005_0028.JPG,8192,8192,3921,3899,0.9943891864320327,475.9521484375,0.8125,0.796875,0.9934303760528564,False,ok,0.13533090001146775
D1_154_building,disk-lightglue-r3200-k8192,disk,lightglue,3200,8192,532,107_0005_0027.JPG,107_0005_0029.JPG,8192,8192,2838,2788,0.9823819591261451,340.33203125,0.6875,0.703125,0.9861879944801331,False,ok,0.14031039999099448
D1_154_building,disk-lightglue-r3200-k8192,disk,lightglue,3200,8192,533,107_0005_0027.JPG,107_0005_0030.JPG,8192,8192,10,7,0.7,0.8544921875,0.109375,0.078125,0.14960739016532898,True,ok,0.1447143999976106
D1_154_building,disk-lightglue-r3200-k8192,disk,lightglue,3200,8192,534,107_0005_0027.JPG,107_0005_0031.JPG,8192,8192,12,7,0.5833333333333334,0.8544921875,0.109375,0.09375,0.22876115143299103,True,ok,0.13749079999979585
D1_154_building,disk-lightglue-r3200-k8192,disk,lightglue,3200,8192,535,107_0005_0027.JPG,107_0005_0032.JPG,8192,8192,12,7,0.5833333333333334,0.8544921875,0.109375,0.09375,0.16124552488327026,True,ok,0.12649270000110846
D1_154_building,disk-lightglue-r3200-k8192,disk,lightglue,3200,8192,536,107_0005_0027.JPG,107_0005_0033.JPG,8192,8192,17,8,0.47058823529411764,0.9765625,0.109375,0.109375,0.14627468585968018,True,ok,0.1296320000110427
D1_154_building,disk-lightglue-r3200-k8192,disk,lightglue,3200,8192,537,107_0005_0027.JPG,107_0005_0034.JPG,8192,8192,13,7,0.5384615384615384,0.8544921875,0.109375,0.109375,0.19564487040042877,True,ok,0.12174669999512844
D1_154_building,disk-lightglue-r3200-k8192,disk,lightglue,3200,8192,538,107_0005_0027.JPG,107_0005_0035.JPG,8192,8192,18,8,0.4444444444444444,0.9765625,0.125,0.125,0.22531801462173462,True,ok,0.1289210999966599
D1_154_building,disk-lightglue-r3200-k8192,disk,lightglue,3200,8192,539,107_0005_0027.JPG,107_0005_0082.JPG,8192,8192,2508,2437,0.9716905901116427,297.4853515625,0.6875,0.515625,0.9753900766372681,False,ok,0.1316517999948701
D1_154_building,disk-lightglue-r3200-k8192,disk,lightglue,3200,8192,540,107_0005_0027.JPG,107_0005_0083.JPG,8192,8192,2731,2669,0.9772976931526913,325.8056640625,0.671875,0.5625,0.9761559367179871,False,ok,0.14217260001169052
D1_154_building,disk-lightglue-r3200-k8192,disk,lightglue,3200,8192,541,107_0005_0027.JPG,107_0005_0084.JPG,8192,8192,2749,2670,0.9712622771917061,325.927734375,0.671875,0.546875,0.9757195115089417,False,ok,0.13152769999578595
D1_154_building,disk-lightglue-r3200-k8192,disk,lightglue,3200,8192,542,107_0005_0027.JPG,107_0005_0117.JPG,8192,8192,1,0,0.0,0.0,0.0,0.0,0.1267056167125702,True,too_few_matches,0.21072519999870565
D1_154_building,disk-lightglue-r3200-k8192,disk,lightglue,3200,8192,543,107_0005_0027.JPG,107_0005_0118.JPG,8192,8192,25,9,0.36,1.0986328125,0.140625,0.140625,0.21173825860023499,True,ok,0.13130579999415204
D1_154_building,disk-lightglue-r3200-k8192,disk,lightglue,3200,8192,544,107_0005_0027.JPG,107_0005_0119.JPG,8192,8192,14,7,0.5,0.8544921875,0.109375,0.109375,0.2153824418783188,True,ok,0.11153100000228733
D1_154_building,disk-lightglue-r3200-k8192,disk,lightglue,3200,8192,545,107_0005_0027.JPG,107_0005_0120.JPG,8192,8192,14,8,0.5714285714285714,0.9765625,0.109375,0.09375,0.18859191238880157,True,ok,0.1526231000025291
D1_154_building,disk-lightglue-r3200-k8192,disk,lightglue,3200,8192,546,107_0005_0027.JPG,107_0005_0129.JPG,8192,8192,27,10,0.37037037037037035,1.220703125,0.078125,0.078125,0.25781184434890747,True,ok,0.15041799999016803
D1_154_building,disk-lightglue-r3200-k8192,disk,lightglue,3200,8192,547,107_0005_0027.JPG,107_0005_0130.JPG,8192,8192,29,10,0.3448275862068966,1.220703125,0.109375,0.125,0.3113947808742523,True,ok,0.11876029999984894
D1_154_building,disk-lightglue-r3200-k8192,disk,lightglue,3200,8192,548,107_0005_0027.JPG,107_0005_0131.JPG,8192,8192,18,8,0.4444444444444444,0.9765625,0.109375,0.109375,0.20457987487316132,True,ok,0.11072640000202227
D1_154_building,disk-lightglue-r3200-k8192,disk,lightglue,3200,8192,549,107_0005_0027.JPG,107_0005_0132.JPG,8192,8192,16,8,0.5,0.9765625,0.09375,0.09375,0.22494564950466156,True,ok,0.14891280001029372
D1_154_building,disk-lightglue-r3200-k8192,disk,lightglue,3200,8192,550,107_0005_0028.JPG,107_0005_0029.JPG,8192,8192,4777,4743,0.9928825622775801,578.9794921875,0.796875,0.828125,0.9828712940216064,False,ok,0.10655730000871699
D1_154_building,disk-lightglue-r3200-k8192,disk,lightglue,3200,8192,551,107_0005_0028.JPG,107_0005_0030.JPG,8192,8192,10,7,0.7,0.8544921875,0.109375,0.09375,0.17346373200416565,True,ok,0.12626540000201203
D1_154_building,disk-lightglue-r3200-k8192,disk,lightglue,3200,8192,552,107_0005_0028.JPG,107_0005_0031.JPG,8192,8192,9,7,0.7777777777777778,0.8544921875,0.09375,0.109375,0.20227991044521332,True,ok,0.13618430000497028
D1_154_building,disk-lightglue-r3200-k8192,disk,lightglue,3200,8192,553,107_0005_0028.JPG,107_0005_0032.JPG,8192,8192,17,8,0.47058823529411764,0.9765625,0.125,0.125,0.19689953327178955,True,ok,0.15006869999342598
D1_154_building,disk-lightglue-r3200-k8192,disk,lightglue,3200,8192,554,107_0005_0028.JPG,107_0005_0033.JPG,8192,8192,13,8,0.6153846153846154,0.9765625,0.078125,0.109375,0.17223159968852997,True,ok,0.10878009999578353
D1_154_building,disk-lightglue-r3200-k8192,disk,lightglue,3200,8192,555,107_0005_0028.JPG,107_0005_0034.JPG,8192,8192,12,8,0.6666666666666666,0.9765625,0.09375,0.09375,0.1640564203262329,True,ok,0.12562310000066645
D1_154_building,disk-lightglue-r3200-k8192,disk,lightglue,3200,8192,556,107_0005_0028.JPG,107_0005_0035.JPG,8192,8192,13,8,0.6153846153846154,0.9765625,0.109375,0.109375,0.2091054767370224,True,ok,0.13794540001254063
D1_154_building,disk-lightglue-r3200-k8192,disk,lightglue,3200,8192,557,107_0005_0028.JPG,107_0005_0036.JPG,8192,8192,25,9,0.36,1.0986328125,0.125,0.109375,0.17580604553222656,True,ok,0.1437426000047708
D1_154_building,disk-lightglue-r3200-k8192,disk,lightglue,3200,8192,558,107_0005_0028.JPG,107_0005_0117.JPG,8192,8192,12,8,0.6666666666666666,0.9765625,0.109375,0.125,0.14164100587368011,True,ok,0.11051539999607485
D1_154_building,disk-lightglue-r3200-k8192,disk,lightglue,3200,8192,559,107_0005_0028.JPG,107_0005_0118.JPG,8192,8192,9,7,0.7777777777777778,0.8544921875,0.109375,0.078125,0.2276916801929474,True,ok,0.1332920999993803
D1_154_building,disk-lightglue-r3200-k8192,disk,lightglue,3200,8192,560,107_0005_0028.JPG,107_0005_0119.JPG,8192,8192,9,7,0.7777777777777778,0.8544921875,0.109375,0.078125,0.21733443439006805,True,ok,0.1486564999941038
D1_154_building,disk-lightglue-r3200-k8192,disk,lightglue,3200,8192,561,107_0005_0028.JPG,107_0005_0120.JPG,8192,8192,13,7,0.5384615384615384,0.8544921875,0.109375,0.109375,0.1865289956331253,True,ok,0.1496636999945622
D1_154_building,disk-lightglue-r3200-k8192,disk,lightglue,3200,8192,562,107_0005_0028.JPG,107_0005_0129.JPG,8192,8192,17,8,0.47058823529411764,0.9765625,0.109375,0.125,0.19906985759735107,True,ok,0.10506119999627117
D1_154_building,disk-lightglue-r3200-k8192,disk,lightglue,3200,8192,563,107_0005_0028.JPG,107_0005_0130.JPG,8192,8192,17,8,0.47058823529411764,0.9765625,0.09375,0.109375,0.23524729907512665,True,ok,0.12809410000045318
D1_154_building,disk-lightglue-r3200-k8192,disk,lightglue,3200,8192,564,107_0005_0028.JPG,107_0005_0131.JPG,8192,8192,15,8,0.5333333333333333,0.9765625,0.109375,0.078125,0.21516522765159607,True,ok,0.13051860000996385
D1_154_building,disk-lightglue-r3200-k8192,disk,lightglue,3200,8192,565,107_0005_0028.JPG,107_0005_0132.JPG,8192,8192,26,9,0.34615384615384615,1.0986328125,0.140625,0.140625,0.19284208118915558,True,ok,0.1432459000061499
D1_154_building,disk-lightglue-r3200-k8192,disk,lightglue,3200,8192,566,107_0005_0028.JPG,107_0005_0133.JPG,8192,8192,13,8,0.6153846153846154,0.9765625,0.125,0.109375,0.163894385099411,True,ok,0.12444369999866467
D1_154_building,disk-lightglue-r3200-k8192,disk,lightglue,3200,8192,567,107_0005_0028.JPG,107_0005_0134.JPG,8192,8192,17,8,0.47058823529411764,0.9765625,0.125,0.125,0.2013079971075058,True,ok,0.134741000001668
D1_154_building,disk-lightglue-r3200-k8192,disk,lightglue,3200,8192,568,107_0005_0028.JPG,107_0005_0135.JPG,8192,8192,14,7,0.5,0.8544921875,0.109375,0.109375,0.19072489440441132,True,ok,0.1424340000085067
D1_154_building,disk-lightglue-r3200-k8192,disk,lightglue,3200,8192,569,107_0005_0029.JPG,107_0005_0030.JPG,8192,8192,7,0,0.0,0.0,0.0,0.0,0.11519111692905426,True,too_few_matches,0.13677589999861084
D1_154_building,disk-lightglue-r3200-k8192,disk,lightglue,3200,8192,570,107_0005_0029.JPG,107_0005_0031.JPG,8192,8192,8,0,0.0,0.0,0.0,0.0,0.184563547372818,True,no_model,0.14491329999873415
D1_154_building,disk-lightglue-r3200-k8192,disk,lightglue,3200,8192,571,107_0005_0029.JPG,107_0005_0032.JPG,8192,8192,11,7,0.6363636363636364,0.8544921875,0.109375,0.109375,0.2617637813091278,True,ok,0.09773819999827538
D1_154_building,disk-lightglue-r3200-k8192,disk,lightglue,3200,8192,572,107_0005_0029.JPG,107_0005_0033.JPG,8192,8192,7,0,0.0,0.0,0.0,0.0,0.22440986335277557,True,too_few_matches,0.13772540001082234
D1_154_building,disk-lightglue-r3200-k8192,disk,lightglue,3200,8192,573,107_0005_0029.JPG,107_0005_0034.JPG,8192,8192,12,8,0.6666666666666666,0.9765625,0.109375,0.09375,0.19340620934963226,True,ok,0.1554653000057442
D1_154_building,disk-lightglue-r3200-k8192,disk,lightglue,3200,8192,574,107_0005_0029.JPG,107_0005_0035.JPG,8192,8192,44,9,0.20454545454545456,1.0986328125,0.109375,0.109375,0.2350296527147293,True,ok,0.10169690000475384
D1_154_building,disk-lightglue-r3200-k8192,disk,lightglue,3200,8192,575,107_0005_0029.JPG,107_0005_0036.JPG,8192,8192,24,9,0.375,1.0986328125,0.125,0.109375,0.20798538625240326,True,ok,0.10986219999904279
D1_154_building,disk-lightglue-r3200-k8192,disk,lightglue,3200,8192,576,107_0005_0029.JPG,107_0005_0037.JPG,8192,8192,21,9,0.42857142857142855,1.0986328125,0.125,0.109375,0.23389148712158203,True,ok,0.11601270000392105
D1_154_building,disk-lightglue-r3200-k8192,disk,lightglue,3200,8192,577,107_0005_0029.JPG,107_0005_0117.JPG,8192,8192,6,0,0.0,0.0,0.0,0.0,0.14983294904232025,True,too_few_matches,0.1510569999954896
D1_154_building,disk-lightglue-r3200-k8192,disk,lightglue,3200,8192,578,107_0005_0029.JPG,107_0005_0118.JPG,8192,8192,13,7,0.5384615384615384,0.8544921875,0.09375,0.109375,0.16917525231838226,True,ok,0.14216419999138452
D1_154_building,disk-lightglue-r3200-k8192,disk,lightglue,3200,8192,579,107_0005_0029.JPG,107_0005_0119.JPG,8192,8192,8,0,0.0,0.0,0.0,0.0,0.14387381076812744,True,no_model,0.12967189999471884
D1_154_building,disk-lightglue-r3200-k8192,disk,lightglue,3200,8192,580,107_0005_0029.JPG,107_0005_0130.JPG,8192,8192,15,8,0.5333333333333333,0.9765625,0.109375,0.109375,0.2015022188425064,True,ok,0.11852380000345875
D1_154_building,disk-lightglue-r3200-k8192,disk,lightglue,3200,8192,581,107_0005_0029.JPG,107_0005_0131.JPG,8192,8192,16,8,0.5,0.9765625,0.125,0.125,0.18218237161636353,True,ok,0.1452768000017386
D1_154_building,disk-lightglue-r3200-k8192,disk,lightglue,3200,8192,582,107_0005_0029.JPG,107_0005_0132.JPG,8192,8192,20,8,0.4,0.9765625,0.078125,0.109375,0.15814968943595886,True,ok,0.14220299999578856
D1_154_building,disk-lightglue-r3200-k8192,disk,lightglue,3200,8192,583,107_0005_0029.JPG,107_0005_0133.JPG,8192,8192,11,7,0.6363636363636364,0.8544921875,0.109375,0.109375,0.18240633606910706,True,ok,0.11808010000095237
D1_154_building,disk-lightglue-r3200-k8192,disk,lightglue,3200,8192,584,107_0005_0029.JPG,107_0005_0134.JPG,8192,8192,13,8,0.6153846153846154,0.9765625,0.109375,0.125,0.1845308244228363,True,ok,0.13669700000900775
D1_154_building,disk-lightglue-r3200-k8192,disk,lightglue,3200,8192,585,107_0005_0029.JPG,107_0005_0135.JPG,8192,8192,16,7,0.4375,0.8544921875,0.109375,0.109375,0.1958400160074234,True,ok,0.14065019998815842
D1_154_building,disk-lightglue-r3200-k8192,disk,lightglue,3200,8192,586,107_0005_0029.JPG,107_0005_0136.JPG,8192,8192,12,7,0.5833333333333334,0.8544921875,0.109375,0.078125,0.20550309121608734,True,ok,0.1383269000070868
D1_154_building,disk-lightglue-r3200-k8192,disk,lightglue,3200,8192,587,107_0005_0029.JPG,107_0005_0141.JPG,8192,8192,12,8,0.6666666666666666,0.9765625,0.125,0.109375,0.19347751140594482,True,ok,0.13537440000800416
D1_154_building,disk-lightglue-r3200-k8192,disk,lightglue,3200,8192,588,107_0005_0030.JPG,107_0005_0031.JPG,8192,8192,13,8,0.6153846153846154,0.9765625,0.109375,0.09375,0.19722315669059753,True,ok,0.13265230000251904
D1_154_building,disk-lightglue-r3200-k8192,disk,lightglue,3200,8192,589,107_0005_0030.JPG,107_0005_0032.JPG,8192,8192,9,7,0.7777777777777778,0.8544921875,0.078125,0.09375,0.17475110292434692,True,ok,0.14555729999847244
D1_154_building,disk-lightglue-r3200-k8192,disk,lightglue,3200,8192,590,107_0005_0030.JPG,107_0005_0033.JPG,8192,8192,6,0,0.0,0.0,0.0,0.0,0.2201259285211563,True,too_few_matches,0.11110680000274442
D1_154_building,disk-lightglue-r3200-k8192,disk,lightglue,3200,8192,591,107_0005_0030.JPG,107_0005_0034.JPG,8192,8192,6,0,0.0,0.0,0.0,0.0,0.19181115925312042,True,too_few_matches,0.1341885000001639
D1_154_building,disk-lightglue-r3200-k8192,disk,lightglue,3200,8192,592,107_0005_0030.JPG,107_0005_0035.JPG,8192,8192,9,7,0.7777777777777778,0.8544921875,0.09375,0.09375,0.19584202766418457,True,ok,0.14219149999553338
D1_154_building,disk-lightglue-r3200-k8192,disk,lightglue,3200,8192,593,107_0005_0030.JPG,107_0005_0036.JPG,8192,8192,12,8,0.6666666666666666,0.9765625,0.109375,0.125,0.19315846264362335,True,ok,0.1485798999929102
D1_154_building,disk-lightglue-r3200-k8192,disk,lightglue,3200,8192,594,107_0005_0030.JPG,107_0005_0037.JPG,8192,8192,11,7,0.6363636363636364,0.8544921875,0.109375,0.09375,0.1580273061990738,True,ok,0.14002720000280533
D1_154_building,disk-lightglue-r3200-k8192,disk,lightglue,3200,8192,595,107_0005_0030.JPG,107_0005_0038.JPG,8192,8192,19,8,0.42105263157894735,0.9765625,0.09375,0.109375,0.24492354691028595,True,ok,0.13997980000567622
D1_154_building,disk-lightglue-r3200-k8192,disk,lightglue,3200,8192,596,107_0005_0030.JPG,107_0005_0115.JPG,8192,8192,598,493,0.8244147157190636,60.1806640625,0.15625,0.140625,0.9161399602890015,False,ok,0.12677550000080373
D1_154_building,disk-lightglue-r3200-k8192,disk,lightglue,3200,8192,597,107_0005_0030.JPG,107_0005_0116.JPG,8192,8192,568,485,0.8538732394366197,59.2041015625,0.203125,0.171875,0.8686788082122803,False,ok,0.1172942000121111
D1_154_building,disk-lightglue-r3200-k8192,disk,lightglue,3200,8192,598,107_0005_0030.JPG,107_0005_0117.JPG,8192,8192,1458,1404,0.9629629629629629,171.38671875,0.359375,0.3125,0.9659990072250366,False,ok,0.13567139999940991
D1_154_building,disk-lightglue-r3200-k8192,disk,lightglue,3200,8192,599,107_0005_0030.JPG,107_0005_0118.JPG,8192,8192,2409,2293,0.9518472395184724,279.9072265625,0.59375,0.5,0.9581541419029236,False,ok,0.1300889999984065
D1_154_building,disk-lightglue-r3200-k8192,disk,lightglue,3200,8192,600,107_0005_0030.JPG,107_0005_0130.JPG,8192,8192,14,8,0.5714285714285714,0.9765625,0.09375,0.109375,0.2355382740497589,True,ok,0.1498010999930557
D1_154_building,disk-lightglue-r3200-k8192,disk,lightglue,3200,8192,601,107_0005_0030.JPG,107_0005_0131.JPG,8192,8192,12,7,0.5833333333333334,0.8544921875,0.09375,0.09375,0.21017922461032867,True,ok,0.14996979999705218
D1_154_building,disk-lightglue-r3200-k8192,disk,lightglue,3200,8192,602,107_0005_0030.JPG,107_0005_0132.JPG,8192,8192,10,7,0.7,0.8544921875,0.09375,0.09375,0.1885734349489212,True,ok,0.11237000000255648
D1_154_building,disk-lightglue-r3200-k8192,disk,lightglue,3200,8192,603,107_0005_0030.JPG,107_0005_0133.JPG,8192,8192,14,7,0.5,0.8544921875,0.09375,0.109375,0.18185842037200928,True,ok,0.1402156000112882
D1_154_building,disk-lightglue-r3200-k8192,disk,lightglue,3200,8192,604,107_0005_0030.JPG,107_0005_0134.JPG,8192,8192,13,8,0.6153846153846154,0.9765625,0.109375,0.125,0.19845300912857056,True,ok,0.1424540000007255
D1_154_building,disk-lightglue-r3200-k8192,disk,lightglue,3200,8192,605,107_0005_0030.JPG,107_0005_0135.JPG,8192,8192,18,8,0.4444444444444444,0.9765625,0.125,0.125,0.21173620223999023,True,ok,0.13503049999417271
D1_154_building,disk-lightglue-r3200-k8192,disk,lightglue,3200,8192,606,107_0005_0030.JPG,107_0005_0140.JPG,8192,8192,12,8,0.6666666666666666,0.9765625,0.109375,0.109375,0.19720643758773804,True,ok,0.15583019999030512
D1_154_building,disk-lightglue-r3200-k8192,disk,lightglue,3200,8192,607,107_0005_0030.JPG,107_0005_0141.JPG,8192,8192,13,8,0.6153846153846154,0.9765625,0.125,0.078125,0.20632237195968628,True,ok,0.1605991999967955
D1_154_building,disk-lightglue-r3200-k8192,disk,lightglue,3200,8192,608,107_0005_0030.JPG,107_0005_0142.JPG,8192,8192,22,8,0.36363636363636365,0.9765625,0.109375,0.125,0.18878307938575745,True,ok,0.11690809999709018
D1_154_building,disk-lightglue-r3200-k8192,disk,lightglue,3200,8192,609,107_0005_0031.JPG,107_0005_0032.JPG,8192,8192,9,7,0.7777777777777778,0.8544921875,0.109375,0.09375,0.20139916241168976,True,ok,0.11112230000435375
D1_154_building,disk-lightglue-r3200-k8192,disk,lightglue,3200,8192,610,107_0005_0031.JPG,107_0005_0033.JPG,8192,8192,10,7,0.7,0.8544921875,0.109375,0.09375,0.16865547001361847,True,ok,0.13209130000905134
D1_154_building,disk-lightglue-r3200-k8192,disk,lightglue,3200,8192,611,107_0005_0031.JPG,107_0005_0034.JPG,8192,8192,8,7,0.875,0.8544921875,0.109375,0.109375,0.1640470027923584,True,ok,0.11436269999830984
D1_154_building,disk-lightglue-r3200-k8192,disk,lightglue,3200,8192,612,107_0005_0031.JPG,107_0005_0035.JPG,8192,8192,4,0,0.0,0.0,0.0,0.0,0.16028346121311188,True,too_few_matches,0.139985700006946
D1_154_building,disk-lightglue-r3200-k8192,disk,lightglue,3200,8192,613,107_0005_0031.JPG,107_0005_0036.JPG,8192,8192,10,7,0.7,0.8544921875,0.109375,0.109375,0.24028368294239044,True,ok,0.1367092999862507
D1_154_building,disk-lightglue-r3200-k8192,disk,lightglue,3200,8192,614,107_0005_0031.JPG,107_0005_0037.JPG,8192,8192,13,8,0.6153846153846154,0.9765625,0.109375,0.109375,0.1959918886423111,True,ok,0.14160939998691902
D1_154_building,disk-lightglue-r3200-k8192,disk,lightglue,3200,8192,615,107_0005_0031.JPG,107_0005_0038.JPG,8192,8192,13,8,0.6153846153846154,0.9765625,0.109375,0.109375,0.24568653106689453,True,ok,0.1390532999939751
D1_154_building,disk-lightglue-r3200-k8192,disk,lightglue,3200,8192,616,107_0005_0031.JPG,107_0005_0039.JPG,8192,8192,14,7,0.5,0.8544921875,0.09375,0.109375,0.21743275225162506,True,ok,0.13937179998902138
D1_154_building,disk-lightglue-r3200-k8192,disk,lightglue,3200,8192,617,107_0005_0031.JPG,107_0005_0115.JPG,8192,8192,14,8,0.5714285714285714,0.9765625,0.125,0.109375,0.16971755027770996,True,ok,0.1413546999974642
D1_154_building,disk-lightglue-r3200-k8192,disk,lightglue,3200,8192,618,107_0005_0031.JPG,107_0005_0116.JPG,8192,8192,15,8,0.5333333333333333,0.9765625,0.125,0.109375,0.1534956991672516,True,ok,0.14136949999374337
D1_154_building,disk-lightglue-r3200-k8192,disk,lightglue,3200,8192,619,107_0005_0031.JPG,107_0005_0117.JPG,8192,8192,10,7,0.7,0.8544921875,0.09375,0.109375,0.18079155683517456,True,ok,0.13797369999520015
D1_154_building,disk-lightglue-r3200-k8192,disk,lightglue,3200,8192,620,107_0005_0031.JPG,107_0005_0131.JPG,8192,8192,293,273,0.931740614334471,33.3251953125,0.171875,0.171875,0.4935983419418335,False,ok,0.13400289999844972
D1_154_building,disk-lightglue-r3200-k8192,disk,lightglue,3200,8192,621,107_0005_0031.JPG,107_0005_0140.JPG,8192,8192,2239,1675,0.7481018311746316,204.4677734375,0.765625,0.640625,0.8836104273796082,False,ok,0.24457590001111384
D1_154_building,disk-lightglue-r3200-k8192,disk,lightglue,3200,8192,622,107_0005_0031.JPG,107_0005_0141.JPG,8192,8192,1483,1157,0.7801753202966959,141.2353515625,0.5,0.4375,0.8952423334121704,False,ok,0.18148800000199117
D1_154_building,disk-lightglue-r3200-k8192,disk,lightglue,3200,8192,623,107_0005_0031.JPG,107_0005_0142.JPG,8192,8192,926,809,0.8736501079913607,98.7548828125,0.40625,0.40625,0.8691249489784241,False,ok,0.15302139999403153
D1_154_building,disk-lightglue-r3200-k8192,disk,lightglue,3200,8192,624,107_0005_0031.JPG,107_0005_0143.JPG,8192,8192,548,395,0.7208029197080292,48.2177734375,0.21875,0.25,0.7311094999313354,False,ok,0.1850199999898905
D1_154_building,disk-lightglue-r3200-k8192,disk,lightglue,3200,8192,625,107_0005_0032.JPG,107_0005_0033.JPG,8192,8192,4119,4075,0.9893177955814518,497.4365234375,0.84375,0.671875,0.9704975485801697,False,ok,0.08379990000685211
D1_154_building,disk-lightglue-r3200-k8192,disk,lightglue,3200,8192,626,107_0005_0032.JPG,107_0005_0034.JPG,8192,8192,2840,2772,0.976056338028169,338.37890625,0.8125,0.578125,0.8853294849395752,False,ok,0.0807961999962572
D1_154_building,disk-lightglue-r3200-k8192,disk,lightglue,3200,8192,627,107_0005_0032.JPG,107_0005_0035.JPG,8192,8192,1528,1441,0.9430628272251309,175.9033203125,0.703125,0.421875,0.6902323365211487,False,ok,0.08586050001031253
D1_154_building,disk-lightglue-r3200-k8192,disk,lightglue,3200,8192,628,107_0005_0032.JPG,107_0005_0036.JPG,8192,8192,536,475,0.8861940298507462,57.9833984375,0.5625,0.265625,0.5324923992156982,False,ok,0.08800819999305531
D1_154_building,disk-lightglue-r3200-k8192,disk,lightglue,3200,8192,629,107_0005_0032.JPG,107_0005_0037.JPG,8192,8192,865,557,0.6439306358381502,67.9931640625,0.453125,0.15625,0.7509881258010864,False,ok,0.17472539999289438
D1_154_building,disk-lightglue-r3200-k8192,disk,lightglue,3200,8192,630,107_0005_0032.JPG,107_0005_0038.JPG,8192,8192,23,9,0.391304347826087,1.0986328125,0.109375,0.140625,0.2262449413537979,True,ok,0.1283633999992162
D1_154_building,disk-lightglue-r3200-k8192,disk,lightglue,3200,8192,631,107_0005_0032.JPG,107_0005_0039.JPG,8192,8192,19,8,0.42105263157894735,0.9765625,0.125,0.125,0.1944056749343872,True,ok,0.13095339998835698
D1_154_building,disk-lightglue-r3200-k8192,disk,lightglue,3200,8192,632,107_0005_0032.JPG,107_0005_0040.JPG,8192,8192,24,17,0.7083333333333334,2.0751953125,0.078125,0.0625,0.3488600254058838,False,ok,0.1280992999963928
D1_154_building,disk-lightglue-r3200-k8192,disk,lightglue,3200,8192,633,107_0005_0032.JPG,107_0005_0115.JPG,8192,8192,17,9,0.5294117647058824,1.0986328125,0.140625,0.078125,0.21856789290905,True,ok,0.1369806000002427
D1_154_building,disk-lightglue-r3200-k8192,disk,lightglue,3200,8192,634,107_0005_0032.JPG,107_0005_0116.JPG,8192,8192,1,0,0.0,0.0,0.0,0.0,0.10728254914283752,True,too_few_matches,0.13763369999651331
D1_154_building,disk-lightglue-r3200-k8192,disk,lightglue,3200,8192,635,107_0005_0032.JPG,107_0005_0117.JPG,8192,8192,3,0,0.0,0.0,0.0,0.0,0.121017687022686,True,too_few_matches,0.14393369999015704
D1_154_building,disk-lightglue-r3200-k8192,disk,lightglue,3200,8192,636,107_0005_0032.JPG,107_0005_0140.JPG,8192,8192,10,7,0.7,0.8544921875,0.109375,0.109375,0.19172720611095428,True,ok,0.1341554999962682
D1_154_building,disk-lightglue-r3200-k8192,disk,lightglue,3200,8192,637,107_0005_0032.JPG,107_0005_0141.JPG,8192,8192,10,7,0.7,0.8544921875,0.109375,0.09375,0.18786045908927917,True,ok,0.13357879999966826
D1_154_building,disk-lightglue-r3200-k8192,disk,lightglue,3200,8192,638,107_0005_0032.JPG,107_0005_0142.JPG,8192,8192,15,8,0.5333333333333333,0.9765625,0.125,0.109375,0.1635114997625351,True,ok,0.14627510000718758
D1_154_building,disk-lightglue-r3200-k8192,disk,lightglue,3200,8192,639,107_0005_0032.JPG,107_0005_0143.JPG,8192,8192,8,0,0.0,0.0,0.0,0.0,0.13888156414031982,True,no_model,0.13096510000468697
D1_154_building,disk-lightglue-r3200-k8192,disk,lightglue,3200,8192,640,107_0005_0033.JPG,107_0005_0034.JPG,8192,8192,4484,4447,0.9917484388938448,542.8466796875,0.921875,0.765625,0.9757747650146484,False,ok,0.07008960000530351
D1_154_building,disk-lightglue-r3200-k8192,disk,lightglue,3200,8192,641,107_0005_0033.JPG,107_0005_0035.JPG,8192,8192,2982,2920,0.9792085848423877,356.4453125,0.796875,0.53125,0.9087244868278503,False,ok,0.09120249999978114
D1_154_building,disk-lightglue-r3200-k8192,disk,lightglue,3200,8192,642,107_0005_0033.JPG,107_0005_0036.JPG,8192,8192,1680,1614,0.9607142857142857,197.021484375,0.59375,0.390625,0.7572438716888428,False,ok,0.08309819998976309
D1_154_building,disk-lightglue-r3200-k8192,disk,lightglue,3200,8192,643,107_0005_0033.JPG,107_0005_0037.JPG,8192,8192,533,474,0.8893058161350844,57.861328125,0.453125,0.21875,0.5219022631645203,False,ok,0.09631500000250526
D1_154_building,disk-lightglue-r3200-k8192,disk,lightglue,3200,8192,644,107_0005_0033.JPG,107_0005_0038.JPG,8192,8192,838,508,0.6062052505966588,62.01171875,0.296875,0.109375,0.7278537154197693,False,ok,0.1857056000008015
D1_154_building,disk-lightglue-r3200-k8192,disk,lightglue,3200,8192,645,107_0005_0033.JPG,107_0005_0039.JPG,8192,8192,969,542,0.5593395252837977,66.162109375,0.3125,0.140625,0.7642210721969604,False,ok,0.18057019999832846
D1_154_building,disk-lightglue-r3200-k8192,disk,lightglue,3200,8192,646,107_0005_0033.JPG,107_0005_0040.JPG,8192,8192,748,474,0.6336898395721925,57.861328125,0.296875,0.125,0.7382622957229614,False,ok,0.16837159999704454
D1_154_building,disk-lightglue-r3200-k8192,disk,lightglue,3200,8192,647,107_0005_0033.JPG,107_0005_0041.JPG,8192,8192,136,121,0.8897058823529411,14.7705078125,0.25,0.078125,0.35601121187210083,False,ok,0.1238591000001179
D1_154_building,disk-lightglue-r3200-k8192,disk,lightglue,3200,8192,648,107_0005_0033.JPG,107_0005_0115.JPG,8192,8192,23,9,0.391304347826087,1.0986328125,0.125,0.125,0.17206688225269318,True,ok,0.13203369999246206
D1_154_building,disk-lightglue-r3200-k8192,disk,lightglue,3200,8192,649,107_0005_0033.JPG,107_0005_0116.JPG,8192,8192,8,7,0.875,0.8544921875,0.109375,0.078125,0.2775934934616089,True,ok,0.13695880000886973
D1_154_building,disk-lightglue-r3200-k8192,disk,lightglue,3200,8192,650,107_0005_0033.JPG,107_0005_0141.JPG,8192,8192,8,7,0.875,0.8544921875,0.09375,0.09375,0.16393032670021057,True,ok,0.1279907000134699
D1_154_building,disk-lightglue-r3200-k8192,disk,lightglue,3200,8192,651,107_0005_0033.JPG,107_0005_0142.JPG,8192,8192,5,0,0.0,0.0,0.0,0.0,0.22313614189624786,True,too_few_matches,0.14061829999263864
D1_154_building,disk-lightglue-r3200-k8192,disk,lightglue,3200,8192,652,107_0005_0033.JPG,107_0005_0150.JPG,8192,8192,4,0,0.0,0.0,0.0,0.0,0.16411815583705902,True,too_few_matches,0.13897919999726582
D1_154_building,disk-lightglue-r3200-k8192,disk,lightglue,3200,8192,653,107_0005_0033.JPG,107_0005_0151.JPG,8192,8192,7,0,0.0,0.0,0.0,0.0,0.18004223704338074,True,too_few_matches,0.1430514000094263
D1_154_building,disk-lightglue-r3200-k8192,disk,lightglue,3200,8192,654,107_0005_0033.JPG,107_0005_0152.JPG,8192,8192,7,0,0.0,0.0,0.0,0.0,0.20976488292217255,True,too_few_matches,0.13925530000415165
D1_154_building,disk-lightglue-r3200-k8192,disk,lightglue,3200,8192,655,107_0005_0034.JPG,107_0005_0035.JPG,8192,8192,4362,4312,0.988537368179734,526.3671875,0.921875,0.796875,0.9750052094459534,False,ok,0.08849870000267401
D1_154_building,disk-lightglue-r3200-k8192,disk,lightglue,3200,8192,656,107_0005_0034.JPG,107_0005_0036.JPG,8192,8192,2860,2797,0.977972027972028,341.4306640625,0.78125,0.5625,0.9137620329856873,False,ok,0.10073710000142455
D1_154_building,disk-lightglue-r3200-k8192,disk,lightglue,3200,8192,657,107_0005_0034.JPG,107_0005_0037.JPG,8192,8192,1621,1531,0.9444787168414559,186.8896484375,0.65625,0.46875,0.7195084691047668,False,ok,0.08035640000889543
D1_154_building,disk-lightglue-r3200-k8192,disk,lightglue,3200,8192,658,107_0005_0034.JPG,107_0005_0038.JPG,8192,8192,1233,1011,0.8199513381995134,123.4130859375,0.515625,0.3125,0.8671969771385193,False,ok,0.14409609998983797
D1_154_building,disk-lightglue-r3200-k8192,disk,lightglue,3200,8192,659,107_0005_0034.JPG,107_0005_0039.JPG,8192,8192,1225,1004,0.8195918367346938,122.55859375,0.515625,0.3125,0.876869797706604,False,ok,0.12894529999175575
D1_154_building,disk-lightglue-r3200-k8192,disk,lightglue,3200,8192,660,107_0005_0034.JPG,107_0005_0040.JPG,8192,8192,1221,997,0.8165438165438166,121.7041015625,0.5,0.28125,0.8763627409934998,False,ok,0.13521169999148697
D1_154_building,disk-lightglue-r3200-k8192,disk,lightglue,3200,8192,661,107_0005_0034.JPG,107_0005_0041.JPG,8192,8192,1029,754,0.7327502429543246,92.041015625,0.453125,0.21875,0.847857654094696,False,ok,0.14201150000735652
D1_154_building,disk-lightglue-r3200-k8192,disk,lightglue,3200,8192,662,107_0005_0034.JPG,107_0005_0042.JPG,8192,8192,1038,746,0.7186897880539499,91.064453125,0.40625,0.21875,0.857059121131897,False,ok,0.14443509999546222
D1_154_building,disk-lightglue-r3200-k8192,disk,lightglue,3200,8192,663,107_0005_0034.JPG,107_0005_0064.JPG,8192,8192,7,0,0.0,0.0,0.0,0.0,0.17826507985591888,True,too_few_matches,0.12354010000126436
D1_154_building,disk-lightglue-r3200-k8192,disk,lightglue,3200,8192,664,107_0005_0034.JPG,107_0005_0149.JPG,8192,8192,5,0,0.0,0.0,0.0,0.0,0.23075906932353973,True,too_few_matches,0.1342908999940846
D1_154_building,disk-lightglue-r3200-k8192,disk,lightglue,3200,8192,665,107_0005_0034.JPG,107_0005_0150.JPG,8192,8192,9,7,0.7777777777777778,0.8544921875,0.109375,0.109375,0.23334142565727234,True,ok,0.14109399999142624
D1_154_building,disk-lightglue-r3200-k8192,disk,lightglue,3200,8192,666,107_0005_0034.JPG,107_0005_0151.JPG,8192,8192,7,0,0.0,0.0,0.0,0.0,0.20062731206417084,True,too_few_matches,0.13299579999875277
D1_154_building,disk-lightglue-r3200-k8192,disk,lightglue,3200,8192,667,107_0005_0034.JPG,107_0005_0152.JPG,8192,8192,11,7,0.6363636363636364,0.8544921875,0.09375,0.109375,0.2169351577758789,True,ok,0.13498630000685807
D1_154_building,disk-lightglue-r3200-k8192,disk,lightglue,3200,8192,668,107_0005_0034.JPG,107_0005_0153.JPG,8192,8192,13,7,0.5384615384615384,0.8544921875,0.109375,0.109375,0.17368176579475403,True,ok,0.13848560000769794
D1_154_building,disk-lightglue-r3200-k8192,disk,lightglue,3200,8192,669,107_0005_0035.JPG,107_0005_0036.JPG,8192,8192,4380,4344,0.9917808219178083,530.2734375,0.9375,0.8125,0.9760022163391113,False,ok,0.09891549999883864
D1_154_building,disk-lightglue-r3200-k8192,disk,lightglue,3200,8192,670,107_0005_0035.JPG,107_0005_0037.JPG,8192,8192,2997,2935,0.9793126459793127,358.2763671875,0.8125,0.625,0.9158739447593689,False,ok,0.0852969999978086
D1_154_building,disk-lightglue-r3200-k8192,disk,lightglue,3200,8192,671,107_0005_0035.JPG,107_0005_0038.JPG,8192,8192,1935,1846,0.9540051679586563,225.341796875,0.671875,0.4375,0.9435155987739563,False,ok,0.1410496000025887
D1_154_building,disk-lightglue-r3200-k8192,disk,lightglue,3200,8192,672,107_0005_0035.JPG,107_0005_0039.JPG,8192,8192,1957,1857,0.9489013796627491,226.6845703125,0.671875,0.4375,0.9417034387588501,False,ok,0.12424829999508802
D1_154_building,disk-lightglue-r3200-k8192,disk,lightglue,3200,8192,673,107_0005_0035.JPG,107_0005_0040.JPG,8192,8192,1887,1692,0.8966613672496025,206.54296875,0.671875,0.40625,0.9385335445404053,False,ok,0.13974329999473412
D1_154_building,disk-lightglue-r3200-k8192,disk,lightglue,3200,8192,674,107_0005_0035.JPG,107_0005_0041.JPG,8192,8192,1502,1328,0.8841544607190412,162.109375,0.5625,0.34375,0.9057577252388,False,ok,0.13571620000584517
D1_154_building,disk-lightglue-r3200-k8192,disk,lightglue,3200,8192,675,107_0005_0035.JPG,107_0005_0042.JPG,8192,8192,1509,1314,0.8707753479125249,160.400390625,0.5625,0.328125,0.8954217433929443,False,ok,0.15007299999706447
D1_154_building,disk-lightglue-r3200-k8192,disk,lightglue,3200,8192,676,107_0005_0035.JPG,107_0005_0043.JPG,8192,8192,2159,2086,0.9661880500231589,254.638671875,0.671875,0.5,0.826509416103363,False,ok,0.06997729999420699
D1_154_building,disk-lightglue-r3200-k8192,disk,lightglue,3200,8192,677,107_0005_0035.JPG,107_0005_0149.JPG,8192,8192,12,8,0.6666666666666666,0.9765625,0.125,0.125,0.1752573400735855,True,ok,0.12365419999696314
D1_154_building,disk-lightglue-r3200-k8192,disk,lightglue,3200,8192,678,107_0005_0035.JPG,107_0005_0150.JPG,8192,8192,9,7,0.7777777777777778,0.8544921875,0.09375,0.09375,0.1753746122121811,True,ok,0.1507248999987496
D1_154_building,disk-lightglue-r3200-k8192,disk,lightglue,3200,8192,679,107_0005_0035.JPG,107_0005_0151.JPG,8192,8192,15,8,0.5333333333333333,0.9765625,0.125,0.09375,0.17347069084644318,True,ok,0.13781770000059623
D1_154_building,disk-lightglue-r3200-k8192,disk,lightglue,3200,8192,680,107_0005_0035.JPG,107_0005_0152.JPG,8192,8192,18,8,0.4444444444444444,0.9765625,0.09375,0.109375,0.20273457467556,True,ok,0.1313607000047341
D1_154_building,disk-lightglue-r3200-k8192,disk,lightglue,3200,8192,681,107_0005_0035.JPG,107_0005_0153.JPG,8192,8192,13,7,0.5384615384615384,0.8544921875,0.09375,0.09375,0.17573338747024536,True,ok,0.13013479999790434
D1_154_building,disk-lightglue-r3200-k8192,disk,lightglue,3200,8192,682,107_0005_0036.JPG,107_0005_0037.JPG,8192,8192,4493,4454,0.9913198308479858,543.701171875,0.921875,0.828125,0.970620334148407,False,ok,0.09842579999531154
D1_154_building,disk-lightglue-r3200-k8192,disk,lightglue,3200,8192,683,107_0005_0036.JPG,107_0005_0038.JPG,8192,8192,3134,3053,0.9741544352265475,372.6806640625,0.8125,0.578125,0.9160135388374329,False,ok,0.0858221000089543
D1_154_building,disk-lightglue-r3200-k8192,disk,lightglue,3200,8192,684,107_0005_0036.JPG,107_0005_0039.JPG,8192,8192,3159,3079,0.9746755302310858,375.8544921875,0.8125,0.578125,0.9215505719184875,False,ok,0.09478489999310113
D1_154_building,disk-lightglue-r3200-k8192,disk,lightglue,3200,8192,685,107_0005_0036.JPG,107_0005_0040.JPG,8192,8192,2851,2697,0.9459838653104174,329.2236328125,0.78125,0.5,0.8896926045417786,False,ok,0.0773003000067547
D1_154_building,disk-lightglue-r3200-k8192,disk,lightglue,3200,8192,686,107_0005_0036.JPG,107_0005_0041.JPG,8192,8192,2184,2036,0.9322344322344323,248.53515625,0.640625,0.40625,0.9484782814979553,False,ok,0.13782129999890458
D1_154_building,disk-lightglue-r3200-k8192,disk,lightglue,3200,8192,687,107_0005_0036.JPG,107_0005_0042.JPG,8192,8192,2211,2065,0.9339665309814563,252.0751953125,0.65625,0.421875,0.9388377666473389,False,ok,0.13748150000174064
D1_154_building,disk-lightglue-r3200-k8192,disk,lightglue,3200,8192,688,107_0005_0036.JPG,107_0005_0043.JPG,8192,8192,2768,2723,0.983742774566474,332.3974609375,0.734375,0.59375,0.9003832340240479,False,ok,0.08252059998631012
D1_154_building,disk-lightglue-r3200-k8192,disk,lightglue,3200,8192,689,107_0005_0036.JPG,107_0005_0044.JPG,8192,8192,2998,2941,0.9809873248832555,359.0087890625,0.6875,0.734375,0.9142390489578247,False,ok,0.08750999999756459
D1_154_building,disk-lightglue-r3200-k8192,disk,lightglue,3200,8192,690,107_0005_0036.JPG,107_0005_0150.JPG,8192,8192,13,7,0.5384615384615384,0.8544921875,0.09375,0.109375,0.1432938128709793,True,ok,0.1282255999976769
D1_154_building,disk-lightglue-r3200-k8192,disk,lightglue,3200,8192,691,107_0005_0036.JPG,107_0005_0151.JPG,8192,8192,12,7,0.5833333333333334,0.8544921875,0.109375,0.09375,0.1821451187133789,True,ok,0.13096339999174234
D1_154_building,disk-lightglue-r3200-k8192,disk,lightglue,3200,8192,692,107_0005_0036.JPG,107_0005_0152.JPG,8192,8192,16,8,0.5,0.9765625,0.109375,0.09375,0.2205582857131958,True,ok,0.13990720000583678
D1_154_building,disk-lightglue-r3200-k8192,disk,lightglue,3200,8192,693,107_0005_0037.JPG,107_0005_0038.JPG,8192,8192,4638,4581,0.9877102199223803,559.2041015625,0.953125,0.78125,0.9699929356575012,False,ok,0.09335339999233838
D1_154_building,disk-lightglue-r3200-k8192,disk,lightglue,3200,8192,694,107_0005_0037.JPG,107_0005_0039.JPG,8192,8192,4683,4622,0.9869741618620542,564.208984375,0.96875,0.796875,0.9688190221786499,False,ok,0.09767760000249837
D1_154_building,disk-lightglue-r3200-k8192,disk,lightglue,3200,8192,695,107_0005_0037.JPG,107_0005_0040.JPG,8192,8192,3919,3839,0.9795866292421536,468.6279296875,0.921875,0.671875,0.9570142030715942,False,ok,0.1828627999930177
D1_154_building,disk-lightglue-r3200-k8192,disk,lightglue,3200,8192,696,107_0005_0037.JPG,107_0005_0041.JPG,8192,8192,2825,2758,0.976283185840708,336.669921875,0.796875,0.609375,0.9671034812927246,False,ok,0.11215060000540689
D1_154_building,disk-lightglue-r3200-k8192,disk,lightglue,3200,8192,697,107_0005_0037.JPG,107_0005_0042.JPG,8192,8192,2800,2714,0.9692857142857143,331.298828125,0.765625,0.546875,0.9593974947929382,False,ok,0.11435859999619424
D1_154_building,disk-lightglue-r3200-k8192,disk,lightglue,3200,8192,698,107_0005_0037.JPG,107_0005_0043.JPG,8192,8192,3033,2990,0.9858226178700956,364.990234375,0.71875,0.703125,0.9027510285377502,False,ok,0.07238929999584798
D1_154_building,disk-lightglue-r3200-k8192,disk,lightglue,3200,8192,699,107_0005_0037.JPG,107_0005_0044.JPG,8192,8192,2449,2409,0.9836668027766435,294.0673828125,0.546875,0.75,0.8613913059234619,False,ok,0.1538587999966694
D1_154_building,disk-lightglue-r3200-k8192,disk,lightglue,3200,8192,700,107_0005_0037.JPG,107_0005_0045.JPG,8192,8192,1614,1558,0.9653035935563816,190.185546875,0.421875,0.6875,0.7306689023971558,False,ok,0.13844439999957103
D1_154_building,disk-lightglue-r3200-k8192,disk,lightglue,3200,8192,701,107_0005_0037.JPG,107_0005_0150.JPG,8192,8192,11,7,0.6363636363636364,0.8544921875,0.078125,0.109375,0.16075251996517181,True,ok,0.1981758999900194
D1_154_building,disk-lightglue-r3200-k8192,disk,lightglue,3200,8192,702,107_0005_0037.JPG,107_0005_0151.JPG,8192,8192,19,9,0.47368421052631576,1.0986328125,0.125,0.125,0.15801048278808594,True,ok,0.12228209999739192
D1_154_building,disk-lightglue-r3200-k8192,disk,lightglue,3200,8192,703,107_0005_0038.JPG,107_0005_0039.JPG,8192,8192,6183,6157,0.9957949215591136,751.5869140625,0.875,0.890625,0.9807013869285583,False,ok,0.09724069999356288
D1_154_building,disk-lightglue-r3200-k8192,disk,lightglue,3200,8192,704,107_0005_0038.JPG,107_0005_0040.JPG,8192,8192,4627,4579,0.9896261076291334,558.9599609375,0.8125,0.796875,0.9639010429382324,False,ok,0.07991440000478178
D1_154_building,disk-lightglue-r3200-k8192,disk,lightglue,3200,8192,705,107_0005_0038.JPG,107_0005_0041.JPG,8192,8192,3246,3186,0.9815157116451017,388.916015625,0.6875,0.703125,0.9716921448707581,False,ok,0.14124830000218935
D1_154_building,disk-lightglue-r3200-k8192,disk,lightglue,3200,8192,706,107_0005_0038.JPG,107_0005_0042.JPG,8192,8192,3140,3054,0.9726114649681529,372.802734375,0.6875,0.703125,0.9666929244995117,False,ok,0.13465760000690352
D1_154_building,disk-lightglue-r3200-k8192,disk,lightglue,3200,8192,707,107_0005_0038.JPG,107_0005_0043.JPG,8192,8192,2399,2358,0.9829095456440183,287.841796875,0.53125,0.71875,0.9588673710823059,False,ok,0.12198359999456443
D1_154_building,disk-lightglue-r3200-k8192,disk,lightglue,3200,8192,708,107_0005_0038.JPG,107_0005_0044.JPG,8192,8192,1777,1684,0.947664603263928,205.56640625,0.40625,0.609375,0.927001416683197,False,ok,0.13369049999164417
D1_154_building,disk-lightglue-r3200-k8192,disk,lightglue,3200,8192,709,107_0005_0038.JPG,107_0005_0045.JPG,8192,8192,1194,1070,0.8961474036850922,130.615234375,0.3125,0.59375,0.8611792922019958,False,ok,0.14736339999944903
D1_154_building,disk-lightglue-r3200-k8192,disk,lightglue,3200,8192,710,107_0005_0038.JPG,107_0005_0046.JPG,8192,8192,748,604,0.8074866310160428,73.73046875,0.234375,0.46875,0.7960386276245117,False,ok,0.15522729999793228
D1_154_building,disk-lightglue-r3200-k8192,disk,lightglue,3200,8192,711,107_0005_0038.JPG,107_0005_0150.JPG,8192,8192,14,8,0.5714285714285714,0.9765625,0.125,0.09375,0.1525779664516449,True,ok,0.11684979998972267
D1_154_building,disk-lightglue-r3200-k8192,disk,lightglue,3200,8192,712,107_0005_0038.JPG,107_0005_0151.JPG,8192,8192,21,9,0.42857142857142855,1.0986328125,0.125,0.125,0.20969495177268982,True,ok,0.13937740000255872
D1_154_building,disk-lightglue-r3200-k8192,disk,lightglue,3200,8192,713,107_0005_0039.JPG,107_0005_0040.JPG,8192,8192,4664,4608,0.9879931389365352,562.5,0.84375,0.8125,0.9604460597038269,False,ok,0.09276810000301339
D1_154_building,disk-lightglue-r3200-k8192,disk,lightglue,3200,8192,714,107_0005_0039.JPG,107_0005_0041.JPG,8192,8192,3253,3181,0.9778665846910544,388.3056640625,0.703125,0.6875,0.9687954187393188,False,ok,0.12160480000602547
D1_154_building,disk-lightglue-r3200-k8192,disk,lightglue,3200,8192,715,107_0005_0039.JPG,107_0005_0042.JPG,8192,8192,3144,3070,0.9764631043256997,374.755859375,0.671875,0.703125,0.9661023616790771,False,ok,0.1342397999978857
D1_154_building,disk-lightglue-r3200-k8192,disk,lightglue,3200,8192,716,107_0005_0039.JPG,107_0005_0043.JPG,8192,8192,2403,2349,0.9775280898876404,286.7431640625,0.53125,0.703125,0.9535349607467651,False,ok,0.13490060000913218
D1_154_building,disk-lightglue-r3200-k8192,disk,lightglue,3200,8192,717,107_0005_0039.JPG,107_0005_0044.JPG,8192,8192,1751,1658,0.9468874928612222,202.392578125,0.421875,0.625,0.9251590967178345,False,ok,0.15988500000094064
D1_154_building,disk-lightglue-r3200-k8192,disk,lightglue,3200,8192,718,107_0005_0039.JPG,107_0005_0045.JPG,8192,8192,1179,1035,0.8778625954198473,126.3427734375,0.328125,0.65625,0.8524724841117859,False,ok,0.13150859999586828
D1_154_building,disk-lightglue-r3200-k8192,disk,lightglue,3200,8192,719,107_0005_0039.JPG,107_0005_0046.JPG,8192,8192,593,512,0.863406408094435,62.5,0.21875,0.453125,0.7997397184371948,False,ok,0.1302496999996947
D1_154_building,disk-lightglue-r3200-k8192,disk,lightglue,3200,8192,720,107_0005_0039.JPG,107_0005_0047.JPG,8192,8192,227,186,0.8193832599118943,22.705078125,0.0625,0.171875,0.6743412613868713,False,ok,0.13740490000054706
D1_154_building,disk-lightglue-r3200-k8192,disk,lightglue,3200,8192,721,107_0005_0039.JPG,107_0005_0150.JPG,8192,8192,12,7,0.5833333333333334,0.8544921875,0.109375,0.09375,0.21386180818080902,True,ok,0.1361517999903299
D1_154_building,disk-lightglue-r3200-k8192,disk,lightglue,3200,8192,722,107_0005_0039.JPG,107_0005_0151.JPG,8192,8192,19,9,0.47368421052631576,1.0986328125,0.109375,0.125,0.24178487062454224,True,ok,0.13587579999875743
D1_154_building,disk-lightglue-r3200-k8192,disk,lightglue,3200,8192,723,107_0005_0040.JPG,107_0005_0041.JPG,8192,8192,4645,4600,0.9903121636167922,561.5234375,0.796875,0.84375,0.9634934067726135,False,ok,0.08970679999038111
D1_154_building,disk-lightglue-r3200-k8192,disk,lightglue,3200,8192,724,107_0005_0040.JPG,107_0005_0042.JPG,8192,8192,4504,4459,0.9900088809946714,544.3115234375,0.75,0.796875,0.96160489320755,False,ok,0.09315980000246782
D1_154_building,disk-lightglue-r3200-k8192,disk,lightglue,3200,8192,725,107_0005_0040.JPG,107_0005_0043.JPG,8192,8192,3413,3389,0.9929680632874304,413.6962890625,0.5625,0.796875,0.9787731170654297,False,ok,0.13255989999743178
D1_154_building,disk-lightglue-r3200-k8192,disk,lightglue,3200,8192,726,107_0005_0040.JPG,107_0005_0044.JPG,8192,8192,2414,2338,0.9685169842584921,285.400390625,0.46875,0.71875,0.8711002469062805,False,ok,0.07309559998975601
D1_154_building,disk-lightglue-r3200-k8192,disk,lightglue,3200,8192,727,107_0005_0040.JPG,107_0005_0045.JPG,8192,8192,1661,1539,0.9265502709211318,187.8662109375,0.375,0.640625,0.9111652970314026,False,ok,0.1389160999970045
D1_154_building,disk-lightglue-r3200-k8192,disk,lightglue,3200,8192,728,107_0005_0040.JPG,107_0005_0046.JPG,8192,8192,1014,867,0.8550295857988166,105.8349609375,0.265625,0.46875,0.8689326643943787,False,ok,0.13583299999299925
D1_154_building,disk-lightglue-r3200-k8192,disk,lightglue,3200,8192,729,107_0005_0040.JPG,107_0005_0047.JPG,8192,8192,386,293,0.7590673575129534,35.7666015625,0.09375,0.171875,0.8185042142868042,False,ok,0.17271610000170767
D1_154_building,disk-lightglue-r3200-k8192,disk,lightglue,3200,8192,730,107_0005_0040.JPG,107_0005_0048.JPG,8192,8192,65,48,0.7384615384615385,5.859375,0.046875,0.109375,0.3087058961391449,False,ok,0.1361322000011569
D1_154_building,disk-lightglue-r3200-k8192,disk,lightglue,3200,8192,731,107_0005_0040.JPG,107_0005_0058.JPG,8192,8192,1834,1734,0.945474372955289,211.669921875,0.46875,0.46875,0.9224706888198853,False,ok,0.14434079999045935
D1_154_building,disk-lightglue-r3200-k8192,disk,lightglue,3200,8192,732,107_0005_0040.JPG,107_0005_0059.JPG,8192,8192,1861,1751,0.9408919935518538,213.7451171875,0.46875,0.484375,0.9178067445755005,False,ok,0.13941519999934826
D1_154_building,disk-lightglue-r3200-k8192,disk,lightglue,3200,8192,733,107_0005_0040.JPG,107_0005_0060.JPG,8192,8192,2405,2239,0.930977130977131,273.3154296875,0.5625,0.671875,0.9325491786003113,False,ok,0.18189110000093933
D1_154_building,disk-lightglue-r3200-k8192,disk,lightglue,3200,8192,734,107_0005_0040.JPG,107_0005_0061.JPG,8192,8192,2862,2096,0.7323549965059399,255.859375,0.65625,0.796875,0.8469891548156738,False,ok,0.3225931000051787
D1_154_building,disk-lightglue-r3200-k8192,disk,lightglue,3200,8192,735,107_0005_0040.JPG,107_0005_0062.JPG,8192,8192,38,9,0.23684210526315788,1.0986328125,0.125,0.140625,0.20949220657348633,True,ok,0.1312764999893261
D1_154_building,disk-lightglue-r3200-k8192,disk,lightglue,3200,8192,736,107_0005_0041.JPG,107_0005_0042.JPG,8192,8192,5990,5960,0.994991652754591,727.5390625,0.859375,0.859375,0.9775763750076294,False,ok,0.07728409999981523
D1_154_building,disk-lightglue-r3200-k8192,disk,lightglue,3200,8192,737,107_0005_0041.JPG,107_0005_0043.JPG,8192,8192,4092,4018,0.9819159335288368,490.478515625,0.640625,0.84375,0.9587886929512024,False,ok,0.08555730000080075
D1_154_building,disk-lightglue-r3200-k8192,disk,lightglue,3200,8192,738,107_0005_0041.JPG,107_0005_0044.JPG,8192,8192,2707,2624,0.9693387513852973,320.3125,0.515625,0.71875,0.8988442420959473,False,ok,0.08882319999975152
D1_154_building,disk-lightglue-r3200-k8192,disk,lightglue,3200,8192,739,107_0005_0041.JPG,107_0005_0045.JPG,8192,8192,1787,1682,0.9412423055400112,205.322265625,0.421875,0.6875,0.9242861270904541,False,ok,0.13000940000347327
D1_154_building,disk-lightglue-r3200-k8192,disk,lightglue,3200,8192,740,107_0005_0041.JPG,107_0005_0046.JPG,8192,8192,1114,939,0.8429084380610413,114.6240234375,0.25,0.5,0.8554940819740295,False,ok,0.14476329999160953
D1_154_building,disk-lightglue-r3200-k8192,disk,lightglue,3200,8192,741,107_0005_0041.JPG,107_0005_0047.JPG,8192,8192,437,357,0.816933638443936,43.5791015625,0.109375,0.28125,0.8018549084663391,False,ok,0.17666060000192374
D1_154_building,disk-lightglue-r3200-k8192,disk,lightglue,3200,8192,742,107_0005_0041.JPG,107_0005_0048.JPG,8192,8192,91,71,0.7802197802197802,8.6669921875,0.046875,0.09375,0.4750165343284607,False,ok,0.14811270000063814
D1_154_building,disk-lightglue-r3200-k8192,disk,lightglue,3200,8192,743,107_0005_0041.JPG,107_0005_0049.JPG,8192,8192,94,69,0.7340425531914894,8.4228515625,0.046875,0.09375,0.4977344274520874,False,ok,0.1468416999996407
D1_154_building,disk-lightglue-r3200-k8192,disk,lightglue,3200,8192,744,107_0005_0041.JPG,107_0005_0057.JPG,8192,8192,2306,2252,0.9765828274067649,274.90234375,0.453125,0.59375,0.9584493041038513,False,ok,0.13759589999972377
D1_154_building,disk-lightglue-r3200-k8192,disk,lightglue,3200,8192,745,107_0005_0041.JPG,107_0005_0058.JPG,8192,8192,2643,2563,0.9697313658721151,312.8662109375,0.5625,0.5625,0.946694016456604,False,ok,0.11976839999260847
D1_154_building,disk-lightglue-r3200-k8192,disk,lightglue,3200,8192,746,107_0005_0041.JPG,107_0005_0059.JPG,8192,8192,2648,2576,0.972809667673716,314.453125,0.5625,0.5625,0.9514416456222534,False,ok,0.13304620000417344
D1_154_building,disk-lightglue-r3200-k8192,disk,lightglue,3200,8192,747,107_0005_0041.JPG,107_0005_0060.JPG,8192,8192,3063,2957,0.9653934051583415,360.9619140625,0.65625,0.78125,0.9320936799049377,False,ok,0.13774749998992775
D1_154_building,disk-lightglue-r3200-k8192,disk,lightglue,3200,8192,748,107_0005_0041.JPG,107_0005_0061.JPG,8192,8192,2689,2057,0.7649683897359614,251.0986328125,0.59375,0.765625,0.8613930344581604,False,ok,0.27493369999865536
D1_154_building,disk-lightglue-r3200-k8192,disk,lightglue,3200,8192,749,107_0005_0042.JPG,107_0005_0043.JPG,8192,8192,4157,4088,0.9834014914601876,499.0234375,0.640625,0.859375,0.9596714973449707,False,ok,0.09350610000547022
D1_154_building,disk-lightglue-r3200-k8192,disk,lightglue,3200,8192,750,107_0005_0042.JPG,107_0005_0044.JPG,8192,8192,2763,2695,0.9753890698516106,328.9794921875,0.53125,0.75,0.9003666043281555,False,ok,0.07568100000207778
D1_154_building,disk-lightglue-r3200-k8192,disk,lightglue,3200,8192,751,107_0005_0042.JPG,107_0005_0045.JPG,8192,8192,1844,1727,0.9365509761388287,210.8154296875,0.40625,0.6875,0.9184984564781189,False,ok,0.1336204999970505
D1_154_building,disk-lightglue-r3200-k8192,disk,lightglue,3200,8192,752,107_0005_0042.JPG,107_0005_0046.JPG,8192,8192,1174,989,0.8424190800681431,120.7275390625,0.265625,0.5,0.8553663492202759,False,ok,0.16251599999668542
D1_154_building,disk-lightglue-r3200-k8192,disk,lightglue,3200,8192,753,107_0005_0042.JPG,107_0005_0047.JPG,8192,8192,447,356,0.796420581655481,43.45703125,0.125,0.3125,0.7884013652801514,False,ok,0.17284220000146888
D1_154_building,disk-lightglue-r3200-k8192,disk,lightglue,3200,8192,754,107_0005_0042.JPG,107_0005_0048.JPG,8192,8192,47,40,0.851063829787234,4.8828125,0.046875,0.09375,0.29200518131256104,False,ok,0.13273320000735112
D1_154_building,disk-lightglue-r3200-k8192,disk,lightglue,3200,8192,755,107_0005_0042.JPG,107_0005_0049.JPG,8192,8192,74,58,0.7837837837837838,7.080078125,0.078125,0.09375,0.4595983326435089,False,ok,0.1316787999967346
D1_154_building,disk-lightglue-r3200-k8192,disk,lightglue,3200,8192,756,107_0005_0042.JPG,107_0005_0050.JPG,8192,8192,29,23,0.7931034482758621,2.8076171875,0.046875,0.09375,0.2700662612915039,False,ok,0.1349748000066029
D1_154_building,disk-lightglue-r3200-k8192,disk,lightglue,3200,8192,757,107_0005_0042.JPG,107_0005_0057.JPG,8192,8192,2430,2377,0.9781893004115226,290.1611328125,0.4375,0.625,0.9609379768371582,False,ok,0.1379509000107646
D1_154_building,disk-lightglue-r3200-k8192,disk,lightglue,3200,8192,758,107_0005_0042.JPG,107_0005_0058.JPG,8192,8192,2759,2676,0.9699166364624864,326.66015625,0.546875,0.5625,0.9540917277336121,False,ok,0.12581179999688175
D1_154_building,disk-lightglue-r3200-k8192,disk,lightglue,3200,8192,759,107_0005_0042.JPG,107_0005_0059.JPG,8192,8192,2764,2683,0.9706946454413893,327.5146484375,0.53125,0.578125,0.9573822617530823,False,ok,0.14009590000205208
D1_154_building,disk-lightglue-r3200-k8192,disk,lightglue,3200,8192,760,107_0005_0042.JPG,107_0005_0060.JPG,8192,8192,3195,3067,0.9599374021909233,374.3896484375,0.65625,0.78125,0.9291701316833496,False,ok,0.1327624000114156
D1_154_building,disk-lightglue-r3200-k8192,disk,lightglue,3200,8192,761,107_0005_0042.JPG,107_0005_0061.JPG,8192,8192,2654,2082,0.7844762622456669,254.150390625,0.59375,0.84375,0.8724590539932251,False,ok,0.2807382999890251
D1_154_building,disk-lightglue-r3200-k8192,disk,lightglue,3200,8192,762,107_0005_0043.JPG,107_0005_0044.JPG,8192,8192,4667,4622,0.9903578315834584,564.208984375,0.75,0.90625,0.9691435098648071,False,ok,0.08043590000306722
D1_154_building,disk-lightglue-r3200-k8192,disk,lightglue,3200,8192,763,107_0005_0043.JPG,107_0005_0045.JPG,8192,8192,3205,3131,0.9769110764430577,382.2021484375,0.578125,0.828125,0.9125426411628723,False,ok,0.08779829999548383
D1_154_building,disk-lightglue-r3200-k8192,disk,lightglue,3200,8192,764,107_0005_0043.JPG,107_0005_0046.JPG,8192,8192,1889,1805,0.9555320275277925,220.3369140625,0.40625,0.625,0.7629513144493103,False,ok,0.08660470000177156
D1_154_building,disk-lightglue-r3200-k8192,disk,lightglue,3200,8192,765,107_0005_0043.JPG,107_0005_0047.JPG,8192,8192,723,660,0.9128630705394191,80.56640625,0.265625,0.5,0.555764377117157,False,ok,0.09050310000020545
D1_154_building,disk-lightglue-r3200-k8192,disk,lightglue,3200,8192,766,107_0005_0043.JPG,107_0005_0048.JPG,8192,8192,222,165,0.7432432432432432,20.1416015625,0.171875,0.4375,0.3856625258922577,False,ok,0.09033719998842571
D1_154_building,disk-lightglue-r3200-k8192,disk,lightglue,3200,8192,767,107_0005_0043.JPG,107_0005_0049.JPG,8192,8192,199,136,0.6834170854271356,16.6015625,0.1875,0.390625,0.37126028537750244,False,ok,0.09496060000674333
D1_154_building,disk-lightglue-r3200-k8192,disk,lightglue,3200,8192,768,107_0005_0043.JPG,107_0005_0050.JPG,8192,8192,1099,699,0.6360327570518653,85.3271484375,0.203125,0.46875,0.7964131832122803,False,ok,0.19699630000104662
D1_154_building,disk-lightglue-r3200-k8192,disk,lightglue,3200,8192,769,107_0005_0043.JPG,107_0005_0051.JPG,8192,8192,1032,615,0.5959302325581395,75.0732421875,0.15625,0.46875,0.7772487998008728,False,ok,0.18410600000061095
D1_154_building,disk-lightglue-r3200-k8192,disk,lightglue,3200,8192,770,107_0005_0043.JPG,107_0005_0057.JPG,8192,8192,3282,3225,0.9826325411334552,393.6767578125,0.625,0.703125,0.8997206687927246,False,ok,0.08065820000774693
D1_154_building,disk-lightglue-r3200-k8192,disk,lightglue,3200,8192,771,107_0005_0043.JPG,107_0005_0058.JPG,8192,8192,2635,2569,0.9749525616698292,313.5986328125,0.640625,0.515625,0.9515982866287231,False,ok,0.13285799999721348
D1_154_building,disk-lightglue-r3200-k8192,disk,lightglue,3200,8192,772,107_0005_0043.JPG,107_0005_0059.JPG,8192,8192,2525,2449,0.9699009900990099,298.9501953125,0.609375,0.484375,0.9549834728240967,False,ok,0.13344140000117477
D1_154_building,disk-lightglue-r3200-k8192,disk,lightglue,3200,8192,773,107_0005_0043.JPG,107_0005_0060.JPG,8192,8192,3707,3652,0.9851632047477745,445.80078125,0.828125,0.765625,0.8061328530311584,False,ok,0.0937463000009302
D1_154_building,disk-lightglue-r3200-k8192,disk,lightglue,3200,8192,774,107_0005_0043.JPG,107_0005_0061.JPG,8192,8192,3230,2775,0.8591331269349846,338.7451171875,0.78125,0.84375,0.9171854853630066,False,ok,0.25248219999775756
D1_154_building,disk-lightglue-r3200-k8192,disk,lightglue,3200,8192,775,107_0005_0043.JPG,107_0005_0062.JPG,8192,8192,30,9,0.3,1.0986328125,0.125,0.140625,0.22157923877239227,True,ok,0.12151309999171644
D1_154_building,disk-lightglue-r3200-k8192,disk,lightglue,3200,8192,776,107_0005_0043.JPG,107_0005_0063.JPG,8192,8192,21,8,0.38095238095238093,0.9765625,0.109375,0.109375,0.23765972256660461,True,ok,0.13204440000117756
D1_154_building,disk-lightglue-r3200-k8192,disk,lightglue,3200,8192,777,107_0005_0044.JPG,107_0005_0045.JPG,8192,8192,4651,4605,0.9901096538378843,562.1337890625,0.796875,0.953125,0.9720420837402344,False,ok,0.08541610000247601
D1_154_building,disk-lightglue-r3200-k8192,disk,lightglue,3200,8192,778,107_0005_0044.JPG,107_0005_0046.JPG,8192,8192,3145,3085,0.9809220985691574,376.5869140625,0.5625,0.765625,0.9295925498008728,False,ok,0.08976660000917036
D1_154_building,disk-lightglue-r3200-k8192,disk,lightglue,3200,8192,779,107_0005_0044.JPG,107_0005_0047.JPG,8192,8192,1908,1842,0.9654088050314465,224.853515625,0.375,0.640625,0.7706049680709839,False,ok,0.09679109998978674
D1_154_building,disk-lightglue-r3200-k8192,disk,lightglue,3200,8192,780,107_0005_0044.JPG,107_0005_0048.JPG,8192,8192,899,828,0.9210233592880979,101.07421875,0.3125,0.59375,0.5711658596992493,False,ok,0.08413810000638478
D1_154_building,disk-lightglue-r3200-k8192,disk,lightglue,3200,8192,781,107_0005_0044.JPG,107_0005_0049.JPG,8192,8192,813,739,0.9089790897908979,90.2099609375,0.296875,0.609375,0.5616474747657776,False,ok,0.09969839999394026
D1_154_building,disk-lightglue-r3200-k8192,disk,lightglue,3200,8192,782,107_0005_0044.JPG,107_0005_0050.JPG,8192,8192,640,597,0.9328125,72.8759765625,0.296875,0.609375,0.5375899076461792,False,ok,0.0885854000080144
D1_154_building,disk-lightglue-r3200-k8192,disk,lightglue,3200,8192,783,107_0005_0044.JPG,107_0005_0051.JPG,8192,8192,378,320,0.8465608465608465,39.0625,0.25,0.546875,0.47466620802879333,False,ok,0.10418949999439064
D1_154_building,disk-lightglue-r3200-k8192,disk,lightglue,3200,8192,784,107_0005_0044.JPG,107_0005_0052.JPG,8192,8192,374,327,0.8743315508021391,39.9169921875,0.234375,0.53125,0.4674263298511505,False,ok,0.07593520000227727
D1_154_building,disk-lightglue-r3200-k8192,disk,lightglue,3200,8192,785,107_0005_0044.JPG,107_0005_0057.JPG,8192,8192,2918,2856,0.9787525702535984,348.6328125,0.6875,0.5625,0.8770684003829956,False,ok,0.07597459999669809
D1_154_building,disk-lightglue-r3200-k8192,disk,lightglue,3200,8192,786,107_0005_0044.JPG,107_0005_0058.JPG,8192,8192,1875,1747,0.9317333333333333,213.2568359375,0.546875,0.40625,0.740099310874939,False,ok,0.08726889999525156
D1_154_building,disk-lightglue-r3200-k8192,disk,lightglue,3200,8192,787,107_0005_0044.JPG,107_0005_0059.JPG,8192,8192,1755,1695,0.9658119658119658,206.9091796875,0.53125,0.390625,0.7297801971435547,False,ok,0.08560289999877568
D1_154_building,disk-lightglue-r3200-k8192,disk,lightglue,3200,8192,788,107_0005_0044.JPG,107_0005_0060.JPG,8192,8192,3070,2984,0.971986970684039,364.2578125,0.828125,0.640625,0.7407202124595642,False,ok,0.09339220001129434
D1_154_building,disk-lightglue-r3200-k8192,disk,lightglue,3200,8192,789,107_0005_0044.JPG,107_0005_0061.JPG,8192,8192,508,436,0.8582677165354331,53.22265625,0.609375,0.609375,0.3124312162399292,False,ok,0.08965779999562073
D1_154_building,disk-lightglue-r3200-k8192,disk,lightglue,3200,8192,790,107_0005_0044.JPG,107_0005_0062.JPG,8192,8192,25,9,0.36,1.0986328125,0.140625,0.125,0.24840021133422852,True,ok,0.1329115999978967
D1_154_building,disk-lightglue-r3200-k8192,disk,lightglue,3200,8192,791,107_0005_0044.JPG,107_0005_0063.JPG,8192,8192,29,9,0.3103448275862069,1.0986328125,0.140625,0.109375,0.21579650044441223,True,ok,0.11455389999900945
D1_154_building,disk-lightglue-r3200-k8192,disk,lightglue,3200,8192,792,107_0005_0044.JPG,107_0005_0064.JPG,8192,8192,12,7,0.5833333333333334,0.8544921875,0.078125,0.109375,0.20683105289936066,True,ok,0.12351079999643844
D1_154_building,disk-lightglue-r3200-k8192,disk,lightglue,3200,8192,793,107_0005_0044.JPG,107_0005_0147.JPG,8192,8192,14,7,0.5,0.8544921875,0.109375,0.078125,0.20268656313419342,True,ok,0.16046970000024885
D1_154_building,disk-lightglue-r3200-k8192,disk,lightglue,3200,8192,794,107_0005_0044.JPG,107_0005_0148.JPG,8192,8192,7,0,0.0,0.0,0.0,0.0,0.1392085999250412,True,too_few_matches,0.13495389999297913
D1_154_building,disk-lightglue-r3200-k8192,disk,lightglue,3200,8192,795,107_0005_0044.JPG,107_0005_0149.JPG,8192,8192,15,8,0.5333333333333333,0.9765625,0.125,0.09375,0.17273736000061035,True,ok,0.12888839999504853
D1_154_building,disk-lightglue-r3200-k8192,disk,lightglue,3200,8192,796,107_0005_0045.JPG,107_0005_0046.JPG,8192,8192,4552,4512,0.9912126537785588,550.78125,0.828125,0.921875,0.9749769568443298,False,ok,0.09688810000079684
D1_154_building,disk-lightglue-r3200-k8192,disk,lightglue,3200,8192,797,107_0005_0045.JPG,107_0005_0047.JPG,8192,8192,3135,2988,0.9531100478468899,364.74609375,0.578125,0.75,0.9225448369979858,False,ok,0.07760839999536984
D1_154_building,disk-lightglue-r3200-k8192,disk,lightglue,3200,8192,798,107_0005_0045.JPG,107_0005_0048.JPG,8192,8192,1878,1809,0.963258785942492,220.8251953125,0.421875,0.71875,0.7758775949478149,False,ok,0.10104460000002291
D1_154_building,disk-lightglue-r3200-k8192,disk,lightglue,3200,8192,799,107_0005_0045.JPG,107_0005_0049.JPG,8192,8192,1814,1741,0.9597574421168688,212.5244140625,0.421875,0.71875,0.7620141506195068,False,ok,0.08119049998640548
D1_154_building,disk-lightglue-r3200-k8192,disk,lightglue,3200,8192,800,107_0005_0045.JPG,107_0005_0050.JPG,8192,8192,1475,1406,0.9532203389830508,171.630859375,0.40625,0.734375,0.7132924795150757,False,ok,0.08901400001195725
D1_154_building,disk-lightglue-r3200-k8192,disk,lightglue,3200,8192,801,107_0005_0045.JPG,107_0005_0051.JPG,8192,8192,977,919,0.9406345957011258,112.1826171875,0.375,0.640625,0.6100214719772339,False,ok,0.09473880000587087
D1_154_building,disk-lightglue-r3200-k8192,disk,lightglue,3200,8192,802,107_0005_0045.JPG,107_0005_0052.JPG,8192,8192,879,826,0.9397042093287827,100.830078125,0.359375,0.640625,0.6014461517333984,False,ok,0.0885571999970125
D1_154_building,disk-lightglue-r3200-k8192,disk,lightglue,3200,8192,803,107_0005_0045.JPG,107_0005_0053.JPG,8192,8192,1978,1921,0.9711830131445905,234.4970703125,0.4375,0.734375,0.7875046730041504,False,ok,0.08796629999415018
D1_154_building,disk-lightglue-r3200-k8192,disk,lightglue,3200,8192,804,107_0005_0045.JPG,107_0005_0060.JPG,8192,8192,1980,1896,0.9575757575757575,231.4453125,0.78125,0.53125,0.6311222910881042,False,ok,0.08917010000732262
D1_154_building,disk-lightglue-r3200-k8192,disk,lightglue,3200,8192,805,107_0005_0045.JPG,107_0005_0061.JPG,8192,8192,369,290,0.7859078590785907,35.400390625,0.578125,0.4375,0.3190613090991974,False,ok,0.08785640000132844
D1_154_building,disk-lightglue-r3200-k8192,disk,lightglue,3200,8192,806,107_0005_0045.JPG,107_0005_0062.JPG,8192,8192,31,10,0.3225806451612903,1.220703125,0.125,0.125,0.21142646670341492,True,ok,0.14241659999242984
D1_154_building,disk-lightglue-r3200-k8192,disk,lightglue,3200,8192,807,107_0005_0045.JPG,107_0005_0063.JPG,8192,8192,33,9,0.2727272727272727,1.0986328125,0.09375,0.125,0.21760597825050354,True,ok,0.12181390001205727
D1_154_building,disk-lightglue-r3200-k8192,disk,lightglue,3200,8192,808,107_0005_0045.JPG,107_0005_0064.JPG,8192,8192,17,8,0.47058823529411764,0.9765625,0.125,0.125,0.20816010236740112,True,ok,0.10597790000610985
D1_154_building,disk-lightglue-r3200-k8192,disk,lightglue,3200,8192,809,107_0005_0045.JPG,107_0005_0065.JPG,8192,8192,12,7,0.5833333333333334,0.8544921875,0.109375,0.109375,0.18201006948947906,True,ok,0.11180430000240449
D1_154_building,disk-lightglue-r3200-k8192,disk,lightglue,3200,8192,810,107_0005_0045.JPG,107_0005_0147.JPG,8192,8192,11,7,0.6363636363636364,0.8544921875,0.09375,0.109375,0.23277001082897186,True,ok,0.13268729999253992
D1_154_building,disk-lightglue-r3200-k8192,disk,lightglue,3200,8192,811,107_0005_0045.JPG,107_0005_0148.JPG,8192,8192,6,0,0.0,0.0,0.0,0.0,0.2043330818414688,True,too_few_matches,0.1482998999999836
D1_154_building,disk-lightglue-r3200-k8192,disk,lightglue,3200,8192,812,107_0005_0045.JPG,107_0005_0149.JPG,8192,8192,16,8,0.5,0.9765625,0.109375,0.09375,0.20824819803237915,True,ok,0.10579000000143424
D1_154_building,disk-lightglue-r3200-k8192,disk,lightglue,3200,8192,813,107_0005_0045.JPG,107_0005_0150.JPG,8192,8192,11,8,0.7272727272727273,0.9765625,0.09375,0.109375,0.1798253208398819,True,ok,0.1322564999863971
D1_154_building,disk-lightglue-r3200-k8192,disk,lightglue,3200,8192,814,107_0005_0046.JPG,107_0005_0047.JPG,8192,8192,4502,4474,0.9937805419813416,546.142578125,0.78125,0.9375,0.9751185774803162,False,ok,0.11893499999132473
D1_154_building,disk-lightglue-r3200-k8192,disk,lightglue,3200,8192,815,107_0005_0046.JPG,107_0005_0048.JPG,8192,8192,2979,2909,0.9765021819402484,355.1025390625,0.59375,0.828125,0.9180457592010498,False,ok,0.07868749999033753
D1_154_building,disk-lightglue-r3200-k8192,disk,lightglue,3200,8192,816,107_0005_0046.JPG,107_0005_0049.JPG,8192,8192,2921,2846,0.9743238616912017,347.412109375,0.5625,0.828125,0.9125952124595642,False,ok,0.11051540001062676
D1_154_building,disk-lightglue-r3200-k8192,disk,lightglue,3200,8192,817,107_0005_0046.JPG,107_0005_0050.JPG,8192,8192,2402,2325,0.9679433805162365,283.8134765625,0.53125,0.859375,0.8597848415374756,False,ok,0.06289380000089295
D1_154_building,disk-lightglue-r3200-k8192,disk,lightglue,3200,8192,818,107_0005_0046.JPG,107_0005_0051.JPG,8192,8192,1699,1634,0.9617422012948793,199.462890625,0.421875,0.75,0.7560485601425171,False,ok,0.1241576000029454
D1_154_building,disk-lightglue-r3200-k8192,disk,lightglue,3200,8192,819,107_0005_0046.JPG,107_0005_0052.JPG,8192,8192,1506,1451,0.9634794156706508,177.1240234375,0.421875,0.765625,0.7460924386978149,False,ok,0.08555090001027565
D1_154_building,disk-lightglue-r3200-k8192,disk,lightglue,3200,8192,820,107_0005_0046.JPG,107_0005_0053.JPG,8192,8192,2588,2545,0.9833848531684699,310.6689453125,0.546875,0.8125,0.8706954717636108,False,ok,0.1269855999998981
D1_154_building,disk-lightglue-r3200-k8192,disk,lightglue,3200,8192,821,107_0005_0046.JPG,107_0005_0054.JPG,8192,8192,3203,3151,0.9837652201061505,384.6435546875,0.734375,0.734375,0.8957909941673279,False,ok,0.13534370000706986
D1_154_building,disk-lightglue-r3200-k8192,disk,lightglue,3200,8192,822,107_0005_0046.JPG,107_0005_0063.JPG,8192,8192,27,9,0.3333333333333333,1.0986328125,0.09375,0.109375,0.18777179718017578,True,ok,0.1732207000022754
D1_154_building,disk-lightglue-r3200-k8192,disk,lightglue,3200,8192,823,107_0005_0046.JPG,107_0005_0064.JPG,8192,8192,14,8,0.5714285714285714,0.9765625,0.109375,0.109375,0.18463562428951263,True,ok,0.12376380000205245
D1_154_building,disk-lightglue-r3200-k8192,disk,lightglue,3200,8192,824,107_0005_0046.JPG,107_0005_0065.JPG,8192,8192,22,9,0.4090909090909091,1.0986328125,0.140625,0.109375,0.2012878805398941,True,ok,0.14879960000689607
D1_154_building,disk-lightglue-r3200-k8192,disk,lightglue,3200,8192,825,107_0005_0046.JPG,107_0005_0146.JPG,8192,8192,19,9,0.47368421052631576,1.0986328125,0.125,0.125,0.2077614814043045,True,ok,0.12419439999212045
D1_154_building,disk-lightglue-r3200-k8192,disk,lightglue,3200,8192,826,107_0005_0046.JPG,107_0005_0147.JPG,8192,8192,11,7,0.6363636363636364,0.8544921875,0.078125,0.09375,0.18154382705688477,True,ok,0.13191379999625497
D1_154_building,disk-lightglue-r3200-k8192,disk,lightglue,3200,8192,827,107_0005_0046.JPG,107_0005_0148.JPG,8192,8192,10,7,0.7,0.8544921875,0.078125,0.09375,0.22350606322288513,True,ok,0.14093749999301508
D1_154_building,disk-lightglue-r3200-k8192,disk,lightglue,3200,8192,828,107_0005_0046.JPG,107_0005_0149.JPG,8192,8192,12,7,0.5833333333333334,0.8544921875,0.09375,0.09375,0.2004205584526062,True,ok,0.14283189999696333
D1_154_building,disk-lightglue-r3200-k8192,disk,lightglue,3200,8192,829,107_0005_0046.JPG,107_0005_0150.JPG,8192,8192,10,7,0.7,0.8544921875,0.109375,0.09375,0.16604068875312805,True,ok,0.13160659999994095
D1_154_building,disk-lightglue-r3200-k8192,disk,lightglue,3200,8192,830,107_0005_0047.JPG,107_0005_0048.JPG,8192,8192,4378,4333,0.9897213339424394,528.9306640625,0.796875,0.921875,0.9761701226234436,False,ok,0.09016750000591855
D1_154_building,disk-lightglue-r3200-k8192,disk,lightglue,3200,8192,831,107_0005_0047.JPG,107_0005_0049.JPG,8192,8192,4300,4257,0.99,519.6533203125,0.765625,0.9375,0.9769744873046875,False,ok,0.10212660000252072
D1_154_building,disk-lightglue-r3200-k8192,disk,lightglue,3200,8192,832,107_0005_0047.JPG,107_0005_0050.JPG,8192,8192,3454,3397,0.9834973943254198,414.6728515625,0.65625,0.9375,0.948883593082428,False,ok,0.08637710000039078
D1_154_building,disk-lightglue-r3200-k8192,disk,lightglue,3200,8192,833,107_0005_0047.JPG,107_0005_0051.JPG,8192,8192,2438,2390,0.9803117309269893,291.748046875,0.5625,0.796875,0.8700011372566223,False,ok,0.08911400000215508
D1_154_building,disk-lightglue-r3200-k8192,disk,lightglue,3200,8192,834,107_0005_0047.JPG,107_0005_0052.JPG,8192,8192,2179,2124,0.9747590637907297,259.27734375,0.5625,0.796875,0.8530582785606384,False,ok,0.07943250000244007
D1_154_building,disk-lightglue-r3200-k8192,disk,lightglue,3200,8192,835,107_0005_0047.JPG,107_0005_0053.JPG,8192,8192,3063,3017,0.9849820437479595,368.2861328125,0.765625,0.75,0.9005286693572998,False,ok,0.08633890000055544
D1_154_building,disk-lightglue-r3200-k8192,disk,lightglue,3200,8192,836,107_0005_0047.JPG,107_0005_0054.JPG,8192,8192,2776,2715,0.9780259365994236,331.4208984375,0.796875,0.578125,0.8654358386993408,False,ok,0.06775430000561755
D1_154_building,disk-lightglue-r3200-k8192,disk,lightglue,3200,8192,837,107_0005_0047.JPG,107_0005_0055.JPG,8192,8192,2121,2003,0.9443658651579444,244.5068359375,0.65625,0.4375,0.7764500379562378,False,ok,0.09148550000099931
D1_154_building,disk-lightglue-r3200-k8192,disk,lightglue,3200,8192,838,107_0005_0047.JPG,107_0005_0064.JPG,8192,8192,13,7,0.5384615384615384,0.8544921875,0.109375,0.09375,0.28771719336509705,True,ok,0.13860340000246651
D1_154_building,disk-lightglue-r3200-k8192,disk,lightglue,3200,8192,839,107_0005_0047.JPG,107_0005_0065.JPG,8192,8192,23,9,0.391304347826087,1.0986328125,0.109375,0.125,0.17231310904026031,True,ok,0.14727470000798348
D1_154_building,disk-lightglue-r3200-k8192,disk,lightglue,3200,8192,840,107_0005_0047.JPG,107_0005_0081.JPG,8192,8192,19,8,0.42105263157894735,0.9765625,0.125,0.09375,0.23182182013988495,True,ok,0.1260825999925146
D1_154_building,disk-lightglue-r3200-k8192,disk,lightglue,3200,8192,841,107_0005_0047.JPG,107_0005_0112.JPG,8192,8192,17,8,0.47058823529411764,0.9765625,0.109375,0.046875,0.2026638686656952,True,ok,0.15763149999838788
D1_154_building,disk-lightglue-r3200-k8192,disk,lightglue,3200,8192,842,107_0005_0047.JPG,107_0005_0113.JPG,8192,8192,0,0,0.0,0.0,0.0,0.0,0.0,True,no_matches,0.25492920000397135
D1_154_building,disk-lightglue-r3200-k8192,disk,lightglue,3200,8192,843,107_0005_0047.JPG,107_0005_0144.JPG,8192,8192,14,8,0.5714285714285714,0.9765625,0.09375,0.09375,0.17405620217323303,True,ok,0.1421730000001844
D1_154_building,disk-lightglue-r3200-k8192,disk,lightglue,3200,8192,844,107_0005_0047.JPG,107_0005_0145.JPG,8192,8192,14,7,0.5,0.8544921875,0.09375,0.109375,0.16633391380310059,True,ok,0.14116590000048745
D1_154_building,disk-lightglue-r3200-k8192,disk,lightglue,3200,8192,845,107_0005_0047.JPG,107_0005_0146.JPG,8192,8192,15,7,0.4666666666666667,0.8544921875,0.09375,0.109375,0.2093799114227295,True,ok,0.1409194000007119
D1_154_building,disk-lightglue-r3200-k8192,disk,lightglue,3200,8192,846,107_0005_0047.JPG,107_0005_0149.JPG,8192,8192,12,7,0.5833333333333334,0.8544921875,0.09375,0.09375,0.16239047050476074,True,ok,0.1303329000074882
D1_154_building,disk-lightglue-r3200-k8192,disk,lightglue,3200,8192,847,107_0005_0048.JPG,107_0005_0049.JPG,8192,8192,5645,5622,0.995925597874225,686.279296875,0.921875,0.9375,0.9877724647521973,False,ok,0.09160179999889806
D1_154_building,disk-lightglue-r3200-k8192,disk,lightglue,3200,8192,848,107_0005_0048.JPG,107_0005_0050.JPG,8192,8192,4326,4289,0.9914470642625982,523.5595703125,0.828125,0.84375,0.9675207138061523,False,ok,0.08433159999549389
D1_154_building,disk-lightglue-r3200-k8192,disk,lightglue,3200,8192,849,107_0005_0048.JPG,107_0005_0051.JPG,8192,8192,2986,2919,0.977561955793704,356.3232421875,0.734375,0.796875,0.898804783821106,False,ok,0.08475030001136474
D1_154_building,disk-lightglue-r3200-k8192,disk,lightglue,3200,8192,850,107_0005_0048.JPG,107_0005_0052.JPG,8192,8192,2664,2602,0.9767267267267268,317.626953125,0.6875,0.734375,0.8759806156158447,False,ok,0.08295450000150595
D1_154_building,disk-lightglue-r3200-k8192,disk,lightglue,3200,8192,851,107_0005_0048.JPG,107_0005_0053.JPG,8192,8192,2602,2530,0.9723289777094543,308.837890625,0.75,0.609375,0.8563944697380066,False,ok,0.09493279999878723
D1_154_building,disk-lightglue-r3200-k8192,disk,lightglue,3200,8192,852,107_0005_0048.JPG,107_0005_0054.JPG,8192,8192,1912,1814,0.948744769874477,221.435546875,0.71875,0.4375,0.7393003702163696,False,ok,0.08721899999363814
D1_154_building,disk-lightglue-r3200-k8192,disk,lightglue,3200,8192,853,107_0005_0048.JPG,107_0005_0055.JPG,8192,8192,1119,1048,0.936550491510277,127.9296875,0.59375,0.3125,0.6024429798126221,False,ok,0.10884890001034364
D1_154_building,disk-lightglue-r3200-k8192,disk,lightglue,3200,8192,854,107_0005_0048.JPG,107_0005_0056.JPG,8192,8192,459,381,0.8300653594771242,46.5087890625,0.484375,0.21875,0.45603707432746887,False,ok,0.07352579999133013
D1_154_building,disk-lightglue-r3200-k8192,disk,lightglue,3200,8192,855,107_0005_0048.JPG,107_0005_0080.JPG,8192,8192,16,8,0.5,0.9765625,0.109375,0.125,0.2700017988681793,True,ok,0.13809809999656864
D1_154_building,disk-lightglue-r3200-k8192,disk,lightglue,3200,8192,856,107_0005_0048.JPG,107_0005_0081.JPG,8192,8192,29,9,0.3103448275862069,1.0986328125,0.109375,0.125,0.22054439783096313,True,ok,0.16110670000489336
D1_154_building,disk-lightglue-r3200-k8192,disk,lightglue,3200,8192,857,107_0005_0048.JPG,107_0005_0111.JPG,8192,8192,18,8,0.4444444444444444,0.9765625,0.109375,0.09375,0.21830090880393982,True,ok,0.1075527999928454
D1_154_building,disk-lightglue-r3200-k8192,disk,lightglue,3200,8192,858,107_0005_0048.JPG,107_0005_0112.JPG,8192,8192,0,0,0.0,0.0,0.0,0.0,0.0,True,no_matches,0.22147219999169465
D1_154_building,disk-lightglue-r3200-k8192,disk,lightglue,3200,8192,859,107_0005_0048.JPG,107_0005_0113.JPG,8192,8192,0,0,0.0,0.0,0.0,0.0,0.0,True,no_matches,0.21667799999704584
D1_154_building,disk-lightglue-r3200-k8192,disk,lightglue,3200,8192,860,107_0005_0048.JPG,107_0005_0114.JPG,8192,8192,0,0,0.0,0.0,0.0,0.0,0.0,True,no_matches,0.23675029999867547
D1_154_building,disk-lightglue-r3200-k8192,disk,lightglue,3200,8192,861,107_0005_0048.JPG,107_0005_0143.JPG,8192,8192,9,7,0.7777777777777778,0.8544921875,0.109375,0.09375,0.18180085718631744,True,ok,0.148143300000811
D1_154_building,disk-lightglue-r3200-k8192,disk,lightglue,3200,8192,862,107_0005_0048.JPG,107_0005_0144.JPG,8192,8192,6,0,0.0,0.0,0.0,0.0,0.18862025439739227,True,too_few_matches,0.16183810000075027
D1_154_building,disk-lightglue-r3200-k8192,disk,lightglue,3200,8192,863,107_0005_0048.JPG,107_0005_0145.JPG,8192,8192,23,9,0.391304347826087,1.0986328125,0.140625,0.109375,0.18879778683185577,True,ok,0.11904730000242125
D1_154_building,disk-lightglue-r3200-k8192,disk,lightglue,3200,8192,864,107_0005_0049.JPG,107_0005_0050.JPG,8192,8192,4244,4210,0.9919886899151744,513.916015625,0.84375,0.859375,0.9713233709335327,False,ok,0.07889669999713078
D1_154_building,disk-lightglue-r3200-k8192,disk,lightglue,3200,8192,865,107_0005_0049.JPG,107_0005_0051.JPG,8192,8192,2888,2830,0.9799168975069252,345.458984375,0.703125,0.765625,0.9073122143745422,False,ok,0.09534349999739788
D1_154_building,disk-lightglue-r3200-k8192,disk,lightglue,3200,8192,866,107_0005_0049.JPG,107_0005_0052.JPG,8192,8192,2557,2506,0.980054751662104,305.908203125,0.703125,0.75,0.8888310194015503,False,ok,0.08134780000546016
D1_154_building,disk-lightglue-r3200-k8192,disk,lightglue,3200,8192,867,107_0005_0049.JPG,107_0005_0053.JPG,8192,8192,2524,2452,0.971473851030111,299.31640625,0.75,0.59375,0.8608354926109314,False,ok,0.10289140000531916
D1_154_building,disk-lightglue-r3200-k8192,disk,lightglue,3200,8192,868,107_0005_0049.JPG,107_0005_0054.JPG,8192,8192,1855,1755,0.9460916442048517,214.2333984375,0.703125,0.4375,0.759423017501831,False,ok,0.0851937999977963
D1_154_building,disk-lightglue-r3200-k8192,disk,lightglue,3200,8192,869,107_0005_0049.JPG,107_0005_0055.JPG,8192,8192,1088,958,0.8805147058823529,116.943359375,0.59375,0.296875,0.6021702885627747,False,ok,0.09657389999483712
D1_154_building,disk-lightglue-r3200-k8192,disk,lightglue,3200,8192,870,107_0005_0049.JPG,107_0005_0056.JPG,8192,8192,436,329,0.7545871559633027,40.1611328125,0.453125,0.203125,0.438377320766449,False,ok,0.08958850000635721
D1_154_building,disk-lightglue-r3200-k8192,disk,lightglue,3200,8192,871,107_0005_0049.JPG,107_0005_0057.JPG,8192,8192,961,601,0.6253902185223725,73.3642578125,0.453125,0.15625,0.7487908005714417,False,ok,0.19519660000514705
D1_154_building,disk-lightglue-r3200-k8192,disk,lightglue,3200,8192,872,107_0005_0049.JPG,107_0005_0080.JPG,8192,8192,20,9,0.45,1.0986328125,0.109375,0.140625,0.20637235045433044,True,ok,0.1263500000059139
D1_154_building,disk-lightglue-r3200-k8192,disk,lightglue,3200,8192,873,107_0005_0049.JPG,107_0005_0081.JPG,8192,8192,29,9,0.3103448275862069,1.0986328125,0.109375,0.140625,0.20118528604507446,True,ok,0.12495019999914803
D1_154_building,disk-lightglue-r3200-k8192,disk,lightglue,3200,8192,874,107_0005_0049.JPG,107_0005_0082.JPG,8192,8192,20,8,0.4,0.9765625,0.125,0.125,0.2689259648323059,True,ok,0.1178010000003269
D1_154_building,disk-lightglue-r3200-k8192,disk,lightglue,3200,8192,875,107_0005_0049.JPG,107_0005_0111.JPG,8192,8192,24,9,0.375,1.0986328125,0.140625,0.109375,0.22069574892520905,True,ok,0.13149889999476727
D1_154_building,disk-lightglue-r3200-k8192,disk,lightglue,3200,8192,876,107_0005_0049.JPG,107_0005_0112.JPG,8192,8192,19,8,0.42105263157894735,0.9765625,0.109375,0.078125,0.14631745219230652,True,ok,0.1423211000073934
D1_154_building,disk-lightglue-r3200-k8192,disk,lightglue,3200,8192,877,107_0005_0049.JPG,107_0005_0113.JPG,8192,8192,17,9,0.5294117647058824,1.0986328125,0.125,0.09375,0.1617680788040161,True,ok,0.11412460000428837
D1_154_building,disk-lightglue-r3200-k8192,disk,lightglue,3200,8192,878,107_0005_0049.JPG,107_0005_0114.JPG,8192,8192,0,0,0.0,0.0,0.0,0.0,0.0,True,no_matches,0.23200929998711217
D1_154_building,disk-lightglue-r3200-k8192,disk,lightglue,3200,8192,879,107_0005_0049.JPG,107_0005_0143.JPG,8192,8192,7,0,0.0,0.0,0.0,0.0,0.209632009267807,True,too_few_matches,0.14128230001369957
D1_154_building,disk-lightglue-r3200-k8192,disk,lightglue,3200,8192,880,107_0005_0049.JPG,107_0005_0144.JPG,8192,8192,12,8,0.6666666666666666,0.9765625,0.09375,0.125,0.19537991285324097,True,ok,0.14012989999901038
D1_154_building,disk-lightglue-r3200-k8192,disk,lightglue,3200,8192,881,107_0005_0049.JPG,107_0005_0145.JPG,8192,8192,20,9,0.45,1.0986328125,0.125,0.140625,0.1813237965106964,True,ok,0.1278805000038119
D1_154_building,disk-lightglue-r3200-k8192,disk,lightglue,3200,8192,882,107_0005_0050.JPG,107_0005_0051.JPG,8192,8192,4562,4506,0.9877246821569488,550.048828125,0.84375,0.890625,0.9744306206703186,False,ok,0.10178179999638814
D1_154_building,disk-lightglue-r3200-k8192,disk,lightglue,3200,8192,883,107_0005_0050.JPG,107_0005_0052.JPG,8192,8192,4221,4168,0.9874437337123905,508.7890625,0.828125,0.890625,0.9710891246795654,False,ok,0.07842140000138897
D1_154_building,disk-lightglue-r3200-k8192,disk,lightglue,3200,8192,884,107_0005_0050.JPG,107_0005_0053.JPG,8192,8192,3660,3553,0.9707650273224043,433.7158203125,0.890625,0.6875,0.9452587366104126,False,ok,0.09851159999379888
D1_154_building,disk-lightglue-r3200-k8192,disk,lightglue,3200,8192,885,107_0005_0050.JPG,107_0005_0054.JPG,8192,8192,2570,2415,0.9396887159533074,294.7998046875,0.8125,0.515625,0.8643672466278076,False,ok,0.08489579999877606
D1_154_building,disk-lightglue-r3200-k8192,disk,lightglue,3200,8192,886,107_0005_0050.JPG,107_0005_0055.JPG,8192,8192,1535,1403,0.9140065146579804,171.2646484375,0.71875,0.375,0.6932195425033569,False,ok,0.09204469999531284
D1_154_building,disk-lightglue-r3200-k8192,disk,lightglue,3200,8192,887,107_0005_0050.JPG,107_0005_0056.JPG,8192,8192,680,578,0.85,70.556640625,0.578125,0.25,0.5139062404632568,False,ok,0.08254770000348799
D1_154_building,disk-lightglue-r3200-k8192,disk,lightglue,3200,8192,888,107_0005_0050.JPG,107_0005_0057.JPG,8192,8192,1121,711,0.6342551293487957,86.7919921875,0.46875,0.1875,0.818346381187439,False,ok,0.19738660000439268
D1_154_building,disk-lightglue-r3200-k8192,disk,lightglue,3200,8192,889,107_0005_0050.JPG,107_0005_0058.JPG,8192,8192,30,17,0.5666666666666667,2.0751953125,0.125,0.09375,0.25661617517471313,False,ok,0.1208249000046635
D1_154_building,disk-lightglue-r3200-k8192,disk,lightglue,3200,8192,890,107_0005_0050.JPG,107_0005_0079.JPG,8192,8192,10,7,0.7,0.8544921875,0.09375,0.109375,0.15863282978534698,True,ok,0.14136369999323506
D1_154_building,disk-lightglue-r3200-k8192,disk,lightglue,3200,8192,891,107_0005_0050.JPG,107_0005_0080.JPG,8192,8192,11,7,0.6363636363636364,0.8544921875,0.109375,0.09375,0.16124731302261353,True,ok,0.13367080000170972
D1_154_building,disk-lightglue-r3200-k8192,disk,lightglue,3200,8192,892,107_0005_0050.JPG,107_0005_0096.JPG,8192,8192,14,8,0.5714285714285714,0.9765625,0.109375,0.109375,0.15568408370018005,True,ok,0.13687590000336058
D1_154_building,disk-lightglue-r3200-k8192,disk,lightglue,3200,8192,893,107_0005_0050.JPG,107_0005_0111.JPG,8192,8192,25,9,0.36,1.0986328125,0.125,0.109375,0.16688676178455353,True,ok,0.14167820000147913
D1_154_building,disk-lightglue-r3200-k8192,disk,lightglue,3200,8192,894,107_0005_0050.JPG,107_0005_0112.JPG,8192,8192,24,10,0.4166666666666667,1.220703125,0.125,0.109375,0.1885616034269333,True,ok,0.103080000000773
D1_154_building,disk-lightglue-r3200-k8192,disk,lightglue,3200,8192,895,107_0005_0050.JPG,107_0005_0113.JPG,8192,8192,23,11,0.4782608695652174,1.3427734375,0.140625,0.125,0.18153375387191772,True,ok,0.12216020000050776
D1_154_building,disk-lightglue-r3200-k8192,disk,lightglue,3200,8192,896,107_0005_0050.JPG,107_0005_0145.JPG,8192,8192,17,8,0.47058823529411764,0.9765625,0.109375,0.109375,0.2095886766910553,True,ok,0.13851659999636468
D1_154_building,disk-lightglue-r3200-k8192,disk,lightglue,3200,8192,897,107_0005_0051.JPG,107_0005_0052.JPG,8192,8192,5604,5578,0.9953604568165596,680.908203125,1.0,1.0,0.9875256419181824,False,ok,0.10576949999085627
D1_154_building,disk-lightglue-r3200-k8192,disk,lightglue,3200,8192,898,107_0005_0051.JPG,107_0005_0053.JPG,8192,8192,4161,4110,0.9877433309300648,501.708984375,0.953125,0.75,0.9686292409896851,False,ok,0.08204369999293704
D1_154_building,disk-lightglue-r3200-k8192,disk,lightglue,3200,8192,899,107_0005_0051.JPG,107_0005_0054.JPG,8192,8192,2640,2564,0.9712121212121212,312.98828125,0.859375,0.53125,0.8829548358917236,False,ok,0.09532690000196453
D1_154_building,disk-lightglue-r3200-k8192,disk,lightglue,3200,8192,900,107_0005_0051.JPG,107_0005_0055.JPG,8192,8192,1468,1381,0.9407356948228883,168.5791015625,0.734375,0.390625,0.6953182816505432,False,ok,0.08985889999894425
D1_154_building,disk-lightglue-r3200-k8192,disk,lightglue,3200,8192,901,107_0005_0051.JPG,107_0005_0056.JPG,8192,8192,639,558,0.8732394366197183,68.115234375,0.59375,0.25,0.530534029006958,False,ok,0.09815759999037255
D1_154_building,disk-lightglue-r3200-k8192,disk,lightglue,3200,8192,902,107_0005_0051.JPG,107_0005_0057.JPG,8192,8192,1049,726,0.6920877025738799,88.623046875,0.484375,0.171875,0.7886821031570435,False,ok,0.1812596000090707
D1_154_building,disk-lightglue-r3200-k8192,disk,lightglue,3200,8192,903,107_0005_0051.JPG,107_0005_0058.JPG,8192,8192,50,34,0.68,4.150390625,0.140625,0.078125,0.3482225835323334,False,ok,0.1243584999901941
D1_154_building,disk-lightglue-r3200-k8192,disk,lightglue,3200,8192,904,107_0005_0051.JPG,107_0005_0059.JPG,8192,8192,55,37,0.6727272727272727,4.5166015625,0.140625,0.046875,0.3409959375858307,False,ok,0.13537129999895114
D1_154_building,disk-lightglue-r3200-k8192,disk,lightglue,3200,8192,905,107_0005_0051.JPG,107_0005_0077.JPG,8192,8192,16,8,0.5,0.9765625,0.125,0.109375,0.1734018474817276,True,ok,0.1424070000066422
D1_154_building,disk-lightglue-r3200-k8192,disk,lightglue,3200,8192,906,107_0005_0051.JPG,107_0005_0078.JPG,8192,8192,16,8,0.5,0.9765625,0.109375,0.125,0.1781623214483261,True,ok,0.1339434999972582
D1_154_building,disk-lightglue-r3200-k8192,disk,lightglue,3200,8192,907,107_0005_0051.JPG,107_0005_0079.JPG,8192,8192,11,8,0.7272727272727273,0.9765625,0.125,0.125,0.2599538266658783,True,ok,0.13027940000756644
D1_154_building,disk-lightglue-r3200-k8192,disk,lightglue,3200,8192,908,107_0005_0051.JPG,107_0005_0095.JPG,8192,8192,14,8,0.5714285714285714,0.9765625,0.125,0.125,0.16885866224765778,True,ok,0.13368629998876713
D1_154_building,disk-lightglue-r3200-k8192,disk,lightglue,3200,8192,909,107_0005_0051.JPG,107_0005_0096.JPG,8192,8192,6,0,0.0,0.0,0.0,0.0,0.14092597365379333,True,too_few_matches,0.1344195999990916
D1_154_building,disk-lightglue-r3200-k8192,disk,lightglue,3200,8192,910,107_0005_0051.JPG,107_0005_0097.JPG,8192,8192,10,7,0.7,0.8544921875,0.109375,0.109375,0.15321633219718933,True,ok,0.13495490000059363
D1_154_building,disk-lightglue-r3200-k8192,disk,lightglue,3200,8192,911,107_0005_0052.JPG,107_0005_0053.JPG,8192,8192,4081,4030,0.9875030629747611,491.943359375,0.953125,0.75,0.9679286479949951,False,ok,0.09080209999228828
D1_154_building,disk-lightglue-r3200-k8192,disk,lightglue,3200,8192,912,107_0005_0052.JPG,107_0005_0054.JPG,8192,8192,2552,2487,0.9745297805642633,303.5888671875,0.875,0.578125,0.8898897767066956,False,ok,0.08991329999116715
D1_154_building,disk-lightglue-r3200-k8192,disk,lightglue,3200,8192,913,107_0005_0052.JPG,107_0005_0055.JPG,8192,8192,1382,1312,0.9493487698986975,160.15625,0.75,0.375,0.7084434628486633,False,ok,0.0832284000061918
D1_154_building,disk-lightglue-r3200-k8192,disk,lightglue,3200,8192,914,107_0005_0052.JPG,107_0005_0056.JPG,8192,8192,645,567,0.8790697674418605,69.2138671875,0.59375,0.25,0.5203269720077515,False,ok,0.09041920000163373
D1_154_building,disk-lightglue-r3200-k8192,disk,lightglue,3200,8192,915,107_0005_0052.JPG,107_0005_0057.JPG,8192,8192,993,675,0.6797583081570997,82.3974609375,0.5,0.1875,0.7855702638626099,False,ok,0.17805650000809692
D1_154_building,disk-lightglue-r3200-k8192,disk,lightglue,3200,8192,916,107_0005_0052.JPG,107_0005_0058.JPG,8192,8192,27,20,0.7407407407407407,2.44140625,0.109375,0.09375,0.23848019540309906,False,ok,0.12219019999611191
D1_154_building,disk-lightglue-r3200-k8192,disk,lightglue,3200,8192,917,107_0005_0052.JPG,107_0005_0059.JPG,8192,8192,27,19,0.7037037037037037,2.3193359375,0.140625,0.125,0.20599426329135895,False,ok,0.14608099999895785
D1_154_building,disk-lightglue-r3200-k8192,disk,lightglue,3200,8192,918,107_0005_0052.JPG,107_0005_0060.JPG,8192,8192,1148,714,0.6219512195121951,87.158203125,0.484375,0.15625,0.7828406095504761,False,ok,0.19237479999719653
D1_154_building,disk-lightglue-r3200-k8192,disk,lightglue,3200,8192,919,107_0005_0052.JPG,107_0005_0077.JPG,8192,8192,12,7,0.5833333333333334,0.8544921875,0.109375,0.09375,0.24455595016479492,True,ok,0.12262599999667145
D1_154_building,disk-lightglue-r3200-k8192,disk,lightglue,3200,8192,920,107_0005_0052.JPG,107_0005_0078.JPG,8192,8192,11,7,0.6363636363636364,0.8544921875,0.109375,0.09375,0.1671135127544403,True,ok,0.1293889000080526
D1_154_building,disk-lightglue-r3200-k8192,disk,lightglue,3200,8192,921,107_0005_0052.JPG,107_0005_0079.JPG,8192,8192,7,0,0.0,0.0,0.0,0.0,0.21483945846557617,True,too_few_matches,0.13870199999655597
D1_154_building,disk-lightglue-r3200-k8192,disk,lightglue,3200,8192,922,107_0005_0052.JPG,107_0005_0095.JPG,8192,8192,10,7,0.7,0.8544921875,0.109375,0.09375,0.14256833493709564,True,ok,0.13554790000489447
D1_154_building,disk-lightglue-r3200-k8192,disk,lightglue,3200,8192,923,107_0005_0052.JPG,107_0005_0096.JPG,8192,8192,8,0,0.0,0.0,0.0,0.0,0.15783539414405823,True,no_model,0.13329080000403337
D1_154_building,disk-lightglue-r3200-k8192,disk,lightglue,3200,8192,924,107_0005_0052.JPG,107_0005_0097.JPG,8192,8192,11,7,0.6363636363636364,0.8544921875,0.109375,0.109375,0.14819322526454926,True,ok,0.1245548000006238
D1_154_building,disk-lightglue-r3200-k8192,disk,lightglue,3200,8192,925,107_0005_0053.JPG,107_0005_0054.JPG,8192,8192,4438,4385,0.9880576836412799,535.2783203125,1.0,0.828125,0.9755894541740417,False,ok,0.10253420000663027
D1_154_building,disk-lightglue-r3200-k8192,disk,lightglue,3200,8192,926,107_0005_0053.JPG,107_0005_0055.JPG,8192,8192,2984,2898,0.9711796246648794,353.759765625,0.84375,0.59375,0.9196699857711792,False,ok,0.08670340001117438
D1_154_building,disk-lightglue-r3200-k8192,disk,lightglue,3200,8192,927,107_0005_0053.JPG,107_0005_0056.JPG,8192,8192,1911,1800,0.9419152276295133,219.7265625,0.71875,0.390625,0.788852870464325,False,ok,0.09636509999108966
D1_154_building,disk-lightglue-r3200-k8192,disk,lightglue,3200,8192,928,107_0005_0053.JPG,107_0005_0057.JPG,8192,8192,1488,1274,0.8561827956989247,155.517578125,0.546875,0.28125,0.8915534019470215,False,ok,0.1370351999939885
D1_154_building,disk-lightglue-r3200-k8192,disk,lightglue,3200,8192,929,107_0005_0053.JPG,107_0005_0058.JPG,8192,8192,984,656,0.6666666666666666,80.078125,0.421875,0.15625,0.8063549399375916,False,ok,0.16643670000485145
D1_154_building,disk-lightglue-r3200-k8192,disk,lightglue,3200,8192,930,107_0005_0053.JPG,107_0005_0059.JPG,8192,8192,909,650,0.7150715071507151,79.345703125,0.40625,0.15625,0.7837499380111694,False,ok,0.16439119999995455
D1_154_building,disk-lightglue-r3200-k8192,disk,lightglue,3200,8192,931,107_0005_0053.JPG,107_0005_0060.JPG,8192,8192,1519,1256,0.8268597761685319,153.3203125,0.5625,0.21875,0.9161460399627686,False,ok,0.16770469999755733
D1_154_building,disk-lightglue-r3200-k8192,disk,lightglue,3200,8192,932,107_0005_0053.JPG,107_0005_0061.JPG,8192,8192,1576,1381,0.876269035532995,168.5791015625,0.46875,0.234375,0.9206669330596924,False,ok,0.17893520000507124
D1_154_building,disk-lightglue-r3200-k8192,disk,lightglue,3200,8192,933,107_0005_0053.JPG,107_0005_0066.JPG,8192,8192,7,0,0.0,0.0,0.0,0.0,0.22901378571987152,True,too_few_matches,0.1264113999932306
D1_154_building,disk-lightglue-r3200-k8192,disk,lightglue,3200,8192,934,107_0005_0053.JPG,107_0005_0067.JPG,8192,8192,16,8,0.5,0.9765625,0.125,0.109375,0.16693845391273499,True,ok,0.14129299999331124
D1_154_building,disk-lightglue-r3200-k8192,disk,lightglue,3200,8192,935,107_0005_0053.JPG,107_0005_0068.JPG,8192,8192,8,7,0.875,0.8544921875,0.109375,0.109375,0.1644303947687149,True,ok,0.12569739999889862
D1_154_building,disk-lightglue-r3200-k8192,disk,lightglue,3200,8192,936,107_0005_0053.JPG,107_0005_0078.JPG,8192,8192,18,8,0.4444444444444444,0.9765625,0.125,0.109375,0.1407523900270462,True,ok,0.13631339999847114
D1_154_building,disk-lightglue-r3200-k8192,disk,lightglue,3200,8192,937,107_0005_0053.JPG,107_0005_0079.JPG,8192,8192,21,9,0.42857142857142855,1.0986328125,0.109375,0.140625,0.1900031715631485,True,ok,0.13192510000953916
D1_154_building,disk-lightglue-r3200-k8192,disk,lightglue,3200,8192,938,107_0005_0053.JPG,107_0005_0096.JPG,8192,8192,17,8,0.47058823529411764,0.9765625,0.109375,0.078125,0.1334223449230194,True,ok,0.12726090000069235
D1_154_building,disk-lightglue-r3200-k8192,disk,lightglue,3200,8192,939,107_0005_0054.JPG,107_0005_0055.JPG,8192,8192,4503,4448,0.9877859204974462,542.96875,0.9375,0.78125,0.9758723974227905,False,ok,0.09737439999298658
D1_154_building,disk-lightglue-r3200-k8192,disk,lightglue,3200,8192,940,107_0005_0054.JPG,107_0005_0056.JPG,8192,8192,3160,3066,0.970253164556962,374.267578125,0.8125,0.5625,0.9279229640960693,False,ok,0.0895918000023812
D1_154_building,disk-lightglue-r3200-k8192,disk,lightglue,3200,8192,941,107_0005_0054.JPG,107_0005_0057.JPG,8192,8192,2040,1942,0.9519607843137254,237.060546875,0.703125,0.390625,0.7742714285850525,False,ok,0.08261789999960456
D1_154_building,disk-lightglue-r3200-k8192,disk,lightglue,3200,8192,942,107_0005_0054.JPG,107_0005_0058.JPG,8192,8192,1468,1288,0.8773841961852861,157.2265625,0.515625,0.28125,0.8962964415550232,False,ok,0.148776000001817
D1_154_building,disk-lightglue-r3200-k8192,disk,lightglue,3200,8192,943,107_0005_0054.JPG,107_0005_0059.JPG,8192,8192,1401,1077,0.7687366167023555,131.4697265625,0.453125,0.25,0.8786929249763489,False,ok,0.13433259999146685
D1_154_building,disk-lightglue-r3200-k8192,disk,lightglue,3200,8192,944,107_0005_0054.JPG,107_0005_0060.JPG,8192,8192,1805,1721,0.9534626038781163,210.0830078125,0.71875,0.375,0.6987475752830505,False,ok,0.07959269999992102
D1_154_building,disk-lightglue-r3200-k8192,disk,lightglue,3200,8192,945,107_0005_0054.JPG,107_0005_0061.JPG,8192,8192,2070,1952,0.9429951690821256,238.28125,0.578125,0.421875,0.9225066304206848,False,ok,0.16688499999872874
D1_154_building,disk-lightglue-r3200-k8192,disk,lightglue,3200,8192,946,107_0005_0054.JPG,107_0005_0062.JPG,8192,8192,16,9,0.5625,1.0986328125,0.109375,0.09375,0.17226622998714447,True,ok,0.1310632000095211
D1_154_building,disk-lightglue-r3200-k8192,disk,lightglue,3200,8192,947,107_0005_0054.JPG,107_0005_0065.JPG,8192,8192,11,7,0.6363636363636364,0.8544921875,0.09375,0.109375,0.2039346694946289,True,ok,0.13150960000348277
D1_154_building,disk-lightglue-r3200-k8192,disk,lightglue,3200,8192,948,107_0005_0054.JPG,107_0005_0066.JPG,8192,8192,14,8,0.5714285714285714,0.9765625,0.09375,0.078125,0.1832861602306366,True,ok,0.1374643000017386
D1_154_building,disk-lightglue-r3200-k8192,disk,lightglue,3200,8192,949,107_0005_0054.JPG,107_0005_0067.JPG,8192,8192,21,9,0.42857142857142855,1.0986328125,0.09375,0.109375,0.19558075070381165,True,ok,0.1416618999937782
D1_154_building,disk-lightglue-r3200-k8192,disk,lightglue,3200,8192,950,107_0005_0054.JPG,107_0005_0068.JPG,8192,8192,12,7,0.5833333333333334,0.8544921875,0.09375,0.109375,0.17559100687503815,True,ok,0.1358267000032356
D1_154_building,disk-lightglue-r3200-k8192,disk,lightglue,3200,8192,951,107_0005_0054.JPG,107_0005_0069.JPG,8192,8192,17,8,0.47058823529411764,0.9765625,0.109375,0.109375,0.1673511564731598,True,ok,0.1369793999911053
D1_154_building,disk-lightglue-r3200-k8192,disk,lightglue,3200,8192,952,107_0005_0054.JPG,107_0005_0147.JPG,8192,8192,9,7,0.7777777777777778,0.8544921875,0.09375,0.078125,0.14171050488948822,True,ok,0.130953200001386
D1_154_building,disk-lightglue-r3200-k8192,disk,lightglue,3200,8192,953,107_0005_0054.JPG,107_0005_0148.JPG,8192,8192,12,7,0.5833333333333334,0.8544921875,0.078125,0.09375,0.17684221267700195,True,ok,0.1454613999958383
D1_154_building,disk-lightglue-r3200-k8192,disk,lightglue,3200,8192,954,107_0005_0055.JPG,107_0005_0056.JPG,8192,8192,4605,4560,0.990228013029316,556.640625,0.953125,0.75,0.9771761894226074,False,ok,0.09092339999915566
D1_154_building,disk-lightglue-r3200-k8192,disk,lightglue,3200,8192,955,107_0005_0055.JPG,107_0005_0057.JPG,8192,8192,3294,3201,0.9717668488160291,390.7470703125,0.8125,0.59375,0.9304512739181519,False,ok,0.08108119999815244
D1_154_building,disk-lightglue-r3200-k8192,disk,lightglue,3200,8192,956,107_0005_0055.JPG,107_0005_0058.JPG,8192,8192,2219,2097,0.9450202794051374,255.9814453125,0.703125,0.421875,0.9429225921630859,False,ok,0.11958839998987969
D1_154_building,disk-lightglue-r3200-k8192,disk,lightglue,3200,8192,957,107_0005_0055.JPG,107_0005_0059.JPG,8192,8192,2104,1988,0.9448669201520913,242.67578125,0.6875,0.359375,0.9365353584289551,False,ok,0.1438617000094382
D1_154_building,disk-lightglue-r3200-k8192,disk,lightglue,3200,8192,958,107_0005_0055.JPG,107_0005_0060.JPG,8192,8192,2930,2838,0.9686006825938567,346.435546875,0.765625,0.484375,0.8800989389419556,False,ok,0.08411490000435151
D1_154_building,disk-lightglue-r3200-k8192,disk,lightglue,3200,8192,959,107_0005_0055.JPG,107_0005_0061.JPG,8192,8192,2588,2489,0.9617465224111282,303.8330078125,0.65625,0.515625,0.9526878595352173,False,ok,0.1704662999982247
D1_154_building,disk-lightglue-r3200-k8192,disk,lightglue,3200,8192,960,107_0005_0055.JPG,107_0005_0062.JPG,8192,8192,27,9,0.3333333333333333,1.0986328125,0.109375,0.125,0.16117823123931885,True,ok,0.12952339999901596
D1_154_building,disk-lightglue-r3200-k8192,disk,lightglue,3200,8192,961,107_0005_0055.JPG,107_0005_0063.JPG,8192,8192,25,9,0.36,1.0986328125,0.109375,0.109375,0.21851375699043274,True,ok,0.1320053000090411
D1_154_building,disk-lightglue-r3200-k8192,disk,lightglue,3200,8192,962,107_0005_0055.JPG,107_0005_0065.JPG,8192,8192,13,8,0.6153846153846154,0.9765625,0.125,0.125,0.1986391544342041,True,ok,0.1293885000050068
D1_154_building,disk-lightglue-r3200-k8192,disk,lightglue,3200,8192,963,107_0005_0055.JPG,107_0005_0066.JPG,8192,8192,16,8,0.5,0.9765625,0.125,0.125,0.23264461755752563,True,ok,0.11007490000338294
D1_154_building,disk-lightglue-r3200-k8192,disk,lightglue,3200,8192,964,107_0005_0055.JPG,107_0005_0067.JPG,8192,8192,19,8,0.42105263157894735,0.9765625,0.109375,0.09375,0.16235636174678802,True,ok,0.13679650000995025
D1_154_building,disk-lightglue-r3200-k8192,disk,lightglue,3200,8192,965,107_0005_0055.JPG,107_0005_0068.JPG,8192,8192,14,8,0.5714285714285714,0.9765625,0.109375,0.125,0.15846145153045654,True,ok,0.10894450001069345
D1_154_building,disk-lightglue-r3200-k8192,disk,lightglue,3200,8192,966,107_0005_0055.JPG,107_0005_0148.JPG,8192,8192,10,7,0.7,0.8544921875,0.109375,0.109375,0.19419249892234802,True,ok,0.11971639998955652
D1_154_building,disk-lightglue-r3200-k8192,disk,lightglue,3200,8192,967,107_0005_0056.JPG,107_0005_0057.JPG,8192,8192,4714,4653,0.9870598218073823,567.9931640625,0.90625,0.703125,0.9695972800254822,False,ok,0.0977236000035191
D1_154_building,disk-lightglue-r3200-k8192,disk,lightglue,3200,8192,968,107_0005_0056.JPG,107_0005_0058.JPG,8192,8192,3157,3080,0.975609756097561,375.9765625,0.78125,0.53125,0.9212388396263123,False,ok,0.07483729999512434
D1_154_building,disk-lightglue-r3200-k8192,disk,lightglue,3200,8192,969,107_0005_0056.JPG,107_0005_0059.JPG,8192,8192,2965,2872,0.9686340640809443,350.5859375,0.78125,0.515625,0.9045364856719971,False,ok,0.07949820000794716
D1_154_building,disk-lightglue-r3200-k8192,disk,lightglue,3200,8192,970,107_0005_0056.JPG,107_0005_0060.JPG,8192,8192,3853,3791,0.9839086426161433,462.7685546875,0.8125,0.609375,0.9514653086662292,False,ok,0.11295950000931043
D1_154_building,disk-lightglue-r3200-k8192,disk,lightglue,3200,8192,971,107_0005_0056.JPG,107_0005_0061.JPG,8192,8192,1557,1490,0.9569685292228645,181.884765625,0.640625,0.625,0.45215603709220886,False,ok,0.08620420000806917
D1_154_building,disk-lightglue-r3200-k8192,disk,lightglue,3200,8192,972,107_0005_0056.JPG,107_0005_0062.JPG,8192,8192,23,9,0.391304347826087,1.0986328125,0.125,0.109375,0.18073226511478424,True,ok,0.1351966999936849
D1_154_building,disk-lightglue-r3200-k8192,disk,lightglue,3200,8192,973,107_0005_0056.JPG,107_0005_0063.JPG,8192,8192,23,9,0.391304347826087,1.0986328125,0.140625,0.140625,0.21345217525959015,True,ok,0.11173280001094099
D1_154_building,disk-lightglue-r3200-k8192,disk,lightglue,3200,8192,974,107_0005_0056.JPG,107_0005_0064.JPG,8192,8192,13,8,0.6153846153846154,0.9765625,0.125,0.125,0.182887002825737,True,ok,0.12920440000016242
D1_154_building,disk-lightglue-r3200-k8192,disk,lightglue,3200,8192,975,107_0005_0056.JPG,107_0005_0066.JPG,8192,8192,20,9,0.45,1.0986328125,0.109375,0.125,0.20058992505073547,True,ok,0.10623220000707079
D1_154_building,disk-lightglue-r3200-k8192,disk,lightglue,3200,8192,976,107_0005_0057.JPG,107_0005_0058.JPG,8192,8192,4492,4434,0.9870881567230633,541.259765625,0.8125,0.625,0.9598595499992371,False,ok,0.07523180000134744
D1_154_building,disk-lightglue-r3200-k8192,disk,lightglue,3200,8192,977,107_0005_0057.JPG,107_0005_0059.JPG,8192,8192,4262,4183,0.9814641013608635,510.6201171875,0.8125,0.625,0.9562203884124756,False,ok,0.0807929000002332
D1_154_building,disk-lightglue-r3200-k8192,disk,lightglue,3200,8192,978,107_0005_0057.JPG,107_0005_0060.JPG,8192,8192,4439,4370,0.9844559585492227,533.447265625,0.671875,0.65625,0.9577456712722778,False,ok,0.09013450000202283
D1_154_building,disk-lightglue-r3200-k8192,disk,lightglue,3200,8192,979,107_0005_0057.JPG,107_0005_0061.JPG,8192,8192,2517,2334,0.9272943980929678,284.912109375,0.546875,0.65625,0.9609118700027466,False,ok,0.188300399997388
D1_154_building,disk-lightglue-r3200-k8192,disk,lightglue,3200,8192,980,107_0005_0057.JPG,107_0005_0062.JPG,8192,8192,26,9,0.34615384615384615,1.0986328125,0.125,0.125,0.16771872341632843,True,ok,0.13396300000022165
D1_154_building,disk-lightglue-r3200-k8192,disk,lightglue,3200,8192,981,107_0005_0057.JPG,107_0005_0063.JPG,8192,8192,12,8,0.6666666666666666,0.9765625,0.09375,0.109375,0.2610219419002533,True,ok,0.13847140000143554
D1_154_building,disk-lightglue-r3200-k8192,disk,lightglue,3200,8192,982,107_0005_0057.JPG,107_0005_0064.JPG,8192,8192,9,7,0.7777777777777778,0.8544921875,0.09375,0.109375,0.2437860667705536,True,ok,0.15323110000463203
D1_154_building,disk-lightglue-r3200-k8192,disk,lightglue,3200,8192,983,107_0005_0057.JPG,107_0005_0065.JPG,8192,8192,15,8,0.5333333333333333,0.9765625,0.125,0.125,0.22227169573307037,True,ok,0.14093479998700786
D1_154_building,disk-lightglue-r3200-k8192,disk,lightglue,3200,8192,984,107_0005_0058.JPG,107_0005_0059.JPG,8192,8192,6049,5991,0.9904116382873203,731.3232421875,0.8125,0.75,0.9720006585121155,False,ok,0.08617969999613706
D1_154_building,disk-lightglue-r3200-k8192,disk,lightglue,3200,8192,985,107_0005_0058.JPG,107_0005_0060.JPG,8192,8192,3599,3520,0.9780494581828285,429.6875,0.59375,0.71875,0.9741867780685425,False,ok,0.11711419999483041
D1_154_building,disk-lightglue-r3200-k8192,disk,lightglue,3200,8192,986,107_0005_0058.JPG,107_0005_0061.JPG,8192,8192,1927,1602,0.8313440581214323,195.556640625,0.421875,0.65625,0.9154654145240784,False,ok,0.17609139998967294
D1_154_building,disk-lightglue-r3200-k8192,disk,lightglue,3200,8192,987,107_0005_0058.JPG,107_0005_0062.JPG,8192,8192,18,9,0.5,1.0986328125,0.109375,0.125,0.16062621772289276,True,ok,0.10883169999578968
D1_154_building,disk-lightglue-r3200-k8192,disk,lightglue,3200,8192,988,107_0005_0058.JPG,107_0005_0063.JPG,8192,8192,8,0,0.0,0.0,0.0,0.0,0.21832643449306488,True,no_model,0.1394842999870889
D1_154_building,disk-lightglue-r3200-k8192,disk,lightglue,3200,8192,989,107_0005_0058.JPG,107_0005_0064.JPG,8192,8192,8,7,0.875,0.8544921875,0.09375,0.09375,0.20200121402740479,True,ok,0.13865420001093298
D1_154_building,disk-lightglue-r3200-k8192,disk,lightglue,3200,8192,990,107_0005_0058.JPG,107_0005_0065.JPG,8192,8192,10,7,0.7,0.8544921875,0.109375,0.09375,0.22936227917671204,True,ok,0.16960300000209827
D1_154_building,disk-lightglue-r3200-k8192,disk,lightglue,3200,8192,991,107_0005_0058.JPG,107_0005_0066.JPG,8192,8192,20,8,0.4,0.9765625,0.109375,0.09375,0.2103390395641327,True,ok,0.1353528999898117
D1_154_building,disk-lightglue-r3200-k8192,disk,lightglue,3200,8192,992,107_0005_0059.JPG,107_0005_0060.JPG,8192,8192,3365,3310,0.9836552748885586,404.052734375,0.578125,0.75,0.9726250767707825,False,ok,0.10593560000415891
D1_154_building,disk-lightglue-r3200-k8192,disk,lightglue,3200,8192,993,107_0005_0059.JPG,107_0005_0061.JPG,8192,8192,1809,1441,0.7965726920950802,175.9033203125,0.40625,0.609375,0.8902347087860107,False,ok,0.19457099999999627
D1_154_building,disk-lightglue-r3200-k8192,disk,lightglue,3200,8192,994,107_0005_0059.JPG,107_0005_0062.JPG,8192,8192,20,8,0.4,0.9765625,0.09375,0.09375,0.17197415232658386,True,ok,0.12469219999911729
D1_154_building,disk-lightglue-r3200-k8192,disk,lightglue,3200,8192,995,107_0005_0059.JPG,107_0005_0063.JPG,8192,8192,11,7,0.6363636363636364,0.8544921875,0.078125,0.09375,0.20803584158420563,True,ok,0.1253809000045294
D1_154_building,disk-lightglue-r3200-k8192,disk,lightglue,3200,8192,996,107_0005_0059.JPG,107_0005_0064.JPG,8192,8192,16,8,0.5,0.9765625,0.09375,0.109375,0.18048375844955444,True,ok,0.1509851000009803
D1_154_building,disk-lightglue-r3200-k8192,disk,lightglue,3200,8192,997,107_0005_0059.JPG,107_0005_0065.JPG,8192,8192,13,7,0.5384615384615384,0.8544921875,0.109375,0.109375,0.2066446840763092,True,ok,0.14049320000049192
D1_154_building,disk-lightglue-r3200-k8192,disk,lightglue,3200,8192,998,107_0005_0059.JPG,107_0005_0066.JPG,8192,8192,15,8,0.5333333333333333,0.9765625,0.109375,0.125,0.26679980754852295,True,ok,0.146755599998869
D1_154_building,disk-lightglue-r3200-k8192,disk,lightglue,3200,8192,999,107_0005_0059.JPG,107_0005_0067.JPG,8192,8192,12,8,0.6666666666666666,0.9765625,0.109375,0.09375,0.19261588156223297,True,ok,0.13477449999481905
D1_154_building,disk-lightglue-r3200-k8192,disk,lightglue,3200,8192,1000,107_0005_0060.JPG,107_0005_0061.JPG,8192,8192,3320,3153,0.9496987951807229,384.8876953125,0.6875,0.8125,0.955487072467804,False,ok,0.13992489999509417
D1_154_building,disk-lightglue-r3200-k8192,disk,lightglue,3200,8192,1001,107_0005_0060.JPG,107_0005_0062.JPG,8192,8192,1893,1209,0.6386687797147385,147.5830078125,0.421875,0.625,0.7758966684341431,False,ok,0.2832680999999866
D1_154_building,disk-lightglue-r3200-k8192,disk,lightglue,3200,8192,1002,107_0005_0060.JPG,107_0005_0063.JPG,8192,8192,24,8,0.3333333333333333,0.9765625,0.125,0.109375,0.23524300754070282,True,ok,0.12021290000120644
D1_154_building,disk-lightglue-r3200-k8192,disk,lightglue,3200,8192,1003,107_0005_0060.JPG,107_0005_0064.JPG,8192,8192,15,8,0.5333333333333333,0.9765625,0.125,0.125,0.18762435019016266,True,ok,0.12413379999634344
D1_154_building,disk-lightglue-r3200-k8192,disk,lightglue,3200,8192,1004,107_0005_0060.JPG,107_0005_0065.JPG,8192,8192,20,9,0.45,1.0986328125,0.125,0.140625,0.1735539734363556,True,ok,0.1406793999922229
D1_154_building,disk-lightglue-r3200-k8192,disk,lightglue,3200,8192,1005,107_0005_0060.JPG,107_0005_0066.JPG,8192,8192,20,8,0.4,0.9765625,0.125,0.125,0.20033565163612366,True,ok,0.14519300000392832
D1_154_building,disk-lightglue-r3200-k8192,disk,lightglue,3200,8192,1006,107_0005_0060.JPG,107_0005_0067.JPG,8192,8192,7,0,0.0,0.0,0.0,0.0,0.199228435754776,True,too_few_matches,0.12211750001006294
D1_154_building,disk-lightglue-r3200-k8192,disk,lightglue,3200,8192,1007,107_0005_0060.JPG,107_0005_0068.JPG,8192,8192,11,7,0.6363636363636364,0.8544921875,0.109375,0.109375,0.15949490666389465,True,ok,0.14249569999810774
D1_154_building,disk-lightglue-r3200-k8192,disk,lightglue,3200,8192,1008,107_0005_0061.JPG,107_0005_0062.JPG,8192,8192,3277,3123,0.9530057979859627,381.2255859375,0.71875,0.828125,0.9781739115715027,False,ok,0.14604600000893697
D1_154_building,disk-lightglue-r3200-k8192,disk,lightglue,3200,8192,1009,107_0005_0061.JPG,107_0005_0063.JPG,8192,8192,34,10,0.29411764705882354,1.220703125,0.140625,0.125,0.23890845477581024,True,ok,0.12471939998795278
D1_154_building,disk-lightglue-r3200-k8192,disk,lightglue,3200,8192,1010,107_0005_0061.JPG,107_0005_0064.JPG,8192,8192,15,8,0.5333333333333333,0.9765625,0.09375,0.109375,0.21183998882770538,True,ok,0.1149063000048045
D1_154_building,disk-lightglue-r3200-k8192,disk,lightglue,3200,8192,1011,107_0005_0061.JPG,107_0005_0065.JPG,8192,8192,21,9,0.42857142857142855,1.0986328125,0.125,0.109375,0.17774084210395813,True,ok,0.145642699993914
D1_154_building,disk-lightglue-r3200-k8192,disk,lightglue,3200,8192,1012,107_0005_0061.JPG,107_0005_0066.JPG,8192,8192,23,9,0.391304347826087,1.0986328125,0.109375,0.140625,0.1750931739807129,True,ok,0.12563999999838416
D1_154_building,disk-lightglue-r3200-k8192,disk,lightglue,3200,8192,1013,107_0005_0061.JPG,107_0005_0067.JPG,8192,8192,20,8,0.4,0.9765625,0.109375,0.125,0.17049552500247955,True,ok,0.12822830000368413
D1_154_building,disk-lightglue-r3200-k8192,disk,lightglue,3200,8192,1014,107_0005_0061.JPG,107_0005_0068.JPG,8192,8192,20,8,0.4,0.9765625,0.109375,0.09375,0.17505553364753723,True,ok,0.13502639999205712
D1_154_building,disk-lightglue-r3200-k8192,disk,lightglue,3200,8192,1015,107_0005_0061.JPG,107_0005_0069.JPG,8192,8192,24,9,0.375,1.0986328125,0.140625,0.140625,0.1589534729719162,True,ok,0.1501657999906456
D1_154_building,disk-lightglue-r3200-k8192,disk,lightglue,3200,8192,1016,107_0005_0061.JPG,107_0005_0148.JPG,8192,8192,13,7,0.5384615384615384,0.8544921875,0.109375,0.109375,0.17575491964817047,True,ok,0.12857369999983348
D1_154_building,disk-lightglue-r3200-k8192,disk,lightglue,3200,8192,1017,107_0005_0062.JPG,107_0005_0063.JPG,8192,8192,3217,3089,0.9602113770593721,377.0751953125,0.703125,0.8125,0.9652436971664429,False,ok,0.17591540000285022
D1_154_building,disk-lightglue-r3200-k8192,disk,lightglue,3200,8192,1018,107_0005_0062.JPG,107_0005_0064.JPG,8192,8192,22,9,0.4090909090909091,1.0986328125,0.125,0.09375,0.18343481421470642,True,ok,0.1727338999917265
D1_154_building,disk-lightglue-r3200-k8192,disk,lightglue,3200,8192,1019,107_0005_0062.JPG,107_0005_0065.JPG,8192,8192,32,9,0.28125,1.0986328125,0.125,0.109375,0.17003072798252106,True,ok,0.10601339999993797
D1_154_building,disk-lightglue-r3200-k8192,disk,lightglue,3200,8192,1020,107_0005_0062.JPG,107_0005_0066.JPG,8192,8192,34,9,0.2647058823529412,1.0986328125,0.125,0.125,0.17113594710826874,True,ok,0.11196609999751672
D1_154_building,disk-lightglue-r3200-k8192,disk,lightglue,3200,8192,1021,107_0005_0062.JPG,107_0005_0067.JPG,8192,8192,42,10,0.23809523809523808,1.220703125,0.140625,0.09375,0.17542597651481628,True,ok,0.11032659999909811
D1_154_building,disk-lightglue-r3200-k8192,disk,lightglue,3200,8192,1022,107_0005_0062.JPG,107_0005_0068.JPG,8192,8192,44,9,0.20454545454545456,1.0986328125,0.125,0.140625,0.14762191474437714,True,ok,0.2318877999932738
D1_154_building,disk-lightglue-r3200-k8192,disk,lightglue,3200,8192,1023,107_0005_0062.JPG,107_0005_0069.JPG,8192,8192,28,8,0.2857142857142857,0.9765625,0.109375,0.109375,0.16914089024066925,True,ok,0.10457090000272729
D1_154_building,disk-lightglue-r3200-k8192,disk,lightglue,3200,8192,1024,107_0005_0062.JPG,107_0005_0070.JPG,8192,8192,19,9,0.47368421052631576,1.0986328125,0.140625,0.125,0.19117243587970734,True,ok,0.19660019999719225
D1_154_building,disk-lightglue-r3200-k8192,disk,lightglue,3200,8192,1025,107_0005_0062.JPG,107_0005_0147.JPG,8192,8192,30,9,0.3,1.0986328125,0.140625,0.078125,0.18323932588100433,True,ok,0.11670600000070408
D1_154_building,disk-lightglue-r3200-k8192,disk,lightglue,3200,8192,1026,107_0005_0062.JPG,107_0005_0148.JPG,8192,8192,41,9,0.21951219512195122,1.0986328125,0.140625,0.125,0.19882246851921082,True,ok,0.11015759999281727
D1_154_building,disk-lightglue-r3200-k8192,disk,lightglue,3200,8192,1027,107_0005_0062.JPG,107_0005_0149.JPG,8192,8192,51,10,0.19607843137254902,1.220703125,0.125,0.109375,0.18224042654037476,True,ok,0.10467339999740943
D1_154_building,disk-lightglue-r3200-k8192,disk,lightglue,3200,8192,1028,107_0005_0063.JPG,107_0005_0064.JPG,8192,8192,3588,3473,0.967948717948718,423.9501953125,0.75,0.78125,0.9656217694282532,False,ok,0.17385819999617524
D1_154_building,disk-lightglue-r3200-k8192,disk,lightglue,3200,8192,1029,107_0005_0063.JPG,107_0005_0065.JPG,8192,8192,3757,3464,0.9220122438115518,422.8515625,0.84375,0.71875,0.9610685706138611,False,ok,0.2038412999972934
D1_154_building,disk-lightglue-r3200-k8192,disk,lightglue,3200,8192,1030,107_0005_0063.JPG,107_0005_0066.JPG,8192,8192,2858,2416,0.8453463960811757,294.921875,0.765625,0.546875,0.9469627141952515,False,ok,0.18731039999693166
D1_154_building,disk-lightglue-r3200-k8192,disk,lightglue,3200,8192,1031,107_0005_0063.JPG,107_0005_0067.JPG,8192,8192,1910,1399,0.7324607329842932,170.7763671875,0.625,0.421875,0.9082102179527283,False,ok,0.20203030000266153
D1_154_building,disk-lightglue-r3200-k8192,disk,lightglue,3200,8192,1032,107_0005_0063.JPG,107_0005_0068.JPG,8192,8192,117,77,0.6581196581196581,9.3994140625,0.359375,0.234375,0.2564156949520111,False,ok,0.11104979999072384
D1_154_building,disk-lightglue-r3200-k8192,disk,lightglue,3200,8192,1033,107_0005_0063.JPG,107_0005_0069.JPG,8192,8192,40,15,0.375,1.8310546875,0.15625,0.140625,0.22922377288341522,False,ok,0.14050290000159293
D1_154_building,disk-lightglue-r3200-k8192,disk,lightglue,3200,8192,1034,107_0005_0063.JPG,107_0005_0070.JPG,8192,8192,32,9,0.28125,1.0986328125,0.140625,0.125,0.19367781281471252,True,ok,0.1075016999966465
D1_154_building,disk-lightglue-r3200-k8192,disk,lightglue,3200,8192,1035,107_0005_0063.JPG,107_0005_0071.JPG,8192,8192,29,9,0.3103448275862069,1.0986328125,0.109375,0.109375,0.22659730911254883,True,ok,0.11589529999764636
D1_154_building,disk-lightglue-r3200-k8192,disk,lightglue,3200,8192,1036,107_0005_0063.JPG,107_0005_0147.JPG,8192,8192,21,8,0.38095238095238093,0.9765625,0.125,0.109375,0.14119602739810944,True,ok,0.1358401000034064
D1_154_building,disk-lightglue-r3200-k8192,disk,lightglue,3200,8192,1037,107_0005_0063.JPG,107_0005_0148.JPG,8192,8192,14,8,0.5714285714285714,0.9765625,0.109375,0.109375,0.1692255437374115,True,ok,0.1476526000042213
D1_154_building,disk-lightglue-r3200-k8192,disk,lightglue,3200,8192,1038,107_0005_0063.JPG,107_0005_0149.JPG,8192,8192,17,8,0.47058823529411764,0.9765625,0.078125,0.125,0.21488437056541443,True,ok,0.14644569999654777
D1_154_building,disk-lightglue-r3200-k8192,disk,lightglue,3200,8192,1039,107_0005_0063.JPG,107_0005_0150.JPG,8192,8192,13,7,0.5384615384615384,0.8544921875,0.109375,0.109375,0.178929403424263,True,ok,0.13594569999258965
D1_154_building,disk-lightglue-r3200-k8192,disk,lightglue,3200,8192,1040,107_0005_0064.JPG,107_0005_0065.JPG,8192,8192,4254,4219,0.9917724494593324,515.0146484375,0.84375,0.625,0.9890456795692444,False,ok,0.1376402999885613
D1_154_building,disk-lightglue-r3200-k8192,disk,lightglue,3200,8192,1041,107_0005_0064.JPG,107_0005_0066.JPG,8192,8192,2458,2384,0.9698942229454841,291.015625,0.703125,0.53125,0.9727439284324646,False,ok,0.1441091000015149
D1_154_building,disk-lightglue-r3200-k8192,disk,lightglue,3200,8192,1042,107_0005_0064.JPG,107_0005_0067.JPG,8192,8192,1333,1204,0.9032258064516129,146.97265625,0.578125,0.359375,0.9088129997253418,False,ok,0.12980670000251848
D1_154_building,disk-lightglue-r3200-k8192,disk,lightglue,3200,8192,1043,107_0005_0064.JPG,107_0005_0068.JPG,8192,8192,661,488,0.7382753403933434,59.5703125,0.453125,0.234375,0.7894023060798645,False,ok,0.17903519999526907
D1_154_building,disk-lightglue-r3200-k8192,disk,lightglue,3200,8192,1044,107_0005_0064.JPG,107_0005_0069.JPG,8192,8192,127,92,0.7244094488188977,11.23046875,0.25,0.109375,0.49931904673576355,False,ok,0.1286102000012761
D1_154_building,disk-lightglue-r3200-k8192,disk,lightglue,3200,8192,1045,107_0005_0064.JPG,107_0005_0070.JPG,8192,8192,22,9,0.4090909090909091,1.0986328125,0.140625,0.109375,0.20560146868228912,True,ok,0.12977080000564456
D1_154_building,disk-lightglue-r3200-k8192,disk,lightglue,3200,8192,1046,107_0005_0064.JPG,107_0005_0071.JPG,8192,8192,26,9,0.34615384615384615,1.0986328125,0.140625,0.125,0.2047368884086609,True,ok,0.13873450001119636
D1_154_building,disk-lightglue-r3200-k8192,disk,lightglue,3200,8192,1047,107_0005_0064.JPG,107_0005_0072.JPG,8192,8192,27,9,0.3333333333333333,1.0986328125,0.140625,0.140625,0.19333115220069885,True,ok,0.101919300010195
D1_154_building,disk-lightglue-r3200-k8192,disk,lightglue,3200,8192,1048,107_0005_0064.JPG,107_0005_0146.JPG,8192,8192,18,8,0.4444444444444444,0.9765625,0.125,0.109375,0.21039050817489624,True,ok,0.12474780000047758
D1_154_building,disk-lightglue-r3200-k8192,disk,lightglue,3200,8192,1049,107_0005_0064.JPG,107_0005_0147.JPG,8192,8192,10,7,0.7,0.8544921875,0.09375,0.09375,0.19034434854984283,True,ok,0.15146170000662096
D1_154_building,disk-lightglue-r3200-k8192,disk,lightglue,3200,8192,1050,107_0005_0064.JPG,107_0005_0148.JPG,8192,8192,18,8,0.4444444444444444,0.9765625,0.09375,0.125,0.18014520406723022,True,ok,0.14792970000416972
D1_154_building,disk-lightglue-r3200-k8192,disk,lightglue,3200,8192,1051,107_0005_0064.JPG,107_0005_0149.JPG,8192,8192,13,8,0.6153846153846154,0.9765625,0.125,0.125,0.1908511072397232,True,ok,0.13214240000525024
D1_154_building,disk-lightglue-r3200-k8192,disk,lightglue,3200,8192,1052,107_0005_0064.JPG,107_0005_0150.JPG,8192,8192,16,8,0.5,0.9765625,0.09375,0.078125,0.18140392005443573,True,ok,0.1442636000138009
D1_154_building,disk-lightglue-r3200-k8192,disk,lightglue,3200,8192,1053,107_0005_0065.JPG,107_0005_0066.JPG,8192,8192,3959,3917,0.9893912604192978,478.1494140625,0.84375,0.78125,0.9871648550033569,False,ok,0.13293680000060704
D1_154_building,disk-lightglue-r3200-k8192,disk,lightglue,3200,8192,1054,107_0005_0065.JPG,107_0005_0067.JPG,8192,8192,2192,2121,0.9676094890510949,258.9111328125,0.734375,0.578125,0.9698439836502075,False,ok,0.13969969999743626
D1_154_building,disk-lightglue-r3200-k8192,disk,lightglue,3200,8192,1055,107_0005_0065.JPG,107_0005_0068.JPG,8192,8192,1163,1038,0.8925193465176269,126.708984375,0.484375,0.375,0.9118256568908691,False,ok,0.12870090000797063
D1_154_building,disk-lightglue-r3200-k8192,disk,lightglue,3200,8192,1056,107_0005_0065.JPG,107_0005_0069.JPG,8192,8192,579,439,0.7582037996545768,53.5888671875,0.375,0.234375,0.8208593130111694,False,ok,0.15772390000347514
D1_154_building,disk-lightglue-r3200-k8192,disk,lightglue,3200,8192,1057,107_0005_0065.JPG,107_0005_0070.JPG,8192,8192,138,105,0.7608695652173914,12.8173828125,0.171875,0.09375,0.4960666000843048,False,ok,0.12434059999941383
D1_154_building,disk-lightglue-r3200-k8192,disk,lightglue,3200,8192,1058,107_0005_0065.JPG,107_0005_0071.JPG,8192,8192,27,9,0.3333333333333333,1.0986328125,0.109375,0.109375,0.23730532824993134,True,ok,0.1463093999918783
D1_154_building,disk-lightglue-r3200-k8192,disk,lightglue,3200,8192,1059,107_0005_0065.JPG,107_0005_0072.JPG,8192,8192,25,9,0.36,1.0986328125,0.109375,0.140625,0.21027998626232147,True,ok,0.10595800000010058
D1_154_building,disk-lightglue-r3200-k8192,disk,lightglue,3200,8192,1060,107_0005_0065.JPG,107_0005_0073.JPG,8192,8192,30,9,0.3,1.0986328125,0.140625,0.125,0.1920919418334961,True,ok,0.12549120000039693
D1_154_building,disk-lightglue-r3200-k8192,disk,lightglue,3200,8192,1061,107_0005_0065.JPG,107_0005_0146.JPG,8192,8192,19,8,0.42105263157894735,0.9765625,0.109375,0.109375,0.1725241094827652,True,ok,0.1324369000067236
D1_154_building,disk-lightglue-r3200-k8192,disk,lightglue,3200,8192,1062,107_0005_0065.JPG,107_0005_0147.JPG,8192,8192,17,8,0.47058823529411764,0.9765625,0.125,0.109375,0.18677538633346558,True,ok,0.15517990000080317
D1_154_building,disk-lightglue-r3200-k8192,disk,lightglue,3200,8192,1063,107_0005_0065.JPG,107_0005_0148.JPG,8192,8192,13,8,0.6153846153846154,0.9765625,0.125,0.125,0.24100500345230103,True,ok,0.1523892999975942
D1_154_building,disk-lightglue-r3200-k8192,disk,lightglue,3200,8192,1064,107_0005_0065.JPG,107_0005_0149.JPG,8192,8192,17,8,0.47058823529411764,0.9765625,0.109375,0.09375,0.2382935881614685,True,ok,0.14257519999227952
D1_154_building,disk-lightglue-r3200-k8192,disk,lightglue,3200,8192,1065,107_0005_0066.JPG,107_0005_0067.JPG,8192,8192,3757,3708,0.9869576789992015,452.63671875,0.890625,0.796875,0.9756889939308167,False,ok,0.1293431999947643
D1_154_building,disk-lightglue-r3200-k8192,disk,lightglue,3200,8192,1066,107_0005_0066.JPG,107_0005_0068.JPG,8192,8192,2184,2075,0.950091575091575,253.2958984375,0.734375,0.5625,0.9482048749923706,False,ok,0.12459700000181329
D1_154_building,disk-lightglue-r3200-k8192,disk,lightglue,3200,8192,1067,107_0005_0066.JPG,107_0005_0069.JPG,8192,8192,1243,1105,0.8889782783588094,134.8876953125,0.515625,0.375,0.8949006795883179,False,ok,0.14364490000298247
D1_154_building,disk-lightglue-r3200-k8192,disk,lightglue,3200,8192,1068,107_0005_0066.JPG,107_0005_0070.JPG,8192,8192,783,610,0.7790549169859514,74.462890625,0.40625,0.21875,0.8648086786270142,False,ok,0.13206040000659414
D1_154_building,disk-lightglue-r3200-k8192,disk,lightglue,3200,8192,1069,107_0005_0066.JPG,107_0005_0071.JPG,8192,8192,496,342,0.6895161290322581,41.748046875,0.265625,0.140625,0.7744176387786865,False,ok,0.172361600009026
D1_154_building,disk-lightglue-r3200-k8192,disk,lightglue,3200,8192,1070,107_0005_0066.JPG,107_0005_0072.JPG,8192,8192,242,199,0.8223140495867769,24.2919921875,0.234375,0.09375,0.5413617491722107,False,ok,0.13832790000014938
D1_154_building,disk-lightglue-r3200-k8192,disk,lightglue,3200,8192,1071,107_0005_0066.JPG,107_0005_0073.JPG,8192,8192,137,100,0.7299270072992701,12.20703125,0.21875,0.109375,0.4764321744441986,False,ok,0.14976719999685884
D1_154_building,disk-lightglue-r3200-k8192,disk,lightglue,3200,8192,1072,107_0005_0066.JPG,107_0005_0074.JPG,8192,8192,172,142,0.8255813953488372,17.333984375,0.25,0.109375,0.5428018569946289,False,ok,0.13691020000260323
D1_154_building,disk-lightglue-r3200-k8192,disk,lightglue,3200,8192,1073,107_0005_0066.JPG,107_0005_0146.JPG,8192,8192,22,9,0.4090909090909091,1.0986328125,0.09375,0.109375,0.22149266302585602,True,ok,0.13693330000387505
D1_154_building,disk-lightglue-r3200-k8192,disk,lightglue,3200,8192,1074,107_0005_0066.JPG,107_0005_0147.JPG,8192,8192,17,8,0.47058823529411764,0.9765625,0.109375,0.109375,0.17953535914421082,True,ok,0.1265824000001885
D1_154_building,disk-lightglue-r3200-k8192,disk,lightglue,3200,8192,1075,107_0005_0066.JPG,107_0005_0148.JPG,8192,8192,22,9,0.4090909090909091,1.0986328125,0.109375,0.109375,0.15766382217407227,True,ok,0.14449690000037663
D1_154_building,disk-lightglue-r3200-k8192,disk,lightglue,3200,8192,1076,107_0005_0067.JPG,107_0005_0068.JPG,8192,8192,4077,4032,0.9889624724061811,492.1875,0.84375,0.734375,0.9715176820755005,False,ok,0.12851159999263473
D1_154_building,disk-lightglue-r3200-k8192,disk,lightglue,3200,8192,1077,107_0005_0067.JPG,107_0005_0069.JPG,8192,8192,2480,2402,0.9685483870967742,293.212890625,0.71875,0.53125,0.9635170102119446,False,ok,0.13082740000390913
D1_154_building,disk-lightglue-r3200-k8192,disk,lightglue,3200,8192,1078,107_0005_0067.JPG,107_0005_0070.JPG,8192,8192,1618,1508,0.9320148331273177,184.08203125,0.546875,0.359375,0.9314695000648499,False,ok,0.13156399999570567
D1_154_building,disk-lightglue-r3200-k8192,disk,lightglue,3200,8192,1079,107_0005_0067.JPG,107_0005_0071.JPG,8192,8192,1131,967,0.8549955791335102,118.0419921875,0.4375,0.234375,0.9066016674041748,False,ok,0.13459059999149758
D1_154_building,disk-lightglue-r3200-k8192,disk,lightglue,3200,8192,1080,107_0005_0067.JPG,107_0005_0072.JPG,8192,8192,849,685,0.806831566548881,83.6181640625,0.390625,0.203125,0.870304524898529,False,ok,0.11369680000643712
D1_154_building,disk-lightglue-r3200-k8192,disk,lightglue,3200,8192,1081,107_0005_0067.JPG,107_0005_0073.JPG,8192,8192,688,538,0.7819767441860465,65.673828125,0.375,0.21875,0.8397965431213379,False,ok,0.13926270000229124
D1_154_building,disk-lightglue-r3200-k8192,disk,lightglue,3200,8192,1082,107_0005_0067.JPG,107_0005_0074.JPG,8192,8192,801,631,0.787765293383271,77.0263671875,0.375,0.203125,0.8492118716239929,False,ok,0.13562909999745898
D1_154_building,disk-lightglue-r3200-k8192,disk,lightglue,3200,8192,1083,107_0005_0067.JPG,107_0005_0075.JPG,8192,8192,1415,1217,0.8600706713780919,148.5595703125,0.484375,0.34375,0.9125588536262512,False,ok,0.1280652999994345
D1_154_building,disk-lightglue-r3200-k8192,disk,lightglue,3200,8192,1084,107_0005_0067.JPG,107_0005_0096.JPG,8192,8192,22,8,0.36363636363636365,0.9765625,0.109375,0.109375,0.23930908739566803,True,ok,0.1271305999980541
D1_154_building,disk-lightglue-r3200-k8192,disk,lightglue,3200,8192,1085,107_0005_0068.JPG,107_0005_0069.JPG,8192,8192,4112,4085,0.9934338521400778,498.6572265625,0.84375,0.75,0.9814708232879639,False,ok,0.10930419999931473
D1_154_building,disk-lightglue-r3200-k8192,disk,lightglue,3200,8192,1086,107_0005_0068.JPG,107_0005_0070.JPG,8192,8192,2726,2656,0.9743213499633162,324.21875,0.65625,0.5,0.9646055102348328,False,ok,0.16012279999267776
D1_154_building,disk-lightglue-r3200-k8192,disk,lightglue,3200,8192,1087,107_0005_0068.JPG,107_0005_0071.JPG,8192,8192,1848,1749,0.9464285714285714,213.5009765625,0.546875,0.359375,0.9419644474983215,False,ok,0.13751750001392793
D1_154_building,disk-lightglue-r3200-k8192,disk,lightglue,3200,8192,1088,107_0005_0068.JPG,107_0005_0072.JPG,8192,8192,1397,1268,0.9076592698639943,154.78515625,0.484375,0.296875,0.9203051328659058,False,ok,0.13698650000151247
D1_154_building,disk-lightglue-r3200-k8192,disk,lightglue,3200,8192,1089,107_0005_0068.JPG,107_0005_0073.JPG,8192,8192,1153,985,0.8542931483087598,120.2392578125,0.484375,0.3125,0.8997786641120911,False,ok,0.12720899999840185
D1_154_building,disk-lightglue-r3200-k8192,disk,lightglue,3200,8192,1090,107_0005_0068.JPG,107_0005_0074.JPG,8192,8192,1277,1142,0.894283476898982,139.404296875,0.46875,0.28125,0.8999132513999939,False,ok,0.13735400000587106
D1_154_building,disk-lightglue-r3200-k8192,disk,lightglue,3200,8192,1091,107_0005_0068.JPG,107_0005_0075.JPG,8192,8192,2170,2072,0.9548387096774194,252.9296875,0.578125,0.484375,0.943930447101593,False,ok,0.14096630000858568
D1_154_building,disk-lightglue-r3200-k8192,disk,lightglue,3200,8192,1092,107_0005_0068.JPG,107_0005_0076.JPG,8192,8192,3112,3049,0.9797557840616966,372.1923828125,0.703125,0.640625,0.967147707939148,False,ok,0.13398099999176338
D1_154_building,disk-lightglue-r3200-k8192,disk,lightglue,3200,8192,1093,107_0005_0069.JPG,107_0005_0070.JPG,8192,8192,4373,4335,0.9913103132860737,529.1748046875,0.78125,0.671875,0.9799566864967346,False,ok,0.12779919999593403
D1_154_building,disk-lightglue-r3200-k8192,disk,lightglue,3200,8192,1094,107_0005_0069.JPG,107_0005_0071.JPG,8192,8192,3023,2962,0.9798213695004961,361.572265625,0.65625,0.546875,0.9730238914489746,False,ok,0.1359534000075655
D1_154_building,disk-lightglue-r3200-k8192,disk,lightglue,3200,8192,1095,107_0005_0069.JPG,107_0005_0072.JPG,8192,8192,2286,2202,0.963254593175853,268.798828125,0.578125,0.5,0.9618508219718933,False,ok,0.1283731000003172
D1_154_building,disk-lightglue-r3200-k8192,disk,lightglue,3200,8192,1096,107_0005_0069.JPG,107_0005_0073.JPG,8192,8192,1792,1680,0.9375,205.078125,0.5625,0.484375,0.9371668696403503,False,ok,0.13306989999546204
D1_154_building,disk-lightglue-r3200-k8192,disk,lightglue,3200,8192,1097,107_0005_0069.JPG,107_0005_0074.JPG,8192,8192,1967,1839,0.934926283680732,224.4873046875,0.546875,0.453125,0.939018726348877,False,ok,0.1322915000055218
D1_154_building,disk-lightglue-r3200-k8192,disk,lightglue,3200,8192,1098,107_0005_0069.JPG,107_0005_0075.JPG,8192,8192,3129,3053,0.9757110898050495,372.6806640625,0.640625,0.640625,0.9587066173553467,False,ok,0.13597550000122283
D1_154_building,disk-lightglue-r3200-k8192,disk,lightglue,3200,8192,1099,107_0005_0069.JPG,107_0005_0076.JPG,8192,8192,3553,3473,0.9774838164931045,423.9501953125,0.703125,0.78125,0.9598882794380188,False,ok,0.13612740000826307
D1_154_building,disk-lightglue-r3200-k8192,disk,lightglue,3200,8192,1100,107_0005_0069.JPG,107_0005_0077.JPG,8192,8192,2955,2900,0.9813874788494078,354.00390625,0.515625,0.734375,0.9655328989028931,False,ok,0.12602419999893755
D1_154_building,disk-lightglue-r3200-k8192,disk,lightglue,3200,8192,1101,107_0005_0070.JPG,107_0005_0071.JPG,8192,8192,4605,4578,0.9941368078175896,558.837890625,0.75,0.6875,0.9850811958312988,False,ok,0.13734509999630973
D1_154_building,disk-lightglue-r3200-k8192,disk,lightglue,3200,8192,1102,107_0005_0070.JPG,107_0005_0072.JPG,8192,8192,3555,3516,0.9890295358649789,429.19921875,0.703125,0.625,0.9794061183929443,False,ok,0.14733370000612922
D1_154_building,disk-lightglue-r3200-k8192,disk,lightglue,3200,8192,1103,107_0005_0070.JPG,107_0005_0073.JPG,8192,8192,2675,2602,0.9727102803738318,317.626953125,0.65625,0.59375,0.963524580001831,False,ok,0.13760630000615492
D1_154_building,disk-lightglue-r3200-k8192,disk,lightglue,3200,8192,1104,107_0005_0070.JPG,107_0005_0074.JPG,8192,8192,2820,2745,0.973404255319149,335.0830078125,0.65625,0.59375,0.9658132195472717,False,ok,0.13575639999180567
D1_154_building,disk-lightglue-r3200-k8192,disk,lightglue,3200,8192,1105,107_0005_0070.JPG,107_0005_0075.JPG,8192,8192,3413,3342,0.979197187225315,407.958984375,0.671875,0.75,0.9636142253875732,False,ok,0.1341662000049837
D1_154_building,disk-lightglue-r3200-k8192,disk,lightglue,3200,8192,1106,107_0005_0070.JPG,107_0005_0076.JPG,8192,8192,2866,2793,0.9745289602233077,340.9423828125,0.5,0.734375,0.9633547067642212,False,ok,0.13480120000895113
D1_154_building,disk-lightglue-r3200-k8192,disk,lightglue,3200,8192,1107,107_0005_0070.JPG,107_0005_0077.JPG,8192,8192,2213,2115,0.955716222322639,258.1787109375,0.421875,0.671875,0.9461703300476074,False,ok,0.1357234999886714
D1_154_building,disk-lightglue-r3200-k8192,disk,lightglue,3200,8192,1108,107_0005_0070.JPG,107_0005_0078.JPG,8192,8192,1487,1282,0.8621385339609953,156.494140625,0.296875,0.609375,0.9075729846954346,False,ok,0.12211630000092555
D1_154_building,disk-lightglue-r3200-k8192,disk,lightglue,3200,8192,1109,107_0005_0071.JPG,107_0005_0072.JPG,8192,8192,4574,4540,0.9925666812418015,554.19921875,0.75,0.78125,0.9847678542137146,False,ok,0.1289029999898048
D1_154_building,disk-lightglue-r3200-k8192,disk,lightglue,3200,8192,1110,107_0005_0071.JPG,107_0005_0073.JPG,8192,8192,3395,3340,0.9837997054491899,407.71484375,0.71875,0.734375,0.9705252051353455,False,ok,0.14483549998840317
D1_154_building,disk-lightglue-r3200-k8192,disk,lightglue,3200,8192,1111,107_0005_0071.JPG,107_0005_0074.JPG,8192,8192,3461,3397,0.9815082346142733,414.6728515625,0.703125,0.71875,0.9692712426185608,False,ok,0.10734219998994377
D1_154_building,disk-lightglue-r3200-k8192,disk,lightglue,3200,8192,1112,107_0005_0071.JPG,107_0005_0075.JPG,8192,8192,2897,2828,0.9761822575077667,345.21484375,0.515625,0.765625,0.9616920948028564,False,ok,0.1320240999921225
D1_154_building,disk-lightglue-r3200-k8192,disk,lightglue,3200,8192,1113,107_0005_0071.JPG,107_0005_0076.JPG,8192,8192,2258,2168,0.9601417183348095,264.6484375,0.4375,0.703125,0.9458522200584412,False,ok,0.14557420001074206
D1_154_building,disk-lightglue-r3200-k8192,disk,lightglue,3200,8192,1114,107_0005_0071.JPG,107_0005_0077.JPG,8192,8192,1623,1469,0.9051139864448552,179.3212890625,0.328125,0.59375,0.9013984203338623,False,ok,0.15278449999459554
D1_154_building,disk-lightglue-r3200-k8192,disk,lightglue,3200,8192,1115,107_0005_0071.JPG,107_0005_0078.JPG,8192,8192,1114,849,0.7621184919210053,103.6376953125,0.25,0.546875,0.8734239935874939,False,ok,0.16015539999352768
D1_154_building,disk-lightglue-r3200-k8192,disk,lightglue,3200,8192,1116,107_0005_0071.JPG,107_0005_0079.JPG,8192,8192,270,223,0.825925925925926,27.2216796875,0.140625,0.34375,0.45992913842201233,False,ok,0.12744999999995343
D1_154_building,disk-lightglue-r3200-k8192,disk,lightglue,3200,8192,1117,107_0005_0072.JPG,107_0005_0073.JPG,8192,8192,4692,4680,0.9974424552429667,571.2890625,0.8125,0.859375,0.9893140196800232,False,ok,0.12982349999947473
D1_154_building,disk-lightglue-r3200-k8192,disk,lightglue,3200,8192,1118,107_0005_0072.JPG,107_0005_0074.JPG,8192,8192,4532,4513,0.9958075904677847,550.9033203125,0.8125,0.8125,0.9877204298973083,False,ok,0.14199639999424107
D1_154_building,disk-lightglue-r3200-k8192,disk,lightglue,3200,8192,1119,107_0005_0072.JPG,107_0005_0075.JPG,8192,8192,3427,3406,0.993872191421068,415.771484375,0.59375,0.890625,0.9847248196601868,False,ok,0.13242760000866838
D1_154_building,disk-lightglue-r3200-k8192,disk,lightglue,3200,8192,1120,107_0005_0072.JPG,107_0005_0076.JPG,8192,8192,2409,2328,0.9663760896637609,284.1796875,0.5,0.8125,0.9631847143173218,False,ok,0.1332807999860961
D1_154_building,disk-lightglue-r3200-k8192,disk,lightglue,3200,8192,1121,107_0005_0072.JPG,107_0005_0077.JPG,8192,8192,1450,1324,0.9131034482758621,161.62109375,0.375,0.671875,0.9272307753562927,False,ok,0.134159000008367
D1_154_building,disk-lightglue-r3200-k8192,disk,lightglue,3200,8192,1122,107_0005_0072.JPG,107_0005_0078.JPG,8192,8192,940,794,0.8446808510638298,96.923828125,0.265625,0.546875,0.8851601481437683,False,ok,0.14553460000024643
D1_154_building,disk-lightglue-r3200-k8192,disk,lightglue,3200,8192,1123,107_0005_0072.JPG,107_0005_0079.JPG,8192,8192,388,283,0.729381443298969,34.5458984375,0.140625,0.359375,0.707302987575531,False,ok,0.16137200000230223
D1_154_building,disk-lightglue-r3200-k8192,disk,lightglue,3200,8192,1124,107_0005_0072.JPG,107_0005_0080.JPG,8192,8192,18,8,0.4444444444444444,0.9765625,0.109375,0.109375,0.2455473691225052,True,ok,0.13968530000420287
D1_154_building,disk-lightglue-r3200-k8192,disk,lightglue,3200,8192,1125,107_0005_0072.JPG,107_0005_0092.JPG,8192,8192,2666,2438,0.9144786196549137,297.607421875,0.65625,0.78125,0.9318578243255615,False,ok,0.20446730000548996
D1_154_building,disk-lightglue-r3200-k8192,disk,lightglue,3200,8192,1126,107_0005_0072.JPG,107_0005_0093.JPG,8192,8192,2841,1839,0.6473072861668426,224.4873046875,0.609375,0.765625,0.7508231401443481,False,ok,0.323107300006086
D1_154_building,disk-lightglue-r3200-k8192,disk,lightglue,3200,8192,1127,107_0005_0072.JPG,107_0005_0094.JPG,8192,8192,25,9,0.36,1.0986328125,0.140625,0.125,0.17536033689975739,True,ok,0.12597270001424477
D1_154_building,disk-lightglue-r3200-k8192,disk,lightglue,3200,8192,1128,107_0005_0073.JPG,107_0005_0074.JPG,8192,8192,5589,5567,0.9960636965467883,679.5654296875,0.90625,0.9375,0.9872671961784363,False,ok,0.08374970000295434
D1_154_building,disk-lightglue-r3200-k8192,disk,lightglue,3200,8192,1129,107_0005_0073.JPG,107_0005_0075.JPG,8192,8192,3625,3603,0.9939310344827587,439.8193359375,0.671875,0.890625,0.9895883798599243,False,ok,0.11850050000066403
D1_154_building,disk-lightglue-r3200-k8192,disk,lightglue,3200,8192,1130,107_0005_0073.JPG,107_0005_0076.JPG,8192,8192,2159,2090,0.968040759610931,255.126953125,0.53125,0.8125,0.9665184617042542,False,ok,0.14153590000933036
D1_154_building,disk-lightglue-r3200-k8192,disk,lightglue,3200,8192,1131,107_0005_0073.JPG,107_0005_0077.JPG,8192,8192,1157,1057,0.9135695764909249,129.0283203125,0.40625,0.671875,0.9304667711257935,False,ok,0.15418919999501668
D1_154_building,disk-lightglue-r3200-k8192,disk,lightglue,3200,8192,1132,107_0005_0073.JPG,107_0005_0078.JPG,8192,8192,764,631,0.8259162303664922,77.0263671875,0.265625,0.53125,0.8704696297645569,False,ok,0.121901100006653
D1_154_building,disk-lightglue-r3200-k8192,disk,lightglue,3200,8192,1133,107_0005_0073.JPG,107_0005_0079.JPG,8192,8192,216,170,0.7870370370370371,20.751953125,0.15625,0.34375,0.5350808501243591,False,ok,0.1316707999940263
D1_154_building,disk-lightglue-r3200-k8192,disk,lightglue,3200,8192,1134,107_0005_0073.JPG,107_0005_0080.JPG,8192,8192,22,10,0.45454545454545453,1.220703125,0.15625,0.140625,0.190235897898674,True,ok,0.141216699994402
D1_154_building,disk-lightglue-r3200-k8192,disk,lightglue,3200,8192,1135,107_0005_0073.JPG,107_0005_0081.JPG,8192,8192,18,8,0.4444444444444444,0.9765625,0.125,0.109375,0.1903286576271057,True,ok,0.13759889999346342
D1_154_building,disk-lightglue-r3200-k8192,disk,lightglue,3200,8192,1136,107_0005_0073.JPG,107_0005_0090.JPG,8192,8192,2802,2738,0.9771591720199857,334.228515625,0.640625,0.765625,0.9534783363342285,False,ok,0.12846150000405032
D1_154_building,disk-lightglue-r3200-k8192,disk,lightglue,3200,8192,1137,107_0005_0073.JPG,107_0005_0091.JPG,8192,8192,3094,3017,0.9751131221719457,368.2861328125,0.75,0.78125,0.955876886844635,False,ok,0.13377949999994598
D1_154_building,disk-lightglue-r3200-k8192,disk,lightglue,3200,8192,1138,107_0005_0073.JPG,107_0005_0092.JPG,8192,8192,2993,2867,0.9579017707985299,349.9755859375,0.75,0.921875,0.9498792886734009,False,ok,0.16660099998989608
D1_154_building,disk-lightglue-r3200-k8192,disk,lightglue,3200,8192,1139,107_0005_0073.JPG,107_0005_0093.JPG,8192,8192,2436,1722,0.7068965517241379,210.205078125,0.640625,0.765625,0.8077258467674255,False,ok,0.3122105999937048
D1_154_building,disk-lightglue-r3200-k8192,disk,lightglue,3200,8192,1140,107_0005_0073.JPG,107_0005_0094.JPG,8192,8192,9,7,0.7777777777777778,0.8544921875,0.09375,0.09375,0.15846320986747742,True,ok,0.13224710000213236
D1_154_building,disk-lightglue-r3200-k8192,disk,lightglue,3200,8192,1141,107_0005_0074.JPG,107_0005_0075.JPG,8192,8192,3683,3660,0.9937550909584578,446.77734375,0.75,0.890625,0.9902459383010864,False,ok,0.14044290001038462
D1_154_building,disk-lightglue-r3200-k8192,disk,lightglue,3200,8192,1142,107_0005_0074.JPG,107_0005_0076.JPG,8192,8192,2259,2207,0.9769809650287737,269.4091796875,0.546875,0.828125,0.9732576012611389,False,ok,0.13820850000774954
D1_154_building,disk-lightglue-r3200-k8192,disk,lightglue,3200,8192,1143,107_0005_0074.JPG,107_0005_0077.JPG,8192,8192,1261,1173,0.9302141157811261,143.1884765625,0.375,0.671875,0.938446044921875,False,ok,0.14632489999348763
D1_154_building,disk-lightglue-r3200-k8192,disk,lightglue,3200,8192,1144,107_0005_0074.JPG,107_0005_0078.JPG,8192,8192,807,671,0.8314745972738538,81.9091796875,0.25,0.53125,0.8842472434043884,False,ok,0.12460540000756737
D1_154_building,disk-lightglue-r3200-k8192,disk,lightglue,3200,8192,1145,107_0005_0074.JPG,107_0005_0079.JPG,8192,8192,197,164,0.8324873096446701,20.01953125,0.140625,0.375,0.4839394688606262,False,ok,0.13105740000901278
D1_154_building,disk-lightglue-r3200-k8192,disk,lightglue,3200,8192,1146,107_0005_0074.JPG,107_0005_0080.JPG,8192,8192,20,8,0.4,0.9765625,0.125,0.125,0.2131451666355133,True,ok,0.1405975999950897
D1_154_building,disk-lightglue-r3200-k8192,disk,lightglue,3200,8192,1147,107_0005_0074.JPG,107_0005_0081.JPG,8192,8192,14,8,0.5714285714285714,0.9765625,0.125,0.09375,0.17096015810966492,True,ok,0.12178420000418555
D1_154_building,disk-lightglue-r3200-k8192,disk,lightglue,3200,8192,1148,107_0005_0074.JPG,107_0005_0082.JPG,8192,8192,22,8,0.36363636363636365,0.9765625,0.109375,0.125,0.18849359452724457,True,ok,0.13711529999272898
D1_154_building,disk-lightglue-r3200-k8192,disk,lightglue,3200,8192,1149,107_0005_0074.JPG,107_0005_0089.JPG,8192,8192,2205,2141,0.9709750566893424,261.3525390625,0.515625,0.703125,0.9476228356361389,False,ok,0.11856319999787956
D1_154_building,disk-lightglue-r3200-k8192,disk,lightglue,3200,8192,1150,107_0005_0074.JPG,107_0005_0090.JPG,8192,8192,2933,2873,0.9795431299011251,350.7080078125,0.6875,0.8125,0.9536172747612,False,ok,0.1496356999996351
D1_154_building,disk-lightglue-r3200-k8192,disk,lightglue,3200,8192,1151,107_0005_0074.JPG,107_0005_0091.JPG,8192,8192,3154,3080,0.9765377298668357,375.9765625,0.765625,0.78125,0.9537456631660461,False,ok,0.1111840000085067
D1_154_building,disk-lightglue-r3200-k8192,disk,lightglue,3200,8192,1152,107_0005_0074.JPG,107_0005_0092.JPG,8192,8192,3073,2926,0.9521640091116174,357.177734375,0.75,0.921875,0.9484605193138123,False,ok,0.17471159998967778
D1_154_building,disk-lightglue-r3200-k8192,disk,lightglue,3200,8192,1153,107_0005_0074.JPG,107_0005_0093.JPG,8192,8192,2564,1776,0.6926677067082684,216.796875,0.609375,0.765625,0.8007326126098633,False,ok,0.3280062999983784
D1_154_building,disk-lightglue-r3200-k8192,disk,lightglue,3200,8192,1154,107_0005_0074.JPG,107_0005_0094.JPG,8192,8192,18,8,0.4444444444444444,0.9765625,0.109375,0.125,0.15442872047424316,True,ok,0.13394709999556653
D1_154_building,disk-lightglue-r3200-k8192,disk,lightglue,3200,8192,1155,107_0005_0075.JPG,107_0005_0076.JPG,8192,8192,4171,4156,0.9964037401102853,507.32421875,0.796875,0.9375,0.9908964037895203,False,ok,0.12608050000562798
D1_154_building,disk-lightglue-r3200-k8192,disk,lightglue,3200,8192,1156,107_0005_0075.JPG,107_0005_0077.JPG,8192,8192,2471,2423,0.9805746661270741,295.7763671875,0.53125,0.796875,0.9788705110549927,False,ok,0.12633959999948274
D1_154_building,disk-lightglue-r3200-k8192,disk,lightglue,3200,8192,1157,107_0005_0075.JPG,107_0005_0078.JPG,8192,8192,1498,1406,0.9385847797062751,171.630859375,0.390625,0.65625,0.9377031326293945,False,ok,0.13201140001183376
D1_154_building,disk-lightglue-r3200-k8192,disk,lightglue,3200,8192,1158,107_0005_0075.JPG,107_0005_0079.JPG,8192,8192,765,631,0.8248366013071895,77.0263671875,0.25,0.546875,0.8766995072364807,False,ok,0.1674025999964215
D1_154_building,disk-lightglue-r3200-k8192,disk,lightglue,3200,8192,1159,107_0005_0075.JPG,107_0005_0080.JPG,8192,8192,154,133,0.8636363636363636,16.2353515625,0.15625,0.328125,0.44918882846832275,False,ok,0.13147949999256525
D1_154_building,disk-lightglue-r3200-k8192,disk,lightglue,3200,8192,1160,107_0005_0075.JPG,107_0005_0081.JPG,8192,8192,30,12,0.4,1.46484375,0.125,0.15625,0.21056295931339264,True,ok,0.14068520000728313
D1_154_building,disk-lightglue-r3200-k8192,disk,lightglue,3200,8192,1161,107_0005_0075.JPG,107_0005_0082.JPG,8192,8192,17,8,0.47058823529411764,0.9765625,0.125,0.109375,0.21519143879413605,True,ok,0.11226039999746718
D1_154_building,disk-lightglue-r3200-k8192,disk,lightglue,3200,8192,1162,107_0005_0075.JPG,107_0005_0083.JPG,8192,8192,21,8,0.38095238095238093,0.9765625,0.125,0.125,0.17435218393802643,True,ok,0.15121219999855384
D1_154_building,disk-lightglue-r3200-k8192,disk,lightglue,3200,8192,1163,107_0005_0075.JPG,107_0005_0089.JPG,8192,8192,3018,2977,0.986414844267727,363.4033203125,0.625,0.75,0.9718723893165588,False,ok,0.12808039999799803
D1_154_building,disk-lightglue-r3200-k8192,disk,lightglue,3200,8192,1164,107_0005_0075.JPG,107_0005_0090.JPG,8192,8192,2892,2841,0.9823651452282157,346.8017578125,0.765625,0.734375,0.9625349640846252,False,ok,0.13089169999875594
D1_154_building,disk-lightglue-r3200-k8192,disk,lightglue,3200,8192,1165,107_0005_0075.JPG,107_0005_0091.JPG,8192,8192,2330,2254,0.967381974248927,275.146484375,0.6875,0.625,0.9529646635055542,False,ok,0.13733250000223052
D1_154_building,disk-lightglue-r3200-k8192,disk,lightglue,3200,8192,1166,107_0005_0075.JPG,107_0005_0092.JPG,8192,8192,3442,3367,0.9782103428239396,411.0107421875,0.859375,0.90625,0.9417417645454407,False,ok,0.14657540000916924
D1_154_building,disk-lightglue-r3200-k8192,disk,lightglue,3200,8192,1167,107_0005_0075.JPG,107_0005_0093.JPG,8192,8192,2782,2574,0.9252336448598131,314.208984375,0.765625,0.796875,0.9107849597930908,False,ok,0.25260229999548756
D1_154_building,disk-lightglue-r3200-k8192,disk,lightglue,3200,8192,1168,107_0005_0075.JPG,107_0005_0094.JPG,8192,8192,30,14,0.4666666666666667,1.708984375,0.15625,0.15625,0.18514607846736908,True,ok,0.13663970000925474
D1_154_building,disk-lightglue-r3200-k8192,disk,lightglue,3200,8192,1169,107_0005_0076.JPG,107_0005_0077.JPG,8192,8192,4054,4020,0.9916132215096202,490.72265625,0.84375,0.953125,0.9916988611221313,False,ok,0.14407789999677334
D1_154_building,disk-lightglue-r3200-k8192,disk,lightglue,3200,8192,1170,107_0005_0076.JPG,107_0005_0078.JPG,8192,8192,2451,2393,0.9763361893104855,292.1142578125,0.59375,0.828125,0.978733479976654,False,ok,0.114433700000518
D1_154_building,disk-lightglue-r3200-k8192,disk,lightglue,3200,8192,1171,107_0005_0076.JPG,107_0005_0079.JPG,8192,8192,1306,1223,0.9364471669218989,149.2919921875,0.40625,0.6875,0.9373958706855774,False,ok,0.1280181000038283
D1_154_building,disk-lightglue-r3200-k8192,disk,lightglue,3200,8192,1172,107_0005_0076.JPG,107_0005_0080.JPG,8192,8192,791,645,0.8154235145385588,78.7353515625,0.28125,0.5625,0.8733417987823486,False,ok,0.1347758000047179
D1_154_building,disk-lightglue-r3200-k8192,disk,lightglue,3200,8192,1173,107_0005_0076.JPG,107_0005_0081.JPG,8192,8192,489,329,0.6728016359918201,40.1611328125,0.15625,0.375,0.7632031440734863,False,ok,0.17054740000457969
D1_154_building,disk-lightglue-r3200-k8192,disk,lightglue,3200,8192,1174,107_0005_0076.JPG,107_0005_0082.JPG,8192,8192,500,364,0.728,44.43359375,0.1875,0.390625,0.7660842537879944,False,ok,0.14807440000004135
D1_154_building,disk-lightglue-r3200-k8192,disk,lightglue,3200,8192,1175,107_0005_0076.JPG,107_0005_0083.JPG,8192,8192,304,258,0.8486842105263158,31.494140625,0.140625,0.375,0.5558756589889526,False,ok,0.14566809999814723
D1_154_building,disk-lightglue-r3200-k8192,disk,lightglue,3200,8192,1176,107_0005_0076.JPG,107_0005_0084.JPG,8192,8192,328,279,0.850609756097561,34.0576171875,0.125,0.375,0.5671854019165039,False,ok,0.143584200006444
D1_154_building,disk-lightglue-r3200-k8192,disk,lightglue,3200,8192,1177,107_0005_0076.JPG,107_0005_0089.JPG,8192,8192,2853,2810,0.9849281458114265,343.017578125,0.703125,0.703125,0.9701105952262878,False,ok,0.14968710001267027
D1_154_building,disk-lightglue-r3200-k8192,disk,lightglue,3200,8192,1178,107_0005_0076.JPG,107_0005_0090.JPG,8192,8192,1978,1889,0.955005055611729,230.5908203125,0.703125,0.515625,0.9451572895050049,False,ok,0.15013500000350177
D1_154_building,disk-lightglue-r3200-k8192,disk,lightglue,3200,8192,1179,107_0005_0076.JPG,107_0005_0091.JPG,8192,8192,1460,1331,0.9116438356164384,162.4755859375,0.65625,0.421875,0.9073730707168579,False,ok,0.13144179999653716
D1_154_building,disk-lightglue-r3200-k8192,disk,lightglue,3200,8192,1180,107_0005_0076.JPG,107_0005_0092.JPG,8192,8192,2408,2264,0.9401993355481728,276.3671875,0.84375,0.671875,0.9630717039108276,False,ok,0.14188060000014957
D1_154_building,disk-lightglue-r3200-k8192,disk,lightglue,3200,8192,1181,107_0005_0076.JPG,107_0005_0093.JPG,8192,8192,2820,2555,0.9060283687943262,311.8896484375,0.828125,0.765625,0.9140655994415283,False,ok,0.2394588000024669
D1_154_building,disk-lightglue-r3200-k8192,disk,lightglue,3200,8192,1182,107_0005_0076.JPG,107_0005_0094.JPG,8192,8192,27,13,0.48148148148148145,1.5869140625,0.15625,0.15625,0.2130226343870163,True,ok,0.13022490000003017
D1_154_building,disk-lightglue-r3200-k8192,disk,lightglue,3200,8192,1183,107_0005_0076.JPG,107_0005_0095.JPG,8192,8192,12,8,0.6666666666666666,0.9765625,0.109375,0.125,0.19018395245075226,True,ok,0.13707670000439975
D1_154_building,disk-lightglue-r3200-k8192,disk,lightglue,3200,8192,1184,107_0005_0077.JPG,107_0005_0078.JPG,8192,8192,4120,4101,0.9953883495145631,500.6103515625,0.859375,0.96875,0.9903126358985901,False,ok,0.14453540000249632
D1_154_building,disk-lightglue-r3200-k8192,disk,lightglue,3200,8192,1185,107_0005_0077.JPG,107_0005_0079.JPG,8192,8192,2405,2361,0.9817047817047817,288.2080078125,0.578125,0.828125,0.9821735620498657,False,ok,0.12875040000653826
D1_154_building,disk-lightglue-r3200-k8192,disk,lightglue,3200,8192,1186,107_0005_0077.JPG,107_0005_0080.JPG,8192,8192,1497,1399,0.9345357381429525,170.7763671875,0.375,0.6875,0.9421287178993225,False,ok,0.12485779999406077
D1_154_building,disk-lightglue-r3200-k8192,disk,lightglue,3200,8192,1187,107_0005_0077.JPG,107_0005_0081.JPG,8192,8192,1096,947,0.8640510948905109,115.6005859375,0.265625,0.546875,0.9004221558570862,False,ok,0.12170350000087637
D1_154_building,disk-lightglue-r3200-k8192,disk,lightglue,3200,8192,1188,107_0005_0077.JPG,107_0005_0082.JPG,8192,8192,1085,942,0.8682027649769585,114.990234375,0.296875,0.59375,0.8946930170059204,False,ok,0.11365550001210067
D1_154_building,disk-lightglue-r3200-k8192,disk,lightglue,3200,8192,1189,107_0005_0077.JPG,107_0005_0083.JPG,8192,8192,1037,868,0.837029893924783,105.95703125,0.234375,0.578125,0.8619415163993835,False,ok,0.14246400000411086
D1_154_building,disk-lightglue-r3200-k8192,disk,lightglue,3200,8192,1190,107_0005_0077.JPG,107_0005_0084.JPG,8192,8192,1039,861,0.8286814244465832,105.1025390625,0.234375,0.5,0.8674015402793884,False,ok,0.13938740000594407
D1_154_building,disk-lightglue-r3200-k8192,disk,lightglue,3200,8192,1191,107_0005_0077.JPG,107_0005_0085.JPG,8192,8192,1551,1439,0.9277885235332044,175.6591796875,0.296875,0.609375,0.9296686053276062,False,ok,0.1309934000018984
D1_154_building,disk-lightglue-r3200-k8192,disk,lightglue,3200,8192,1192,107_0005_0077.JPG,107_0005_0093.JPG,8192,8192,2374,1844,0.776748104465038,225.09765625,0.78125,0.640625,0.9059192538261414,False,ok,0.25005349999992177
D1_154_building,disk-lightglue-r3200-k8192,disk,lightglue,3200,8192,1193,107_0005_0077.JPG,107_0005_0094.JPG,8192,8192,25,11,0.44,1.3427734375,0.125,0.125,0.19345523416996002,True,ok,0.1343341000028886
D1_154_building,disk-lightglue-r3200-k8192,disk,lightglue,3200,8192,1194,107_0005_0077.JPG,107_0005_0095.JPG,8192,8192,13,8,0.6153846153846154,0.9765625,0.109375,0.109375,0.21596288681030273,True,ok,0.12420909998763818
D1_154_building,disk-lightglue-r3200-k8192,disk,lightglue,3200,8192,1195,107_0005_0077.JPG,107_0005_0096.JPG,8192,8192,23,9,0.391304347826087,1.0986328125,0.109375,0.125,0.19807231426239014,True,ok,0.1397525000065798
D1_154_building,disk-lightglue-r3200-k8192,disk,lightglue,3200,8192,1196,107_0005_0077.JPG,107_0005_0097.JPG,8192,8192,19,8,0.42105263157894735,0.9765625,0.125,0.109375,0.2194039225578308,True,ok,0.13157339999452233
D1_154_building,disk-lightglue-r3200-k8192,disk,lightglue,3200,8192,1197,107_0005_0078.JPG,107_0005_0079.JPG,8192,8192,3990,3967,0.994235588972431,484.2529296875,0.84375,0.96875,0.9915375709533691,False,ok,0.1310756000020774
D1_154_building,disk-lightglue-r3200-k8192,disk,lightglue,3200,8192,1198,107_0005_0078.JPG,107_0005_0080.JPG,8192,8192,2659,2613,0.9827002632568634,318.9697265625,0.59375,0.828125,0.9839601516723633,False,ok,0.13971590000437573
D1_154_building,disk-lightglue-r3200-k8192,disk,lightglue,3200,8192,1199,107_0005_0078.JPG,107_0005_0081.JPG,8192,8192,1964,1898,0.9663951120162932,231.689453125,0.4375,0.6875,0.9662318229675293,False,ok,0.13678869999421295
D1_154_building,disk-lightglue-r3200-k8192,disk,lightglue,3200,8192,1200,107_0005_0078.JPG,107_0005_0082.JPG,8192,8192,1892,1810,0.9566596194503171,220.947265625,0.40625,0.6875,0.9488571882247925,False,ok,0.14471169999160338
D1_154_building,disk-lightglue-r3200-k8192,disk,lightglue,3200,8192,1201,107_0005_0078.JPG,107_0005_0083.JPG,8192,8192,1722,1584,0.9198606271777003,193.359375,0.3125,0.578125,0.9117851257324219,False,ok,0.14129299999331124
D1_154_building,disk-lightglue-r3200-k8192,disk,lightglue,3200,8192,1202,107_0005_0078.JPG,107_0005_0084.JPG,8192,8192,1657,1537,0.9275799637899819,187.6220703125,0.3125,0.546875,0.9194778203964233,False,ok,0.12475480001012329
D1_154_building,disk-lightglue-r3200-k8192,disk,lightglue,3200,8192,1203,107_0005_0078.JPG,107_0005_0085.JPG,8192,8192,2251,2197,0.976010661928032,268.1884765625,0.46875,0.671875,0.9686070680618286,False,ok,0.13361170000280254
D1_154_building,disk-lightglue-r3200-k8192,disk,lightglue,3200,8192,1204,107_0005_0078.JPG,107_0005_0086.JPG,8192,8192,2741,2690,0.9813936519518424,328.369140625,0.59375,0.71875,0.9748079776763916,False,ok,0.139028599995072
D1_154_building,disk-lightglue-r3200-k8192,disk,lightglue,3200,8192,1205,107_0005_0078.JPG,107_0005_0094.JPG,8192,8192,17,9,0.5294117647058824,1.0986328125,0.125,0.125,0.192524716258049,True,ok,0.1400729000015417
D1_154_building,disk-lightglue-r3200-k8192,disk,lightglue,3200,8192,1206,107_0005_0078.JPG,107_0005_0095.JPG,8192,8192,14,8,0.5714285714285714,0.9765625,0.125,0.109375,0.1475677341222763,True,ok,0.13659670000197366
D1_154_building,disk-lightglue-r3200-k8192,disk,lightglue,3200,8192,1207,107_0005_0078.JPG,107_0005_0096.JPG,8192,8192,17,8,0.47058823529411764,0.9765625,0.125,0.109375,0.17162667214870453,True,ok,0.13515210000332445
D1_154_building,disk-lightglue-r3200-k8192,disk,lightglue,3200,8192,1208,107_0005_0078.JPG,107_0005_0097.JPG,8192,8192,11,8,0.7272727272727273,0.9765625,0.125,0.125,0.2575388252735138,True,ok,0.137637599997106
D1_154_building,disk-lightglue-r3200-k8192,disk,lightglue,3200,8192,1209,107_0005_0078.JPG,107_0005_0098.JPG,8192,8192,10,7,0.7,0.8544921875,0.109375,0.09375,0.21425727009773254,True,ok,0.14282969999476336
D1_154_building,disk-lightglue-r3200-k8192,disk,lightglue,3200,8192,1210,107_0005_0079.JPG,107_0005_0080.JPG,8192,8192,4440,4419,0.9952702702702703,539.4287109375,0.84375,0.96875,0.9914930462837219,False,ok,0.13552640000125393
D1_154_building,disk-lightglue-r3200-k8192,disk,lightglue,3200,8192,1211,107_0005_0079.JPG,107_0005_0081.JPG,8192,8192,3360,3302,0.9827380952380952,403.076171875,0.65625,0.828125,0.9862279891967773,False,ok,0.13565810000000056
D1_154_building,disk-lightglue-r3200-k8192,disk,lightglue,3200,8192,1212,107_0005_0079.JPG,107_0005_0082.JPG,8192,8192,3007,2972,0.9883604921849019,362.79296875,0.578125,0.796875,0.9790045619010925,False,ok,0.13832459998957347
D1_154_building,disk-lightglue-r3200-k8192,disk,lightglue,3200,8192,1213,107_0005_0079.JPG,107_0005_0083.JPG,8192,8192,2511,2440,0.9717244125846276,297.8515625,0.5,0.671875,0.9533423185348511,False,ok,0.12122549999912735
D1_154_building,disk-lightglue-r3200-k8192,disk,lightglue,3200,8192,1214,107_0005_0079.JPG,107_0005_0084.JPG,8192,8192,2429,2366,0.9740634005763689,288.818359375,0.46875,0.65625,0.9616743326187134,False,ok,0.12335969999548979
D1_154_building,disk-lightglue-r3200-k8192,disk,lightglue,3200,8192,1215,107_0005_0079.JPG,107_0005_0085.JPG,8192,8192,2975,2931,0.9852100840336134,357.7880859375,0.59375,0.71875,0.9772811532020569,False,ok,0.1262834999943152
D1_154_building,disk-lightglue-r3200-k8192,disk,lightglue,3200,8192,1216,107_0005_0079.JPG,107_0005_0086.JPG,8192,8192,2757,2720,0.9865796155241204,332.03125,0.734375,0.640625,0.9735469222068787,False,ok,0.14496209999197163
D1_154_building,disk-lightglue-r3200-k8192,disk,lightglue,3200,8192,1217,107_0005_0079.JPG,107_0005_0087.JPG,8192,8192,1795,1715,0.9554317548746518,209.3505859375,0.65625,0.453125,0.9528048038482666,False,ok,0.1322667999920668
D1_154_building,disk-lightglue-r3200-k8192,disk,lightglue,3200,8192,1218,107_0005_0079.JPG,107_0005_0096.JPG,8192,8192,23,9,0.391304347826087,1.0986328125,0.125,0.109375,0.18885554373264313,True,ok,0.13678749999962747
D1_154_building,disk-lightglue-r3200-k8192,disk,lightglue,3200,8192,1219,107_0005_0079.JPG,107_0005_0097.JPG,8192,8192,13,9,0.6923076923076923,1.0986328125,0.140625,0.109375,0.2195928692817688,True,ok,0.1281604999967385
D1_154_building,disk-lightglue-r3200-k8192,disk,lightglue,3200,8192,1220,107_0005_0079.JPG,107_0005_0112.JPG,8192,8192,19,8,0.42105263157894735,0.9765625,0.125,0.09375,0.18402695655822754,True,ok,0.1441705000033835
D1_154_building,disk-lightglue-r3200-k8192,disk,lightglue,3200,8192,1221,107_0005_0079.JPG,107_0005_0113.JPG,8192,8192,21,8,0.38095238095238093,0.9765625,0.125,0.09375,0.20571358501911163,True,ok,0.13964530000521336
D1_154_building,disk-lightglue-r3200-k8192,disk,lightglue,3200,8192,1222,107_0005_0079.JPG,107_0005_0145.JPG,8192,8192,16,8,0.5,0.9765625,0.109375,0.09375,0.1736403852701187,True,ok,0.10921020001114812
D1_154_building,disk-lightglue-r3200-k8192,disk,lightglue,3200,8192,1223,107_0005_0080.JPG,107_0005_0081.JPG,8192,8192,4903,4854,0.990006118702835,592.529296875,0.859375,0.96875,0.9823445677757263,False,ok,0.08673039999848697
D1_154_building,disk-lightglue-r3200-k8192,disk,lightglue,3200,8192,1224,107_0005_0080.JPG,107_0005_0082.JPG,8192,8192,4098,4085,0.9968277208394338,498.6572265625,0.75,0.90625,0.9903160929679871,False,ok,0.14373530000739265
D1_154_building,disk-lightglue-r3200-k8192,disk,lightglue,3200,8192,1225,107_0005_0080.JPG,107_0005_0083.JPG,8192,8192,3127,3074,0.9830508474576272,375.244140625,0.640625,0.75,0.9738032221794128,False,ok,0.1217395999992732
D1_154_building,disk-lightglue-r3200-k8192,disk,lightglue,3200,8192,1226,107_0005_0080.JPG,107_0005_0084.JPG,8192,8192,3023,2983,0.9867681111478663,364.1357421875,0.609375,0.703125,0.9760792255401611,False,ok,0.12924009999551345
D1_154_building,disk-lightglue-r3200-k8192,disk,lightglue,3200,8192,1227,107_0005_0080.JPG,107_0005_0085.JPG,8192,8192,2949,2906,0.9854187860291624,354.736328125,0.734375,0.671875,0.9768874645233154,False,ok,0.14433229999849573
D1_154_building,disk-lightglue-r3200-k8192,disk,lightglue,3200,8192,1228,107_0005_0080.JPG,107_0005_0086.JPG,8192,8192,2064,1990,0.9641472868217055,242.919921875,0.640625,0.484375,0.956072211265564,False,ok,0.14274019999720622
D1_154_building,disk-lightglue-r3200-k8192,disk,lightglue,3200,8192,1229,107_0005_0080.JPG,107_0005_0087.JPG,8192,8192,1267,1101,0.8689818468823993,134.3994140625,0.609375,0.390625,0.9267352819442749,False,ok,0.1218557999964105
D1_154_building,disk-lightglue-r3200-k8192,disk,lightglue,3200,8192,1230,107_0005_0080.JPG,107_0005_0088.JPG,8192,8192,602,443,0.7358803986710963,54.0771484375,0.53125,0.25,0.8089931011199951,False,ok,0.15914609999163076
D1_154_building,disk-lightglue-r3200-k8192,disk,lightglue,3200,8192,1231,107_0005_0080.JPG,107_0005_0111.JPG,8192,8192,14,8,0.5714285714285714,0.9765625,0.125,0.109375,0.16937533020973206,True,ok,0.13719550000678282
D1_154_building,disk-lightglue-r3200-k8192,disk,lightglue,3200,8192,1232,107_0005_0080.JPG,107_0005_0112.JPG,8192,8192,16,8,0.5,0.9765625,0.125,0.109375,0.21518009901046753,True,ok,0.14693820000684354
D1_154_building,disk-lightglue-r3200-k8192,disk,lightglue,3200,8192,1233,107_0005_0080.JPG,107_0005_0113.JPG,8192,8192,23,8,0.34782608695652173,0.9765625,0.125,0.09375,0.2085445374250412,True,ok,0.13271660001191776
D1_154_building,disk-lightglue-r3200-k8192,disk,lightglue,3200,8192,1234,107_0005_0080.JPG,107_0005_0144.JPG,8192,8192,20,9,0.45,1.0986328125,0.109375,0.125,0.1854812204837799,True,ok,0.11919379999744706
D1_154_building,disk-lightglue-r3200-k8192,disk,lightglue,3200,8192,1235,107_0005_0080.JPG,107_0005_0145.JPG,8192,8192,12,8,0.6666666666666666,0.9765625,0.125,0.109375,0.18890582025051117,True,ok,0.13161169999511912
D1_154_building,disk-lightglue-r3200-k8192,disk,lightglue,3200,8192,1236,107_0005_0081.JPG,107_0005_0082.JPG,8192,8192,4627,4590,0.9920034579641236,560.302734375,0.90625,0.859375,0.9721539616584778,False,ok,0.10298229999898467
D1_154_building,disk-lightglue-r3200-k8192,disk,lightglue,3200,8192,1237,107_0005_0081.JPG,107_0005_0083.JPG,8192,8192,3389,3347,0.987606963706108,408.5693359375,0.765625,0.71875,0.9715800285339355,False,ok,0.13039969999226741
D1_154_building,disk-lightglue-r3200-k8192,disk,lightglue,3200,8192,1238,107_0005_0081.JPG,107_0005_0084.JPG,8192,8192,3292,3253,0.9881530984204131,397.0947265625,0.734375,0.6875,0.9779708385467529,False,ok,0.12720529999933206
D1_154_building,disk-lightglue-r3200-k8192,disk,lightglue,3200,8192,1239,107_0005_0081.JPG,107_0005_0085.JPG,8192,8192,2478,2418,0.9757869249394673,295.166015625,0.765625,0.515625,0.9641437530517578,False,ok,0.14437370000814553
D1_154_building,disk-lightglue-r3200-k8192,disk,lightglue,3200,8192,1240,107_0005_0081.JPG,107_0005_0086.JPG,8192,8192,1705,1555,0.9120234604105572,189.8193359375,0.65625,0.40625,0.9449162483215332,False,ok,0.12215650000143796
D1_154_building,disk-lightglue-r3200-k8192,disk,lightglue,3200,8192,1241,107_0005_0081.JPG,107_0005_0087.JPG,8192,8192,984,820,0.8333333333333334,100.09765625,0.546875,0.328125,0.8812753558158875,False,ok,0.1351515999995172
D1_154_building,disk-lightglue-r3200-k8192,disk,lightglue,3200,8192,1242,107_0005_0081.JPG,107_0005_0088.JPG,8192,8192,177,121,0.6836158192090396,14.7705078125,0.390625,0.1875,0.4621495306491852,False,ok,0.13780559999577235
D1_154_building,disk-lightglue-r3200-k8192,disk,lightglue,3200,8192,1243,107_0005_0081.JPG,107_0005_0089.JPG,8192,8192,14,8,0.5714285714285714,0.9765625,0.109375,0.125,0.1975615918636322,True,ok,0.13594360000570305
D1_154_building,disk-lightglue-r3200-k8192,disk,lightglue,3200,8192,1244,107_0005_0081.JPG,107_0005_0111.JPG,8192,8192,17,8,0.47058823529411764,0.9765625,0.109375,0.125,0.193886399269104,True,ok,0.1425240000098711
D1_154_building,disk-lightglue-r3200-k8192,disk,lightglue,3200,8192,1245,107_0005_0081.JPG,107_0005_0112.JPG,8192,8192,15,8,0.5333333333333333,0.9765625,0.109375,0.078125,0.17787328362464905,True,ok,0.13652699999511242
D1_154_building,disk-lightglue-r3200-k8192,disk,lightglue,3200,8192,1246,107_0005_0081.JPG,107_0005_0113.JPG,8192,8192,24,9,0.375,1.0986328125,0.125,0.09375,0.1756909042596817,True,ok,0.14173099999607075
D1_154_building,disk-lightglue-r3200-k8192,disk,lightglue,3200,8192,1247,107_0005_0081.JPG,107_0005_0114.JPG,8192,8192,13,8,0.6153846153846154,0.9765625,0.109375,0.09375,0.24266266822814941,True,ok,0.11884729999292176
D1_154_building,disk-lightglue-r3200-k8192,disk,lightglue,3200,8192,1248,107_0005_0081.JPG,107_0005_0143.JPG,8192,8192,11,7,0.6363636363636364,0.8544921875,0.109375,0.09375,0.23554350435733795,True,ok,0.14561330000287853
D1_154_building,disk-lightglue-r3200-k8192,disk,lightglue,3200,8192,1249,107_0005_0081.JPG,107_0005_0144.JPG,8192,8192,19,8,0.42105263157894735,0.9765625,0.109375,0.109375,0.1791122704744339,True,ok,0.13530670000182
D1_154_building,disk-lightglue-r3200-k8192,disk,lightglue,3200,8192,1250,107_0005_0081.JPG,107_0005_0145.JPG,8192,8192,11,7,0.6363636363636364,0.8544921875,0.109375,0.09375,0.1876339465379715,True,ok,0.1396004999987781
D1_154_building,disk-lightglue-r3200-k8192,disk,lightglue,3200,8192,1251,107_0005_0082.JPG,107_0005_0083.JPG,8192,8192,4689,4649,0.9914693964597995,567.5048828125,0.875,0.796875,0.9801238775253296,False,ok,0.09727250000287313
D1_154_building,disk-lightglue-r3200-k8192,disk,lightglue,3200,8192,1252,107_0005_0082.JPG,107_0005_0084.JPG,8192,8192,4515,4474,0.9909191583610188,546.142578125,0.8125,0.78125,0.9793074727058411,False,ok,0.08223220000218134
D1_154_building,disk-lightglue-r3200-k8192,disk,lightglue,3200,8192,1253,107_0005_0082.JPG,107_0005_0085.JPG,8192,8192,3157,3125,0.9898637947418435,381.4697265625,0.859375,0.578125,0.987228274345398,False,ok,0.14472709999245126
D1_154_building,disk-lightglue-r3200-k8192,disk,lightglue,3200,8192,1254,107_0005_0082.JPG,107_0005_0086.JPG,8192,8192,2005,1919,0.9571072319201995,234.2529296875,0.75,0.46875,0.9670942425727844,False,ok,0.12604679999640211
D1_154_building,disk-lightglue-r3200-k8192,disk,lightglue,3200,8192,1255,107_0005_0082.JPG,107_0005_0087.JPG,8192,8192,1155,956,0.8277056277056277,116.69921875,0.640625,0.34375,0.9103424549102783,False,ok,0.1215607999911299
D1_154_building,disk-lightglue-r3200-k8192,disk,lightglue,3200,8192,1256,107_0005_0082.JPG,107_0005_0088.JPG,8192,8192,432,256,0.5925925925925926,31.25,0.46875,0.234375,0.7688632607460022,False,ok,0.17066800000611693
D1_154_building,disk-lightglue-r3200-k8192,disk,lightglue,3200,8192,1257,107_0005_0082.JPG,107_0005_0089.JPG,8192,8192,14,8,0.5714285714285714,0.9765625,0.109375,0.125,0.2250877171754837,True,ok,0.13841319999482948
D1_154_building,disk-lightglue-r3200-k8192,disk,lightglue,3200,8192,1258,107_0005_0082.JPG,107_0005_0090.JPG,8192,8192,22,9,0.4090909090909091,1.0986328125,0.109375,0.140625,0.19502240419387817,True,ok,0.14112660000682808
D1_154_building,disk-lightglue-r3200-k8192,disk,lightglue,3200,8192,1259,107_0005_0082.JPG,107_0005_0110.JPG,8192,8192,19,9,0.47368421052631576,1.0986328125,0.125,0.140625,0.19378431141376495,True,ok,0.12741669999377336
D1_154_building,disk-lightglue-r3200-k8192,disk,lightglue,3200,8192,1260,107_0005_0082.JPG,107_0005_0111.JPG,8192,8192,10,7,0.7,0.8544921875,0.09375,0.109375,0.19837935268878937,True,ok,0.13666220000595786
D1_154_building,disk-lightglue-r3200-k8192,disk,lightglue,3200,8192,1261,107_0005_0082.JPG,107_0005_0127.JPG,8192,8192,14,8,0.5714285714285714,0.9765625,0.125,0.125,0.21950051188468933,True,ok,0.1390833999903407
D1_154_building,disk-lightglue-r3200-k8192,disk,lightglue,3200,8192,1262,107_0005_0082.JPG,107_0005_0128.JPG,8192,8192,20,8,0.4,0.9765625,0.09375,0.125,0.1382565200328827,True,ok,0.13447809999343008
D1_154_building,disk-lightglue-r3200-k8192,disk,lightglue,3200,8192,1263,107_0005_0082.JPG,107_0005_0129.JPG,8192,8192,16,8,0.5,0.9765625,0.109375,0.09375,0.14792270958423615,True,ok,0.12718429999949876
D1_154_building,disk-lightglue-r3200-k8192,disk,lightglue,3200,8192,1264,107_0005_0082.JPG,107_0005_0130.JPG,8192,8192,22,9,0.4090909090909091,1.0986328125,0.140625,0.09375,0.22395610809326172,True,ok,0.13322609999158885
D1_154_building,disk-lightglue-r3200-k8192,disk,lightglue,3200,8192,1265,107_0005_0083.JPG,107_0005_0084.JPG,8192,8192,5656,5635,0.9962871287128713,687.8662109375,0.875,0.890625,0.9887327551841736,False,ok,0.09803399999509566
D1_154_building,disk-lightglue-r3200-k8192,disk,lightglue,3200,8192,1266,107_0005_0083.JPG,107_0005_0085.JPG,8192,8192,3744,3707,0.9901175213675214,452.5146484375,0.859375,0.65625,0.9933887124061584,False,ok,0.12547539999650326
D1_154_building,disk-lightglue-r3200-k8192,disk,lightglue,3200,8192,1267,107_0005_0083.JPG,107_0005_0086.JPG,8192,8192,2313,2261,0.9775183744055339,276.0009765625,0.75,0.5,0.973547101020813,False,ok,0.1258178999996744
D1_154_building,disk-lightglue-r3200-k8192,disk,lightglue,3200,8192,1268,107_0005_0083.JPG,107_0005_0087.JPG,8192,8192,1248,1136,0.9102564102564102,138.671875,0.640625,0.375,0.9138296842575073,False,ok,0.1414857000054326
D1_154_building,disk-lightglue-r3200-k8192,disk,lightglue,3200,8192,1269,107_0005_0083.JPG,107_0005_0088.JPG,8192,8192,505,334,0.6613861386138614,40.771484375,0.484375,0.25,0.7864634394645691,False,ok,0.18414619998657145
D1_154_building,disk-lightglue-r3200-k8192,disk,lightglue,3200,8192,1270,107_0005_0083.JPG,107_0005_0089.JPG,8192,8192,17,8,0.47058823529411764,0.9765625,0.125,0.125,0.17482170462608337,True,ok,0.13276949999271892
D1_154_building,disk-lightglue-r3200-k8192,disk,lightglue,3200,8192,1271,107_0005_0083.JPG,107_0005_0090.JPG,8192,8192,17,8,0.47058823529411764,0.9765625,0.125,0.109375,0.2247910052537918,True,ok,0.13661690001026727
D1_154_building,disk-lightglue-r3200-k8192,disk,lightglue,3200,8192,1272,107_0005_0083.JPG,107_0005_0091.JPG,8192,8192,16,8,0.5,0.9765625,0.125,0.109375,0.24392510950565338,True,ok,0.13405070001317654
D1_154_building,disk-lightglue-r3200-k8192,disk,lightglue,3200,8192,1273,107_0005_0083.JPG,107_0005_0108.JPG,8192,8192,22,9,0.4090909090909091,1.0986328125,0.140625,0.125,0.23211579024791718,True,ok,0.1436278999899514
D1_154_building,disk-lightglue-r3200-k8192,disk,lightglue,3200,8192,1274,107_0005_0083.JPG,107_0005_0109.JPG,8192,8192,12,8,0.6666666666666666,0.9765625,0.125,0.109375,0.2083183377981186,True,ok,0.1334521999960998
D1_154_building,disk-lightglue-r3200-k8192,disk,lightglue,3200,8192,1275,107_0005_0083.JPG,107_0005_0110.JPG,8192,8192,25,9,0.36,1.0986328125,0.125,0.125,0.2217824012041092,True,ok,0.13937190000433475
D1_154_building,disk-lightglue-r3200-k8192,disk,lightglue,3200,8192,1276,107_0005_0083.JPG,107_0005_0118.JPG,8192,8192,14,8,0.5714285714285714,0.9765625,0.09375,0.109375,0.16364677250385284,True,ok,0.11867219999840017
D1_154_building,disk-lightglue-r3200-k8192,disk,lightglue,3200,8192,1277,107_0005_0083.JPG,107_0005_0125.JPG,8192,8192,17,8,0.47058823529411764,0.9765625,0.109375,0.109375,0.19948235154151917,True,ok,0.14117450000776444
D1_154_building,disk-lightglue-r3200-k8192,disk,lightglue,3200,8192,1278,107_0005_0083.JPG,107_0005_0126.JPG,8192,8192,25,9,0.36,1.0986328125,0.109375,0.125,0.21026895940303802,True,ok,0.13849979999940842
D1_154_building,disk-lightglue-r3200-k8192,disk,lightglue,3200,8192,1279,107_0005_0083.JPG,107_0005_0127.JPG,8192,8192,26,9,0.34615384615384615,1.0986328125,0.140625,0.125,0.19859419763088226,True,ok,0.11346310000226367
D1_154_building,disk-lightglue-r3200-k8192,disk,lightglue,3200,8192,1280,107_0005_0083.JPG,107_0005_0128.JPG,8192,8192,19,8,0.42105263157894735,0.9765625,0.109375,0.09375,0.2067989557981491,True,ok,0.12232720000611152
D1_154_building,disk-lightglue-r3200-k8192,disk,lightglue,3200,8192,1281,107_0005_0083.JPG,107_0005_0129.JPG,8192,8192,19,8,0.42105263157894735,0.9765625,0.09375,0.09375,0.20985063910484314,True,ok,0.14276460000837687
D1_154_building,disk-lightglue-r3200-k8192,disk,lightglue,3200,8192,1282,107_0005_0083.JPG,107_0005_0130.JPG,8192,8192,27,9,0.3333333333333333,1.0986328125,0.125,0.125,0.21594184637069702,True,ok,0.14764419999846723
D1_154_building,disk-lightglue-r3200-k8192,disk,lightglue,3200,8192,1283,107_0005_0084.JPG,107_0005_0085.JPG,8192,8192,3776,3755,0.9944385593220338,458.3740234375,0.890625,0.671875,0.9926885962486267,False,ok,0.10032209999917541
D1_154_building,disk-lightglue-r3200-k8192,disk,lightglue,3200,8192,1284,107_0005_0084.JPG,107_0005_0086.JPG,8192,8192,2317,2238,0.9659041864479931,273.193359375,0.75,0.53125,0.9693902134895325,False,ok,0.1341647999943234
D1_154_building,disk-lightglue-r3200-k8192,disk,lightglue,3200,8192,1285,107_0005_0084.JPG,107_0005_0087.JPG,8192,8192,1231,1108,0.9000812347684809,135.25390625,0.65625,0.390625,0.903833270072937,False,ok,0.15416649999679066
D1_154_building,disk-lightglue-r3200-k8192,disk,lightglue,3200,8192,1286,107_0005_0084.JPG,107_0005_0088.JPG,8192,8192,516,370,0.7170542635658915,45.166015625,0.515625,0.25,0.7853622436523438,False,ok,0.19794359999650624
D1_154_building,disk-lightglue-r3200-k8192,disk,lightglue,3200,8192,1287,107_0005_0084.JPG,107_0005_0089.JPG,8192,8192,11,7,0.6363636363636364,0.8544921875,0.09375,0.109375,0.16693228483200073,True,ok,0.1469446999981301
D1_154_building,disk-lightglue-r3200-k8192,disk,lightglue,3200,8192,1288,107_0005_0084.JPG,107_0005_0090.JPG,8192,8192,20,8,0.4,0.9765625,0.125,0.125,0.190420001745224,True,ok,0.13067090000549797
D1_154_building,disk-lightglue-r3200-k8192,disk,lightglue,3200,8192,1289,107_0005_0084.JPG,107_0005_0091.JPG,8192,8192,13,8,0.6153846153846154,0.9765625,0.125,0.109375,0.19337067008018494,True,ok,0.133049399999436
D1_154_building,disk-lightglue-r3200-k8192,disk,lightglue,3200,8192,1290,107_0005_0084.JPG,107_0005_0092.JPG,8192,8192,18,8,0.4444444444444444,0.9765625,0.109375,0.125,0.20714351534843445,True,ok,0.14163389999885112
D1_154_building,disk-lightglue-r3200-k8192,disk,lightglue,3200,8192,1291,107_0005_0084.JPG,107_0005_0108.JPG,8192,8192,15,8,0.5333333333333333,0.9765625,0.109375,0.109375,0.28719809651374817,True,ok,0.14501050001126714
D1_154_building,disk-lightglue-r3200-k8192,disk,lightglue,3200,8192,1292,107_0005_0084.JPG,107_0005_0109.JPG,8192,8192,11,7,0.6363636363636364,0.8544921875,0.09375,0.109375,0.28176048398017883,True,ok,0.13436250000086147
D1_154_building,disk-lightglue-r3200-k8192,disk,lightglue,3200,8192,1293,107_0005_0084.JPG,107_0005_0110.JPG,8192,8192,17,8,0.47058823529411764,0.9765625,0.109375,0.109375,0.19570377469062805,True,ok,0.135559700007434
D1_154_building,disk-lightglue-r3200-k8192,disk,lightglue,3200,8192,1294,107_0005_0084.JPG,107_0005_0125.JPG,8192,8192,18,8,0.4444444444444444,0.9765625,0.109375,0.109375,0.15362127125263214,True,ok,0.13549490000877995
D1_154_building,disk-lightglue-r3200-k8192,disk,lightglue,3200,8192,1295,107_0005_0084.JPG,107_0005_0126.JPG,8192,8192,24,9,0.375,1.0986328125,0.125,0.125,0.19828879833221436,True,ok,0.146426799998153
D1_154_building,disk-lightglue-r3200-k8192,disk,lightglue,3200,8192,1296,107_0005_0084.JPG,107_0005_0127.JPG,8192,8192,18,8,0.4444444444444444,0.9765625,0.125,0.109375,0.22956612706184387,True,ok,0.10775109998940025
D1_154_building,disk-lightglue-r3200-k8192,disk,lightglue,3200,8192,1297,107_0005_0084.JPG,107_0005_0128.JPG,8192,8192,23,9,0.391304347826087,1.0986328125,0.140625,0.125,0.2162349969148636,True,ok,0.13311890000477433
D1_154_building,disk-lightglue-r3200-k8192,disk,lightglue,3200,8192,1298,107_0005_0084.JPG,107_0005_0129.JPG,8192,8192,21,8,0.38095238095238093,0.9765625,0.109375,0.125,0.22603075206279755,True,ok,0.12367070000618696
D1_154_building,disk-lightglue-r3200-k8192,disk,lightglue,3200,8192,1299,107_0005_0084.JPG,107_0005_0130.JPG,8192,8192,19,8,0.42105263157894735,0.9765625,0.125,0.125,0.25373029708862305,True,ok,0.1407026999950176
D1_154_building,disk-lightglue-r3200-k8192,disk,lightglue,3200,8192,1300,107_0005_0085.JPG,107_0005_0086.JPG,8192,8192,4073,4046,0.9933709796219004,493.896484375,0.875,0.75,0.9926260113716125,False,ok,0.13035510000190698
D1_154_building,disk-lightglue-r3200-k8192,disk,lightglue,3200,8192,1301,107_0005_0085.JPG,107_0005_0087.JPG,8192,8192,2297,2252,0.9804092294296909,274.90234375,0.75,0.53125,0.9798464179039001,False,ok,0.1284970999986399
D1_154_building,disk-lightglue-r3200-k8192,disk,lightglue,3200,8192,1302,107_0005_0085.JPG,107_0005_0088.JPG,8192,8192,1121,1025,0.9143621766280107,125.1220703125,0.609375,0.375,0.9148674607276917,False,ok,0.1356385999970371
D1_154_building,disk-lightglue-r3200-k8192,disk,lightglue,3200,8192,1303,107_0005_0085.JPG,107_0005_0089.JPG,8192,8192,467,357,0.7644539614561028,43.5791015625,0.453125,0.234375,0.8324161767959595,False,ok,0.18739479999931064
D1_154_building,disk-lightglue-r3200-k8192,disk,lightglue,3200,8192,1304,107_0005_0085.JPG,107_0005_0090.JPG,8192,8192,162,112,0.691358024691358,13.671875,0.25,0.15625,0.4892840087413788,False,ok,0.18865310000546742
D1_154_building,disk-lightglue-r3200-k8192,disk,lightglue,3200,8192,1305,107_0005_0085.JPG,107_0005_0091.JPG,8192,8192,21,9,0.42857142857142855,1.0986328125,0.125,0.09375,0.18625196814537048,True,ok,0.1408298000023933
D1_154_building,disk-lightglue-r3200-k8192,disk,lightglue,3200,8192,1306,107_0005_0085.JPG,107_0005_0092.JPG,8192,8192,62,49,0.7903225806451613,5.9814453125,0.21875,0.125,0.3761015832424164,False,ok,0.13464220000605565
D1_154_building,disk-lightglue-r3200-k8192,disk,lightglue,3200,8192,1307,107_0005_0085.JPG,107_0005_0093.JPG,8192,8192,80,61,0.7625,7.4462890625,0.25,0.140625,0.31579670310020447,False,ok,0.1341013000055682
D1_154_building,disk-lightglue-r3200-k8192,disk,lightglue,3200,8192,1308,107_0005_0085.JPG,107_0005_0098.JPG,8192,8192,25,9,0.36,1.0986328125,0.140625,0.109375,0.18760590255260468,True,ok,0.13313810000545345
D1_154_building,disk-lightglue-r3200-k8192,disk,lightglue,3200,8192,1309,107_0005_0085.JPG,107_0005_0099.JPG,8192,8192,18,8,0.4444444444444444,0.9765625,0.09375,0.125,0.20375454425811768,True,ok,0.11768199999642093
D1_154_building,disk-lightglue-r3200-k8192,disk,lightglue,3200,8192,1310,107_0005_0085.JPG,107_0005_0100.JPG,8192,8192,22,9,0.4090909090909091,1.0986328125,0.125,0.125,0.17446394264698029,True,ok,0.13782590000482742
D1_154_building,disk-lightglue-r3200-k8192,disk,lightglue,3200,8192,1311,107_0005_0085.JPG,107_0005_0101.JPG,8192,8192,5,0,0.0,0.0,0.0,0.0,0.14004185795783997,True,too_few_matches,0.12595869999495335
D1_154_building,disk-lightglue-r3200-k8192,disk,lightglue,3200,8192,1312,107_0005_0085.JPG,107_0005_0108.JPG,8192,8192,12,7,0.5833333333333334,0.8544921875,0.09375,0.09375,0.2008867710828781,True,ok,0.147441399996751
D1_154_building,disk-lightglue-r3200-k8192,disk,lightglue,3200,8192,1313,107_0005_0085.JPG,107_0005_0109.JPG,8192,8192,11,7,0.6363636363636364,0.8544921875,0.109375,0.109375,0.14518289268016815,True,ok,0.1363586000079522
D1_154_building,disk-lightglue-r3200-k8192,disk,lightglue,3200,8192,1314,107_0005_0085.JPG,107_0005_0110.JPG,8192,8192,20,8,0.4,0.9765625,0.125,0.09375,0.14760102331638336,True,ok,0.1357543999911286
D1_154_building,disk-lightglue-r3200-k8192,disk,lightglue,3200,8192,1315,107_0005_0085.JPG,107_0005_0126.JPG,8192,8192,18,8,0.4444444444444444,0.9765625,0.125,0.125,0.17405392229557037,True,ok,0.1289264000079129
D1_154_building,disk-lightglue-r3200-k8192,disk,lightglue,3200,8192,1316,107_0005_0085.JPG,107_0005_0127.JPG,8192,8192,14,8,0.5714285714285714,0.9765625,0.125,0.125,0.23773349821567535,True,ok,0.14900449999549892
D1_154_building,disk-lightglue-r3200-k8192,disk,lightglue,3200,8192,1317,107_0005_0085.JPG,107_0005_0128.JPG,8192,8192,24,9,0.375,1.0986328125,0.109375,0.125,0.17997004091739655,True,ok,0.13105820000055246
D1_154_building,disk-lightglue-r3200-k8192,disk,lightglue,3200,8192,1318,107_0005_0086.JPG,107_0005_0087.JPG,8192,8192,3815,3792,0.9939711664482307,462.890625,0.890625,0.75,0.9916383624076843,False,ok,0.11739549999765586
D1_154_building,disk-lightglue-r3200-k8192,disk,lightglue,3200,8192,1319,107_0005_0086.JPG,107_0005_0088.JPG,8192,8192,2076,2017,0.9715799614643545,246.2158203125,0.734375,0.53125,0.9691633582115173,False,ok,0.1336895000131335
D1_154_building,disk-lightglue-r3200-k8192,disk,lightglue,3200,8192,1320,107_0005_0086.JPG,107_0005_0089.JPG,8192,8192,1053,955,0.9069325735992403,116.5771484375,0.625,0.375,0.897598922252655,False,ok,0.14758330000040587
D1_154_building,disk-lightglue-r3200-k8192,disk,lightglue,3200,8192,1321,107_0005_0086.JPG,107_0005_0090.JPG,8192,8192,565,436,0.7716814159292036,53.22265625,0.484375,0.25,0.8067427277565002,False,ok,0.16286590001254808
D1_154_building,disk-lightglue-r3200-k8192,disk,lightglue,3200,8192,1322,107_0005_0086.JPG,107_0005_0091.JPG,8192,8192,345,261,0.7565217391304347,31.8603515625,0.359375,0.15625,0.6902968883514404,False,ok,0.1820300999970641
D1_154_building,disk-lightglue-r3200-k8192,disk,lightglue,3200,8192,1323,107_0005_0086.JPG,107_0005_0092.JPG,8192,8192,608,469,0.7713815789473685,57.2509765625,0.46875,0.265625,0.8124750852584839,False,ok,0.15890710000530817
D1_154_building,disk-lightglue-r3200-k8192,disk,lightglue,3200,8192,1324,107_0005_0086.JPG,107_0005_0093.JPG,8192,8192,964,769,0.7977178423236515,93.8720703125,0.453125,0.265625,0.8596251606941223,False,ok,0.24861860000237357
D1_154_building,disk-lightglue-r3200-k8192,disk,lightglue,3200,8192,1325,107_0005_0086.JPG,107_0005_0094.JPG,8192,8192,21,9,0.42857142857142855,1.0986328125,0.109375,0.109375,0.17823955416679382,True,ok,0.12121559999650344
D1_154_building,disk-lightglue-r3200-k8192,disk,lightglue,3200,8192,1326,107_0005_0086.JPG,107_0005_0097.JPG,8192,8192,13,8,0.6153846153846154,0.9765625,0.125,0.125,0.1829492747783661,True,ok,0.12643990000651684
D1_154_building,disk-lightglue-r3200-k8192,disk,lightglue,3200,8192,1327,107_0005_0086.JPG,107_0005_0098.JPG,8192,8192,18,8,0.4444444444444444,0.9765625,0.125,0.109375,0.1748545616865158,True,ok,0.1413289999909466
D1_154_building,disk-lightglue-r3200-k8192,disk,lightglue,3200,8192,1328,107_0005_0086.JPG,107_0005_0099.JPG,8192,8192,12,8,0.6666666666666666,0.9765625,0.109375,0.125,0.21578848361968994,True,ok,0.14257320000615437
D1_154_building,disk-lightglue-r3200-k8192,disk,lightglue,3200,8192,1329,107_0005_0086.JPG,107_0005_0100.JPG,8192,8192,13,7,0.5384615384615384,0.8544921875,0.109375,0.09375,0.18076452612876892,True,ok,0.13908819999778643
D1_154_building,disk-lightglue-r3200-k8192,disk,lightglue,3200,8192,1330,107_0005_0086.JPG,107_0005_0101.JPG,8192,8192,14,8,0.5714285714285714,0.9765625,0.109375,0.109375,0.17847682535648346,True,ok,0.13773889999720268
D1_154_building,disk-lightglue-r3200-k8192,disk,lightglue,3200,8192,1331,107_0005_0086.JPG,107_0005_0102.JPG,8192,8192,12,7,0.5833333333333334,0.8544921875,0.109375,0.09375,0.14275355637073517,True,ok,0.14591530000325292
D1_154_building,disk-lightglue-r3200-k8192,disk,lightglue,3200,8192,1332,107_0005_0086.JPG,107_0005_0103.JPG,8192,8192,11,7,0.6363636363636364,0.8544921875,0.09375,0.109375,0.17376989126205444,True,ok,0.14474490001157392
D1_154_building,disk-lightglue-r3200-k8192,disk,lightglue,3200,8192,1333,107_0005_0086.JPG,107_0005_0128.JPG,8192,8192,28,9,0.32142857142857145,1.0986328125,0.109375,0.140625,0.20657818019390106,True,ok,0.13591749999613967
D1_154_building,disk-lightglue-r3200-k8192,disk,lightglue,3200,8192,1334,107_0005_0087.JPG,107_0005_0088.JPG,8192,8192,3864,3835,0.9924948240165632,468.1396484375,0.90625,0.8125,0.9905191659927368,False,ok,0.1192181999940658
D1_154_building,disk-lightglue-r3200-k8192,disk,lightglue,3200,8192,1335,107_0005_0087.JPG,107_0005_0089.JPG,8192,8192,2053,2000,0.974184120798831,244.140625,0.765625,0.5625,0.9743342995643616,False,ok,0.13447610000730492
D1_154_building,disk-lightglue-r3200-k8192,disk,lightglue,3200,8192,1336,107_0005_0087.JPG,107_0005_0090.JPG,8192,8192,1145,1030,0.8995633187772926,125.732421875,0.65625,0.40625,0.8891103863716125,False,ok,0.1383986000000732
D1_154_building,disk-lightglue-r3200-k8192,disk,lightglue,3200,8192,1337,107_0005_0087.JPG,107_0005_0091.JPG,8192,8192,802,658,0.8204488778054863,80.322265625,0.5625,0.28125,0.8426024913787842,False,ok,0.1308497999998508
D1_154_building,disk-lightglue-r3200-k8192,disk,lightglue,3200,8192,1338,107_0005_0087.JPG,107_0005_0092.JPG,8192,8192,1170,1060,0.905982905982906,129.39453125,0.65625,0.390625,0.9137828946113586,False,ok,0.1159235999948578
D1_154_building,disk-lightglue-r3200-k8192,disk,lightglue,3200,8192,1339,107_0005_0087.JPG,107_0005_0093.JPG,8192,8192,1509,1408,0.9330682571239232,171.875,0.546875,0.4375,0.935791015625,False,ok,0.19536670000525191
D1_154_building,disk-lightglue-r3200-k8192,disk,lightglue,3200,8192,1340,107_0005_0087.JPG,107_0005_0094.JPG,8192,8192,14,8,0.5714285714285714,0.9765625,0.109375,0.109375,0.1719503402709961,True,ok,0.13220549999095965
D1_154_building,disk-lightglue-r3200-k8192,disk,lightglue,3200,8192,1341,107_0005_0087.JPG,107_0005_0095.JPG,8192,8192,8,7,0.875,0.8544921875,0.109375,0.109375,0.12970314919948578,True,ok,0.13360260000627022
D1_154_building,disk-lightglue-r3200-k8192,disk,lightglue,3200,8192,1342,107_0005_0087.JPG,107_0005_0097.JPG,8192,8192,9,7,0.7777777777777778,0.8544921875,0.109375,0.09375,0.19070786237716675,True,ok,0.13620470000023488
D1_154_building,disk-lightglue-r3200-k8192,disk,lightglue,3200,8192,1343,107_0005_0087.JPG,107_0005_0098.JPG,8192,8192,23,9,0.391304347826087,1.0986328125,0.125,0.109375,0.19037410616874695,True,ok,0.1395946999982698
D1_154_building,disk-lightglue-r3200-k8192,disk,lightglue,3200,8192,1344,107_0005_0087.JPG,107_0005_0099.JPG,8192,8192,8,7,0.875,0.8544921875,0.109375,0.09375,0.19162940979003906,True,ok,0.13875660000485368
D1_154_building,disk-lightglue-r3200-k8192,disk,lightglue,3200,8192,1345,107_0005_0087.JPG,107_0005_0100.JPG,8192,8192,11,8,0.7272727272727273,0.9765625,0.125,0.109375,0.2759028971195221,True,ok,0.13755959999980405
D1_154_building,disk-lightglue-r3200-k8192,disk,lightglue,3200,8192,1346,107_0005_0087.JPG,107_0005_0101.JPG,8192,8192,8,0,0.0,0.0,0.0,0.0,0.2598276138305664,True,no_model,0.14071270001295488
D1_154_building,disk-lightglue-r3200-k8192,disk,lightglue,3200,8192,1347,107_0005_0087.JPG,107_0005_0102.JPG,8192,8192,13,7,0.5384615384615384,0.8544921875,0.109375,0.109375,0.2038658708333969,True,ok,0.1294935999903828
D1_154_building,disk-lightglue-r3200-k8192,disk,lightglue,3200,8192,1348,107_0005_0087.JPG,107_0005_0103.JPG,8192,8192,13,8,0.6153846153846154,0.9765625,0.125,0.109375,0.16775061190128326,True,ok,0.1453923999943072
D1_154_building,disk-lightglue-r3200-k8192,disk,lightglue,3200,8192,1349,107_0005_0088.JPG,107_0005_0089.JPG,8192,8192,3815,3801,0.9963302752293578,463.9892578125,0.890625,0.828125,0.9933198094367981,False,ok,0.14264759999059606
D1_154_building,disk-lightglue-r3200-k8192,disk,lightglue,3200,8192,1350,107_0005_0088.JPG,107_0005_0090.JPG,8192,8192,2151,2094,0.9735006973500697,255.615234375,0.8125,0.59375,0.964523196220398,False,ok,0.12982729999930598
D1_154_building,disk-lightglue-r3200-k8192,disk,lightglue,3200,8192,1351,107_0005_0088.JPG,107_0005_0091.JPG,8192,8192,1480,1390,0.9391891891891891,169.677734375,0.71875,0.453125,0.9238766431808472,False,ok,0.13870309999038
D1_154_building,disk-lightglue-r3200-k8192,disk,lightglue,3200,8192,1352,107_0005_0088.JPG,107_0005_0092.JPG,8192,8192,2129,2080,0.976984499765148,253.90625,0.734375,0.578125,0.9566952586174011,False,ok,0.13678210000216495
D1_154_building,disk-lightglue-r3200-k8192,disk,lightglue,3200,8192,1353,107_0005_0088.JPG,107_0005_0093.JPG,8192,8192,2223,2130,0.9581646423751687,260.009765625,0.609375,0.546875,0.9557768106460571,False,ok,0.20915599999716505
D1_154_building,disk-lightglue-r3200-k8192,disk,lightglue,3200,8192,1354,107_0005_0088.JPG,107_0005_0094.JPG,8192,8192,17,8,0.47058823529411764,0.9765625,0.09375,0.09375,0.19823837280273438,True,ok,0.1265148000093177
D1_154_building,disk-lightglue-r3200-k8192,disk,lightglue,3200,8192,1355,107_0005_0088.JPG,107_0005_0095.JPG,8192,8192,5,0,0.0,0.0,0.0,0.0,0.24070945382118225,True,too_few_matches,0.13575900001160335
D1_154_building,disk-lightglue-r3200-k8192,disk,lightglue,3200,8192,1356,107_0005_0088.JPG,107_0005_0096.JPG,8192,8192,17,9,0.5294117647058824,1.0986328125,0.109375,0.140625,0.14388808608055115,True,ok,0.1438339000014821
D1_154_building,disk-lightglue-r3200-k8192,disk,lightglue,3200,8192,1357,107_0005_0088.JPG,107_0005_0098.JPG,8192,8192,14,8,0.5714285714285714,0.9765625,0.109375,0.09375,0.1714060753583908,True,ok,0.13896460000250954
D1_154_building,disk-lightglue-r3200-k8192,disk,lightglue,3200,8192,1358,107_0005_0088.JPG,107_0005_0099.JPG,8192,8192,13,8,0.6153846153846154,0.9765625,0.125,0.125,0.1987674981355667,True,ok,0.13928639999357983
D1_154_building,disk-lightglue-r3200-k8192,disk,lightglue,3200,8192,1359,107_0005_0088.JPG,107_0005_0100.JPG,8192,8192,16,8,0.5,0.9765625,0.125,0.125,0.20721375942230225,True,ok,0.13651289998961147
D1_154_building,disk-lightglue-r3200-k8192,disk,lightglue,3200,8192,1360,107_0005_0089.JPG,107_0005_0090.JPG,8192,8192,3873,3852,0.994577846630519,470.21484375,0.9375,0.875,0.9927569031715393,False,ok,0.1388403000019025
D1_154_building,disk-lightglue-r3200-k8192,disk,lightglue,3200,8192,1361,107_0005_0089.JPG,107_0005_0091.JPG,8192,8192,2805,2772,0.9882352941176471,338.37890625,0.828125,0.734375,0.981300413608551,False,ok,0.13533340000140015
D1_154_building,disk-lightglue-r3200-k8192,disk,lightglue,3200,8192,1362,107_0005_0089.JPG,107_0005_0092.JPG,8192,8192,3614,3592,0.993912562257886,438.4765625,0.8125,0.78125,0.9848099946975708,False,ok,0.13637989999551792
D1_154_building,disk-lightglue-r3200-k8192,disk,lightglue,3200,8192,1363,107_0005_0089.JPG,107_0005_0093.JPG,8192,8192,2230,2091,0.9376681614349776,255.2490234375,0.625,0.640625,0.953934907913208,False,ok,0.21299729999736883
D1_154_building,disk-lightglue-r3200-k8192,disk,lightglue,3200,8192,1364,107_0005_0089.JPG,107_0005_0094.JPG,8192,8192,9,8,0.8888888888888888,0.9765625,0.109375,0.109375,0.1964336633682251,True,ok,0.12829690000216942
D1_154_building,disk-lightglue-r3200-k8192,disk,lightglue,3200,8192,1365,107_0005_0089.JPG,107_0005_0095.JPG,8192,8192,14,8,0.5714285714285714,0.9765625,0.125,0.109375,0.15642131865024567,True,ok,0.138399000003119
D1_154_building,disk-lightglue-r3200-k8192,disk,lightglue,3200,8192,1366,107_0005_0089.JPG,107_0005_0096.JPG,8192,8192,13,8,0.6153846153846154,0.9765625,0.109375,0.125,0.23579737544059753,True,ok,0.15053179999813437
D1_154_building,disk-lightglue-r3200-k8192,disk,lightglue,3200,8192,1367,107_0005_0089.JPG,107_0005_0097.JPG,8192,8192,9,7,0.7777777777777778,0.8544921875,0.078125,0.09375,0.24772970378398895,True,ok,0.1365557999961311
D1_154_building,disk-lightglue-r3200-k8192,disk,lightglue,3200,8192,1368,107_0005_0090.JPG,107_0005_0091.JPG,8192,8192,4860,4827,0.9932098765432099,589.2333984375,0.984375,0.875,0.9836293458938599,False,ok,0.092633799999021
D1_154_building,disk-lightglue-r3200-k8192,disk,lightglue,3200,8192,1369,107_0005_0090.JPG,107_0005_0092.JPG,8192,8192,4006,3953,0.9867698452321517,482.5439453125,0.828125,0.859375,0.9882476329803467,False,ok,0.14321929999277927
D1_154_building,disk-lightglue-r3200-k8192,disk,lightglue,3200,8192,1370,107_0005_0090.JPG,107_0005_0093.JPG,8192,8192,1787,1493,0.8354784555120314,182.2509765625,0.5625,0.671875,0.9126385450363159,False,ok,0.211652599988156
D1_154_building,disk-lightglue-r3200-k8192,disk,lightglue,3200,8192,1371,107_0005_0090.JPG,107_0005_0094.JPG,8192,8192,11,7,0.6363636363636364,0.8544921875,0.109375,0.09375,0.15596479177474976,True,ok,0.13391380000393838
D1_154_building,disk-lightglue-r3200-k8192,disk,lightglue,3200,8192,1372,107_0005_0090.JPG,107_0005_0095.JPG,8192,8192,10,7,0.7,0.8544921875,0.109375,0.09375,0.18465390801429749,True,ok,0.13710849999915808
D1_154_building,disk-lightglue-r3200-k8192,disk,lightglue,3200,8192,1373,107_0005_0090.JPG,107_0005_0096.JPG,8192,8192,10,7,0.7,0.8544921875,0.09375,0.09375,0.1458711475133896,True,ok,0.1366699000063818
D1_154_building,disk-lightglue-r3200-k8192,disk,lightglue,3200,8192,1374,107_0005_0090.JPG,107_0005_0097.JPG,8192,8192,11,7,0.6363636363636364,0.8544921875,0.109375,0.09375,0.17880655825138092,True,ok,0.13411810000252444
D1_154_building,disk-lightglue-r3200-k8192,disk,lightglue,3200,8192,1375,107_0005_0090.JPG,107_0005_0098.JPG,8192,8192,20,8,0.4,0.9765625,0.125,0.125,0.16277380287647247,True,ok,0.14619700000912417
D1_154_building,disk-lightglue-r3200-k8192,disk,lightglue,3200,8192,1376,107_0005_0091.JPG,107_0005_0092.JPG,8192,8192,3294,3226,0.9793564055859137,393.798828125,0.734375,0.828125,0.9788435101509094,False,ok,0.12993349999305792
D1_154_building,disk-lightglue-r3200-k8192,disk,lightglue,3200,8192,1377,107_0005_0091.JPG,107_0005_0093.JPG,8192,8192,1524,1087,0.713254593175853,132.6904296875,0.484375,0.625,0.8385912179946899,False,ok,0.23070600000210106
D1_154_building,disk-lightglue-r3200-k8192,disk,lightglue,3200,8192,1378,107_0005_0091.JPG,107_0005_0094.JPG,8192,8192,11,8,0.7272727272727273,0.9765625,0.125,0.109375,0.1654333919286728,True,ok,0.12393699999665841
D1_154_building,disk-lightglue-r3200-k8192,disk,lightglue,3200,8192,1379,107_0005_0091.JPG,107_0005_0095.JPG,8192,8192,14,8,0.5714285714285714,0.9765625,0.109375,0.09375,0.15350203216075897,True,ok,0.13538120000157505
D1_154_building,disk-lightglue-r3200-k8192,disk,lightglue,3200,8192,1380,107_0005_0091.JPG,107_0005_0096.JPG,8192,8192,10,7,0.7,0.8544921875,0.109375,0.109375,0.1504790484905243,True,ok,0.13916380000591744
D1_154_building,disk-lightglue-r3200-k8192,disk,lightglue,3200,8192,1381,107_0005_0091.JPG,107_0005_0097.JPG,8192,8192,7,0,0.0,0.0,0.0,0.0,0.16134527325630188,True,too_few_matches,0.13645209999231156
D1_154_building,disk-lightglue-r3200-k8192,disk,lightglue,3200,8192,1382,107_0005_0091.JPG,107_0005_0098.JPG,8192,8192,10,7,0.7,0.8544921875,0.078125,0.109375,0.15310224890708923,True,ok,0.13358660000085365
D1_154_building,disk-lightglue-r3200-k8192,disk,lightglue,3200,8192,1383,107_0005_0091.JPG,107_0005_0099.JPG,8192,8192,17,8,0.47058823529411764,0.9765625,0.078125,0.125,0.21983157098293304,True,ok,0.13658220000797883
D1_154_building,disk-lightglue-r3200-k8192,disk,lightglue,3200,8192,1384,107_0005_0092.JPG,107_0005_0093.JPG,8192,8192,2822,2729,0.9670446491849752,333.1298828125,0.75,0.8125,0.9812909960746765,False,ok,0.15772210000432096
D1_154_building,disk-lightglue-r3200-k8192,disk,lightglue,3200,8192,1385,107_0005_0092.JPG,107_0005_0094.JPG,8192,8192,147,119,0.8095238095238095,14.5263671875,0.359375,0.421875,0.29232731461524963,False,ok,0.12194349999481346
D1_154_building,disk-lightglue-r3200-k8192,disk,lightglue,3200,8192,1386,107_0005_0092.JPG,107_0005_0095.JPG,8192,8192,11,7,0.6363636363636364,0.8544921875,0.109375,0.109375,0.215779647231102,True,ok,0.1317105000052834
D1_154_building,disk-lightglue-r3200-k8192,disk,lightglue,3200,8192,1387,107_0005_0092.JPG,107_0005_0096.JPG,8192,8192,6,0,0.0,0.0,0.0,0.0,0.14127524197101593,True,too_few_matches,0.13995430000068154
D1_154_building,disk-lightglue-r3200-k8192,disk,lightglue,3200,8192,1388,107_0005_0092.JPG,107_0005_0097.JPG,8192,8192,9,7,0.7777777777777778,0.8544921875,0.109375,0.09375,0.13311149179935455,True,ok,0.1456283000006806
D1_154_building,disk-lightglue-r3200-k8192,disk,lightglue,3200,8192,1389,107_0005_0092.JPG,107_0005_0098.JPG,8192,8192,14,8,0.5714285714285714,0.9765625,0.109375,0.125,0.16834929585456848,True,ok,0.13614370000141207
D1_154_building,disk-lightglue-r3200-k8192,disk,lightglue,3200,8192,1390,107_0005_0092.JPG,107_0005_0099.JPG,8192,8192,17,8,0.47058823529411764,0.9765625,0.078125,0.109375,0.24671462178230286,True,ok,0.13447150000138208
D1_154_building,disk-lightglue-r3200-k8192,disk,lightglue,3200,8192,1391,107_0005_0092.JPG,107_0005_0100.JPG,8192,8192,13,8,0.6153846153846154,0.9765625,0.125,0.109375,0.23662281036376953,True,ok,0.13662900000053924
D1_154_building,disk-lightglue-r3200-k8192,disk,lightglue,3200,8192,1392,107_0005_0093.JPG,107_0005_0094.JPG,8192,8192,3120,2756,0.8833333333333333,336.42578125,0.609375,0.671875,0.9767382740974426,False,ok,0.1660520000004908
D1_154_building,disk-lightglue-r3200-k8192,disk,lightglue,3200,8192,1393,107_0005_0093.JPG,107_0005_0095.JPG,8192,8192,25,10,0.4,1.220703125,0.125,0.125,0.196755051612854,True,ok,0.12714060000143945
D1_154_building,disk-lightglue-r3200-k8192,disk,lightglue,3200,8192,1394,107_0005_0093.JPG,107_0005_0096.JPG,8192,8192,12,8,0.6666666666666666,0.9765625,0.125,0.09375,0.17994089424610138,True,ok,0.1263944999955129
D1_154_building,disk-lightglue-r3200-k8192,disk,lightglue,3200,8192,1395,107_0005_0093.JPG,107_0005_0097.JPG,8192,8192,15,8,0.5333333333333333,0.9765625,0.125,0.109375,0.2052808254957199,True,ok,0.14347100000304636
D1_154_building,disk-lightglue-r3200-k8192,disk,lightglue,3200,8192,1396,107_0005_0093.JPG,107_0005_0098.JPG,8192,8192,24,9,0.375,1.0986328125,0.109375,0.140625,0.21883393824100494,True,ok,0.14092820000951178
D1_154_building,disk-lightglue-r3200-k8192,disk,lightglue,3200,8192,1397,107_0005_0093.JPG,107_0005_0099.JPG,8192,8192,18,9,0.5,1.0986328125,0.140625,0.125,0.186531201004982,True,ok,0.11028140000416897
D1_154_building,disk-lightglue-r3200-k8192,disk,lightglue,3200,8192,1398,107_0005_0093.JPG,107_0005_0100.JPG,8192,8192,8,7,0.875,0.8544921875,0.09375,0.109375,0.16237881779670715,True,ok,0.13436609999916982
D1_154_building,disk-lightglue-r3200-k8192,disk,lightglue,3200,8192,1399,107_0005_0093.JPG,107_0005_0101.JPG,8192,8192,10,8,0.8,0.9765625,0.109375,0.125,0.17211252450942993,True,ok,0.14362180000171065
D1_154_building,disk-lightglue-r3200-k8192,disk,lightglue,3200,8192,1400,107_0005_0094.JPG,107_0005_0095.JPG,8192,8192,3045,2827,0.9284072249589491,345.0927734375,0.59375,0.65625,0.9547445774078369,False,ok,0.1856774000043515
D1_154_building,disk-lightglue-r3200-k8192,disk,lightglue,3200,8192,1401,107_0005_0094.JPG,107_0005_0096.JPG,8192,8192,15,8,0.5333333333333333,0.9765625,0.109375,0.09375,0.19515734910964966,True,ok,0.12416010000742972
D1_154_building,disk-lightglue-r3200-k8192,disk,lightglue,3200,8192,1402,107_0005_0094.JPG,107_0005_0097.JPG,8192,8192,18,8,0.4444444444444444,0.9765625,0.109375,0.109375,0.21279296278953552,True,ok,0.13309139999910258
D1_154_building,disk-lightglue-r3200-k8192,disk,lightglue,3200,8192,1403,107_0005_0094.JPG,107_0005_0098.JPG,8192,8192,18,8,0.4444444444444444,0.9765625,0.125,0.125,0.19911901652812958,True,ok,0.1348292000038782
D1_154_building,disk-lightglue-r3200-k8192,disk,lightglue,3200,8192,1404,107_0005_0094.JPG,107_0005_0099.JPG,8192,8192,16,9,0.5625,1.0986328125,0.125,0.125,0.1708763837814331,True,ok,0.14458120000199415
D1_154_building,disk-lightglue-r3200-k8192,disk,lightglue,3200,8192,1405,107_0005_0094.JPG,107_0005_0100.JPG,8192,8192,7,0,0.0,0.0,0.0,0.0,0.18302693963050842,True,too_few_matches,0.1389089000003878
D1_154_building,disk-lightglue-r3200-k8192,disk,lightglue,3200,8192,1406,107_0005_0094.JPG,107_0005_0101.JPG,8192,8192,17,8,0.47058823529411764,0.9765625,0.125,0.09375,0.1987001746892929,True,ok,0.12923369999043643
D1_154_building,disk-lightglue-r3200-k8192,disk,lightglue,3200,8192,1407,107_0005_0094.JPG,107_0005_0102.JPG,8192,8192,6,0,0.0,0.0,0.0,0.0,0.19932527840137482,True,too_few_matches,0.13387269999657292
D1_154_building,disk-lightglue-r3200-k8192,disk,lightglue,3200,8192,1408,107_0005_0095.JPG,107_0005_0096.JPG,8192,8192,3140,2803,0.8926751592356688,342.1630859375,0.640625,0.6875,0.9388747811317444,False,ok,0.2360781000024872
D1_154_building,disk-lightglue-r3200-k8192,disk,lightglue,3200,8192,1409,107_0005_0095.JPG,107_0005_0097.JPG,8192,8192,2935,2587,0.8814310051107326,315.7958984375,0.75,0.71875,0.9370887279510498,False,ok,0.20937520000734366
D1_154_building,disk-lightglue-r3200-k8192,disk,lightglue,3200,8192,1410,107_0005_0095.JPG,107_0005_0098.JPG,8192,8192,2125,1675,0.788235294117647,204.4677734375,0.671875,0.609375,0.9003906846046448,False,ok,0.19576400000369176
D1_154_building,disk-lightglue-r3200-k8192,disk,lightglue,3200,8192,1411,107_0005_0095.JPG,107_0005_0099.JPG,8192,8192,1676,1097,0.6545346062052506,133.9111328125,0.546875,0.40625,0.8349634408950806,False,ok,0.2146358999889344
D1_154_building,disk-lightglue-r3200-k8192,disk,lightglue,3200,8192,1412,107_0005_0095.JPG,107_0005_0100.JPG,8192,8192,55,36,0.6545454545454545,4.39453125,0.1875,0.109375,0.29453369975090027,False,ok,0.1281888999947114
D1_154_building,disk-lightglue-r3200-k8192,disk,lightglue,3200,8192,1413,107_0005_0095.JPG,107_0005_0101.JPG,8192,8192,8,7,0.875,0.8544921875,0.109375,0.078125,0.28151434659957886,True,ok,0.1598126000026241
D1_154_building,disk-lightglue-r3200-k8192,disk,lightglue,3200,8192,1414,107_0005_0095.JPG,107_0005_0102.JPG,8192,8192,8,7,0.875,0.8544921875,0.09375,0.109375,0.21399253606796265,True,ok,0.10654680000152439
D1_154_building,disk-lightglue-r3200-k8192,disk,lightglue,3200,8192,1415,107_0005_0095.JPG,107_0005_0103.JPG,8192,8192,10,7,0.7,0.8544921875,0.09375,0.09375,0.14196373522281647,True,ok,0.13941410000552423
D1_154_building,disk-lightglue-r3200-k8192,disk,lightglue,3200,8192,1416,107_0005_0096.JPG,107_0005_0097.JPG,8192,8192,3885,3811,0.9809523809523809,465.2099609375,0.84375,0.765625,0.9720108509063721,False,ok,0.1513072999950964
D1_154_building,disk-lightglue-r3200-k8192,disk,lightglue,3200,8192,1417,107_0005_0096.JPG,107_0005_0098.JPG,8192,8192,2353,2233,0.9490012749681258,272.5830078125,0.703125,0.515625,0.9596202969551086,False,ok,0.1431211000017356
D1_154_building,disk-lightglue-r3200-k8192,disk,lightglue,3200,8192,1418,107_0005_0096.JPG,107_0005_0099.JPG,8192,8192,1509,1363,0.903247183565275,166.3818359375,0.5625,0.375,0.9173416495323181,False,ok,0.13125849999778438
D1_154_building,disk-lightglue-r3200-k8192,disk,lightglue,3200,8192,1419,107_0005_0096.JPG,107_0005_0100.JPG,8192,8192,1000,794,0.794,96.923828125,0.4375,0.28125,0.85935378074646,False,ok,0.12814970000181347
D1_154_building,disk-lightglue-r3200-k8192,disk,lightglue,3200,8192,1420,107_0005_0096.JPG,107_0005_0101.JPG,8192,8192,717,485,0.6764295676429568,59.2041015625,0.359375,0.140625,0.8090119957923889,False,ok,0.19610349999857135
D1_154_building,disk-lightglue-r3200-k8192,disk,lightglue,3200,8192,1421,107_0005_0096.JPG,107_0005_0102.JPG,8192,8192,18,10,0.5555555555555556,1.220703125,0.09375,0.078125,0.17741213738918304,True,ok,0.11093219999747816
D1_154_building,disk-lightglue-r3200-k8192,disk,lightglue,3200,8192,1422,107_0005_0096.JPG,107_0005_0103.JPG,8192,8192,24,11,0.4583333333333333,1.3427734375,0.0625,0.078125,0.21121720969676971,True,ok,0.1395286000042688
D1_154_building,disk-lightglue-r3200-k8192,disk,lightglue,3200,8192,1423,107_0005_0096.JPG,107_0005_0104.JPG,8192,8192,18,10,0.5555555555555556,1.220703125,0.09375,0.09375,0.2383849322795868,True,ok,0.12205510000057984
D1_154_building,disk-lightglue-r3200-k8192,disk,lightglue,3200,8192,1424,107_0005_0097.JPG,107_0005_0098.JPG,8192,8192,3968,3887,0.9795866935483871,474.4873046875,0.828125,0.75,0.9611186981201172,False,ok,0.09471569999004714
D1_154_building,disk-lightglue-r3200-k8192,disk,lightglue,3200,8192,1425,107_0005_0097.JPG,107_0005_0099.JPG,8192,8192,2508,2440,0.9728867623604466,297.8515625,0.734375,0.53125,0.9746041297912598,False,ok,0.13810250000096858
D1_154_building,disk-lightglue-r3200-k8192,disk,lightglue,3200,8192,1426,107_0005_0097.JPG,107_0005_0100.JPG,8192,8192,1573,1458,0.9268912905276542,177.978515625,0.609375,0.40625,0.9303879737854004,False,ok,0.13047760000335984
D1_154_building,disk-lightglue-r3200-k8192,disk,lightglue,3200,8192,1427,107_0005_0097.JPG,107_0005_0101.JPG,8192,8192,1052,895,0.8507604562737643,109.2529296875,0.484375,0.234375,0.8888599872589111,False,ok,0.13295840000500903
D1_154_building,disk-lightglue-r3200-k8192,disk,lightglue,3200,8192,1428,107_0005_0097.JPG,107_0005_0102.JPG,8192,8192,140,123,0.8785714285714286,15.0146484375,0.28125,0.125,0.3807761073112488,False,ok,0.12316269999428187
D1_154_building,disk-lightglue-r3200-k8192,disk,lightglue,3200,8192,1429,107_0005_0097.JPG,107_0005_0103.JPG,8192,8192,76,63,0.8289473684210527,7.6904296875,0.28125,0.125,0.3614426553249359,False,ok,0.1430298000050243
D1_154_building,disk-lightglue-r3200-k8192,disk,lightglue,3200,8192,1430,107_0005_0097.JPG,107_0005_0104.JPG,8192,8192,168,145,0.8630952380952381,17.7001953125,0.3125,0.125,0.3938429653644562,False,ok,0.13538259999768343
D1_154_building,disk-lightglue-r3200-k8192,disk,lightglue,3200,8192,1431,107_0005_0097.JPG,107_0005_0105.JPG,8192,8192,152,130,0.8552631578947368,15.869140625,0.265625,0.109375,0.47983476519584656,False,ok,0.12871869999798946
D1_154_building,disk-lightglue-r3200-k8192,disk,lightglue,3200,8192,1432,107_0005_0098.JPG,107_0005_0099.JPG,8192,8192,4165,4106,0.9858343337334934,501.220703125,0.84375,0.78125,0.9710736870765686,False,ok,0.09061410000140313
D1_154_building,disk-lightglue-r3200-k8192,disk,lightglue,3200,8192,1433,107_0005_0098.JPG,107_0005_0100.JPG,8192,8192,2675,2619,0.9790654205607476,319.7021484375,0.765625,0.59375,0.9819509983062744,False,ok,0.12406619999092072
D1_154_building,disk-lightglue-r3200-k8192,disk,lightglue,3200,8192,1434,107_0005_0098.JPG,107_0005_0101.JPG,8192,8192,1815,1691,0.9316804407713498,206.4208984375,0.640625,0.40625,0.9418767690658569,False,ok,0.11458009999478236
D1_154_building,disk-lightglue-r3200-k8192,disk,lightglue,3200,8192,1435,107_0005_0098.JPG,107_0005_0102.JPG,8192,8192,977,796,0.8147389969293757,97.16796875,0.5,0.265625,0.865373432636261,False,ok,0.14208040000812616
D1_154_building,disk-lightglue-r3200-k8192,disk,lightglue,3200,8192,1436,107_0005_0098.JPG,107_0005_0103.JPG,8192,8192,880,710,0.8068181818181818,86.669921875,0.5,0.25,0.8487897515296936,False,ok,0.17094559999532066
D1_154_building,disk-lightglue-r3200-k8192,disk,lightglue,3200,8192,1437,107_0005_0098.JPG,107_0005_0104.JPG,8192,8192,983,756,0.7690742624618515,92.28515625,0.5,0.25,0.8645153045654297,False,ok,0.173658699990483
D1_154_building,disk-lightglue-r3200-k8192,disk,lightglue,3200,8192,1438,107_0005_0098.JPG,107_0005_0105.JPG,8192,8192,843,636,0.7544483985765125,77.63671875,0.421875,0.21875,0.8117464184761047,False,ok,0.18188329999975394
D1_154_building,disk-lightglue-r3200-k8192,disk,lightglue,3200,8192,1439,107_0005_0098.JPG,107_0005_0106.JPG,8192,8192,912,621,0.680921052631579,75.8056640625,0.46875,0.234375,0.838977038860321,False,ok,0.20219429999997374
D1_154_building,disk-lightglue-r3200-k8192,disk,lightglue,3200,8192,1440,107_0005_0099.JPG,107_0005_0100.JPG,8192,8192,4205,4153,0.9876337693222355,506.9580078125,0.859375,0.828125,0.9765016436576843,False,ok,0.07048229999782052
D1_154_building,disk-lightglue-r3200-k8192,disk,lightglue,3200,8192,1441,107_0005_0099.JPG,107_0005_0101.JPG,8192,8192,2818,2742,0.9730305180979418,334.716796875,0.78125,0.5625,0.978999137878418,False,ok,0.11649800000304822
D1_154_building,disk-lightglue-r3200-k8192,disk,lightglue,3200,8192,1442,107_0005_0099.JPG,107_0005_0102.JPG,8192,8192,1599,1451,0.9074421513445904,177.1240234375,0.625,0.40625,0.9189480543136597,False,ok,0.11989889999676961
D1_154_building,disk-lightglue-r3200-k8192,disk,lightglue,3200,8192,1443,107_0005_0099.JPG,107_0005_0103.JPG,8192,8192,1475,1322,0.8962711864406779,161.376953125,0.640625,0.390625,0.9029676914215088,False,ok,0.14161259999673348
D1_154_building,disk-lightglue-r3200-k8192,disk,lightglue,3200,8192,1444,107_0005_0099.JPG,107_0005_0104.JPG,8192,8192,1565,1398,0.8932907348242811,170.654296875,0.640625,0.34375,0.9400983452796936,False,ok,0.1344933999935165
D1_154_building,disk-lightglue-r3200-k8192,disk,lightglue,3200,8192,1445,107_0005_0099.JPG,107_0005_0105.JPG,8192,8192,1283,1043,0.8129384255650819,127.3193359375,0.515625,0.328125,0.8999961614608765,False,ok,0.12766640000336338
D1_154_building,disk-lightglue-r3200-k8192,disk,lightglue,3200,8192,1446,107_0005_0099.JPG,107_0005_0106.JPG,8192,8192,1250,1007,0.8056,122.9248046875,0.546875,0.328125,0.8830412030220032,False,ok,0.13248960000055376
D1_154_building,disk-lightglue-r3200-k8192,disk,lightglue,3200,8192,1447,107_0005_0099.JPG,107_0005_0107.JPG,8192,8192,1770,1619,0.9146892655367231,197.6318359375,0.59375,0.421875,0.9315037727355957,False,ok,0.14134499999636319
D1_154_building,disk-lightglue-r3200-k8192,disk,lightglue,3200,8192,1448,107_0005_0100.JPG,107_0005_0101.JPG,8192,8192,4257,4215,0.9901338971106413,514.5263671875,0.921875,0.828125,0.974118709564209,False,ok,0.09251900001254398
D1_154_building,disk-lightglue-r3200-k8192,disk,lightglue,3200,8192,1449,107_0005_0100.JPG,107_0005_0102.JPG,8192,8192,2479,2401,0.9685356998789835,293.0908203125,0.78125,0.5625,0.9751210808753967,False,ok,0.11636100000760052
D1_154_building,disk-lightglue-r3200-k8192,disk,lightglue,3200,8192,1450,107_0005_0100.JPG,107_0005_0103.JPG,8192,8192,2294,2217,0.9664341761115954,270.6298828125,0.78125,0.5625,0.9654929637908936,False,ok,0.1322130000044126
D1_154_building,disk-lightglue-r3200-k8192,disk,lightglue,3200,8192,1451,107_0005_0100.JPG,107_0005_0104.JPG,8192,8192,2281,2143,0.9395002192021044,261.5966796875,0.765625,0.5,0.9570866823196411,False,ok,0.1449451000080444
D1_154_building,disk-lightglue-r3200-k8192,disk,lightglue,3200,8192,1452,107_0005_0100.JPG,107_0005_0105.JPG,8192,8192,1806,1659,0.9186046511627907,202.5146484375,0.65625,0.4375,0.9426727294921875,False,ok,0.1170879999990575
D1_154_building,disk-lightglue-r3200-k8192,disk,lightglue,3200,8192,1453,107_0005_0100.JPG,107_0005_0106.JPG,8192,8192,1763,1570,0.8905275099262621,191.650390625,0.671875,0.453125,0.92680823802948,False,ok,0.12392179999733344
D1_154_building,disk-lightglue-r3200-k8192,disk,lightglue,3200,8192,1454,107_0005_0100.JPG,107_0005_0107.JPG,8192,8192,2330,2266,0.9725321888412017,276.611328125,0.734375,0.609375,0.9516493678092957,False,ok,0.12925800000084564
D1_154_building,disk-lightglue-r3200-k8192,disk,lightglue,3200,8192,1455,107_0005_0100.JPG,107_0005_0108.JPG,8192,8192,2516,2472,0.9825119236883942,301.7578125,0.78125,0.71875,0.9617929458618164,False,ok,0.12828869999793824
D1_154_building,disk-lightglue-r3200-k8192,disk,lightglue,3200,8192,1456,107_0005_0101.JPG,107_0005_0102.JPG,8192,8192,3882,3867,0.9961360123647605,472.0458984375,0.90625,0.796875,0.993525505065918,False,ok,0.1332610000099521
D1_154_building,disk-lightglue-r3200-k8192,disk,lightglue,3200,8192,1457,107_0005_0101.JPG,107_0005_0103.JPG,8192,8192,3545,3519,0.9926657263751762,429.5654296875,0.90625,0.734375,0.9904868602752686,False,ok,0.13334620000387076
D1_154_building,disk-lightglue-r3200-k8192,disk,lightglue,3200,8192,1458,107_0005_0101.JPG,107_0005_0104.JPG,8192,8192,3215,3125,0.9720062208398134,381.4697265625,0.890625,0.65625,0.9827043414115906,False,ok,0.14569550000305753
D1_154_building,disk-lightglue-r3200-k8192,disk,lightglue,3200,8192,1459,107_0005_0101.JPG,107_0005_0105.JPG,8192,8192,2290,2220,0.9694323144104804,270.99609375,0.75,0.59375,0.9551792740821838,False,ok,0.13014179999299813
D1_154_building,disk-lightglue-r3200-k8192,disk,lightglue,3200,8192,1460,107_0005_0101.JPG,107_0005_0106.JPG,8192,8192,2301,2181,0.9478487614080835,266.2353515625,0.78125,0.609375,0.9329426884651184,False,ok,0.12258560000918806
D1_154_building,disk-lightglue-r3200-k8192,disk,lightglue,3200,8192,1461,107_0005_0101.JPG,107_0005_0107.JPG,8192,8192,2552,2484,0.9733542319749217,303.22265625,0.78125,0.75,0.9548665285110474,False,ok,0.14446260000113398
D1_154_building,disk-lightglue-r3200-k8192,disk,lightglue,3200,8192,1462,107_0005_0101.JPG,107_0005_0108.JPG,8192,8192,2145,2059,0.9599067599067599,251.3427734375,0.578125,0.703125,0.9432836174964905,False,ok,0.14460779998626094
D1_154_building,disk-lightglue-r3200-k8192,disk,lightglue,3200,8192,1463,107_0005_0101.JPG,107_0005_0109.JPG,8192,8192,1617,1483,0.91713048855906,181.0302734375,0.421875,0.5625,0.9343805909156799,False,ok,0.09482870000647381
D1_154_building,disk-lightglue-r3200-k8192,disk,lightglue,3200,8192,1464,107_0005_0102.JPG,107_0005_0103.JPG,8192,8192,5595,5574,0.9962466487935657,680.419921875,0.953125,0.96875,0.986562192440033,False,ok,0.0854103000019677
D1_154_building,disk-lightglue-r3200-k8192,disk,lightglue,3200,8192,1465,107_0005_0102.JPG,107_0005_0104.JPG,8192,8192,4129,4113,0.996124969726326,502.0751953125,0.875,0.859375,0.9875801801681519,False,ok,0.1369427000026917
D1_154_building,disk-lightglue-r3200-k8192,disk,lightglue,3200,8192,1466,107_0005_0102.JPG,107_0005_0105.JPG,8192,8192,2624,2566,0.9778963414634146,313.232421875,0.75,0.703125,0.9602100849151611,False,ok,0.14072420001321007
D1_154_building,disk-lightglue-r3200-k8192,disk,lightglue,3200,8192,1467,107_0005_0102.JPG,107_0005_0106.JPG,8192,8192,2641,2551,0.965921999242711,311.4013671875,0.765625,0.75,0.9388591051101685,False,ok,0.13901900000928435
D1_154_building,disk-lightglue-r3200-k8192,disk,lightglue,3200,8192,1468,107_0005_0102.JPG,107_0005_0107.JPG,8192,8192,1839,1753,0.9532354540511148,213.9892578125,0.515625,0.71875,0.932184636592865,False,ok,0.140416100010043
D1_154_building,disk-lightglue-r3200-k8192,disk,lightglue,3200,8192,1469,107_0005_0102.JPG,107_0005_0108.JPG,8192,8192,1375,1235,0.8981818181818182,150.7568359375,0.421875,0.65625,0.9102997779846191,False,ok,0.13355249998858199
D1_154_building,disk-lightglue-r3200-k8192,disk,lightglue,3200,8192,1470,107_0005_0102.JPG,107_0005_0109.JPG,8192,8192,960,799,0.8322916666666667,97.5341796875,0.328125,0.484375,0.8518421053886414,False,ok,0.16119689999322873
D1_154_building,disk-lightglue-r3200-k8192,disk,lightglue,3200,8192,1471,107_0005_0102.JPG,107_0005_0110.JPG,8192,8192,732,452,0.6174863387978142,55.17578125,0.234375,0.359375,0.7745901346206665,False,ok,0.19216519998735748
D1_154_building,disk-lightglue-r3200-k8192,disk,lightglue,3200,8192,1472,107_0005_0102.JPG,107_0005_0125.JPG,8192,8192,49,29,0.5918367346938775,3.5400390625,0.203125,0.234375,0.24211660027503967,False,ok,0.12424049999390263
D1_154_building,disk-lightglue-r3200-k8192,disk,lightglue,3200,8192,1473,107_0005_0103.JPG,107_0005_0104.JPG,8192,8192,4138,4122,0.9961333977767037,503.173828125,0.84375,0.84375,0.9883832931518555,False,ok,0.14547099999617785
D1_154_building,disk-lightglue-r3200-k8192,disk,lightglue,3200,8192,1474,107_0005_0103.JPG,107_0005_0105.JPG,8192,8192,2567,2516,0.9801324503311258,307.12890625,0.703125,0.71875,0.9626849889755249,False,ok,0.14910670000244863
D1_154_building,disk-lightglue-r3200-k8192,disk,lightglue,3200,8192,1475,107_0005_0103.JPG,107_0005_0106.JPG,8192,8192,2583,2520,0.975609756097561,307.6171875,0.765625,0.734375,0.9480916857719421,False,ok,0.11932049998722505
D1_154_building,disk-lightglue-r3200-k8192,disk,lightglue,3200,8192,1476,107_0005_0103.JPG,107_0005_0107.JPG,8192,8192,1694,1619,0.9557260920897285,197.6318359375,0.515625,0.671875,0.9387823939323425,False,ok,0.12952599998970982
D1_154_building,disk-lightglue-r3200-k8192,disk,lightglue,3200,8192,1477,107_0005_0103.JPG,107_0005_0108.JPG,8192,8192,1267,1147,0.9052880820836622,140.0146484375,0.421875,0.609375,0.9135000109672546,False,ok,0.12096819998987485
D1_154_building,disk-lightglue-r3200-k8192,disk,lightglue,3200,8192,1478,107_0005_0103.JPG,107_0005_0109.JPG,8192,8192,860,700,0.813953488372093,85.44921875,0.296875,0.46875,0.8254733085632324,False,ok,0.18371309999201912
D1_154_building,disk-lightglue-r3200-k8192,disk,lightglue,3200,8192,1479,107_0005_0103.JPG,107_0005_0110.JPG,8192,8192,564,367,0.650709219858156,44.7998046875,0.1875,0.28125,0.7262267470359802,False,ok,0.2157739000103902
D1_154_building,disk-lightglue-r3200-k8192,disk,lightglue,3200,8192,1480,107_0005_0103.JPG,107_0005_0111.JPG,8192,8192,12,8,0.6666666666666666,0.9765625,0.09375,0.109375,0.17683877050876617,True,ok,0.13047489999735262
D1_154_building,disk-lightglue-r3200-k8192,disk,lightglue,3200,8192,1481,107_0005_0103.JPG,107_0005_0125.JPG,8192,8192,50,38,0.76,4.638671875,0.25,0.21875,0.26736700534820557,False,ok,0.13866830000188202
D1_154_building,disk-lightglue-r3200-k8192,disk,lightglue,3200,8192,1482,107_0005_0104.JPG,107_0005_0105.JPG,8192,8192,4230,4216,0.9966903073286052,514.6484375,0.875,0.890625,0.9894043207168579,False,ok,0.14202620000287425
D1_154_building,disk-lightglue-r3200-k8192,disk,lightglue,3200,8192,1483,107_0005_0104.JPG,107_0005_0106.JPG,8192,8192,4169,4143,0.9937634924442312,505.7373046875,0.90625,0.921875,0.9641435146331787,False,ok,0.08121329999994487
D1_154_building,disk-lightglue-r3200-k8192,disk,lightglue,3200,8192,1484,107_0005_0104.JPG,107_0005_0107.JPG,8192,8192,2796,2766,0.9892703862660944,337.646484375,0.625,0.890625,0.9797401428222656,False,ok,0.09818270000687335
D1_154_building,disk-lightglue-r3200-k8192,disk,lightglue,3200,8192,1485,107_0005_0104.JPG,107_0005_0108.JPG,8192,8192,2005,1899,0.9471321695760598,231.8115234375,0.515625,0.75,0.9496971368789673,False,ok,0.13704349999898113
D1_154_building,disk-lightglue-r3200-k8192,disk,lightglue,3200,8192,1486,107_0005_0104.JPG,107_0005_0109.JPG,8192,8192,1342,1174,0.8748137108792846,143.310546875,0.40625,0.625,0.9121025800704956,False,ok,0.14973099999770056
D1_154_building,disk-lightglue-r3200-k8192,disk,lightglue,3200,8192,1487,107_0005_0104.JPG,107_0005_0110.JPG,8192,8192,808,592,0.7326732673267327,72.265625,0.28125,0.453125,0.8038880825042725,False,ok,0.19131840000045486
D1_154_building,disk-lightglue-r3200-k8192,disk,lightglue,3200,8192,1488,107_0005_0104.JPG,107_0005_0111.JPG,8192,8192,35,21,0.6,2.5634765625,0.078125,0.140625,0.2906838357448578,False,ok,0.13406579999718815
D1_154_building,disk-lightglue-r3200-k8192,disk,lightglue,3200,8192,1489,107_0005_0104.JPG,107_0005_0112.JPG,8192,8192,14,8,0.5714285714285714,0.9765625,0.109375,0.078125,0.18589769303798676,True,ok,0.14101700000173878
D1_154_building,disk-lightglue-r3200-k8192,disk,lightglue,3200,8192,1490,107_0005_0104.JPG,107_0005_0122.JPG,8192,8192,1698,1585,0.9334511189634864,193.4814453125,0.625,0.625,0.9098600745201111,False,ok,0.1417012000019895
D1_154_building,disk-lightglue-r3200-k8192,disk,lightglue,3200,8192,1491,107_0005_0104.JPG,107_0005_0123.JPG,8192,8192,1704,1580,0.9272300469483568,192.87109375,0.65625,0.640625,0.8960087895393372,False,ok,0.1289004999998724
D1_154_building,disk-lightglue-r3200-k8192,disk,lightglue,3200,8192,1492,107_0005_0104.JPG,107_0005_0124.JPG,8192,8192,2056,1825,0.8876459143968871,222.7783203125,0.671875,0.765625,0.9163032174110413,False,ok,0.1974666000023717
D1_154_building,disk-lightglue-r3200-k8192,disk,lightglue,3200,8192,1493,107_0005_0104.JPG,107_0005_0125.JPG,8192,8192,127,104,0.8188976377952756,12.6953125,0.28125,0.34375,0.2868014872074127,False,ok,0.1327945999946678
D1_154_building,disk-lightglue-r3200-k8192,disk,lightglue,3200,8192,1494,107_0005_0104.JPG,107_0005_0126.JPG,8192,8192,22,8,0.36363636363636365,0.9765625,0.125,0.125,0.19767466187477112,True,ok,0.13712620000296738
D1_154_building,disk-lightglue-r3200-k8192,disk,lightglue,3200,8192,1495,107_0005_0105.JPG,107_0005_0106.JPG,8192,8192,5561,5537,0.995684229455134,675.9033203125,1.0,0.984375,0.9846609830856323,False,ok,0.07399540000187699
D1_154_building,disk-lightglue-r3200-k8192,disk,lightglue,3200,8192,1496,107_0005_0105.JPG,107_0005_0107.JPG,8192,8192,3830,3779,0.9866840731070496,461.3037109375,0.75,0.96875,0.9608235359191895,False,ok,0.09570710000116378
D1_154_building,disk-lightglue-r3200-k8192,disk,lightglue,3200,8192,1497,107_0005_0105.JPG,107_0005_0108.JPG,8192,8192,2518,2427,0.9638602065131057,296.2646484375,0.59375,0.796875,0.9718917608261108,False,ok,0.1390380999946501
D1_154_building,disk-lightglue-r3200-k8192,disk,lightglue,3200,8192,1498,107_0005_0105.JPG,107_0005_0109.JPG,8192,8192,1613,1425,0.8834469931804092,173.9501953125,0.4375,0.625,0.9328972101211548,False,ok,0.13827039999887347
D1_154_building,disk-lightglue-r3200-k8192,disk,lightglue,3200,8192,1499,107_0005_0105.JPG,107_0005_0110.JPG,8192,8192,962,689,0.7162162162162162,84.1064453125,0.28125,0.46875,0.8405334949493408,False,ok,0.1748288000089815
D1_154_building,disk-lightglue-r3200-k8192,disk,lightglue,3200,8192,1500,107_0005_0105.JPG,107_0005_0111.JPG,8192,8192,92,74,0.8043478260869565,9.033203125,0.078125,0.203125,0.41630226373672485,False,ok,0.12963769999623764
D1_154_building,disk-lightglue-r3200-k8192,disk,lightglue,3200,8192,1501,107_0005_0105.JPG,107_0005_0112.JPG,8192,8192,16,8,0.5,0.9765625,0.109375,0.109375,0.19829171895980835,True,ok,0.13584160000027623
D1_154_building,disk-lightglue-r3200-k8192,disk,lightglue,3200,8192,1502,107_0005_0105.JPG,107_0005_0113.JPG,8192,8192,9,7,0.7777777777777778,0.8544921875,0.109375,0.09375,0.20514336228370667,True,ok,0.1309046000096714
D1_154_building,disk-lightglue-r3200-k8192,disk,lightglue,3200,8192,1503,107_0005_0105.JPG,107_0005_0121.JPG,8192,8192,2175,2102,0.9664367816091954,256.591796875,0.5625,0.78125,0.9393729567527771,False,ok,0.13521439999749418
D1_154_building,disk-lightglue-r3200-k8192,disk,lightglue,3200,8192,1504,107_0005_0105.JPG,107_0005_0122.JPG,8192,8192,2690,2623,0.9750929368029739,320.1904296875,0.78125,0.71875,0.9523816704750061,False,ok,0.1377993000060087
D1_154_building,disk-lightglue-r3200-k8192,disk,lightglue,3200,8192,1505,107_0005_0105.JPG,107_0005_0123.JPG,8192,8192,2685,2617,0.9746741154562384,319.4580078125,0.78125,0.75,0.945537805557251,False,ok,0.1328187000035541
D1_154_building,disk-lightglue-r3200-k8192,disk,lightglue,3200,8192,1506,107_0005_0105.JPG,107_0005_0124.JPG,8192,8192,2866,2700,0.942079553384508,329.58984375,0.765625,0.875,0.9331284761428833,False,ok,0.18149790000461508
D1_154_building,disk-lightglue-r3200-k8192,disk,lightglue,3200,8192,1507,107_0005_0105.JPG,107_0005_0125.JPG,8192,8192,150,123,0.82,15.0146484375,0.328125,0.359375,0.30259084701538086,False,ok,0.12565770000219345
D1_154_building,disk-lightglue-r3200-k8192,disk,lightglue,3200,8192,1508,107_0005_0106.JPG,107_0005_0107.JPG,8192,8192,3816,3768,0.9874213836477987,459.9609375,0.734375,0.984375,0.9636242985725403,False,ok,0.10001419999753125
D1_154_building,disk-lightglue-r3200-k8192,disk,lightglue,3200,8192,1509,107_0005_0106.JPG,107_0005_0108.JPG,8192,8192,2470,2377,0.9623481781376518,290.1611328125,0.609375,0.8125,0.9697349667549133,False,ok,0.12274530000286177
D1_154_building,disk-lightglue-r3200-k8192,disk,lightglue,3200,8192,1510,107_0005_0106.JPG,107_0005_0109.JPG,8192,8192,1541,1374,0.8916288124594419,167.724609375,0.40625,0.671875,0.9318228363990784,False,ok,0.14721619999909308
D1_154_building,disk-lightglue-r3200-k8192,disk,lightglue,3200,8192,1511,107_0005_0106.JPG,107_0005_0110.JPG,8192,8192,957,705,0.7366771159874608,86.0595703125,0.265625,0.515625,0.8504086136817932,False,ok,0.18687839999620337
D1_154_building,disk-lightglue-r3200-k8192,disk,lightglue,3200,8192,1512,107_0005_0106.JPG,107_0005_0111.JPG,8192,8192,31,20,0.6451612903225806,2.44140625,0.078125,0.109375,0.2245965451002121,False,ok,0.13704110000981018
D1_154_building,disk-lightglue-r3200-k8192,disk,lightglue,3200,8192,1513,107_0005_0106.JPG,107_0005_0112.JPG,8192,8192,4,0,0.0,0.0,0.0,0.0,0.19457510113716125,True,too_few_matches,0.13379069999791682
D1_154_building,disk-lightglue-r3200-k8192,disk,lightglue,3200,8192,1514,107_0005_0106.JPG,107_0005_0113.JPG,8192,8192,12,7,0.5833333333333334,0.8544921875,0.109375,0.09375,0.17615866661071777,True,ok,0.13907570000446867
D1_154_building,disk-lightglue-r3200-k8192,disk,lightglue,3200,8192,1515,107_0005_0106.JPG,107_0005_0114.JPG,8192,8192,13,8,0.6153846153846154,0.9765625,0.09375,0.078125,0.171265110373497,True,ok,0.10864690000016708
D1_154_building,disk-lightglue-r3200-k8192,disk,lightglue,3200,8192,1516,107_0005_0106.JPG,107_0005_0121.JPG,8192,8192,2127,2068,0.9722614010343207,252.44140625,0.546875,0.765625,0.9509075284004211,False,ok,0.1405432000028668
D1_154_building,disk-lightglue-r3200-k8192,disk,lightglue,3200,8192,1517,107_0005_0106.JPG,107_0005_0122.JPG,8192,8192,2748,2704,0.9839883551673945,330.078125,0.75,0.703125,0.965319037437439,False,ok,0.14849409999442287
D1_154_building,disk-lightglue-r3200-k8192,disk,lightglue,3200,8192,1518,107_0005_0106.JPG,107_0005_0123.JPG,8192,8192,2734,2684,0.9817117776152158,327.63671875,0.78125,0.765625,0.9631835222244263,False,ok,0.13262869999743998
D1_154_building,disk-lightglue-r3200-k8192,disk,lightglue,3200,8192,1519,107_0005_0106.JPG,107_0005_0124.JPG,8192,8192,2901,2803,0.9662185453291968,342.1630859375,0.765625,0.890625,0.962419867515564,False,ok,0.10640350000176113
D1_154_building,disk-lightglue-r3200-k8192,disk,lightglue,3200,8192,1520,107_0005_0106.JPG,107_0005_0125.JPG,8192,8192,2680,1969,0.7347014925373134,240.3564453125,0.6875,0.796875,0.7966082692146301,False,ok,0.33308989999932237
D1_154_building,disk-lightglue-r3200-k8192,disk,lightglue,3200,8192,1521,107_0005_0107.JPG,107_0005_0108.JPG,8192,8192,4227,4168,0.9860421102436716,508.7890625,0.84375,0.875,0.9710806012153625,False,ok,0.08570930000860244
D1_154_building,disk-lightglue-r3200-k8192,disk,lightglue,3200,8192,1522,107_0005_0107.JPG,107_0005_0109.JPG,8192,8192,2632,2542,0.96580547112462,310.302734375,0.609375,0.765625,0.9768591523170471,False,ok,0.10483499999099877
D1_154_building,disk-lightglue-r3200-k8192,disk,lightglue,3200,8192,1523,107_0005_0107.JPG,107_0005_0110.JPG,8192,8192,1577,1431,0.9074191502853519,174.6826171875,0.453125,0.625,0.9423894882202148,False,ok,0.14224060000560712
D1_154_building,disk-lightglue-r3200-k8192,disk,lightglue,3200,8192,1524,107_0005_0107.JPG,107_0005_0111.JPG,8192,8192,784,628,0.8010204081632653,76.66015625,0.25,0.375,0.8415972590446472,False,ok,0.1723952000029385
D1_154_building,disk-lightglue-r3200-k8192,disk,lightglue,3200,8192,1525,107_0005_0107.JPG,107_0005_0112.JPG,8192,8192,327,259,0.7920489296636085,31.6162109375,0.140625,0.25,0.7408894896507263,False,ok,0.19044310000026599
D1_154_building,disk-lightglue-r3200-k8192,disk,lightglue,3200,8192,1526,107_0005_0107.JPG,107_0005_0113.JPG,8192,8192,338,257,0.7603550295857988,31.3720703125,0.140625,0.234375,0.7110350131988525,False,ok,0.18959829999948852
D1_154_building,disk-lightglue-r3200-k8192,disk,lightglue,3200,8192,1527,107_0005_0107.JPG,107_0005_0114.JPG,8192,8192,110,92,0.8363636363636363,11.23046875,0.0625,0.140625,0.4611988067626953,False,ok,0.13521469999977853
D1_154_building,disk-lightglue-r3200-k8192,disk,lightglue,3200,8192,1528,107_0005_0107.JPG,107_0005_0115.JPG,8192,8192,12,8,0.6666666666666666,0.9765625,0.078125,0.109375,0.2029997706413269,True,ok,0.1186160000070231
D1_154_building,disk-lightglue-r3200-k8192,disk,lightglue,3200,8192,1529,107_0005_0107.JPG,107_0005_0120.JPG,8192,8192,2464,2410,0.9780844155844156,294.189453125,0.65625,0.71875,0.956730842590332,False,ok,0.13505060000170488
D1_154_building,disk-lightglue-r3200-k8192,disk,lightglue,3200,8192,1530,107_0005_0107.JPG,107_0005_0121.JPG,8192,8192,2787,2749,0.9863652673125224,335.5712890625,0.78125,0.734375,0.961784303188324,False,ok,0.13949280000815634
D1_154_building,disk-lightglue-r3200-k8192,disk,lightglue,3200,8192,1531,107_0005_0107.JPG,107_0005_0122.JPG,8192,8192,2378,2300,0.9671993271656855,280.76171875,0.796875,0.59375,0.9529125094413757,False,ok,0.13290200001210906
D1_154_building,disk-lightglue-r3200-k8192,disk,lightglue,3200,8192,1532,107_0005_0107.JPG,107_0005_0123.JPG,8192,8192,2390,2297,0.9610878661087866,280.3955078125,0.8125,0.609375,0.9495788216590881,False,ok,0.14243829999759328
D1_154_building,disk-lightglue-r3200-k8192,disk,lightglue,3200,8192,1533,107_0005_0107.JPG,107_0005_0124.JPG,8192,8192,3408,3347,0.9821009389671361,408.5693359375,0.953125,0.890625,0.969590425491333,False,ok,0.16790460000629537
D1_154_building,disk-lightglue-r3200-k8192,disk,lightglue,3200,8192,1534,107_0005_0107.JPG,107_0005_0125.JPG,8192,8192,3082,2579,0.8367942894224529,314.8193359375,0.828125,0.8125,0.8992202877998352,False,ok,0.31175620001158677
D1_154_building,disk-lightglue-r3200-k8192,disk,lightglue,3200,8192,1535,107_0005_0107.JPG,107_0005_0126.JPG,8192,8192,19,8,0.42105263157894735,0.9765625,0.109375,0.125,0.22191664576530457,True,ok,0.11895199998980388
D1_154_building,disk-lightglue-r3200-k8192,disk,lightglue,3200,8192,1536,107_0005_0107.JPG,107_0005_0127.JPG,8192,8192,24,9,0.375,1.0986328125,0.125,0.125,0.17931853234767914,True,ok,0.10809950000839308
D1_154_building,disk-lightglue-r3200-k8192,disk,lightglue,3200,8192,1537,107_0005_0108.JPG,107_0005_0109.JPG,8192,8192,3994,3929,0.9837255883825738,479.6142578125,0.84375,0.859375,0.9704896211624146,False,ok,0.08679099999426398
D1_154_building,disk-lightglue-r3200-k8192,disk,lightglue,3200,8192,1538,107_0005_0108.JPG,107_0005_0110.JPG,8192,8192,2339,2253,0.9632321504916631,275.0244140625,0.578125,0.71875,0.9681857228279114,False,ok,0.12037340000097174
D1_154_building,disk-lightglue-r3200-k8192,disk,lightglue,3200,8192,1539,107_0005_0108.JPG,107_0005_0111.JPG,8192,8192,1190,1062,0.892436974789916,129.638671875,0.421875,0.59375,0.9258273839950562,False,ok,0.12034189999394584
D1_154_building,disk-lightglue-r3200-k8192,disk,lightglue,3200,8192,1540,107_0005_0108.JPG,107_0005_0112.JPG,8192,8192,736,573,0.7785326086956522,69.9462890625,0.234375,0.4375,0.8524667620658875,False,ok,0.16022600000724196
D1_154_building,disk-lightglue-r3200-k8192,disk,lightglue,3200,8192,1541,107_0005_0108.JPG,107_0005_0113.JPG,8192,8192,711,562,0.790436005625879,68.603515625,0.21875,0.453125,0.8545347452163696,False,ok,0.1692209000029834
D1_154_building,disk-lightglue-r3200-k8192,disk,lightglue,3200,8192,1542,107_0005_0108.JPG,107_0005_0114.JPG,8192,8192,729,546,0.7489711934156379,66.650390625,0.25,0.46875,0.8338443636894226,False,ok,0.146025499998359
D1_154_building,disk-lightglue-r3200-k8192,disk,lightglue,3200,8192,1543,107_0005_0108.JPG,107_0005_0115.JPG,8192,8192,606,399,0.6584158415841584,48.7060546875,0.21875,0.453125,0.7675269246101379,False,ok,0.1918401000002632
D1_154_building,disk-lightglue-r3200-k8192,disk,lightglue,3200,8192,1544,107_0005_0108.JPG,107_0005_0116.JPG,8192,8192,550,376,0.6836363636363636,45.8984375,0.21875,0.4375,0.7300856709480286,False,ok,0.1754328999959398
D1_154_building,disk-lightglue-r3200-k8192,disk,lightglue,3200,8192,1545,107_0005_0108.JPG,107_0005_0121.JPG,8192,8192,2297,2227,0.9695254680017414,271.8505859375,0.671875,0.5625,0.9533478617668152,False,ok,0.1294808000093326
D1_154_building,disk-lightglue-r3200-k8192,disk,lightglue,3200,8192,1546,107_0005_0108.JPG,107_0005_0122.JPG,8192,8192,1828,1637,0.8955142231947484,199.8291015625,0.640625,0.4375,0.9250560402870178,False,ok,0.136945399994147
D1_154_building,disk-lightglue-r3200-k8192,disk,lightglue,3200,8192,1547,107_0005_0108.JPG,107_0005_0123.JPG,8192,8192,1842,1622,0.8805646036916395,197.998046875,0.671875,0.4375,0.933583676815033,False,ok,0.1329556999990018
D1_154_building,disk-lightglue-r3200-k8192,disk,lightglue,3200,8192,1548,107_0005_0108.JPG,107_0005_0124.JPG,8192,8192,2761,2575,0.9326331039478449,314.3310546875,0.796875,0.6875,0.9607772827148438,False,ok,0.14173700001265388
D1_154_building,disk-lightglue-r3200-k8192,disk,lightglue,3200,8192,1549,107_0005_0108.JPG,107_0005_0125.JPG,8192,8192,2767,2396,0.8659197687025659,292.48046875,0.78125,0.765625,0.9081426858901978,False,ok,0.2582779000076698
D1_154_building,disk-lightglue-r3200-k8192,disk,lightglue,3200,8192,1550,107_0005_0108.JPG,107_0005_0126.JPG,8192,8192,23,9,0.391304347826087,1.0986328125,0.140625,0.125,0.20258750021457672,True,ok,0.12650030000077095
D1_154_building,disk-lightglue-r3200-k8192,disk,lightglue,3200,8192,1551,107_0005_0108.JPG,107_0005_0127.JPG,8192,8192,15,8,0.5333333333333333,0.9765625,0.109375,0.109375,0.17326399683952332,True,ok,0.1288189000042621
D1_154_building,disk-lightglue-r3200-k8192,disk,lightglue,3200,8192,1552,107_0005_0108.JPG,107_0005_0128.JPG,8192,8192,12,8,0.6666666666666666,0.9765625,0.109375,0.109375,0.1947789341211319,True,ok,0.1455802999989828
D1_154_building,disk-lightglue-r3200-k8192,disk,lightglue,3200,8192,1553,107_0005_0109.JPG,107_0005_0110.JPG,8192,8192,3923,3849,0.9811368850369615,469.8486328125,0.8125,0.875,0.9630693197250366,False,ok,0.09340909999446012
D1_154_building,disk-lightglue-r3200-k8192,disk,lightglue,3200,8192,1554,107_0005_0109.JPG,107_0005_0111.JPG,8192,8192,2078,2000,0.9624639076034649,244.140625,0.5625,0.734375,0.9639085531234741,False,ok,0.13394109999353532
D1_154_building,disk-lightglue-r3200-k8192,disk,lightglue,3200,8192,1555,107_0005_0109.JPG,107_0005_0112.JPG,8192,8192,1322,1189,0.8993948562783661,145.1416015625,0.390625,0.59375,0.9106247425079346,False,ok,0.13657689999672584
D1_154_building,disk-lightglue-r3200-k8192,disk,lightglue,3200,8192,1556,107_0005_0109.JPG,107_0005_0113.JPG,8192,8192,1299,1159,0.8922247882986913,141.4794921875,0.375,0.546875,0.9080942869186401,False,ok,0.1318613000039477
D1_154_building,disk-lightglue-r3200-k8192,disk,lightglue,3200,8192,1557,107_0005_0109.JPG,107_0005_0114.JPG,8192,8192,1281,1107,0.8641686182669789,135.1318359375,0.359375,0.609375,0.9012284278869629,False,ok,0.12227110000094399
D1_154_building,disk-lightglue-r3200-k8192,disk,lightglue,3200,8192,1558,107_0005_0109.JPG,107_0005_0115.JPG,8192,8192,1038,854,0.8227360308285164,104.248046875,0.265625,0.46875,0.8806232213973999,False,ok,0.13510230000247248
D1_154_building,disk-lightglue-r3200-k8192,disk,lightglue,3200,8192,1559,107_0005_0109.JPG,107_0005_0116.JPG,8192,8192,1034,847,0.8191489361702128,103.3935546875,0.28125,0.484375,0.8701354265213013,False,ok,0.142347900007735
D1_154_building,disk-lightglue-r3200-k8192,disk,lightglue,3200,8192,1560,107_0005_0109.JPG,107_0005_0117.JPG,8192,8192,1337,1195,0.893792071802543,145.8740234375,0.390625,0.609375,0.9091324210166931,False,ok,0.09870719999889843
D1_154_building,disk-lightglue-r3200-k8192,disk,lightglue,3200,8192,1561,107_0005_0109.JPG,107_0005_0124.JPG,8192,8192,2026,1715,0.8464955577492597,209.3505859375,0.6875,0.53125,0.9100513458251953,False,ok,0.15997759999299888
D1_154_building,disk-lightglue-r3200-k8192,disk,lightglue,3200,8192,1562,107_0005_0109.JPG,107_0005_0125.JPG,8192,8192,2467,1618,0.6558573165788407,197.509765625,0.65625,0.5625,0.884939432144165,False,ok,0.26256580000335816
D1_154_building,disk-lightglue-r3200-k8192,disk,lightglue,3200,8192,1563,107_0005_0109.JPG,107_0005_0126.JPG,8192,8192,12,10,0.8333333333333334,1.220703125,0.109375,0.09375,0.3029039204120636,True,ok,0.25079610000830144
D1_154_building,disk-lightglue-r3200-k8192,disk,lightglue,3200,8192,1564,107_0005_0109.JPG,107_0005_0127.JPG,8192,8192,27,9,0.3333333333333333,1.0986328125,0.125,0.09375,0.20195569097995758,True,ok,0.14080900000408292
D1_154_building,disk-lightglue-r3200-k8192,disk,lightglue,3200,8192,1565,107_0005_0109.JPG,107_0005_0128.JPG,8192,8192,14,8,0.5714285714285714,0.9765625,0.109375,0.109375,0.23623231053352356,True,ok,0.12600459999521263
D1_154_building,disk-lightglue-r3200-k8192,disk,lightglue,3200,8192,1566,107_0005_0109.JPG,107_0005_0129.JPG,8192,8192,14,8,0.5714285714285714,0.9765625,0.125,0.125,0.19841845333576202,True,ok,0.13785139999527019
D1_154_building,disk-lightglue-r3200-k8192,disk,lightglue,3200,8192,1567,107_0005_0110.JPG,107_0005_0111.JPG,8192,8192,3539,3495,0.9875671093529246,426.6357421875,0.84375,0.875,0.9793974161148071,False,ok,0.12975569999252912
D1_154_building,disk-lightglue-r3200-k8192,disk,lightglue,3200,8192,1568,107_0005_0110.JPG,107_0005_0112.JPG,8192,8192,2246,2133,0.9496883348174533,260.3759765625,0.578125,0.734375,0.958054780960083,False,ok,0.14365339999494608
D1_154_building,disk-lightglue-r3200-k8192,disk,lightglue,3200,8192,1569,107_0005_0110.JPG,107_0005_0113.JPG,8192,8192,2241,2127,0.9491298527443106,259.6435546875,0.59375,0.75,0.9518091678619385,False,ok,0.1363953000109177
D1_154_building,disk-lightglue-r3200-k8192,disk,lightglue,3200,8192,1570,107_0005_0110.JPG,107_0005_0114.JPG,8192,8192,1984,1877,0.9460685483870968,229.1259765625,0.5,0.6875,0.9459052681922913,False,ok,0.13717989998986013
D1_154_building,disk-lightglue-r3200-k8192,disk,lightglue,3200,8192,1571,107_0005_0110.JPG,107_0005_0115.JPG,8192,8192,1556,1408,0.9048843187660668,171.875,0.390625,0.546875,0.9190041422843933,False,ok,0.11724799999501556
D1_154_building,disk-lightglue-r3200-k8192,disk,lightglue,3200,8192,1572,107_0005_0110.JPG,107_0005_0116.JPG,8192,8192,1563,1388,0.8880358285348688,169.43359375,0.390625,0.5625,0.9096032977104187,False,ok,0.11978299998736475
D1_154_building,disk-lightglue-r3200-k8192,disk,lightglue,3200,8192,1573,107_0005_0110.JPG,107_0005_0117.JPG,8192,8192,1855,1758,0.9477088948787062,214.599609375,0.578125,0.65625,0.9308222532272339,False,ok,0.12871860001177993
D1_154_building,disk-lightglue-r3200-k8192,disk,lightglue,3200,8192,1574,107_0005_0110.JPG,107_0005_0118.JPG,8192,8192,2448,2382,0.9730392156862745,290.771484375,0.671875,0.6875,0.9470745325088501,False,ok,0.13376320000679698
D1_154_building,disk-lightglue-r3200-k8192,disk,lightglue,3200,8192,1575,107_0005_0110.JPG,107_0005_0126.JPG,8192,8192,15,8,0.5333333333333333,0.9765625,0.109375,0.125,0.21199335157871246,True,ok,0.1344332000007853
D1_154_building,disk-lightglue-r3200-k8192,disk,lightglue,3200,8192,1576,107_0005_0110.JPG,107_0005_0127.JPG,8192,8192,25,9,0.36,1.0986328125,0.140625,0.109375,0.20038381218910217,True,ok,0.1366596000007121
D1_154_building,disk-lightglue-r3200-k8192,disk,lightglue,3200,8192,1577,107_0005_0110.JPG,107_0005_0128.JPG,8192,8192,21,9,0.42857142857142855,1.0986328125,0.125,0.125,0.21592503786087036,True,ok,0.1168206000002101
D1_154_building,disk-lightglue-r3200-k8192,disk,lightglue,3200,8192,1578,107_0005_0110.JPG,107_0005_0129.JPG,8192,8192,30,10,0.3333333333333333,1.220703125,0.109375,0.125,0.20847280323505402,True,ok,0.12776030000532046
D1_154_building,disk-lightglue-r3200-k8192,disk,lightglue,3200,8192,1579,107_0005_0111.JPG,107_0005_0112.JPG,8192,8192,4047,3972,0.9814677538917717,484.86328125,0.796875,0.859375,0.9710619449615479,False,ok,0.13447980000637472
D1_154_building,disk-lightglue-r3200-k8192,disk,lightglue,3200,8192,1580,107_0005_0111.JPG,107_0005_0113.JPG,8192,8192,3980,3906,0.9814070351758793,476.806640625,0.796875,0.84375,0.9709360599517822,False,ok,0.1368337000021711
D1_154_building,disk-lightglue-r3200-k8192,disk,lightglue,3200,8192,1581,107_0005_0111.JPG,107_0005_0114.JPG,8192,8192,3192,3135,0.9821428571428571,382.6904296875,0.640625,0.828125,0.9641531109809875,False,ok,0.13483629999973346
D1_154_building,disk-lightglue-r3200-k8192,disk,lightglue,3200,8192,1582,107_0005_0111.JPG,107_0005_0115.JPG,8192,8192,2351,2238,0.9519353466609953,273.193359375,0.5625,0.625,0.9276074767112732,False,ok,0.1251271000073757
D1_154_building,disk-lightglue-r3200-k8192,disk,lightglue,3200,8192,1583,107_0005_0111.JPG,107_0005_0116.JPG,8192,8192,2343,2180,0.9304310712761417,266.11328125,0.546875,0.65625,0.926479160785675,False,ok,0.14043489999312442
D1_154_building,disk-lightglue-r3200-k8192,disk,lightglue,3200,8192,1584,107_0005_0111.JPG,107_0005_0117.JPG,8192,8192,2444,2379,0.973404255319149,290.4052734375,0.6875,0.6875,0.9281895160675049,False,ok,0.12562600000819657
D1_154_building,disk-lightglue-r3200-k8192,disk,lightglue,3200,8192,1585,107_0005_0111.JPG,107_0005_0118.JPG,8192,8192,1746,1667,0.95475372279496,203.4912109375,0.65625,0.578125,0.9111804962158203,False,ok,0.13207389999297448
D1_154_building,disk-lightglue-r3200-k8192,disk,lightglue,3200,8192,1586,107_0005_0111.JPG,107_0005_0119.JPG,8192,8192,1256,1054,0.839171974522293,128.662109375,0.625,0.34375,0.8913577198982239,False,ok,0.13097019999986514
D1_154_building,disk-lightglue-r3200-k8192,disk,lightglue,3200,8192,1587,107_0005_0111.JPG,107_0005_0128.JPG,8192,8192,18,8,0.4444444444444444,0.9765625,0.125,0.109375,0.20831042528152466,True,ok,0.13396940000529867
D1_154_building,disk-lightglue-r3200-k8192,disk,lightglue,3200,8192,1588,107_0005_0111.JPG,107_0005_0144.JPG,8192,8192,25,8,0.32,0.9765625,0.109375,0.109375,0.1929541528224945,True,ok,0.12220659999002237
D1_154_building,disk-lightglue-r3200-k8192,disk,lightglue,3200,8192,1589,107_0005_0111.JPG,107_0005_0145.JPG,8192,8192,26,8,0.3076923076923077,0.9765625,0.109375,0.125,0.1918187439441681,True,ok,0.11292450000473764
D1_154_building,disk-lightglue-r3200-k8192,disk,lightglue,3200,8192,1590,107_0005_0112.JPG,107_0005_0113.JPG,8192,8192,6154,6135,0.9969125771855704,748.9013671875,0.9375,0.921875,0.9757741689682007,False,ok,0.13471810000191908
D1_154_building,disk-lightglue-r3200-k8192,disk,lightglue,3200,8192,1591,107_0005_0112.JPG,107_0005_0114.JPG,8192,8192,4121,4088,0.9919922348944431,499.0234375,0.75,0.75,0.971024215221405,False,ok,0.14419660001294687
D1_154_building,disk-lightglue-r3200-k8192,disk,lightglue,3200,8192,1592,107_0005_0112.JPG,107_0005_0115.JPG,8192,8192,2800,2730,0.975,333.251953125,0.65625,0.640625,0.9447038173675537,False,ok,0.12474519999523181
D1_154_building,disk-lightglue-r3200-k8192,disk,lightglue,3200,8192,1593,107_0005_0112.JPG,107_0005_0116.JPG,8192,8192,2719,2626,0.9657962486208165,320.556640625,0.625,0.640625,0.9333304166793823,False,ok,0.13260510000691283
D1_154_building,disk-lightglue-r3200-k8192,disk,lightglue,3200,8192,1594,107_0005_0112.JPG,107_0005_0117.JPG,8192,8192,2087,1926,0.9228557738380451,235.107421875,0.546875,0.46875,0.9145815968513489,False,ok,0.1317241000069771
D1_154_building,disk-lightglue-r3200-k8192,disk,lightglue,3200,8192,1595,107_0005_0112.JPG,107_0005_0118.JPG,8192,8192,1427,1192,0.8353188507358094,145.5078125,0.484375,0.359375,0.8942104578018188,False,ok,0.13742769999953452
D1_154_building,disk-lightglue-r3200-k8192,disk,lightglue,3200,8192,1596,107_0005_0112.JPG,107_0005_0119.JPG,8192,8192,970,726,0.7484536082474227,88.623046875,0.4375,0.25,0.8564345240592957,False,ok,0.11994050000794232
D1_154_building,disk-lightglue-r3200-k8192,disk,lightglue,3200,8192,1597,107_0005_0112.JPG,107_0005_0120.JPG,8192,8192,499,364,0.7294589178356713,44.43359375,0.34375,0.21875,0.7955219745635986,False,ok,0.14270319999195635
D1_154_building,disk-lightglue-r3200-k8192,disk,lightglue,3200,8192,1598,107_0005_0112.JPG,107_0005_0144.JPG,8192,8192,28,10,0.35714285714285715,1.220703125,0.109375,0.125,0.1968538612127304,True,ok,0.13413149998814333
D1_154_building,disk-lightglue-r3200-k8192,disk,lightglue,3200,8192,1599,107_0005_0112.JPG,107_0005_0145.JPG,8192,8192,23,9,0.391304347826087,1.0986328125,0.09375,0.125,0.16618694365024567,True,ok,0.13090629999351222
D1_154_building,disk-lightglue-r3200-k8192,disk,lightglue,3200,8192,1600,107_0005_0112.JPG,107_0005_0146.JPG,8192,8192,22,9,0.4090909090909091,1.0986328125,0.078125,0.125,0.16104929149150848,True,ok,0.12134330000844784
D1_154_building,disk-lightglue-r3200-k8192,disk,lightglue,3200,8192,1601,107_0005_0113.JPG,107_0005_0114.JPG,8192,8192,4164,4131,0.9920749279538905,504.2724609375,0.734375,0.71875,0.9693617820739746,False,ok,0.11958490000688471
D1_154_building,disk-lightglue-r3200-k8192,disk,lightglue,3200,8192,1602,107_0005_0113.JPG,107_0005_0115.JPG,8192,8192,2847,2780,0.9764664559185107,339.35546875,0.640625,0.625,0.9438205361366272,False,ok,0.14737019999301992
D1_154_building,disk-lightglue-r3200-k8192,disk,lightglue,3200,8192,1603,107_0005_0113.JPG,107_0005_0116.JPG,8192,8192,2792,2693,0.964541547277937,328.7353515625,0.65625,0.671875,0.9304232597351074,False,ok,0.14300670000375248
D1_154_building,disk-lightglue-r3200-k8192,disk,lightglue,3200,8192,1604,107_0005_0113.JPG,107_0005_0117.JPG,8192,8192,2152,2012,0.9349442379182156,245.60546875,0.609375,0.515625,0.9276524782180786,False,ok,0.10992350000014994
D1_154_building,disk-lightglue-r3200-k8192,disk,lightglue,3200,8192,1605,107_0005_0113.JPG,107_0005_0118.JPG,8192,8192,1422,1224,0.8607594936708861,149.4140625,0.5625,0.421875,0.8944764733314514,False,ok,0.12539440000546165
D1_154_building,disk-lightglue-r3200-k8192,disk,lightglue,3200,8192,1606,107_0005_0113.JPG,107_0005_0119.JPG,8192,8192,964,733,0.7603734439834025,89.4775390625,0.515625,0.25,0.8507092595100403,False,ok,0.13472789998922963
D1_154_building,disk-lightglue-r3200-k8192,disk,lightglue,3200,8192,1607,107_0005_0113.JPG,107_0005_0120.JPG,8192,8192,477,359,0.7526205450733753,43.8232421875,0.359375,0.21875,0.7802885174751282,False,ok,0.1397270000015851
D1_154_building,disk-lightglue-r3200-k8192,disk,lightglue,3200,8192,1608,107_0005_0113.JPG,107_0005_0121.JPG,8192,8192,94,77,0.8191489361702128,9.3994140625,0.15625,0.09375,0.4553021490573883,False,ok,0.12533010001061484
D1_154_building,disk-lightglue-r3200-k8192,disk,lightglue,3200,8192,1609,107_0005_0113.JPG,107_0005_0144.JPG,8192,8192,32,9,0.28125,1.0986328125,0.125,0.140625,0.20934174954891205,True,ok,0.14048770000226796
D1_154_building,disk-lightglue-r3200-k8192,disk,lightglue,3200,8192,1610,107_0005_0113.JPG,107_0005_0145.JPG,8192,8192,24,9,0.375,1.0986328125,0.109375,0.125,0.20693354308605194,True,ok,0.14134800000465475
D1_154_building,disk-lightglue-r3200-k8192,disk,lightglue,3200,8192,1611,107_0005_0113.JPG,107_0005_0146.JPG,8192,8192,20,9,0.45,1.0986328125,0.109375,0.109375,0.18028110265731812,True,ok,0.12848459999077022
D1_154_building,disk-lightglue-r3200-k8192,disk,lightglue,3200,8192,1612,107_0005_0114.JPG,107_0005_0115.JPG,8192,8192,4504,4470,0.9924511545293073,545.654296875,0.828125,0.8125,0.9681138396263123,False,ok,0.13538360000529792
D1_154_building,disk-lightglue-r3200-k8192,disk,lightglue,3200,8192,1613,107_0005_0114.JPG,107_0005_0116.JPG,8192,8192,4343,4307,0.9917107989868754,525.7568359375,0.828125,0.828125,0.964179277420044,False,ok,0.12355580000439659
D1_154_building,disk-lightglue-r3200-k8192,disk,lightglue,3200,8192,1614,107_0005_0114.JPG,107_0005_0117.JPG,8192,8192,3113,3001,0.9640218438805012,366.3330078125,0.796875,0.625,0.9558323621749878,False,ok,0.14901860000099987
D1_154_building,disk-lightglue-r3200-k8192,disk,lightglue,3200,8192,1615,107_0005_0114.JPG,107_0005_0118.JPG,8192,8192,1968,1769,0.8988821138211383,215.9423828125,0.640625,0.46875,0.9333193302154541,False,ok,0.125503099989146
D1_154_building,disk-lightglue-r3200-k8192,disk,lightglue,3200,8192,1616,107_0005_0114.JPG,107_0005_0119.JPG,8192,8192,1266,1009,0.7969984202211691,123.1689453125,0.53125,0.3125,0.8981720209121704,False,ok,0.13113830001384486
D1_154_building,disk-lightglue-r3200-k8192,disk,lightglue,3200,8192,1617,107_0005_0114.JPG,107_0005_0120.JPG,8192,8192,734,534,0.7275204359673024,65.185546875,0.46875,0.28125,0.7946627736091614,False,ok,0.16086250000807922
D1_154_building,disk-lightglue-r3200-k8192,disk,lightglue,3200,8192,1618,107_0005_0114.JPG,107_0005_0121.JPG,8192,8192,49,35,0.7142857142857143,4.2724609375,0.140625,0.078125,0.3698749244213104,False,ok,0.1263625999999931
D1_154_building,disk-lightglue-r3200-k8192,disk,lightglue,3200,8192,1619,107_0005_0114.JPG,107_0005_0122.JPG,8192,8192,8,7,0.875,0.8544921875,0.09375,0.109375,0.19513392448425293,True,ok,0.14385169999150094
D1_154_building,disk-lightglue-r3200-k8192,disk,lightglue,3200,8192,1620,107_0005_0114.JPG,107_0005_0142.JPG,8192,8192,19,8,0.42105263157894735,0.9765625,0.125,0.09375,0.199006125330925,True,ok,0.12960620000376366
D1_154_building,disk-lightglue-r3200-k8192,disk,lightglue,3200,8192,1621,107_0005_0114.JPG,107_0005_0143.JPG,8192,8192,27,9,0.3333333333333333,1.0986328125,0.125,0.109375,0.19336330890655518,True,ok,0.12598779999825638
D1_154_building,disk-lightglue-r3200-k8192,disk,lightglue,3200,8192,1622,107_0005_0114.JPG,107_0005_0144.JPG,8192,8192,22,9,0.4090909090909091,1.0986328125,0.109375,0.125,0.20342183113098145,True,ok,0.10738970000238623
D1_154_building,disk-lightglue-r3200-k8192,disk,lightglue,3200,8192,1623,107_0005_0115.JPG,107_0005_0116.JPG,8192,8192,6031,5997,0.9943624606201293,732.0556640625,0.875,0.890625,0.969530463218689,False,ok,0.09677869999723043
D1_154_building,disk-lightglue-r3200-k8192,disk,lightglue,3200,8192,1624,107_0005_0115.JPG,107_0005_0117.JPG,8192,8192,3720,3637,0.9776881720430107,443.9697265625,0.734375,0.640625,0.9702901244163513,False,ok,0.12299970000458416
D1_154_building,disk-lightglue-r3200-k8192,disk,lightglue,3200,8192,1625,107_0005_0115.JPG,107_0005_0118.JPG,8192,8192,2122,1985,0.9354382657869934,242.3095703125,0.671875,0.515625,0.9434142112731934,False,ok,0.1249011000036262
D1_154_building,disk-lightglue-r3200-k8192,disk,lightglue,3200,8192,1626,107_0005_0115.JPG,107_0005_0119.JPG,8192,8192,1255,1046,0.8334661354581673,127.685546875,0.59375,0.328125,0.8892034292221069,False,ok,0.14882489999581594
D1_154_building,disk-lightglue-r3200-k8192,disk,lightglue,3200,8192,1627,107_0005_0115.JPG,107_0005_0120.JPG,8192,8192,649,486,0.74884437596302,59.326171875,0.484375,0.234375,0.7789508104324341,False,ok,0.1561160999990534
D1_154_building,disk-lightglue-r3200-k8192,disk,lightglue,3200,8192,1628,107_0005_0115.JPG,107_0005_0121.JPG,8192,8192,25,9,0.36,1.0986328125,0.109375,0.09375,0.16379716992378235,True,ok,0.15117610000015702
D1_154_building,disk-lightglue-r3200-k8192,disk,lightglue,3200,8192,1629,107_0005_0115.JPG,107_0005_0122.JPG,8192,8192,9,7,0.7777777777777778,0.8544921875,0.09375,0.109375,0.23793083429336548,True,ok,0.10511020000558347
D1_154_building,disk-lightglue-r3200-k8192,disk,lightglue,3200,8192,1630,107_0005_0115.JPG,107_0005_0123.JPG,8192,8192,10,7,0.7,0.8544921875,0.109375,0.109375,0.21000854671001434,True,ok,0.13730809999105986
D1_154_building,disk-lightglue-r3200-k8192,disk,lightglue,3200,8192,1631,107_0005_0115.JPG,107_0005_0141.JPG,8192,8192,16,8,0.5,0.9765625,0.125,0.109375,0.1678030788898468,True,ok,0.13484529999550432
D1_154_building,disk-lightglue-r3200-k8192,disk,lightglue,3200,8192,1632,107_0005_0115.JPG,107_0005_0142.JPG,8192,8192,17,8,0.47058823529411764,0.9765625,0.109375,0.109375,0.2034240961074829,True,ok,0.17066190000332426
D1_154_building,disk-lightglue-r3200-k8192,disk,lightglue,3200,8192,1633,107_0005_0115.JPG,107_0005_0143.JPG,8192,8192,15,9,0.6,1.0986328125,0.09375,0.109375,0.20577497780323029,True,ok,0.17781200000899844
D1_154_building,disk-lightglue-r3200-k8192,disk,lightglue,3200,8192,1634,107_0005_0116.JPG,107_0005_0117.JPG,8192,8192,3719,3637,0.9779510621134714,443.9697265625,0.75,0.640625,0.9671339988708496,False,ok,0.13799679999647196
D1_154_building,disk-lightglue-r3200-k8192,disk,lightglue,3200,8192,1635,107_0005_0116.JPG,107_0005_0118.JPG,8192,8192,2105,1979,0.9401425178147268,241.5771484375,0.671875,0.515625,0.9413684010505676,False,ok,0.1616358999890508
D1_154_building,disk-lightglue-r3200-k8192,disk,lightglue,3200,8192,1636,107_0005_0116.JPG,107_0005_0119.JPG,8192,8192,1249,1028,0.8230584467574059,125.48828125,0.546875,0.3125,0.898880124092102,False,ok,0.1627922000043327
D1_154_building,disk-lightglue-r3200-k8192,disk,lightglue,3200,8192,1637,107_0005_0116.JPG,107_0005_0120.JPG,8192,8192,696,501,0.7198275862068966,61.1572265625,0.46875,0.234375,0.8231542110443115,False,ok,0.20824969999375753
D1_154_building,disk-lightglue-r3200-k8192,disk,lightglue,3200,8192,1638,107_0005_0116.JPG,107_0005_0121.JPG,8192,8192,30,14,0.4666666666666667,1.708984375,0.09375,0.109375,0.2019946426153183,True,ok,0.1143690000026254
D1_154_building,disk-lightglue-r3200-k8192,disk,lightglue,3200,8192,1639,107_0005_0116.JPG,107_0005_0122.JPG,8192,8192,9,7,0.7777777777777778,0.8544921875,0.09375,0.109375,0.22078029811382294,True,ok,0.13509200001135468
D1_154_building,disk-lightglue-r3200-k8192,disk,lightglue,3200,8192,1640,107_0005_0116.JPG,107_0005_0123.JPG,8192,8192,11,7,0.6363636363636364,0.8544921875,0.109375,0.109375,0.17621731758117676,True,ok,0.1485436000075424
D1_154_building,disk-lightglue-r3200-k8192,disk,lightglue,3200,8192,1641,107_0005_0116.JPG,107_0005_0124.JPG,8192,8192,7,0,0.0,0.0,0.0,0.0,0.21370543539524078,True,too_few_matches,0.155020100006368
D1_154_building,disk-lightglue-r3200-k8192,disk,lightglue,3200,8192,1642,107_0005_0116.JPG,107_0005_0140.JPG,8192,8192,15,8,0.5333333333333333,0.9765625,0.125,0.109375,0.1620551198720932,True,ok,0.1415022000001045
D1_154_building,disk-lightglue-r3200-k8192,disk,lightglue,3200,8192,1643,107_0005_0116.JPG,107_0005_0141.JPG,8192,8192,14,7,0.5,0.8544921875,0.109375,0.09375,0.16063596308231354,True,ok,0.13468200000352226
D1_154_building,disk-lightglue-r3200-k8192,disk,lightglue,3200,8192,1644,107_0005_0116.JPG,107_0005_0142.JPG,8192,8192,11,7,0.6363636363636364,0.8544921875,0.078125,0.09375,0.213303342461586,True,ok,0.10848000000987668
D1_154_building,disk-lightglue-r3200-k8192,disk,lightglue,3200,8192,1645,107_0005_0116.JPG,107_0005_0143.JPG,8192,8192,25,9,0.36,1.0986328125,0.109375,0.109375,0.19196926057338715,True,ok,0.14179600001079962
D1_154_building,disk-lightglue-r3200-k8192,disk,lightglue,3200,8192,1646,107_0005_0117.JPG,107_0005_0118.JPG,8192,8192,3671,3619,0.9858349223644783,441.7724609375,0.828125,0.765625,0.973091721534729,False,ok,0.13055269999313168
D1_154_building,disk-lightglue-r3200-k8192,disk,lightglue,3200,8192,1647,107_0005_0117.JPG,107_0005_0119.JPG,8192,8192,1984,1870,0.9425403225806451,228.271484375,0.71875,0.5,0.950646162033081,False,ok,0.12676660000579432
D1_154_building,disk-lightglue-r3200-k8192,disk,lightglue,3200,8192,1648,107_0005_0117.JPG,107_0005_0120.JPG,8192,8192,1187,1001,0.8433024431339511,122.1923828125,0.59375,0.40625,0.900885820388794,False,ok,0.10016420000465587
D1_154_building,disk-lightglue-r3200-k8192,disk,lightglue,3200,8192,1649,107_0005_0117.JPG,107_0005_0121.JPG,8192,8192,764,566,0.7408376963350786,69.091796875,0.390625,0.1875,0.780544102191925,False,ok,0.18178910001006443
D1_154_building,disk-lightglue-r3200-k8192,disk,lightglue,3200,8192,1650,107_0005_0117.JPG,107_0005_0122.JPG,8192,8192,39,26,0.6666666666666666,3.173828125,0.203125,0.125,0.2472386658191681,False,ok,0.13921140000456944
D1_154_building,disk-lightglue-r3200-k8192,disk,lightglue,3200,8192,1651,107_0005_0117.JPG,107_0005_0123.JPG,8192,8192,15,8,0.5333333333333333,0.9765625,0.109375,0.09375,0.17985467612743378,True,ok,0.17117489999509417
D1_154_building,disk-lightglue-r3200-k8192,disk,lightglue,3200,8192,1652,107_0005_0117.JPG,107_0005_0124.JPG,8192,8192,792,531,0.6704545454545454,64.8193359375,0.4375,0.25,0.8512006998062134,False,ok,0.20293099999253172
D1_154_building,disk-lightglue-r3200-k8192,disk,lightglue,3200,8192,1653,107_0005_0117.JPG,107_0005_0125.JPG,8192,8192,50,34,0.68,4.150390625,0.09375,0.09375,0.3858720362186432,False,ok,0.10792169999331236
D1_154_building,disk-lightglue-r3200-k8192,disk,lightglue,3200,8192,1654,107_0005_0117.JPG,107_0005_0130.JPG,8192,8192,20,8,0.4,0.9765625,0.109375,0.125,0.20092877745628357,True,ok,0.14050329999008682
D1_154_building,disk-lightglue-r3200-k8192,disk,lightglue,3200,8192,1655,107_0005_0117.JPG,107_0005_0131.JPG,8192,8192,13,7,0.5384615384615384,0.8544921875,0.09375,0.09375,0.22455677390098572,True,ok,0.10420879999583121
D1_154_building,disk-lightglue-r3200-k8192,disk,lightglue,3200,8192,1656,107_0005_0117.JPG,107_0005_0132.JPG,8192,8192,10,7,0.7,0.8544921875,0.078125,0.109375,0.2294282466173172,True,ok,0.14580260000366252
D1_154_building,disk-lightglue-r3200-k8192,disk,lightglue,3200,8192,1657,107_0005_0117.JPG,107_0005_0142.JPG,8192,8192,18,8,0.4444444444444444,0.9765625,0.125,0.109375,0.2016633152961731,True,ok,0.10700420000648592
D1_154_building,disk-lightglue-r3200-k8192,disk,lightglue,3200,8192,1658,107_0005_0118.JPG,107_0005_0119.JPG,8192,8192,3675,3587,0.9760544217687075,437.8662109375,0.859375,0.78125,0.9621642231941223,False,ok,0.09067079999658745
D1_154_building,disk-lightglue-r3200-k8192,disk,lightglue,3200,8192,1659,107_0005_0118.JPG,107_0005_0120.JPG,8192,8192,2210,2107,0.9533936651583711,257.2021484375,0.78125,0.609375,0.9610870480537415,False,ok,0.134035800001584
D1_154_building,disk-lightglue-r3200-k8192,disk,lightglue,3200,8192,1660,107_0005_0118.JPG,107_0005_0121.JPG,8192,8192,1501,1318,0.8780812791472352,160.888671875,0.625,0.421875,0.9291914105415344,False,ok,0.10779249999905005
D1_154_building,disk-lightglue-r3200-k8192,disk,lightglue,3200,8192,1661,107_0005_0118.JPG,107_0005_0122.JPG,8192,8192,1128,821,0.7278368794326241,100.2197265625,0.515625,0.265625,0.8688433766365051,False,ok,0.14091180000104941
D1_154_building,disk-lightglue-r3200-k8192,disk,lightglue,3200,8192,1662,107_0005_0118.JPG,107_0005_0123.JPG,8192,8192,1069,775,0.724976613657624,94.6044921875,0.46875,0.265625,0.806824266910553,False,ok,0.15399069999693893
D1_154_building,disk-lightglue-r3200-k8192,disk,lightglue,3200,8192,1663,107_0005_0118.JPG,107_0005_0124.JPG,8192,8192,1281,1090,0.8508977361436377,133.056640625,0.59375,0.375,0.8790574669837952,False,ok,0.1329083000018727
D1_154_building,disk-lightglue-r3200-k8192,disk,lightglue,3200,8192,1664,107_0005_0118.JPG,107_0005_0125.JPG,8192,8192,978,732,0.7484662576687117,89.35546875,0.515625,0.40625,0.8282084465026855,False,ok,0.2349973999953363
D1_154_building,disk-lightglue-r3200-k8192,disk,lightglue,3200,8192,1665,107_0005_0118.JPG,107_0005_0126.JPG,8192,8192,23,9,0.391304347826087,1.0986328125,0.140625,0.140625,0.19896726310253143,True,ok,0.12653719999070745
D1_154_building,disk-lightglue-r3200-k8192,disk,lightglue,3200,8192,1666,107_0005_0118.JPG,107_0005_0129.JPG,8192,8192,18,8,0.4444444444444444,0.9765625,0.125,0.125,0.2220708727836609,True,ok,0.137396300007822
D1_154_building,disk-lightglue-r3200-k8192,disk,lightglue,3200,8192,1667,107_0005_0118.JPG,107_0005_0130.JPG,8192,8192,27,9,0.3333333333333333,1.0986328125,0.125,0.140625,0.20599786937236786,True,ok,0.12531979999039322
D1_154_building,disk-lightglue-r3200-k8192,disk,lightglue,3200,8192,1668,107_0005_0118.JPG,107_0005_0131.JPG,8192,8192,13,7,0.5384615384615384,0.8544921875,0.078125,0.09375,0.1812060922384262,True,ok,0.11665120000543538
D1_154_building,disk-lightglue-r3200-k8192,disk,lightglue,3200,8192,1669,107_0005_0118.JPG,107_0005_0132.JPG,8192,8192,17,8,0.47058823529411764,0.9765625,0.09375,0.125,0.16059070825576782,True,ok,0.13341410001157783
D1_154_building,disk-lightglue-r3200-k8192,disk,lightglue,3200,8192,1670,107_0005_0118.JPG,107_0005_0133.JPG,8192,8192,14,8,0.5714285714285714,0.9765625,0.09375,0.125,0.17320939898490906,True,ok,0.13921510000363924
D1_154_building,disk-lightglue-r3200-k8192,disk,lightglue,3200,8192,1671,107_0005_0119.JPG,107_0005_0120.JPG,8192,8192,3974,3911,0.9841469552088575,477.4169921875,0.875,0.859375,0.9673858880996704,False,ok,0.09233820000372361
D1_154_building,disk-lightglue-r3200-k8192,disk,lightglue,3200,8192,1672,107_0005_0119.JPG,107_0005_0121.JPG,8192,8192,2583,2491,0.9643825009678668,304.0771484375,0.71875,0.578125,0.8692436218261719,False,ok,0.07931660000758711
D1_154_building,disk-lightglue-r3200-k8192,disk,lightglue,3200,8192,1673,107_0005_0119.JPG,107_0005_0122.JPG,8192,8192,1822,1672,0.9176728869374314,204.1015625,0.671875,0.453125,0.9438705444335938,False,ok,0.1372008000034839
D1_154_building,disk-lightglue-r3200-k8192,disk,lightglue,3200,8192,1674,107_0005_0119.JPG,107_0005_0123.JPG,8192,8192,1806,1664,0.9213732004429679,203.125,0.65625,0.453125,0.944541871547699,False,ok,0.12681750000047032
D1_154_building,disk-lightglue-r3200-k8192,disk,lightglue,3200,8192,1675,107_0005_0119.JPG,107_0005_0124.JPG,8192,8192,2243,2142,0.9549710209540794,261.474609375,0.703125,0.53125,0.9503117799758911,False,ok,0.12687500000174623
D1_154_building,disk-lightglue-r3200-k8192,disk,lightglue,3200,8192,1676,107_0005_0119.JPG,107_0005_0125.JPG,8192,8192,1565,1442,0.921405750798722,176.025390625,0.53125,0.515625,0.9292715787887573,False,ok,0.19894790000398643
D1_154_building,disk-lightglue-r3200-k8192,disk,lightglue,3200,8192,1677,107_0005_0119.JPG,107_0005_0126.JPG,8192,8192,22,10,0.45454545454545453,1.220703125,0.125,0.109375,0.2098073810338974,True,ok,0.12516199999663513
D1_154_building,disk-lightglue-r3200-k8192,disk,lightglue,3200,8192,1678,107_0005_0119.JPG,107_0005_0127.JPG,8192,8192,23,9,0.391304347826087,1.0986328125,0.109375,0.109375,0.205288365483284,True,ok,0.13022490000003017
D1_154_building,disk-lightglue-r3200-k8192,disk,lightglue,3200,8192,1679,107_0005_0119.JPG,107_0005_0129.JPG,8192,8192,22,9,0.4090909090909091,1.0986328125,0.109375,0.09375,0.19390565156936646,True,ok,0.12244840001221746
D1_154_building,disk-lightglue-r3200-k8192,disk,lightglue,3200,8192,1680,107_0005_0119.JPG,107_0005_0130.JPG,8192,8192,30,9,0.3,1.0986328125,0.140625,0.125,0.19999928772449493,True,ok,0.1259460000001127
D1_154_building,disk-lightglue-r3200-k8192,disk,lightglue,3200,8192,1681,107_0005_0119.JPG,107_0005_0131.JPG,8192,8192,15,8,0.5333333333333333,0.9765625,0.109375,0.09375,0.22128216922283173,True,ok,0.1353603000025032
D1_154_building,disk-lightglue-r3200-k8192,disk,lightglue,3200,8192,1682,107_0005_0119.JPG,107_0005_0132.JPG,8192,8192,19,8,0.42105263157894735,0.9765625,0.09375,0.109375,0.1766999214887619,True,ok,0.15037119999760762
D1_154_building,disk-lightglue-r3200-k8192,disk,lightglue,3200,8192,1683,107_0005_0120.JPG,107_0005_0121.JPG,8192,8192,4256,4212,0.9896616541353384,514.16015625,0.875,0.8125,0.974021852016449,False,ok,0.0723091999971075
D1_154_building,disk-lightglue-r3200-k8192,disk,lightglue,3200,8192,1684,107_0005_0120.JPG,107_0005_0122.JPG,8192,8192,2856,2784,0.9747899159663865,339.84375,0.828125,0.59375,0.8947803378105164,False,ok,0.08520599998882972
D1_154_building,disk-lightglue-r3200-k8192,disk,lightglue,3200,8192,1685,107_0005_0120.JPG,107_0005_0123.JPG,8192,8192,2883,2813,0.9757197363857093,343.3837890625,0.828125,0.59375,0.899276852607727,False,ok,0.07381830000667833
D1_154_building,disk-lightglue-r3200-k8192,disk,lightglue,3200,8192,1686,107_0005_0120.JPG,107_0005_0124.JPG,8192,8192,3517,3442,0.978675007108331,420.166015625,0.78125,0.6875,0.927456259727478,False,ok,0.08383689999755006
D1_154_building,disk-lightglue-r3200-k8192,disk,lightglue,3200,8192,1687,107_0005_0120.JPG,107_0005_0125.JPG,8192,8192,1899,1805,0.9505002632964719,220.3369140625,0.625,0.609375,0.9626262784004211,False,ok,0.1941573999938555
D1_154_building,disk-lightglue-r3200-k8192,disk,lightglue,3200,8192,1688,107_0005_0120.JPG,107_0005_0126.JPG,8192,8192,18,8,0.4444444444444444,0.9765625,0.109375,0.109375,0.25299930572509766,True,ok,0.10395089999656193
D1_154_building,disk-lightglue-r3200-k8192,disk,lightglue,3200,8192,1689,107_0005_0120.JPG,107_0005_0127.JPG,8192,8192,20,8,0.4,0.9765625,0.109375,0.125,0.18517838418483734,True,ok,0.13593190000392497
D1_154_building,disk-lightglue-r3200-k8192,disk,lightglue,3200,8192,1690,107_0005_0120.JPG,107_0005_0128.JPG,8192,8192,19,8,0.42105263157894735,0.9765625,0.125,0.125,0.17482827603816986,True,ok,0.14736370000173338
D1_154_building,disk-lightglue-r3200-k8192,disk,lightglue,3200,8192,1691,107_0005_0120.JPG,107_0005_0130.JPG,8192,8192,14,8,0.5714285714285714,0.9765625,0.109375,0.125,0.21380813419818878,True,ok,0.15398160000040662
D1_154_building,disk-lightglue-r3200-k8192,disk,lightglue,3200,8192,1692,107_0005_0120.JPG,107_0005_0131.JPG,8192,8192,17,8,0.47058823529411764,0.9765625,0.109375,0.109375,0.1992224156856537,True,ok,0.1363474999961909
D1_154_building,disk-lightglue-r3200-k8192,disk,lightglue,3200,8192,1693,107_0005_0121.JPG,107_0005_0122.JPG,8192,8192,4351,4305,0.9894277177660308,525.5126953125,0.953125,0.859375,0.9749850034713745,False,ok,0.09189650000189431
D1_154_building,disk-lightglue-r3200-k8192,disk,lightglue,3200,8192,1694,107_0005_0121.JPG,107_0005_0123.JPG,8192,8192,4405,4361,0.990011350737798,532.3486328125,0.953125,0.84375,0.9748120307922363,False,ok,0.09051149999140762
D1_154_building,disk-lightglue-r3200-k8192,disk,lightglue,3200,8192,1695,107_0005_0121.JPG,107_0005_0124.JPG,8192,8192,4131,4103,0.9932219801500847,500.8544921875,0.8125,0.8125,0.9617615342140198,False,ok,0.0824074000120163
D1_154_building,disk-lightglue-r3200-k8192,disk,lightglue,3200,8192,1696,107_0005_0121.JPG,107_0005_0125.JPG,8192,8192,1712,1550,0.905373831775701,189.208984375,0.5625,0.625,0.9508975148200989,False,ok,0.19645289999607485
D1_154_building,disk-lightglue-r3200-k8192,disk,lightglue,3200,8192,1697,107_0005_0121.JPG,107_0005_0126.JPG,8192,8192,19,8,0.42105263157894735,0.9765625,0.09375,0.125,0.1816137433052063,True,ok,0.12933900000643916
D1_154_building,disk-lightglue-r3200-k8192,disk,lightglue,3200,8192,1698,107_0005_0121.JPG,107_0005_0127.JPG,8192,8192,19,8,0.42105263157894735,0.9765625,0.109375,0.109375,0.20930960774421692,True,ok,0.1363945000048261
D1_154_building,disk-lightglue-r3200-k8192,disk,lightglue,3200,8192,1699,107_0005_0121.JPG,107_0005_0128.JPG,8192,8192,16,8,0.5,0.9765625,0.078125,0.109375,0.21314352750778198,True,ok,0.11970670000300743
D1_154_building,disk-lightglue-r3200-k8192,disk,lightglue,3200,8192,1700,107_0005_0121.JPG,107_0005_0129.JPG,8192,8192,19,8,0.42105263157894735,0.9765625,0.125,0.109375,0.1902165710926056,True,ok,0.1292539999994915
D1_154_building,disk-lightglue-r3200-k8192,disk,lightglue,3200,8192,1701,107_0005_0122.JPG,107_0005_0123.JPG,8192,8192,5710,5697,0.997723292469352,695.4345703125,0.953125,0.953125,0.9857953786849976,False,ok,0.09485190000850707
D1_154_building,disk-lightglue-r3200-k8192,disk,lightglue,3200,8192,1702,107_0005_0122.JPG,107_0005_0124.JPG,8192,8192,3394,3332,0.9817324690630524,406.73828125,0.703125,0.84375,0.9158671498298645,False,ok,0.07695919999969192
D1_154_building,disk-lightglue-r3200-k8192,disk,lightglue,3200,8192,1703,107_0005_0122.JPG,107_0005_0125.JPG,8192,8192,1747,1206,0.6903262736119061,147.216796875,0.453125,0.640625,0.8363644480705261,False,ok,0.2484898999973666
D1_154_building,disk-lightglue-r3200-k8192,disk,lightglue,3200,8192,1704,107_0005_0122.JPG,107_0005_0126.JPG,8192,8192,22,9,0.4090909090909091,1.0986328125,0.125,0.125,0.1862490028142929,True,ok,0.1246095999958925
D1_154_building,disk-lightglue-r3200-k8192,disk,lightglue,3200,8192,1705,107_0005_0122.JPG,107_0005_0127.JPG,8192,8192,26,9,0.34615384615384615,1.0986328125,0.109375,0.140625,0.20671693980693817,True,ok,0.1340442999935476
D1_154_building,disk-lightglue-r3200-k8192,disk,lightglue,3200,8192,1706,107_0005_0122.JPG,107_0005_0128.JPG,8192,8192,18,8,0.4444444444444444,0.9765625,0.078125,0.09375,0.26125022768974304,True,ok,0.1390246999944793
D1_154_building,disk-lightglue-r3200-k8192,disk,lightglue,3200,8192,1707,107_0005_0122.JPG,107_0005_0129.JPG,8192,8192,18,8,0.4444444444444444,0.9765625,0.109375,0.125,0.21848894655704498,True,ok,0.13207089999923483
D1_154_building,disk-lightglue-r3200-k8192,disk,lightglue,3200,8192,1708,107_0005_0122.JPG,107_0005_0130.JPG,8192,8192,13,7,0.5384615384615384,0.8544921875,0.109375,0.109375,0.21124933660030365,True,ok,0.12829469999996945
D1_154_building,disk-lightglue-r3200-k8192,disk,lightglue,3200,8192,1709,107_0005_0123.JPG,107_0005_0124.JPG,8192,8192,3523,3453,0.9801305705364746,421.5087890625,0.703125,0.84375,0.9418272972106934,False,ok,0.08661719999508932
D1_154_building,disk-lightglue-r3200-k8192,disk,lightglue,3200,8192,1710,107_0005_0123.JPG,107_0005_0125.JPG,8192,8192,1556,1262,0.8110539845758354,154.052734375,0.46875,0.640625,0.901164174079895,False,ok,0.17942929999844637
D1_154_building,disk-lightglue-r3200-k8192,disk,lightglue,3200,8192,1711,107_0005_0123.JPG,107_0005_0126.JPG,8192,8192,16,8,0.5,0.9765625,0.109375,0.109375,0.21754732728004456,True,ok,0.12186949999886565
D1_154_building,disk-lightglue-r3200-k8192,disk,lightglue,3200,8192,1712,107_0005_0123.JPG,107_0005_0127.JPG,8192,8192,21,9,0.42857142857142855,1.0986328125,0.125,0.125,0.19516471028327942,True,ok,0.14450670000223909
D1_154_building,disk-lightglue-r3200-k8192,disk,lightglue,3200,8192,1713,107_0005_0123.JPG,107_0005_0128.JPG,8192,8192,20,8,0.4,0.9765625,0.109375,0.09375,0.21055717766284943,True,ok,0.13619079999625683
D1_154_building,disk-lightglue-r3200-k8192,disk,lightglue,3200,8192,1714,107_0005_0123.JPG,107_0005_0129.JPG,8192,8192,13,7,0.5384615384615384,0.8544921875,0.09375,0.09375,0.24853721261024475,True,ok,0.14839639999263454
D1_154_building,disk-lightglue-r3200-k8192,disk,lightglue,3200,8192,1715,107_0005_0123.JPG,107_0005_0130.JPG,8192,8192,18,8,0.4444444444444444,0.9765625,0.109375,0.109375,0.20516735315322876,True,ok,0.14960360000259243
D1_154_building,disk-lightglue-r3200-k8192,disk,lightglue,3200,8192,1716,107_0005_0123.JPG,107_0005_0131.JPG,8192,8192,16,8,0.5,0.9765625,0.109375,0.125,0.17810118198394775,True,ok,0.13489869999466464
D1_154_building,disk-lightglue-r3200-k8192,disk,lightglue,3200,8192,1717,107_0005_0124.JPG,107_0005_0125.JPG,8192,8192,2942,2848,0.9680489462950373,347.65625,0.71875,0.8125,0.965491533279419,False,ok,0.13546199999109376
D1_154_building,disk-lightglue-r3200-k8192,disk,lightglue,3200,8192,1718,107_0005_0124.JPG,107_0005_0126.JPG,8192,8192,94,74,0.7872340425531915,9.033203125,0.25,0.28125,0.33728986978530884,False,ok,0.13441889999376144
D1_154_building,disk-lightglue-r3200-k8192,disk,lightglue,3200,8192,1719,107_0005_0124.JPG,107_0005_0127.JPG,8192,8192,20,8,0.4,0.9765625,0.109375,0.109375,0.18131685256958008,True,ok,0.13550960000429768
D1_154_building,disk-lightglue-r3200-k8192,disk,lightglue,3200,8192,1720,107_0005_0124.JPG,107_0005_0128.JPG,8192,8192,14,8,0.5714285714285714,0.9765625,0.109375,0.125,0.2192620038986206,True,ok,0.12320839999301825
D1_154_building,disk-lightglue-r3200-k8192,disk,lightglue,3200,8192,1721,107_0005_0124.JPG,107_0005_0129.JPG,8192,8192,13,8,0.6153846153846154,0.9765625,0.125,0.125,0.20083414018154144,True,ok,0.13776610000059009
D1_154_building,disk-lightglue-r3200-k8192,disk,lightglue,3200,8192,1722,107_0005_0124.JPG,107_0005_0130.JPG,8192,8192,14,8,0.5714285714285714,0.9765625,0.09375,0.109375,0.17514406144618988,True,ok,0.1506900999956997
D1_154_building,disk-lightglue-r3200-k8192,disk,lightglue,3200,8192,1723,107_0005_0124.JPG,107_0005_0131.JPG,8192,8192,13,8,0.6153846153846154,0.9765625,0.125,0.09375,0.19836951792240143,True,ok,0.1355731000076048
D1_154_building,disk-lightglue-r3200-k8192,disk,lightglue,3200,8192,1724,107_0005_0124.JPG,107_0005_0132.JPG,8192,8192,11,7,0.6363636363636364,0.8544921875,0.109375,0.09375,0.21696609258651733,True,ok,0.13702660000126343
D1_154_building,disk-lightglue-r3200-k8192,disk,lightglue,3200,8192,1725,107_0005_0125.JPG,107_0005_0126.JPG,8192,8192,3300,3216,0.9745454545454545,392.578125,0.6875,0.828125,0.9763072729110718,False,ok,0.1521703000034904
D1_154_building,disk-lightglue-r3200-k8192,disk,lightglue,3200,8192,1726,107_0005_0125.JPG,107_0005_0127.JPG,8192,8192,48,24,0.5,2.9296875,0.203125,0.1875,0.21392647922039032,False,ok,0.12971480000123847
D1_154_building,disk-lightglue-r3200-k8192,disk,lightglue,3200,8192,1727,107_0005_0125.JPG,107_0005_0128.JPG,8192,8192,18,9,0.5,1.0986328125,0.140625,0.125,0.24332290887832642,True,ok,0.12640100000135135
D1_154_building,disk-lightglue-r3200-k8192,disk,lightglue,3200,8192,1728,107_0005_0125.JPG,107_0005_0129.JPG,8192,8192,21,9,0.42857142857142855,1.0986328125,0.140625,0.140625,0.15243856608867645,True,ok,0.11075469999923371
D1_154_building,disk-lightglue-r3200-k8192,disk,lightglue,3200,8192,1729,107_0005_0125.JPG,107_0005_0130.JPG,8192,8192,12,7,0.5833333333333334,0.8544921875,0.109375,0.109375,0.25091758370399475,True,ok,0.13078069999755826
D1_154_building,disk-lightglue-r3200-k8192,disk,lightglue,3200,8192,1730,107_0005_0125.JPG,107_0005_0131.JPG,8192,8192,18,8,0.4444444444444444,0.9765625,0.109375,0.078125,0.2517493963241577,True,ok,0.15861089999089018
D1_154_building,disk-lightglue-r3200-k8192,disk,lightglue,3200,8192,1731,107_0005_0125.JPG,107_0005_0132.JPG,8192,8192,20,8,0.4,0.9765625,0.125,0.09375,0.24912941455841064,True,ok,0.13644649999332614
D1_154_building,disk-lightglue-r3200-k8192,disk,lightglue,3200,8192,1732,107_0005_0125.JPG,107_0005_0133.JPG,8192,8192,20,8,0.4,0.9765625,0.109375,0.125,0.1870221346616745,True,ok,0.12892879999708384
D1_154_building,disk-lightglue-r3200-k8192,disk,lightglue,3200,8192,1733,107_0005_0126.JPG,107_0005_0127.JPG,8192,8192,3659,3577,0.977589505329325,436.6455078125,0.6875,0.828125,0.9758369326591492,False,ok,0.15642629998910706
D1_154_building,disk-lightglue-r3200-k8192,disk,lightglue,3200,8192,1734,107_0005_0126.JPG,107_0005_0128.JPG,8192,8192,1821,1274,0.6996155958264689,155.517578125,0.578125,0.75,0.5005877017974854,False,ok,0.35998880000261124
D1_154_building,disk-lightglue-r3200-k8192,disk,lightglue,3200,8192,1735,107_0005_0126.JPG,107_0005_0129.JPG,8192,8192,34,10,0.29411764705882354,1.220703125,0.140625,0.109375,0.24738746881484985,True,ok,0.14325759999337606
D1_154_building,disk-lightglue-r3200-k8192,disk,lightglue,3200,8192,1736,107_0005_0126.JPG,107_0005_0130.JPG,8192,8192,35,11,0.3142857142857143,1.3427734375,0.15625,0.140625,0.252610445022583,True,ok,0.1200239000027068
D1_154_building,disk-lightglue-r3200-k8192,disk,lightglue,3200,8192,1737,107_0005_0126.JPG,107_0005_0131.JPG,8192,8192,33,10,0.30303030303030304,1.220703125,0.140625,0.125,0.19591647386550903,True,ok,0.12328399998659734
D1_154_building,disk-lightglue-r3200-k8192,disk,lightglue,3200,8192,1738,107_0005_0126.JPG,107_0005_0132.JPG,8192,8192,29,10,0.3448275862068966,1.220703125,0.140625,0.140625,0.18070468306541443,True,ok,0.11302030000661034
D1_154_building,disk-lightglue-r3200-k8192,disk,lightglue,3200,8192,1739,107_0005_0126.JPG,107_0005_0133.JPG,8192,8192,25,10,0.4,1.220703125,0.140625,0.125,0.1903403103351593,True,ok,0.1251139000087278
D1_154_building,disk-lightglue-r3200-k8192,disk,lightglue,3200,8192,1740,107_0005_0126.JPG,107_0005_0134.JPG,8192,8192,18,8,0.4444444444444444,0.9765625,0.109375,0.109375,0.18528252840042114,True,ok,0.10364970000227913
D1_154_building,disk-lightglue-r3200-k8192,disk,lightglue,3200,8192,1741,107_0005_0127.JPG,107_0005_0128.JPG,8192,8192,3717,3569,0.9601829432337907,435.6689453125,0.796875,0.859375,0.9700658917427063,False,ok,0.17087729999911971
D1_154_building,disk-lightglue-r3200-k8192,disk,lightglue,3200,8192,1742,107_0005_0127.JPG,107_0005_0129.JPG,8192,8192,3302,3099,0.9385221078134464,378.2958984375,0.859375,0.765625,0.9695900678634644,False,ok,0.20861339999828488
D1_154_building,disk-lightglue-r3200-k8192,disk,lightglue,3200,8192,1743,107_0005_0127.JPG,107_0005_0130.JPG,8192,8192,2546,2260,0.8876669285153181,275.87890625,0.796875,0.59375,0.9419481158256531,False,ok,0.2069400000036694
D1_154_building,disk-lightglue-r3200-k8192,disk,lightglue,3200,8192,1744,107_0005_0127.JPG,107_0005_0131.JPG,8192,8192,2004,1401,0.6991017964071856,171.0205078125,0.71875,0.421875,0.813295304775238,False,ok,0.3129213000065647
D1_154_building,disk-lightglue-r3200-k8192,disk,lightglue,3200,8192,1745,107_0005_0127.JPG,107_0005_0132.JPG,8192,8192,56,26,0.4642857142857143,3.173828125,0.203125,0.140625,0.2643529176712036,False,ok,0.10898040000756737
D1_154_building,disk-lightglue-r3200-k8192,disk,lightglue,3200,8192,1746,107_0005_0127.JPG,107_0005_0133.JPG,8192,8192,28,9,0.32142857142857145,1.0986328125,0.125,0.140625,0.15750250220298767,True,ok,0.15197369999077637
D1_154_building,disk-lightglue-r3200-k8192,disk,lightglue,3200,8192,1747,107_0005_0127.JPG,107_0005_0134.JPG,8192,8192,25,9,0.36,1.0986328125,0.125,0.125,0.20222890377044678,True,ok,0.12573759999941103
D1_154_building,disk-lightglue-r3200-k8192,disk,lightglue,3200,8192,1748,107_0005_0127.JPG,107_0005_0135.JPG,8192,8192,22,9,0.4090909090909091,1.0986328125,0.140625,0.140625,0.2020382285118103,True,ok,0.1328592999925604
D1_154_building,disk-lightglue-r3200-k8192,disk,lightglue,3200,8192,1749,107_0005_0128.JPG,107_0005_0129.JPG,8192,8192,4014,3962,0.987045341305431,483.642578125,0.984375,0.734375,0.9660167694091797,False,ok,0.08253179999883287
D1_154_building,disk-lightglue-r3200-k8192,disk,lightglue,3200,8192,1750,107_0005_0128.JPG,107_0005_0130.JPG,8192,8192,2580,2536,0.9829457364341085,309.5703125,0.828125,0.578125,0.9621191024780273,False,ok,0.1463277000002563
D1_154_building,disk-lightglue-r3200-k8192,disk,lightglue,3200,8192,1751,107_0005_0128.JPG,107_0005_0131.JPG,8192,8192,1619,1502,0.9277331686226066,183.349609375,0.71875,0.390625,0.9005966186523438,False,ok,0.10479979999945499
D1_154_building,disk-lightglue-r3200-k8192,disk,lightglue,3200,8192,1752,107_0005_0128.JPG,107_0005_0132.JPG,8192,8192,1084,898,0.8284132841328413,109.619140625,0.5625,0.265625,0.8409565091133118,False,ok,0.15272369999729563
D1_154_building,disk-lightglue-r3200-k8192,disk,lightglue,3200,8192,1753,107_0005_0128.JPG,107_0005_0133.JPG,8192,8192,190,169,0.8894736842105263,20.6298828125,0.375,0.15625,0.4114266633987427,False,ok,0.1150842999923043
D1_154_building,disk-lightglue-r3200-k8192,disk,lightglue,3200,8192,1754,107_0005_0128.JPG,107_0005_0134.JPG,8192,8192,26,9,0.34615384615384615,1.0986328125,0.140625,0.109375,0.21957270801067352,True,ok,0.15311080000537913
D1_154_building,disk-lightglue-r3200-k8192,disk,lightglue,3200,8192,1755,107_0005_0128.JPG,107_0005_0135.JPG,8192,8192,13,8,0.6153846153846154,0.9765625,0.125,0.125,0.22792182862758636,True,ok,0.13743060000706464
D1_154_building,disk-lightglue-r3200-k8192,disk,lightglue,3200,8192,1756,107_0005_0128.JPG,107_0005_0136.JPG,8192,8192,27,9,0.3333333333333333,1.0986328125,0.078125,0.09375,0.20594392716884613,True,ok,0.1463516000076197
D1_154_building,disk-lightglue-r3200-k8192,disk,lightglue,3200,8192,1757,107_0005_0129.JPG,107_0005_0130.JPG,8192,8192,4389,4329,0.9863294600136705,528.4423828125,0.921875,0.828125,0.9717602133750916,False,ok,0.0706075000052806
D1_154_building,disk-lightglue-r3200-k8192,disk,lightglue,3200,8192,1758,107_0005_0129.JPG,107_0005_0131.JPG,8192,8192,2762,2713,0.9822592324402607,331.1767578125,0.78125,0.578125,0.9743756651878357,False,ok,0.13928990000567865
D1_154_building,disk-lightglue-r3200-k8192,disk,lightglue,3200,8192,1759,107_0005_0129.JPG,107_0005_0132.JPG,8192,8192,1718,1618,0.9417927823050058,197.509765625,0.65625,0.390625,0.9321873188018799,False,ok,0.13418059999821708
D1_154_building,disk-lightglue-r3200-k8192,disk,lightglue,3200,8192,1760,107_0005_0129.JPG,107_0005_0133.JPG,8192,8192,1071,916,0.8552754435107376,111.81640625,0.515625,0.25,0.8734530806541443,False,ok,0.11988240000209771
D1_154_building,disk-lightglue-r3200-k8192,disk,lightglue,3200,8192,1761,107_0005_0129.JPG,107_0005_0134.JPG,8192,8192,613,435,0.7096247960848288,53.1005859375,0.390625,0.140625,0.7918614149093628,False,ok,0.19734600000083447
D1_154_building,disk-lightglue-r3200-k8192,disk,lightglue,3200,8192,1762,107_0005_0129.JPG,107_0005_0135.JPG,8192,8192,24,12,0.5,1.46484375,0.140625,0.09375,0.2516714334487915,True,ok,0.10462500000721775
D1_154_building,disk-lightglue-r3200-k8192,disk,lightglue,3200,8192,1763,107_0005_0129.JPG,107_0005_0136.JPG,8192,8192,18,8,0.4444444444444444,0.9765625,0.109375,0.109375,0.18445514142513275,True,ok,0.14804929999809247
D1_154_building,disk-lightglue-r3200-k8192,disk,lightglue,3200,8192,1764,107_0005_0129.JPG,107_0005_0137.JPG,8192,8192,26,9,0.34615384615384615,1.0986328125,0.125,0.140625,0.2088204324245453,True,ok,0.11287939999601804
D1_154_building,disk-lightglue-r3200-k8192,disk,lightglue,3200,8192,1765,107_0005_0130.JPG,107_0005_0131.JPG,8192,8192,4264,4215,0.9885084427767354,514.5263671875,0.953125,0.78125,0.9743346571922302,False,ok,0.0740659000002779
D1_154_building,disk-lightglue-r3200-k8192,disk,lightglue,3200,8192,1766,107_0005_0130.JPG,107_0005_0132.JPG,8192,8192,2684,2644,0.9850968703427719,322.75390625,0.78125,0.515625,0.9810305237770081,False,ok,0.1549284000066109
D1_154_building,disk-lightglue-r3200-k8192,disk,lightglue,3200,8192,1767,107_0005_0130.JPG,107_0005_0133.JPG,8192,8192,1581,1483,0.9380139152435167,181.0302734375,0.6875,0.390625,0.9330890774726868,False,ok,0.11102540000865702
D1_154_building,disk-lightglue-r3200-k8192,disk,lightglue,3200,8192,1768,107_0005_0130.JPG,107_0005_0134.JPG,8192,8192,908,740,0.8149779735682819,90.33203125,0.5,0.234375,0.8524332046508789,False,ok,0.13060390000464395
D1_154_building,disk-lightglue-r3200-k8192,disk,lightglue,3200,8192,1769,107_0005_0130.JPG,107_0005_0135.JPG,8192,8192,561,409,0.7290552584670231,49.9267578125,0.453125,0.1875,0.7382697463035583,False,ok,0.17995379999047145
D1_154_building,disk-lightglue-r3200-k8192,disk,lightglue,3200,8192,1770,107_0005_0130.JPG,107_0005_0136.JPG,8192,8192,278,180,0.6474820143884892,21.97265625,0.34375,0.125,0.5421311259269714,False,ok,0.18673410000337753
D1_154_building,disk-lightglue-r3200-k8192,disk,lightglue,3200,8192,1771,107_0005_0130.JPG,107_0005_0137.JPG,8192,8192,121,94,0.7768595041322314,11.474609375,0.296875,0.125,0.29209378361701965,False,ok,0.1188622000045143
D1_154_building,disk-lightglue-r3200-k8192,disk,lightglue,3200,8192,1772,107_0005_0130.JPG,107_0005_0138.JPG,8192,8192,114,93,0.8157894736842105,11.3525390625,0.265625,0.109375,0.3115445375442505,False,ok,0.1403301999962423
D1_154_building,disk-lightglue-r3200-k8192,disk,lightglue,3200,8192,1773,107_0005_0131.JPG,107_0005_0132.JPG,8192,8192,4243,4206,0.9912797548904078,513.427734375,0.921875,0.78125,0.9741858839988708,False,ok,0.09216130001004785
D1_154_building,disk-lightglue-r3200-k8192,disk,lightglue,3200,8192,1774,107_0005_0131.JPG,107_0005_0133.JPG,8192,8192,2528,2496,0.9873417721518988,304.6875,0.796875,0.546875,0.9822961091995239,False,ok,0.13644380000187084
D1_154_building,disk-lightglue-r3200-k8192,disk,lightglue,3200,8192,1775,107_0005_0131.JPG,107_0005_0134.JPG,8192,8192,1403,1317,0.9387027797576621,160.7666015625,0.625,0.40625,0.9324005246162415,False,ok,0.1481025000102818
D1_154_building,disk-lightglue-r3200-k8192,disk,lightglue,3200,8192,1776,107_0005_0131.JPG,107_0005_0135.JPG,8192,8192,960,853,0.8885416666666667,104.1259765625,0.5625,0.28125,0.9096997976303101,False,ok,0.11444239999400452
D1_154_building,disk-lightglue-r3200-k8192,disk,lightglue,3200,8192,1777,107_0005_0131.JPG,107_0005_0136.JPG,8192,8192,810,649,0.8012345679012346,79.2236328125,0.515625,0.25,0.8648098707199097,False,ok,0.11695760001020972
D1_154_building,disk-lightglue-r3200-k8192,disk,lightglue,3200,8192,1778,107_0005_0131.JPG,107_0005_0137.JPG,8192,8192,679,522,0.7687776141384389,63.720703125,0.421875,0.25,0.8394794464111328,False,ok,0.15791579999495298
D1_154_building,disk-lightglue-r3200-k8192,disk,lightglue,3200,8192,1779,107_0005_0131.JPG,107_0005_0138.JPG,8192,8192,712,567,0.7963483146067416,69.2138671875,0.46875,0.234375,0.8501745462417603,False,ok,0.15440970000054222
D1_154_building,disk-lightglue-r3200-k8192,disk,lightglue,3200,8192,1780,107_0005_0131.JPG,107_0005_0139.JPG,8192,8192,1364,1213,0.8892961876832844,148.0712890625,0.640625,0.34375,0.9066084027290344,False,ok,0.09903409999969881
D1_154_building,disk-lightglue-r3200-k8192,disk,lightglue,3200,8192,1781,107_0005_0132.JPG,107_0005_0133.JPG,8192,8192,4040,3986,0.9866336633663366,486.572265625,0.921875,0.78125,0.9729340672492981,False,ok,0.08582920000480954
D1_154_building,disk-lightglue-r3200-k8192,disk,lightglue,3200,8192,1782,107_0005_0132.JPG,107_0005_0134.JPG,8192,8192,2321,2278,0.981473502800517,278.076171875,0.765625,0.578125,0.9800587296485901,False,ok,0.14567759999772534
D1_154_building,disk-lightglue-r3200-k8192,disk,lightglue,3200,8192,1783,107_0005_0132.JPG,107_0005_0135.JPG,8192,8192,1587,1528,0.962822936357908,186.5234375,0.703125,0.453125,0.9587555527687073,False,ok,0.12807409999368247
D1_154_building,disk-lightglue-r3200-k8192,disk,lightglue,3200,8192,1784,107_0005_0132.JPG,107_0005_0136.JPG,8192,8192,1346,1269,0.9427934621099554,154.9072265625,0.6875,0.375,0.9433053135871887,False,ok,0.13384969999606255
D1_154_building,disk-lightglue-r3200-k8192,disk,lightglue,3200,8192,1785,107_0005_0132.JPG,107_0005_0137.JPG,8192,8192,1160,1039,0.8956896551724138,126.8310546875,0.59375,0.359375,0.9119654297828674,False,ok,0.13599670000257902
D1_154_building,disk-lightglue-r3200-k8192,disk,lightglue,3200,8192,1786,107_0005_0132.JPG,107_0005_0138.JPG,8192,8192,1159,1055,0.910267471958585,128.7841796875,0.59375,0.359375,0.9087775349617004,False,ok,0.13870860000315588
D1_154_building,disk-lightglue-r3200-k8192,disk,lightglue,3200,8192,1787,107_0005_0132.JPG,107_0005_0139.JPG,8192,8192,2066,1986,0.9612778315585673,242.431640625,0.703125,0.484375,0.9567796587944031,False,ok,0.13708800000313204
D1_154_building,disk-lightglue-r3200-k8192,disk,lightglue,3200,8192,1788,107_0005_0132.JPG,107_0005_0140.JPG,8192,8192,3134,3101,0.9894703254626676,378.5400390625,0.734375,0.65625,0.9739668369293213,False,ok,0.13118510000640526
D1_154_building,disk-lightglue-r3200-k8192,disk,lightglue,3200,8192,1789,107_0005_0132.JPG,107_0005_0141.JPG,8192,8192,3266,3226,0.9877526025719534,393.798828125,0.625,0.6875,0.9720056056976318,False,ok,0.1367610000015702
D1_154_building,disk-lightglue-r3200-k8192,disk,lightglue,3200,8192,1790,107_0005_0133.JPG,107_0005_0134.JPG,8192,8192,3943,3905,0.9903626680192746,476.6845703125,0.90625,0.84375,0.9754048585891724,False,ok,0.09187580000434536
D1_154_building,disk-lightglue-r3200-k8192,disk,lightglue,3200,8192,1791,107_0005_0133.JPG,107_0005_0135.JPG,8192,8192,2787,2721,0.976318622174381,332.1533203125,0.8125,0.625,0.9390314221382141,False,ok,0.07976480000070296
D1_154_building,disk-lightglue-r3200-k8192,disk,lightglue,3200,8192,1792,107_0005_0133.JPG,107_0005_0136.JPG,8192,8192,2362,2280,0.9652836579170194,278.3203125,0.765625,0.609375,0.9794671535491943,False,ok,0.13824960000056308
D1_154_building,disk-lightglue-r3200-k8192,disk,lightglue,3200,8192,1793,107_0005_0133.JPG,107_0005_0137.JPG,8192,8192,1918,1841,0.9598540145985401,224.7314453125,0.6875,0.53125,0.958054780960083,False,ok,0.12364389999129344
D1_154_building,disk-lightglue-r3200-k8192,disk,lightglue,3200,8192,1794,107_0005_0133.JPG,107_0005_0138.JPG,8192,8192,1876,1776,0.9466950959488273,216.796875,0.625,0.53125,0.9446896314620972,False,ok,0.128945600008592
D1_154_building,disk-lightglue-r3200-k8192,disk,lightglue,3200,8192,1795,107_0005_0133.JPG,107_0005_0139.JPG,8192,8192,3011,2963,0.9840584523414148,361.6943359375,0.734375,0.65625,0.9719067215919495,False,ok,0.1358098000055179
D1_154_building,disk-lightglue-r3200-k8192,disk,lightglue,3200,8192,1796,107_0005_0133.JPG,107_0005_0140.JPG,8192,8192,2976,2931,0.9848790322580645,357.7880859375,0.640625,0.734375,0.9704732298851013,False,ok,0.14054819999728352
D1_154_building,disk-lightglue-r3200-k8192,disk,lightglue,3200,8192,1797,107_0005_0133.JPG,107_0005_0141.JPG,8192,8192,2185,2119,0.9697940503432494,258.6669921875,0.515625,0.65625,0.9579259157180786,False,ok,0.13412489999609534
D1_154_building,disk-lightglue-r3200-k8192,disk,lightglue,3200,8192,1798,107_0005_0134.JPG,107_0005_0135.JPG,8192,8192,4661,4627,0.9927054280197383,564.8193359375,0.953125,0.859375,0.9819108843803406,False,ok,0.0850265000044601
D1_154_building,disk-lightglue-r3200-k8192,disk,lightglue,3200,8192,1799,107_0005_0134.JPG,107_0005_0136.JPG,8192,8192,3957,3905,0.9868587313621431,476.6845703125,0.84375,0.734375,0.9676869511604309,False,ok,0.08488260000012815
D1_154_building,disk-lightglue-r3200-k8192,disk,lightglue,3200,8192,1800,107_0005_0134.JPG,107_0005_0137.JPG,8192,8192,3042,2983,0.9806048652202498,364.1357421875,0.796875,0.640625,0.9065508842468262,False,ok,0.07712819999142084
D1_154_building,disk-lightglue-r3200-k8192,disk,lightglue,3200,8192,1801,107_0005_0134.JPG,107_0005_0138.JPG,8192,8192,3003,2952,0.983016983016983,360.3515625,0.765625,0.640625,0.9746264219284058,False,ok,0.14363669999875128
D1_154_building,disk-lightglue-r3200-k8192,disk,lightglue,3200,8192,1802,107_0005_0134.JPG,107_0005_0139.JPG,8192,8192,3155,3089,0.979080824088748,377.0751953125,0.640625,0.703125,0.9065960645675659,False,ok,0.08060610000393353
D1_154_building,disk-lightglue-r3200-k8192,disk,lightglue,3200,8192,1803,107_0005_0134.JPG,107_0005_0140.JPG,8192,8192,2092,2007,0.9593690248565966,244.9951171875,0.5625,0.671875,0.9481191635131836,False,ok,0.1268590999970911
D1_154_building,disk-lightglue-r3200-k8192,disk,lightglue,3200,8192,1804,107_0005_0134.JPG,107_0005_0141.JPG,8192,8192,1389,1303,0.9380849532037437,159.0576171875,0.40625,0.578125,0.9099677205085754,False,ok,0.14601489999040496
D1_154_building,disk-lightglue-r3200-k8192,disk,lightglue,3200,8192,1805,107_0005_0134.JPG,107_0005_0142.JPG,8192,8192,857,721,0.8413068844807468,88.0126953125,0.28125,0.5,0.8590932488441467,False,ok,0.16061350000381935
D1_154_building,disk-lightglue-r3200-k8192,disk,lightglue,3200,8192,1806,107_0005_0135.JPG,107_0005_0136.JPG,8192,8192,4689,4653,0.9923224568138196,567.9931640625,0.90625,0.890625,0.9696236848831177,False,ok,0.09001970000099391
D1_154_building,disk-lightglue-r3200-k8192,disk,lightglue,3200,8192,1807,107_0005_0135.JPG,107_0005_0137.JPG,8192,8192,3499,3446,0.9848528150900258,420.654296875,0.765625,0.8125,0.8839718103408813,False,ok,0.08012240000243764
D1_154_building,disk-lightglue-r3200-k8192,disk,lightglue,3200,8192,1808,107_0005_0135.JPG,107_0005_0138.JPG,8192,8192,3327,3266,0.9816651638112414,398.681640625,0.765625,0.78125,0.858121931552887,False,ok,0.08085919999575708
D1_154_building,disk-lightglue-r3200-k8192,disk,lightglue,3200,8192,1809,107_0005_0135.JPG,107_0005_0139.JPG,8192,8192,2560,2494,0.97421875,304.443359375,0.5625,0.703125,0.9580802917480469,False,ok,0.12151439998706337
D1_154_building,disk-lightglue-r3200-k8192,disk,lightglue,3200,8192,1810,107_0005_0135.JPG,107_0005_0140.JPG,8192,8192,1546,1418,0.9172056921086675,173.095703125,0.453125,0.609375,0.9040538668632507,False,ok,0.13908410001022276
D1_154_building,disk-lightglue-r3200-k8192,disk,lightglue,3200,8192,1811,107_0005_0135.JPG,107_0005_0141.JPG,8192,8192,991,855,0.8627648839556004,104.3701171875,0.3125,0.484375,0.8844234347343445,False,ok,0.13428359999670647
D1_154_building,disk-lightglue-r3200-k8192,disk,lightglue,3200,8192,1812,107_0005_0135.JPG,107_0005_0142.JPG,8192,8192,570,428,0.7508771929824561,52.24609375,0.1875,0.375,0.79478919506073,False,ok,0.15645369999401737
D1_154_building,disk-lightglue-r3200-k8192,disk,lightglue,3200,8192,1813,107_0005_0135.JPG,107_0005_0143.JPG,8192,8192,23,10,0.43478260869565216,1.220703125,0.109375,0.125,0.18410736322402954,True,ok,0.12468000000808388
D1_154_building,disk-lightglue-r3200-k8192,disk,lightglue,3200,8192,1814,107_0005_0136.JPG,107_0005_0137.JPG,8192,8192,4793,4753,0.9916544961402045,580.2001953125,0.890625,0.890625,0.9789490103721619,False,ok,0.0928896999976132
D1_154_building,disk-lightglue-r3200-k8192,disk,lightglue,3200,8192,1815,107_0005_0136.JPG,107_0005_0138.JPG,8192,8192,4616,4570,0.9900346620450606,557.861328125,0.84375,0.84375,0.9756741523742676,False,ok,0.0896775000001071
D1_154_building,disk-lightglue-r3200-k8192,disk,lightglue,3200,8192,1816,107_0005_0136.JPG,107_0005_0139.JPG,8192,8192,3127,3081,0.9852894147745442,376.0986328125,0.59375,0.828125,0.9543602466583252,False,ok,0.08589190000202507
D1_154_building,disk-lightglue-r3200-k8192,disk,lightglue,3200,8192,1817,107_0005_0136.JPG,107_0005_0140.JPG,8192,8192,1696,1641,0.9675707547169812,200.3173828125,0.484375,0.703125,0.9656487703323364,False,ok,0.12691720000293572
D1_154_building,disk-lightglue-r3200-k8192,disk,lightglue,3200,8192,1818,107_0005_0136.JPG,107_0005_0141.JPG,8192,8192,970,876,0.9030927835051547,106.93359375,0.375,0.5,0.9030793905258179,False,ok,0.13604599999962375
D1_154_building,disk-lightglue-r3200-k8192,disk,lightglue,3200,8192,1819,107_0005_0136.JPG,107_0005_0142.JPG,8192,8192,493,399,0.8093306288032455,48.7060546875,0.203125,0.390625,0.8014382719993591,False,ok,0.17008479998912662
D1_154_building,disk-lightglue-r3200-k8192,disk,lightglue,3200,8192,1820,107_0005_0136.JPG,107_0005_0143.JPG,8192,8192,43,30,0.6976744186046512,3.662109375,0.078125,0.140625,0.26686006784439087,False,ok,0.13565689999086317
D1_154_building,disk-lightglue-r3200-k8192,disk,lightglue,3200,8192,1821,107_0005_0136.JPG,107_0005_0144.JPG,8192,8192,14,8,0.5714285714285714,0.9765625,0.09375,0.125,0.17089615762233734,True,ok,0.1390802999958396
D1_154_building,disk-lightglue-r3200-k8192,disk,lightglue,3200,8192,1822,107_0005_0137.JPG,107_0005_0138.JPG,8192,8192,5754,5737,0.9970455335418839,700.3173828125,0.9375,0.921875,0.9869611859321594,False,ok,0.09987340000225231
D1_154_building,disk-lightglue-r3200-k8192,disk,lightglue,3200,8192,1823,107_0005_0137.JPG,107_0005_0139.JPG,8192,8192,3654,3604,0.9863163656267104,439.94140625,0.6875,0.84375,0.9686962962150574,False,ok,0.08203079999657348
D1_154_building,disk-lightglue-r3200-k8192,disk,lightglue,3200,8192,1824,107_0005_0137.JPG,107_0005_0140.JPG,8192,8192,1903,1855,0.9747766684182869,226.4404296875,0.5625,0.734375,0.9731909036636353,False,ok,0.14110559999244288
D1_154_building,disk-lightglue-r3200-k8192,disk,lightglue,3200,8192,1825,107_0005_0137.JPG,107_0005_0141.JPG,8192,8192,1011,931,0.9208704253214639,113.6474609375,0.390625,0.5625,0.9210946559906006,False,ok,0.13360410000314005
D1_154_building,disk-lightglue-r3200-k8192,disk,lightglue,3200,8192,1826,107_0005_0137.JPG,107_0005_0142.JPG,8192,8192,572,460,0.8041958041958042,56.15234375,0.25,0.453125,0.824827253818512,False,ok,0.17367150000063702
D1_154_building,disk-lightglue-r3200-k8192,disk,lightglue,3200,8192,1827,107_0005_0137.JPG,107_0005_0143.JPG,8192,8192,147,122,0.8299319727891157,14.892578125,0.15625,0.28125,0.483258992433548,False,ok,0.1329359000083059
D1_154_building,disk-lightglue-r3200-k8192,disk,lightglue,3200,8192,1828,107_0005_0137.JPG,107_0005_0144.JPG,8192,8192,16,8,0.5,0.9765625,0.125,0.125,0.21992482244968414,True,ok,0.14707219999399967
D1_154_building,disk-lightglue-r3200-k8192,disk,lightglue,3200,8192,1829,107_0005_0137.JPG,107_0005_0145.JPG,8192,8192,26,10,0.38461538461538464,1.220703125,0.140625,0.140625,0.2292410433292389,True,ok,0.14270029999897815
D1_154_building,disk-lightglue-r3200-k8192,disk,lightglue,3200,8192,1830,107_0005_0137.JPG,107_0005_0153.JPG,8192,8192,1692,1605,0.9485815602836879,195.9228515625,0.421875,0.5625,0.9361112117767334,False,ok,0.10798989998875186
D1_154_building,disk-lightglue-r3200-k8192,disk,lightglue,3200,8192,1831,107_0005_0137.JPG,107_0005_0154.JPG,8192,8192,2800,2742,0.9792857142857143,334.716796875,0.625,0.65625,0.9633674025535583,False,ok,0.1414223000028869
D1_154_building,disk-lightglue-r3200-k8192,disk,lightglue,3200,8192,1832,107_0005_0138.JPG,107_0005_0139.JPG,8192,8192,3631,3577,0.985128063894244,436.6455078125,0.6875,0.859375,0.96804279088974,False,ok,0.09287969999422785
D1_154_building,disk-lightglue-r3200-k8192,disk,lightglue,3200,8192,1833,107_0005_0138.JPG,107_0005_0140.JPG,8192,8192,1924,1867,0.9703742203742204,227.9052734375,0.5625,0.734375,0.9722439646720886,False,ok,0.10981090000132099
D1_154_building,disk-lightglue-r3200-k8192,disk,lightglue,3200,8192,1834,107_0005_0138.JPG,107_0005_0141.JPG,8192,8192,1043,961,0.9213806327900288,117.3095703125,0.40625,0.546875,0.9168095588684082,False,ok,0.13714900000195485
D1_154_building,disk-lightglue-r3200-k8192,disk,lightglue,3200,8192,1835,107_0005_0138.JPG,107_0005_0142.JPG,8192,8192,616,473,0.7678571428571429,57.7392578125,0.21875,0.453125,0.8148242831230164,False,ok,0.1891450000111945
D1_154_building,disk-lightglue-r3200-k8192,disk,lightglue,3200,8192,1836,107_0005_0138.JPG,107_0005_0143.JPG,8192,8192,117,89,0.7606837606837606,10.8642578125,0.125,0.25,0.5175575017929077,False,ok,0.14180159999523312
D1_154_building,disk-lightglue-r3200-k8192,disk,lightglue,3200,8192,1837,107_0005_0138.JPG,107_0005_0144.JPG,8192,8192,16,9,0.5625,1.0986328125,0.125,0.109375,0.2603161334991455,True,ok,0.1456733999948483
D1_154_building,disk-lightglue-r3200-k8192,disk,lightglue,3200,8192,1838,107_0005_0138.JPG,107_0005_0145.JPG,8192,8192,16,8,0.5,0.9765625,0.109375,0.109375,0.2096022069454193,True,ok,0.1054180999926757
D1_154_building,disk-lightglue-r3200-k8192,disk,lightglue,3200,8192,1839,107_0005_0138.JPG,107_0005_0146.JPG,8192,8192,18,8,0.4444444444444444,0.9765625,0.109375,0.109375,0.19697366654872894,True,ok,0.13736019999487326
D1_154_building,disk-lightglue-r3200-k8192,disk,lightglue,3200,8192,1840,107_0005_0138.JPG,107_0005_0153.JPG,8192,8192,1694,1623,0.9580873671782763,198.1201171875,0.40625,0.578125,0.9415202736854553,False,ok,0.14026149999699555
D1_154_building,disk-lightglue-r3200-k8192,disk,lightglue,3200,8192,1841,107_0005_0138.JPG,107_0005_0154.JPG,8192,8192,2867,2823,0.9846529473317056,344.6044921875,0.609375,0.671875,0.9714768528938293,False,ok,0.1356690999964485
D1_154_building,disk-lightglue-r3200-k8192,disk,lightglue,3200,8192,1842,107_0005_0139.JPG,107_0005_0140.JPG,8192,8192,3686,3636,0.9864351600651112,443.84765625,0.78125,0.890625,0.9716310501098633,False,ok,0.0906810000014957
D1_154_building,disk-lightglue-r3200-k8192,disk,lightglue,3200,8192,1843,107_0005_0139.JPG,107_0005_0141.JPG,8192,8192,2115,2080,0.983451536643026,253.90625,0.53125,0.734375,0.9765304327011108,False,ok,0.13319889998820145
D1_154_building,disk-lightglue-r3200-k8192,disk,lightglue,3200,8192,1844,107_0005_0139.JPG,107_0005_0142.JPG,8192,8192,1294,1219,0.9420401854714064,148.8037109375,0.390625,0.59375,0.9309989809989929,False,ok,0.1495736999931978
D1_154_building,disk-lightglue-r3200-k8192,disk,lightglue,3200,8192,1845,107_0005_0139.JPG,107_0005_0143.JPG,8192,8192,845,718,0.8497041420118343,87.646484375,0.21875,0.46875,0.8808690309524536,False,ok,0.13029939999978524
D1_154_building,disk-lightglue-r3200-k8192,disk,lightglue,3200,8192,1846,107_0005_0139.JPG,107_0005_0144.JPG,8192,8192,578,413,0.7145328719723183,50.4150390625,0.140625,0.390625,0.7883222699165344,False,ok,0.15228619999834336
D1_154_building,disk-lightglue-r3200-k8192,disk,lightglue,3200,8192,1847,107_0005_0139.JPG,107_0005_0145.JPG,8192,8192,130,91,0.7,11.1083984375,0.09375,0.28125,0.40106552839279175,False,ok,0.12320029998954851
D1_154_building,disk-lightglue-r3200-k8192,disk,lightglue,3200,8192,1848,107_0005_0139.JPG,107_0005_0146.JPG,8192,8192,76,56,0.7368421052631579,6.8359375,0.078125,0.1875,0.3791778087615967,False,ok,0.1397663000097964
D1_154_building,disk-lightglue-r3200-k8192,disk,lightglue,3200,8192,1849,107_0005_0139.JPG,107_0005_0147.JPG,8192,8192,17,9,0.5294117647058824,1.0986328125,0.09375,0.125,0.1878701150417328,True,ok,0.13221970001177397
D1_154_building,disk-lightglue-r3200-k8192,disk,lightglue,3200,8192,1850,107_0005_0139.JPG,107_0005_0153.JPG,8192,8192,2822,2781,0.9854712969525159,339.4775390625,0.609375,0.640625,0.9691255688667297,False,ok,0.13337749999482185
D1_154_building,disk-lightglue-r3200-k8192,disk,lightglue,3200,8192,1851,107_0005_0139.JPG,107_0005_0154.JPG,8192,8192,3444,3401,0.9875145180023229,415.1611328125,0.734375,0.6875,0.9709222912788391,False,ok,0.13024589999986347
D1_154_building,disk-lightglue-r3200-k8192,disk,lightglue,3200,8192,1852,107_0005_0140.JPG,107_0005_0141.JPG,8192,8192,3878,3839,0.9899432697266632,468.6279296875,0.75,0.796875,0.9889280796051025,False,ok,0.1421416999946814
D1_154_building,disk-lightglue-r3200-k8192,disk,lightglue,3200,8192,1853,107_0005_0140.JPG,107_0005_0142.JPG,8192,8192,2487,2451,0.985524728588661,299.1943359375,0.5,0.703125,0.9778924584388733,False,ok,0.13290979999874253
D1_154_building,disk-lightglue-r3200-k8192,disk,lightglue,3200,8192,1854,107_0005_0140.JPG,107_0005_0143.JPG,8192,8192,1596,1507,0.9442355889724311,183.9599609375,0.390625,0.640625,0.9404975175857544,False,ok,0.1339332000061404
D1_154_building,disk-lightglue-r3200-k8192,disk,lightglue,3200,8192,1855,107_0005_0140.JPG,107_0005_0144.JPG,8192,8192,1103,940,0.8522212148685403,114.74609375,0.265625,0.546875,0.8829777240753174,False,ok,0.12322560000757221
D1_154_building,disk-lightglue-r3200-k8192,disk,lightglue,3200,8192,1856,107_0005_0140.JPG,107_0005_0145.JPG,8192,8192,787,602,0.7649301143583227,73.486328125,0.171875,0.515625,0.8247708082199097,False,ok,0.14321760000893846
D1_154_building,disk-lightglue-r3200-k8192,disk,lightglue,3200,8192,1857,107_0005_0140.JPG,107_0005_0146.JPG,8192,8192,704,515,0.7315340909090909,62.8662109375,0.171875,0.390625,0.7918197512626648,False,ok,0.14433859998825938
D1_154_building,disk-lightglue-r3200-k8192,disk,lightglue,3200,8192,1858,107_0005_0140.JPG,107_0005_0147.JPG,8192,8192,616,426,0.6915584415584416,52.001953125,0.140625,0.28125,0.7713941335678101,False,ok,0.1652326999901561
D1_154_building,disk-lightglue-r3200-k8192,disk,lightglue,3200,8192,1859,107_0005_0140.JPG,107_0005_0148.JPG,8192,8192,620,435,0.7016129032258065,53.1005859375,0.140625,0.328125,0.7663724422454834,False,ok,0.1610604999877978
D1_154_building,disk-lightglue-r3200-k8192,disk,lightglue,3200,8192,1860,107_0005_0140.JPG,107_0005_0153.JPG,8192,8192,3369,3316,0.9842683288809736,404.78515625,0.6875,0.65625,0.9644195437431335,False,ok,0.12909550000040326
D1_154_building,disk-lightglue-r3200-k8192,disk,lightglue,3200,8192,1861,107_0005_0140.JPG,107_0005_0154.JPG,8192,8192,2473,2373,0.959563283461383,289.6728515625,0.734375,0.5,0.9539469480514526,False,ok,0.13608889999159146
D1_154_building,disk-lightglue-r3200-k8192,disk,lightglue,3200,8192,1862,107_0005_0141.JPG,107_0005_0142.JPG,8192,8192,4406,4378,0.9936450295052202,534.423828125,0.703125,0.84375,0.9843801259994507,False,ok,0.13209139999526087
D1_154_building,disk-lightglue-r3200-k8192,disk,lightglue,3200,8192,1863,107_0005_0141.JPG,107_0005_0143.JPG,8192,8192,2971,2924,0.9841804106361495,356.93359375,0.5,0.734375,0.9766044020652771,False,ok,0.13097100000595674
D1_154_building,disk-lightglue-r3200-k8192,disk,lightglue,3200,8192,1864,107_0005_0141.JPG,107_0005_0144.JPG,8192,8192,1980,1877,0.947979797979798,229.1259765625,0.390625,0.65625,0.9520260095596313,False,ok,0.1376005000056466
D1_154_building,disk-lightglue-r3200-k8192,disk,lightglue,3200,8192,1865,107_0005_0141.JPG,107_0005_0145.JPG,8192,8192,1409,1259,0.893541518807665,153.6865234375,0.296875,0.640625,0.8826459646224976,False,ok,0.1345292000041809
D1_154_building,disk-lightglue-r3200-k8192,disk,lightglue,3200,8192,1866,107_0005_0141.JPG,107_0005_0146.JPG,8192,8192,1318,1154,0.8755690440060698,140.869140625,0.25,0.515625,0.888889729976654,False,ok,0.12071059999288991
D1_154_building,disk-lightglue-r3200-k8192,disk,lightglue,3200,8192,1867,107_0005_0141.JPG,107_0005_0147.JPG,8192,8192,1142,973,0.852014010507881,118.7744140625,0.21875,0.4375,0.8811249136924744,False,ok,0.12783769999805372
D1_154_building,disk-lightglue-r3200-k8192,disk,lightglue,3200,8192,1868,107_0005_0141.JPG,107_0005_0148.JPG,8192,8192,1125,948,0.8426666666666667,115.72265625,0.21875,0.4375,0.8680561780929565,False,ok,0.1342136000021128
D1_154_building,disk-lightglue-r3200-k8192,disk,lightglue,3200,8192,1869,107_0005_0141.JPG,107_0005_0149.JPG,8192,8192,1643,1526,0.9287888009738283,186.279296875,0.28125,0.515625,0.9112931489944458,False,ok,0.14934309999807738
D1_154_building,disk-lightglue-r3200-k8192,disk,lightglue,3200,8192,1870,107_0005_0142.JPG,107_0005_0143.JPG,8192,8192,4497,4468,0.993551256393151,545.41015625,0.71875,0.90625,0.983068585395813,False,ok,0.12611110000580084
D1_154_building,disk-lightglue-r3200-k8192,disk,lightglue,3200,8192,1871,107_0005_0142.JPG,107_0005_0144.JPG,8192,8192,3146,3094,0.9834710743801653,377.685546875,0.515625,0.78125,0.9804720282554626,False,ok,0.13826229999540374
D1_154_building,disk-lightglue-r3200-k8192,disk,lightglue,3200,8192,1872,107_0005_0142.JPG,107_0005_0145.JPG,8192,8192,2252,2168,0.9626998223801065,264.6484375,0.40625,0.765625,0.9563974738121033,False,ok,0.13265600000158884
D1_154_building,disk-lightglue-r3200-k8192,disk,lightglue,3200,8192,1873,107_0005_0142.JPG,107_0005_0146.JPG,8192,8192,2003,1930,0.963554667998003,235.595703125,0.359375,0.640625,0.9407896995544434,False,ok,0.13458129999344237
D1_154_building,disk-lightglue-r3200-k8192,disk,lightglue,3200,8192,1874,107_0005_0142.JPG,107_0005_0147.JPG,8192,8192,1726,1615,0.9356894553881807,197.1435546875,0.3125,0.5,0.9049607515335083,False,ok,0.1260340000008
D1_154_building,disk-lightglue-r3200-k8192,disk,lightglue,3200,8192,1875,107_0005_0142.JPG,107_0005_0148.JPG,8192,8192,1738,1608,0.9252013808975834,196.2890625,0.3125,0.5,0.9267193078994751,False,ok,0.13898920000065118
D1_154_building,disk-lightglue-r3200-k8192,disk,lightglue,3200,8192,1876,107_0005_0142.JPG,107_0005_0149.JPG,8192,8192,2462,2397,0.9735987002437043,292.6025390625,0.46875,0.5625,0.9497814178466797,False,ok,0.1267595999961486
D1_154_building,disk-lightglue-r3200-k8192,disk,lightglue,3200,8192,1877,107_0005_0142.JPG,107_0005_0150.JPG,8192,8192,3193,3147,0.9855934857500783,384.1552734375,0.578125,0.65625,0.9657399654388428,False,ok,0.15032820000487845
D1_154_building,disk-lightglue-r3200-k8192,disk,lightglue,3200,8192,1878,107_0005_0143.JPG,107_0005_0144.JPG,8192,8192,4559,4537,0.9951743803465672,553.8330078125,0.765625,0.921875,0.9865185618400574,False,ok,0.10107019999122713
D1_154_building,disk-lightglue-r3200-k8192,disk,lightglue,3200,8192,1879,107_0005_0143.JPG,107_0005_0145.JPG,8192,8192,3354,3326,0.9916517590936196,406.005859375,0.609375,0.78125,0.9859493374824524,False,ok,0.12608309999632183
D1_154_building,disk-lightglue-r3200-k8192,disk,lightglue,3200,8192,1880,107_0005_0143.JPG,107_0005_0146.JPG,8192,8192,2914,2893,0.9927934111187371,353.1494140625,0.546875,0.71875,0.9785497784614563,False,ok,0.1427955999970436
D1_154_building,disk-lightglue-r3200-k8192,disk,lightglue,3200,8192,1881,107_0005_0143.JPG,107_0005_0147.JPG,8192,8192,2490,2441,0.9803212851405623,297.9736328125,0.46875,0.59375,0.9528124332427979,False,ok,0.12690319999819621
D1_154_building,disk-lightglue-r3200-k8192,disk,lightglue,3200,8192,1882,107_0005_0143.JPG,107_0005_0148.JPG,8192,8192,2442,2391,0.9791154791154791,291.8701171875,0.46875,0.578125,0.9491009712219238,False,ok,0.12793829999282025
D1_154_building,disk-lightglue-r3200-k8192,disk,lightglue,3200,8192,1883,107_0005_0143.JPG,107_0005_0149.JPG,8192,8192,3328,3282,0.9861778846153846,400.634765625,0.625,0.640625,0.9657390117645264,False,ok,0.14973489999829326
D1_154_building,disk-lightglue-r3200-k8192,disk,lightglue,3200,8192,1884,107_0005_0143.JPG,107_0005_0150.JPG,8192,8192,3698,3642,0.9848566792861005,444.580078125,0.671875,0.609375,0.9663688540458679,False,ok,0.14501609999570064
D1_154_building,disk-lightglue-r3200-k8192,disk,lightglue,3200,8192,1885,107_0005_0143.JPG,107_0005_0151.JPG,8192,8192,3201,3120,0.9746954076850984,380.859375,0.609375,0.421875,0.9623053073883057,False,ok,0.12958110000181478
D1_154_building,disk-lightglue-r3200-k8192,disk,lightglue,3200,8192,1886,107_0005_0144.JPG,107_0005_0145.JPG,8192,8192,4893,4883,0.9979562640506846,596.0693359375,0.75,0.921875,0.9886746406555176,False,ok,0.12360429999534972
D1_154_building,disk-lightglue-r3200-k8192,disk,lightglue,3200,8192,1887,107_0005_0144.JPG,107_0005_0146.JPG,8192,8192,4192,4177,0.9964217557251909,509.8876953125,0.671875,0.828125,0.9831911325454712,False,ok,0.12733299999672454
D1_154_building,disk-lightglue-r3200-k8192,disk,lightglue,3200,8192,1888,107_0005_0144.JPG,107_0005_0147.JPG,8192,8192,3459,3424,0.9898814686325528,417.96875,0.609375,0.671875,0.9684326648712158,False,ok,0.1538291000033496
D1_154_building,disk-lightglue-r3200-k8192,disk,lightglue,3200,8192,1889,107_0005_0144.JPG,107_0005_0148.JPG,8192,8192,3376,3326,0.9851895734597157,406.005859375,0.609375,0.65625,0.9613481163978577,False,ok,0.1357962000038242
D1_154_building,disk-lightglue-r3200-k8192,disk,lightglue,3200,8192,1890,107_0005_0144.JPG,107_0005_0149.JPG,8192,8192,3802,3766,0.9905312993161494,459.716796875,0.6875,0.609375,0.9679153561592102,False,ok,0.1309274999948684
D1_154_building,disk-lightglue-r3200-k8192,disk,lightglue,3200,8192,1891,107_0005_0144.JPG,107_0005_0150.JPG,8192,8192,3265,3176,0.9727411944869832,387.6953125,0.703125,0.484375,0.9538912773132324,False,ok,0.12499500000558328
D1_154_building,disk-lightglue-r3200-k8192,disk,lightglue,3200,8192,1892,107_0005_0144.JPG,107_0005_0151.JPG,8192,8192,2605,2395,0.9193857965451055,292.3583984375,0.609375,0.375,0.9303924441337585,False,ok,0.15017609999631532
D1_154_building,disk-lightglue-r3200-k8192,disk,lightglue,3200,8192,1893,107_0005_0144.JPG,107_0005_0152.JPG,8192,8192,1792,1515,0.8454241071428571,184.9365234375,0.546875,0.28125,0.9042567014694214,False,ok,0.10603759999503382
D1_154_building,disk-lightglue-r3200-k8192,disk,lightglue,3200,8192,1894,107_0005_0145.JPG,107_0005_0146.JPG,8192,8192,4984,4970,0.9971910112359551,606.689453125,0.8125,0.796875,0.9845300912857056,False,ok,0.13079380000999663
D1_154_building,disk-lightglue-r3200-k8192,disk,lightglue,3200,8192,1895,107_0005_0145.JPG,107_0005_0147.JPG,8192,8192,4027,3977,0.9875838092873106,485.4736328125,0.75,0.65625,0.9686079025268555,False,ok,0.12031289999140427
D1_154_building,disk-lightglue-r3200-k8192,disk,lightglue,3200,8192,1896,107_0005_0145.JPG,107_0005_0148.JPG,8192,8192,3853,3801,0.986504022839346,463.9892578125,0.734375,0.640625,0.9667510390281677,False,ok,0.1312434999999823
D1_154_building,disk-lightglue-r3200-k8192,disk,lightglue,3200,8192,1897,107_0005_0145.JPG,107_0005_0149.JPG,8192,8192,3328,3277,0.9846754807692307,400.0244140625,0.75,0.515625,0.965522050857544,False,ok,0.1555750999978045
D1_154_building,disk-lightglue-r3200-k8192,disk,lightglue,3200,8192,1898,107_0005_0145.JPG,107_0005_0150.JPG,8192,8192,2659,2502,0.9409552463332079,305.419921875,0.671875,0.390625,0.9367238879203796,False,ok,0.11141389999829698
D1_154_building,disk-lightglue-r3200-k8192,disk,lightglue,3200,8192,1899,107_0005_0145.JPG,107_0005_0151.JPG,8192,8192,2018,1822,0.9028741328047571,222.412109375,0.5625,0.296875,0.9288390278816223,False,ok,0.13589479999791365
D1_154_building,disk-lightglue-r3200-k8192,disk,lightglue,3200,8192,1900,107_0005_0145.JPG,107_0005_0152.JPG,8192,8192,1394,1106,0.793400286944046,135.009765625,0.484375,0.234375,0.8951389789581299,False,ok,0.1476369000010891
D1_154_building,disk-lightglue-r3200-k8192,disk,lightglue,3200,8192,1901,107_0005_0145.JPG,107_0005_0153.JPG,8192,8192,865,543,0.6277456647398844,66.2841796875,0.453125,0.15625,0.7942244410514832,False,ok,0.17324670001107734
D1_154_building,disk-lightglue-r3200-k8192,disk,lightglue,3200,8192,1902,107_0005_0146.JPG,107_0005_0147.JPG,8192,8192,5142,5131,0.9978607545702062,626.3427734375,0.859375,0.765625,0.9822163581848145,False,ok,0.1347288000106346
D1_154_building,disk-lightglue-r3200-k8192,disk,lightglue,3200,8192,1903,107_0005_0146.JPG,107_0005_0148.JPG,8192,8192,4928,4912,0.9967532467532467,599.609375,0.84375,0.734375,0.9830530285835266,False,ok,0.13140300000668503
D1_154_building,disk-lightglue-r3200-k8192,disk,lightglue,3200,8192,1904,107_0005_0146.JPG,107_0005_0149.JPG,8192,8192,3873,3814,0.9847663310095534,465.576171875,0.828125,0.546875,0.9836291670799255,False,ok,0.13274509999610018
D1_154_building,disk-lightglue-r3200-k8192,disk,lightglue,3200,8192,1905,107_0005_0146.JPG,107_0005_0150.JPG,8192,8192,2936,2797,0.9526566757493188,341.4306640625,0.703125,0.40625,0.96542888879776,False,ok,0.12247230000502896
D1_154_building,disk-lightglue-r3200-k8192,disk,lightglue,3200,8192,1906,107_0005_0146.JPG,107_0005_0151.JPG,8192,8192,2129,1923,0.9032409581963363,234.7412109375,0.59375,0.3125,0.9270293116569519,False,ok,0.14013929999782704
D1_154_building,disk-lightglue-r3200-k8192,disk,lightglue,3200,8192,1907,107_0005_0146.JPG,107_0005_0152.JPG,8192,8192,1365,1126,0.8249084249084249,137.451171875,0.5,0.234375,0.8955480456352234,False,ok,0.17897660000016913
D1_154_building,disk-lightglue-r3200-k8192,disk,lightglue,3200,8192,1908,107_0005_0146.JPG,107_0005_0153.JPG,8192,8192,754,525,0.6962864721485411,64.0869140625,0.359375,0.15625,0.7916656136512756,False,ok,0.14802310000231955
D1_154_building,disk-lightglue-r3200-k8192,disk,lightglue,3200,8192,1909,107_0005_0146.JPG,107_0005_0154.JPG,8192,8192,20,8,0.4,0.9765625,0.109375,0.109375,0.19859646260738373,True,ok,0.11713939999754075
D1_154_building,disk-lightglue-r3200-k8192,disk,lightglue,3200,8192,1910,107_0005_0147.JPG,107_0005_0148.JPG,8192,8192,5970,5959,0.9981574539363484,727.4169921875,0.875,0.859375,0.9795721769332886,False,ok,0.12402109999675304
D1_154_building,disk-lightglue-r3200-k8192,disk,lightglue,3200,8192,1911,107_0005_0147.JPG,107_0005_0149.JPG,8192,8192,4183,4148,0.9916327994262492,506.34765625,0.78125,0.5625,0.9845036268234253,False,ok,0.13959109999996144
D1_154_building,disk-lightglue-r3200-k8192,disk,lightglue,3200,8192,1912,107_0005_0147.JPG,107_0005_0150.JPG,8192,8192,2953,2897,0.9810362343379614,353.6376953125,0.609375,0.4375,0.9740647673606873,False,ok,0.1330409999936819
D1_154_building,disk-lightglue-r3200-k8192,disk,lightglue,3200,8192,1913,107_0005_0147.JPG,107_0005_0151.JPG,8192,8192,1997,1866,0.9344016024036054,227.783203125,0.484375,0.328125,0.9234370589256287,False,ok,0.13346139999339357
D1_154_building,disk-lightglue-r3200-k8192,disk,lightglue,3200,8192,1914,107_0005_0147.JPG,107_0005_0152.JPG,8192,8192,1239,1043,0.8418079096045198,127.3193359375,0.375,0.234375,0.8878078460693359,False,ok,0.12825869998778217
D1_154_building,disk-lightglue-r3200-k8192,disk,lightglue,3200,8192,1915,107_0005_0147.JPG,107_0005_0153.JPG,8192,8192,680,458,0.6735294117647059,55.908203125,0.296875,0.125,0.7728639245033264,False,ok,0.15431329999410082
D1_154_building,disk-lightglue-r3200-k8192,disk,lightglue,3200,8192,1916,107_0005_0147.JPG,107_0005_0154.JPG,8192,8192,20,8,0.4,0.9765625,0.125,0.09375,0.22324033081531525,True,ok,0.12897879999945872
D1_154_building,disk-lightglue-r3200-k8192,disk,lightglue,3200,8192,1917,107_0005_0148.JPG,107_0005_0149.JPG,8192,8192,4148,4120,0.9932497589199615,502.9296875,0.765625,0.5625,0.9839368462562561,False,ok,0.1268506000051275
D1_154_building,disk-lightglue-r3200-k8192,disk,lightglue,3200,8192,1918,107_0005_0148.JPG,107_0005_0150.JPG,8192,8192,2898,2835,0.9782608695652174,346.0693359375,0.546875,0.40625,0.9711080193519592,False,ok,0.12369429999671411
D1_154_building,disk-lightglue-r3200-k8192,disk,lightglue,3200,8192,1919,107_0005_0148.JPG,107_0005_0151.JPG,8192,8192,1956,1826,0.9335378323108384,222.900390625,0.453125,0.3125,0.9289106726646423,False,ok,0.1369916999974521
D1_154_building,disk-lightglue-r3200-k8192,disk,lightglue,3200,8192,1920,107_0005_0148.JPG,107_0005_0152.JPG,8192,8192,1203,1008,0.8379052369077307,123.046875,0.375,0.21875,0.8906824588775635,False,ok,0.14830580000125337
D1_154_building,disk-lightglue-r3200-k8192,disk,lightglue,3200,8192,1921,107_0005_0148.JPG,107_0005_0153.JPG,8192,8192,676,454,0.6715976331360947,55.419921875,0.28125,0.125,0.7808806896209717,False,ok,0.16855480000958778
D1_154_building,disk-lightglue-r3200-k8192,disk,lightglue,3200,8192,1922,107_0005_0148.JPG,107_0005_0154.JPG,8192,8192,18,8,0.4444444444444444,0.9765625,0.078125,0.109375,0.18357987701892853,True,ok,0.10367690000566654
D1_154_building,disk-lightglue-r3200-k8192,disk,lightglue,3200,8192,1923,107_0005_0149.JPG,107_0005_0150.JPG,8192,8192,4535,4495,0.9911797133406836,548.7060546875,0.84375,0.71875,0.9788123369216919,False,ok,0.14301509999495465
D1_154_building,disk-lightglue-r3200-k8192,disk,lightglue,3200,8192,1924,107_0005_0149.JPG,107_0005_0151.JPG,8192,8192,3140,3083,0.9818471337579617,376.3427734375,0.6875,0.53125,0.9692906737327576,False,ok,0.13074609999603126
D1_154_building,disk-lightglue-r3200-k8192,disk,lightglue,3200,8192,1925,107_0005_0149.JPG,107_0005_0152.JPG,8192,8192,1879,1770,0.9419904204364024,216.064453125,0.5625,0.359375,0.9380084276199341,False,ok,0.12531980000494514
D1_154_building,disk-lightglue-r3200-k8192,disk,lightglue,3200,8192,1926,107_0005_0149.JPG,107_0005_0153.JPG,8192,8192,982,834,0.8492871690427699,101.806640625,0.453125,0.234375,0.8692746162414551,False,ok,0.16335859999526292
D1_154_building,disk-lightglue-r3200-k8192,disk,lightglue,3200,8192,1927,107_0005_0149.JPG,107_0005_0154.JPG,8192,8192,462,299,0.6471861471861472,36.4990234375,0.25,0.109375,0.7140430808067322,False,ok,0.13493440000456758
D1_154_building,disk-lightglue-r3200-k8192,disk,lightglue,3200,8192,1928,107_0005_0150.JPG,107_0005_0151.JPG,8192,8192,4483,4449,0.9924157929957618,543.0908203125,0.875,0.765625,0.9799583554267883,False,ok,0.13160169999173377
D1_154_building,disk-lightglue-r3200-k8192,disk,lightglue,3200,8192,1929,107_0005_0150.JPG,107_0005_0152.JPG,8192,8192,2747,2689,0.9788860575172916,328.2470703125,0.71875,0.53125,0.9725974798202515,False,ok,0.11715980000735726
D1_154_building,disk-lightglue-r3200-k8192,disk,lightglue,3200,8192,1930,107_0005_0150.JPG,107_0005_0153.JPG,8192,8192,1480,1391,0.9398648648648649,169.7998046875,0.578125,0.359375,0.9296994805335999,False,ok,0.12280119999195449
D1_154_building,disk-lightglue-r3200-k8192,disk,lightglue,3200,8192,1931,107_0005_0150.JPG,107_0005_0154.JPG,8192,8192,708,577,0.8149717514124294,70.4345703125,0.34375,0.171875,0.850874662399292,False,ok,0.1570757000008598
D1_154_building,disk-lightglue-r3200-k8192,disk,lightglue,3200,8192,1932,107_0005_0151.JPG,107_0005_0152.JPG,8192,8192,4086,4056,0.9926578560939795,495.1171875,0.890625,0.703125,0.9842917323112488,False,ok,0.11075690000143368
D1_154_building,disk-lightglue-r3200-k8192,disk,lightglue,3200,8192,1933,107_0005_0151.JPG,107_0005_0153.JPG,8192,8192,2200,2158,0.980909090909091,263.427734375,0.75,0.515625,0.9727872014045715,False,ok,0.13287250000576023
D1_154_building,disk-lightglue-r3200-k8192,disk,lightglue,3200,8192,1934,107_0005_0151.JPG,107_0005_0154.JPG,8192,8192,1052,981,0.9325095057034221,119.7509765625,0.546875,0.359375,0.9181439876556396,False,ok,0.12696299998788163
D1_154_building,disk-lightglue-r3200-k8192,disk,lightglue,3200,8192,1935,107_0005_0152.JPG,107_0005_0153.JPG,8192,8192,3786,3749,0.9902271526677232,457.6416015625,0.84375,0.71875,0.987213134765625,False,ok,0.14457050000783056
D1_154_building,disk-lightglue-r3200-k8192,disk,lightglue,3200,8192,1936,107_0005_0152.JPG,107_0005_0154.JPG,8192,8192,2013,1969,0.9781420765027322,240.3564453125,0.640625,0.5,0.9740942716598511,False,ok,0.1446702999965055
D1_154_building,disk-lightglue-r3200-k8192,disk,lightglue,3200,8192,1937,107_0005_0153.JPG,107_0005_0154.JPG,8192,8192,3810,3794,0.9958005249343832,463.134765625,0.78125,0.734375,0.9894256591796875,False,ok,0.13487560000794474
