dataset,config,front_end,matcher,working_resolution,keypoint_budget,pair_index,image1,image2,keypoints_image1,keypoints_image2,raw_matches,verified_inliers,inlier_ratio,inliers_per_1000_keypoints,coverage_image1,coverage_image2,mean_match_score,failed_pair,verification_status,seconds
D1_154_building,rootsift-nn_ratio-r2048-k8192,rootsift,nn_ratio,2048,8192,1,107_0005_0001.JPG,107_0005_0002.JPG,6404,6337,3700,3635,0.9824324324324324,573.6152753668929,0.875,0.921875,0.9912720322608948,False,ok,0.478883500007214
D1_154_building,rootsift-nn_ratio-r2048-k8192,rootsift,nn_ratio,2048,8192,2,107_0005_0001.JPG,107_0005_0003.JPG,6404,6370,2163,2093,0.9676375404530745,328.57142857142856,0.703125,0.6875,0.9838406443595886,False,ok,0.12117249998846091
D1_154_building,rootsift-nn_ratio-r2048-k8192,rootsift,nn_ratio,2048,8192,3,107_0005_0001.JPG,107_0005_0004.JPG,6404,6297,1146,1055,0.9205933682373473,167.54009845958393,0.4375,0.40625,0.9777621030807495,False,ok,0.016166899993550032
D1_154_building,rootsift-nn_ratio-r2048-k8192,rootsift,nn_ratio,2048,8192,4,107_0005_0001.JPG,107_0005_0005.JPG,6404,6318,558,493,0.8835125448028673,78.03102247546693,0.328125,0.265625,0.9730132818222046,False,ok,0.07416759998886846
D1_154_building,rootsift-nn_ratio-r2048-k8192,rootsift,nn_ratio,2048,8192,5,107_0005_0001.JPG,107_0005_0006.JPG,6404,6370,216,176,0.8148148148148148,27.629513343799058,0.15625,0.15625,0.965566873550415,False,ok,0.10181880000163801
D1_154_building,rootsift-nn_ratio-r2048-k8192,rootsift,nn_ratio,2048,8192,6,107_0005_0001.JPG,107_0005_0007.JPG,6404,6375,43,9,0.20930232558139536,1.411764705882353,0.140625,0.125,0.9397902488708496,True,ok,0.12113189999945462
D1_154_building,rootsift-nn_ratio-r2048-k8192,rootsift,nn_ratio,2048,8192,7,107_0005_0001.JPG,107_0005_0008.JPG,6404,6309,33,9,0.2727272727272727,1.4265335235378032,0.09375,0.125,0.9389513731002808,True,ok,0.017326799978036433
D1_154_building,rootsift-nn_ratio-r2048-k8192,rootsift,nn_ratio,2048,8192,8,107_0005_0001.JPG,107_0005_0009.JPG,6404,6305,42,8,0.19047619047619047,1.26883425852498,0.125,0.125,0.9480684995651245,True,ok,0.11454469998716377
D1_154_building,rootsift-nn_ratio-r2048-k8192,rootsift,nn_ratio,2048,8192,9,107_0005_0001.JPG,107_0005_0053.JPG,6404,6119,607,570,0.9390444810543658,93.15247589475405,0.3125,0.328125,0.9718154072761536,False,ok,0.1213082000031136
D1_154_building,rootsift-nn_ratio-r2048-k8192,rootsift,nn_ratio,2048,8192,10,107_0005_0001.JPG,107_0005_0054.JPG,6404,6237,873,814,0.9324169530355098,130.5114638447972,0.453125,0.453125,0.974011242389679,False,ok,0.10098069999366999
D1_154_building,rootsift-nn_ratio-r2048-k8192,rootsift,nn_ratio,2048,8192,11,107_0005_0001.JPG,107_0005_0055.JPG,6404,6276,1103,1042,0.9446962828649139,166.02931803696623,0.625,0.5,0.9732425808906555,False,ok,0.018458600010490045
D1_154_building,rootsift-nn_ratio-r2048-k8192,rootsift,nn_ratio,2048,8192,12,107_0005_0001.JPG,107_0005_0056.JPG,6404,6358,909,827,0.9097909790979097,130.0723497955332,0.671875,0.515625,0.9689316749572754,False,ok,0.06853489999775775
D1_154_building,rootsift-nn_ratio-r2048-k8192,rootsift,nn_ratio,2048,8192,13,107_0005_0001.JPG,107_0005_0066.JPG,6404,6422,123,66,0.5365853658536586,10.306058713304186,0.078125,0.09375,0.9583441615104675,False,ok,0.12155179999535903
D1_154_building,rootsift-nn_ratio-r2048-k8192,rootsift,nn_ratio,2048,8192,14,107_0005_0001.JPG,107_0005_0067.JPG,6404,6311,576,503,0.8732638888888888,79.70210743146886,0.21875,0.265625,0.9744227528572083,False,ok,0.12108470001840033
D1_154_building,rootsift-nn_ratio-r2048-k8192,rootsift,nn_ratio,2048,8192,15,107_0005_0001.JPG,107_0005_0068.JPG,6404,6337,1092,1006,0.9212454212454212,158.75019725422123,0.375,0.421875,0.9787376523017883,False,ok,0.01701619999948889
D1_154_building,rootsift-nn_ratio-r2048-k8192,rootsift,nn_ratio,2048,8192,16,107_0005_0001.JPG,107_0005_0069.JPG,6404,6366,1205,1105,0.91701244813278,173.57838517122212,0.5625,0.5,0.9746739268302917,False,ok,0.07915700000012293
D1_154_building,rootsift-nn_ratio-r2048-k8192,rootsift,nn_ratio,2048,8192,17,107_0005_0001.JPG,107_0005_0070.JPG,6404,6325,1014,904,0.8915187376725838,142.92490118577075,0.671875,0.5625,0.9700415134429932,False,ok,0.10113179998006672
D1_154_building,rootsift-nn_ratio-r2048-k8192,rootsift,nn_ratio,2048,8192,18,107_0005_0001.JPG,107_0005_0071.JPG,6404,6399,846,749,0.8853427895981087,117.04953899046725,0.71875,0.65625,0.9675953388214111,False,ok,0.12121129999286495
D1_154_building,rootsift-nn_ratio-r2048-k8192,rootsift,nn_ratio,2048,8192,19,107_0005_0002.JPG,107_0005_0003.JPG,6337,6370,2238,2151,0.9611260053619303,339.43506391036766,0.78125,0.765625,0.9843957424163818,False,ok,0.09101950001786463
D1_154_building,rootsift-nn_ratio-r2048-k8192,rootsift,nn_ratio,2048,8192,20,107_0005_0002.JPG,107_0005_0004.JPG,6337,6297,1212,1121,0.9249174917491749,178.02127997459107,0.53125,0.5,0.9779732823371887,False,ok,0.015644700004486367
D1_154_building,rootsift-nn_ratio-r2048-k8192,rootsift,nn_ratio,2048,8192,21,107_0005_0002.JPG,107_0005_0005.JPG,6337,6318,615,553,0.8991869918699187,87.52769863880975,0.359375,0.28125,0.9738166332244873,False,ok,0.023253199993632734
D1_154_building,rootsift-nn_ratio-r2048-k8192,rootsift,nn_ratio,2048,8192,22,107_0005_0002.JPG,107_0005_0006.JPG,6337,6370,244,203,0.8319672131147541,32.03408552943033,0.171875,0.15625,0.9660347104072571,False,ok,0.12130060000345111
D1_154_building,rootsift-nn_ratio-r2048-k8192,rootsift,nn_ratio,2048,8192,23,107_0005_0002.JPG,107_0005_0007.JPG,6337,6375,45,9,0.2,1.4202303929304088,0.125,0.109375,0.9415518641471863,True,ok,0.0858791999926325
D1_154_building,rootsift-nn_ratio-r2048-k8192,rootsift,nn_ratio,2048,8192,24,107_0005_0002.JPG,107_0005_0008.JPG,6337,6309,32,9,0.28125,1.4265335235378032,0.109375,0.109375,0.943283200263977,True,ok,0.01897510001435876
D1_154_building,rootsift-nn_ratio-r2048-k8192,rootsift,nn_ratio,2048,8192,25,107_0005_0002.JPG,107_0005_0009.JPG,6337,6305,41,9,0.21951219512195122,1.4274385408406027,0.125,0.109375,0.9446870684623718,True,ok,0.12144389998866245
D1_154_building,rootsift-nn_ratio-r2048-k8192,rootsift,nn_ratio,2048,8192,26,107_0005_0002.JPG,107_0005_0010.JPG,6337,6277,29,8,0.27586206896551724,1.2744941851202805,0.125,0.109375,0.9361063241958618,True,ok,0.10091880001709796
D1_154_building,rootsift-nn_ratio-r2048-k8192,rootsift,nn_ratio,2048,8192,27,107_0005_0002.JPG,107_0005_0019.JPG,6337,6277,1435,1370,0.9547038327526133,218.25712920184802,0.6875,0.75,0.977213442325592,False,ok,0.11854470000253059
D1_154_building,rootsift-nn_ratio-r2048-k8192,rootsift,nn_ratio,2048,8192,28,107_0005_0002.JPG,107_0005_0053.JPG,6337,6119,649,614,0.9460708782742681,100.34319333224383,0.359375,0.328125,0.9728955030441284,False,ok,0.053771099977893755
D1_154_building,rootsift-nn_ratio-r2048-k8192,rootsift,nn_ratio,2048,8192,29,107_0005_0002.JPG,107_0005_0054.JPG,6337,6237,933,887,0.9506966773847803,142.21580888247556,0.5,0.40625,0.974638819694519,False,ok,0.1023202000069432
D1_154_building,rootsift-nn_ratio-r2048-k8192,rootsift,nn_ratio,2048,8192,30,107_0005_0002.JPG,107_0005_0055.JPG,6337,6276,1166,1106,0.9485420240137221,176.22689611217336,0.625,0.515625,0.9741868376731873,False,ok,0.12097489999723621
D1_154_building,rootsift-nn_ratio-r2048-k8192,rootsift,nn_ratio,2048,8192,31,107_0005_0002.JPG,107_0005_0056.JPG,6337,6358,947,849,0.8965153115100317,133.97506706643523,0.625,0.53125,0.9692074656486511,False,ok,0.01883129999623634
D1_154_building,rootsift-nn_ratio-r2048-k8192,rootsift,nn_ratio,2048,8192,32,107_0005_0002.JPG,107_0005_0066.JPG,6337,6422,139,89,0.6402877697841727,14.044500552311819,0.09375,0.109375,0.9626664519309998,False,ok,0.020870500011369586
D1_154_building,rootsift-nn_ratio-r2048-k8192,rootsift,nn_ratio,2048,8192,33,107_0005_0002.JPG,107_0005_0067.JPG,6337,6311,620,527,0.85,83.50499128505784,0.25,0.28125,0.9747956395149231,False,ok,0.10087799999746494
D1_154_building,rootsift-nn_ratio-r2048-k8192,rootsift,nn_ratio,2048,8192,34,107_0005_0002.JPG,107_0005_0068.JPG,6337,6337,1105,1022,0.9248868778280543,161.27505128609752,0.4375,0.453125,0.9786561727523804,False,ok,0.12174260002211668
D1_154_building,rootsift-nn_ratio-r2048-k8192,rootsift,nn_ratio,2048,8192,35,107_0005_0002.JPG,107_0005_0069.JPG,6337,6366,1204,1110,0.9219269102990033,175.16174846141706,0.640625,0.546875,0.9741806983947754,False,ok,0.017326800007140264
D1_154_building,rootsift-nn_ratio-r2048-k8192,rootsift,nn_ratio,2048,8192,36,107_0005_0002.JPG,107_0005_0070.JPG,6337,6325,1019,915,0.8979391560353287,144.66403162055337,0.703125,0.59375,0.9705131649971008,False,ok,0.03166969999438152
D1_154_building,rootsift-nn_ratio-r2048-k8192,rootsift,nn_ratio,2048,8192,37,107_0005_0002.JPG,107_0005_0071.JPG,6337,6399,871,745,0.8553386911595867,117.56351585923939,0.625,0.515625,0.9678221940994263,False,ok,0.0513675999827683
D1_154_building,rootsift-nn_ratio-r2048-k8192,rootsift,nn_ratio,2048,8192,38,107_0005_0003.JPG,107_0005_0004.JPG,6370,6297,2110,1987,0.9417061611374408,315.5470859139273,0.6875,0.671875,0.9841731786727905,False,ok,0.07111469999654219
D1_154_building,rootsift-nn_ratio-r2048-k8192,rootsift,nn_ratio,2048,8192,39,107_0005_0003.JPG,107_0005_0005.JPG,6370,6318,1151,1086,0.9435273675065161,171.88983855650523,0.515625,0.5,0.978617250919342,False,ok,0.0618483999860473
D1_154_building,rootsift-nn_ratio-r2048-k8192,rootsift,nn_ratio,2048,8192,40,107_0005_0003.JPG,107_0005_0006.JPG,6370,6370,575,520,0.9043478260869565,81.63265306122449,0.375,0.40625,0.9745301008224487,False,ok,0.06875330000184476
D1_154_building,rootsift-nn_ratio-r2048-k8192,rootsift,nn_ratio,2048,8192,41,107_0005_0003.JPG,107_0005_0007.JPG,6370,6375,221,170,0.7692307692307693,26.687598116169546,0.1875,0.1875,0.9650389552116394,False,ok,0.047697799978777766
D1_154_building,rootsift-nn_ratio-r2048-k8192,rootsift,nn_ratio,2048,8192,42,107_0005_0003.JPG,107_0005_0008.JPG,6370,6309,39,9,0.23076923076923078,1.4265335235378032,0.109375,0.125,0.9383854866027832,True,ok,0.06389489999855869
D1_154_building,rootsift-nn_ratio-r2048-k8192,rootsift,nn_ratio,2048,8192,43,107_0005_0003.JPG,107_0005_0009.JPG,6370,6305,46,8,0.17391304347826086,1.26883425852498,0.09375,0.109375,0.944633424282074,True,ok,0.12134539999533445
D1_154_building,rootsift-nn_ratio-r2048-k8192,rootsift,nn_ratio,2048,8192,44,107_0005_0003.JPG,107_0005_0010.JPG,6370,6277,38,9,0.23684210526315788,1.4338059582603155,0.109375,0.140625,0.937541663646698,True,ok,0.10088010001345538
D1_154_building,rootsift-nn_ratio-r2048-k8192,rootsift,nn_ratio,2048,8192,45,107_0005_0003.JPG,107_0005_0011.JPG,6370,6209,44,8,0.18181818181818182,1.2884522467386053,0.125,0.125,0.9377413392066956,True,ok,0.09504879999440163
D1_154_building,rootsift-nn_ratio-r2048-k8192,rootsift,nn_ratio,2048,8192,46,107_0005_0003.JPG,107_0005_0053.JPG,6370,6119,602,571,0.9485049833887044,93.31590129106063,0.3125,0.34375,0.9764840006828308,False,ok,0.11314929998479784
D1_154_building,rootsift-nn_ratio-r2048-k8192,rootsift,nn_ratio,2048,8192,47,107_0005_0003.JPG,107_0005_0054.JPG,6370,6237,1000,934,0.934,149.7514830848164,0.5,0.4375,0.9804092049598694,False,ok,0.10105260001728311
D1_154_building,rootsift-nn_ratio-r2048-k8192,rootsift,nn_ratio,2048,8192,48,107_0005_0003.JPG,107_0005_0055.JPG,6370,6276,1269,1204,0.9487785657998424,191.84193753983428,0.609375,0.53125,0.978654146194458,False,ok,0.12116849998710677
D1_154_building,rootsift-nn_ratio-r2048-k8192,rootsift,nn_ratio,2048,8192,49,107_0005_0003.JPG,107_0005_0056.JPG,6370,6358,1056,962,0.9109848484848485,151.30544196288142,0.625,0.5625,0.9727133512496948,False,ok,0.016405500005930662
D1_154_building,rootsift-nn_ratio-r2048-k8192,rootsift,nn_ratio,2048,8192,50,107_0005_0003.JPG,107_0005_0057.JPG,6370,6311,844,717,0.8495260663507109,113.61115512597053,0.734375,0.484375,0.9678632020950317,False,ok,0.01715969998622313
D1_154_building,rootsift-nn_ratio-r2048-k8192,rootsift,nn_ratio,2048,8192,51,107_0005_0003.JPG,107_0005_0065.JPG,6370,6309,121,63,0.5206611570247934,9.985734664764623,0.0625,0.09375,0.9594727754592896,False,ok,0.0990872000111267
D1_154_building,rootsift-nn_ratio-r2048-k8192,rootsift,nn_ratio,2048,8192,52,107_0005_0003.JPG,107_0005_0066.JPG,6370,6422,527,419,0.7950664136622391,65.77708006279435,0.265625,0.3125,0.9720603823661804,False,ok,0.12128110000048764
D1_154_building,rootsift-nn_ratio-r2048-k8192,rootsift,nn_ratio,2048,8192,53,107_0005_0003.JPG,107_0005_0067.JPG,6370,6311,1020,896,0.8784313725490196,141.97433053398828,0.40625,0.40625,0.9763887524604797,False,ok,0.018520800018450245
D1_154_building,rootsift-nn_ratio-r2048-k8192,rootsift,nn_ratio,2048,8192,54,107_0005_0003.JPG,107_0005_0068.JPG,6370,6337,1014,924,0.9112426035502958,145.8103203408553,0.578125,0.5625,0.9736198782920837,False,ok,0.02322239999193698
D1_154_building,rootsift-nn_ratio-r2048-k8192,rootsift,nn_ratio,2048,8192,55,107_0005_0003.JPG,107_0005_0069.JPG,6370,6366,1004,865,0.8615537848605578,135.87810241910148,0.59375,0.5,0.970155656337738,False,ok,0.11423469998408109
D1_154_building,rootsift-nn_ratio-r2048-k8192,rootsift,nn_ratio,2048,8192,56,107_0005_0003.JPG,107_0005_0147.JPG,6370,6158,1131,1020,0.9018567639257294,165.63819421890224,0.671875,0.5625,0.9720624089241028,False,ok,0.10099679999984801
D1_154_building,rootsift-nn_ratio-r2048-k8192,rootsift,nn_ratio,2048,8192,57,107_0005_0004.JPG,107_0005_0005.JPG,6297,6318,1864,1779,0.9543991416309013,282.5154835636017,0.734375,0.734375,0.9839323163032532,False,ok,0.11304299999028444
D1_154_building,rootsift-nn_ratio-r2048-k8192,rootsift,nn_ratio,2048,8192,58,107_0005_0004.JPG,107_0005_0006.JPG,6297,6370,1007,919,0.9126117179741807,145.942512307448,0.53125,0.515625,0.9788001179695129,False,ok,0.017038800026057288
D1_154_building,rootsift-nn_ratio-r2048-k8192,rootsift,nn_ratio,2048,8192,59,107_0005_0004.JPG,107_0005_0007.JPG,6297,6375,477,435,0.9119496855345912,69.08051453072892,0.4375,0.40625,0.9733078479766846,False,ok,0.02638580001075752
D1_154_building,rootsift-nn_ratio-r2048-k8192,rootsift,nn_ratio,2048,8192,60,107_0005_0004.JPG,107_0005_0008.JPG,6297,6309,202,152,0.7524752475247525,24.13847864062252,0.21875,0.21875,0.9678731560707092,False,ok,0.1210776999942027
D1_154_building,rootsift-nn_ratio-r2048-k8192,rootsift,nn_ratio,2048,8192,61,107_0005_0004.JPG,107_0005_0009.JPG,6297,6305,72,30,0.4166666666666667,4.764173415912339,0.109375,0.109375,0.9551894068717957,False,ok,0.10105699999257922
D1_154_building,rootsift-nn_ratio-r2048-k8192,rootsift,nn_ratio,2048,8192,62,107_0005_0004.JPG,107_0005_0010.JPG,6297,6277,83,36,0.43373493975903615,5.735223833041262,0.0625,0.078125,0.9532216191291809,False,ok,0.016749999980675057
D1_154_building,rootsift-nn_ratio-r2048-k8192,rootsift,nn_ratio,2048,8192,63,107_0005_0004.JPG,107_0005_0011.JPG,6297,6209,65,28,0.4307692307692308,4.509582863585118,0.078125,0.078125,0.9523165225982666,False,ok,0.10103969997726381
D1_154_building,rootsift-nn_ratio-r2048-k8192,rootsift,nn_ratio,2048,8192,64,107_0005_0004.JPG,107_0005_0012.JPG,6297,6171,52,13,0.25,2.106627775076973,0.09375,0.078125,0.9475141167640686,True,ok,0.12135220001800917
D1_154_building,rootsift-nn_ratio-r2048-k8192,rootsift,nn_ratio,2048,8192,65,107_0005_0004.JPG,107_0005_0045.JPG,6297,6328,863,785,0.9096176129779838,124.66253771637288,0.609375,0.453125,0.9697607755661011,False,ok,0.10112020000815392
D1_154_building,rootsift-nn_ratio-r2048-k8192,rootsift,nn_ratio,2048,8192,66,107_0005_0004.JPG,107_0005_0046.JPG,6297,6327,628,552,0.8789808917197452,87.66079085278704,0.46875,0.359375,0.9693968892097473,False,ok,0.07072479999624193
D1_154_building,rootsift-nn_ratio-r2048-k8192,rootsift,nn_ratio,2048,8192,67,107_0005_0004.JPG,107_0005_0054.JPG,6297,6237,709,665,0.9379407616361072,106.62177328843995,0.46875,0.4375,0.9768791198730469,False,ok,0.017667599982814863
D1_154_building,rootsift-nn_ratio-r2048-k8192,rootsift,nn_ratio,2048,8192,68,107_0005_0004.JPG,107_0005_0055.JPG,6297,6276,972,802,0.8251028806584362,127.78840025493945,0.515625,0.46875,0.9773865938186646,False,ok,0.11097470001550391
D1_154_building,rootsift-nn_ratio-r2048-k8192,rootsift,nn_ratio,2048,8192,69,107_0005_0004.JPG,107_0005_0056.JPG,6297,6358,859,755,0.8789289871944121,119.89836430046054,0.640625,0.53125,0.972188413143158,False,ok,0.10112710000248626
D1_154_building,rootsift-nn_ratio-r2048-k8192,rootsift,nn_ratio,2048,8192,70,107_0005_0004.JPG,107_0005_0061.JPG,6297,6336,819,690,0.8424908424908425,109.5759885659838,0.59375,0.5,0.9682498574256897,False,ok,0.12122240001917817
D1_154_building,rootsift-nn_ratio-r2048-k8192,rootsift,nn_ratio,2048,8192,71,107_0005_0004.JPG,107_0005_0062.JPG,6297,6333,551,459,0.8330308529945554,72.89185326345878,0.390625,0.34375,0.9689258933067322,False,ok,0.017162100004497916
D1_154_building,rootsift-nn_ratio-r2048-k8192,rootsift,nn_ratio,2048,8192,72,107_0005_0004.JPG,107_0005_0063.JPG,6297,6285,194,146,0.7525773195876289,23.22991249005569,0.171875,0.203125,0.9702858924865723,False,ok,0.04843970001093112
D1_154_building,rootsift-nn_ratio-r2048-k8192,rootsift,nn_ratio,2048,8192,73,107_0005_0004.JPG,107_0005_0065.JPG,6297,6309,348,260,0.7471264367816092,41.28950293790694,0.34375,0.328125,0.9717565774917603,False,ok,0.12120920000597835
D1_154_building,rootsift-nn_ratio-r2048-k8192,rootsift,nn_ratio,2048,8192,74,107_0005_0004.JPG,107_0005_0066.JPG,6297,6422,816,642,0.7867647058823529,101.95331110052406,0.421875,0.4375,0.9721815586090088,False,ok,0.10107750000315718
D1_154_building,rootsift-nn_ratio-r2048-k8192,rootsift,nn_ratio,2048,8192,75,107_0005_0004.JPG,107_0005_0067.JPG,6297,6311,871,766,0.8794489092996556,121.64522788629506,0.578125,0.515625,0.9735094904899597,False,ok,0.12111680000089109
D1_154_building,rootsift-nn_ratio-r2048-k8192,rootsift,nn_ratio,2048,8192,76,107_0005_0004.JPG,107_0005_0146.JPG,6297,6171,873,776,0.8888888888888888,125.74947334305624,0.484375,0.46875,0.9750794172286987,False,ok,0.014863100019283593
D1_154_building,rootsift-nn_ratio-r2048-k8192,rootsift,nn_ratio,2048,8192,77,107_0005_0004.JPG,107_0005_0147.JPG,6297,6158,1024,936,0.9140625,151.99740175381618,0.515625,0.53125,0.9758747816085815,False,ok,0.021439799980726093
D1_154_building,rootsift-nn_ratio-r2048-k8192,rootsift,nn_ratio,2048,8192,78,107_0005_0004.JPG,107_0005_0148.JPG,6297,6158,1023,916,0.895405669599218,148.74959402403377,0.53125,0.46875,0.9751701951026917,False,ok,0.12099429999943823
D1_154_building,rootsift-nn_ratio-r2048-k8192,rootsift,nn_ratio,2048,8192,79,107_0005_0005.JPG,107_0005_0006.JPG,6318,6370,1838,1761,0.9581066376496191,278.72744539411207,0.75,0.828125,0.9839454889297485,False,ok,0.1012339000008069
D1_154_building,rootsift-nn_ratio-r2048-k8192,rootsift,nn_ratio,2048,8192,80,107_0005_0005.JPG,107_0005_0007.JPG,6318,6375,967,913,0.9441571871768356,144.50775561886672,0.59375,0.609375,0.9788991808891296,False,ok,0.01881330000469461
D1_154_building,rootsift-nn_ratio-r2048-k8192,rootsift,nn_ratio,2048,8192,81,107_0005_0005.JPG,107_0005_0008.JPG,6318,6309,512,455,0.888671875,72.11919480107782,0.421875,0.421875,0.9744594097137451,False,ok,0.02061060001142323
D1_154_building,rootsift-nn_ratio-r2048-k8192,rootsift,nn_ratio,2048,8192,82,107_0005_0005.JPG,107_0005_0009.JPG,6318,6305,328,268,0.8170731707317073,42.505947660586834,0.203125,0.21875,0.9690616130828857,False,ok,0.10094500001287088
D1_154_building,rootsift-nn_ratio-r2048-k8192,rootsift,nn_ratio,2048,8192,83,107_0005_0005.JPG,107_0005_0010.JPG,6318,6277,266,218,0.8195488721804511,34.72996654452764,0.234375,0.203125,0.9671857953071594,False,ok,0.10097489997860976
D1_154_building,rootsift-nn_ratio-r2048-k8192,rootsift,nn_ratio,2048,8192,84,107_0005_0005.JPG,107_0005_0011.JPG,6318,6209,211,157,0.7440758293838863,25.285875342245127,0.171875,0.15625,0.962634265422821,False,ok,0.11100269999587908
D1_154_building,rootsift-nn_ratio-r2048-k8192,rootsift,nn_ratio,2048,8192,85,107_0005_0005.JPG,107_0005_0012.JPG,6318,6171,210,158,0.7523809523809524,25.603629881704748,0.15625,0.15625,0.9632449746131897,False,ok,0.01592259999597445
D1_154_building,rootsift-nn_ratio-r2048-k8192,rootsift,nn_ratio,2048,8192,86,107_0005_0005.JPG,107_0005_0013.JPG,6318,6226,359,301,0.8384401114206128,48.34564728557661,0.34375,0.328125,0.9713459610939026,False,ok,0.02514419998624362
D1_154_building,rootsift-nn_ratio-r2048-k8192,rootsift,nn_ratio,2048,8192,87,107_0005_0005.JPG,107_0005_0044.JPG,6318,6397,837,727,0.8685782556750299,115.06805951250395,0.625,0.53125,0.971290647983551,False,ok,0.12109460000647232
D1_154_building,rootsift-nn_ratio-r2048-k8192,rootsift,nn_ratio,2048,8192,88,107_0005_0005.JPG,107_0005_0045.JPG,6318,6328,926,781,0.8434125269978402,123.61506805951251,0.546875,0.46875,0.9753186106681824,False,ok,0.10101040001609363
D1_154_building,rootsift-nn_ratio-r2048-k8192,rootsift,nn_ratio,2048,8192,89,107_0005_0005.JPG,107_0005_0046.JPG,6318,6327,600,464,0.7733333333333333,73.44096232985122,0.453125,0.375,0.9741243720054626,False,ok,0.018569800013210624
D1_154_building,rootsift-nn_ratio-r2048-k8192,rootsift,nn_ratio,2048,8192,90,107_0005_0005.JPG,107_0005_0062.JPG,6318,6333,822,699,0.8503649635036497,110.63627730294397,0.578125,0.53125,0.971410870552063,False,ok,0.06778700000722893
D1_154_building,rootsift-nn_ratio-r2048-k8192,rootsift,nn_ratio,2048,8192,91,107_0005_0005.JPG,107_0005_0063.JPG,6318,6285,526,445,0.8460076045627376,70.80350039777247,0.390625,0.390625,0.9753782153129578,False,ok,0.10120459998142906
D1_154_building,rootsift-nn_ratio-r2048-k8192,rootsift,nn_ratio,2048,8192,92,107_0005_0005.JPG,107_0005_0064.JPG,6318,6316,392,273,0.6964285714285714,43.22355921469284,0.21875,0.234375,0.9699395895004272,False,ok,0.12115819999598898
D1_154_building,rootsift-nn_ratio-r2048-k8192,rootsift,nn_ratio,2048,8192,93,107_0005_0005.JPG,107_0005_0065.JPG,6318,6309,672,483,0.71875,76.55729909652877,0.484375,0.4375,0.9728988409042358,False,ok,0.09720029999152757
D1_154_building,rootsift-nn_ratio-r2048-k8192,rootsift,nn_ratio,2048,8192,94,107_0005_0005.JPG,107_0005_0066.JPG,6318,6422,742,604,0.8140161725067385,95.59987337765115,0.546875,0.5,0.9699674248695374,False,ok,0.05278319999342784
D1_154_building,rootsift-nn_ratio-r2048-k8192,rootsift,nn_ratio,2048,8192,95,107_0005_0005.JPG,107_0005_0146.JPG,6318,6171,622,497,0.7990353697749196,80.53800032409659,0.3125,0.34375,0.9769100546836853,False,ok,0.09104069997556508
D1_154_building,rootsift-nn_ratio-r2048-k8192,rootsift,nn_ratio,2048,8192,96,107_0005_0005.JPG,107_0005_0147.JPG,6318,6158,826,669,0.8099273607748184,108.63916856122117,0.34375,0.421875,0.9789221882820129,False,ok,0.12122610001824796
D1_154_building,rootsift-nn_ratio-r2048-k8192,rootsift,nn_ratio,2048,8192,97,107_0005_0005.JPG,107_0005_0148.JPG,6318,6158,863,769,0.8910776361529548,124.87820721013316,0.359375,0.390625,0.9785031080245972,False,ok,0.01698070002021268
D1_154_building,rootsift-nn_ratio-r2048-k8192,rootsift,nn_ratio,2048,8192,98,107_0005_0005.JPG,107_0005_0149.JPG,6318,6161,778,658,0.8457583547557841,106.80084401882812,0.515625,0.453125,0.9739309549331665,False,ok,0.057082299987087026
D1_154_building,rootsift-nn_ratio-r2048-k8192,rootsift,nn_ratio,2048,8192,99,107_0005_0006.JPG,107_0005_0007.JPG,6370,6375,1866,1783,0.9555198285101822,279.90580847723703,0.828125,0.84375,0.9834923148155212,False,ok,0.12124520001816563
D1_154_building,rootsift-nn_ratio-r2048-k8192,rootsift,nn_ratio,2048,8192,100,107_0005_0006.JPG,107_0005_0008.JPG,6370,6309,1042,981,0.9414587332053743,155.49215406562055,0.625,0.59375,0.97798752784729,False,ok,0.12157580000348389
D1_154_building,rootsift-nn_ratio-r2048-k8192,rootsift,nn_ratio,2048,8192,101,107_0005_0006.JPG,107_0005_0009.JPG,6370,6305,622,572,0.9196141479099679,90.72164948453609,0.4375,0.453125,0.9744927883148193,False,ok,0.039770200004568323
D1_154_building,rootsift-nn_ratio-r2048-k8192,rootsift,nn_ratio,2048,8192,102,107_0005_0006.JPG,107_0005_0010.JPG,6370,6277,548,480,0.8759124087591241,76.46965110721682,0.4375,0.4375,0.9725167751312256,False,ok,0.026127199991606176
D1_154_building,rootsift-nn_ratio-r2048-k8192,rootsift,nn_ratio,2048,8192,103,107_0005_0006.JPG,107_0005_0011.JPG,6370,6209,470,436,0.9276595744680851,70.22064744725398,0.34375,0.359375,0.9717532992362976,False,ok,0.11616099998354912
D1_154_building,rootsift-nn_ratio-r2048-k8192,rootsift,nn_ratio,2048,8192,104,107_0005_0006.JPG,107_0005_0012.JPG,6370,6171,415,376,0.9060240963855422,60.930157186841676,0.34375,0.359375,0.9711495637893677,False,ok,0.10085079999407753
D1_154_building,rootsift-nn_ratio-r2048-k8192,rootsift,nn_ratio,2048,8192,105,107_0005_0006.JPG,107_0005_0013.JPG,6370,6226,724,666,0.919889502762431,106.97076774815291,0.53125,0.53125,0.9750209450721741,False,ok,0.12100049998844042
D1_154_building,rootsift-nn_ratio-r2048-k8192,rootsift,nn_ratio,2048,8192,106,107_0005_0006.JPG,107_0005_0014.JPG,6370,6219,1048,985,0.9398854961832062,158.38559253899342,0.625,0.59375,0.9773505926132202,False,ok,0.01810250000562519
D1_154_building,rootsift-nn_ratio-r2048-k8192,rootsift,nn_ratio,2048,8192,107,107_0005_0006.JPG,107_0005_0034.JPG,6370,6354,406,337,0.8300492610837439,53.037456720176266,0.453125,0.375,0.9689043164253235,False,ok,0.022072599997045472
D1_154_building,rootsift-nn_ratio-r2048-k8192,rootsift,nn_ratio,2048,8192,108,107_0005_0006.JPG,107_0005_0035.JPG,6370,6299,631,522,0.8272583201267829,82.87029687251945,0.546875,0.421875,0.9696400761604309,False,ok,0.12090769998030737
D1_154_building,rootsift-nn_ratio-r2048-k8192,rootsift,nn_ratio,2048,8192,109,107_0005_0006.JPG,107_0005_0044.JPG,6370,6397,791,677,0.8558786346396966,106.27943485086342,0.640625,0.53125,0.970991849899292,False,ok,0.10081329999957234
D1_154_building,rootsift-nn_ratio-r2048-k8192,rootsift,nn_ratio,2048,8192,110,107_0005_0006.JPG,107_0005_0045.JPG,6370,6328,795,681,0.8566037735849057,107.61694058154235,0.59375,0.53125,0.9748987555503845,False,ok,0.10490229999413714
D1_154_building,rootsift-nn_ratio-r2048-k8192,rootsift,nn_ratio,2048,8192,111,107_0005_0006.JPG,107_0005_0046.JPG,6370,6327,593,513,0.8650927487352446,81.08108108108108,0.4375,0.4375,0.972486138343811,False,ok,0.017361100006382912
D1_154_building,rootsift-nn_ratio-r2048-k8192,rootsift,nn_ratio,2048,8192,112,107_0005_0006.JPG,107_0005_0047.JPG,6370,6280,359,299,0.8328690807799443,47.611464968152866,0.25,0.3125,0.9687476754188538,False,ok,0.10017459999653511
D1_154_building,rootsift-nn_ratio-r2048-k8192,rootsift,nn_ratio,2048,8192,113,107_0005_0006.JPG,107_0005_0062.JPG,6370,6333,939,804,0.8562300319488818,126.95405021316911,0.71875,0.59375,0.9706771969795227,False,ok,0.12090489998809062
D1_154_building,rootsift-nn_ratio-r2048-k8192,rootsift,nn_ratio,2048,8192,114,107_0005_0006.JPG,107_0005_0063.JPG,6370,6285,840,708,0.8428571428571429,112.6491646778043,0.59375,0.546875,0.9760228991508484,False,ok,0.08139069998287596
D1_154_building,rootsift-nn_ratio-r2048-k8192,rootsift,nn_ratio,2048,8192,115,107_0005_0006.JPG,107_0005_0064.JPG,6370,6316,803,598,0.7447073474470735,94.68017732742241,0.453125,0.453125,0.9762004017829895,False,ok,0.01916450000135228
D1_154_building,rootsift-nn_ratio-r2048-k8192,rootsift,nn_ratio,2048,8192,116,107_0005_0006.JPG,107_0005_0065.JPG,6370,6309,739,629,0.851150202976996,99.69884292280868,0.6875,0.5625,0.9716399312019348,False,ok,0.10080919999745674
D1_154_building,rootsift-nn_ratio-r2048-k8192,rootsift,nn_ratio,2048,8192,117,107_0005_0006.JPG,107_0005_0147.JPG,6370,6158,376,300,0.7978723404255319,48.71711594673595,0.15625,0.171875,0.9698784947395325,False,ok,0.11196660000132397
D1_154_building,rootsift-nn_ratio-r2048-k8192,rootsift,nn_ratio,2048,8192,118,107_0005_0006.JPG,107_0005_0148.JPG,6370,6158,364,301,0.8269230769230769,48.87950633322507,0.15625,0.171875,0.9703449606895447,False,ok,0.09906619999674149
D1_154_building,rootsift-nn_ratio-r2048-k8192,rootsift,nn_ratio,2048,8192,119,107_0005_0006.JPG,107_0005_0149.JPG,6370,6161,763,642,0.8414154652686763,104.20386300925175,0.453125,0.421875,0.9753350615501404,False,ok,0.017560499982209876
D1_154_building,rootsift-nn_ratio-r2048-k8192,rootsift,nn_ratio,2048,8192,120,107_0005_0006.JPG,107_0005_0150.JPG,6370,6189,612,516,0.8431372549019608,83.37372758119244,0.53125,0.4375,0.9734179973602295,False,ok,0.05358189999242313
D1_154_building,rootsift-nn_ratio-r2048-k8192,rootsift,nn_ratio,2048,8192,121,107_0005_0007.JPG,107_0005_0008.JPG,6375,6309,2063,1982,0.9607367910809501,314.15438262799177,0.875,0.875,0.9841502904891968,False,ok,0.09994139999616891
D1_154_building,rootsift-nn_ratio-r2048-k8192,rootsift,nn_ratio,2048,8192,122,107_0005_0007.JPG,107_0005_0009.JPG,6375,6305,1293,1230,0.951276102088167,195.0832672482157,0.65625,0.65625,0.9793431162834167,False,ok,0.12140450000879355
D1_154_building,rootsift-nn_ratio-r2048-k8192,rootsift,nn_ratio,2048,8192,123,107_0005_0007.JPG,107_0005_0010.JPG,6375,6277,1063,999,0.9397930385700847,159.152461366895,0.59375,0.5625,0.9770687222480774,False,ok,0.01600269999471493
D1_154_building,rootsift-nn_ratio-r2048-k8192,rootsift,nn_ratio,2048,8192,124,107_0005_0007.JPG,107_0005_0011.JPG,6375,6209,836,781,0.9342105263157895,125.78515058785634,0.515625,0.484375,0.9753931760787964,False,ok,0.039808300003642216
D1_154_building,rootsift-nn_ratio-r2048-k8192,rootsift,nn_ratio,2048,8192,125,107_0005_0007.JPG,107_0005_0012.JPG,6375,6171,766,713,0.9308093994778068,115.54043104845243,0.5,0.46875,0.9752138257026672,False,ok,0.08946349998586811
D1_154_building,rootsift-nn_ratio-r2048-k8192,rootsift,nn_ratio,2048,8192,126,107_0005_0007.JPG,107_0005_0013.JPG,6375,6226,1140,1074,0.9421052631578948,172.50240925152585,0.65625,0.640625,0.9785467982292175,False,ok,0.12117940001189709
D1_154_building,rootsift-nn_ratio-r2048-k8192,rootsift,nn_ratio,2048,8192,127,107_0005_0007.JPG,107_0005_0014.JPG,6375,6219,1129,1046,0.9264836138175376,168.1942434474996,0.703125,0.609375,0.977892279624939,False,ok,0.10101179999765009
D1_154_building,rootsift-nn_ratio-r2048-k8192,rootsift,nn_ratio,2048,8192,128,107_0005_0007.JPG,107_0005_0015.JPG,6375,6221,718,651,0.9066852367688022,104.64555537694905,0.53125,0.5,0.9747539758682251,False,ok,0.019123800011584535
D1_154_building,rootsift-nn_ratio-r2048-k8192,rootsift,nn_ratio,2048,8192,129,107_0005_0007.JPG,107_0005_0033.JPG,6375,6317,286,243,0.8496503496503497,38.46762703815102,0.28125,0.359375,0.9707089066505432,False,ok,0.020200800005113706
D1_154_building,rootsift-nn_ratio-r2048-k8192,rootsift,nn_ratio,2048,8192,130,107_0005_0007.JPG,107_0005_0034.JPG,6375,6354,648,573,0.8842592592592593,90.17941454202078,0.5,0.46875,0.9773051142692566,False,ok,0.019077600009040907
D1_154_building,rootsift-nn_ratio-r2048-k8192,rootsift,nn_ratio,2048,8192,131,107_0005_0007.JPG,107_0005_0035.JPG,6375,6299,900,829,0.9211111111111111,131.60819177647247,0.625,0.53125,0.9757940173149109,False,ok,0.024965899996459484
D1_154_building,rootsift-nn_ratio-r2048-k8192,rootsift,nn_ratio,2048,8192,132,107_0005_0007.JPG,107_0005_0036.JPG,6375,6260,833,745,0.8943577430972389,119.00958466453675,0.65625,0.53125,0.9724363088607788,False,ok,0.021842500020284206
D1_154_building,rootsift-nn_ratio-r2048-k8192,rootsift,nn_ratio,2048,8192,133,107_0005_0007.JPG,107_0005_0045.JPG,6375,6328,531,403,0.7589453860640302,63.685208596713025,0.5,0.453125,0.9707129001617432,False,ok,0.028148600016720593
D1_154_building,rootsift-nn_ratio-r2048-k8192,rootsift,nn_ratio,2048,8192,134,107_0005_0007.JPG,107_0005_0046.JPG,6375,6327,327,264,0.8073394495412844,41.72593646277857,0.40625,0.390625,0.9678258895874023,False,ok,0.03001289998064749
D1_154_building,rootsift-nn_ratio-r2048-k8192,rootsift,nn_ratio,2048,8192,135,107_0005_0007.JPG,107_0005_0063.JPG,6375,6285,986,840,0.8519269776876268,133.65155131264916,0.765625,0.671875,0.9721989035606384,False,ok,0.022983500006375834
D1_154_building,rootsift-nn_ratio-r2048-k8192,rootsift,nn_ratio,2048,8192,136,107_0005_0007.JPG,107_0005_0064.JPG,6375,6316,1020,911,0.8931372549019608,144.2368587713743,0.65625,0.578125,0.9721574187278748,False,ok,0.032157299981918186
D1_154_building,rootsift-nn_ratio-r2048-k8192,rootsift,nn_ratio,2048,8192,137,107_0005_0007.JPG,107_0005_0149.JPG,6375,6161,249,198,0.7951807228915663,32.13763999350755,0.203125,0.265625,0.973630964756012,False,ok,0.026686400000471622
D1_154_building,rootsift-nn_ratio-r2048-k8192,rootsift,nn_ratio,2048,8192,138,107_0005_0007.JPG,107_0005_0150.JPG,6375,6189,557,442,0.7935368043087971,71.4170302148974,0.453125,0.453125,0.974172830581665,False,ok,0.02905709997867234
D1_154_building,rootsift-nn_ratio-r2048-k8192,rootsift,nn_ratio,2048,8192,139,107_0005_0007.JPG,107_0005_0151.JPG,6375,6268,498,379,0.7610441767068273,60.465858328015315,0.484375,0.515625,0.9721862077713013,False,ok,0.10581780000939034
D1_154_building,rootsift-nn_ratio-r2048-k8192,rootsift,nn_ratio,2048,8192,140,107_0005_0007.JPG,107_0005_0152.JPG,6375,6335,701,551,0.7860199714693296,86.97711128650356,0.625,0.578125,0.9683352708816528,False,ok,0.11088490000111051
D1_154_building,rootsift-nn_ratio-r2048-k8192,rootsift,nn_ratio,2048,8192,141,107_0005_0008.JPG,107_0005_0009.JPG,6309,6305,2604,2554,0.9807987711213517,405.0753370340999,0.875,0.859375,0.9860278964042664,False,ok,0.09529269998893142
D1_154_building,rootsift-nn_ratio-r2048-k8192,rootsift,nn_ratio,2048,8192,142,107_0005_0008.JPG,107_0005_0010.JPG,6309,6277,1920,1875,0.9765625,298.7095746375657,0.765625,0.78125,0.9822162389755249,False,ok,0.03965320001589134
D1_154_building,rootsift-nn_ratio-r2048-k8192,rootsift,nn_ratio,2048,8192,143,107_0005_0008.JPG,107_0005_0011.JPG,6309,6209,1370,1313,0.9583941605839416,211.4672249959736,0.65625,0.65625,0.9781646728515625,False,ok,0.022546499996678904
D1_154_building,rootsift-nn_ratio-r2048-k8192,rootsift,nn_ratio,2048,8192,144,107_0005_0008.JPG,107_0005_0012.JPG,6309,6171,1277,1221,0.9561472200469852,197.86096256684493,0.640625,0.65625,0.9776871204376221,False,ok,0.12128079999820329
D1_154_building,rootsift-nn_ratio-r2048-k8192,rootsift,nn_ratio,2048,8192,145,107_0005_0008.JPG,107_0005_0013.JPG,6309,6226,1384,1315,0.9501445086705202,211.21105043366526,0.734375,0.671875,0.9784696698188782,False,ok,0.10094400000525638
D1_154_building,rootsift-nn_ratio-r2048-k8192,rootsift,nn_ratio,2048,8192,146,107_0005_0008.JPG,107_0005_0014.JPG,6309,6219,908,850,0.9361233480176211,136.67792249557806,0.5625,0.546875,0.9759691953659058,False,ok,0.1210748000012245
D1_154_building,rootsift-nn_ratio-r2048-k8192,rootsift,nn_ratio,2048,8192,147,107_0005_0008.JPG,107_0005_0015.JPG,6309,6221,458,394,0.8602620087336245,63.33386915286931,0.375,0.328125,0.9725555181503296,False,ok,0.01874519998091273
D1_154_building,rootsift-nn_ratio-r2048-k8192,rootsift,nn_ratio,2048,8192,148,107_0005_0008.JPG,107_0005_0016.JPG,6309,6252,214,164,0.7663551401869159,26.231605886116444,0.21875,0.171875,0.965584933757782,False,ok,0.022511099989060313
D1_154_building,rootsift-nn_ratio-r2048-k8192,rootsift,nn_ratio,2048,8192,149,107_0005_0008.JPG,107_0005_0033.JPG,6309,6317,430,386,0.8976744186046511,61.182437787288,0.296875,0.3125,0.970612645149231,False,ok,0.12142879999009892
D1_154_building,rootsift-nn_ratio-r2048-k8192,rootsift,nn_ratio,2048,8192,150,107_0005_0008.JPG,107_0005_0034.JPG,6309,6354,792,738,0.9318181818181818,116.97574893009985,0.5,0.4375,0.9804502725601196,False,ok,0.121080399985658
D1_154_building,rootsift-nn_ratio-r2048-k8192,rootsift,nn_ratio,2048,8192,151,107_0005_0008.JPG,107_0005_0035.JPG,6309,6299,966,902,0.9337474120082816,143.1973329099857,0.609375,0.5,0.9791531562805176,False,ok,0.016660199995385483
D1_154_building,rootsift-nn_ratio-r2048-k8192,rootsift,nn_ratio,2048,8192,152,107_0005_0008.JPG,107_0005_0036.JPG,6309,6260,942,850,0.9023354564755839,135.78274760383385,0.71875,0.5625,0.9737963676452637,False,ok,0.059378799982368946
D1_154_building,rootsift-nn_ratio-r2048-k8192,rootsift,nn_ratio,2048,8192,153,107_0005_0008.JPG,107_0005_0037.JPG,6309,6337,844,725,0.8590047393364929,114.91520050721192,0.734375,0.546875,0.9698775410652161,False,ok,0.10115130001213402
D1_154_building,rootsift-nn_ratio-r2048-k8192,rootsift,nn_ratio,2048,8192,154,107_0005_0008.JPG,107_0005_0038.JPG,6309,6314,648,538,0.8302469135802469,85.27500396259312,0.828125,0.609375,0.9666217565536499,False,ok,0.12102920000324957
D1_154_building,rootsift-nn_ratio-r2048-k8192,rootsift,nn_ratio,2048,8192,155,107_0005_0008.JPG,107_0005_0039.JPG,6309,6242,628,505,0.804140127388535,80.90355655238706,0.8125,0.578125,0.9669293165206909,False,ok,0.10138810001080856
D1_154_building,rootsift-nn_ratio-r2048-k8192,rootsift,nn_ratio,2048,8192,156,107_0005_0008.JPG,107_0005_0149.JPG,6309,6161,56,23,0.4107142857142857,3.733160201266028,0.125,0.109375,0.9529762268066406,False,ok,0.017485100019257516
D1_154_building,rootsift-nn_ratio-r2048-k8192,rootsift,nn_ratio,2048,8192,157,107_0005_0008.JPG,107_0005_0150.JPG,6309,6189,191,142,0.743455497382199,22.94393278397156,0.171875,0.25,0.9713010191917419,False,ok,0.12149849999696016
D1_154_building,rootsift-nn_ratio-r2048-k8192,rootsift,nn_ratio,2048,8192,158,107_0005_0008.JPG,107_0005_0151.JPG,6309,6268,506,402,0.7944664031620553,64.13529036375239,0.421875,0.46875,0.9735854268074036,False,ok,0.10098930000094697
D1_154_building,rootsift-nn_ratio-r2048-k8192,rootsift,nn_ratio,2048,8192,159,107_0005_0008.JPG,107_0005_0152.JPG,6309,6335,793,635,0.8007566204287516,100.64986527183389,0.5625,0.5,0.9745262265205383,False,ok,0.017087799991713837
D1_154_building,rootsift-nn_ratio-r2048-k8192,rootsift,nn_ratio,2048,8192,160,107_0005_0008.JPG,107_0005_0153.JPG,6309,6264,886,730,0.8239277652370203,116.5389527458493,0.71875,0.609375,0.9688339233398438,False,ok,0.06988490000367165
D1_154_building,rootsift-nn_ratio-r2048-k8192,rootsift,nn_ratio,2048,8192,161,107_0005_0008.JPG,107_0005_0154.JPG,6309,6185,790,646,0.8177215189873418,104.44624090541633,0.75,0.671875,0.9656574726104736,False,ok,0.11132970001199283
D1_154_building,rootsift-nn_ratio-r2048-k8192,rootsift,nn_ratio,2048,8192,162,107_0005_0009.JPG,107_0005_0010.JPG,6305,6277,2449,2405,0.9820334830543079,383.1448144017843,0.875,0.875,0.984330415725708,False,ok,0.10108219998073764
D1_154_building,rootsift-nn_ratio-r2048-k8192,rootsift,nn_ratio,2048,8192,163,107_0005_0009.JPG,107_0005_0011.JPG,6305,6209,1638,1567,0.9566544566544567,252.3755838299243,0.734375,0.734375,0.9787915349006653,False,ok,0.12214520000270568
D1_154_building,rootsift-nn_ratio-r2048-k8192,rootsift,nn_ratio,2048,8192,164,107_0005_0009.JPG,107_0005_0012.JPG,6305,6171,1542,1483,0.9617380025940337,240.31761464916545,0.734375,0.734375,0.9780462384223938,False,ok,0.01659540002583526
D1_154_building,rootsift-nn_ratio-r2048-k8192,rootsift,nn_ratio,2048,8192,165,107_0005_0009.JPG,107_0005_0013.JPG,6305,6226,1142,1075,0.9413309982486865,172.6630260199165,0.65625,0.578125,0.9768376350402832,False,ok,0.021861499990336597
D1_154_building,rootsift-nn_ratio-r2048-k8192,rootsift,nn_ratio,2048,8192,166,107_0005_0009.JPG,107_0005_0014.JPG,6305,6219,652,588,0.901840490797546,94.54896285576459,0.484375,0.421875,0.9737353920936584,False,ok,0.12091550001059659
D1_154_building,rootsift-nn_ratio-r2048-k8192,rootsift,nn_ratio,2048,8192,167,107_0005_0009.JPG,107_0005_0015.JPG,6305,6221,302,247,0.8178807947019867,39.70422761613889,0.265625,0.25,0.9697539210319519,False,ok,0.12089239998022094
D1_154_building,rootsift-nn_ratio-r2048-k8192,rootsift,nn_ratio,2048,8192,168,107_0005_0009.JPG,107_0005_0016.JPG,6305,6252,112,66,0.5892857142857143,10.556621880998081,0.125,0.109375,0.9602779746055603,False,ok,0.017016800004057586
D1_154_building,rootsift-nn_ratio-r2048-k8192,rootsift,nn_ratio,2048,8192,169,107_0005_0009.JPG,107_0005_0017.JPG,6305,6210,40,9,0.225,1.4492753623188406,0.140625,0.140625,0.9428167343139648,True,ok,0.07471939999959432
D1_154_building,rootsift-nn_ratio-r2048-k8192,rootsift,nn_ratio,2048,8192,170,107_0005_0009.JPG,107_0005_0033.JPG,6305,6317,354,315,0.8898305084745762,49.960348929421095,0.3125,0.296875,0.9672536253929138,False,ok,0.09282059999532066
D1_154_building,rootsift-nn_ratio-r2048-k8192,rootsift,nn_ratio,2048,8192,171,107_0005_0009.JPG,107_0005_0034.JPG,6305,6354,647,612,0.9459041731066461,97.06582077716098,0.484375,0.4375,0.97525954246521,False,ok,0.12099070000112988
D1_154_building,rootsift-nn_ratio-r2048-k8192,rootsift,nn_ratio,2048,8192,172,107_0005_0009.JPG,107_0005_0035.JPG,6305,6299,822,756,0.9197080291970803,120.0190506429592,0.625,0.515625,0.9747973084449768,False,ok,0.09082450001733378
D1_154_building,rootsift-nn_ratio-r2048-k8192,rootsift,nn_ratio,2048,8192,173,107_0005_0009.JPG,107_0005_0036.JPG,6305,6260,857,776,0.9054842473745625,123.96166134185303,0.703125,0.578125,0.9715349078178406,False,ok,0.01751420000800863
D1_154_building,rootsift-nn_ratio-r2048-k8192,rootsift,nn_ratio,2048,8192,174,107_0005_0009.JPG,107_0005_0150.JPG,6305,6189,78,31,0.3974358974358974,5.008886734529003,0.09375,0.078125,0.9589218497276306,False,ok,0.05576329998439178
D1_154_building,rootsift-nn_ratio-r2048-k8192,rootsift,nn_ratio,2048,8192,175,107_0005_0009.JPG,107_0005_0151.JPG,6305,6268,296,192,0.6486486486486487,30.63178047223995,0.234375,0.265625,0.9709481000900269,False,ok,0.10094040000694804
D1_154_building,rootsift-nn_ratio-r2048-k8192,rootsift,nn_ratio,2048,8192,176,107_0005_0009.JPG,107_0005_0152.JPG,6305,6335,813,690,0.8487084870848709,109.43695479777953,0.4375,0.453125,0.9777299165725708,False,ok,0.12002789997495711
D1_154_building,rootsift-nn_ratio-r2048-k8192,rootsift,nn_ratio,2048,8192,177,107_0005_0009.JPG,107_0005_0153.JPG,6305,6264,984,855,0.8689024390243902,136.49425287356323,0.59375,0.546875,0.9741144180297852,False,ok,0.017558999999891967
D1_154_building,rootsift-nn_ratio-r2048-k8192,rootsift,nn_ratio,2048,8192,178,107_0005_0009.JPG,107_0005_0154.JPG,6305,6185,1103,957,0.8676337262012692,154.7291835084883,0.828125,0.65625,0.9690795540809631,False,ok,0.04522160001215525
D1_154_building,rootsift-nn_ratio-r2048-k8192,rootsift,nn_ratio,2048,8192,179,107_0005_0010.JPG,107_0005_0011.JPG,6277,6209,2748,2721,0.990174672489083,438.2348204219681,0.875,0.875,0.9861870408058167,False,ok,0.12107860000105575
D1_154_building,rootsift-nn_ratio-r2048-k8192,rootsift,nn_ratio,2048,8192,180,107_0005_0010.JPG,107_0005_0012.JPG,6277,6171,2552,2520,0.987460815047022,408.3616917841517,0.875,0.875,0.9853745102882385,False,ok,0.10085260000778362
D1_154_building,rootsift-nn_ratio-r2048-k8192,rootsift,nn_ratio,2048,8192,181,107_0005_0010.JPG,107_0005_0013.JPG,6277,6226,1725,1669,0.967536231884058,268.0693864439447,0.703125,0.703125,0.9808006286621094,False,ok,0.12108630000147969
D1_154_building,rootsift-nn_ratio-r2048-k8192,rootsift,nn_ratio,2048,8192,182,107_0005_0010.JPG,107_0005_0014.JPG,6277,6219,960,892,0.9291666666666667,143.4314198424184,0.546875,0.515625,0.9758169651031494,False,ok,0.016670099983457476
D1_154_building,rootsift-nn_ratio-r2048-k8192,rootsift,nn_ratio,2048,8192,183,107_0005_0010.JPG,107_0005_0015.JPG,6277,6221,438,392,0.8949771689497716,63.012377431281145,0.3125,0.3125,0.97260981798172,False,ok,0.06954109997604974
D1_154_building,rootsift-nn_ratio-r2048-k8192,rootsift,nn_ratio,2048,8192,184,107_0005_0010.JPG,107_0005_0016.JPG,6277,6252,140,107,0.7642857142857142,17.11452335252719,0.15625,0.15625,0.962052047252655,False,ok,0.1208854999858886
D1_154_building,rootsift-nn_ratio-r2048-k8192,rootsift,nn_ratio,2048,8192,185,107_0005_0010.JPG,107_0005_0017.JPG,6277,6210,29,9,0.3103448275862069,1.4492753623188406,0.140625,0.125,0.9410832524299622,True,ok,0.12089419999392703
D1_154_building,rootsift-nn_ratio-r2048-k8192,rootsift,nn_ratio,2048,8192,186,107_0005_0010.JPG,107_0005_0018.JPG,6277,6296,32,9,0.28125,1.4338059582603155,0.140625,0.125,0.9419828653335571,True,ok,0.017421299999114126
D1_154_building,rootsift-nn_ratio-r2048-k8192,rootsift,nn_ratio,2048,8192,187,107_0005_0010.JPG,107_0005_0033.JPG,6277,6317,743,707,0.9515477792732167,112.63342361000478,0.484375,0.4375,0.9756539463996887,False,ok,0.10117639999953099
D1_154_building,rootsift-nn_ratio-r2048-k8192,rootsift,nn_ratio,2048,8192,188,107_0005_0010.JPG,107_0005_0034.JPG,6277,6354,835,747,0.8946107784431138,119.00589453560619,0.609375,0.5,0.974254846572876,False,ok,0.12100839999038726
D1_154_building,rootsift-nn_ratio-r2048-k8192,rootsift,nn_ratio,2048,8192,189,107_0005_0010.JPG,107_0005_0139.JPG,6277,6096,1013,923,0.9111549851924975,151.41076115485563,0.75,0.625,0.9705219864845276,False,ok,0.10107149998657405
D1_154_building,rootsift-nn_ratio-r2048-k8192,rootsift,nn_ratio,2048,8192,190,107_0005_0010.JPG,107_0005_0140.JPG,6277,6155,946,853,0.9016913319238901,138.58651502843216,0.53125,0.5,0.9747961163520813,False,ok,0.015836400008993223
D1_154_building,rootsift-nn_ratio-r2048-k8192,rootsift,nn_ratio,2048,8192,191,107_0005_0010.JPG,107_0005_0141.JPG,6277,6152,627,528,0.8421052631578947,85.8257477243173,0.453125,0.390625,0.9748371839523315,False,ok,0.10103910000179894
D1_154_building,rootsift-nn_ratio-r2048-k8192,rootsift,nn_ratio,2048,8192,192,107_0005_0010.JPG,107_0005_0142.JPG,6277,6118,261,192,0.735632183908046,31.382804838182413,0.1875,0.21875,0.968207061290741,False,ok,0.12162319998606108
D1_154_building,rootsift-nn_ratio-r2048-k8192,rootsift,nn_ratio,2048,8192,193,107_0005_0010.JPG,107_0005_0151.JPG,6277,6268,250,153,0.612,24.40970006381621,0.203125,0.265625,0.9695561528205872,False,ok,0.043112300016218796
D1_154_building,rootsift-nn_ratio-r2048-k8192,rootsift,nn_ratio,2048,8192,194,107_0005_0010.JPG,107_0005_0152.JPG,6277,6335,690,572,0.8289855072463768,91.12633423610005,0.4375,0.421875,0.9741023182868958,False,ok,0.020812700007809326
D1_154_building,rootsift-nn_ratio-r2048-k8192,rootsift,nn_ratio,2048,8192,195,107_0005_0010.JPG,107_0005_0153.JPG,6277,6264,893,652,0.7301231802911534,104.08684546615581,0.609375,0.46875,0.9718353152275085,False,ok,0.12098140001762658
D1_154_building,rootsift-nn_ratio-r2048-k8192,rootsift,nn_ratio,2048,8192,196,107_0005_0010.JPG,107_0005_0154.JPG,6277,6185,981,759,0.7737003058103975,122.71624898949071,0.78125,0.578125,0.9681229591369629,False,ok,0.12198930000886321
D1_154_building,rootsift-nn_ratio-r2048-k8192,rootsift,nn_ratio,2048,8192,197,107_0005_0011.JPG,107_0005_0012.JPG,6209,6171,3651,3637,0.9961654341276363,589.3696321503808,1.0,1.0,0.9916604161262512,False,ok,0.10085459999390878
D1_154_building,rootsift-nn_ratio-r2048-k8192,rootsift,nn_ratio,2048,8192,198,107_0005_0011.JPG,107_0005_0013.JPG,6209,6226,2250,2213,0.9835555555555555,356.4181027540667,0.828125,0.796875,0.9835575222969055,False,ok,0.01716729998588562
D1_154_building,rootsift-nn_ratio-r2048-k8192,rootsift,nn_ratio,2048,8192,199,107_0005_0011.JPG,107_0005_0014.JPG,6209,6219,1174,1142,0.9727427597955707,183.9265582219359,0.640625,0.59375,0.9786452054977417,False,ok,0.05839419999392703
D1_154_building,rootsift-nn_ratio-r2048-k8192,rootsift,nn_ratio,2048,8192,200,107_0005_0011.JPG,107_0005_0015.JPG,6209,6221,546,502,0.9194139194139194,80.85037848284747,0.359375,0.359375,0.9735657572746277,False,ok,0.12095569999655709
D1_154_building,rootsift-nn_ratio-r2048-k8192,rootsift,nn_ratio,2048,8192,201,107_0005_0011.JPG,107_0005_0016.JPG,6209,6252,179,151,0.8435754189944135,24.319536157191173,0.21875,0.203125,0.9651514887809753,False,ok,0.09073490000446327
D1_154_building,rootsift-nn_ratio-r2048-k8192,rootsift,nn_ratio,2048,8192,202,107_0005_0011.JPG,107_0005_0017.JPG,6209,6210,35,8,0.22857142857142856,1.2884522467386053,0.125,0.125,0.9352425932884216,True,ok,0.016155100020114332
D1_154_building,rootsift-nn_ratio-r2048-k8192,rootsift,nn_ratio,2048,8192,203,107_0005_0011.JPG,107_0005_0018.JPG,6209,6296,21,9,0.42857142857142855,1.449508777580931,0.140625,0.140625,0.9416041374206543,True,ok,0.10077840002486482
D1_154_building,rootsift-nn_ratio-r2048-k8192,rootsift,nn_ratio,2048,8192,204,107_0005_0011.JPG,107_0005_0019.JPG,6209,6277,21,9,0.42857142857142855,1.449508777580931,0.125,0.09375,0.947753369808197,True,ok,0.12109529998269863
D1_154_building,rootsift-nn_ratio-r2048-k8192,rootsift,nn_ratio,2048,8192,205,107_0005_0011.JPG,107_0005_0030.JPG,6209,6158,1553,1518,0.9774629748873149,246.50860669048393,0.6875,0.75,0.9810975193977356,False,ok,0.09476529998937622
D1_154_building,rootsift-nn_ratio-r2048-k8192,rootsift,nn_ratio,2048,8192,206,107_0005_0011.JPG,107_0005_0031.JPG,6209,6249,2027,1850,0.9126788357178096,297.9545820583025,0.859375,0.8125,0.9837912321090698,False,ok,0.01577629998791963
D1_154_building,rootsift-nn_ratio-r2048-k8192,rootsift,nn_ratio,2048,8192,207,107_0005_0011.JPG,107_0005_0032.JPG,6209,6227,819,737,0.8998778998778999,118.69866323079401,0.4375,0.453125,0.9774556159973145,False,ok,0.10150779999094084
D1_154_building,rootsift-nn_ratio-r2048-k8192,rootsift,nn_ratio,2048,8192,208,107_0005_0011.JPG,107_0005_0033.JPG,6209,6317,898,802,0.8930957683741648,129.16733773554517,0.546875,0.46875,0.9734101891517639,False,ok,0.11292529999627732
D1_154_building,rootsift-nn_ratio-r2048-k8192,rootsift,nn_ratio,2048,8192,209,107_0005_0011.JPG,107_0005_0115.JPG,6209,6348,768,672,0.875,108.22998872604285,0.484375,0.484375,0.9741542339324951,False,ok,0.07483870000578463
D1_154_building,rootsift-nn_ratio-r2048-k8192,rootsift,nn_ratio,2048,8192,210,107_0005_0011.JPG,107_0005_0116.JPG,6209,6381,792,675,0.8522727272727273,108.71315831856982,0.484375,0.421875,0.9748237729072571,False,ok,0.017793499981053174
D1_154_building,rootsift-nn_ratio-r2048-k8192,rootsift,nn_ratio,2048,8192,211,107_0005_0011.JPG,107_0005_0136.JPG,6209,6031,813,720,0.8856088560885609,119.38318686784945,0.890625,0.671875,0.9657433032989502,False,ok,0.056011500011663884
D1_154_building,rootsift-nn_ratio-r2048-k8192,rootsift,nn_ratio,2048,8192,212,107_0005_0011.JPG,107_0005_0137.JPG,6209,6056,892,778,0.8721973094170403,128.4676354029062,0.921875,0.71875,0.9655598998069763,False,ok,0.0993542000069283
D1_154_building,rootsift-nn_ratio-r2048-k8192,rootsift,nn_ratio,2048,8192,213,107_0005_0011.JPG,107_0005_0138.JPG,6209,6039,911,790,0.867178924259056,130.81636032455705,0.9375,0.71875,0.9662933349609375,False,ok,0.12061379998340271
D1_154_building,rootsift-nn_ratio-r2048-k8192,rootsift,nn_ratio,2048,8192,214,107_0005_0011.JPG,107_0005_0139.JPG,6209,6096,1201,1081,0.9000832639467111,177.32939632545933,0.84375,0.6875,0.9711843132972717,False,ok,0.09453709999797866
D1_154_building,rootsift-nn_ratio-r2048-k8192,rootsift,nn_ratio,2048,8192,215,107_0005_0011.JPG,107_0005_0140.JPG,6209,6155,1170,1084,0.9264957264957265,176.11697806661252,0.65625,0.609375,0.9766086339950562,False,ok,0.05536929998197593
D1_154_building,rootsift-nn_ratio-r2048-k8192,rootsift,nn_ratio,2048,8192,216,107_0005_0011.JPG,107_0005_0141.JPG,6209,6152,851,745,0.8754406580493537,121.09882964889466,0.484375,0.4375,0.9767626523971558,False,ok,0.09083519998239353
D1_154_building,rootsift-nn_ratio-r2048-k8192,rootsift,nn_ratio,2048,8192,217,107_0005_0011.JPG,107_0005_0142.JPG,6209,6118,318,264,0.8301886792452831,43.151356652500816,0.21875,0.25,0.9700596928596497,False,ok,0.11106679998920299
D1_154_building,rootsift-nn_ratio-r2048-k8192,rootsift,nn_ratio,2048,8192,218,107_0005_0011.JPG,107_0005_0152.JPG,6209,6335,527,433,0.8216318785578748,69.737477854727,0.375,0.34375,0.9712667465209961,False,ok,0.016755799995735288
D1_154_building,rootsift-nn_ratio-r2048-k8192,rootsift,nn_ratio,2048,8192,219,107_0005_0011.JPG,107_0005_0153.JPG,6209,6264,675,481,0.7125925925925926,77.46819133515864,0.484375,0.421875,0.9698079228401184,False,ok,0.019526799995219335
D1_154_building,rootsift-nn_ratio-r2048-k8192,rootsift,nn_ratio,2048,8192,220,107_0005_0011.JPG,107_0005_0154.JPG,6209,6185,752,530,0.7047872340425532,85.6911883589329,0.640625,0.515625,0.9673064351081848,False,ok,0.10098109999671578
D1_154_building,rootsift-nn_ratio-r2048-k8192,rootsift,nn_ratio,2048,8192,221,107_0005_0012.JPG,107_0005_0013.JPG,6171,6226,2372,2330,0.9822934232715008,377.5725166099498,0.84375,0.828125,0.9836285710334778,False,ok,0.12138680001953617
D1_154_building,rootsift-nn_ratio-r2048-k8192,rootsift,nn_ratio,2048,8192,222,107_0005_0012.JPG,107_0005_0014.JPG,6171,6219,1229,1178,0.9585028478437754,190.89288608005185,0.625,0.578125,0.9787478446960449,False,ok,0.040595400001620874
D1_154_building,rootsift-nn_ratio-r2048-k8192,rootsift,nn_ratio,2048,8192,223,107_0005_0012.JPG,107_0005_0015.JPG,6171,6221,571,526,0.9211908931698775,85.23740074542214,0.359375,0.34375,0.9751367568969727,False,ok,0.021109499997692183
D1_154_building,rootsift-nn_ratio-r2048-k8192,rootsift,nn_ratio,2048,8192,224,107_0005_0012.JPG,107_0005_0016.JPG,6171,6252,190,152,0.8,24.63134013936153,0.203125,0.1875,0.9656322002410889,False,ok,0.0183305999962613
D1_154_building,rootsift-nn_ratio-r2048-k8192,rootsift,nn_ratio,2048,8192,225,107_0005_0012.JPG,107_0005_0017.JPG,6171,6210,30,8,0.26666666666666666,1.2963863231242911,0.125,0.125,0.9395716786384583,True,ok,0.019490899983793497
D1_154_building,rootsift-nn_ratio-r2048-k8192,rootsift,nn_ratio,2048,8192,226,107_0005_0012.JPG,107_0005_0018.JPG,6171,6296,31,9,0.2903225806451613,1.4584346135148274,0.109375,0.125,0.9481014609336853,True,ok,0.01825759999337606
D1_154_building,rootsift-nn_ratio-r2048-k8192,rootsift,nn_ratio,2048,8192,227,107_0005_0012.JPG,107_0005_0019.JPG,6171,6277,24,8,0.3333333333333333,1.2963863231242911,0.125,0.109375,0.9428749084472656,True,ok,0.01640310001675971
D1_154_building,rootsift-nn_ratio-r2048-k8192,rootsift,nn_ratio,2048,8192,228,107_0005_0012.JPG,107_0005_0020.JPG,6171,6244,25,8,0.32,1.2963863231242911,0.125,0.109375,0.9378275871276855,True,ok,0.0181200000224635
D1_154_building,rootsift-nn_ratio-r2048-k8192,rootsift,nn_ratio,2048,8192,229,107_0005_0012.JPG,107_0005_0030.JPG,6171,6158,1650,1624,0.9842424242424243,263.72198765833065,0.71875,0.734375,0.981411874294281,False,ok,0.020054500026162714
D1_154_building,rootsift-nn_ratio-r2048-k8192,rootsift,nn_ratio,2048,8192,230,107_0005_0012.JPG,107_0005_0031.JPG,6171,6249,2058,1811,0.879980563654033,293.46945389726136,0.828125,0.796875,0.9841169714927673,False,ok,0.025140299985650927
D1_154_building,rootsift-nn_ratio-r2048-k8192,rootsift,nn_ratio,2048,8192,231,107_0005_0012.JPG,107_0005_0032.JPG,6171,6227,875,840,0.96,136.12056392805056,0.46875,0.4375,0.977737307548523,False,ok,0.03639990001101978
D1_154_building,rootsift-nn_ratio-r2048-k8192,rootsift,nn_ratio,2048,8192,232,107_0005_0012.JPG,107_0005_0033.JPG,6171,6317,907,866,0.9547960308710033,140.3338194782045,0.625,0.515625,0.9734382033348083,False,ok,0.026098000002093613
D1_154_building,rootsift-nn_ratio-r2048-k8192,rootsift,nn_ratio,2048,8192,233,107_0005_0012.JPG,107_0005_0115.JPG,6171,6348,745,613,0.8228187919463087,99.3356020093988,0.46875,0.453125,0.9739106893539429,False,ok,0.1209513999929186
D1_154_building,rootsift-nn_ratio-r2048-k8192,rootsift,nn_ratio,2048,8192,234,107_0005_0012.JPG,107_0005_0116.JPG,6171,6381,762,666,0.8740157480314961,107.92416140009723,0.5,0.453125,0.9748549461364746,False,ok,0.10137290001148358
D1_154_building,rootsift-nn_ratio-r2048-k8192,rootsift,nn_ratio,2048,8192,235,107_0005_0012.JPG,107_0005_0133.JPG,6171,6083,715,623,0.8713286713286713,102.41657077100115,0.515625,0.5,0.9710906744003296,False,ok,0.09687240002676845
D1_154_building,rootsift-nn_ratio-r2048-k8192,rootsift,nn_ratio,2048,8192,236,107_0005_0012.JPG,107_0005_0136.JPG,6171,6031,830,733,0.8831325301204819,121.53871663074118,0.890625,0.609375,0.965955376625061,False,ok,0.087619400001131
D1_154_building,rootsift-nn_ratio-r2048-k8192,rootsift,nn_ratio,2048,8192,237,107_0005_0012.JPG,107_0005_0137.JPG,6171,6056,922,806,0.8741865509761388,133.09114927344783,0.9375,0.671875,0.9650917053222656,False,ok,0.018744100001640618
D1_154_building,rootsift-nn_ratio-r2048-k8192,rootsift,nn_ratio,2048,8192,238,107_0005_0012.JPG,107_0005_0138.JPG,6171,6039,936,813,0.8685897435897436,134.62493790362643,0.921875,0.765625,0.9662870168685913,False,ok,0.10099589999299496
D1_154_building,rootsift-nn_ratio-r2048-k8192,rootsift,nn_ratio,2048,8192,239,107_0005_0012.JPG,107_0005_0139.JPG,6171,6096,1242,1114,0.8969404186795491,182.74278215223097,0.84375,0.703125,0.9707127809524536,False,ok,0.12166889998479746
D1_154_building,rootsift-nn_ratio-r2048-k8192,rootsift,nn_ratio,2048,8192,240,107_0005_0012.JPG,107_0005_0140.JPG,6171,6155,1182,1091,0.9230118443316413,177.25426482534525,0.671875,0.625,0.9766162037849426,False,ok,0.10081919998629019
D1_154_building,rootsift-nn_ratio-r2048-k8192,rootsift,nn_ratio,2048,8192,241,107_0005_0012.JPG,107_0005_0141.JPG,6171,6152,844,755,0.8945497630331753,122.72431729518856,0.484375,0.46875,0.9779767990112305,False,ok,0.015916299977106974
D1_154_building,rootsift-nn_ratio-r2048-k8192,rootsift,nn_ratio,2048,8192,242,107_0005_0012.JPG,107_0005_0142.JPG,6171,6118,341,286,0.8387096774193549,46.74730304020922,0.234375,0.234375,0.9710250496864319,False,ok,0.04071590001694858
D1_154_building,rootsift-nn_ratio-r2048-k8192,rootsift,nn_ratio,2048,8192,243,107_0005_0012.JPG,107_0005_0153.JPG,6171,6264,626,418,0.6677316293929713,67.7361853832442,0.4375,0.390625,0.9692942500114441,False,ok,0.12098370000603609
D1_154_building,rootsift-nn_ratio-r2048-k8192,rootsift,nn_ratio,2048,8192,244,107_0005_0012.JPG,107_0005_0154.JPG,6171,6185,685,478,0.6978102189781021,77.45908280667639,0.65625,0.5,0.9661784768104553,False,ok,0.10085620000609197
D1_154_building,rootsift-nn_ratio-r2048-k8192,rootsift,nn_ratio,2048,8192,245,107_0005_0013.JPG,107_0005_0014.JPG,6226,6219,2327,2280,0.9798023205844435,366.6184273999035,0.859375,0.859375,0.9856929779052734,False,ok,0.016814200003864244
D1_154_building,rootsift-nn_ratio-r2048-k8192,rootsift,nn_ratio,2048,8192,246,107_0005_0013.JPG,107_0005_0015.JPG,6226,6221,1236,1168,0.9449838187702265,187.75116540749076,0.578125,0.59375,0.9796459674835205,False,ok,0.05272459998377599
D1_154_building,rootsift-nn_ratio-r2048-k8192,rootsift,nn_ratio,2048,8192,247,107_0005_0013.JPG,107_0005_0016.JPG,6226,6252,563,496,0.8809946714031972,79.66591712174751,0.40625,0.4375,0.9726465940475464,False,ok,0.12245699999039061
D1_154_building,rootsift-nn_ratio-r2048-k8192,rootsift,nn_ratio,2048,8192,248,107_0005_0013.JPG,107_0005_0017.JPG,6226,6210,178,140,0.7865168539325843,22.544283413848632,0.1875,0.171875,0.9677761793136597,False,ok,0.1009319000004325
D1_154_building,rootsift-nn_ratio-r2048-k8192,rootsift,nn_ratio,2048,8192,249,107_0005_0013.JPG,107_0005_0018.JPG,6226,6296,41,9,0.21951219512195122,1.44555091551558,0.140625,0.125,0.9418013095855713,True,ok,0.12107410002499819
D1_154_building,rootsift-nn_ratio-r2048-k8192,rootsift,nn_ratio,2048,8192,250,107_0005_0013.JPG,107_0005_0019.JPG,6226,6277,31,9,0.2903225806451613,1.44555091551558,0.140625,0.140625,0.9427103996276855,True,ok,0.0190532999986317
D1_154_building,rootsift-nn_ratio-r2048-k8192,rootsift,nn_ratio,2048,8192,251,107_0005_0013.JPG,107_0005_0020.JPG,6226,6244,27,8,0.2962962962962963,1.2849341471249598,0.109375,0.109375,0.9408254027366638,True,ok,0.10093470002175309
D1_154_building,rootsift-nn_ratio-r2048-k8192,rootsift,nn_ratio,2048,8192,252,107_0005_0013.JPG,107_0005_0021.JPG,6226,6204,23,9,0.391304347826087,1.4506769825918762,0.140625,0.09375,0.9383590817451477,True,ok,0.12100610000197776
D1_154_building,rootsift-nn_ratio-r2048-k8192,rootsift,nn_ratio,2048,8192,253,107_0005_0013.JPG,107_0005_0031.JPG,6226,6249,2441,2382,0.9758295780417862,382.5891423064568,0.875,0.859375,0.9887545108795166,False,ok,0.016003700002329424
D1_154_building,rootsift-nn_ratio-r2048-k8192,rootsift,nn_ratio,2048,8192,254,107_0005_0013.JPG,107_0005_0032.JPG,6226,6227,1112,1085,0.9757194244604317,174.26919370382268,0.5,0.46875,0.9826232194900513,False,ok,0.018465899978764355
D1_154_building,rootsift-nn_ratio-r2048-k8192,rootsift,nn_ratio,2048,8192,255,107_0005_0013.JPG,107_0005_0033.JPG,6226,6317,1011,960,0.9495548961424333,154.1920976549952,0.59375,0.5,0.9756042957305908,False,ok,0.12093340000137687
D1_154_building,rootsift-nn_ratio-r2048-k8192,rootsift,nn_ratio,2048,8192,256,107_0005_0013.JPG,107_0005_0114.JPG,6226,6327,739,586,0.7929634641407307,94.1214262769033,0.40625,0.4375,0.9748924970626831,False,ok,0.10135510002146475
D1_154_building,rootsift-nn_ratio-r2048-k8192,rootsift,nn_ratio,2048,8192,257,107_0005_0013.JPG,107_0005_0115.JPG,6226,6348,1059,972,0.9178470254957507,156.1194988756826,0.5,0.5,0.9817773103713989,False,ok,0.1209781999932602
D1_154_building,rootsift-nn_ratio-r2048-k8192,rootsift,nn_ratio,2048,8192,258,107_0005_0013.JPG,107_0005_0116.JPG,6226,6381,1073,977,0.9105312208760484,156.92258271763572,0.453125,0.46875,0.9813961386680603,False,ok,0.017749400023603812
D1_154_building,rootsift-nn_ratio-r2048-k8192,rootsift,nn_ratio,2048,8192,259,107_0005_0013.JPG,107_0005_0117.JPG,6226,6474,942,873,0.9267515923566879,140.21843880501123,0.65625,0.546875,0.974498987197876,False,ok,0.05782750001526438
D1_154_building,rootsift-nn_ratio-r2048-k8192,rootsift,nn_ratio,2048,8192,260,107_0005_0013.JPG,107_0005_0140.JPG,6226,6155,1105,977,0.8841628959276018,158.73273761169781,0.78125,0.671875,0.9690369963645935,False,ok,0.10108029999537393
D1_154_building,rootsift-nn_ratio-r2048-k8192,rootsift,nn_ratio,2048,8192,261,107_0005_0013.JPG,107_0005_0141.JPG,6226,6152,1066,925,0.8677298311444653,150.35760728218466,0.6875,0.5625,0.974544107913971,False,ok,0.1112301999819465
D1_154_building,rootsift-nn_ratio-r2048-k8192,rootsift,nn_ratio,2048,8192,262,107_0005_0013.JPG,107_0005_0142.JPG,6226,6118,816,720,0.8823529411764706,117.68551814318404,0.453125,0.484375,0.9776836633682251,False,ok,0.015951199980918318
D1_154_building,rootsift-nn_ratio-r2048-k8192,rootsift,nn_ratio,2048,8192,263,107_0005_0013.JPG,107_0005_0143.JPG,6226,6166,399,351,0.8796992481203008,56.925072980862794,0.265625,0.328125,0.9738163948059082,False,ok,0.020330200000898913
D1_154_building,rootsift-nn_ratio-r2048-k8192,rootsift,nn_ratio,2048,8192,264,107_0005_0014.JPG,107_0005_0015.JPG,6219,6221,2237,2183,0.975860527492177,351.0210644798199,0.8125,0.859375,0.9853254556655884,False,ok,0.12111690000165254
D1_154_building,rootsift-nn_ratio-r2048-k8192,rootsift,nn_ratio,2048,8192,265,107_0005_0014.JPG,107_0005_0016.JPG,6219,6252,1174,1110,0.9454855195911414,178.48528702363723,0.578125,0.609375,0.9785041809082031,False,ok,0.10139940000954084
D1_154_building,rootsift-nn_ratio-r2048-k8192,rootsift,nn_ratio,2048,8192,266,107_0005_0014.JPG,107_0005_0017.JPG,6219,6210,520,447,0.8596153846153847,71.98067632850241,0.375,0.46875,0.9723407626152039,False,ok,0.12110720001510344
D1_154_building,rootsift-nn_ratio-r2048-k8192,rootsift,nn_ratio,2048,8192,267,107_0005_0014.JPG,107_0005_0018.JPG,6219,6296,220,180,0.8181818181818182,28.94356005788712,0.21875,0.234375,0.9655141830444336,False,ok,0.018340000009629875
D1_154_building,rootsift-nn_ratio-r2048-k8192,rootsift,nn_ratio,2048,8192,268,107_0005_0014.JPG,107_0005_0019.JPG,6219,6277,70,42,0.6,6.753497346840328,0.109375,0.125,0.9593203067779541,False,ok,0.03921170000103302
D1_154_building,rootsift-nn_ratio-r2048-k8192,rootsift,nn_ratio,2048,8192,269,107_0005_0014.JPG,107_0005_0020.JPG,6219,6244,64,35,0.546875,5.627914455700274,0.109375,0.078125,0.9578412175178528,False,ok,0.12157330001355149
D1_154_building,rootsift-nn_ratio-r2048-k8192,rootsift,nn_ratio,2048,8192,270,107_0005_0014.JPG,107_0005_0021.JPG,6219,6204,73,38,0.5205479452054794,6.125080593165699,0.109375,0.109375,0.9512166976928711,False,ok,0.10091269999975339
D1_154_building,rootsift-nn_ratio-r2048-k8192,rootsift,nn_ratio,2048,8192,271,107_0005_0014.JPG,107_0005_0022.JPG,6219,6208,62,33,0.532258064516129,5.315721649484536,0.09375,0.078125,0.9545175433158875,False,ok,0.016812300018500537
D1_154_building,rootsift-nn_ratio-r2048-k8192,rootsift,nn_ratio,2048,8192,272,107_0005_0014.JPG,107_0005_0031.JPG,6219,6249,1679,1494,0.889815366289458,240.2315484804631,0.71875,0.703125,0.9818906188011169,False,ok,0.05344040002091788
D1_154_building,rootsift-nn_ratio-r2048-k8192,rootsift,nn_ratio,2048,8192,273,107_0005_0014.JPG,107_0005_0032.JPG,6219,6227,940,903,0.9606382978723405,145.20019295706706,0.421875,0.40625,0.976707935333252,False,ok,0.12143640001886524
D1_154_building,rootsift-nn_ratio-r2048-k8192,rootsift,nn_ratio,2048,8192,274,107_0005_0014.JPG,107_0005_0048.JPG,6219,6197,877,817,0.9315849486887116,131.83798612231726,0.4375,0.4375,0.9768530130386353,False,ok,0.10096229999908246
D1_154_building,rootsift-nn_ratio-r2048-k8192,rootsift,nn_ratio,2048,8192,275,107_0005_0014.JPG,107_0005_0049.JPG,6219,6199,910,854,0.9384615384615385,137.76415550895305,0.46875,0.453125,0.9778342843055725,False,ok,0.12106219999259338
D1_154_building,rootsift-nn_ratio-r2048-k8192,rootsift,nn_ratio,2048,8192,276,107_0005_0014.JPG,107_0005_0081.JPG,6219,6171,1130,1050,0.9292035398230089,170.1507049100632,0.5625,0.578125,0.9735623598098755,False,ok,0.01707570001599379
D1_154_building,rootsift-nn_ratio-r2048-k8192,rootsift,nn_ratio,2048,8192,277,107_0005_0014.JPG,107_0005_0114.JPG,6219,6327,1040,911,0.8759615384615385,146.48657340408425,0.4375,0.484375,0.9790123701095581,False,ok,0.08335530001204461
D1_154_building,rootsift-nn_ratio-r2048-k8192,rootsift,nn_ratio,2048,8192,278,107_0005_0014.JPG,107_0005_0115.JPG,6219,6348,928,753,0.8114224137931034,121.08055957549445,0.375,0.359375,0.9766470193862915,False,ok,0.10087510000448674
D1_154_building,rootsift-nn_ratio-r2048-k8192,rootsift,nn_ratio,2048,8192,279,107_0005_0014.JPG,107_0005_0116.JPG,6219,6381,892,739,0.82847533632287,118.82939379321434,0.390625,0.390625,0.9751941561698914,False,ok,0.12126839999109507
D1_154_building,rootsift-nn_ratio-r2048-k8192,rootsift,nn_ratio,2048,8192,280,107_0005_0014.JPG,107_0005_0142.JPG,6219,6118,1012,909,0.8982213438735178,148.57796665576987,0.640625,0.5625,0.9733920693397522,False,ok,0.01740009998320602
D1_154_building,rootsift-nn_ratio-r2048-k8192,rootsift,nn_ratio,2048,8192,281,107_0005_0014.JPG,107_0005_0143.JPG,6219,6166,844,741,0.8779620853080569,120.17515407071035,0.4375,0.46875,0.9786418676376343,False,ok,0.11318139999639243
D1_154_building,rootsift-nn_ratio-r2048-k8192,rootsift,nn_ratio,2048,8192,282,107_0005_0014.JPG,107_0005_0144.JPG,6219,6117,441,405,0.9183673469387755,66.20892594409024,0.28125,0.34375,0.9746975302696228,False,ok,0.10092799999983981
D1_154_building,rootsift-nn_ratio-r2048-k8192,rootsift,nn_ratio,2048,8192,283,107_0005_0015.JPG,107_0005_0016.JPG,6221,6252,2268,2193,0.966931216931217,352.51567272142745,0.84375,0.875,0.98539137840271,False,ok,0.12204449999262579
D1_154_building,rootsift-nn_ratio-r2048-k8192,rootsift,nn_ratio,2048,8192,284,107_0005_0015.JPG,107_0005_0017.JPG,6221,6210,1207,1121,0.9287489643744822,180.51529790660226,0.609375,0.6875,0.9798891544342041,False,ok,0.01902069998322986
D1_154_building,rootsift-nn_ratio-r2048-k8192,rootsift,nn_ratio,2048,8192,285,107_0005_0015.JPG,107_0005_0018.JPG,6221,6296,690,622,0.9014492753623189,99.98392541392059,0.421875,0.515625,0.9739344716072083,False,ok,0.0702191999880597
D1_154_building,rootsift-nn_ratio-r2048-k8192,rootsift,nn_ratio,2048,8192,286,107_0005_0015.JPG,107_0005_0019.JPG,6221,6277,404,344,0.8514851485148515,55.29657611316509,0.28125,0.328125,0.971610963344574,False,ok,0.1191638000018429
D1_154_building,rootsift-nn_ratio-r2048-k8192,rootsift,nn_ratio,2048,8192,287,107_0005_0015.JPG,107_0005_0020.JPG,6221,6244,342,295,0.8625730994152047,47.420028934254944,0.21875,0.25,0.970518171787262,False,ok,0.10146099998382851
D1_154_building,rootsift-nn_ratio-r2048-k8192,rootsift,nn_ratio,2048,8192,288,107_0005_0015.JPG,107_0005_0021.JPG,6221,6204,294,262,0.891156462585034,42.23081882656351,0.1875,0.25,0.9720845222473145,False,ok,0.0162205999949947
D1_154_building,rootsift-nn_ratio-r2048-k8192,rootsift,nn_ratio,2048,8192,289,107_0005_0015.JPG,107_0005_0022.JPG,6221,6208,296,255,0.8614864864864865,41.07603092783505,0.21875,0.234375,0.9697203636169434,False,ok,0.018015600013313815
D1_154_building,rootsift-nn_ratio-r2048-k8192,rootsift,nn_ratio,2048,8192,290,107_0005_0015.JPG,107_0005_0023.JPG,6221,6221,542,486,0.8966789667896679,78.12248834592509,0.3125,0.375,0.9745859503746033,False,ok,0.10091100001591258
D1_154_building,rootsift-nn_ratio-r2048-k8192,rootsift,nn_ratio,2048,8192,291,107_0005_0015.JPG,107_0005_0047.JPG,6221,6280,1168,1100,0.9417808219178082,176.820446873493,0.5625,0.53125,0.9778346419334412,False,ok,0.12137530001928098
D1_154_building,rootsift-nn_ratio-r2048-k8192,rootsift,nn_ratio,2048,8192,292,107_0005_0015.JPG,107_0005_0048.JPG,6221,6197,1150,1122,0.9756521739130435,181.0553493625948,0.46875,0.4375,0.9826323390007019,False,ok,0.10136499998043291
D1_154_building,rootsift-nn_ratio-r2048-k8192,rootsift,nn_ratio,2048,8192,293,107_0005_0015.JPG,107_0005_0049.JPG,6221,6199,1154,1117,0.9679376083188909,180.19035328278756,0.46875,0.4375,0.9825156927108765,False,ok,0.01804419999825768
D1_154_building,rootsift-nn_ratio-r2048-k8192,rootsift,nn_ratio,2048,8192,294,107_0005_0015.JPG,107_0005_0080.JPG,6221,6246,918,825,0.8986928104575164,132.61533515511977,0.59375,0.46875,0.9739721417427063,False,ok,0.08251370000652969
D1_154_building,rootsift-nn_ratio-r2048-k8192,rootsift,nn_ratio,2048,8192,295,107_0005_0015.JPG,107_0005_0081.JPG,6221,6171,728,642,0.8818681318681318,104.03500243072436,0.328125,0.375,0.974027693271637,False,ok,0.11908619999303482
D1_154_building,rootsift-nn_ratio-r2048-k8192,rootsift,nn_ratio,2048,8192,296,107_0005_0015.JPG,107_0005_0111.JPG,6221,6473,775,676,0.8722580645161291,108.66420189680116,0.5625,0.515625,0.9723461866378784,False,ok,0.1154102000000421
D1_154_building,rootsift-nn_ratio-r2048-k8192,rootsift,nn_ratio,2048,8192,297,107_0005_0015.JPG,107_0005_0112.JPG,6221,6392,976,733,0.7510245901639344,117.82671596206397,0.421875,0.40625,0.9785147309303284,False,ok,0.05522040001233108
D1_154_building,rootsift-nn_ratio-r2048-k8192,rootsift,nn_ratio,2048,8192,298,107_0005_0015.JPG,107_0005_0113.JPG,6221,6395,1006,744,0.7395626242544732,119.59492043079891,0.375,0.375,0.9781649112701416,False,ok,0.10106729998369701
D1_154_building,rootsift-nn_ratio-r2048-k8192,rootsift,nn_ratio,2048,8192,299,107_0005_0015.JPG,107_0005_0114.JPG,6221,6327,870,610,0.7011494252873564,98.05497508439157,0.359375,0.375,0.9742886424064636,False,ok,0.12128779999329709
D1_154_building,rootsift-nn_ratio-r2048-k8192,rootsift,nn_ratio,2048,8192,300,107_0005_0015.JPG,107_0005_0143.JPG,6221,6166,1142,988,0.8651488616462347,160.23353876094714,0.625,0.5625,0.9754335880279541,False,ok,0.0900153000256978
D1_154_building,rootsift-nn_ratio-r2048-k8192,rootsift,nn_ratio,2048,8192,301,107_0005_0015.JPG,107_0005_0144.JPG,6221,6117,1064,970,0.9116541353383458,158.5744646068334,0.484375,0.5,0.9796280264854431,False,ok,0.018360900023253635
D1_154_building,rootsift-nn_ratio-r2048-k8192,rootsift,nn_ratio,2048,8192,302,107_0005_0015.JPG,107_0005_0145.JPG,6221,6173,654,574,0.8776758409785933,92.98558237485825,0.375,0.375,0.9754784107208252,False,ok,0.10097410000162199
D1_154_building,rootsift-nn_ratio-r2048-k8192,rootsift,nn_ratio,2048,8192,303,107_0005_0015.JPG,107_0005_0146.JPG,6221,6171,526,457,0.8688212927756654,74.05606870847512,0.328125,0.3125,0.9724335074424744,False,ok,0.12120530000538565
D1_154_building,rootsift-nn_ratio-r2048-k8192,rootsift,nn_ratio,2048,8192,304,107_0005_0016.JPG,107_0005_0017.JPG,6252,6210,2232,2168,0.9713261648745519,349.11433172302736,0.84375,0.890625,0.9859265685081482,False,ok,0.01647549998597242
D1_154_building,rootsift-nn_ratio-r2048-k8192,rootsift,nn_ratio,2048,8192,305,107_0005_0016.JPG,107_0005_0018.JPG,6252,6296,1336,1237,0.9258982035928144,197.85668586052464,0.625,0.671875,0.9791894555091858,False,ok,0.06870740000158548
D1_154_building,rootsift-nn_ratio-r2048-k8192,rootsift,nn_ratio,2048,8192,306,107_0005_0016.JPG,107_0005_0019.JPG,6252,6277,857,778,0.9078179696616102,124.44017914267434,0.5,0.546875,0.9749968647956848,False,ok,0.09546189999673516
D1_154_building,rootsift-nn_ratio-r2048-k8192,rootsift,nn_ratio,2048,8192,307,107_0005_0016.JPG,107_0005_0020.JPG,6252,6244,773,723,0.9353169469598965,115.79115951313261,0.4375,0.4375,0.9757561683654785,False,ok,0.12145279999822378
D1_154_building,rootsift-nn_ratio-r2048-k8192,rootsift,nn_ratio,2048,8192,308,107_0005_0016.JPG,107_0005_0021.JPG,6252,6204,632,588,0.930379746835443,94.77756286266924,0.375,0.375,0.9748829007148743,False,ok,0.12108480001916178
D1_154_building,rootsift-nn_ratio-r2048-k8192,rootsift,nn_ratio,2048,8192,309,107_0005_0016.JPG,107_0005_0022.JPG,6252,6208,580,532,0.9172413793103448,85.69587628865979,0.375,0.34375,0.9750835299491882,False,ok,0.019194900000002235
D1_154_building,rootsift-nn_ratio-r2048-k8192,rootsift,nn_ratio,2048,8192,310,107_0005_0016.JPG,107_0005_0023.JPG,6252,6221,1005,951,0.9462686567164179,152.8693136151744,0.5,0.546875,0.9784045219421387,False,ok,0.021563699992839247
D1_154_building,rootsift-nn_ratio-r2048-k8192,rootsift,nn_ratio,2048,8192,311,107_0005_0016.JPG,107_0005_0024.JPG,6252,6185,1420,1364,0.9605633802816902,220.53354890864995,0.59375,0.734375,0.9807915687561035,False,ok,0.09096210001735017
D1_154_building,rootsift-nn_ratio-r2048-k8192,rootsift,nn_ratio,2048,8192,312,107_0005_0016.JPG,107_0005_0047.JPG,6252,6280,1109,1057,0.9531109107303878,169.06589891234805,0.546875,0.515625,0.9753330945968628,False,ok,0.12102319998666644
D1_154_building,rootsift-nn_ratio-r2048-k8192,rootsift,nn_ratio,2048,8192,313,107_0005_0016.JPG,107_0005_0048.JPG,6252,6197,1070,993,0.9280373831775701,160.2388252380184,0.4375,0.421875,0.9792660474777222,False,ok,0.017334400006802753
D1_154_building,rootsift-nn_ratio-r2048-k8192,rootsift,nn_ratio,2048,8192,314,107_0005_0016.JPG,107_0005_0049.JPG,6252,6199,1081,1041,0.9629972247918593,167.9303113405388,0.46875,0.453125,0.9787403345108032,False,ok,0.10649999999441206
D1_154_building,rootsift-nn_ratio-r2048-k8192,rootsift,nn_ratio,2048,8192,315,107_0005_0016.JPG,107_0005_0050.JPG,6252,6154,1122,1054,0.9393939393939394,171.2707182320442,0.453125,0.453125,0.9826122522354126,False,ok,0.11394849998760037
D1_154_building,rootsift-nn_ratio-r2048-k8192,rootsift,nn_ratio,2048,8192,316,107_0005_0016.JPG,107_0005_0051.JPG,6252,6205,874,848,0.9702517162471396,136.66398066075746,0.4375,0.46875,0.9787792563438416,False,ok,0.1189586000109557
D1_154_building,rootsift-nn_ratio-r2048-k8192,rootsift,nn_ratio,2048,8192,317,107_0005_0016.JPG,107_0005_0079.JPG,6252,6260,814,749,0.9201474201474201,119.80166346769033,0.578125,0.53125,0.9731959104537964,False,ok,0.019715000002179295
D1_154_building,rootsift-nn_ratio-r2048-k8192,rootsift,nn_ratio,2048,8192,318,107_0005_0016.JPG,107_0005_0080.JPG,6252,6246,561,491,0.875222816399287,78.61031059878322,0.34375,0.359375,0.9715714454650879,False,ok,0.020679299981566146
D1_154_building,rootsift-nn_ratio-r2048-k8192,rootsift,nn_ratio,2048,8192,319,107_0005_0016.JPG,107_0005_0081.JPG,6252,6171,264,212,0.803030303030303,34.35423756279371,0.21875,0.25,0.9672802090644836,False,ok,0.01822070000343956
D1_154_building,rootsift-nn_ratio-r2048-k8192,rootsift,nn_ratio,2048,8192,320,107_0005_0016.JPG,107_0005_0112.JPG,6252,6392,1044,776,0.7432950191570882,124.12028150991682,0.390625,0.375,0.9766538739204407,False,ok,0.02172479999717325
D1_154_building,rootsift-nn_ratio-r2048-k8192,rootsift,nn_ratio,2048,8192,321,107_0005_0016.JPG,107_0005_0113.JPG,6252,6395,1047,845,0.8070678127984718,135.1567498400512,0.4375,0.40625,0.976598858833313,False,ok,0.022218900005100295
D1_154_building,rootsift-nn_ratio-r2048-k8192,rootsift,nn_ratio,2048,8192,322,107_0005_0016.JPG,107_0005_0144.JPG,6252,6117,1280,1186,0.9265625,193.88589177701488,0.71875,0.625,0.9770956039428711,False,ok,0.025999900011811405
D1_154_building,rootsift-nn_ratio-r2048-k8192,rootsift,nn_ratio,2048,8192,323,107_0005_0016.JPG,107_0005_0145.JPG,6252,6173,1173,1042,0.8883205456095482,168.79961121010854,0.578125,0.484375,0.9787349700927734,False,ok,0.019790699996519834
D1_154_building,rootsift-nn_ratio-r2048-k8192,rootsift,nn_ratio,2048,8192,324,107_0005_0016.JPG,107_0005_0146.JPG,6252,6171,948,694,0.7320675105485233,112.46151353103225,0.421875,0.375,0.9742935299873352,False,ok,0.021876400016481057
D1_154_building,rootsift-nn_ratio-r2048-k8192,rootsift,nn_ratio,2048,8192,325,107_0005_0017.JPG,107_0005_0018.JPG,6210,6296,2376,2281,0.960016835016835,367.3107890499195,0.875,0.890625,0.9854198694229126,False,ok,0.02148930000839755
D1_154_building,rootsift-nn_ratio-r2048-k8192,rootsift,nn_ratio,2048,8192,326,107_0005_0017.JPG,107_0005_0019.JPG,6210,6277,1605,1473,0.9177570093457944,237.19806763285024,0.734375,0.75,0.9795892238616943,False,ok,0.02053069998510182
D1_154_building,rootsift-nn_ratio-r2048-k8192,rootsift,nn_ratio,2048,8192,327,107_0005_0017.JPG,107_0005_0020.JPG,6210,6244,1449,1399,0.9654934437543133,225.28180354267312,0.625,0.65625,0.9790040850639343,False,ok,0.02265689999330789
D1_154_building,rootsift-nn_ratio-r2048-k8192,rootsift,nn_ratio,2048,8192,328,107_0005_0017.JPG,107_0005_0021.JPG,6210,6204,1079,1038,0.9620018535681186,167.31141199226306,0.5625,0.5625,0.9769151210784912,False,ok,0.03082630000426434
D1_154_building,rootsift-nn_ratio-r2048-k8192,rootsift,nn_ratio,2048,8192,329,107_0005_0017.JPG,107_0005_0022.JPG,6210,6208,1030,976,0.9475728155339805,157.2164948453608,0.5625,0.546875,0.9769758582115173,False,ok,0.032404800003860146
D1_154_building,rootsift-nn_ratio-r2048-k8192,rootsift,nn_ratio,2048,8192,330,107_0005_0017.JPG,107_0005_0023.JPG,6210,6221,1508,1450,0.9615384615384616,233.49436392914654,0.671875,0.734375,0.9797435402870178,False,ok,0.13030780002009124
D1_154_building,rootsift-nn_ratio-r2048-k8192,rootsift,nn_ratio,2048,8192,331,107_0005_0017.JPG,107_0005_0024.JPG,6210,6185,1452,1382,0.9517906336088154,223.44381568310428,0.71875,0.71875,0.9813011884689331,False,ok,0.11612979997880757
D1_154_building,rootsift-nn_ratio-r2048-k8192,rootsift,nn_ratio,2048,8192,332,107_0005_0017.JPG,107_0005_0025.JPG,6210,6233,912,851,0.9331140350877193,137.03703703703704,0.5,0.515625,0.9797207117080688,False,ok,0.10116960000596009
D1_154_building,rootsift-nn_ratio-r2048-k8192,rootsift,nn_ratio,2048,8192,333,107_0005_0017.JPG,107_0005_0050.JPG,6210,6154,1071,1038,0.969187675070028,168.67078323041923,0.46875,0.46875,0.9812896251678467,False,ok,0.021150800021132454
D1_154_building,rootsift-nn_ratio-r2048-k8192,rootsift,nn_ratio,2048,8192,334,107_0005_0017.JPG,107_0005_0051.JPG,6210,6205,1093,1062,0.9716376944190301,171.1522965350524,0.46875,0.453125,0.9840817451477051,False,ok,0.051765000011073425
D1_154_building,rootsift-nn_ratio-r2048-k8192,rootsift,nn_ratio,2048,8192,335,107_0005_0017.JPG,107_0005_0052.JPG,6210,6166,1015,993,0.9783251231527094,161.044437236458,0.46875,0.484375,0.9831256866455078,False,ok,0.12109380000038072
D1_154_building,rootsift-nn_ratio-r2048-k8192,rootsift,nn_ratio,2048,8192,336,107_0005_0017.JPG,107_0005_0053.JPG,6210,6119,1137,1056,0.9287598944591029,172.57721849975485,0.609375,0.546875,0.9792255163192749,False,ok,0.10105190001195297
D1_154_building,rootsift-nn_ratio-r2048-k8192,rootsift,nn_ratio,2048,8192,337,107_0005_0017.JPG,107_0005_0078.JPG,6210,6244,973,900,0.9249743062692704,144.92753623188406,0.609375,0.484375,0.9744530320167542,False,ok,0.12102399999275804
D1_154_building,rootsift-nn_ratio-r2048-k8192,rootsift,nn_ratio,2048,8192,338,107_0005_0017.JPG,107_0005_0079.JPG,6210,6260,495,430,0.8686868686868687,69.24315619967794,0.359375,0.375,0.9724822044372559,False,ok,0.016590300016105175
D1_154_building,rootsift-nn_ratio-r2048-k8192,rootsift,nn_ratio,2048,8192,339,107_0005_0017.JPG,107_0005_0095.JPG,6210,6475,1004,787,0.7838645418326693,126.73107890499195,0.53125,0.46875,0.9748759865760803,False,ok,0.0839618000027258
D1_154_building,rootsift-nn_ratio-r2048-k8192,rootsift,nn_ratio,2048,8192,340,107_0005_0017.JPG,107_0005_0096.JPG,6210,6365,1073,811,0.7558247903075489,130.59581320450886,0.4375,0.40625,0.9793779850006104,False,ok,0.1014283999975305
D1_154_building,rootsift-nn_ratio-r2048-k8192,rootsift,nn_ratio,2048,8192,341,107_0005_0017.JPG,107_0005_0097.JPG,6210,6325,1065,908,0.8525821596244132,146.2157809983897,0.59375,0.484375,0.9763283133506775,False,ok,0.121680699987337
D1_154_building,rootsift-nn_ratio-r2048-k8192,rootsift,nn_ratio,2048,8192,342,107_0005_0017.JPG,107_0005_0145.JPG,6210,6173,1331,1195,0.8978211870773855,193.58496679086343,0.75,0.625,0.975907027721405,False,ok,0.018693000019993633
D1_154_building,rootsift-nn_ratio-r2048-k8192,rootsift,nn_ratio,2048,8192,343,107_0005_0018.JPG,107_0005_0019.JPG,6296,6277,2866,2740,0.9560362875087229,436.51425840369603,0.875,0.890625,0.9869838953018188,False,ok,0.03712860000086948
D1_154_building,rootsift-nn_ratio-r2048-k8192,rootsift,nn_ratio,2048,8192,344,107_0005_0018.JPG,107_0005_0020.JPG,6296,6244,2316,2283,0.9857512953367875,365.6310057655349,0.765625,0.765625,0.9824146032333374,False,ok,0.12129609999828972
D1_154_building,rootsift-nn_ratio-r2048-k8192,rootsift,nn_ratio,2048,8192,345,107_0005_0018.JPG,107_0005_0021.JPG,6296,6204,1598,1545,0.9668335419274092,249.0328820116054,0.65625,0.65625,0.9781558513641357,False,ok,0.10095759999239817
D1_154_building,rootsift-nn_ratio-r2048-k8192,rootsift,nn_ratio,2048,8192,346,107_0005_0018.JPG,107_0005_0022.JPG,6296,6208,1531,1477,0.9647289353363815,237.91881443298968,0.671875,0.703125,0.9773953557014465,False,ok,0.12136220000684261
D1_154_building,rootsift-nn_ratio-r2048-k8192,rootsift,nn_ratio,2048,8192,347,107_0005_0018.JPG,107_0005_0023.JPG,6296,6221,1536,1472,0.9583333333333334,236.61790708889245,0.734375,0.6875,0.9786787629127502,False,ok,0.016055800020694733
D1_154_building,rootsift-nn_ratio-r2048-k8192,rootsift,nn_ratio,2048,8192,348,107_0005_0018.JPG,107_0005_0024.JPG,6296,6185,1023,969,0.9472140762463344,156.6693613581245,0.53125,0.53125,0.9783222079277039,False,ok,0.05559760000323877
D1_154_building,rootsift-nn_ratio-r2048-k8192,rootsift,nn_ratio,2048,8192,349,107_0005_0018.JPG,107_0005_0025.JPG,6296,6233,594,548,0.9225589225589226,87.91914006096583,0.421875,0.359375,0.9767354130744934,False,ok,0.12102660001255572
D1_154_building,rootsift-nn_ratio-r2048-k8192,rootsift,nn_ratio,2048,8192,350,107_0005_0018.JPG,107_0005_0026.JPG,6296,6224,254,223,0.8779527559055118,35.829048843187664,0.25,0.234375,0.9718107581138611,False,ok,0.10104549999232404
D1_154_building,rootsift-nn_ratio-r2048-k8192,rootsift,nn_ratio,2048,8192,351,107_0005_0018.JPG,107_0005_0051.JPG,6296,6205,1138,1085,0.953427065026362,174.85898468976632,0.484375,0.46875,0.979553759098053,False,ok,0.016366099996957928
D1_154_building,rootsift-nn_ratio-r2048-k8192,rootsift,nn_ratio,2048,8192,352,107_0005_0018.JPG,107_0005_0052.JPG,6296,6166,1154,1078,0.9341421143847487,174.8297113201427,0.484375,0.453125,0.9794414043426514,False,ok,0.050147100002504885
D1_154_building,rootsift-nn_ratio-r2048-k8192,rootsift,nn_ratio,2048,8192,353,107_0005_0018.JPG,107_0005_0053.JPG,6296,6119,1226,1174,0.9575856443719413,191.861415263932,0.625,0.53125,0.9767561554908752,False,ok,0.12105119999614544
D1_154_building,rootsift-nn_ratio-r2048-k8192,rootsift,nn_ratio,2048,8192,354,107_0005_0018.JPG,107_0005_0067.JPG,6296,6311,532,432,0.8120300751879699,68.61499364675984,0.359375,0.3125,0.9700751304626465,False,ok,0.1007028000021819
D1_154_building,rootsift-nn_ratio-r2048-k8192,rootsift,nn_ratio,2048,8192,355,107_0005_0018.JPG,107_0005_0068.JPG,6296,6337,735,638,0.8680272108843538,101.33418043202033,0.5,0.453125,0.9704810976982117,False,ok,0.12102779999258928
D1_154_building,rootsift-nn_ratio-r2048-k8192,rootsift,nn_ratio,2048,8192,356,107_0005_0018.JPG,107_0005_0076.JPG,6296,6216,1278,1166,0.9123630672926447,187.58043758043758,0.71875,0.625,0.9735932946205139,False,ok,0.018289700004970655
D1_154_building,rootsift-nn_ratio-r2048-k8192,rootsift,nn_ratio,2048,8192,357,107_0005_0018.JPG,107_0005_0077.JPG,6296,6185,1158,1074,0.927461139896373,173.6459175424414,0.625,0.515625,0.9769552946090698,False,ok,0.0695244999951683
D1_154_building,rootsift-nn_ratio-r2048-k8192,rootsift,nn_ratio,2048,8192,358,107_0005_0018.JPG,107_0005_0078.JPG,6296,6244,703,618,0.8790896159317212,98.97501601537476,0.375,0.359375,0.9754422307014465,False,ok,0.10127210000064224
D1_154_building,rootsift-nn_ratio-r2048-k8192,rootsift,nn_ratio,2048,8192,359,107_0005_0018.JPG,107_0005_0079.JPG,6296,6260,133,90,0.6766917293233082,14.37699680511182,0.125,0.15625,0.9592916965484619,False,ok,0.1191943000012543
D1_154_building,rootsift-nn_ratio-r2048-k8192,rootsift,nn_ratio,2048,8192,360,107_0005_0018.JPG,107_0005_0094.JPG,6296,6323,1356,1232,0.9085545722713865,195.67979669631512,0.734375,0.640625,0.9753634929656982,False,ok,0.016730900009861216
D1_154_building,rootsift-nn_ratio-r2048-k8192,rootsift,nn_ratio,2048,8192,361,107_0005_0018.JPG,107_0005_0095.JPG,6296,6475,1372,1242,0.9052478134110787,197.26810673443455,0.609375,0.53125,0.9807726740837097,False,ok,0.06440880001173355
D1_154_building,rootsift-nn_ratio-r2048-k8192,rootsift,nn_ratio,2048,8192,362,107_0005_0018.JPG,107_0005_0096.JPG,6296,6365,1225,1067,0.8710204081632653,169.47268106734435,0.5,0.40625,0.9815025329589844,False,ok,0.10079550000955351
D1_154_building,rootsift-nn_ratio-r2048-k8192,rootsift,nn_ratio,2048,8192,363,107_0005_0018.JPG,107_0005_0097.JPG,6296,6325,1258,1109,0.8815580286168522,176.143583227446,0.625,0.5625,0.9761984348297119,False,ok,0.11116610001772642
D1_154_building,rootsift-nn_ratio-r2048-k8192,rootsift,nn_ratio,2048,8192,364,107_0005_0019.JPG,107_0005_0020.JPG,6277,6244,2713,2682,0.9885735348322889,429.53235105701475,0.875,0.875,0.9850398302078247,False,ok,0.10086750000482425
D1_154_building,rootsift-nn_ratio-r2048-k8192,rootsift,nn_ratio,2048,8192,365,107_0005_0019.JPG,107_0005_0021.JPG,6277,6204,1790,1751,0.9782122905027933,282.2372662798195,0.75,0.75,0.9786381125450134,False,ok,0.018525699997553602
D1_154_building,rootsift-nn_ratio-r2048-k8192,rootsift,nn_ratio,2048,8192,366,107_0005_0019.JPG,107_0005_0022.JPG,6277,6208,1699,1656,0.9746909947027663,266.7525773195876,0.765625,0.75,0.977689802646637,False,ok,0.0462820999964606
D1_154_building,rootsift-nn_ratio-r2048-k8192,rootsift,nn_ratio,2048,8192,367,107_0005_0019.JPG,107_0005_0023.JPG,6277,6221,1193,1136,0.9522212908633697,182.60729786208006,0.640625,0.578125,0.9766572713851929,False,ok,0.12109820000478067
D1_154_building,rootsift-nn_ratio-r2048-k8192,rootsift,nn_ratio,2048,8192,368,107_0005_0019.JPG,107_0005_0024.JPG,6277,6185,748,685,0.9157754010695187,110.75181891673404,0.46875,0.46875,0.9755280017852783,False,ok,0.10107730000163428
D1_154_building,rootsift-nn_ratio-r2048-k8192,rootsift,nn_ratio,2048,8192,369,107_0005_0019.JPG,107_0005_0025.JPG,6277,6233,409,341,0.8337408312958435,54.708807957644794,0.296875,0.296875,0.9753252267837524,False,ok,0.016360199981136248
D1_154_building,rootsift-nn_ratio-r2048-k8192,rootsift,nn_ratio,2048,8192,370,107_0005_0019.JPG,107_0005_0026.JPG,6277,6224,152,125,0.8223684210526315,20.083547557840618,0.171875,0.125,0.9697569012641907,False,ok,0.02643349999561906
D1_154_building,rootsift-nn_ratio-r2048-k8192,rootsift,nn_ratio,2048,8192,371,107_0005_0019.JPG,107_0005_0027.JPG,6277,6188,32,8,0.25,1.292824822236587,0.125,0.125,0.9381031394004822,True,ok,0.12121340000885539
D1_154_building,rootsift-nn_ratio-r2048-k8192,rootsift,nn_ratio,2048,8192,372,107_0005_0019.JPG,107_0005_0051.JPG,6277,6205,898,873,0.9721603563474388,140.69298952457694,0.484375,0.390625,0.975119948387146,False,ok,0.10098220000509173
D1_154_building,rootsift-nn_ratio-r2048-k8192,rootsift,nn_ratio,2048,8192,373,107_0005_0019.JPG,107_0005_0052.JPG,6277,6166,932,911,0.9774678111587983,147.7457022380798,0.484375,0.390625,0.9755566120147705,False,ok,0.12138180001056753
D1_154_building,rootsift-nn_ratio-r2048-k8192,rootsift,nn_ratio,2048,8192,374,107_0005_0019.JPG,107_0005_0053.JPG,6277,6119,1000,963,0.963,157.37865664324235,0.625,0.5,0.9748071432113647,False,ok,0.016997400001855567
D1_154_building,rootsift-nn_ratio-r2048-k8192,rootsift,nn_ratio,2048,8192,375,107_0005_0019.JPG,107_0005_0068.JPG,6277,6337,598,518,0.8662207357859532,82.52349848653816,0.40625,0.375,0.9703701734542847,False,ok,0.05905260000145063
D1_154_building,rootsift-nn_ratio-r2048-k8192,rootsift,nn_ratio,2048,8192,376,107_0005_0019.JPG,107_0005_0069.JPG,6277,6366,768,634,0.8255208333333334,101.00366417078222,0.59375,0.453125,0.9689329266548157,False,ok,0.12109969998709857
D1_154_building,rootsift-nn_ratio-r2048-k8192,rootsift,nn_ratio,2048,8192,377,107_0005_0019.JPG,107_0005_0070.JPG,6277,6325,769,633,0.823146944083225,100.84435239764218,0.703125,0.515625,0.9674739837646484,False,ok,0.10094980002031662
D1_154_building,rootsift-nn_ratio-r2048-k8192,rootsift,nn_ratio,2048,8192,378,107_0005_0019.JPG,107_0005_0071.JPG,6277,6399,694,573,0.8256484149855908,91.28564600924008,0.75,0.5625,0.9648261666297913,False,ok,0.016276499984087422
D1_154_building,rootsift-nn_ratio-r2048-k8192,rootsift,nn_ratio,2048,8192,379,107_0005_0019.JPG,107_0005_0072.JPG,6277,6320,892,801,0.897982062780269,127.60873028516808,0.953125,0.734375,0.9662194848060608,False,ok,0.05163649999303743
D1_154_building,rootsift-nn_ratio-r2048-k8192,rootsift,nn_ratio,2048,8192,380,107_0005_0019.JPG,107_0005_0075.JPG,6277,6290,1224,1116,0.9117647058823529,177.7919388242791,0.828125,0.71875,0.9716495871543884,False,ok,0.1214060999918729
D1_154_building,rootsift-nn_ratio-r2048-k8192,rootsift,nn_ratio,2048,8192,381,107_0005_0019.JPG,107_0005_0076.JPG,6277,6216,1272,1184,0.9308176100628931,190.47619047619048,0.609375,0.609375,0.975719690322876,False,ok,0.1010357000050135
D1_154_building,rootsift-nn_ratio-r2048-k8192,rootsift,nn_ratio,2048,8192,382,107_0005_0019.JPG,107_0005_0077.JPG,6277,6185,882,689,0.7811791383219955,111.39854486661277,0.40625,0.390625,0.9784078598022461,False,ok,0.12118119999649934
D1_154_building,rootsift-nn_ratio-r2048-k8192,rootsift,nn_ratio,2048,8192,383,107_0005_0019.JPG,107_0005_0078.JPG,6277,6244,376,324,0.8617021276595744,51.889814221652784,0.25,0.25,0.9708000421524048,False,ok,0.017475800006650388
D1_154_building,rootsift-nn_ratio-r2048-k8192,rootsift,nn_ratio,2048,8192,384,107_0005_0019.JPG,107_0005_0093.JPG,6277,6289,1240,1117,0.9008064516129032,177.95125059741915,0.796875,0.6875,0.9727563858032227,False,ok,0.07010699997772463
D1_154_building,rootsift-nn_ratio-r2048-k8192,rootsift,nn_ratio,2048,8192,385,107_0005_0019.JPG,107_0005_0094.JPG,6277,6323,1355,1228,0.9062730627306274,195.63485741596304,0.640625,0.578125,0.9769970178604126,False,ok,0.1012948999996297
D1_154_building,rootsift-nn_ratio-r2048-k8192,rootsift,nn_ratio,2048,8192,386,107_0005_0019.JPG,107_0005_0095.JPG,6277,6475,1144,910,0.7954545454545454,144.9737135574319,0.5,0.4375,0.9772021770477295,False,ok,0.11092749997624196
D1_154_building,rootsift-nn_ratio-r2048-k8192,rootsift,nn_ratio,2048,8192,387,107_0005_0019.JPG,107_0005_0096.JPG,6277,6365,942,816,0.8662420382165605,129.9984068822686,0.5,0.46875,0.9746623635292053,False,ok,0.01735249999910593
D1_154_building,rootsift-nn_ratio-r2048-k8192,rootsift,nn_ratio,2048,8192,388,107_0005_0019.JPG,107_0005_0097.JPG,6277,6325,1047,811,0.7745940783190067,129.20184801656842,0.609375,0.53125,0.9729849696159363,False,ok,0.044728899985784665
D1_154_building,rootsift-nn_ratio-r2048-k8192,rootsift,nn_ratio,2048,8192,389,107_0005_0020.JPG,107_0005_0021.JPG,6244,6204,2979,2960,0.9936220208123532,477.1115409413282,0.921875,0.875,0.9867693781852722,False,ok,0.1208213999925647
D1_154_building,rootsift-nn_ratio-r2048-k8192,rootsift,nn_ratio,2048,8192,390,107_0005_0020.JPG,107_0005_0022.JPG,6244,6208,2874,2851,0.9919972164231037,459.24613402061857,0.890625,0.875,0.9852219223976135,False,ok,0.10093739998410456
D1_154_building,rootsift-nn_ratio-r2048-k8192,rootsift,nn_ratio,2048,8192,391,107_0005_0020.JPG,107_0005_0023.JPG,6244,6221,1885,1843,0.9777188328912467,296.25462144349785,0.765625,0.703125,0.9812793731689453,False,ok,0.11294749999069609
D1_154_building,rootsift-nn_ratio-r2048-k8192,rootsift,nn_ratio,2048,8192,392,107_0005_0020.JPG,107_0005_0024.JPG,6244,6185,1042,1003,0.9625719769673704,162.16653193209376,0.546875,0.546875,0.9776588678359985,False,ok,0.017403600009856746
D1_154_building,rootsift-nn_ratio-r2048-k8192,rootsift,nn_ratio,2048,8192,393,107_0005_0020.JPG,107_0005_0025.JPG,6244,6233,496,457,0.9213709677419355,73.31942884646237,0.375,0.328125,0.974510133266449,False,ok,0.050080600020010024
D1_154_building,rootsift-nn_ratio-r2048-k8192,rootsift,nn_ratio,2048,8192,394,107_0005_0020.JPG,107_0005_0026.JPG,6244,6224,183,160,0.8743169398907104,25.70694087403599,0.234375,0.1875,0.9682925939559937,False,ok,0.10135199999785982
D1_154_building,rootsift-nn_ratio-r2048-k8192,rootsift,nn_ratio,2048,8192,395,107_0005_0020.JPG,107_0005_0027.JPG,6244,6188,15,8,0.5333333333333333,1.292824822236587,0.109375,0.125,0.9427295923233032,True,ok,0.1208434000145644
D1_154_building,rootsift-nn_ratio-r2048-k8192,rootsift,nn_ratio,2048,8192,396,107_0005_0020.JPG,107_0005_0028.JPG,6244,6181,32,9,0.28125,1.4560750687591004,0.125,0.125,0.9412212371826172,True,ok,0.01571410000906326
D1_154_building,rootsift-nn_ratio-r2048-k8192,rootsift,nn_ratio,2048,8192,397,107_0005_0020.JPG,107_0005_0075.JPG,6244,6290,1201,1137,0.9467110741049126,182.09481101857784,0.828125,0.671875,0.970905601978302,False,ok,0.10093710001092404
D1_154_building,rootsift-nn_ratio-r2048-k8192,rootsift,nn_ratio,2048,8192,398,107_0005_0020.JPG,107_0005_0076.JPG,6244,6216,1232,1135,0.9212662337662337,182.5933075933076,0.609375,0.59375,0.9758215546607971,False,ok,0.12102789999335073
D1_154_building,rootsift-nn_ratio-r2048-k8192,rootsift,nn_ratio,2048,8192,399,107_0005_0020.JPG,107_0005_0077.JPG,6244,6185,847,778,0.9185360094451004,125.78819725141472,0.359375,0.375,0.9778128862380981,False,ok,0.10092880000593141
D1_154_building,rootsift-nn_ratio-r2048-k8192,rootsift,nn_ratio,2048,8192,400,107_0005_0020.JPG,107_0005_0078.JPG,6244,6244,370,341,0.9216216216216216,54.61242793081358,0.21875,0.25,0.9720319509506226,False,ok,0.0181287000013981
D1_154_building,rootsift-nn_ratio-r2048-k8192,rootsift,nn_ratio,2048,8192,401,107_0005_0020.JPG,107_0005_0087.JPG,6244,6217,400,341,0.8525,54.84960591925366,0.296875,0.296875,0.9740341305732727,False,ok,0.05428939999546856
D1_154_building,rootsift-nn_ratio-r2048-k8192,rootsift,nn_ratio,2048,8192,402,107_0005_0020.JPG,107_0005_0088.JPG,6244,6145,761,640,0.8409986859395532,104.14971521562246,0.4375,0.40625,0.9748131036758423,False,ok,0.10716829999000765
D1_154_building,rootsift-nn_ratio-r2048-k8192,rootsift,nn_ratio,2048,8192,403,107_0005_0020.JPG,107_0005_0089.JPG,6244,6196,1016,931,0.9163385826771654,150.25823111684957,0.640625,0.515625,0.971472442150116,False,ok,0.10104830001364462
D1_154_building,rootsift-nn_ratio-r2048-k8192,rootsift,nn_ratio,2048,8192,404,107_0005_0020.JPG,107_0005_0093.JPG,6244,6289,1401,1330,0.9493219129193433,213.00448430493273,0.71875,0.609375,0.9758330583572388,False,ok,0.016800399986095726
D1_154_building,rootsift-nn_ratio-r2048-k8192,rootsift,nn_ratio,2048,8192,405,107_0005_0020.JPG,107_0005_0094.JPG,6244,6323,1288,1211,0.9402173913043478,193.94618834080717,0.53125,0.484375,0.9805610775947571,False,ok,0.06160040001850575
D1_154_building,rootsift-nn_ratio-r2048-k8192,rootsift,nn_ratio,2048,8192,406,107_0005_0020.JPG,107_0005_0095.JPG,6244,6475,895,847,0.9463687150837988,135.65022421524662,0.390625,0.390625,0.9781510233879089,False,ok,0.11113400000613183
D1_154_building,rootsift-nn_ratio-r2048-k8192,rootsift,nn_ratio,2048,8192,407,107_0005_0020.JPG,107_0005_0096.JPG,6244,6365,716,670,0.9357541899441341,107.30301089045484,0.375,0.375,0.9737319350242615,False,ok,0.10113700001966208
D1_154_building,rootsift-nn_ratio-r2048-k8192,rootsift,nn_ratio,2048,8192,408,107_0005_0020.JPG,107_0005_0097.JPG,6244,6325,1049,946,0.9018112488083889,151.50544522741833,0.5,0.4375,0.9770676493644714,False,ok,0.12101539998548105
D1_154_building,rootsift-nn_ratio-r2048-k8192,rootsift,nn_ratio,2048,8192,409,107_0005_0020.JPG,107_0005_0098.JPG,6244,6322,1246,1093,0.877207062600321,175.0480461242793,0.625,0.515625,0.9740366339683533,False,ok,0.018732800002908334
D1_154_building,rootsift-nn_ratio-r2048-k8192,rootsift,nn_ratio,2048,8192,410,107_0005_0021.JPG,107_0005_0022.JPG,6204,6208,3996,3987,0.9977477477477478,642.6499032882011,1.0,1.0,0.9928086996078491,False,ok,0.06729979999363422
D1_154_building,rootsift-nn_ratio-r2048-k8192,rootsift,nn_ratio,2048,8192,411,107_0005_0021.JPG,107_0005_0023.JPG,6204,6221,2421,2388,0.9863692688971499,384.9129593810445,0.875,0.859375,0.9839943051338196,False,ok,0.1212758999899961
D1_154_building,rootsift-nn_ratio-r2048-k8192,rootsift,nn_ratio,2048,8192,412,107_0005_0021.JPG,107_0005_0024.JPG,6204,6185,1291,1243,0.9628195197521301,200.9700889248181,0.625,0.625,0.9773505330085754,False,ok,0.10095620001084171
D1_154_building,rootsift-nn_ratio-r2048-k8192,rootsift,nn_ratio,2048,8192,413,107_0005_0021.JPG,107_0005_0025.JPG,6204,6233,623,585,0.9390048154093098,94.29400386847195,0.453125,0.390625,0.9742144346237183,False,ok,0.01670199999352917
D1_154_building,rootsift-nn_ratio-r2048-k8192,rootsift,nn_ratio,2048,8192,414,107_0005_0021.JPG,107_0005_0026.JPG,6204,6224,224,204,0.9107142857142857,32.88201160541586,0.234375,0.234375,0.9688301086425781,False,ok,0.02370720001636073
D1_154_building,rootsift-nn_ratio-r2048-k8192,rootsift,nn_ratio,2048,8192,415,107_0005_0021.JPG,107_0005_0027.JPG,6204,6188,25,8,0.32,1.292824822236587,0.09375,0.109375,0.939413845539093,True,ok,0.12113730001146905
D1_154_building,rootsift-nn_ratio-r2048-k8192,rootsift,nn_ratio,2048,8192,416,107_0005_0021.JPG,107_0005_0028.JPG,6204,6181,23,9,0.391304347826087,1.4560750687591004,0.140625,0.125,0.9409422874450684,True,ok,0.09093249999568798
D1_154_building,rootsift-nn_ratio-r2048-k8192,rootsift,nn_ratio,2048,8192,417,107_0005_0021.JPG,107_0005_0029.JPG,6204,6215,27,9,0.3333333333333333,1.4506769825918762,0.125,0.125,0.9363089203834534,True,ok,0.10199990001274273
D1_154_building,rootsift-nn_ratio-r2048-k8192,rootsift,nn_ratio,2048,8192,418,107_0005_0021.JPG,107_0005_0076.JPG,6204,6216,889,779,0.876265466816648,125.56415215989684,0.515625,0.5,0.9741182923316956,False,ok,0.018144200003007427
D1_154_building,rootsift-nn_ratio-r2048-k8192,rootsift,nn_ratio,2048,8192,419,107_0005_0021.JPG,107_0005_0077.JPG,6204,6185,623,542,0.869983948635634,87.63136620856912,0.34375,0.34375,0.9767807722091675,False,ok,0.016720900021027774
D1_154_building,rootsift-nn_ratio-r2048-k8192,rootsift,nn_ratio,2048,8192,420,107_0005_0021.JPG,107_0005_0086.JPG,6204,6254,118,86,0.7288135593220338,13.862024500322372,0.125,0.140625,0.9636557698249817,False,ok,0.01787869998952374
D1_154_building,rootsift-nn_ratio-r2048-k8192,rootsift,nn_ratio,2048,8192,421,107_0005_0021.JPG,107_0005_0087.JPG,6204,6217,637,600,0.9419152276295133,96.71179883945841,0.359375,0.34375,0.9763404130935669,False,ok,0.018726300011621788
D1_154_building,rootsift-nn_ratio-r2048-k8192,rootsift,nn_ratio,2048,8192,422,107_0005_0021.JPG,107_0005_0088.JPG,6204,6145,1127,1050,0.9316770186335404,170.8706265256306,0.484375,0.46875,0.9790533185005188,False,ok,0.028194400016218424
D1_154_building,rootsift-nn_ratio-r2048-k8192,rootsift,nn_ratio,2048,8192,423,107_0005_0021.JPG,107_0005_0089.JPG,6204,6196,1287,1237,0.9611499611499611,199.64493221433182,0.734375,0.578125,0.974245548248291,False,ok,0.02073940000263974
D1_154_building,rootsift-nn_ratio-r2048-k8192,rootsift,nn_ratio,2048,8192,424,107_0005_0021.JPG,107_0005_0090.JPG,6204,6176,1091,1013,0.928505957836847,164.02202072538861,0.875,0.6875,0.9666351079940796,False,ok,0.020298500021453947
D1_154_building,rootsift-nn_ratio-r2048-k8192,rootsift,nn_ratio,2048,8192,425,107_0005_0021.JPG,107_0005_0091.JPG,6204,6178,952,876,0.9201680672268907,141.79346066688248,0.953125,0.75,0.9643887281417847,False,ok,0.030219299980672076
D1_154_building,rootsift-nn_ratio-r2048-k8192,rootsift,nn_ratio,2048,8192,426,107_0005_0021.JPG,107_0005_0092.JPG,6204,6229,1214,1135,0.9349258649093904,182.9464861379755,0.875,0.6875,0.969283938407898,False,ok,0.022393699997337535
D1_154_building,rootsift-nn_ratio-r2048-k8192,rootsift,nn_ratio,2048,8192,427,107_0005_0021.JPG,107_0005_0093.JPG,6204,6289,1129,1071,0.9486271036315324,172.63056092843325,0.59375,0.5625,0.9772627949714661,False,ok,0.026580199977615848
D1_154_building,rootsift-nn_ratio-r2048-k8192,rootsift,nn_ratio,2048,8192,428,107_0005_0021.JPG,107_0005_0094.JPG,6204,6323,815,696,0.8539877300613496,112.18568665377175,0.390625,0.390625,0.9781597256660461,False,ok,0.029850599996279925
D1_154_building,rootsift-nn_ratio-r2048-k8192,rootsift,nn_ratio,2048,8192,429,107_0005_0021.JPG,107_0005_0097.JPG,6204,6325,734,688,0.9373297002724795,110.89619600257898,0.375,0.375,0.9742934107780457,False,ok,0.10869920000550337
D1_154_building,rootsift-nn_ratio-r2048-k8192,rootsift,nn_ratio,2048,8192,430,107_0005_0021.JPG,107_0005_0098.JPG,6204,6322,1152,988,0.8576388888888888,159.2520954223082,0.484375,0.453125,0.9764944911003113,False,ok,0.1199944999825675
D1_154_building,rootsift-nn_ratio-r2048-k8192,rootsift,nn_ratio,2048,8192,431,107_0005_0021.JPG,107_0005_0099.JPG,6204,6319,1302,1130,0.8678955453149002,182.14055448098,0.609375,0.46875,0.9732983112335205,False,ok,0.10088579999865033
D1_154_building,rootsift-nn_ratio-r2048-k8192,rootsift,nn_ratio,2048,8192,432,107_0005_0022.JPG,107_0005_0023.JPG,6208,6221,2408,2370,0.9842192691029901,381.7654639175258,0.859375,0.8125,0.983963668346405,False,ok,0.019088500004727393
D1_154_building,rootsift-nn_ratio-r2048-k8192,rootsift,nn_ratio,2048,8192,433,107_0005_0022.JPG,107_0005_0024.JPG,6208,6185,1268,1220,0.9621451104100947,197.25141471301535,0.625,0.625,0.9771892428398132,False,ok,0.0480515000235755
D1_154_building,rootsift-nn_ratio-r2048-k8192,rootsift,nn_ratio,2048,8192,434,107_0005_0022.JPG,107_0005_0025.JPG,6208,6233,595,561,0.9428571428571428,90.36726804123711,0.453125,0.375,0.9736906886100769,False,ok,0.12104769999859855
D1_154_building,rootsift-nn_ratio-r2048-k8192,rootsift,nn_ratio,2048,8192,435,107_0005_0022.JPG,107_0005_0026.JPG,6208,6224,230,208,0.9043478260869565,33.50515463917526,0.234375,0.203125,0.9685325026512146,False,ok,0.10162319999653846
D1_154_building,rootsift-nn_ratio-r2048-k8192,rootsift,nn_ratio,2048,8192,436,107_0005_0022.JPG,107_0005_0027.JPG,6208,6188,20,8,0.4,1.292824822236587,0.09375,0.125,0.9403236508369446,True,ok,0.12171639999723993
D1_154_building,rootsift-nn_ratio-r2048-k8192,rootsift,nn_ratio,2048,8192,437,107_0005_0022.JPG,107_0005_0028.JPG,6208,6181,22,8,0.36363636363636365,1.2942889500080894,0.09375,0.109375,0.9377322793006897,True,ok,0.017534199985675514
D1_154_building,rootsift-nn_ratio-r2048-k8192,rootsift,nn_ratio,2048,8192,438,107_0005_0022.JPG,107_0005_0029.JPG,6208,6215,16,8,0.5,1.288659793814433,0.125,0.109375,0.939855694770813,True,ok,0.10035669998615049
D1_154_building,rootsift-nn_ratio-r2048-k8192,rootsift,nn_ratio,2048,8192,439,107_0005_0022.JPG,107_0005_0030.JPG,6208,6158,18,8,0.4444444444444444,1.2991230919129588,0.125,0.09375,0.9382331371307373,True,ok,0.11107829998945817
D1_154_building,rootsift-nn_ratio-r2048-k8192,rootsift,nn_ratio,2048,8192,440,107_0005_0022.JPG,107_0005_0076.JPG,6208,6216,861,743,0.8629500580720093,119.68427835051547,0.484375,0.46875,0.9732711315155029,False,ok,0.016676200000802055
D1_154_building,rootsift-nn_ratio-r2048-k8192,rootsift,nn_ratio,2048,8192,441,107_0005_0022.JPG,107_0005_0086.JPG,6208,6254,115,76,0.6608695652173913,12.242268041237113,0.125,0.15625,0.9618800282478333,False,ok,0.055439299991121516
D1_154_building,rootsift-nn_ratio-r2048-k8192,rootsift,nn_ratio,2048,8192,442,107_0005_0022.JPG,107_0005_0087.JPG,6208,6217,630,594,0.9428571428571428,95.68298969072166,0.34375,0.34375,0.9760929346084595,False,ok,0.09650929999770597
D1_154_building,rootsift-nn_ratio-r2048-k8192,rootsift,nn_ratio,2048,8192,443,107_0005_0022.JPG,107_0005_0088.JPG,6208,6145,1113,1064,0.9559748427672956,173.14890154597234,0.5,0.484375,0.9797872304916382,False,ok,0.12132000000565313
D1_154_building,rootsift-nn_ratio-r2048-k8192,rootsift,nn_ratio,2048,8192,444,107_0005_0022.JPG,107_0005_0089.JPG,6208,6196,1290,1245,0.9651162790697675,200.93608779857973,0.734375,0.59375,0.9745686650276184,False,ok,0.1009386999940034
D1_154_building,rootsift-nn_ratio-r2048-k8192,rootsift,nn_ratio,2048,8192,445,107_0005_0022.JPG,107_0005_0090.JPG,6208,6176,1109,1039,0.9368800721370604,168.2318652849741,0.875,0.6875,0.9669930338859558,False,ok,0.018553700007032603
D1_154_building,rootsift-nn_ratio-r2048-k8192,rootsift,nn_ratio,2048,8192,446,107_0005_0022.JPG,107_0005_0091.JPG,6208,6178,987,908,0.9199594731509625,146.973130462933,0.9375,0.75,0.9646087288856506,False,ok,0.03635749997920357
D1_154_building,rootsift-nn_ratio-r2048-k8192,rootsift,nn_ratio,2048,8192,447,107_0005_0022.JPG,107_0005_0092.JPG,6208,6229,1205,1135,0.941908713692946,182.8286082474227,0.828125,0.6875,0.969656765460968,False,ok,0.12118759998702444
D1_154_building,rootsift-nn_ratio-r2048-k8192,rootsift,nn_ratio,2048,8192,448,107_0005_0022.JPG,107_0005_0093.JPG,6208,6289,1071,1011,0.9439775910364145,162.85438144329896,0.59375,0.53125,0.9774187207221985,False,ok,0.10097159998258576
D1_154_building,rootsift-nn_ratio-r2048-k8192,rootsift,nn_ratio,2048,8192,449,107_0005_0022.JPG,107_0005_0094.JPG,6208,6323,772,678,0.8782383419689119,109.2139175257732,0.421875,0.375,0.9762589335441589,False,ok,0.016222800011746585
D1_154_building,rootsift-nn_ratio-r2048-k8192,rootsift,nn_ratio,2048,8192,450,107_0005_0022.JPG,107_0005_0097.JPG,6208,6325,676,631,0.9334319526627219,101.64304123711341,0.375,0.375,0.9748554825782776,False,ok,0.019868700008373708
D1_154_building,rootsift-nn_ratio-r2048-k8192,rootsift,nn_ratio,2048,8192,451,107_0005_0022.JPG,107_0005_0098.JPG,6208,6322,1100,964,0.8763636363636363,155.2835051546392,0.46875,0.421875,0.9763498902320862,False,ok,0.12108740000985563
D1_154_building,rootsift-nn_ratio-r2048-k8192,rootsift,nn_ratio,2048,8192,452,107_0005_0022.JPG,107_0005_0099.JPG,6208,6319,1287,1078,0.8376068376068376,173.64690721649484,0.609375,0.484375,0.973558247089386,False,ok,0.10101670000585727
D1_154_building,rootsift-nn_ratio-r2048-k8192,rootsift,nn_ratio,2048,8192,453,107_0005_0023.JPG,107_0005_0024.JPG,6221,6185,2504,2472,0.987220447284345,399.67663702506064,0.875,0.84375,0.9852026700973511,False,ok,0.11108069997862913
D1_154_building,rootsift-nn_ratio-r2048-k8192,rootsift,nn_ratio,2048,8192,454,107_0005_0023.JPG,107_0005_0025.JPG,6221,6233,1263,1211,0.9588281868566905,194.66323742163638,0.625,0.578125,0.9786335229873657,False,ok,0.018508799985283986
D1_154_building,rootsift-nn_ratio-r2048-k8192,rootsift,nn_ratio,2048,8192,455,107_0005_0023.JPG,107_0005_0026.JPG,6221,6224,559,518,0.9266547406082289,83.26635589133579,0.5,0.390625,0.9726941585540771,False,ok,0.06588379997992888
D1_154_building,rootsift-nn_ratio-r2048-k8192,rootsift,nn_ratio,2048,8192,456,107_0005_0023.JPG,107_0005_0027.JPG,6221,6188,123,91,0.7398373983739838,14.705882352941176,0.25,0.1875,0.9641880393028259,False,ok,0.12096849997760728
D1_154_building,rootsift-nn_ratio-r2048-k8192,rootsift,nn_ratio,2048,8192,457,107_0005_0023.JPG,107_0005_0028.JPG,6221,6181,22,8,0.36363636363636365,1.2942889500080894,0.125,0.109375,0.9390630722045898,True,ok,0.10097050000331365
D1_154_building,rootsift-nn_ratio-r2048-k8192,rootsift,nn_ratio,2048,8192,458,107_0005_0023.JPG,107_0005_0029.JPG,6221,6215,24,8,0.3333333333333333,1.2872083668543846,0.125,0.109375,0.9398396611213684,True,ok,0.015599500009557232
D1_154_building,rootsift-nn_ratio-r2048-k8192,rootsift,nn_ratio,2048,8192,459,107_0005_0023.JPG,107_0005_0030.JPG,6221,6158,90,67,0.7444444444444445,10.880155894771029,0.15625,0.140625,0.961218535900116,False,ok,0.10102399997413158
D1_154_building,rootsift-nn_ratio-r2048-k8192,rootsift,nn_ratio,2048,8192,460,107_0005_0023.JPG,107_0005_0031.JPG,6221,6249,17,8,0.47058823529411764,1.2859668863526763,0.09375,0.125,0.9400064945220947,True,ok,0.120118699996965
D1_154_building,rootsift-nn_ratio-r2048-k8192,rootsift,nn_ratio,2048,8192,461,107_0005_0023.JPG,107_0005_0078.JPG,6221,6244,550,475,0.8636363636363636,76.35428387719016,0.34375,0.3125,0.9736172556877136,False,ok,0.10089130001142621
D1_154_building,rootsift-nn_ratio-r2048-k8192,rootsift,nn_ratio,2048,8192,462,107_0005_0023.JPG,107_0005_0085.JPG,6221,6166,85,59,0.6941176470588235,9.568602011028219,0.125,0.125,0.9613438248634338,False,ok,0.017890799994347617
D1_154_building,rootsift-nn_ratio-r2048-k8192,rootsift,nn_ratio,2048,8192,463,107_0005_0023.JPG,107_0005_0086.JPG,6221,6254,601,537,0.8935108153078203,86.32052724642341,0.375,0.375,0.9756896495819092,False,ok,0.021568800002569333
D1_154_building,rootsift-nn_ratio-r2048-k8192,rootsift,nn_ratio,2048,8192,464,107_0005_0023.JPG,107_0005_0087.JPG,6221,6217,1183,1135,0.959425190194421,182.56393759047774,0.515625,0.5,0.978604257106781,False,ok,0.1206489999894984
D1_154_building,rootsift-nn_ratio-r2048-k8192,rootsift,nn_ratio,2048,8192,465,107_0005_0023.JPG,107_0005_0088.JPG,6221,6145,1200,1122,0.935,182.58746948738812,0.71875,0.59375,0.9736946821212769,False,ok,0.10095379999256693
D1_154_building,rootsift-nn_ratio-r2048-k8192,rootsift,nn_ratio,2048,8192,466,107_0005_0023.JPG,107_0005_0097.JPG,6221,6325,733,693,0.9454297407912687,111.39688153030059,0.359375,0.34375,0.9796060919761658,False,ok,0.01624120000633411
D1_154_building,rootsift-nn_ratio-r2048-k8192,rootsift,nn_ratio,2048,8192,467,107_0005_0023.JPG,107_0005_0098.JPG,6221,6322,1268,1201,0.9471608832807571,193.05577881369555,0.5,0.453125,0.9833389520645142,False,ok,0.07414620000054128
D1_154_building,rootsift-nn_ratio-r2048-k8192,rootsift,nn_ratio,2048,8192,468,107_0005_0023.JPG,107_0005_0099.JPG,6221,6319,1351,1292,0.9563286454478165,207.68365214595724,0.625,0.515625,0.978541374206543,False,ok,0.12120069999946281
D1_154_building,rootsift-nn_ratio-r2048-k8192,rootsift,nn_ratio,2048,8192,469,107_0005_0023.JPG,107_0005_0100.JPG,6221,6291,1245,1194,0.9590361445783132,191.93055778813695,0.734375,0.5625,0.9720655083656311,False,ok,0.10098040002048947
D1_154_building,rootsift-nn_ratio-r2048-k8192,rootsift,nn_ratio,2048,8192,470,107_0005_0024.JPG,107_0005_0025.JPG,6185,6233,2378,2339,0.9835996635828427,378.17299919159257,0.875,0.859375,0.9856987595558167,False,ok,0.12093770000501536
D1_154_building,rootsift-nn_ratio-r2048-k8192,rootsift,nn_ratio,2048,8192,471,107_0005_0024.JPG,107_0005_0026.JPG,6185,6224,1230,1195,0.9715447154471545,193.20937752627324,0.625,0.59375,0.9799094200134277,False,ok,0.018696599989198148
D1_154_building,rootsift-nn_ratio-r2048-k8192,rootsift,nn_ratio,2048,8192,472,107_0005_0024.JPG,107_0005_0027.JPG,6185,6188,521,491,0.9424184261036468,79.3856103476152,0.453125,0.359375,0.9762608408927917,False,ok,0.05102689997875132
D1_154_building,rootsift-nn_ratio-r2048-k8192,rootsift,nn_ratio,2048,8192,473,107_0005_0024.JPG,107_0005_0028.JPG,6185,6181,236,209,0.885593220338983,33.813298818961336,0.234375,0.203125,0.9740701913833618,False,ok,0.12127549998695031
D1_154_building,rootsift-nn_ratio-r2048-k8192,rootsift,nn_ratio,2048,8192,474,107_0005_0024.JPG,107_0005_0029.JPG,6185,6215,65,34,0.5230769230769231,5.497170573969281,0.09375,0.109375,0.9547136425971985,False,ok,0.1010816999769304
D1_154_building,rootsift-nn_ratio-r2048-k8192,rootsift,nn_ratio,2048,8192,475,107_0005_0024.JPG,107_0005_0030.JPG,6185,6158,289,249,0.8615916955017301,40.435206235790844,0.3125,0.265625,0.9700800180435181,False,ok,0.01623370000743307
D1_154_building,rootsift-nn_ratio-r2048-k8192,rootsift,nn_ratio,2048,8192,476,107_0005_0024.JPG,107_0005_0031.JPG,6185,6249,53,30,0.5660377358490566,4.8504446240905414,0.109375,0.125,0.9583240747451782,False,ok,0.020896000001812354
D1_154_building,rootsift-nn_ratio-r2048-k8192,rootsift,nn_ratio,2048,8192,477,107_0005_0024.JPG,107_0005_0032.JPG,6185,6227,290,248,0.8551724137931035,40.09700889248181,0.46875,0.28125,0.9625720977783203,False,ok,0.12134500002139248
D1_154_building,rootsift-nn_ratio-r2048-k8192,rootsift,nn_ratio,2048,8192,478,107_0005_0024.JPG,107_0005_0085.JPG,6185,6166,602,550,0.9136212624584718,89.19883230619527,0.34375,0.34375,0.9782499074935913,False,ok,0.1005482999898959
D1_154_building,rootsift-nn_ratio-r2048-k8192,rootsift,nn_ratio,2048,8192,479,107_0005_0024.JPG,107_0005_0086.JPG,6185,6254,1072,993,0.9263059701492538,160.54971705739692,0.5,0.46875,0.9777073860168457,False,ok,0.12100189999910071
D1_154_building,rootsift-nn_ratio-r2048-k8192,rootsift,nn_ratio,2048,8192,480,107_0005_0024.JPG,107_0005_0087.JPG,6185,6217,1119,1055,0.9428060768543343,170.5739692805174,0.71875,0.59375,0.9749058485031128,False,ok,0.017126299993833527
D1_154_building,rootsift-nn_ratio-r2048-k8192,rootsift,nn_ratio,2048,8192,481,107_0005_0024.JPG,107_0005_0097.JPG,6185,6325,524,452,0.8625954198473282,73.08003233629749,0.296875,0.296875,0.9755920171737671,False,ok,0.0666757000144571
D1_154_building,rootsift-nn_ratio-r2048-k8192,rootsift,nn_ratio,2048,8192,482,107_0005_0024.JPG,107_0005_0098.JPG,6185,6322,965,791,0.8196891191709844,127.89005658852061,0.453125,0.40625,0.9787908792495728,False,ok,0.12125480000395328
D1_154_building,rootsift-nn_ratio-r2048-k8192,rootsift,nn_ratio,2048,8192,483,107_0005_0024.JPG,107_0005_0099.JPG,6185,6319,997,904,0.9067201604814443,146.16006467259498,0.546875,0.484375,0.9780054688453674,False,ok,0.1014687999850139
D1_154_building,rootsift-nn_ratio-r2048-k8192,rootsift,nn_ratio,2048,8192,484,107_0005_0024.JPG,107_0005_0100.JPG,6185,6291,970,891,0.9185567010309278,144.05820533548908,0.6875,0.5625,0.973111629486084,False,ok,0.016246300016064197
D1_154_building,rootsift-nn_ratio-r2048-k8192,rootsift,nn_ratio,2048,8192,485,107_0005_0024.JPG,107_0005_0109.JPG,6185,6313,1058,907,0.8572778827977315,146.64510913500405,0.546875,0.421875,0.9729421734809875,False,ok,0.019073600007686764
D1_154_building,rootsift-nn_ratio-r2048-k8192,rootsift,nn_ratio,2048,8192,486,107_0005_0024.JPG,107_0005_0110.JPG,6185,6461,827,706,0.8536880290205562,114.14713015359742,0.421875,0.375,0.9720174670219421,False,ok,0.11112109999521635
D1_154_building,rootsift-nn_ratio-r2048-k8192,rootsift,nn_ratio,2048,8192,487,107_0005_0024.JPG,107_0005_0127.JPG,6185,6111,1222,1141,0.9337152209492635,186.71248568155784,0.765625,0.65625,0.9768919348716736,False,ok,0.10091460001422092
D1_154_building,rootsift-nn_ratio-r2048-k8192,rootsift,nn_ratio,2048,8192,488,107_0005_0024.JPG,107_0005_0128.JPG,6185,5989,1331,1289,0.9684447783621337,215.22791784939054,0.734375,0.625,0.9788254499435425,False,ok,0.12120689998846501
D1_154_building,rootsift-nn_ratio-r2048-k8192,rootsift,nn_ratio,2048,8192,489,107_0005_0025.JPG,107_0005_0026.JPG,6233,6224,2368,2326,0.9822635135135135,373.7146529562982,0.875,0.859375,0.9857200384140015,False,ok,0.018491299997549504
D1_154_building,rootsift-nn_ratio-r2048-k8192,rootsift,nn_ratio,2048,8192,490,107_0005_0025.JPG,107_0005_0027.JPG,6233,6188,1219,1168,0.9581624282198523,188.7524240465417,0.625,0.609375,0.9804751873016357,False,ok,0.020942200004355982
D1_154_building,rootsift-nn_ratio-r2048-k8192,rootsift,nn_ratio,2048,8192,491,107_0005_0025.JPG,107_0005_0028.JPG,6233,6181,671,614,0.9150521609538003,99.33667691312085,0.484375,0.328125,0.9763113260269165,False,ok,0.12119190001976676
D1_154_building,rootsift-nn_ratio-r2048-k8192,rootsift,nn_ratio,2048,8192,492,107_0005_0025.JPG,107_0005_0029.JPG,6233,6215,365,317,0.8684931506849315,51.00563153660499,0.28125,0.203125,0.9722315073013306,False,ok,0.1009024000086356
D1_154_building,rootsift-nn_ratio-r2048-k8192,rootsift,nn_ratio,2048,8192,493,107_0005_0025.JPG,107_0005_0030.JPG,6233,6158,594,536,0.9023569023569024,87.04124715816823,0.40625,0.375,0.9747425317764282,False,ok,0.017959200020413846
D1_154_building,rootsift-nn_ratio-r2048-k8192,rootsift,nn_ratio,2048,8192,494,107_0005_0025.JPG,107_0005_0031.JPG,6233,6249,245,195,0.7959183673469388,31.28509545965025,0.265625,0.25,0.9684529304504395,False,ok,0.05706999998074025
D1_154_building,rootsift-nn_ratio-r2048-k8192,rootsift,nn_ratio,2048,8192,495,107_0005_0025.JPG,107_0005_0032.JPG,6233,6227,593,533,0.8988195615514334,85.59498956158664,0.625,0.390625,0.9658828973770142,False,ok,0.10076660002232529
D1_154_building,rootsift-nn_ratio-r2048-k8192,rootsift,nn_ratio,2048,8192,496,107_0005_0025.JPG,107_0005_0033.JPG,6233,6317,503,422,0.8389662027833003,67.70415530242259,0.71875,0.421875,0.9613312482833862,False,ok,0.12099589998251759
D1_154_building,rootsift-nn_ratio-r2048-k8192,rootsift,nn_ratio,2048,8192,497,107_0005_0025.JPG,107_0005_0082.JPG,6233,6255,436,393,0.9013761467889908,63.05150008021819,0.265625,0.265625,0.974202573299408,False,ok,0.10077889999956824
D1_154_building,rootsift-nn_ratio-r2048-k8192,rootsift,nn_ratio,2048,8192,498,107_0005_0025.JPG,107_0005_0083.JPG,6233,6179,582,528,0.9072164948453608,85.4507201812591,0.296875,0.3125,0.9768202900886536,False,ok,0.016177200013771653
D1_154_building,rootsift-nn_ratio-r2048-k8192,rootsift,nn_ratio,2048,8192,499,107_0005_0025.JPG,107_0005_0084.JPG,6233,6216,589,547,0.9286926994906621,87.998712998713,0.328125,0.359375,0.9773419499397278,False,ok,0.0297953000117559
D1_154_building,rootsift-nn_ratio-r2048-k8192,rootsift,nn_ratio,2048,8192,500,107_0005_0025.JPG,107_0005_0085.JPG,6233,6166,1096,1026,0.9361313868613139,166.39636717482972,0.5,0.484375,0.980678379535675,False,ok,0.12108770001213998
D1_154_building,rootsift-nn_ratio-r2048-k8192,rootsift,nn_ratio,2048,8192,501,107_0005_0025.JPG,107_0005_0086.JPG,6233,6254,1112,1038,0.9334532374100719,166.53296967752286,0.65625,0.515625,0.9756571650505066,False,ok,0.10126240001409315
D1_154_building,rootsift-nn_ratio-r2048-k8192,rootsift,nn_ratio,2048,8192,502,107_0005_0025.JPG,107_0005_0108.JPG,6233,6317,1163,1086,0.9337919174548581,174.233916252206,0.703125,0.59375,0.9749624729156494,False,ok,0.01803690000087954
D1_154_building,rootsift-nn_ratio-r2048-k8192,rootsift,nn_ratio,2048,8192,503,107_0005_0025.JPG,107_0005_0109.JPG,6233,6313,1143,1055,0.9230096237970253,169.26038825605647,0.59375,0.5625,0.9780828952789307,False,ok,0.021669200010364875
D1_154_building,rootsift-nn_ratio-r2048-k8192,rootsift,nn_ratio,2048,8192,504,107_0005_0025.JPG,107_0005_0110.JPG,6233,6461,976,886,0.9077868852459017,142.14663885769292,0.46875,0.4375,0.9782779812812805,False,ok,0.12108569999691099
D1_154_building,rootsift-nn_ratio-r2048-k8192,rootsift,nn_ratio,2048,8192,505,107_0005_0025.JPG,107_0005_0111.JPG,6233,6473,432,366,0.8472222222222222,58.71971763195893,0.296875,0.34375,0.9709956049919128,False,ok,0.10235639999154955
D1_154_building,rootsift-nn_ratio-r2048-k8192,rootsift,nn_ratio,2048,8192,506,107_0005_0025.JPG,107_0005_0126.JPG,6233,6094,1112,1032,0.9280575539568345,169.34689858877584,0.78125,0.640625,0.9756764769554138,False,ok,0.12122030000318773
D1_154_building,rootsift-nn_ratio-r2048-k8192,rootsift,nn_ratio,2048,8192,507,107_0005_0025.JPG,107_0005_0127.JPG,6233,6111,967,899,0.9296794208893485,147.1117656684667,0.5625,0.546875,0.9808245897293091,False,ok,0.015931000001728535
D1_154_building,rootsift-nn_ratio-r2048-k8192,rootsift,nn_ratio,2048,8192,508,107_0005_0025.JPG,107_0005_0128.JPG,6233,5989,1032,931,0.9021317829457365,155.4516613791952,0.484375,0.484375,0.9819000959396362,False,ok,0.06585529999574646
D1_154_building,rootsift-nn_ratio-r2048-k8192,rootsift,nn_ratio,2048,8192,509,107_0005_0025.JPG,107_0005_0129.JPG,6233,6011,1225,1120,0.9142857142857143,186.32507070370986,0.6875,0.578125,0.9781927466392517,False,ok,0.12104609998641536
D1_154_building,rootsift-nn_ratio-r2048-k8192,rootsift,nn_ratio,2048,8192,510,107_0005_0026.JPG,107_0005_0027.JPG,6224,6188,2330,2285,0.98068669527897,369.26308985132516,0.875,0.875,0.9861642718315125,False,ok,0.12098790000891313
D1_154_building,rootsift-nn_ratio-r2048-k8192,rootsift,nn_ratio,2048,8192,511,107_0005_0026.JPG,107_0005_0028.JPG,6224,6181,1343,1250,0.9307520476545048,202.23264843876396,0.640625,0.578125,0.9813620448112488,False,ok,0.016373800026485696
D1_154_building,rootsift-nn_ratio-r2048-k8192,rootsift,nn_ratio,2048,8192,512,107_0005_0026.JPG,107_0005_0029.JPG,6224,6215,869,821,0.9447640966628308,132.09975864843122,0.484375,0.46875,0.9779874682426453,False,ok,0.020274899987271056
D1_154_building,rootsift-nn_ratio-r2048-k8192,rootsift,nn_ratio,2048,8192,513,107_0005_0026.JPG,107_0005_0030.JPG,6224,6158,1072,933,0.8703358208955224,151.51023059434883,0.5625,0.53125,0.9780886173248291,False,ok,0.10088250000262633
D1_154_building,rootsift-nn_ratio-r2048-k8192,rootsift,nn_ratio,2048,8192,514,107_0005_0026.JPG,107_0005_0031.JPG,6224,6249,623,562,0.9020866773675762,90.29562982005142,0.46875,0.46875,0.9755967855453491,False,ok,0.11136189999524504
D1_154_building,rootsift-nn_ratio-r2048-k8192,rootsift,nn_ratio,2048,8192,515,107_0005_0026.JPG,107_0005_0032.JPG,6224,6227,972,899,0.9248971193415638,144.4408740359897,0.734375,0.5,0.9698028564453125,False,ok,0.0834614000050351
D1_154_building,rootsift-nn_ratio-r2048-k8192,rootsift,nn_ratio,2048,8192,516,107_0005_0026.JPG,107_0005_0033.JPG,6224,6317,771,653,0.8469520103761349,104.91645244215938,0.84375,0.5625,0.9647468328475952,False,ok,0.01898090000031516
D1_154_building,rootsift-nn_ratio-r2048-k8192,rootsift,nn_ratio,2048,8192,517,107_0005_0026.JPG,107_0005_0034.JPG,6224,6354,541,451,0.833641404805915,72.46143958868895,0.75,0.5,0.9623062014579773,False,ok,0.01921189998392947
D1_154_building,rootsift-nn_ratio-r2048-k8192,rootsift,nn_ratio,2048,8192,518,107_0005_0026.JPG,107_0005_0082.JPG,6224,6255,886,809,0.9130925507900677,129.98071979434448,0.484375,0.453125,0.9772012233734131,False,ok,0.04789089999394491
D1_154_building,rootsift-nn_ratio-r2048-k8192,rootsift,nn_ratio,2048,8192,519,107_0005_0026.JPG,107_0005_0083.JPG,6224,6179,1150,1060,0.9217391304347826,171.54879430328532,0.484375,0.484375,0.9805053472518921,False,ok,0.06235029999515973
D1_154_building,rootsift-nn_ratio-r2048-k8192,rootsift,nn_ratio,2048,8192,520,107_0005_0026.JPG,107_0005_0084.JPG,6224,6216,1150,1058,0.92,170.2059202059202,0.46875,0.5,0.9803473949432373,False,ok,0.04960989998653531
D1_154_building,rootsift-nn_ratio-r2048-k8192,rootsift,nn_ratio,2048,8192,521,107_0005_0026.JPG,107_0005_0109.JPG,6224,6313,932,829,0.8894849785407726,133.19408740359899,0.53125,0.46875,0.9773327708244324,False,ok,0.03882349998457357
D1_154_building,rootsift-nn_ratio-r2048-k8192,rootsift,nn_ratio,2048,8192,522,107_0005_0026.JPG,107_0005_0110.JPG,6224,6461,765,581,0.7594771241830065,93.34832904884318,0.484375,0.421875,0.9762281775474548,False,ok,0.042161299992585555
D1_154_building,rootsift-nn_ratio-r2048-k8192,rootsift,nn_ratio,2048,8192,523,107_0005_0026.JPG,107_0005_0111.JPG,6224,6473,286,223,0.7797202797202797,35.829048843187664,0.34375,0.34375,0.9690358638763428,False,ok,0.06966420001117513
D1_154_building,rootsift-nn_ratio-r2048-k8192,rootsift,nn_ratio,2048,8192,524,107_0005_0026.JPG,107_0005_0118.JPG,6224,6381,562,455,0.8096085409252669,73.10411311053984,0.4375,0.359375,0.9698318839073181,False,ok,0.0753794000193011
D1_154_building,rootsift-nn_ratio-r2048-k8192,rootsift,nn_ratio,2048,8192,525,107_0005_0026.JPG,107_0005_0119.JPG,6224,6358,762,624,0.8188976377952756,100.25706940874036,0.421875,0.34375,0.9724867343902588,False,ok,0.03880460001528263
D1_154_building,rootsift-nn_ratio-r2048-k8192,rootsift,nn_ratio,2048,8192,526,107_0005_0026.JPG,107_0005_0126.JPG,6224,6094,814,654,0.8034398034398035,107.31867410567772,0.453125,0.453125,0.9760957956314087,False,ok,0.04280090000247583
D1_154_building,rootsift-nn_ratio-r2048-k8192,rootsift,nn_ratio,2048,8192,527,107_0005_0026.JPG,107_0005_0127.JPG,6224,6111,530,468,0.8830188679245283,76.58321060382916,0.34375,0.359375,0.9773117303848267,False,ok,0.14604880000115372
D1_154_building,rootsift-nn_ratio-r2048-k8192,rootsift,nn_ratio,2048,8192,528,107_0005_0026.JPG,107_0005_0128.JPG,6224,5989,481,444,0.9230769230769231,74.13591584571715,0.25,0.359375,0.9739276170730591,False,ok,0.12094180000713095
D1_154_building,rootsift-nn_ratio-r2048-k8192,rootsift,nn_ratio,2048,8192,529,107_0005_0026.JPG,107_0005_0129.JPG,6224,6011,1030,934,0.9067961165048544,155.38180003327233,0.5,0.5,0.9822616577148438,False,ok,0.09093940001912415
D1_154_building,rootsift-nn_ratio-r2048-k8192,rootsift,nn_ratio,2048,8192,530,107_0005_0026.JPG,107_0005_0130.JPG,6224,6090,1230,1137,0.9243902439024391,186.69950738916256,0.734375,0.59375,0.9787673354148865,False,ok,0.04882620001444593
D1_154_building,rootsift-nn_ratio-r2048-k8192,rootsift,nn_ratio,2048,8192,531,107_0005_0027.JPG,107_0005_0028.JPG,6188,6181,2550,2477,0.9713725490196078,400.74421614625464,0.890625,0.875,0.9861832857131958,False,ok,0.017058099998394027
D1_154_building,rootsift-nn_ratio-r2048-k8192,rootsift,nn_ratio,2048,8192,532,107_0005_0027.JPG,107_0005_0029.JPG,6188,6215,1763,1708,0.968803176403857,276.0180995475113,0.734375,0.703125,0.9811249375343323,False,ok,0.07895190000999719
D1_154_building,rootsift-nn_ratio-r2048-k8192,rootsift,nn_ratio,2048,8192,533,107_0005_0027.JPG,107_0005_0030.JPG,6188,6158,1649,1482,0.8987265009096422,240.6625527768756,0.75,0.71875,0.9817313551902771,False,ok,0.10147140000481158
D1_154_building,rootsift-nn_ratio-r2048-k8192,rootsift,nn_ratio,2048,8192,534,107_0005_0027.JPG,107_0005_0031.JPG,6188,6249,1078,966,0.8961038961038961,156.10859728506787,0.65625,0.609375,0.9783086180686951,False,ok,0.12116310000419617
D1_154_building,rootsift-nn_ratio-r2048-k8192,rootsift,nn_ratio,2048,8192,535,107_0005_0027.JPG,107_0005_0032.JPG,6188,6227,1245,1153,0.9261044176706827,186.3283775048481,0.75,0.5625,0.9718626737594604,False,ok,0.09939409999060445
D1_154_building,rootsift-nn_ratio-r2048-k8192,rootsift,nn_ratio,2048,8192,536,107_0005_0027.JPG,107_0005_0033.JPG,6188,6317,900,774,0.86,125.08080155138978,0.875,0.609375,0.9658010005950928,False,ok,0.01595809997525066
D1_154_building,rootsift-nn_ratio-r2048-k8192,rootsift,nn_ratio,2048,8192,537,107_0005_0027.JPG,107_0005_0034.JPG,6188,6354,640,498,0.778125,80.47834518422754,0.828125,0.546875,0.9633592367172241,False,ok,0.10352209999109618
D1_154_building,rootsift-nn_ratio-r2048-k8192,rootsift,nn_ratio,2048,8192,538,107_0005_0027.JPG,107_0005_0035.JPG,6188,6299,409,338,0.8264058679706602,54.621848739495796,0.75,0.40625,0.960452675819397,False,ok,0.101100600004429
D1_154_building,rootsift-nn_ratio-r2048-k8192,rootsift,nn_ratio,2048,8192,539,107_0005_0027.JPG,107_0005_0082.JPG,6188,6255,1142,1058,0.9264448336252189,170.97608274078863,0.6875,0.546875,0.9728541970252991,False,ok,0.12114960001781583
D1_154_building,rootsift-nn_ratio-r2048-k8192,rootsift,nn_ratio,2048,8192,540,107_0005_0027.JPG,107_0005_0083.JPG,6188,6179,1316,1235,0.9384498480243161,199.8705292118466,0.703125,0.609375,0.9743416905403137,False,ok,0.015872699994361028
D1_154_building,rootsift-nn_ratio-r2048-k8192,rootsift,nn_ratio,2048,8192,541,107_0005_0027.JPG,107_0005_0084.JPG,6188,6216,1286,1228,0.9548989113530326,198.4486102133161,0.703125,0.5625,0.9746218919754028,False,ok,0.022827599983429536
D1_154_building,rootsift-nn_ratio-r2048-k8192,rootsift,nn_ratio,2048,8192,542,107_0005_0027.JPG,107_0005_0117.JPG,6188,6474,419,362,0.863961813842482,58.50032320620556,0.359375,0.34375,0.972751796245575,False,ok,0.11097690000315197
D1_154_building,rootsift-nn_ratio-r2048-k8192,rootsift,nn_ratio,2048,8192,543,107_0005_0027.JPG,107_0005_0118.JPG,6188,6381,877,730,0.8323831242873432,117.97026502908855,0.484375,0.359375,0.9790154695510864,False,ok,0.10109180002473295
D1_154_building,rootsift-nn_ratio-r2048-k8192,rootsift,nn_ratio,2048,8192,544,107_0005_0027.JPG,107_0005_0119.JPG,6188,6358,1034,956,0.9245647969052224,154.49256625727213,0.609375,0.46875,0.9776577353477478,False,ok,0.12124239999684505
D1_154_building,rootsift-nn_ratio-r2048-k8192,rootsift,nn_ratio,2048,8192,545,107_0005_0027.JPG,107_0005_0120.JPG,6188,6334,1104,1028,0.9311594202898551,166.12798965740143,0.6875,0.578125,0.9731926321983337,False,ok,0.018456899997545406
D1_154_building,rootsift-nn_ratio-r2048-k8192,rootsift,nn_ratio,2048,8192,546,107_0005_0027.JPG,107_0005_0129.JPG,6188,6011,444,404,0.9099099099099099,67.21011478955249,0.328125,0.375,0.9760159254074097,False,ok,0.01955709999310784
D1_154_building,rootsift-nn_ratio-r2048-k8192,rootsift,nn_ratio,2048,8192,547,107_0005_0027.JPG,107_0005_0130.JPG,6188,6090,910,861,0.9461538461538461,141.3793103448276,0.5,0.5,0.9826233386993408,False,ok,0.12186220000148751
D1_154_building,rootsift-nn_ratio-r2048-k8192,rootsift,nn_ratio,2048,8192,548,107_0005_0027.JPG,107_0005_0131.JPG,6188,6000,1148,1034,0.9006968641114983,172.33333333333334,0.671875,0.578125,0.9787905812263489,False,ok,0.10143549999338575
D1_154_building,rootsift-nn_ratio-r2048-k8192,rootsift,nn_ratio,2048,8192,549,107_0005_0027.JPG,107_0005_0132.JPG,6188,6110,1218,1119,0.9187192118226601,183.14238952536826,0.859375,0.671875,0.9727460741996765,False,ok,0.01605460001155734
D1_154_building,rootsift-nn_ratio-r2048-k8192,rootsift,nn_ratio,2048,8192,550,107_0005_0028.JPG,107_0005_0029.JPG,6181,6215,3038,3021,0.9944042132982225,488.7558647468047,0.859375,0.859375,0.9881922006607056,False,ok,0.055219899979420006
D1_154_building,rootsift-nn_ratio-r2048-k8192,rootsift,nn_ratio,2048,8192,551,107_0005_0028.JPG,107_0005_0030.JPG,6181,6158,1923,1892,0.983879355174207,307.24261123741474,0.703125,0.71875,0.9846605062484741,False,ok,0.12105940000037663
D1_154_building,rootsift-nn_ratio-r2048-k8192,rootsift,nn_ratio,2048,8192,552,107_0005_0028.JPG,107_0005_0031.JPG,6181,6249,1388,1297,0.9344380403458213,209.83659602006148,0.71875,0.703125,0.9799153804779053,False,ok,0.10163509999983944
D1_154_building,rootsift-nn_ratio-r2048-k8192,rootsift,nn_ratio,2048,8192,553,107_0005_0028.JPG,107_0005_0032.JPG,6181,6227,1237,1125,0.9094583670169766,182.00938359488757,0.734375,0.5625,0.9734616875648499,False,ok,0.11913410000852309
D1_154_building,rootsift-nn_ratio-r2048-k8192,rootsift,nn_ratio,2048,8192,554,107_0005_0028.JPG,107_0005_0033.JPG,6181,6317,924,805,0.8712121212121212,130.237825594564,0.8125,0.59375,0.9662083387374878,False,ok,0.01768170000286773
D1_154_building,rootsift-nn_ratio-r2048-k8192,rootsift,nn_ratio,2048,8192,555,107_0005_0028.JPG,107_0005_0034.JPG,6181,6354,681,561,0.8237885462555066,90.76201261931726,0.890625,0.578125,0.9655628800392151,False,ok,0.050693899975158274
D1_154_building,rootsift-nn_ratio-r2048-k8192,rootsift,nn_ratio,2048,8192,556,107_0005_0028.JPG,107_0005_0035.JPG,6181,6299,422,348,0.8246445497630331,56.301569325351885,0.765625,0.4375,0.9626238942146301,False,ok,0.10109390001161955
D1_154_building,rootsift-nn_ratio-r2048-k8192,rootsift,nn_ratio,2048,8192,557,107_0005_0028.JPG,107_0005_0036.JPG,6181,6260,254,201,0.7913385826771654,32.51900986895324,0.5625,0.3125,0.9606546759605408,False,ok,0.12106020000646822
D1_154_building,rootsift-nn_ratio-r2048-k8192,rootsift,nn_ratio,2048,8192,558,107_0005_0028.JPG,107_0005_0117.JPG,6181,6474,545,500,0.9174311926605505,80.89305937550559,0.328125,0.34375,0.9740066528320312,False,ok,0.016488299996126443
D1_154_building,rootsift-nn_ratio-r2048-k8192,rootsift,nn_ratio,2048,8192,559,107_0005_0028.JPG,107_0005_0118.JPG,6181,6381,960,862,0.8979166666666667,139.45963436337163,0.421875,0.390625,0.9807626605033875,False,ok,0.055369599984260276
D1_154_building,rootsift-nn_ratio-r2048-k8192,rootsift,nn_ratio,2048,8192,560,107_0005_0028.JPG,107_0005_0119.JPG,6181,6358,1151,1089,0.946133796698523,176.18508331985115,0.546875,0.515625,0.9769788980484009,False,ok,0.12101869998150505
D1_154_building,rootsift-nn_ratio-r2048-k8192,rootsift,nn_ratio,2048,8192,561,107_0005_0028.JPG,107_0005_0120.JPG,6181,6334,1118,1060,0.9481216457960644,171.49328587607184,0.671875,0.59375,0.9730662703514099,False,ok,0.09888589999172837
D1_154_building,rootsift-nn_ratio-r2048-k8192,rootsift,nn_ratio,2048,8192,562,107_0005_0028.JPG,107_0005_0129.JPG,6181,6011,111,76,0.6846846846846847,12.643486940608884,0.109375,0.125,0.9629557132720947,False,ok,0.11959819999174215
D1_154_building,rootsift-nn_ratio-r2048-k8192,rootsift,nn_ratio,2048,8192,563,107_0005_0028.JPG,107_0005_0130.JPG,6181,6090,473,433,0.9154334038054969,71.10016420361248,0.3125,0.359375,0.9794137477874756,False,ok,0.017804000002797693
D1_154_building,rootsift-nn_ratio-r2048-k8192,rootsift,nn_ratio,2048,8192,564,107_0005_0028.JPG,107_0005_0131.JPG,6181,6000,935,889,0.9508021390374332,148.16666666666666,0.46875,0.484375,0.9826289415359497,False,ok,0.05538039997918531
D1_154_building,rootsift-nn_ratio-r2048-k8192,rootsift,nn_ratio,2048,8192,565,107_0005_0028.JPG,107_0005_0132.JPG,6181,6110,1284,1208,0.940809968847352,197.708674304419,0.671875,0.546875,0.9779630899429321,False,ok,0.1215459999802988
D1_154_building,rootsift-nn_ratio-r2048-k8192,rootsift,nn_ratio,2048,8192,566,107_0005_0028.JPG,107_0005_0133.JPG,6181,6083,1383,1297,0.9378163412870572,213.21716258425118,0.9375,0.703125,0.9711472988128662,False,ok,0.10106309998081997
D1_154_building,rootsift-nn_ratio-r2048-k8192,rootsift,nn_ratio,2048,8192,567,107_0005_0028.JPG,107_0005_0134.JPG,6181,6036,1062,926,0.871939736346516,153.41285619615638,0.921875,0.71875,0.9659122824668884,False,ok,0.015945599996484816
D1_154_building,rootsift-nn_ratio-r2048-k8192,rootsift,nn_ratio,2048,8192,568,107_0005_0028.JPG,107_0005_0135.JPG,6181,6025,813,698,0.8585485854858549,115.850622406639,0.90625,0.59375,0.9627470970153809,False,ok,0.10100759999477305
D1_154_building,rootsift-nn_ratio-r2048-k8192,rootsift,nn_ratio,2048,8192,569,107_0005_0029.JPG,107_0005_0030.JPG,6215,6158,1858,1810,0.9741657696447793,293.92659954530694,0.734375,0.765625,0.98357754945755,False,ok,0.11112309998134151
D1_154_building,rootsift-nn_ratio-r2048-k8192,rootsift,nn_ratio,2048,8192,570,107_0005_0029.JPG,107_0005_0031.JPG,6215,6249,1365,1315,0.9633699633699634,211.58487530168946,0.75,0.6875,0.978718638420105,False,ok,0.10092779999831691
D1_154_building,rootsift-nn_ratio-r2048-k8192,rootsift,nn_ratio,2048,8192,571,107_0005_0029.JPG,107_0005_0032.JPG,6215,6227,1164,1077,0.9252577319587629,173.29042638777153,0.734375,0.578125,0.9717411398887634,False,ok,0.044764300022507086
D1_154_building,rootsift-nn_ratio-r2048-k8192,rootsift,nn_ratio,2048,8192,572,107_0005_0029.JPG,107_0005_0033.JPG,6215,6317,851,750,0.881316098707403,120.67578439259856,0.84375,0.609375,0.9661664962768555,False,ok,0.020142800000030547
D1_154_building,rootsift-nn_ratio-r2048-k8192,rootsift,nn_ratio,2048,8192,573,107_0005_0029.JPG,107_0005_0034.JPG,6215,6354,650,552,0.8492307692307692,88.81737731295253,0.9375,0.640625,0.9655187129974365,False,ok,0.12160700000822544
D1_154_building,rootsift-nn_ratio-r2048-k8192,rootsift,nn_ratio,2048,8192,574,107_0005_0029.JPG,107_0005_0035.JPG,6215,6299,425,351,0.8258823529411765,56.47626709573612,0.734375,0.46875,0.9633951783180237,False,ok,0.10087530000600964
D1_154_building,rootsift-nn_ratio-r2048-k8192,rootsift,nn_ratio,2048,8192,575,107_0005_0029.JPG,107_0005_0036.JPG,6215,6260,275,223,0.8109090909090909,35.88093322606597,0.625,0.34375,0.9605095982551575,False,ok,0.024771900003543124
D1_154_building,rootsift-nn_ratio-r2048-k8192,rootsift,nn_ratio,2048,8192,576,107_0005_0029.JPG,107_0005_0037.JPG,6215,6337,163,122,0.7484662576687117,19.629927594529363,0.515625,0.234375,0.9566001892089844,False,ok,0.021522099996218458
D1_154_building,rootsift-nn_ratio-r2048-k8192,rootsift,nn_ratio,2048,8192,577,107_0005_0029.JPG,107_0005_0117.JPG,6215,6474,522,434,0.8314176245210728,69.83105390185037,0.328125,0.34375,0.970846951007843,False,ok,0.11118760000681505
D1_154_building,rootsift-nn_ratio-r2048-k8192,rootsift,nn_ratio,2048,8192,578,107_0005_0029.JPG,107_0005_0118.JPG,6215,6381,829,686,0.827503015681544,110.37811745776348,0.453125,0.421875,0.9752097129821777,False,ok,0.10084050000295974
D1_154_building,rootsift-nn_ratio-r2048-k8192,rootsift,nn_ratio,2048,8192,579,107_0005_0029.JPG,107_0005_0119.JPG,6215,6358,945,823,0.870899470899471,132.4215607401448,0.5625,0.46875,0.9743866324424744,False,ok,0.12018349999561906
D1_154_building,rootsift-nn_ratio-r2048-k8192,rootsift,nn_ratio,2048,8192,580,107_0005_0029.JPG,107_0005_0130.JPG,6215,6090,218,188,0.8623853211009175,30.870279146141215,0.15625,0.21875,0.971750795841217,False,ok,0.01616299999295734
D1_154_building,rootsift-nn_ratio-r2048-k8192,rootsift,nn_ratio,2048,8192,581,107_0005_0029.JPG,107_0005_0131.JPG,6215,6000,628,578,0.9203821656050956,96.33333333333333,0.3125,0.34375,0.9802656173706055,False,ok,0.02256039998610504
D1_154_building,rootsift-nn_ratio-r2048-k8192,rootsift,nn_ratio,2048,8192,582,107_0005_0029.JPG,107_0005_0132.JPG,6215,6110,1176,1112,0.9455782312925171,181.99672667757775,0.59375,0.546875,0.9807909727096558,False,ok,0.11687629998777993
D1_154_building,rootsift-nn_ratio-r2048-k8192,rootsift,nn_ratio,2048,8192,583,107_0005_0029.JPG,107_0005_0133.JPG,6215,6083,1451,1357,0.9352170916609235,223.08071675160284,0.765625,0.71875,0.9748915433883667,False,ok,0.10079850000329316
D1_154_building,rootsift-nn_ratio-r2048-k8192,rootsift,nn_ratio,2048,8192,584,107_0005_0029.JPG,107_0005_0134.JPG,6215,6036,1302,1157,0.8886328725038403,191.6832339297548,0.96875,0.8125,0.9688581824302673,False,ok,0.01767249999102205
D1_154_building,rootsift-nn_ratio-r2048-k8192,rootsift,nn_ratio,2048,8192,585,107_0005_0029.JPG,107_0005_0135.JPG,6215,6025,1032,905,0.876937984496124,150.20746887966806,0.96875,0.78125,0.9657630324363708,False,ok,0.01852450001752004
D1_154_building,rootsift-nn_ratio-r2048-k8192,rootsift,nn_ratio,2048,8192,586,107_0005_0029.JPG,107_0005_0136.JPG,6215,6031,853,663,0.7772567409144197,109.93201790747803,0.875,0.671875,0.9644174575805664,False,ok,0.0967730000265874
D1_154_building,rootsift-nn_ratio-r2048-k8192,rootsift,nn_ratio,2048,8192,587,107_0005_0029.JPG,107_0005_0141.JPG,6215,6152,506,385,0.7608695652173914,62.581274382314696,0.359375,0.296875,0.9693436026573181,False,ok,0.12093500001356006
D1_154_building,rootsift-nn_ratio-r2048-k8192,rootsift,nn_ratio,2048,8192,588,107_0005_0030.JPG,107_0005_0031.JPG,6158,6249,1819,1669,0.9175371083012644,271.029555050341,0.71875,0.65625,0.9848333597183228,False,ok,0.0930332999851089
D1_154_building,rootsift-nn_ratio-r2048-k8192,rootsift,nn_ratio,2048,8192,589,107_0005_0030.JPG,107_0005_0032.JPG,6158,6227,1321,1267,0.9591218773656321,205.74861968171484,0.65625,0.5625,0.9785506725311279,False,ok,0.016673000005539507
D1_154_building,rootsift-nn_ratio-r2048-k8192,rootsift,nn_ratio,2048,8192,590,107_0005_0030.JPG,107_0005_0033.JPG,6158,6317,1102,945,0.8575317604355717,153.45891523221826,0.8125,0.59375,0.9699060320854187,False,ok,0.05325590001302771
D1_154_building,rootsift-nn_ratio-r2048-k8192,rootsift,nn_ratio,2048,8192,591,107_0005_0030.JPG,107_0005_0034.JPG,6158,6354,819,712,0.8693528693528694,115.62195518025332,0.890625,0.59375,0.9662438035011292,False,ok,0.09102100000018254
D1_154_building,rootsift-nn_ratio-r2048-k8192,rootsift,nn_ratio,2048,8192,592,107_0005_0030.JPG,107_0005_0035.JPG,6158,6299,541,436,0.8059149722735675,70.80220850925625,0.875,0.578125,0.9615137577056885,False,ok,0.11920710001140833
D1_154_building,rootsift-nn_ratio-r2048-k8192,rootsift,nn_ratio,2048,8192,593,107_0005_0030.JPG,107_0005_0036.JPG,6158,6260,317,266,0.8391167192429022,43.19584280610588,0.78125,0.390625,0.9594125747680664,False,ok,0.018043399992166087
D1_154_building,rootsift-nn_ratio-r2048-k8192,rootsift,nn_ratio,2048,8192,594,107_0005_0030.JPG,107_0005_0037.JPG,6158,6337,174,133,0.764367816091954,21.59792140305294,0.46875,0.25,0.955055832862854,False,ok,0.03437569999368861
D1_154_building,rootsift-nn_ratio-r2048-k8192,rootsift,nn_ratio,2048,8192,595,107_0005_0030.JPG,107_0005_0038.JPG,6158,6314,70,40,0.5714285714285714,6.495615459564794,0.28125,0.140625,0.9523243308067322,False,ok,0.1210418000118807
D1_154_building,rootsift-nn_ratio-r2048-k8192,rootsift,nn_ratio,2048,8192,596,107_0005_0030.JPG,107_0005_0115.JPG,6158,6348,226,174,0.7699115044247787,28.255927249106854,0.15625,0.171875,0.9692769646644592,False,ok,0.09955350001109764
D1_154_building,rootsift-nn_ratio-r2048-k8192,rootsift,nn_ratio,2048,8192,597,107_0005_0030.JPG,107_0005_0116.JPG,6158,6381,248,194,0.782258064516129,31.50373497888925,0.171875,0.203125,0.9678493738174438,False,ok,0.12096590001601726
D1_154_building,rootsift-nn_ratio-r2048-k8192,rootsift,nn_ratio,2048,8192,598,107_0005_0030.JPG,107_0005_0117.JPG,6158,6474,762,666,0.8740157480314961,108.15199740175382,0.421875,0.359375,0.9762288928031921,False,ok,0.016902800009120256
D1_154_building,rootsift-nn_ratio-r2048-k8192,rootsift,nn_ratio,2048,8192,599,107_0005_0030.JPG,107_0005_0118.JPG,6158,6381,985,906,0.9197969543147209,147.12569015914258,0.578125,0.515625,0.9744750261306763,False,ok,0.07964520002133213
D1_154_building,rootsift-nn_ratio-r2048-k8192,rootsift,nn_ratio,2048,8192,600,107_0005_0030.JPG,107_0005_0130.JPG,6158,6090,544,515,0.9466911764705882,84.56486042692939,0.296875,0.34375,0.9798650145530701,False,ok,0.10107550001703203
D1_154_building,rootsift-nn_ratio-r2048-k8192,rootsift,nn_ratio,2048,8192,601,107_0005_0030.JPG,107_0005_0131.JPG,6158,6000,787,700,0.8894536213468869,116.66666666666667,0.421875,0.390625,0.9806613922119141,False,ok,0.1214534999744501
D1_154_building,rootsift-nn_ratio-r2048-k8192,rootsift,nn_ratio,2048,8192,602,107_0005_0030.JPG,107_0005_0132.JPG,6158,6110,1032,952,0.9224806201550387,155.810147299509,0.53125,0.453125,0.9780365824699402,False,ok,0.015794400009326637
D1_154_building,rootsift-nn_ratio-r2048-k8192,rootsift,nn_ratio,2048,8192,603,107_0005_0030.JPG,107_0005_0133.JPG,6158,6083,1024,952,0.9296875,156.5017261219793,0.65625,0.578125,0.9721738696098328,False,ok,0.05762659999891184
D1_154_building,rootsift-nn_ratio-r2048-k8192,rootsift,nn_ratio,2048,8192,604,107_0005_0030.JPG,107_0005_0134.JPG,6158,6036,857,784,0.9148191365227538,129.88734261100066,0.796875,0.65625,0.9659547805786133,False,ok,0.12118590000318363
D1_154_building,rootsift-nn_ratio-r2048-k8192,rootsift,nn_ratio,2048,8192,605,107_0005_0030.JPG,107_0005_0135.JPG,6158,6025,704,627,0.890625,104.06639004149378,0.875,0.640625,0.9622301459312439,False,ok,0.1007378000067547
D1_154_building,rootsift-nn_ratio-r2048-k8192,rootsift,nn_ratio,2048,8192,606,107_0005_0030.JPG,107_0005_0140.JPG,6158,6155,976,802,0.8217213114754098,130.30056864337936,0.609375,0.546875,0.9705696105957031,False,ok,0.11917810002341866
D1_154_building,rootsift-nn_ratio-r2048-k8192,rootsift,nn_ratio,2048,8192,607,107_0005_0030.JPG,107_0005_0141.JPG,6158,6152,817,712,0.8714810281517748,115.73472041612484,0.46875,0.390625,0.9737421870231628,False,ok,0.018037800007732585
D1_154_building,rootsift-nn_ratio-r2048-k8192,rootsift,nn_ratio,2048,8192,608,107_0005_0030.JPG,107_0005_0142.JPG,6158,6118,548,485,0.885036496350365,79.27427263811703,0.3125,0.3125,0.9715539216995239,False,ok,0.06745649999356829
D1_154_building,rootsift-nn_ratio-r2048-k8192,rootsift,nn_ratio,2048,8192,609,107_0005_0031.JPG,107_0005_0032.JPG,6249,6227,1267,1249,0.9857932123125493,200.57812750923398,0.515625,0.5,0.9835593104362488,False,ok,0.10102659999392927
D1_154_building,rootsift-nn_ratio-r2048-k8192,rootsift,nn_ratio,2048,8192,610,107_0005_0031.JPG,107_0005_0033.JPG,6249,6317,1086,1041,0.9585635359116023,166.58665386461834,0.671875,0.640625,0.975040078163147,False,ok,0.12096180001390167
D1_154_building,rootsift-nn_ratio-r2048-k8192,rootsift,nn_ratio,2048,8192,611,107_0005_0031.JPG,107_0005_0034.JPG,6249,6354,951,899,0.9453207150368034,143.86301808289326,0.796875,0.59375,0.9710361361503601,False,ok,0.015541900007519871
D1_154_building,rootsift-nn_ratio-r2048-k8192,rootsift,nn_ratio,2048,8192,612,107_0005_0031.JPG,107_0005_0035.JPG,6249,6299,902,851,0.9434589800443459,136.1817890862538,0.90625,0.65625,0.9677562713623047,False,ok,0.02726610001991503
D1_154_building,rootsift-nn_ratio-r2048-k8192,rootsift,nn_ratio,2048,8192,613,107_0005_0031.JPG,107_0005_0036.JPG,6249,6260,717,653,0.9107391910739191,104.49671947511602,0.890625,0.578125,0.9674872159957886,False,ok,0.11108799997600727
D1_154_building,rootsift-nn_ratio-r2048-k8192,rootsift,nn_ratio,2048,8192,614,107_0005_0031.JPG,107_0005_0037.JPG,6249,6337,486,421,0.8662551440329218,67.37077932469195,0.6875,0.453125,0.9656959176063538,False,ok,0.10076940001454204
D1_154_building,rootsift-nn_ratio-r2048-k8192,rootsift,nn_ratio,2048,8192,615,107_0005_0031.JPG,107_0005_0038.JPG,6249,6314,302,245,0.8112582781456954,39.206273003680586,0.5625,0.34375,0.9625181555747986,False,ok,0.1147497000056319
D1_154_building,rootsift-nn_ratio-r2048-k8192,rootsift,nn_ratio,2048,8192,616,107_0005_0031.JPG,107_0005_0039.JPG,6249,6242,301,256,0.8504983388704319,41.01249599487344,0.546875,0.34375,0.9640316367149353,False,ok,0.01785609999205917
D1_154_building,rootsift-nn_ratio-r2048-k8192,rootsift,nn_ratio,2048,8192,617,107_0005_0031.JPG,107_0005_0115.JPG,6249,6348,980,810,0.826530612244898,129.62073931829093,0.390625,0.375,0.9792187809944153,False,ok,0.02199889998883009
D1_154_building,rootsift-nn_ratio-r2048-k8192,rootsift,nn_ratio,2048,8192,618,107_0005_0031.JPG,107_0005_0116.JPG,6249,6381,968,834,0.8615702479338843,133.46135381661065,0.453125,0.4375,0.9796914458274841,False,ok,0.01861060000373982
D1_154_building,rootsift-nn_ratio-r2048-k8192,rootsift,nn_ratio,2048,8192,619,107_0005_0031.JPG,107_0005_0117.JPG,6249,6474,938,854,0.9104477611940298,136.66186589854377,0.578125,0.546875,0.9749151468276978,False,ok,0.018612900021253154
D1_154_building,rootsift-nn_ratio-r2048-k8192,rootsift,nn_ratio,2048,8192,620,107_0005_0031.JPG,107_0005_0131.JPG,6249,6000,402,334,0.8308457711442786,55.666666666666664,0.3125,0.328125,0.9731234312057495,False,ok,0.022391200007405132
D1_154_building,rootsift-nn_ratio-r2048-k8192,rootsift,nn_ratio,2048,8192,621,107_0005_0031.JPG,107_0005_0140.JPG,6249,6155,1101,1001,0.9091734786557675,162.63200649878146,0.765625,0.671875,0.9696838855743408,False,ok,0.019666500011226162
D1_154_building,rootsift-nn_ratio-r2048-k8192,rootsift,nn_ratio,2048,8192,622,107_0005_0031.JPG,107_0005_0141.JPG,6249,6152,977,892,0.9129989764585466,144.99349804941482,0.546875,0.515625,0.9748644828796387,False,ok,0.020507800014456734
D1_154_building,rootsift-nn_ratio-r2048-k8192,rootsift,nn_ratio,2048,8192,623,107_0005_0031.JPG,107_0005_0142.JPG,6249,6118,652,562,0.8619631901840491,91.86008499509644,0.40625,0.4375,0.9750533103942871,False,ok,0.023370100010652095
D1_154_building,rootsift-nn_ratio-r2048-k8192,rootsift,nn_ratio,2048,8192,624,107_0005_0031.JPG,107_0005_0143.JPG,6249,6166,350,281,0.8028571428571428,45.57249432371067,0.203125,0.25,0.9710716605186462,False,ok,0.022032000008039176
D1_154_building,rootsift-nn_ratio-r2048-k8192,rootsift,nn_ratio,2048,8192,625,107_0005_0032.JPG,107_0005_0033.JPG,6227,6317,2673,2638,0.9869060980172091,423.63899148867836,0.953125,0.734375,0.9851159453392029,False,ok,0.03607889998238534
D1_154_building,rootsift-nn_ratio-r2048-k8192,rootsift,nn_ratio,2048,8192,626,107_0005_0032.JPG,107_0005_0034.JPG,6227,6354,1630,1585,0.9723926380368099,254.53669503773887,0.8125,0.5625,0.9772087931632996,False,ok,0.025494400004390627
D1_154_building,rootsift-nn_ratio-r2048-k8192,rootsift,nn_ratio,2048,8192,627,107_0005_0032.JPG,107_0005_0035.JPG,6227,6299,908,866,0.9537444933920705,139.0717841657299,0.703125,0.40625,0.9693067669868469,False,ok,0.030340600002091378
D1_154_building,rootsift-nn_ratio-r2048-k8192,rootsift,nn_ratio,2048,8192,628,107_0005_0032.JPG,107_0005_0036.JPG,6227,6260,395,362,0.9164556962025316,58.13393287297254,0.515625,0.234375,0.9615935683250427,False,ok,0.021827499993378296
D1_154_building,rootsift-nn_ratio-r2048-k8192,rootsift,nn_ratio,2048,8192,629,107_0005_0032.JPG,107_0005_0037.JPG,6227,6337,132,109,0.8257575757575758,17.50441625180665,0.328125,0.140625,0.9549756050109863,False,ok,0.024565599975176156
D1_154_building,rootsift-nn_ratio-r2048-k8192,rootsift,nn_ratio,2048,8192,630,107_0005_0032.JPG,107_0005_0038.JPG,6227,6314,42,13,0.30952380952380953,2.0876826722338206,0.140625,0.109375,0.940520167350769,True,ok,0.038286900002276525
D1_154_building,rootsift-nn_ratio-r2048-k8192,rootsift,nn_ratio,2048,8192,631,107_0005_0032.JPG,107_0005_0039.JPG,6227,6242,32,15,0.46875,2.4088646218082546,0.140625,0.109375,0.9427465200424194,False,ok,0.01976609998382628
D1_154_building,rootsift-nn_ratio-r2048-k8192,rootsift,nn_ratio,2048,8192,632,107_0005_0032.JPG,107_0005_0040.JPG,6227,6424,38,13,0.34210526315789475,2.0876826722338206,0.125,0.09375,0.9427192807197571,True,ok,0.0228449999995064
D1_154_building,rootsift-nn_ratio-r2048-k8192,rootsift,nn_ratio,2048,8192,633,107_0005_0032.JPG,107_0005_0115.JPG,6227,6348,22,8,0.36363636363636365,1.2847277982977356,0.125,0.09375,0.9368109107017517,True,ok,0.022395399981178343
D1_154_building,rootsift-nn_ratio-r2048-k8192,rootsift,nn_ratio,2048,8192,634,107_0005_0032.JPG,107_0005_0116.JPG,6227,6381,20,8,0.4,1.2847277982977356,0.109375,0.125,0.9411762952804565,True,ok,0.1461917000124231
D1_154_building,rootsift-nn_ratio-r2048-k8192,rootsift,nn_ratio,2048,8192,635,107_0005_0032.JPG,107_0005_0117.JPG,6227,6474,103,77,0.7475728155339806,12.365505058615705,0.078125,0.078125,0.96690833568573,False,ok,0.12108549999538809
D1_154_building,rootsift-nn_ratio-r2048-k8192,rootsift,nn_ratio,2048,8192,636,107_0005_0032.JPG,107_0005_0140.JPG,6227,6155,840,735,0.875,119.41510966693745,0.453125,0.40625,0.9673748016357422,False,ok,0.05080689999158494
D1_154_building,rootsift-nn_ratio-r2048-k8192,rootsift,nn_ratio,2048,8192,637,107_0005_0032.JPG,107_0005_0141.JPG,6227,6152,969,928,0.957688338493292,150.84525357607282,0.40625,0.390625,0.9752697348594666,False,ok,0.020500399987213314
D1_154_building,rootsift-nn_ratio-r2048-k8192,rootsift,nn_ratio,2048,8192,638,107_0005_0032.JPG,107_0005_0142.JPG,6227,6118,762,729,0.9566929133858267,119.15658711997385,0.3125,0.296875,0.9817589521408081,False,ok,0.09453410000423901
D1_154_building,rootsift-nn_ratio-r2048-k8192,rootsift,nn_ratio,2048,8192,639,107_0005_0032.JPG,107_0005_0143.JPG,6227,6166,481,456,0.9480249480249481,73.95394096659098,0.234375,0.234375,0.98080974817276,False,ok,0.12118330001248978
D1_154_building,rootsift-nn_ratio-r2048-k8192,rootsift,nn_ratio,2048,8192,640,107_0005_0033.JPG,107_0005_0034.JPG,6317,6354,2750,2710,0.9854545454545455,429.0011081209435,0.953125,0.796875,0.9863362908363342,False,ok,0.10087949997978285
D1_154_building,rootsift-nn_ratio-r2048-k8192,rootsift,nn_ratio,2048,8192,641,107_0005_0033.JPG,107_0005_0035.JPG,6317,6299,1615,1561,0.9665634674922601,247.81711382759167,0.84375,0.5625,0.978549063205719,False,ok,0.11111639998853207
D1_154_building,rootsift-nn_ratio-r2048-k8192,rootsift,nn_ratio,2048,8192,642,107_0005_0033.JPG,107_0005_0036.JPG,6317,6260,819,776,0.9474969474969475,123.96166134185303,0.671875,0.40625,0.9708433747291565,False,ok,0.017516000021714717
D1_154_building,rootsift-nn_ratio-r2048-k8192,rootsift,nn_ratio,2048,8192,643,107_0005_0033.JPG,107_0005_0037.JPG,6317,6337,366,317,0.8661202185792349,50.182048440715526,0.46875,0.234375,0.9626122117042542,False,ok,0.08186239999486133
D1_154_building,rootsift-nn_ratio-r2048-k8192,rootsift,nn_ratio,2048,8192,644,107_0005_0033.JPG,107_0005_0038.JPG,6317,6314,93,54,0.5806451612903226,8.552423186569529,0.328125,0.125,0.951962947845459,False,ok,0.10101650000433438
D1_154_building,rootsift-nn_ratio-r2048-k8192,rootsift,nn_ratio,2048,8192,645,107_0005_0033.JPG,107_0005_0039.JPG,6317,6242,82,54,0.6585365853658537,8.651073373918615,0.28125,0.140625,0.9545823335647583,False,ok,0.12083490000804886
D1_154_building,rootsift-nn_ratio-r2048-k8192,rootsift,nn_ratio,2048,8192,646,107_0005_0033.JPG,107_0005_0040.JPG,6317,6424,84,53,0.6309523809523809,8.390058572107012,0.265625,0.140625,0.9521842002868652,False,ok,0.017439199989894405
D1_154_building,rootsift-nn_ratio-r2048-k8192,rootsift,nn_ratio,2048,8192,647,107_0005_0033.JPG,107_0005_0041.JPG,6317,6354,62,35,0.5645161290322581,5.54060471742916,0.25,0.125,0.9523089528083801,False,ok,0.08343329999479465
D1_154_building,rootsift-nn_ratio-r2048-k8192,rootsift,nn_ratio,2048,8192,648,107_0005_0033.JPG,107_0005_0115.JPG,6317,6348,69,46,0.6666666666666666,7.281937628621181,0.046875,0.046875,0.9588873982429504,False,ok,0.12154709998867474
D1_154_building,rootsift-nn_ratio-r2048-k8192,rootsift,nn_ratio,2048,8192,649,107_0005_0033.JPG,107_0005_0116.JPG,6317,6381,64,34,0.53125,5.382301725502612,0.109375,0.125,0.9539079666137695,False,ok,0.10086569999111816
D1_154_building,rootsift-nn_ratio-r2048-k8192,rootsift,nn_ratio,2048,8192,650,107_0005_0033.JPG,107_0005_0141.JPG,6317,6152,806,763,0.9466501240694789,124.02470741222366,0.453125,0.4375,0.9683460593223572,False,ok,0.12096600001677871
D1_154_building,rootsift-nn_ratio-r2048-k8192,rootsift,nn_ratio,2048,8192,651,107_0005_0033.JPG,107_0005_0142.JPG,6317,6118,720,679,0.9430555555555555,110.98398169336384,0.34375,0.375,0.9726464152336121,False,ok,0.017691299988655373
D1_154_building,rootsift-nn_ratio-r2048-k8192,rootsift,nn_ratio,2048,8192,652,107_0005_0033.JPG,107_0005_0150.JPG,6317,6189,204,166,0.8137254901960784,26.82178057844563,0.171875,0.15625,0.9713525176048279,False,ok,0.055971099995076656
D1_154_building,rootsift-nn_ratio-r2048-k8192,rootsift,nn_ratio,2048,8192,653,107_0005_0033.JPG,107_0005_0151.JPG,6317,6268,284,253,0.8908450704225352,40.36375239310785,0.234375,0.171875,0.9720916748046875,False,ok,0.1009075999900233
D1_154_building,rootsift-nn_ratio-r2048-k8192,rootsift,nn_ratio,2048,8192,654,107_0005_0033.JPG,107_0005_0152.JPG,6317,6335,386,334,0.8652849740932642,52.87319930346683,0.296875,0.265625,0.9638646841049194,False,ok,0.12121959999785759
D1_154_building,rootsift-nn_ratio-r2048-k8192,rootsift,nn_ratio,2048,8192,655,107_0005_0034.JPG,107_0005_0035.JPG,6354,6299,2536,2502,0.9865930599369085,397.2059056993173,1.0,0.875,0.9853785037994385,False,ok,0.017629100009799004
D1_154_building,rootsift-nn_ratio-r2048-k8192,rootsift,nn_ratio,2048,8192,656,107_0005_0034.JPG,107_0005_0036.JPG,6354,6260,1469,1422,0.9680054458815521,227.15654952076676,0.875,0.625,0.9775610566139221,False,ok,0.07190989999799058
D1_154_building,rootsift-nn_ratio-r2048-k8192,rootsift,nn_ratio,2048,8192,657,107_0005_0034.JPG,107_0005_0037.JPG,6354,6337,752,707,0.9401595744680851,111.56698753353322,0.71875,0.453125,0.9699302315711975,False,ok,0.12104779999936
D1_154_building,rootsift-nn_ratio-r2048-k8192,rootsift,nn_ratio,2048,8192,658,107_0005_0034.JPG,107_0005_0038.JPG,6354,6314,263,223,0.8479087452471483,35.318340196388974,0.5625,0.28125,0.9601110816001892,False,ok,0.09678799999528565
D1_154_building,rootsift-nn_ratio-r2048-k8192,rootsift,nn_ratio,2048,8192,659,107_0005_0034.JPG,107_0005_0039.JPG,6354,6242,272,222,0.8161764705882353,35.56552387055431,0.53125,0.265625,0.959865927696228,False,ok,0.12158529998851009
D1_154_building,rootsift-nn_ratio-r2048-k8192,rootsift,nn_ratio,2048,8192,660,107_0005_0034.JPG,107_0005_0040.JPG,6354,6424,249,193,0.7751004016064257,30.37456720176267,0.546875,0.28125,0.9594529867172241,False,ok,0.017055300006177276
D1_154_building,rootsift-nn_ratio-r2048-k8192,rootsift,nn_ratio,2048,8192,661,107_0005_0034.JPG,107_0005_0041.JPG,6354,6354,176,142,0.8068181818181818,22.348127163991187,0.453125,0.234375,0.9558244943618774,False,ok,0.021308900002622977
D1_154_building,rootsift-nn_ratio-r2048-k8192,rootsift,nn_ratio,2048,8192,662,107_0005_0034.JPG,107_0005_0042.JPG,6354,6420,170,130,0.7647058823529411,20.459553037456722,0.40625,0.234375,0.9562600255012512,False,ok,0.12109729999792762
D1_154_building,rootsift-nn_ratio-r2048-k8192,rootsift,nn_ratio,2048,8192,663,107_0005_0034.JPG,107_0005_0064.JPG,6354,6316,598,545,0.9113712374581939,86.28879037365421,0.546875,0.453125,0.9648890495300293,False,ok,0.11121419997652993
D1_154_building,rootsift-nn_ratio-r2048-k8192,rootsift,nn_ratio,2048,8192,664,107_0005_0034.JPG,107_0005_0149.JPG,6354,6161,242,175,0.7231404958677686,28.40447979224152,0.171875,0.21875,0.9686108827590942,False,ok,0.017786899989005178
D1_154_building,rootsift-nn_ratio-r2048-k8192,rootsift,nn_ratio,2048,8192,665,107_0005_0034.JPG,107_0005_0150.JPG,6354,6189,391,340,0.8695652173913043,54.936177088382614,0.265625,0.28125,0.9736268520355225,False,ok,0.020785000000614673
D1_154_building,rootsift-nn_ratio-r2048-k8192,rootsift,nn_ratio,2048,8192,666,107_0005_0034.JPG,107_0005_0151.JPG,6354,6268,502,434,0.8645418326693227,69.24058710912571,0.34375,0.328125,0.9720988869667053,False,ok,0.12096629998995923
D1_154_building,rootsift-nn_ratio-r2048-k8192,rootsift,nn_ratio,2048,8192,667,107_0005_0034.JPG,107_0005_0152.JPG,6354,6335,522,458,0.8773946360153256,72.29676400947119,0.375,0.390625,0.9656883478164673,False,ok,0.10098039999138564
D1_154_building,rootsift-nn_ratio-r2048-k8192,rootsift,nn_ratio,2048,8192,668,107_0005_0034.JPG,107_0005_0153.JPG,6354,6264,445,351,0.7887640449438202,56.03448275862069,0.453125,0.421875,0.9602395296096802,False,ok,0.12106979999225587
D1_154_building,rootsift-nn_ratio-r2048-k8192,rootsift,nn_ratio,2048,8192,669,107_0005_0035.JPG,107_0005_0036.JPG,6299,6260,2681,2645,0.9865721745617307,422.52396166134184,0.984375,0.859375,0.9856293797492981,False,ok,0.01752870000200346
D1_154_building,rootsift-nn_ratio-r2048-k8192,rootsift,nn_ratio,2048,8192,670,107_0005_0035.JPG,107_0005_0037.JPG,6299,6337,1583,1540,0.9728363866077069,244.4832513097317,0.875,0.609375,0.9774357080459595,False,ok,0.07012270000996068
D1_154_building,rootsift-nn_ratio-r2048-k8192,rootsift,nn_ratio,2048,8192,671,107_0005_0035.JPG,107_0005_0038.JPG,6299,6314,748,697,0.9318181818181818,110.65248452135259,0.6875,0.484375,0.9681288599967957,False,ok,0.12097129999892786
D1_154_building,rootsift-nn_ratio-r2048-k8192,rootsift,nn_ratio,2048,8192,672,107_0005_0035.JPG,107_0005_0039.JPG,6299,6242,774,717,0.9263565891472868,114.86702979814162,0.6875,0.4375,0.9680596590042114,False,ok,0.09888970002066344
D1_154_building,rootsift-nn_ratio-r2048-k8192,rootsift,nn_ratio,2048,8192,673,107_0005_0035.JPG,107_0005_0040.JPG,6299,6424,706,624,0.8838526912181303,99.06334338783934,0.65625,0.40625,0.9672646522521973,False,ok,0.019158899987814948
D1_154_building,rootsift-nn_ratio-r2048-k8192,rootsift,nn_ratio,2048,8192,674,107_0005_0035.JPG,107_0005_0041.JPG,6299,6354,465,366,0.7870967741935484,58.104461025559615,0.53125,0.34375,0.9614107012748718,False,ok,0.0792117000091821
D1_154_building,rootsift-nn_ratio-r2048-k8192,rootsift,nn_ratio,2048,8192,675,107_0005_0035.JPG,107_0005_0042.JPG,6299,6420,482,428,0.8879668049792531,67.94729322114621,0.5625,0.34375,0.9613309502601624,False,ok,0.08290710000437684
D1_154_building,rootsift-nn_ratio-r2048-k8192,rootsift,nn_ratio,2048,8192,676,107_0005_0035.JPG,107_0005_0043.JPG,6299,6396,1009,958,0.9494549058473737,152.08763295761233,0.65625,0.546875,0.9681292176246643,False,ok,0.11103830000502057
D1_154_building,rootsift-nn_ratio-r2048-k8192,rootsift,nn_ratio,2048,8192,677,107_0005_0035.JPG,107_0005_0149.JPG,6299,6161,373,332,0.8900804289544236,53.887355948709626,0.1875,0.296875,0.9678915143013,False,ok,0.10092130000703037
D1_154_building,rootsift-nn_ratio-r2048-k8192,rootsift,nn_ratio,2048,8192,678,107_0005_0035.JPG,107_0005_0150.JPG,6299,6189,567,500,0.8818342151675485,80.78849571820973,0.28125,0.390625,0.9699801802635193,False,ok,0.016498600016348064
D1_154_building,rootsift-nn_ratio-r2048-k8192,rootsift,nn_ratio,2048,8192,679,107_0005_0035.JPG,107_0005_0151.JPG,6299,6268,660,595,0.9015151515151515,94.92661135928526,0.375,0.46875,0.9703996777534485,False,ok,0.059073899989016354
D1_154_building,rootsift-nn_ratio-r2048-k8192,rootsift,nn_ratio,2048,8192,680,107_0005_0035.JPG,107_0005_0152.JPG,6299,6335,710,619,0.8718309859154929,98.26956659787268,0.5,0.5,0.9674274921417236,False,ok,0.11877390000154264
D1_154_building,rootsift-nn_ratio-r2048-k8192,rootsift,nn_ratio,2048,8192,681,107_0005_0035.JPG,107_0005_0153.JPG,6299,6264,562,444,0.7900355871886121,70.88122605363985,0.53125,0.515625,0.9631645083427429,False,ok,0.10085429999162443
D1_154_building,rootsift-nn_ratio-r2048-k8192,rootsift,nn_ratio,2048,8192,682,107_0005_0036.JPG,107_0005_0037.JPG,6260,6337,2597,2544,0.9795918367346939,406.3897763578275,0.984375,0.859375,0.9851688146591187,False,ok,0.017006399983074516
D1_154_building,rootsift-nn_ratio-r2048-k8192,rootsift,nn_ratio,2048,8192,683,107_0005_0036.JPG,107_0005_0038.JPG,6260,6314,1406,1350,0.9601706970128022,215.65495207667732,0.84375,0.609375,0.976718544960022,False,ok,0.058827900007599965
D1_154_building,rootsift-nn_ratio-r2048-k8192,rootsift,nn_ratio,2048,8192,684,107_0005_0036.JPG,107_0005_0039.JPG,6260,6242,1399,1345,0.9614010007147963,215.47580903556553,0.84375,0.609375,0.9768758416175842,False,ok,0.10091239999746904
D1_154_building,rootsift-nn_ratio-r2048-k8192,rootsift,nn_ratio,2048,8192,685,107_0005_0036.JPG,107_0005_0040.JPG,6260,6424,1258,1164,0.9252782193958664,185.94249201277955,0.8125,0.515625,0.9736853241920471,False,ok,0.12099690001923591
D1_154_building,rootsift-nn_ratio-r2048-k8192,rootsift,nn_ratio,2048,8192,686,107_0005_0036.JPG,107_0005_0041.JPG,6260,6354,808,734,0.9084158415841584,117.25239616613419,0.703125,0.421875,0.9670293927192688,False,ok,0.10106409998843446
D1_154_building,rootsift-nn_ratio-r2048-k8192,rootsift,nn_ratio,2048,8192,687,107_0005_0036.JPG,107_0005_0042.JPG,6260,6420,798,725,0.9085213032581454,115.814696485623,0.6875,0.453125,0.966159462928772,False,ok,0.01866799997515045
D1_154_building,rootsift-nn_ratio-r2048-k8192,rootsift,nn_ratio,2048,8192,688,107_0005_0036.JPG,107_0005_0043.JPG,6260,6396,1384,1315,0.9501445086705202,210.06389776357827,0.796875,0.640625,0.9709492921829224,False,ok,0.017597500002011657
D1_154_building,rootsift-nn_ratio-r2048-k8192,rootsift,nn_ratio,2048,8192,689,107_0005_0036.JPG,107_0005_0044.JPG,6260,6397,1603,1560,0.9731752963194011,249.20127795527156,0.71875,0.796875,0.9730510115623474,False,ok,0.10061979998135939
D1_154_building,rootsift-nn_ratio-r2048-k8192,rootsift,nn_ratio,2048,8192,690,107_0005_0036.JPG,107_0005_0150.JPG,6260,6189,449,380,0.8463251670378619,61.399256745839395,0.296875,0.359375,0.9640044569969177,False,ok,0.12084609997691587
D1_154_building,rootsift-nn_ratio-r2048-k8192,rootsift,nn_ratio,2048,8192,691,107_0005_0036.JPG,107_0005_0151.JPG,6260,6268,509,441,0.8664047151277013,70.44728434504792,0.40625,0.484375,0.9653410911560059,False,ok,0.016972200013697147
D1_154_building,rootsift-nn_ratio-r2048-k8192,rootsift,nn_ratio,2048,8192,692,107_0005_0036.JPG,107_0005_0152.JPG,6260,6335,607,535,0.8813838550247117,85.46325878594249,0.515625,0.578125,0.9665961861610413,False,ok,0.11288900001090951
D1_154_building,rootsift-nn_ratio-r2048-k8192,rootsift,nn_ratio,2048,8192,693,107_0005_0037.JPG,107_0005_0038.JPG,6337,6314,2390,2313,0.9677824267782427,366.32879315806144,0.90625,0.78125,0.9845594763755798,False,ok,0.10094200001913123
D1_154_building,rootsift-nn_ratio-r2048-k8192,rootsift,nn_ratio,2048,8192,694,107_0005_0037.JPG,107_0005_0039.JPG,6337,6242,2380,2304,0.9680672268907563,369.1124639538609,0.9375,0.78125,0.984802782535553,False,ok,0.10091859998647124
D1_154_building,rootsift-nn_ratio-r2048-k8192,rootsift,nn_ratio,2048,8192,695,107_0005_0037.JPG,107_0005_0040.JPG,6337,6424,1960,1898,0.9683673469387755,299.51080953132396,0.890625,0.703125,0.9797837734222412,False,ok,0.10266789997695014
D1_154_building,rootsift-nn_ratio-r2048-k8192,rootsift,nn_ratio,2048,8192,696,107_0005_0037.JPG,107_0005_0041.JPG,6337,6354,1280,1217,0.95078125,192.0467097995897,0.78125,0.640625,0.9702305793762207,False,ok,0.018378600012511015
D1_154_building,rootsift-nn_ratio-r2048-k8192,rootsift,nn_ratio,2048,8192,697,107_0005_0037.JPG,107_0005_0042.JPG,6337,6420,1225,1158,0.9453061224489796,182.73631055704593,0.734375,0.65625,0.9693267941474915,False,ok,0.049530899996170774
D1_154_building,rootsift-nn_ratio-r2048-k8192,rootsift,nn_ratio,2048,8192,698,107_0005_0037.JPG,107_0005_0043.JPG,6337,6396,1608,1553,0.9657960199004975,245.06864446899164,0.71875,0.78125,0.971765398979187,False,ok,0.09478409998700954
D1_154_building,rootsift-nn_ratio-r2048-k8192,rootsift,nn_ratio,2048,8192,699,107_0005_0037.JPG,107_0005_0044.JPG,6337,6397,1265,1214,0.9596837944664032,191.57329966861292,0.546875,0.796875,0.9712800979614258,False,ok,0.12107140000443906
D1_154_building,rootsift-nn_ratio-r2048-k8192,rootsift,nn_ratio,2048,8192,700,107_0005_0037.JPG,107_0005_0045.JPG,6337,6328,890,825,0.9269662921348315,130.37294563843236,0.4375,0.6875,0.9675323367118835,False,ok,0.017003200016915798
D1_154_building,rootsift-nn_ratio-r2048-k8192,rootsift,nn_ratio,2048,8192,701,107_0005_0037.JPG,107_0005_0150.JPG,6337,6189,307,254,0.8273615635179153,41.04055582485054,0.28125,0.390625,0.95795738697052,False,ok,0.11148120000143535
D1_154_building,rootsift-nn_ratio-r2048-k8192,rootsift,nn_ratio,2048,8192,702,107_0005_0037.JPG,107_0005_0151.JPG,6337,6268,385,291,0.7558441558441559,46.42629227823867,0.328125,0.515625,0.9597323536872864,False,ok,0.12223000000813045
D1_154_building,rootsift-nn_ratio-r2048-k8192,rootsift,nn_ratio,2048,8192,703,107_0005_0038.JPG,107_0005_0039.JPG,6314,6242,3995,3966,0.9927409261576972,635.3732777955784,0.96875,0.96875,0.9918965697288513,False,ok,0.10126240001409315
D1_154_building,rootsift-nn_ratio-r2048-k8192,rootsift,nn_ratio,2048,8192,704,107_0005_0038.JPG,107_0005_0040.JPG,6314,6424,2395,2331,0.9732776617954071,369.17960088691797,0.859375,0.875,0.9821928143501282,False,ok,0.1140257999941241
D1_154_building,rootsift-nn_ratio-r2048-k8192,rootsift,nn_ratio,2048,8192,705,107_0005_0038.JPG,107_0005_0041.JPG,6314,6354,1491,1428,0.9577464788732394,226.1640798226164,0.734375,0.71875,0.9721990823745728,False,ok,0.055801099981181324
D1_154_building,rootsift-nn_ratio-r2048-k8192,rootsift,nn_ratio,2048,8192,706,107_0005_0038.JPG,107_0005_0042.JPG,6314,6420,1439,1373,0.9541348158443363,217.45327842888818,0.734375,0.75,0.9708670377731323,False,ok,0.10093739998410456
D1_154_building,rootsift-nn_ratio-r2048-k8192,rootsift,nn_ratio,2048,8192,707,107_0005_0038.JPG,107_0005_0043.JPG,6314,6396,1026,974,0.949317738791423,154.2603737725689,0.53125,0.765625,0.9695857763290405,False,ok,0.12120280001545325
D1_154_building,rootsift-nn_ratio-r2048-k8192,rootsift,nn_ratio,2048,8192,708,107_0005_0038.JPG,107_0005_0044.JPG,6314,6397,713,642,0.9004207573632539,101.67880899588216,0.421875,0.640625,0.9663330912590027,False,ok,0.019084100000327453
D1_154_building,rootsift-nn_ratio-r2048-k8192,rootsift,nn_ratio,2048,8192,709,107_0005_0038.JPG,107_0005_0045.JPG,6314,6328,406,352,0.8669950738916257,55.749128919860624,0.328125,0.609375,0.9617365002632141,False,ok,0.07064690001425333
D1_154_building,rootsift-nn_ratio-r2048-k8192,rootsift,nn_ratio,2048,8192,710,107_0005_0038.JPG,107_0005_0046.JPG,6314,6327,204,153,0.75,24.23186569528033,0.21875,0.453125,0.9575632810592651,False,ok,0.10155209997901693
D1_154_building,rootsift-nn_ratio-r2048-k8192,rootsift,nn_ratio,2048,8192,711,107_0005_0038.JPG,107_0005_0150.JPG,6314,6189,186,127,0.6827956989247311,20.52027791242527,0.203125,0.3125,0.9532955288887024,False,ok,0.12172240001382306
D1_154_building,rootsift-nn_ratio-r2048-k8192,rootsift,nn_ratio,2048,8192,712,107_0005_0038.JPG,107_0005_0151.JPG,6314,6268,240,148,0.6166666666666667,23.611997447351627,0.28125,0.390625,0.9591124653816223,False,ok,0.10102500001084991
D1_154_building,rootsift-nn_ratio-r2048-k8192,rootsift,nn_ratio,2048,8192,713,107_0005_0039.JPG,107_0005_0040.JPG,6242,6424,2371,2299,0.9696330662167861,368.31143864146105,0.875,0.90625,0.9819586277008057,False,ok,0.017299500002991408
D1_154_building,rootsift-nn_ratio-r2048-k8192,rootsift,nn_ratio,2048,8192,714,107_0005_0039.JPG,107_0005_0041.JPG,6242,6354,1483,1424,0.9602157788267026,228.1320089714835,0.75,0.75,0.9731112122535706,False,ok,0.07587020000210032
D1_154_building,rootsift-nn_ratio-r2048-k8192,rootsift,nn_ratio,2048,8192,715,107_0005_0039.JPG,107_0005_0042.JPG,6242,6420,1434,1362,0.9497907949790795,218.1992950977251,0.75,0.765625,0.9714856743812561,False,ok,0.12104009999893606
D1_154_building,rootsift-nn_ratio-r2048-k8192,rootsift,nn_ratio,2048,8192,716,107_0005_0039.JPG,107_0005_0043.JPG,6242,6396,1039,988,0.9509143407122232,158.28260173021468,0.5625,0.78125,0.9696309566497803,False,ok,0.10138500001630746
D1_154_building,rootsift-nn_ratio-r2048-k8192,rootsift,nn_ratio,2048,8192,717,107_0005_0039.JPG,107_0005_0044.JPG,6242,6397,743,686,0.9232839838492598,109.90067286126242,0.4375,0.6875,0.9662870764732361,False,ok,0.018051499995635822
D1_154_building,rootsift-nn_ratio-r2048-k8192,rootsift,nn_ratio,2048,8192,718,107_0005_0039.JPG,107_0005_0045.JPG,6242,6328,429,364,0.8484848484848485,58.31464274271067,0.296875,0.59375,0.9623048901557922,False,ok,0.022174799989443272
D1_154_building,rootsift-nn_ratio-r2048-k8192,rootsift,nn_ratio,2048,8192,719,107_0005_0039.JPG,107_0005_0046.JPG,6242,6327,216,160,0.7407407407407407,25.6328099967959,0.21875,0.46875,0.9588518738746643,False,ok,0.10099289999925531
D1_154_building,rootsift-nn_ratio-r2048-k8192,rootsift,nn_ratio,2048,8192,720,107_0005_0039.JPG,107_0005_0047.JPG,6242,6280,106,76,0.7169811320754716,12.175584748478052,0.09375,0.25,0.9524179100990295,False,ok,0.12105829999200068
D1_154_building,rootsift-nn_ratio-r2048-k8192,rootsift,nn_ratio,2048,8192,721,107_0005_0039.JPG,107_0005_0150.JPG,6242,6189,195,139,0.7128205128205128,22.459201809662304,0.234375,0.328125,0.9558260440826416,False,ok,0.08533619999070652
D1_154_building,rootsift-nn_ratio-r2048-k8192,rootsift,nn_ratio,2048,8192,722,107_0005_0039.JPG,107_0005_0151.JPG,6242,6268,249,165,0.6626506024096386,26.43383530919577,0.34375,0.4375,0.9587005376815796,False,ok,0.020185999979730695
D1_154_building,rootsift-nn_ratio-r2048-k8192,rootsift,nn_ratio,2048,8192,723,107_0005_0040.JPG,107_0005_0041.JPG,6424,6354,2470,2403,0.9728744939271255,378.1869688385269,0.875,0.859375,0.9839478135108948,False,ok,0.0584138999984134
D1_154_building,rootsift-nn_ratio-r2048-k8192,rootsift,nn_ratio,2048,8192,724,107_0005_0040.JPG,107_0005_0042.JPG,6424,6420,2425,2360,0.9731958762886598,367.601246105919,0.859375,0.859375,0.9828295111656189,False,ok,0.041734699974767864
D1_154_building,rootsift-nn_ratio-r2048-k8192,rootsift,nn_ratio,2048,8192,725,107_0005_0040.JPG,107_0005_0043.JPG,6424,6396,1745,1670,0.9570200573065902,261.1006879299562,0.640625,0.90625,0.9791433811187744,False,ok,0.04092800000216812
D1_154_building,rootsift-nn_ratio-r2048-k8192,rootsift,nn_ratio,2048,8192,726,107_0005_0040.JPG,107_0005_0044.JPG,6424,6397,1219,1140,0.9351927809680065,178.20853525089885,0.515625,0.796875,0.9719887971878052,False,ok,0.06583099998533726
D1_154_building,rootsift-nn_ratio-r2048-k8192,rootsift,nn_ratio,2048,8192,727,107_0005_0040.JPG,107_0005_0045.JPG,6424,6328,692,614,0.8872832369942196,97.0290771175727,0.390625,0.625,0.9653090238571167,False,ok,0.05811409998568706
D1_154_building,rootsift-nn_ratio-r2048-k8192,rootsift,nn_ratio,2048,8192,728,107_0005_0040.JPG,107_0005_0046.JPG,6424,6327,301,249,0.8272425249169435,39.35514461830251,0.28125,0.546875,0.9600452780723572,False,ok,0.04411919999984093
D1_154_building,rootsift-nn_ratio-r2048-k8192,rootsift,nn_ratio,2048,8192,729,107_0005_0040.JPG,107_0005_0047.JPG,6424,6280,139,97,0.697841726618705,15.445859872611464,0.125,0.25,0.9524276256561279,False,ok,0.14846090000355616
D1_154_building,rootsift-nn_ratio-r2048-k8192,rootsift,nn_ratio,2048,8192,730,107_0005_0040.JPG,107_0005_0048.JPG,6424,6197,56,22,0.39285714285714285,3.5501048894626432,0.078125,0.109375,0.9448228478431702,False,ok,0.12019350001355633
D1_154_building,rootsift-nn_ratio-r2048-k8192,rootsift,nn_ratio,2048,8192,731,107_0005_0040.JPG,107_0005_0058.JPG,6424,6335,713,637,0.8934081346423562,100.5524861878453,0.484375,0.4375,0.9617515802383423,False,ok,0.10095520000322722
D1_154_building,rootsift-nn_ratio-r2048-k8192,rootsift,nn_ratio,2048,8192,732,107_0005_0040.JPG,107_0005_0059.JPG,6424,6332,716,659,0.9203910614525139,104.07454200884396,0.484375,0.484375,0.9621430039405823,False,ok,0.03840330001548864
D1_154_building,rootsift-nn_ratio-r2048-k8192,rootsift,nn_ratio,2048,8192,733,107_0005_0040.JPG,107_0005_0060.JPG,6424,6321,982,906,0.9226069246435845,143.33175130517324,0.625,0.71875,0.9648885130882263,False,ok,0.026601499994285405
D1_154_building,rootsift-nn_ratio-r2048-k8192,rootsift,nn_ratio,2048,8192,734,107_0005_0040.JPG,107_0005_0061.JPG,6424,6336,1014,904,0.8915187376725838,142.67676767676767,0.671875,0.828125,0.9657633900642395,False,ok,0.12113640000461601
D1_154_building,rootsift-nn_ratio-r2048-k8192,rootsift,nn_ratio,2048,8192,735,107_0005_0040.JPG,107_0005_0062.JPG,6424,6333,636,512,0.8050314465408805,80.84636033475446,0.5625,0.703125,0.9623298048973083,False,ok,0.10112830001162365
D1_154_building,rootsift-nn_ratio-r2048-k8192,rootsift,nn_ratio,2048,8192,736,107_0005_0041.JPG,107_0005_0042.JPG,6354,6420,3737,3704,0.9911693872089912,582.9398803903053,1.0,1.0,0.989665687084198,False,ok,0.12120960000902414
D1_154_building,rootsift-nn_ratio-r2048-k8192,rootsift,nn_ratio,2048,8192,737,107_0005_0041.JPG,107_0005_0043.JPG,6354,6396,2181,2120,0.9720311783585511,333.64809568775576,0.703125,0.921875,0.9833986759185791,False,ok,0.019013699988136068
D1_154_building,rootsift-nn_ratio-r2048-k8192,rootsift,nn_ratio,2048,8192,738,107_0005_0041.JPG,107_0005_0044.JPG,6354,6397,1392,1302,0.9353448275862069,204.91029272898962,0.578125,0.765625,0.9743473529815674,False,ok,0.020944799995049834
D1_154_building,rootsift-nn_ratio-r2048-k8192,rootsift,nn_ratio,2048,8192,739,107_0005_0041.JPG,107_0005_0045.JPG,6354,6328,730,647,0.8863013698630137,102.24399494310998,0.421875,0.671875,0.9664102792739868,False,ok,0.12120649998541921
D1_154_building,rootsift-nn_ratio-r2048-k8192,rootsift,nn_ratio,2048,8192,740,107_0005_0041.JPG,107_0005_0046.JPG,6354,6327,336,283,0.8422619047619048,44.72893946578157,0.28125,0.53125,0.9587480425834656,False,ok,0.09389250000822358
D1_154_building,rootsift-nn_ratio-r2048-k8192,rootsift,nn_ratio,2048,8192,741,107_0005_0041.JPG,107_0005_0047.JPG,6354,6280,131,93,0.7099236641221374,14.80891719745223,0.125,0.3125,0.9524182677268982,False,ok,0.017309000017121434
D1_154_building,rootsift-nn_ratio-r2048-k8192,rootsift,nn_ratio,2048,8192,742,107_0005_0041.JPG,107_0005_0048.JPG,6354,6197,47,19,0.40425531914893614,3.065999677263192,0.078125,0.171875,0.944068193435669,False,ok,0.0771013000048697
D1_154_building,rootsift-nn_ratio-r2048-k8192,rootsift,nn_ratio,2048,8192,743,107_0005_0041.JPG,107_0005_0049.JPG,6354,6199,44,18,0.4090909090909091,2.9036941442168094,0.0625,0.140625,0.9470266103744507,False,ok,0.10087680001743138
D1_154_building,rootsift-nn_ratio-r2048-k8192,rootsift,nn_ratio,2048,8192,744,107_0005_0041.JPG,107_0005_0057.JPG,6354,6311,1044,980,0.9386973180076629,155.28442402154968,0.453125,0.625,0.9698981046676636,False,ok,0.12115950000588782
D1_154_building,rootsift-nn_ratio-r2048-k8192,rootsift,nn_ratio,2048,8192,745,107_0005_0041.JPG,107_0005_0058.JPG,6354,6335,1285,1223,0.9517509727626459,193.0544593528019,0.59375,0.5625,0.9707905054092407,False,ok,0.10109510002075695
D1_154_building,rootsift-nn_ratio-r2048-k8192,rootsift,nn_ratio,2048,8192,746,107_0005_0041.JPG,107_0005_0059.JPG,6354,6332,1226,1161,0.9469820554649266,183.35439039797853,0.5625,0.578125,0.9710639715194702,False,ok,0.019143500016070902
D1_154_building,rootsift-nn_ratio-r2048-k8192,rootsift,nn_ratio,2048,8192,747,107_0005_0041.JPG,107_0005_0060.JPG,6354,6321,1557,1486,0.9543994861913937,235.08938459104573,0.703125,0.8125,0.9739561676979065,False,ok,0.051905900007113814
D1_154_building,rootsift-nn_ratio-r2048-k8192,rootsift,nn_ratio,2048,8192,748,107_0005_0041.JPG,107_0005_0061.JPG,6354,6336,1235,1143,0.9255060728744939,180.39772727272728,0.6875,0.859375,0.9713612198829651,False,ok,0.1188687999965623
D1_154_building,rootsift-nn_ratio-r2048-k8192,rootsift,nn_ratio,2048,8192,749,107_0005_0042.JPG,107_0005_0043.JPG,6420,6396,2208,2138,0.9682971014492754,334.2714196372733,0.71875,0.921875,0.9833012223243713,False,ok,0.11958539998158813
D1_154_building,rootsift-nn_ratio-r2048-k8192,rootsift,nn_ratio,2048,8192,750,107_0005_0042.JPG,107_0005_0044.JPG,6420,6397,1388,1310,0.9438040345821326,204.78349226199782,0.578125,0.765625,0.9746936559677124,False,ok,0.018774500000290573
D1_154_building,rootsift-nn_ratio-r2048-k8192,rootsift,nn_ratio,2048,8192,751,107_0005_0042.JPG,107_0005_0045.JPG,6420,6328,734,662,0.9019073569482289,104.61441213653603,0.421875,0.671875,0.9666644930839539,False,ok,0.08447630002046935
D1_154_building,rootsift-nn_ratio-r2048-k8192,rootsift,nn_ratio,2048,8192,752,107_0005_0042.JPG,107_0005_0046.JPG,6420,6327,351,300,0.8547008547008547,47.4158368895211,0.265625,0.515625,0.9601103663444519,False,ok,0.08610489999409765
D1_154_building,rootsift-nn_ratio-r2048-k8192,rootsift,nn_ratio,2048,8192,753,107_0005_0042.JPG,107_0005_0047.JPG,6420,6280,150,109,0.7266666666666667,17.356687898089174,0.15625,0.34375,0.9526438117027283,False,ok,0.11125620000530034
D1_154_building,rootsift-nn_ratio-r2048-k8192,rootsift,nn_ratio,2048,8192,754,107_0005_0042.JPG,107_0005_0048.JPG,6420,6197,61,25,0.4098360655737705,4.034210101662095,0.09375,0.140625,0.9455748796463013,False,ok,0.09109450000687502
D1_154_building,rootsift-nn_ratio-r2048-k8192,rootsift,nn_ratio,2048,8192,755,107_0005_0042.JPG,107_0005_0049.JPG,6420,6199,49,21,0.42857142857142855,3.387643168252944,0.09375,0.140625,0.9462493658065796,False,ok,0.01691840001149103
D1_154_building,rootsift-nn_ratio-r2048-k8192,rootsift,nn_ratio,2048,8192,756,107_0005_0042.JPG,107_0005_0050.JPG,6420,6154,61,25,0.4098360655737705,4.062398440038999,0.0625,0.15625,0.9453006982803345,False,ok,0.1242867999826558
D1_154_building,rootsift-nn_ratio-r2048-k8192,rootsift,nn_ratio,2048,8192,757,107_0005_0042.JPG,107_0005_0057.JPG,6420,6311,1063,1006,0.9463781749764817,159.40421486293772,0.5,0.640625,0.971491813659668,False,ok,0.12159309998969547
D1_154_building,rootsift-nn_ratio-r2048-k8192,rootsift,nn_ratio,2048,8192,758,107_0005_0042.JPG,107_0005_0058.JPG,6420,6335,1351,1291,0.9555884529977794,203.78847671665352,0.609375,0.578125,0.9719467759132385,False,ok,0.10099289999925531
D1_154_building,rootsift-nn_ratio-r2048-k8192,rootsift,nn_ratio,2048,8192,759,107_0005_0042.JPG,107_0005_0059.JPG,6420,6332,1323,1265,0.9561602418745276,199.77890082122553,0.609375,0.609375,0.9719162583351135,False,ok,0.017755100008798763
D1_154_building,rootsift-nn_ratio-r2048-k8192,rootsift,nn_ratio,2048,8192,760,107_0005_0042.JPG,107_0005_0060.JPG,6420,6321,1609,1509,0.9378495960223742,238.7280493592786,0.703125,0.765625,0.9753100275993347,False,ok,0.08672659998410381
D1_154_building,rootsift-nn_ratio-r2048-k8192,rootsift,nn_ratio,2048,8192,761,107_0005_0042.JPG,107_0005_0061.JPG,6420,6336,1243,1141,0.917940466613033,180.0820707070707,0.640625,0.828125,0.9723117351531982,False,ok,0.10118460000376217
D1_154_building,rootsift-nn_ratio-r2048-k8192,rootsift,nn_ratio,2048,8192,762,107_0005_0043.JPG,107_0005_0044.JPG,6396,6397,2731,2677,0.9802270230684731,418.54283927454657,0.8125,0.96875,0.9852117300033569,False,ok,0.12118539999937639
D1_154_building,rootsift-nn_ratio-r2048-k8192,rootsift,nn_ratio,2048,8192,763,107_0005_0043.JPG,107_0005_0045.JPG,6396,6328,1726,1671,0.9681344148319815,264.0644753476612,0.625,0.859375,0.9773834943771362,False,ok,0.10148599999956787
D1_154_building,rootsift-nn_ratio-r2048-k8192,rootsift,nn_ratio,2048,8192,764,107_0005_0043.JPG,107_0005_0046.JPG,6396,6327,960,904,0.9416666666666667,142.87972182709024,0.4375,0.703125,0.9708269238471985,False,ok,0.018098799977451563
D1_154_building,rootsift-nn_ratio-r2048-k8192,rootsift,nn_ratio,2048,8192,765,107_0005_0043.JPG,107_0005_0047.JPG,6396,6280,537,487,0.9068901303538175,77.54777070063695,0.25,0.5,0.9637330770492554,False,ok,0.053381700010504574
D1_154_building,rootsift-nn_ratio-r2048-k8192,rootsift,nn_ratio,2048,8192,766,107_0005_0043.JPG,107_0005_0048.JPG,6396,6197,258,215,0.8333333333333334,34.69420687429401,0.171875,0.4375,0.9573495388031006,False,ok,0.10167969999019988
D1_154_building,rootsift-nn_ratio-r2048-k8192,rootsift,nn_ratio,2048,8192,767,107_0005_0043.JPG,107_0005_0049.JPG,6396,6199,238,201,0.8445378151260504,32.424584610421036,0.171875,0.4375,0.958350658416748,False,ok,0.12202750000869855
D1_154_building,rootsift-nn_ratio-r2048-k8192,rootsift,nn_ratio,2048,8192,768,107_0005_0043.JPG,107_0005_0050.JPG,6396,6154,250,200,0.8,32.49918752031199,0.1875,0.421875,0.957213282585144,False,ok,0.015562899992801249
D1_154_building,rootsift-nn_ratio-r2048-k8192,rootsift,nn_ratio,2048,8192,769,107_0005_0043.JPG,107_0005_0051.JPG,6396,6205,180,139,0.7722222222222223,22.401289282836423,0.140625,0.3125,0.9569553136825562,False,ok,0.0798007000121288
D1_154_building,rootsift-nn_ratio-r2048-k8192,rootsift,nn_ratio,2048,8192,770,107_0005_0043.JPG,107_0005_0057.JPG,6396,6311,1651,1598,0.9678982434887947,253.2086832514657,0.65625,0.671875,0.9735830426216125,False,ok,0.10094960001879372
D1_154_building,rootsift-nn_ratio-r2048-k8192,rootsift,nn_ratio,2048,8192,771,107_0005_0043.JPG,107_0005_0058.JPG,6396,6335,1308,1242,0.9495412844036697,196.05367008681927,0.703125,0.546875,0.9696069359779358,False,ok,0.12104299999191426
D1_154_building,rootsift-nn_ratio-r2048-k8192,rootsift,nn_ratio,2048,8192,772,107_0005_0043.JPG,107_0005_0059.JPG,6396,6332,1197,1120,0.935672514619883,176.87934301958308,0.65625,0.515625,0.9692524671554565,False,ok,0.10107720000087284
D1_154_building,rootsift-nn_ratio-r2048-k8192,rootsift,nn_ratio,2048,8192,773,107_0005_0043.JPG,107_0005_0060.JPG,6396,6321,2169,2097,0.966804979253112,331.7513051732321,0.875,0.8125,0.9772856831550598,False,ok,0.0194078000204172
D1_154_building,rootsift-nn_ratio-r2048-k8192,rootsift,nn_ratio,2048,8192,774,107_0005_0043.JPG,107_0005_0061.JPG,6396,6336,2042,1895,0.9280117531831538,299.08459595959596,0.84375,0.84375,0.9783599376678467,False,ok,0.06607830000575632
D1_154_building,rootsift-nn_ratio-r2048-k8192,rootsift,nn_ratio,2048,8192,775,107_0005_0043.JPG,107_0005_0062.JPG,6396,6333,1313,1188,0.9047981721249048,187.58882046423497,0.65625,0.6875,0.9724091291427612,False,ok,0.09889569997903891
D1_154_building,rootsift-nn_ratio-r2048-k8192,rootsift,nn_ratio,2048,8192,776,107_0005_0043.JPG,107_0005_0063.JPG,6396,6285,721,562,0.7794729542302358,89.41925218774861,0.46875,0.546875,0.9656039476394653,False,ok,0.11917439999524504
D1_154_building,rootsift-nn_ratio-r2048-k8192,rootsift,nn_ratio,2048,8192,777,107_0005_0044.JPG,107_0005_0045.JPG,6397,6328,2788,2738,0.9820659971305595,432.68015170670037,0.84375,0.984375,0.9854167103767395,False,ok,0.017070800007786602
D1_154_building,rootsift-nn_ratio-r2048-k8192,rootsift,nn_ratio,2048,8192,778,107_0005_0044.JPG,107_0005_0046.JPG,6397,6327,1714,1655,0.9655775962660443,261.57736684052475,0.59375,0.859375,0.9783569574356079,False,ok,0.07087840000167489
D1_154_building,rootsift-nn_ratio-r2048-k8192,rootsift,nn_ratio,2048,8192,779,107_0005_0044.JPG,107_0005_0047.JPG,6397,6280,1052,995,0.9458174904942965,158.43949044585986,0.359375,0.6875,0.9715254902839661,False,ok,0.1009360000025481
D1_154_building,rootsift-nn_ratio-r2048-k8192,rootsift,nn_ratio,2048,8192,780,107_0005_0044.JPG,107_0005_0048.JPG,6397,6197,590,544,0.9220338983050848,87.78441181216718,0.296875,0.578125,0.9642519950866699,False,ok,0.11103870000806637
D1_154_building,rootsift-nn_ratio-r2048-k8192,rootsift,nn_ratio,2048,8192,781,107_0005_0044.JPG,107_0005_0049.JPG,6397,6199,578,541,0.9359861591695502,87.27214066784965,0.296875,0.578125,0.9642625451087952,False,ok,0.1010658000013791
D1_154_building,rootsift-nn_ratio-r2048-k8192,rootsift,nn_ratio,2048,8192,782,107_0005_0044.JPG,107_0005_0050.JPG,6397,6154,545,486,0.8917431192660551,78.97302567435814,0.296875,0.578125,0.9624059200286865,False,ok,0.018008300015935674
D1_154_building,rootsift-nn_ratio-r2048-k8192,rootsift,nn_ratio,2048,8192,783,107_0005_0044.JPG,107_0005_0051.JPG,6397,6205,381,333,0.8740157480314961,53.66639806607574,0.234375,0.609375,0.9589372873306274,False,ok,0.0557680000201799
D1_154_building,rootsift-nn_ratio-r2048-k8192,rootsift,nn_ratio,2048,8192,784,107_0005_0044.JPG,107_0005_0052.JPG,6397,6166,336,305,0.9077380952380952,49.46480700616283,0.234375,0.609375,0.959591269493103,False,ok,0.10102219998952933
D1_154_building,rootsift-nn_ratio-r2048-k8192,rootsift,nn_ratio,2048,8192,785,107_0005_0044.JPG,107_0005_0057.JPG,6397,6311,1460,1404,0.9616438356164384,222.46870543495484,0.75,0.609375,0.9711689949035645,False,ok,0.12127329999930225
D1_154_building,rootsift-nn_ratio-r2048-k8192,rootsift,nn_ratio,2048,8192,786,107_0005_0044.JPG,107_0005_0058.JPG,6397,6335,932,844,0.9055793991416309,133.22809786898185,0.671875,0.421875,0.9659848213195801,False,ok,0.017452300002332777
D1_154_building,rootsift-nn_ratio-r2048-k8192,rootsift,nn_ratio,2048,8192,787,107_0005_0044.JPG,107_0005_0059.JPG,6397,6332,867,774,0.8927335640138409,122.23626026531902,0.625,0.421875,0.965244472026825,False,ok,0.018941899994388223
D1_154_building,rootsift-nn_ratio-r2048-k8192,rootsift,nn_ratio,2048,8192,788,107_0005_0044.JPG,107_0005_0060.JPG,6397,6321,1765,1706,0.96657223796034,269.89400411327324,0.90625,0.6875,0.9737367033958435,False,ok,0.12099820000003092
D1_154_building,rootsift-nn_ratio-r2048-k8192,rootsift,nn_ratio,2048,8192,789,107_0005_0044.JPG,107_0005_0061.JPG,6397,6336,2051,2004,0.977084349098001,316.2878787878788,0.890625,0.78125,0.9793114066123962,False,ok,0.10099609999451786
D1_154_building,rootsift-nn_ratio-r2048-k8192,rootsift,nn_ratio,2048,8192,790,107_0005_0044.JPG,107_0005_0062.JPG,6397,6333,1632,1532,0.9387254901960784,241.9074688141481,0.703125,0.703125,0.9787550568580627,False,ok,0.12118340001325123
D1_154_building,rootsift-nn_ratio-r2048-k8192,rootsift,nn_ratio,2048,8192,791,107_0005_0044.JPG,107_0005_0063.JPG,6397,6285,945,767,0.8116402116402116,122.03659506762132,0.46875,0.546875,0.9720458984375,False,ok,0.019163899996783584
D1_154_building,rootsift-nn_ratio-r2048-k8192,rootsift,nn_ratio,2048,8192,792,107_0005_0044.JPG,107_0005_0064.JPG,6397,6316,532,445,0.8364661654135338,70.45598480050666,0.421875,0.421875,0.9646461606025696,False,ok,0.04367719998117536
D1_154_building,rootsift-nn_ratio-r2048-k8192,rootsift,nn_ratio,2048,8192,793,107_0005_0044.JPG,107_0005_0147.JPG,6397,6158,888,753,0.847972972972973,122.27996102630725,0.390625,0.46875,0.9680807590484619,False,ok,0.10081350000109524
D1_154_building,rootsift-nn_ratio-r2048-k8192,rootsift,nn_ratio,2048,8192,794,107_0005_0044.JPG,107_0005_0148.JPG,6397,6158,893,782,0.8756998880179171,126.98928223449172,0.390625,0.453125,0.9687390923500061,False,ok,0.1210498999862466
D1_154_building,rootsift-nn_ratio-r2048-k8192,rootsift,nn_ratio,2048,8192,795,107_0005_0044.JPG,107_0005_0149.JPG,6397,6161,863,796,0.9223638470451911,129.19980522642427,0.46875,0.515625,0.9660391807556152,False,ok,0.016883300006156787
D1_154_building,rootsift-nn_ratio-r2048-k8192,rootsift,nn_ratio,2048,8192,796,107_0005_0045.JPG,107_0005_0046.JPG,6328,6327,2704,2667,0.9863165680473372,421.5267899478426,0.859375,0.984375,0.9861895442008972,False,ok,0.05616900001768954
D1_154_building,rootsift-nn_ratio-r2048-k8192,rootsift,nn_ratio,2048,8192,797,107_0005_0045.JPG,107_0005_0047.JPG,6328,6280,1752,1692,0.9657534246575342,269.4267515923567,0.59375,0.8125,0.979103147983551,False,ok,0.11080280001624487
D1_154_building,rootsift-nn_ratio-r2048-k8192,rootsift,nn_ratio,2048,8192,798,107_0005_0045.JPG,107_0005_0048.JPG,6328,6197,1134,1074,0.9470899470899471,173.3096659674036,0.421875,0.71875,0.9715003371238708,False,ok,0.10112500001559965
D1_154_building,rootsift-nn_ratio-r2048-k8192,rootsift,nn_ratio,2048,8192,799,107_0005_0045.JPG,107_0005_0049.JPG,6328,6199,1090,1045,0.9587155963302753,168.5755767059203,0.390625,0.734375,0.9710052609443665,False,ok,0.12097580000408925
D1_154_building,rootsift-nn_ratio-r2048-k8192,rootsift,nn_ratio,2048,8192,800,107_0005_0045.JPG,107_0005_0050.JPG,6328,6154,990,928,0.9373737373737374,150.79623009424765,0.390625,0.734375,0.9685247540473938,False,ok,0.016987399983918294
D1_154_building,rootsift-nn_ratio-r2048-k8192,rootsift,nn_ratio,2048,8192,801,107_0005_0045.JPG,107_0005_0051.JPG,6328,6205,685,635,0.927007299270073,102.33682514101531,0.328125,0.75,0.9640077948570251,False,ok,0.12204499999643303
D1_154_building,rootsift-nn_ratio-r2048-k8192,rootsift,nn_ratio,2048,8192,802,107_0005_0045.JPG,107_0005_0052.JPG,6328,6166,618,581,0.9401294498381877,94.22640285436263,0.328125,0.71875,0.9633828401565552,False,ok,0.11648929998045787
D1_154_building,rootsift-nn_ratio-r2048-k8192,rootsift,nn_ratio,2048,8192,803,107_0005_0045.JPG,107_0005_0053.JPG,6328,6119,1093,1049,0.959743824336688,171.43324072560875,0.4375,0.71875,0.9693021774291992,False,ok,0.017979800002649426
D1_154_building,rootsift-nn_ratio-r2048-k8192,rootsift,nn_ratio,2048,8192,804,107_0005_0045.JPG,107_0005_0060.JPG,6328,6321,1161,1099,0.9465977605512489,173.86489479512736,0.78125,0.53125,0.9684236645698547,False,ok,0.020285799982957542
D1_154_building,rootsift-nn_ratio-r2048-k8192,rootsift,nn_ratio,2048,8192,805,107_0005_0045.JPG,107_0005_0061.JPG,6328,6336,1615,1533,0.9492260061919504,242.2566371681416,0.859375,0.65625,0.973333477973938,False,ok,0.11701419999008067
D1_154_building,rootsift-nn_ratio-r2048-k8192,rootsift,nn_ratio,2048,8192,806,107_0005_0045.JPG,107_0005_0062.JPG,6328,6333,1527,1443,0.9449901768172888,228.03413400758532,0.734375,0.671875,0.9780543446540833,False,ok,0.10175420000450686
D1_154_building,rootsift-nn_ratio-r2048-k8192,rootsift,nn_ratio,2048,8192,807,107_0005_0045.JPG,107_0005_0063.JPG,6328,6285,1079,961,0.8906394810009268,152.90373906125697,0.484375,0.5,0.9776053428649902,False,ok,0.12121230000047944
D1_154_building,rootsift-nn_ratio-r2048-k8192,rootsift,nn_ratio,2048,8192,808,107_0005_0045.JPG,107_0005_0064.JPG,6328,6316,558,483,0.8655913978494624,76.47245091830273,0.359375,0.421875,0.9715214967727661,False,ok,0.01650939998216927
D1_154_building,rootsift-nn_ratio-r2048-k8192,rootsift,nn_ratio,2048,8192,809,107_0005_0045.JPG,107_0005_0065.JPG,6328,6309,562,476,0.8469750889679716,75.44777302266603,0.4375,0.4375,0.9679046273231506,False,ok,0.02089350001187995
D1_154_building,rootsift-nn_ratio-r2048-k8192,rootsift,nn_ratio,2048,8192,810,107_0005_0045.JPG,107_0005_0147.JPG,6328,6158,976,854,0.875,138.68139006170836,0.359375,0.40625,0.974395751953125,False,ok,0.12050299998372793
D1_154_building,rootsift-nn_ratio-r2048-k8192,rootsift,nn_ratio,2048,8192,811,107_0005_0045.JPG,107_0005_0148.JPG,6328,6158,993,872,0.878147029204431,141.6044170185125,0.359375,0.40625,0.9758381843566895,False,ok,0.10095719998935238
D1_154_building,rootsift-nn_ratio-r2048-k8192,rootsift,nn_ratio,2048,8192,812,107_0005_0045.JPG,107_0005_0149.JPG,6328,6161,1002,926,0.9241516966067864,150.30027592923227,0.484375,0.484375,0.9716138243675232,False,ok,0.01580449999892153
D1_154_building,rootsift-nn_ratio-r2048-k8192,rootsift,nn_ratio,2048,8192,813,107_0005_0045.JPG,107_0005_0150.JPG,6328,6189,779,693,0.889602053915276,111.97285506543868,0.515625,0.484375,0.9656782746315002,False,ok,0.042057600017869845
D1_154_building,rootsift-nn_ratio-r2048-k8192,rootsift,nn_ratio,2048,8192,814,107_0005_0046.JPG,107_0005_0047.JPG,6327,6280,2890,2849,0.9858131487889273,453.6624203821656,0.8125,0.984375,0.9862484335899353,False,ok,0.09101709999958985
D1_154_building,rootsift-nn_ratio-r2048-k8192,rootsift,nn_ratio,2048,8192,815,107_0005_0046.JPG,107_0005_0048.JPG,6327,6197,1951,1904,0.9759097898513582,307.24544134258514,0.65625,0.84375,0.9791489839553833,False,ok,0.12102930000401102
D1_154_building,rootsift-nn_ratio-r2048-k8192,rootsift,nn_ratio,2048,8192,816,107_0005_0046.JPG,107_0005_0049.JPG,6327,6199,1884,1845,0.9792993630573248,297.62864978222296,0.640625,0.859375,0.9790345430374146,False,ok,0.0988904999976512
D1_154_building,rootsift-nn_ratio-r2048-k8192,rootsift,nn_ratio,2048,8192,817,107_0005_0046.JPG,107_0005_0050.JPG,6327,6154,1602,1549,0.966916354556804,251.7062073448164,0.53125,0.875,0.9754124283790588,False,ok,0.019577400002162904
D1_154_building,rootsift-nn_ratio-r2048-k8192,rootsift,nn_ratio,2048,8192,818,107_0005_0046.JPG,107_0005_0051.JPG,6327,6205,1067,1021,0.9568884723523898,164.54472199838838,0.453125,0.765625,0.9694249629974365,False,ok,0.017834699974628165
D1_154_building,rootsift-nn_ratio-r2048-k8192,rootsift,nn_ratio,2048,8192,819,107_0005_0046.JPG,107_0005_0052.JPG,6327,6166,962,919,0.9553014553014553,149.0431397988972,0.4375,0.765625,0.9683079123497009,False,ok,0.01916590001201257
D1_154_building,rootsift-nn_ratio-r2048-k8192,rootsift,nn_ratio,2048,8192,820,107_0005_0046.JPG,107_0005_0053.JPG,6327,6119,1486,1440,0.9690444145356663,235.3325706814839,0.53125,0.796875,0.9721977710723877,False,ok,0.01905489998171106
D1_154_building,rootsift-nn_ratio-r2048-k8192,rootsift,nn_ratio,2048,8192,821,107_0005_0046.JPG,107_0005_0054.JPG,6327,6237,1812,1759,0.9707505518763797,282.0266153599487,0.765625,0.765625,0.9735827445983887,False,ok,0.020108800003072247
D1_154_building,rootsift-nn_ratio-r2048-k8192,rootsift,nn_ratio,2048,8192,822,107_0005_0046.JPG,107_0005_0063.JPG,6327,6285,883,771,0.8731596828992072,122.67303102625299,0.453125,0.4375,0.9759258031845093,False,ok,0.02442580001661554
D1_154_building,rootsift-nn_ratio-r2048-k8192,rootsift,nn_ratio,2048,8192,823,107_0005_0046.JPG,107_0005_0064.JPG,6327,6316,485,440,0.9072164948453608,69.66434452184927,0.328125,0.34375,0.9758533835411072,False,ok,0.035426099988399073
D1_154_building,rootsift-nn_ratio-r2048-k8192,rootsift,nn_ratio,2048,8192,824,107_0005_0046.JPG,107_0005_0065.JPG,6327,6309,539,489,0.9072356215213359,77.50832144555397,0.453125,0.40625,0.9696905612945557,False,ok,0.03799539999454282
D1_154_building,rootsift-nn_ratio-r2048-k8192,rootsift,nn_ratio,2048,8192,825,107_0005_0046.JPG,107_0005_0146.JPG,6327,6171,865,780,0.9017341040462428,126.39766650461837,0.328125,0.40625,0.9745091795921326,False,ok,0.0347376000136137
D1_154_building,rootsift-nn_ratio-r2048-k8192,rootsift,nn_ratio,2048,8192,826,107_0005_0046.JPG,107_0005_0147.JPG,6327,6158,790,730,0.9240506329113924,118.54498213705749,0.28125,0.3125,0.9787028431892395,False,ok,0.028414500004146248
D1_154_building,rootsift-nn_ratio-r2048-k8192,rootsift,nn_ratio,2048,8192,827,107_0005_0046.JPG,107_0005_0148.JPG,6327,6158,778,728,0.9357326478149101,118.22020136407924,0.28125,0.3125,0.9788975119590759,False,ok,0.028072599990991876
D1_154_building,rootsift-nn_ratio-r2048-k8192,rootsift,nn_ratio,2048,8192,828,107_0005_0046.JPG,107_0005_0149.JPG,6327,6161,798,720,0.9022556390977443,116.86414543093653,0.40625,0.359375,0.9737129807472229,False,ok,0.022645999997621402
D1_154_building,rootsift-nn_ratio-r2048-k8192,rootsift,nn_ratio,2048,8192,829,107_0005_0046.JPG,107_0005_0150.JPG,6327,6189,635,563,0.8866141732283465,90.96784617870415,0.421875,0.328125,0.9657595753669739,False,ok,0.12275839998619631
D1_154_building,rootsift-nn_ratio-r2048-k8192,rootsift,nn_ratio,2048,8192,830,107_0005_0047.JPG,107_0005_0048.JPG,6280,6197,2986,2961,0.9916275954454119,477.81184444085847,0.828125,0.96875,0.9866471886634827,False,ok,0.1210772999911569
D1_154_building,rootsift-nn_ratio-r2048-k8192,rootsift,nn_ratio,2048,8192,831,107_0005_0047.JPG,107_0005_0049.JPG,6280,6199,2879,2862,0.9940951719346995,461.68736893047264,0.796875,0.984375,0.9862785339355469,False,ok,0.10117979999631643
D1_154_building,rootsift-nn_ratio-r2048-k8192,rootsift,nn_ratio,2048,8192,832,107_0005_0047.JPG,107_0005_0050.JPG,6280,6154,2284,2253,0.9864273204903677,366.1033474163146,0.65625,0.96875,0.9810361266136169,False,ok,0.016680300002917647
D1_154_building,rootsift-nn_ratio-r2048-k8192,rootsift,nn_ratio,2048,8192,833,107_0005_0047.JPG,107_0005_0051.JPG,6280,6205,1464,1433,0.9788251366120219,230.94278807413377,0.59375,0.84375,0.9730690121650696,False,ok,0.055663000006461516
D1_154_building,rootsift-nn_ratio-r2048-k8192,rootsift,nn_ratio,2048,8192,834,107_0005_0047.JPG,107_0005_0052.JPG,6280,6166,1306,1273,0.9747320061255743,206.4547518650665,0.5625,0.765625,0.9719954133033752,False,ok,0.12178059999132529
D1_154_building,rootsift-nn_ratio-r2048-k8192,rootsift,nn_ratio,2048,8192,835,107_0005_0047.JPG,107_0005_0053.JPG,6280,6119,1718,1679,0.9772991850989523,274.391240398758,0.765625,0.8125,0.9737505912780762,False,ok,0.12103359997854568
D1_154_building,rootsift-nn_ratio-r2048-k8192,rootsift,nn_ratio,2048,8192,836,107_0005_0047.JPG,107_0005_0054.JPG,6280,6237,1543,1508,0.9773169151004537,241.7829084495751,0.8125,0.625,0.972273051738739,False,ok,0.12105549999978393
D1_154_building,rootsift-nn_ratio-r2048-k8192,rootsift,nn_ratio,2048,8192,837,107_0005_0047.JPG,107_0005_0055.JPG,6280,6276,1108,1056,0.9530685920577617,168.2600382409178,0.671875,0.453125,0.9691805243492126,False,ok,0.018558100011432543
D1_154_building,rootsift-nn_ratio-r2048-k8192,rootsift,nn_ratio,2048,8192,838,107_0005_0047.JPG,107_0005_0064.JPG,6280,6316,299,270,0.903010033444816,42.99363057324841,0.265625,0.234375,0.9738017320632935,False,ok,0.021257500018691644
D1_154_building,rootsift-nn_ratio-r2048-k8192,rootsift,nn_ratio,2048,8192,839,107_0005_0047.JPG,107_0005_0065.JPG,6280,6309,379,329,0.8680738786279684,52.388535031847134,0.375,0.296875,0.969265878200531,False,ok,0.1211497999902349
D1_154_building,rootsift-nn_ratio-r2048-k8192,rootsift,nn_ratio,2048,8192,840,107_0005_0047.JPG,107_0005_0081.JPG,6280,6171,716,658,0.9189944134078212,106.62777507697294,0.375,0.40625,0.9727299213409424,False,ok,0.10077239997917786
D1_154_building,rootsift-nn_ratio-r2048-k8192,rootsift,nn_ratio,2048,8192,841,107_0005_0047.JPG,107_0005_0112.JPG,6280,6392,90,47,0.5222222222222223,7.484076433121019,0.109375,0.109375,0.9572941064834595,False,ok,0.018756700010271743
D1_154_building,rootsift-nn_ratio-r2048-k8192,rootsift,nn_ratio,2048,8192,842,107_0005_0047.JPG,107_0005_0113.JPG,6280,6395,84,48,0.5714285714285714,7.643312101910828,0.109375,0.109375,0.9567912220954895,False,ok,0.07687029999215156
D1_154_building,rootsift-nn_ratio-r2048-k8192,rootsift,nn_ratio,2048,8192,843,107_0005_0047.JPG,107_0005_0144.JPG,6280,6117,900,858,0.9533333333333334,140.26483570377636,0.421875,0.46875,0.9749407768249512,False,ok,0.09093810000922531
D1_154_building,rootsift-nn_ratio-r2048-k8192,rootsift,nn_ratio,2048,8192,844,107_0005_0047.JPG,107_0005_0145.JPG,6280,6173,808,725,0.8972772277227723,117.44694637939413,0.359375,0.40625,0.976383626461029,False,ok,0.12105119999614544
D1_154_building,rootsift-nn_ratio-r2048-k8192,rootsift,nn_ratio,2048,8192,845,107_0005_0047.JPG,107_0005_0146.JPG,6280,6171,709,661,0.9322990126939351,107.11391994814454,0.28125,0.296875,0.9807159900665283,False,ok,0.10108160000527278
D1_154_building,rootsift-nn_ratio-r2048-k8192,rootsift,nn_ratio,2048,8192,846,107_0005_0047.JPG,107_0005_0149.JPG,6280,6161,534,490,0.9176029962546817,79.53254341827625,0.3125,0.25,0.9729626774787903,False,ok,0.017166999983601272
D1_154_building,rootsift-nn_ratio-r2048-k8192,rootsift,nn_ratio,2048,8192,847,107_0005_0048.JPG,107_0005_0049.JPG,6197,6199,4006,3995,0.9972541188217674,644.6667742456027,0.984375,0.984375,0.9924862384796143,False,ok,0.07175619999179617
D1_154_building,rootsift-nn_ratio-r2048-k8192,rootsift,nn_ratio,2048,8192,848,107_0005_0048.JPG,107_0005_0050.JPG,6197,6154,2830,2809,0.9925795053003533,456.45108872278195,0.890625,0.9375,0.9840035438537598,False,ok,0.12109290002263151
D1_154_building,rootsift-nn_ratio-r2048-k8192,rootsift,nn_ratio,2048,8192,849,107_0005_0048.JPG,107_0005_0051.JPG,6197,6205,1794,1753,0.9771460423634337,282.8788123285461,0.75,0.828125,0.9747512936592102,False,ok,0.10092379999696277
D1_154_building,rootsift-nn_ratio-r2048-k8192,rootsift,nn_ratio,2048,8192,850,107_0005_0048.JPG,107_0005_0052.JPG,6197,6166,1585,1544,0.9741324921135647,250.40544923775542,0.734375,0.796875,0.9731966853141785,False,ok,0.015958999982103705
D1_154_building,rootsift-nn_ratio-r2048-k8192,rootsift,nn_ratio,2048,8192,851,107_0005_0048.JPG,107_0005_0053.JPG,6197,6119,1495,1458,0.9752508361204013,238.27422781500246,0.78125,0.640625,0.9720980525016785,False,ok,0.0516868999984581
D1_154_building,rootsift-nn_ratio-r2048-k8192,rootsift,nn_ratio,2048,8192,852,107_0005_0048.JPG,107_0005_0054.JPG,6197,6237,1180,1102,0.9338983050847458,177.82798128126512,0.734375,0.484375,0.9694269895553589,False,ok,0.10126489997492172
D1_154_building,rootsift-nn_ratio-r2048-k8192,rootsift,nn_ratio,2048,8192,853,107_0005_0048.JPG,107_0005_0055.JPG,6197,6276,784,695,0.8864795918367347,112.15104082620623,0.578125,0.3125,0.9645950198173523,False,ok,0.12138430000049993
D1_154_building,rootsift-nn_ratio-r2048-k8192,rootsift,nn_ratio,2048,8192,854,107_0005_0048.JPG,107_0005_0056.JPG,6197,6358,414,374,0.9033816425120773,60.35178312086494,0.5,0.25,0.9603511691093445,False,ok,0.10099959999206476
D1_154_building,rootsift-nn_ratio-r2048-k8192,rootsift,nn_ratio,2048,8192,855,107_0005_0048.JPG,107_0005_0080.JPG,6197,6246,814,788,0.9680589680589681,127.15830240438922,0.46875,0.4375,0.9770069718360901,False,ok,0.01783689999138005
D1_154_building,rootsift-nn_ratio-r2048-k8192,rootsift,nn_ratio,2048,8192,856,107_0005_0048.JPG,107_0005_0081.JPG,6197,6171,754,716,0.9496021220159151,116.02657591962405,0.375,0.375,0.9781001806259155,False,ok,0.06055180000839755
D1_154_building,rootsift-nn_ratio-r2048-k8192,rootsift,nn_ratio,2048,8192,857,107_0005_0048.JPG,107_0005_0111.JPG,6197,6473,68,43,0.6323529411764706,6.938841374858803,0.140625,0.125,0.9533868432044983,False,ok,0.10091479998663999
D1_154_building,rootsift-nn_ratio-r2048-k8192,rootsift,nn_ratio,2048,8192,858,107_0005_0048.JPG,107_0005_0112.JPG,6197,6392,33,9,0.2727272727272727,1.452315636598354,0.125,0.125,0.9412323832511902,True,ok,0.1216341000108514
D1_154_building,rootsift-nn_ratio-r2048-k8192,rootsift,nn_ratio,2048,8192,859,107_0005_0048.JPG,107_0005_0113.JPG,6197,6395,32,9,0.28125,1.452315636598354,0.125,0.109375,0.9407888650894165,True,ok,0.01746390000334941
D1_154_building,rootsift-nn_ratio-r2048-k8192,rootsift,nn_ratio,2048,8192,860,107_0005_0048.JPG,107_0005_0114.JPG,6197,6327,30,9,0.3,1.452315636598354,0.09375,0.125,0.941092848777771,True,ok,0.1010977000114508
D1_154_building,rootsift-nn_ratio-r2048-k8192,rootsift,nn_ratio,2048,8192,861,107_0005_0048.JPG,107_0005_0143.JPG,6197,6166,982,859,0.8747454175152749,139.31235809276677,0.421875,0.390625,0.9747220873832703,False,ok,0.11118259999784641
D1_154_building,rootsift-nn_ratio-r2048-k8192,rootsift,nn_ratio,2048,8192,862,107_0005_0048.JPG,107_0005_0144.JPG,6197,6117,861,835,0.9698025551684089,136.50482262547,0.34375,0.375,0.9822493195533752,False,ok,0.1009448999830056
D1_154_building,rootsift-nn_ratio-r2048-k8192,rootsift,nn_ratio,2048,8192,863,107_0005_0048.JPG,107_0005_0145.JPG,6197,6173,745,717,0.9624161073825503,116.15098007451806,0.328125,0.328125,0.9826335906982422,False,ok,0.016499599994858727
D1_154_building,rootsift-nn_ratio-r2048-k8192,rootsift,nn_ratio,2048,8192,864,107_0005_0049.JPG,107_0005_0050.JPG,6199,6154,2797,2778,0.9932070075080444,451.4137146571336,0.859375,0.875,0.983870804309845,False,ok,0.10978560001240112
D1_154_building,rootsift-nn_ratio-r2048-k8192,rootsift,nn_ratio,2048,8192,865,107_0005_0049.JPG,107_0005_0051.JPG,6199,6205,1777,1739,0.9786156443444006,280.52911759961285,0.75,0.8125,0.974479615688324,False,ok,0.10146849998272955
D1_154_building,rootsift-nn_ratio-r2048-k8192,rootsift,nn_ratio,2048,8192,866,107_0005_0049.JPG,107_0005_0052.JPG,6199,6166,1579,1529,0.9683343888537049,247.97275381122284,0.71875,0.796875,0.9727907776832581,False,ok,0.1208489999989979
D1_154_building,rootsift-nn_ratio-r2048-k8192,rootsift,nn_ratio,2048,8192,867,107_0005_0049.JPG,107_0005_0053.JPG,6199,6119,1432,1397,0.9755586592178771,228.3052786403007,0.8125,0.609375,0.9720281958580017,False,ok,0.01585589998285286
D1_154_building,rootsift-nn_ratio-r2048-k8192,rootsift,nn_ratio,2048,8192,868,107_0005_0049.JPG,107_0005_0054.JPG,6199,6237,1110,1034,0.9315315315315316,166.80109695112114,0.734375,0.453125,0.9692481756210327,False,ok,0.06571649998659268
D1_154_building,rootsift-nn_ratio-r2048-k8192,rootsift,nn_ratio,2048,8192,869,107_0005_0049.JPG,107_0005_0055.JPG,6199,6276,740,639,0.8635135135135135,103.08114211969672,0.609375,0.328125,0.9639875888824463,False,ok,0.10105800000019372
D1_154_building,rootsift-nn_ratio-r2048-k8192,rootsift,nn_ratio,2048,8192,870,107_0005_0049.JPG,107_0005_0056.JPG,6199,6358,385,347,0.9012987012987013,55.97677044684627,0.53125,0.265625,0.9600343108177185,False,ok,0.09063719998812303
D1_154_building,rootsift-nn_ratio-r2048-k8192,rootsift,nn_ratio,2048,8192,871,107_0005_0049.JPG,107_0005_0057.JPG,6199,6311,197,144,0.7309644670050761,23.229553153734475,0.328125,0.140625,0.9538161158561707,False,ok,0.12125730002298951
D1_154_building,rootsift-nn_ratio-r2048-k8192,rootsift,nn_ratio,2048,8192,872,107_0005_0049.JPG,107_0005_0080.JPG,6199,6246,873,847,0.9702176403207331,136.6349411195354,0.46875,0.40625,0.9765064120292664,False,ok,0.016452499985462055
D1_154_building,rootsift-nn_ratio-r2048-k8192,rootsift,nn_ratio,2048,8192,873,107_0005_0049.JPG,107_0005_0081.JPG,6199,6171,765,736,0.9620915032679739,119.26754172743478,0.359375,0.375,0.9796060919761658,False,ok,0.01996309999958612
D1_154_building,rootsift-nn_ratio-r2048-k8192,rootsift,nn_ratio,2048,8192,874,107_0005_0049.JPG,107_0005_0082.JPG,6199,6255,724,679,0.9378453038674033,109.53379577351186,0.421875,0.46875,0.9722374081611633,False,ok,0.10085279998020269
D1_154_building,rootsift-nn_ratio-r2048-k8192,rootsift,nn_ratio,2048,8192,875,107_0005_0049.JPG,107_0005_0111.JPG,6199,6473,76,44,0.5789473684210527,7.097919019196644,0.125,0.109375,0.951026201248169,False,ok,0.12198159997933544
D1_154_building,rootsift-nn_ratio-r2048-k8192,rootsift,nn_ratio,2048,8192,876,107_0005_0049.JPG,107_0005_0112.JPG,6199,6392,29,9,0.3103448275862069,1.4518470721084047,0.109375,0.140625,0.9364734888076782,True,ok,0.016726900008507073
D1_154_building,rootsift-nn_ratio-r2048-k8192,rootsift,nn_ratio,2048,8192,877,107_0005_0049.JPG,107_0005_0113.JPG,6199,6395,32,8,0.25,1.2905307307630263,0.109375,0.109375,0.9381177425384521,True,ok,0.10124330001417547
D1_154_building,rootsift-nn_ratio-r2048-k8192,rootsift,nn_ratio,2048,8192,878,107_0005_0049.JPG,107_0005_0114.JPG,6199,6327,37,9,0.24324324324324326,1.4518470721084047,0.125,0.109375,0.9390228986740112,True,ok,0.12164100000518374
D1_154_building,rootsift-nn_ratio-r2048-k8192,rootsift,nn_ratio,2048,8192,879,107_0005_0049.JPG,107_0005_0143.JPG,6199,6166,935,867,0.9272727272727272,140.60979565358417,0.453125,0.359375,0.9754984378814697,False,ok,0.10108970000874251
D1_154_building,rootsift-nn_ratio-r2048-k8192,rootsift,nn_ratio,2048,8192,880,107_0005_0049.JPG,107_0005_0144.JPG,6199,6117,807,766,0.9491945477075588,125.22478339055093,0.328125,0.328125,0.9822757244110107,False,ok,0.017781000002287328
D1_154_building,rootsift-nn_ratio-r2048-k8192,rootsift,nn_ratio,2048,8192,881,107_0005_0049.JPG,107_0005_0145.JPG,6199,6173,724,696,0.9613259668508287,112.74906852421837,0.296875,0.359375,0.981473445892334,False,ok,0.020680000016000122
D1_154_building,rootsift-nn_ratio-r2048-k8192,rootsift,nn_ratio,2048,8192,882,107_0005_0050.JPG,107_0005_0051.JPG,6154,6205,3048,3036,0.9960629921259843,493.337666558336,0.921875,0.96875,0.986015260219574,False,ok,0.12110600000596605
D1_154_building,rootsift-nn_ratio-r2048-k8192,rootsift,nn_ratio,2048,8192,883,107_0005_0050.JPG,107_0005_0052.JPG,6154,6166,2789,2773,0.994263176765866,450.60123496912576,0.890625,0.90625,0.9843602776527405,False,ok,0.10108289998606779
D1_154_building,rootsift-nn_ratio-r2048-k8192,rootsift,nn_ratio,2048,8192,884,107_0005_0050.JPG,107_0005_0053.JPG,6154,6119,2232,2172,0.9731182795698925,354.9599607779049,1.0,0.71875,0.9812615513801575,False,ok,0.015698600007453933
D1_154_building,rootsift-nn_ratio-r2048-k8192,rootsift,nn_ratio,2048,8192,885,107_0005_0050.JPG,107_0005_0054.JPG,6154,6237,1615,1504,0.9312693498452013,244.3938901527462,0.84375,0.53125,0.9752645492553711,False,ok,0.12132009997731075
D1_154_building,rootsift-nn_ratio-r2048-k8192,rootsift,nn_ratio,2048,8192,886,107_0005_0050.JPG,107_0005_0055.JPG,6154,6276,977,914,0.9355168884339816,148.5212869678258,0.71875,0.375,0.9691100716590881,False,ok,0.10111899999901652
D1_154_building,rootsift-nn_ratio-r2048-k8192,rootsift,nn_ratio,2048,8192,887,107_0005_0050.JPG,107_0005_0056.JPG,6154,6358,556,500,0.8992805755395683,81.24796880077999,0.59375,0.25,0.9626498818397522,False,ok,0.11124399999971502
D1_154_building,rootsift-nn_ratio-r2048-k8192,rootsift,nn_ratio,2048,8192,888,107_0005_0050.JPG,107_0005_0057.JPG,6154,6311,284,236,0.8309859154929577,38.34904127396815,0.453125,0.15625,0.9564394950866699,False,ok,0.016088000003946945
D1_154_building,rootsift-nn_ratio-r2048-k8192,rootsift,nn_ratio,2048,8192,889,107_0005_0050.JPG,107_0005_0058.JPG,6154,6335,83,58,0.6987951807228916,9.424764380890478,0.234375,0.09375,0.9495625495910645,False,ok,0.018261599994730204
D1_154_building,rootsift-nn_ratio-r2048-k8192,rootsift,nn_ratio,2048,8192,890,107_0005_0050.JPG,107_0005_0079.JPG,6154,6260,767,746,0.9726205997392438,121.22196945076374,0.40625,0.421875,0.9781579971313477,False,ok,0.09995070000877604
D1_154_building,rootsift-nn_ratio-r2048-k8192,rootsift,nn_ratio,2048,8192,891,107_0005_0050.JPG,107_0005_0080.JPG,6154,6246,608,577,0.9490131578947368,93.7601559961001,0.28125,0.3125,0.9780948162078857,False,ok,0.12145499998587184
D1_154_building,rootsift-nn_ratio-r2048-k8192,rootsift,nn_ratio,2048,8192,892,107_0005_0050.JPG,107_0005_0096.JPG,6154,6365,21,9,0.42857142857142855,1.4624634384140396,0.125,0.109375,0.9443551898002625,True,ok,0.017396199982613325
D1_154_building,rootsift-nn_ratio-r2048-k8192,rootsift,nn_ratio,2048,8192,893,107_0005_0050.JPG,107_0005_0111.JPG,6154,6473,54,29,0.5370370370370371,4.712382190445239,0.078125,0.078125,0.9535763263702393,False,ok,0.09894549997989088
D1_154_building,rootsift-nn_ratio-r2048-k8192,rootsift,nn_ratio,2048,8192,894,107_0005_0050.JPG,107_0005_0112.JPG,6154,6392,23,9,0.391304347826087,1.4624634384140396,0.109375,0.109375,0.941802978515625,True,ok,0.12096380000002682
D1_154_building,rootsift-nn_ratio-r2048-k8192,rootsift,nn_ratio,2048,8192,895,107_0005_0050.JPG,107_0005_0113.JPG,6154,6395,24,9,0.375,1.4624634384140396,0.125,0.109375,0.9419031739234924,True,ok,0.10135419998550788
D1_154_building,rootsift-nn_ratio-r2048-k8192,rootsift,nn_ratio,2048,8192,896,107_0005_0050.JPG,107_0005_0145.JPG,6154,6173,924,783,0.8474025974025974,127.23431914202145,0.421875,0.390625,0.9786494374275208,False,ok,0.031640500004868954
D1_154_building,rootsift-nn_ratio-r2048-k8192,rootsift,nn_ratio,2048,8192,897,107_0005_0051.JPG,107_0005_0052.JPG,6205,6166,3951,3943,0.9979751961528727,639.4745377878689,1.0,1.0,0.9924445748329163,False,ok,0.07037489998037927
D1_154_building,rootsift-nn_ratio-r2048-k8192,rootsift,nn_ratio,2048,8192,898,107_0005_0051.JPG,107_0005_0053.JPG,6205,6119,2693,2655,0.9858893427404382,433.89442719398596,1.0,0.78125,0.9849419593811035,False,ok,0.10100690001854673
D1_154_building,rootsift-nn_ratio-r2048-k8192,rootsift,nn_ratio,2048,8192,899,107_0005_0051.JPG,107_0005_0054.JPG,6205,6237,1727,1680,0.9727851766068326,270.74939564867043,0.875,0.59375,0.9771404266357422,False,ok,0.12112339999293908
D1_154_building,rootsift-nn_ratio-r2048-k8192,rootsift,nn_ratio,2048,8192,900,107_0005_0051.JPG,107_0005_0055.JPG,6205,6276,1053,1013,0.9620132953466287,163.25543916196617,0.75,0.421875,0.9702476263046265,False,ok,0.016485100000863895
D1_154_building,rootsift-nn_ratio-r2048-k8192,rootsift,nn_ratio,2048,8192,901,107_0005_0051.JPG,107_0005_0056.JPG,6205,6358,540,492,0.9111111111111111,79.29089443996777,0.625,0.265625,0.9630323648452759,False,ok,0.05151789999217726
D1_154_building,rootsift-nn_ratio-r2048-k8192,rootsift,nn_ratio,2048,8192,902,107_0005_0051.JPG,107_0005_0057.JPG,6205,6311,270,242,0.8962962962962963,39.00080580177276,0.46875,0.1875,0.9577060341835022,False,ok,0.10102590001770295
D1_154_building,rootsift-nn_ratio-r2048-k8192,rootsift,nn_ratio,2048,8192,903,107_0005_0051.JPG,107_0005_0058.JPG,6205,6335,80,51,0.6375,8.219178082191782,0.1875,0.0625,0.9463196992874146,False,ok,0.12119579999125563
D1_154_building,rootsift-nn_ratio-r2048-k8192,rootsift,nn_ratio,2048,8192,904,107_0005_0051.JPG,107_0005_0059.JPG,6205,6332,70,45,0.6428571428571429,7.2522159548751,0.15625,0.09375,0.9472399950027466,False,ok,0.09402809999301098
D1_154_building,rootsift-nn_ratio-r2048-k8192,rootsift,nn_ratio,2048,8192,905,107_0005_0051.JPG,107_0005_0077.JPG,6205,6185,754,740,0.9814323607427056,119.64430072756669,0.515625,0.421875,0.9746273159980774,False,ok,0.017218799999682233
D1_154_building,rootsift-nn_ratio-r2048-k8192,rootsift,nn_ratio,2048,8192,906,107_0005_0051.JPG,107_0005_0078.JPG,6205,6244,795,774,0.9735849056603774,124.73811442385173,0.421875,0.40625,0.9793243408203125,False,ok,0.10107040000730194
D1_154_building,rootsift-nn_ratio-r2048-k8192,rootsift,nn_ratio,2048,8192,907,107_0005_0051.JPG,107_0005_0079.JPG,6205,6260,531,515,0.9698681732580038,82.9975825946817,0.3125,0.328125,0.9792189598083496,False,ok,0.1211399000021629
D1_154_building,rootsift-nn_ratio-r2048-k8192,rootsift,nn_ratio,2048,8192,908,107_0005_0051.JPG,107_0005_0095.JPG,6205,6475,89,64,0.7191011235955056,10.314262691377921,0.109375,0.09375,0.9608220458030701,False,ok,0.01861910001025535
D1_154_building,rootsift-nn_ratio-r2048-k8192,rootsift,nn_ratio,2048,8192,909,107_0005_0051.JPG,107_0005_0096.JPG,6205,6365,34,9,0.2647058823529412,1.4504431909750202,0.109375,0.125,0.938876211643219,True,ok,0.02367769999545999
D1_154_building,rootsift-nn_ratio-r2048-k8192,rootsift,nn_ratio,2048,8192,910,107_0005_0051.JPG,107_0005_0097.JPG,6205,6325,83,61,0.7349397590361446,9.830781627719581,0.078125,0.078125,0.9627346992492676,False,ok,0.12097270000958815
D1_154_building,rootsift-nn_ratio-r2048-k8192,rootsift,nn_ratio,2048,8192,911,107_0005_0052.JPG,107_0005_0053.JPG,6166,6119,2578,2557,0.9918541505042668,417.8787383559405,1.0,0.78125,0.9846959710121155,False,ok,0.10097900000982918
D1_154_building,rootsift-nn_ratio-r2048-k8192,rootsift,nn_ratio,2048,8192,912,107_0005_0052.JPG,107_0005_0054.JPG,6166,6237,1679,1628,0.9696247766527695,264.028543626338,0.875,0.59375,0.9772406220436096,False,ok,0.051604900014353916
D1_154_building,rootsift-nn_ratio-r2048-k8192,rootsift,nn_ratio,2048,8192,913,107_0005_0052.JPG,107_0005_0055.JPG,6166,6276,1012,963,0.9515810276679841,156.1790463833928,0.75,0.4375,0.9701637029647827,False,ok,0.021891199983656406
D1_154_building,rootsift-nn_ratio-r2048-k8192,rootsift,nn_ratio,2048,8192,914,107_0005_0052.JPG,107_0005_0056.JPG,6166,6358,538,497,0.9237918215613383,80.60330846578009,0.640625,0.265625,0.9627438187599182,False,ok,0.023320100008277223
D1_154_building,rootsift-nn_ratio-r2048-k8192,rootsift,nn_ratio,2048,8192,915,107_0005_0052.JPG,107_0005_0057.JPG,6166,6311,268,240,0.8955223880597015,38.92312682452157,0.453125,0.1875,0.957840085029602,False,ok,0.022258599987253547
D1_154_building,rootsift-nn_ratio-r2048-k8192,rootsift,nn_ratio,2048,8192,916,107_0005_0052.JPG,107_0005_0058.JPG,6166,6335,73,44,0.6027397260273972,7.135906584495621,0.265625,0.125,0.9491274952888489,False,ok,0.021925399982137606
D1_154_building,rootsift-nn_ratio-r2048-k8192,rootsift,nn_ratio,2048,8192,917,107_0005_0052.JPG,107_0005_0059.JPG,6166,6332,68,38,0.5588235294117647,6.162828413882582,0.1875,0.09375,0.9480317234992981,False,ok,0.03249260000302456
D1_154_building,rootsift-nn_ratio-r2048-k8192,rootsift,nn_ratio,2048,8192,918,107_0005_0052.JPG,107_0005_0060.JPG,6166,6321,232,194,0.8362068965517241,31.462860849821602,0.4375,0.15625,0.954988956451416,False,ok,0.03226209999411367
D1_154_building,rootsift-nn_ratio-r2048-k8192,rootsift,nn_ratio,2048,8192,919,107_0005_0052.JPG,107_0005_0077.JPG,6166,6185,673,650,0.9658246656760773,105.41680181641259,0.484375,0.421875,0.9735876321792603,False,ok,0.033053999999538064
D1_154_building,rootsift-nn_ratio-r2048-k8192,rootsift,nn_ratio,2048,8192,920,107_0005_0052.JPG,107_0005_0078.JPG,6166,6244,696,675,0.9698275862068966,109.47129419396691,0.390625,0.390625,0.9782142043113708,False,ok,0.03614839998772368
D1_154_building,rootsift-nn_ratio-r2048-k8192,rootsift,nn_ratio,2048,8192,921,107_0005_0052.JPG,107_0005_0079.JPG,6166,6260,416,399,0.9591346153846154,64.70969834576711,0.265625,0.3125,0.9769476652145386,False,ok,0.04608680002274923
D1_154_building,rootsift-nn_ratio-r2048-k8192,rootsift,nn_ratio,2048,8192,922,107_0005_0052.JPG,107_0005_0095.JPG,6166,6475,76,60,0.7894736842105263,9.730781706130392,0.125,0.09375,0.9565033316612244,False,ok,0.029361900000367314
D1_154_building,rootsift-nn_ratio-r2048-k8192,rootsift,nn_ratio,2048,8192,923,107_0005_0052.JPG,107_0005_0096.JPG,6166,6365,26,8,0.3076923076923077,1.2974375608173856,0.125,0.125,0.9406608939170837,True,ok,0.03043660000548698
D1_154_building,rootsift-nn_ratio-r2048-k8192,rootsift,nn_ratio,2048,8192,924,107_0005_0052.JPG,107_0005_0097.JPG,6166,6325,71,54,0.7605633802816901,8.757703535517352,0.09375,0.09375,0.9650171995162964,False,ok,0.11709460002020933
D1_154_building,rootsift-nn_ratio-r2048-k8192,rootsift,nn_ratio,2048,8192,925,107_0005_0053.JPG,107_0005_0054.JPG,6119,6237,2944,2913,0.9894701086956522,476.05817944108514,1.0,0.84375,0.9865500330924988,False,ok,0.10105399999883957
D1_154_building,rootsift-nn_ratio-r2048-k8192,rootsift,nn_ratio,2048,8192,926,107_0005_0053.JPG,107_0005_0055.JPG,6119,6276,1868,1830,0.9796573875802997,299.06847524105245,0.84375,0.5625,0.9790342450141907,False,ok,0.08071409998228773
D1_154_building,rootsift-nn_ratio-r2048-k8192,rootsift,nn_ratio,2048,8192,927,107_0005_0053.JPG,107_0005_0056.JPG,6119,6358,1107,1059,0.9566395663956639,173.06749468867463,0.703125,0.40625,0.9716414213180542,False,ok,0.018146199989132583
D1_154_building,rootsift-nn_ratio-r2048-k8192,rootsift,nn_ratio,2048,8192,928,107_0005_0053.JPG,107_0005_0057.JPG,6119,6311,630,576,0.9142857142857143,94.13302827259356,0.546875,0.265625,0.9647771120071411,False,ok,0.10114899999462068
D1_154_building,rootsift-nn_ratio-r2048-k8192,rootsift,nn_ratio,2048,8192,929,107_0005_0053.JPG,107_0005_0058.JPG,6119,6335,249,211,0.8473895582329317,34.48275862068966,0.390625,0.171875,0.9556254148483276,False,ok,0.12106470001162961
D1_154_building,rootsift-nn_ratio-r2048-k8192,rootsift,nn_ratio,2048,8192,930,107_0005_0053.JPG,107_0005_0059.JPG,6119,6332,210,176,0.8380952380952381,28.762869749959144,0.40625,0.15625,0.9547052383422852,False,ok,0.11112899999716319
D1_154_building,rootsift-nn_ratio-r2048-k8192,rootsift,nn_ratio,2048,8192,931,107_0005_0053.JPG,107_0005_0060.JPG,6119,6321,508,467,0.9192913385826772,76.31966007517568,0.5625,0.21875,0.9619882702827454,False,ok,0.016389900003559887
D1_154_building,rootsift-nn_ratio-r2048-k8192,rootsift,nn_ratio,2048,8192,932,107_0005_0053.JPG,107_0005_0061.JPG,6119,6336,531,498,0.9378531073446328,81.38584736067985,0.5,0.25,0.9655001759529114,False,ok,0.02038699999684468
D1_154_building,rootsift-nn_ratio-r2048-k8192,rootsift,nn_ratio,2048,8192,933,107_0005_0053.JPG,107_0005_0066.JPG,6119,6422,330,301,0.9121212121212121,49.1910442882824,0.28125,0.21875,0.9744455218315125,False,ok,0.11322759999893606
D1_154_building,rootsift-nn_ratio-r2048-k8192,rootsift,nn_ratio,2048,8192,934,107_0005_0053.JPG,107_0005_0067.JPG,6119,6311,470,421,0.8957446808510638,68.80209184507272,0.296875,0.265625,0.9718712568283081,False,ok,0.09443070000270382
D1_154_building,rootsift-nn_ratio-r2048-k8192,rootsift,nn_ratio,2048,8192,935,107_0005_0053.JPG,107_0005_0068.JPG,6119,6337,529,466,0.8809073724007561,76.1562346788691,0.390625,0.28125,0.9663344621658325,False,ok,0.016457300022011623
D1_154_building,rootsift-nn_ratio-r2048-k8192,rootsift,nn_ratio,2048,8192,936,107_0005_0053.JPG,107_0005_0078.JPG,6119,6244,721,672,0.9320388349514563,109.82186631802583,0.390625,0.4375,0.9720396399497986,False,ok,0.08070769999176264
D1_154_building,rootsift-nn_ratio-r2048-k8192,rootsift,nn_ratio,2048,8192,937,107_0005_0053.JPG,107_0005_0079.JPG,6119,6260,486,438,0.9012345679012346,71.58032358228469,0.28125,0.375,0.9727474451065063,False,ok,0.1011556000157725
D1_154_building,rootsift-nn_ratio-r2048-k8192,rootsift,nn_ratio,2048,8192,938,107_0005_0053.JPG,107_0005_0096.JPG,6119,6365,71,39,0.5492957746478874,6.3735904559568555,0.109375,0.109375,0.9587401151657104,False,ok,0.1215741999913007
D1_154_building,rootsift-nn_ratio-r2048-k8192,rootsift,nn_ratio,2048,8192,939,107_0005_0054.JPG,107_0005_0055.JPG,6237,6276,2861,2833,0.9902132121635792,454.2247875581209,0.984375,0.859375,0.9861089587211609,False,ok,0.1009417999885045
D1_154_building,rootsift-nn_ratio-r2048-k8192,rootsift,nn_ratio,2048,8192,940,107_0005_0054.JPG,107_0005_0056.JPG,6237,6358,1772,1719,0.9700902934537246,275.6132756132756,0.8125,0.578125,0.9786818027496338,False,ok,0.018893000000389293
D1_154_building,rootsift-nn_ratio-r2048-k8192,rootsift,nn_ratio,2048,8192,941,107_0005_0054.JPG,107_0005_0057.JPG,6237,6311,1109,1050,0.9467989179440938,168.35016835016836,0.65625,0.40625,0.9716199040412903,False,ok,0.021024200017564
D1_154_building,rootsift-nn_ratio-r2048-k8192,rootsift,nn_ratio,2048,8192,942,107_0005_0054.JPG,107_0005_0058.JPG,6237,6335,520,466,0.8961538461538462,74.71540804874138,0.53125,0.28125,0.9634254574775696,False,ok,0.12099890000536107
D1_154_building,rootsift-nn_ratio-r2048-k8192,rootsift,nn_ratio,2048,8192,943,107_0005_0054.JPG,107_0005_0059.JPG,6237,6332,473,417,0.8816067653276956,66.85906685906686,0.53125,0.28125,0.962268590927124,False,ok,0.09280990000115708
D1_154_building,rootsift-nn_ratio-r2048-k8192,rootsift,nn_ratio,2048,8192,944,107_0005_0054.JPG,107_0005_0060.JPG,6237,6321,848,785,0.9257075471698113,125.86179252845919,0.703125,0.34375,0.9688143730163574,False,ok,0.016224200022406876
D1_154_building,rootsift-nn_ratio-r2048-k8192,rootsift,nn_ratio,2048,8192,945,107_0005_0054.JPG,107_0005_0061.JPG,6237,6336,885,844,0.9536723163841808,135.32146865480198,0.5625,0.421875,0.9722996950149536,False,ok,0.054766600020229816
D1_154_building,rootsift-nn_ratio-r2048-k8192,rootsift,nn_ratio,2048,8192,946,107_0005_0054.JPG,107_0005_0062.JPG,6237,6333,676,641,0.9482248520710059,102.77376944043611,0.46875,0.40625,0.9744979739189148,False,ok,0.12094069999875501
D1_154_building,rootsift-nn_ratio-r2048-k8192,rootsift,nn_ratio,2048,8192,947,107_0005_0054.JPG,107_0005_0065.JPG,6237,6309,207,168,0.8115942028985508,26.936026936026938,0.203125,0.265625,0.9730764031410217,False,ok,0.1008620000211522
D1_154_building,rootsift-nn_ratio-r2048-k8192,rootsift,nn_ratio,2048,8192,948,107_0005_0054.JPG,107_0005_0066.JPG,6237,6422,530,493,0.930188679245283,79.04441237774572,0.34375,0.328125,0.9760825037956238,False,ok,0.11106640001526102
D1_154_building,rootsift-nn_ratio-r2048-k8192,rootsift,nn_ratio,2048,8192,949,107_0005_0054.JPG,107_0005_0067.JPG,6237,6311,685,649,0.9474452554744526,104.05643738977072,0.421875,0.40625,0.9740438461303711,False,ok,0.017809900018619373
D1_154_building,rootsift-nn_ratio-r2048-k8192,rootsift,nn_ratio,2048,8192,950,107_0005_0054.JPG,107_0005_0068.JPG,6237,6337,692,654,0.9450867052023122,104.85810485810485,0.53125,0.453125,0.9661609530448914,False,ok,0.07953179997275583
D1_154_building,rootsift-nn_ratio-r2048-k8192,rootsift,nn_ratio,2048,8192,951,107_0005_0054.JPG,107_0005_0069.JPG,6237,6366,621,563,0.9066022544283414,90.2677569344236,0.578125,0.484375,0.9609981179237366,False,ok,0.10081999999238178
D1_154_building,rootsift-nn_ratio-r2048-k8192,rootsift,nn_ratio,2048,8192,952,107_0005_0054.JPG,107_0005_0147.JPG,6237,6158,979,870,0.8886618998978549,141.27963624553428,0.515625,0.4375,0.968615710735321,False,ok,0.12099450000096112
D1_154_building,rootsift-nn_ratio-r2048-k8192,rootsift,nn_ratio,2048,8192,953,107_0005_0054.JPG,107_0005_0148.JPG,6237,6158,957,885,0.9247648902821317,143.71549204287106,0.515625,0.421875,0.9690864682197571,False,ok,0.017579899984411895
D1_154_building,rootsift-nn_ratio-r2048-k8192,rootsift,nn_ratio,2048,8192,954,107_0005_0055.JPG,107_0005_0056.JPG,6276,6358,2817,2784,0.9882854100106496,443.5946462715105,1.0,0.828125,0.9860986471176147,False,ok,0.06724810000741854
D1_154_building,rootsift-nn_ratio-r2048-k8192,rootsift,nn_ratio,2048,8192,955,107_0005_0055.JPG,107_0005_0057.JPG,6276,6311,1869,1816,0.9716425896201177,289.35627788400257,0.84375,0.609375,0.9787370562553406,False,ok,0.1007320000207983
D1_154_building,rootsift-nn_ratio-r2048-k8192,rootsift,nn_ratio,2048,8192,956,107_0005_0055.JPG,107_0005_0058.JPG,6276,6335,1041,975,0.9365994236311239,155.35372848948376,0.734375,0.453125,0.9698333144187927,False,ok,0.12110170000232756
D1_154_building,rootsift-nn_ratio-r2048-k8192,rootsift,nn_ratio,2048,8192,957,107_0005_0055.JPG,107_0005_0059.JPG,6276,6332,946,879,0.9291754756871036,140.05736137667304,0.703125,0.40625,0.9687499403953552,False,ok,0.10087019999627955
D1_154_building,rootsift-nn_ratio-r2048-k8192,rootsift,nn_ratio,2048,8192,958,107_0005_0055.JPG,107_0005_0060.JPG,6276,6321,1475,1404,0.951864406779661,223.70936902485658,0.828125,0.546875,0.9749084711074829,False,ok,0.020236599986674264
D1_154_building,rootsift-nn_ratio-r2048-k8192,rootsift,nn_ratio,2048,8192,959,107_0005_0055.JPG,107_0005_0061.JPG,6276,6336,1359,1308,0.9624724061810155,208.4130019120459,0.65625,0.515625,0.9774511456489563,False,ok,0.10112070001196116
D1_154_building,rootsift-nn_ratio-r2048-k8192,rootsift,nn_ratio,2048,8192,960,107_0005_0055.JPG,107_0005_0062.JPG,6276,6333,929,890,0.9580193756727664,141.81007010834927,0.5,0.46875,0.9763404130935669,False,ok,0.1205226999882143
D1_154_building,rootsift-nn_ratio-r2048-k8192,rootsift,nn_ratio,2048,8192,961,107_0005_0055.JPG,107_0005_0063.JPG,6276,6285,362,339,0.93646408839779,54.01529636711281,0.265625,0.34375,0.9727377891540527,False,ok,0.018442300002789125
D1_154_building,rootsift-nn_ratio-r2048-k8192,rootsift,nn_ratio,2048,8192,962,107_0005_0055.JPG,107_0005_0065.JPG,6276,6309,272,230,0.8455882352941176,36.647546207775655,0.265625,0.3125,0.9664136171340942,False,ok,0.05133799999020994
D1_154_building,rootsift-nn_ratio-r2048-k8192,rootsift,nn_ratio,2048,8192,963,107_0005_0055.JPG,107_0005_0066.JPG,6276,6422,544,469,0.8621323529411765,74.7291268323773,0.375,0.390625,0.9713190793991089,False,ok,0.12099450000096112
D1_154_building,rootsift-nn_ratio-r2048-k8192,rootsift,nn_ratio,2048,8192,964,107_0005_0055.JPG,107_0005_0067.JPG,6276,6311,689,628,0.9114658925979681,100.06373486297005,0.5,0.484375,0.9694880247116089,False,ok,0.09092260000761598
D1_154_building,rootsift-nn_ratio-r2048-k8192,rootsift,nn_ratio,2048,8192,965,107_0005_0055.JPG,107_0005_0068.JPG,6276,6337,717,678,0.9456066945606695,108.03059273422562,0.578125,0.53125,0.9671233892440796,False,ok,0.11892259999876842
D1_154_building,rootsift-nn_ratio-r2048-k8192,rootsift,nn_ratio,2048,8192,966,107_0005_0055.JPG,107_0005_0148.JPG,6276,6158,1067,995,0.9325210871602624,161.57843455667424,0.578125,0.53125,0.9678535461425781,False,ok,0.018071800004690886
D1_154_building,rootsift-nn_ratio-r2048-k8192,rootsift,nn_ratio,2048,8192,967,107_0005_0056.JPG,107_0005_0057.JPG,6358,6311,2580,2524,0.9782945736434109,399.9366186024402,0.953125,0.75,0.9856098890304565,False,ok,0.10091169999213889
D1_154_building,rootsift-nn_ratio-r2048-k8192,rootsift,nn_ratio,2048,8192,968,107_0005_0056.JPG,107_0005_0058.JPG,6358,6335,1516,1444,0.9525065963060686,227.94001578531964,0.8125,0.5625,0.9775480628013611,False,ok,0.11113299999851733
D1_154_building,rootsift-nn_ratio-r2048-k8192,rootsift,nn_ratio,2048,8192,969,107_0005_0056.JPG,107_0005_0059.JPG,6358,6332,1409,1333,0.9460610361958836,210.51800379027165,0.828125,0.5625,0.9765229821205139,False,ok,0.017419999989215285
D1_154_building,rootsift-nn_ratio-r2048-k8192,rootsift,nn_ratio,2048,8192,970,107_0005_0056.JPG,107_0005_0060.JPG,6358,6321,1970,1903,0.965989847715736,301.0599588672678,0.828125,0.640625,0.9821779131889343,False,ok,0.1134336999966763
D1_154_building,rootsift-nn_ratio-r2048-k8192,rootsift,nn_ratio,2048,8192,971,107_0005_0056.JPG,107_0005_0061.JPG,6358,6336,1664,1622,0.9747596153846154,255.99747474747474,0.671875,0.671875,0.9820190072059631,False,ok,0.1010662000044249
D1_154_building,rootsift-nn_ratio-r2048-k8192,rootsift,nn_ratio,2048,8192,972,107_0005_0056.JPG,107_0005_0062.JPG,6358,6333,883,844,0.9558323895809739,133.2701721143218,0.46875,0.5625,0.976028323173523,False,ok,0.12093969999114051
D1_154_building,rootsift-nn_ratio-r2048-k8192,rootsift,nn_ratio,2048,8192,973,107_0005_0056.JPG,107_0005_0063.JPG,6358,6285,329,299,0.9088145896656535,47.573587907716785,0.234375,0.359375,0.9687056541442871,False,ok,0.10076380000100471
D1_154_building,rootsift-nn_ratio-r2048-k8192,rootsift,nn_ratio,2048,8192,974,107_0005_0056.JPG,107_0005_0064.JPG,6358,6316,142,100,0.704225352112676,15.832805573147562,0.125,0.21875,0.9574364423751831,False,ok,0.0181719999818597
D1_154_building,rootsift-nn_ratio-r2048-k8192,rootsift,nn_ratio,2048,8192,975,107_0005_0056.JPG,107_0005_0066.JPG,6358,6422,460,374,0.8130434782608695,58.8235294117647,0.390625,0.453125,0.965325117111206,False,ok,0.02109950000885874
D1_154_building,rootsift-nn_ratio-r2048-k8192,rootsift,nn_ratio,2048,8192,976,107_0005_0057.JPG,107_0005_0058.JPG,6311,6335,2383,2327,0.9765002098195552,368.72128030423073,0.90625,0.75,0.9856104850769043,False,ok,0.10915370000293478
D1_154_building,rootsift-nn_ratio-r2048-k8192,rootsift,nn_ratio,2048,8192,977,107_0005_0057.JPG,107_0005_0059.JPG,6311,6332,2233,2166,0.9699955217196596,343.2102677864047,0.890625,0.75,0.9845762848854065,False,ok,0.10094410000601783
D1_154_building,rootsift-nn_ratio-r2048-k8192,rootsift,nn_ratio,2048,8192,978,107_0005_0057.JPG,107_0005_0060.JPG,6311,6321,2550,2480,0.9725490196078431,392.9646648708604,0.796875,0.78125,0.986655056476593,False,ok,0.018603400007123128
D1_154_building,rootsift-nn_ratio-r2048-k8192,rootsift,nn_ratio,2048,8192,979,107_0005_0057.JPG,107_0005_0061.JPG,6311,6336,1557,1502,0.9646756583172769,237.99714783710982,0.5625,0.71875,0.981322169303894,False,ok,0.07020010001724586
D1_154_building,rootsift-nn_ratio-r2048-k8192,rootsift,nn_ratio,2048,8192,980,107_0005_0057.JPG,107_0005_0062.JPG,6311,6333,697,653,0.9368723098995696,103.47013151639993,0.40625,0.5625,0.9729815721511841,False,ok,0.10099559999071062
D1_154_building,rootsift-nn_ratio-r2048-k8192,rootsift,nn_ratio,2048,8192,981,107_0005_0057.JPG,107_0005_0063.JPG,6311,6285,295,265,0.8983050847457628,42.16388225934765,0.234375,0.34375,0.965349018573761,False,ok,0.11607870002626441
D1_154_building,rootsift-nn_ratio-r2048-k8192,rootsift,nn_ratio,2048,8192,982,107_0005_0057.JPG,107_0005_0064.JPG,6311,6316,130,88,0.676923076923077,13.943907463159563,0.15625,0.21875,0.9544745683670044,False,ok,0.10084279999136925
D1_154_building,rootsift-nn_ratio-r2048-k8192,rootsift,nn_ratio,2048,8192,983,107_0005_0057.JPG,107_0005_0065.JPG,6311,6309,226,156,0.6902654867256637,24.726581074655254,0.28125,0.3125,0.9566506147384644,False,ok,0.015901499980827793
D1_154_building,rootsift-nn_ratio-r2048-k8192,rootsift,nn_ratio,2048,8192,984,107_0005_0058.JPG,107_0005_0059.JPG,6335,6332,3742,3696,0.9877071084981294,583.7018319646241,0.953125,0.9375,0.9895183444023132,False,ok,0.074393200018676
D1_154_building,rootsift-nn_ratio-r2048-k8192,rootsift,nn_ratio,2048,8192,985,107_0005_0058.JPG,107_0005_0060.JPG,6335,6321,2039,1950,0.9563511525257479,308.4954912197437,0.671875,0.796875,0.983661949634552,False,ok,0.10088939999695867
D1_154_building,rootsift-nn_ratio-r2048-k8192,rootsift,nn_ratio,2048,8192,986,107_0005_0058.JPG,107_0005_0061.JPG,6335,6336,1083,1032,0.9529085872576177,162.90449881610104,0.5,0.703125,0.9762040376663208,False,ok,0.11910180002450943
D1_154_building,rootsift-nn_ratio-r2048-k8192,rootsift,nn_ratio,2048,8192,987,107_0005_0058.JPG,107_0005_0062.JPG,6335,6333,481,436,0.9064449064449065,68.84572872256435,0.328125,0.53125,0.9665324687957764,False,ok,0.01633030001539737
D1_154_building,rootsift-nn_ratio-r2048-k8192,rootsift,nn_ratio,2048,8192,988,107_0005_0058.JPG,107_0005_0063.JPG,6335,6285,197,158,0.8020304568527918,25.139220365950678,0.203125,0.34375,0.9585495591163635,False,ok,0.01959999999962747
D1_154_building,rootsift-nn_ratio-r2048-k8192,rootsift,nn_ratio,2048,8192,989,107_0005_0058.JPG,107_0005_0064.JPG,6335,6316,111,75,0.6756756756756757,11.874604179860672,0.171875,0.265625,0.9520565867424011,False,ok,0.10102190001634881
D1_154_building,rootsift-nn_ratio-r2048-k8192,rootsift,nn_ratio,2048,8192,990,107_0005_0058.JPG,107_0005_0065.JPG,6335,6309,160,125,0.78125,19.812965604691712,0.25,0.359375,0.9560999870300293,False,ok,0.11166650001541711
D1_154_building,rootsift-nn_ratio-r2048-k8192,rootsift,nn_ratio,2048,8192,991,107_0005_0058.JPG,107_0005_0066.JPG,6335,6422,219,172,0.7853881278538812,27.150749802683503,0.3125,0.46875,0.9585662484169006,False,ok,0.10094490001210943
D1_154_building,rootsift-nn_ratio-r2048-k8192,rootsift,nn_ratio,2048,8192,992,107_0005_0059.JPG,107_0005_0060.JPG,6332,6321,1891,1816,0.9603384452670545,287.29631387438695,0.640625,0.796875,0.9827827215194702,False,ok,0.017052300012437627
D1_154_building,rootsift-nn_ratio-r2048-k8192,rootsift,nn_ratio,2048,8192,993,107_0005_0059.JPG,107_0005_0061.JPG,6332,6336,1020,969,0.95,153.03221730890715,0.46875,0.703125,0.9751520156860352,False,ok,0.036221499991370365
D1_154_building,rootsift-nn_ratio-r2048-k8192,rootsift,nn_ratio,2048,8192,994,107_0005_0059.JPG,107_0005_0062.JPG,6332,6333,444,398,0.8963963963963963,62.85533796588756,0.296875,0.5,0.9660118222236633,False,ok,0.10093990000314079
D1_154_building,rootsift-nn_ratio-r2048-k8192,rootsift,nn_ratio,2048,8192,995,107_0005_0059.JPG,107_0005_0063.JPG,6332,6285,185,135,0.7297297297297297,21.479713603818617,0.203125,0.28125,0.9577389359474182,False,ok,0.12104210001416504
D1_154_building,rootsift-nn_ratio-r2048-k8192,rootsift,nn_ratio,2048,8192,996,107_0005_0059.JPG,107_0005_0064.JPG,6332,6316,114,76,0.6666666666666666,12.032932235592147,0.171875,0.234375,0.9524729251861572,False,ok,0.01701759998104535
D1_154_building,rootsift-nn_ratio-r2048-k8192,rootsift,nn_ratio,2048,8192,997,107_0005_0059.JPG,107_0005_0065.JPG,6332,6309,162,110,0.6790123456790124,17.435409732128704,0.25,0.328125,0.9555302262306213,False,ok,0.024888999992981553
D1_154_building,rootsift-nn_ratio-r2048-k8192,rootsift,nn_ratio,2048,8192,998,107_0005_0059.JPG,107_0005_0066.JPG,6332,6422,201,162,0.8059701492537313,25.58433354390398,0.3125,0.4375,0.9580366611480713,False,ok,0.0909240999899339
D1_154_building,rootsift-nn_ratio-r2048-k8192,rootsift,nn_ratio,2048,8192,999,107_0005_0059.JPG,107_0005_0067.JPG,6332,6311,248,177,0.7137096774193549,28.046268420218667,0.265625,0.453125,0.9583536982536316,False,ok,0.12111259999801405
D1_154_building,rootsift-nn_ratio-r2048-k8192,rootsift,nn_ratio,2048,8192,1000,107_0005_0060.JPG,107_0005_0061.JPG,6321,6336,2079,1993,0.9586339586339586,315.2982123081791,0.6875,0.875,0.983163595199585,False,ok,0.10098749998724088
D1_154_building,rootsift-nn_ratio-r2048-k8192,rootsift,nn_ratio,2048,8192,1001,107_0005_0060.JPG,107_0005_0062.JPG,6321,6333,954,899,0.9423480083857443,142.22433159310236,0.484375,0.6875,0.9721778035163879,False,ok,0.018411099998047575
D1_154_building,rootsift-nn_ratio-r2048-k8192,rootsift,nn_ratio,2048,8192,1002,107_0005_0060.JPG,107_0005_0063.JPG,6321,6285,422,375,0.8886255924170616,59.665871121718375,0.34375,0.546875,0.9631435871124268,False,ok,0.021037599974079058
D1_154_building,rootsift-nn_ratio-r2048-k8192,rootsift,nn_ratio,2048,8192,1003,107_0005_0060.JPG,107_0005_0064.JPG,6321,6316,260,210,0.8076923076923077,33.24889170360988,0.28125,0.421875,0.9567418098449707,False,ok,0.12115619998076
D1_154_building,rootsift-nn_ratio-r2048-k8192,rootsift,nn_ratio,2048,8192,1004,107_0005_0060.JPG,107_0005_0065.JPG,6321,6309,336,271,0.8065476190476191,42.954509430971626,0.421875,0.5625,0.9575762152671814,False,ok,0.10112339997431263
D1_154_building,rootsift-nn_ratio-r2048-k8192,rootsift,nn_ratio,2048,8192,1005,107_0005_0060.JPG,107_0005_0066.JPG,6321,6422,387,326,0.8423772609819121,51.57411801930074,0.46875,0.578125,0.9606149792671204,False,ok,0.016800700017483905
D1_154_building,rootsift-nn_ratio-r2048-k8192,rootsift,nn_ratio,2048,8192,1006,107_0005_0060.JPG,107_0005_0067.JPG,6321,6311,407,321,0.7886977886977887,50.8635715417525,0.421875,0.515625,0.9610037207603455,False,ok,0.055802599992603064
D1_154_building,rootsift-nn_ratio-r2048-k8192,rootsift,nn_ratio,2048,8192,1007,107_0005_0060.JPG,107_0005_0068.JPG,6321,6337,381,304,0.7979002624671916,48.093656067077994,0.4375,0.5625,0.9595136642456055,False,ok,0.10094899998512119
D1_154_building,rootsift-nn_ratio-r2048-k8192,rootsift,nn_ratio,2048,8192,1008,107_0005_0061.JPG,107_0005_0062.JPG,6336,6333,1927,1852,0.9610793980280228,292.43644402336963,0.75,0.875,0.9827885031700134,False,ok,0.11109859999851324
D1_154_building,rootsift-nn_ratio-r2048-k8192,rootsift,nn_ratio,2048,8192,1009,107_0005_0061.JPG,107_0005_0063.JPG,6336,6285,922,876,0.9501084598698482,139.37947494033412,0.5625,0.71875,0.972323477268219,False,ok,0.07232080001267605
D1_154_building,rootsift-nn_ratio-r2048-k8192,rootsift,nn_ratio,2048,8192,1010,107_0005_0061.JPG,107_0005_0064.JPG,6336,6316,524,460,0.8778625954198473,72.83090563647879,0.453125,0.65625,0.9654471278190613,False,ok,0.01820140000199899
D1_154_building,rootsift-nn_ratio-r2048-k8192,rootsift,nn_ratio,2048,8192,1011,107_0005_0061.JPG,107_0005_0065.JPG,6336,6309,704,567,0.8053977272727273,89.8716119828816,0.578125,0.65625,0.9658651947975159,False,ok,0.021115099982125685
D1_154_building,rootsift-nn_ratio-r2048-k8192,rootsift,nn_ratio,2048,8192,1012,107_0005_0061.JPG,107_0005_0066.JPG,6336,6422,794,677,0.8526448362720404,106.84974747474747,0.6875,0.671875,0.9655580520629883,False,ok,0.019477699999697506
D1_154_building,rootsift-nn_ratio-r2048-k8192,rootsift,nn_ratio,2048,8192,1013,107_0005_0061.JPG,107_0005_0067.JPG,6336,6311,658,576,0.8753799392097265,91.26921248613532,0.765625,0.703125,0.9647020101547241,False,ok,0.020361100003356114
D1_154_building,rootsift-nn_ratio-r2048-k8192,rootsift,nn_ratio,2048,8192,1014,107_0005_0061.JPG,107_0005_0068.JPG,6336,6337,560,500,0.8928571428571429,78.91414141414141,0.84375,0.703125,0.9606723189353943,False,ok,0.03747419998398982
D1_154_building,rootsift-nn_ratio-r2048-k8192,rootsift,nn_ratio,2048,8192,1015,107_0005_0061.JPG,107_0005_0069.JPG,6336,6366,371,293,0.7897574123989218,46.24368686868687,0.71875,0.515625,0.9550759792327881,False,ok,0.031090800010133535
D1_154_building,rootsift-nn_ratio-r2048-k8192,rootsift,nn_ratio,2048,8192,1016,107_0005_0061.JPG,107_0005_0148.JPG,6336,6158,486,424,0.8724279835390947,68.85352387138681,0.328125,0.359375,0.9649415016174316,False,ok,0.031213900016155094
D1_154_building,rootsift-nn_ratio-r2048-k8192,rootsift,nn_ratio,2048,8192,1017,107_0005_0062.JPG,107_0005_0063.JPG,6333,6285,1887,1825,0.9671436142024378,290.3739061256961,0.78125,0.890625,0.983243465423584,False,ok,0.031677499995566905
D1_154_building,rootsift-nn_ratio-r2048-k8192,rootsift,nn_ratio,2048,8192,1018,107_0005_0062.JPG,107_0005_0064.JPG,6333,6316,1160,1079,0.9301724137931034,170.8359721342622,0.640625,0.78125,0.9744576215744019,False,ok,0.033145499997772276
D1_154_building,rootsift-nn_ratio-r2048-k8192,rootsift,nn_ratio,2048,8192,1019,107_0005_0062.JPG,107_0005_0065.JPG,6333,6309,1261,1122,0.8897700237906423,177.8411792677128,0.765625,0.796875,0.9750833511352539,False,ok,0.0357951000041794
D1_154_building,rootsift-nn_ratio-r2048-k8192,rootsift,nn_ratio,2048,8192,1020,107_0005_0062.JPG,107_0005_0066.JPG,6333,6422,1220,1137,0.9319672131147541,179.5357650402653,0.828125,0.765625,0.9709969162940979,False,ok,0.027647100010653958
D1_154_building,rootsift-nn_ratio-r2048-k8192,rootsift,nn_ratio,2048,8192,1021,107_0005_0062.JPG,107_0005_0067.JPG,6333,6311,834,761,0.9124700239808153,120.58310885755031,0.828125,0.71875,0.9645873308181763,False,ok,0.032544200017582625
D1_154_building,rootsift-nn_ratio-r2048-k8192,rootsift,nn_ratio,2048,8192,1022,107_0005_0062.JPG,107_0005_0068.JPG,6333,6337,439,372,0.8473804100227791,58.739933680720036,0.6875,0.5,0.9590944051742554,False,ok,0.03153500001644716
D1_154_building,rootsift-nn_ratio-r2048-k8192,rootsift,nn_ratio,2048,8192,1023,107_0005_0062.JPG,107_0005_0069.JPG,6333,6366,202,163,0.806930693069307,25.73819674719722,0.59375,0.34375,0.9543392062187195,False,ok,0.032796099985716864
D1_154_building,rootsift-nn_ratio-r2048-k8192,rootsift,nn_ratio,2048,8192,1024,107_0005_0062.JPG,107_0005_0070.JPG,6333,6325,104,56,0.5384615384615384,8.853754940711463,0.390625,0.25,0.9505265951156616,False,ok,0.03697039998951368
D1_154_building,rootsift-nn_ratio-r2048-k8192,rootsift,nn_ratio,2048,8192,1025,107_0005_0062.JPG,107_0005_0147.JPG,6333,6158,278,217,0.7805755395683454,35.23871386813901,0.140625,0.1875,0.9678648710250854,False,ok,0.03253549998044036
D1_154_building,rootsift-nn_ratio-r2048-k8192,rootsift,nn_ratio,2048,8192,1026,107_0005_0062.JPG,107_0005_0148.JPG,6333,6158,283,220,0.7773851590106007,35.72588502760637,0.140625,0.1875,0.967960000038147,False,ok,0.024701699992874637
D1_154_building,rootsift-nn_ratio-r2048-k8192,rootsift,nn_ratio,2048,8192,1027,107_0005_0062.JPG,107_0005_0149.JPG,6333,6161,299,237,0.7926421404682275,38.46778120434994,0.265625,0.328125,0.9675401449203491,False,ok,0.023382300016237423
D1_154_building,rootsift-nn_ratio-r2048-k8192,rootsift,nn_ratio,2048,8192,1028,107_0005_0063.JPG,107_0005_0064.JPG,6285,6316,2160,2095,0.9699074074074074,333.3333333333333,0.828125,0.90625,0.9841322302818298,False,ok,0.09485719999065623
D1_154_building,rootsift-nn_ratio-r2048-k8192,rootsift,nn_ratio,2048,8192,1029,107_0005_0063.JPG,107_0005_0065.JPG,6285,6309,1885,1827,0.9692307692307692,290.69212410501194,0.953125,0.796875,0.9807738661766052,False,ok,0.13155280001228675
D1_154_building,rootsift-nn_ratio-r2048-k8192,rootsift,nn_ratio,2048,8192,1030,107_0005_0063.JPG,107_0005_0066.JPG,6285,6422,1207,1144,0.947804473902237,182.02068416865552,0.859375,0.625,0.9733288288116455,False,ok,0.12103249999927357
D1_154_building,rootsift-nn_ratio-r2048-k8192,rootsift,nn_ratio,2048,8192,1031,107_0005_0063.JPG,107_0005_0067.JPG,6285,6311,677,626,0.9246676514032496,99.60222752585521,0.734375,0.46875,0.9663794636726379,False,ok,0.018961999972816557
D1_154_building,rootsift-nn_ratio-r2048-k8192,rootsift,nn_ratio,2048,8192,1032,107_0005_0063.JPG,107_0005_0068.JPG,6285,6337,300,257,0.8566666666666667,40.89101034208433,0.625,0.359375,0.9599702954292297,False,ok,0.06202779998420738
D1_154_building,rootsift-nn_ratio-r2048-k8192,rootsift,nn_ratio,2048,8192,1033,107_0005_0063.JPG,107_0005_0069.JPG,6285,6366,146,105,0.7191780821917808,16.706443914081145,0.4375,0.1875,0.9532625675201416,False,ok,0.10085119999712333
D1_154_building,rootsift-nn_ratio-r2048-k8192,rootsift,nn_ratio,2048,8192,1034,107_0005_0063.JPG,107_0005_0070.JPG,6285,6325,76,31,0.40789473684210525,4.932378679395386,0.234375,0.140625,0.9470126628875732,False,ok,0.1209233999834396
D1_154_building,rootsift-nn_ratio-r2048-k8192,rootsift,nn_ratio,2048,8192,1035,107_0005_0063.JPG,107_0005_0071.JPG,6285,6399,36,9,0.25,1.431980906921241,0.109375,0.125,0.9453014731407166,True,ok,0.12094240001169965
D1_154_building,rootsift-nn_ratio-r2048-k8192,rootsift,nn_ratio,2048,8192,1036,107_0005_0063.JPG,107_0005_0147.JPG,6285,6158,37,8,0.21621621621621623,1.2991230919129588,0.109375,0.125,0.9439996480941772,True,ok,0.016311900020809844
D1_154_building,rootsift-nn_ratio-r2048-k8192,rootsift,nn_ratio,2048,8192,1037,107_0005_0063.JPG,107_0005_0148.JPG,6285,6158,37,9,0.24324324324324326,1.4615134784020787,0.125,0.125,0.9381540417671204,True,ok,0.12098659999901429
D1_154_building,rootsift-nn_ratio-r2048-k8192,rootsift,nn_ratio,2048,8192,1038,107_0005_0063.JPG,107_0005_0149.JPG,6285,6161,86,44,0.5116279069767442,7.14169777633501,0.140625,0.15625,0.9592056274414062,False,ok,0.1009726999909617
D1_154_building,rootsift-nn_ratio-r2048-k8192,rootsift,nn_ratio,2048,8192,1039,107_0005_0063.JPG,107_0005_0150.JPG,6285,6189,171,121,0.7076023391812866,19.550815963806755,0.1875,0.1875,0.9671394228935242,False,ok,0.0172667000151705
D1_154_building,rootsift-nn_ratio-r2048-k8192,rootsift,nn_ratio,2048,8192,1040,107_0005_0064.JPG,107_0005_0065.JPG,6316,6309,1994,1921,0.9633901705115346,304.4856554129022,0.96875,0.734375,0.9822319746017456,False,ok,0.03004240000154823
D1_154_building,rootsift-nn_ratio-r2048-k8192,rootsift,nn_ratio,2048,8192,1041,107_0005_0064.JPG,107_0005_0066.JPG,6316,6422,1125,1032,0.9173333333333333,163.39455351488283,0.8125,0.5625,0.9733650088310242,False,ok,0.12118610000470653
D1_154_building,rootsift-nn_ratio-r2048-k8192,rootsift,nn_ratio,2048,8192,1042,107_0005_0064.JPG,107_0005_0067.JPG,6316,6311,598,537,0.8979933110367893,85.08952622405324,0.71875,0.421875,0.9654951095581055,False,ok,0.10137530000065453
D1_154_building,rootsift-nn_ratio-r2048-k8192,rootsift,nn_ratio,2048,8192,1043,107_0005_0064.JPG,107_0005_0068.JPG,6316,6337,269,221,0.8215613382899628,34.99050031665611,0.546875,0.234375,0.9573326706886292,False,ok,0.12099289998877794
D1_154_building,rootsift-nn_ratio-r2048-k8192,rootsift,nn_ratio,2048,8192,1044,107_0005_0064.JPG,107_0005_0069.JPG,6316,6366,96,61,0.6354166666666666,9.658011399620012,0.359375,0.140625,0.9506166577339172,False,ok,0.019030399998882785
D1_154_building,rootsift-nn_ratio-r2048-k8192,rootsift,nn_ratio,2048,8192,1045,107_0005_0064.JPG,107_0005_0070.JPG,6316,6325,56,17,0.30357142857142855,2.6915769474350855,0.078125,0.0625,0.9451977014541626,False,ok,0.06298630000674166
D1_154_building,rootsift-nn_ratio-r2048-k8192,rootsift,nn_ratio,2048,8192,1046,107_0005_0064.JPG,107_0005_0071.JPG,6316,6399,47,9,0.19148936170212766,1.4249525015832805,0.109375,0.109375,0.9395524859428406,True,ok,0.12102079999749549
D1_154_building,rootsift-nn_ratio-r2048-k8192,rootsift,nn_ratio,2048,8192,1047,107_0005_0064.JPG,107_0005_0072.JPG,6316,6320,42,9,0.21428571428571427,1.4249525015832805,0.125,0.125,0.937404990196228,True,ok,0.10092210001312196
D1_154_building,rootsift-nn_ratio-r2048-k8192,rootsift,nn_ratio,2048,8192,1048,107_0005_0064.JPG,107_0005_0146.JPG,6316,6171,27,8,0.2962962962962963,1.2963863231242911,0.109375,0.109375,0.9386342167854309,True,ok,0.016802400001324713
D1_154_building,rootsift-nn_ratio-r2048-k8192,rootsift,nn_ratio,2048,8192,1049,107_0005_0064.JPG,107_0005_0147.JPG,6316,6158,40,8,0.2,1.2991230919129588,0.109375,0.109375,0.9400251507759094,True,ok,0.12069559999508783
D1_154_building,rootsift-nn_ratio-r2048-k8192,rootsift,nn_ratio,2048,8192,1050,107_0005_0064.JPG,107_0005_0148.JPG,6316,6158,36,9,0.25,1.4615134784020787,0.140625,0.125,0.9383990168571472,True,ok,0.10098170000128448
D1_154_building,rootsift-nn_ratio-r2048-k8192,rootsift,nn_ratio,2048,8192,1051,107_0005_0064.JPG,107_0005_0149.JPG,6316,6161,43,9,0.20930232558139536,1.4608018178867066,0.140625,0.140625,0.9396888613700867,True,ok,0.12120979998144321
D1_154_building,rootsift-nn_ratio-r2048-k8192,rootsift,nn_ratio,2048,8192,1052,107_0005_0064.JPG,107_0005_0150.JPG,6316,6189,83,41,0.4939759036144578,6.624656648893198,0.09375,0.09375,0.960299015045166,False,ok,0.017769400001270697
D1_154_building,rootsift-nn_ratio-r2048-k8192,rootsift,nn_ratio,2048,8192,1053,107_0005_0065.JPG,107_0005_0066.JPG,6309,6422,2008,1915,0.9536852589641435,303.534633063877,0.984375,0.828125,0.9824594259262085,False,ok,0.06207380001433194
D1_154_building,rootsift-nn_ratio-r2048-k8192,rootsift,nn_ratio,2048,8192,1054,107_0005_0065.JPG,107_0005_0067.JPG,6309,6311,1066,1001,0.9390243902439024,158.6622285623712,0.8125,0.59375,0.9760398864746094,False,ok,0.10094620002200827
D1_154_building,rootsift-nn_ratio-r2048-k8192,rootsift,nn_ratio,2048,8192,1055,107_0005_0065.JPG,107_0005_0068.JPG,6309,6337,540,484,0.8962962962962963,76.7158028213663,0.609375,0.390625,0.9673473238945007,False,ok,0.12104810000164434
D1_154_building,rootsift-nn_ratio-r2048-k8192,rootsift,nn_ratio,2048,8192,1056,107_0005_0065.JPG,107_0005_0069.JPG,6309,6366,244,198,0.8114754098360656,31.38373751783167,0.4375,0.25,0.9607303738594055,False,ok,0.01647669999510981
D1_154_building,rootsift-nn_ratio-r2048-k8192,rootsift,nn_ratio,2048,8192,1057,107_0005_0065.JPG,107_0005_0070.JPG,6309,6325,110,63,0.5727272727272728,9.985734664764623,0.28125,0.203125,0.9524062275886536,False,ok,0.03972440000507049
D1_154_building,rootsift-nn_ratio-r2048-k8192,rootsift,nn_ratio,2048,8192,1058,107_0005_0065.JPG,107_0005_0071.JPG,6309,6399,60,25,0.4166666666666667,3.962593120938342,0.15625,0.109375,0.9465323090553284,False,ok,0.12129499998991378
D1_154_building,rootsift-nn_ratio-r2048-k8192,rootsift,nn_ratio,2048,8192,1059,107_0005_0065.JPG,107_0005_0072.JPG,6309,6320,63,22,0.3492063492063492,3.487081946425741,0.140625,0.0625,0.9431275725364685,False,ok,0.10123940001358278
D1_154_building,rootsift-nn_ratio-r2048-k8192,rootsift,nn_ratio,2048,8192,1060,107_0005_0065.JPG,107_0005_0073.JPG,6309,6285,65,23,0.35384615384615387,3.6595067621320605,0.125,0.078125,0.9432955980300903,False,ok,0.12137429998256266
D1_154_building,rootsift-nn_ratio-r2048-k8192,rootsift,nn_ratio,2048,8192,1061,107_0005_0065.JPG,107_0005_0146.JPG,6309,6171,35,9,0.2571428571428571,1.4584346135148274,0.125,0.125,0.9379861950874329,True,ok,0.017820000008214265
D1_154_building,rootsift-nn_ratio-r2048-k8192,rootsift,nn_ratio,2048,8192,1062,107_0005_0065.JPG,107_0005_0147.JPG,6309,6158,30,8,0.26666666666666666,1.2991230919129588,0.09375,0.078125,0.9439651370048523,True,ok,0.12149449999560602
D1_154_building,rootsift-nn_ratio-r2048-k8192,rootsift,nn_ratio,2048,8192,1063,107_0005_0065.JPG,107_0005_0148.JPG,6309,6158,38,9,0.23684210526315788,1.4615134784020787,0.140625,0.125,0.9378336071968079,True,ok,0.09897200000705197
D1_154_building,rootsift-nn_ratio-r2048-k8192,rootsift,nn_ratio,2048,8192,1064,107_0005_0065.JPG,107_0005_0149.JPG,6309,6161,131,88,0.6717557251908397,14.28339555267002,0.1875,0.1875,0.9656934142112732,False,ok,0.015836100006708875
D1_154_building,rootsift-nn_ratio-r2048-k8192,rootsift,nn_ratio,2048,8192,1065,107_0005_0066.JPG,107_0005_0067.JPG,6422,6311,1979,1890,0.9550277918140475,299.4771034701315,0.96875,0.828125,0.9824477434158325,False,ok,0.0255104000098072
D1_154_building,rootsift-nn_ratio-r2048-k8192,rootsift,nn_ratio,2048,8192,1066,107_0005_0066.JPG,107_0005_0068.JPG,6422,6337,1040,968,0.9307692307692308,152.75366892851508,0.8125,0.578125,0.9750453233718872,False,ok,0.12087119999341667
D1_154_building,rootsift-nn_ratio-r2048-k8192,rootsift,nn_ratio,2048,8192,1067,107_0005_0066.JPG,107_0005_0069.JPG,6422,6366,524,477,0.9103053435114504,74.92931196983977,0.609375,0.390625,0.9669367671012878,False,ok,0.10097379999933764
D1_154_building,rootsift-nn_ratio-r2048-k8192,rootsift,nn_ratio,2048,8192,1068,107_0005_0066.JPG,107_0005_0070.JPG,6422,6325,248,194,0.782258064516129,30.67193675889328,0.421875,0.25,0.9575390815734863,False,ok,0.12096179998479784
D1_154_building,rootsift-nn_ratio-r2048-k8192,rootsift,nn_ratio,2048,8192,1069,107_0005_0066.JPG,107_0005_0071.JPG,6422,6399,139,95,0.6834532374100719,14.846069698390373,0.3125,0.171875,0.9523554444313049,False,ok,0.019568000017898157
D1_154_building,rootsift-nn_ratio-r2048-k8192,rootsift,nn_ratio,2048,8192,1070,107_0005_0066.JPG,107_0005_0072.JPG,6422,6320,110,69,0.6272727272727273,10.917721518987342,0.296875,0.140625,0.951736569404602,False,ok,0.0233326000161469
D1_154_building,rootsift-nn_ratio-r2048-k8192,rootsift,nn_ratio,2048,8192,1071,107_0005_0066.JPG,107_0005_0073.JPG,6422,6285,95,59,0.6210526315789474,9.387430389817025,0.265625,0.125,0.9514220952987671,False,ok,0.11104509999859147
D1_154_building,rootsift-nn_ratio-r2048-k8192,rootsift,nn_ratio,2048,8192,1072,107_0005_0066.JPG,107_0005_0074.JPG,6422,6247,107,69,0.6448598130841121,11.045301744837522,0.28125,0.125,0.9490522146224976,False,ok,0.12099610001314431
D1_154_building,rootsift-nn_ratio-r2048-k8192,rootsift,nn_ratio,2048,8192,1073,107_0005_0066.JPG,107_0005_0146.JPG,6422,6171,169,121,0.7159763313609467,19.607843137254903,0.09375,0.09375,0.9640812873840332,False,ok,0.017962599988095462
D1_154_building,rootsift-nn_ratio-r2048-k8192,rootsift,nn_ratio,2048,8192,1074,107_0005_0066.JPG,107_0005_0147.JPG,6422,6158,175,117,0.6685714285714286,18.999675219227022,0.09375,0.09375,0.9659453630447388,False,ok,0.019817499996861443
D1_154_building,rootsift-nn_ratio-r2048-k8192,rootsift,nn_ratio,2048,8192,1075,107_0005_0066.JPG,107_0005_0148.JPG,6422,6158,156,126,0.8076923076923077,20.4611886976291,0.109375,0.09375,0.9690452218055725,False,ok,0.12110999997821636
D1_154_building,rootsift-nn_ratio-r2048-k8192,rootsift,nn_ratio,2048,8192,1076,107_0005_0067.JPG,107_0005_0068.JPG,6311,6337,1996,1876,0.9398797595190381,297.25875455553796,0.953125,0.8125,0.9814703464508057,False,ok,0.10088230000110343
D1_154_building,rootsift-nn_ratio-r2048-k8192,rootsift,nn_ratio,2048,8192,1077,107_0005_0067.JPG,107_0005_0069.JPG,6311,6366,1049,978,0.9323164918970448,154.9675170337506,0.78125,0.5625,0.9739444255828857,False,ok,0.12109310002415441
D1_154_building,rootsift-nn_ratio-r2048-k8192,rootsift,nn_ratio,2048,8192,1078,107_0005_0067.JPG,107_0005_0070.JPG,6311,6325,523,462,0.8833652007648184,73.2055141815877,0.59375,0.375,0.9666361808776855,False,ok,0.017951900023035705
D1_154_building,rootsift-nn_ratio-r2048-k8192,rootsift,nn_ratio,2048,8192,1079,107_0005_0067.JPG,107_0005_0071.JPG,6311,6399,337,272,0.8071216617210683,43.09935034067501,0.5,0.28125,0.9594314694404602,False,ok,0.03324869999778457
D1_154_building,rootsift-nn_ratio-r2048-k8192,rootsift,nn_ratio,2048,8192,1080,107_0005_0067.JPG,107_0005_0072.JPG,6311,6320,239,192,0.803347280334728,30.423070828711772,0.453125,0.25,0.9579393267631531,False,ok,0.09095170002547093
D1_154_building,rootsift-nn_ratio-r2048-k8192,rootsift,nn_ratio,2048,8192,1081,107_0005_0067.JPG,107_0005_0073.JPG,6311,6285,208,154,0.7403846153846154,24.502784407319012,0.359375,0.203125,0.9550650715827942,False,ok,0.11906669999007136
D1_154_building,rootsift-nn_ratio-r2048-k8192,rootsift,nn_ratio,2048,8192,1082,107_0005_0067.JPG,107_0005_0074.JPG,6311,6247,225,171,0.76,27.37313910677125,0.390625,0.203125,0.9555851221084595,False,ok,0.01620460001868196
D1_154_building,rootsift-nn_ratio-r2048-k8192,rootsift,nn_ratio,2048,8192,1083,107_0005_0067.JPG,107_0005_0075.JPG,6311,6290,389,340,0.8740359897172236,54.054054054054056,0.53125,0.328125,0.9622403979301453,False,ok,0.038106299994979054
D1_154_building,rootsift-nn_ratio-r2048-k8192,rootsift,nn_ratio,2048,8192,1084,107_0005_0067.JPG,107_0005_0096.JPG,6311,6365,458,397,0.8668122270742358,62.90603707811757,0.4375,0.375,0.9687420725822449,False,ok,0.12101990001974627
D1_154_building,rootsift-nn_ratio-r2048-k8192,rootsift,nn_ratio,2048,8192,1085,107_0005_0068.JPG,107_0005_0069.JPG,6337,6366,2110,1998,0.9469194312796209,315.29114723055073,0.953125,0.8125,0.9815152287483215,False,ok,0.1013894000207074
D1_154_building,rootsift-nn_ratio-r2048-k8192,rootsift,nn_ratio,2048,8192,1086,107_0005_0068.JPG,107_0005_0070.JPG,6337,6325,1145,1042,0.9100436681222708,164.74308300395256,0.75,0.5625,0.9735016822814941,False,ok,0.12123560000327416
D1_154_building,rootsift-nn_ratio-r2048-k8192,rootsift,nn_ratio,2048,8192,1087,107_0005_0068.JPG,107_0005_0071.JPG,6337,6399,755,678,0.8980132450331125,106.99068960075746,0.625,0.4375,0.9680450558662415,False,ok,0.0187218000064604
D1_154_building,rootsift-nn_ratio-r2048-k8192,rootsift,nn_ratio,2048,8192,1088,107_0005_0068.JPG,107_0005_0072.JPG,6337,6320,522,461,0.8831417624521073,72.94303797468355,0.578125,0.390625,0.964698851108551,False,ok,0.05994730000384152
D1_154_building,rootsift-nn_ratio-r2048-k8192,rootsift,nn_ratio,2048,8192,1089,107_0005_0068.JPG,107_0005_0073.JPG,6337,6285,441,369,0.8367346938775511,58.711217183770884,0.5,0.3125,0.9610138535499573,False,ok,0.12085790000855923
D1_154_building,rootsift-nn_ratio-r2048-k8192,rootsift,nn_ratio,2048,8192,1090,107_0005_0068.JPG,107_0005_0074.JPG,6337,6247,487,417,0.8562628336755647,66.75204097967024,0.515625,0.328125,0.9609910249710083,False,ok,0.1009665000019595
D1_154_building,rootsift-nn_ratio-r2048-k8192,rootsift,nn_ratio,2048,8192,1091,107_0005_0068.JPG,107_0005_0075.JPG,6337,6290,787,704,0.8945362134688691,111.92368839427662,0.625,0.515625,0.9666233658790588,False,ok,0.018216600001323968
D1_154_building,rootsift-nn_ratio-r2048-k8192,rootsift,nn_ratio,2048,8192,1092,107_0005_0068.JPG,107_0005_0076.JPG,6337,6216,1207,1119,0.9270919635459818,180.01930501930502,0.75,0.671875,0.9696898460388184,False,ok,0.02082820000941865
D1_154_building,rootsift-nn_ratio-r2048-k8192,rootsift,nn_ratio,2048,8192,1093,107_0005_0069.JPG,107_0005_0070.JPG,6366,6325,2156,2033,0.9429499072356216,321.42292490118575,0.9375,0.796875,0.981692373752594,False,ok,0.10099010000703856
D1_154_building,rootsift-nn_ratio-r2048-k8192,rootsift,nn_ratio,2048,8192,1094,107_0005_0069.JPG,107_0005_0071.JPG,6366,6399,1414,1307,0.9243281471004243,205.30945648759032,0.78125,0.640625,0.97678142786026,False,ok,0.12112019999767654
D1_154_building,rootsift-nn_ratio-r2048-k8192,rootsift,nn_ratio,2048,8192,1095,107_0005_0069.JPG,107_0005_0072.JPG,6366,6320,989,875,0.884732052578362,138.4493670886076,0.734375,0.5625,0.9714693427085876,False,ok,0.10101810001651756
D1_154_building,rootsift-nn_ratio-r2048-k8192,rootsift,nn_ratio,2048,8192,1096,107_0005_0069.JPG,107_0005_0073.JPG,6366,6285,763,670,0.8781127129750983,106.6030230708035,0.65625,0.546875,0.966122031211853,False,ok,0.015794900013133883
D1_154_building,rootsift-nn_ratio-r2048-k8192,rootsift,nn_ratio,2048,8192,1097,107_0005_0069.JPG,107_0005_0074.JPG,6366,6247,806,723,0.8970223325062034,115.73555306547142,0.640625,0.515625,0.9657880663871765,False,ok,0.02487319998908788
D1_154_building,rootsift-nn_ratio-r2048-k8192,rootsift,nn_ratio,2048,8192,1098,107_0005_0069.JPG,107_0005_0075.JPG,6366,6290,1243,1144,0.9203539823008849,181.87599364069953,0.734375,0.671875,0.9697903990745544,False,ok,0.12118079999345355
D1_154_building,rootsift-nn_ratio-r2048-k8192,rootsift,nn_ratio,2048,8192,1099,107_0005_0069.JPG,107_0005_0076.JPG,6366,6216,1372,1272,0.9271137026239067,204.63320463320463,0.75,0.8125,0.9719663858413696,False,ok,0.10106109999469481
D1_154_building,rootsift-nn_ratio-r2048-k8192,rootsift,nn_ratio,2048,8192,1100,107_0005_0069.JPG,107_0005_0077.JPG,6366,6185,1041,960,0.9221902017291066,155.21422797089733,0.546875,0.78125,0.9699610471725464,False,ok,0.018209700006991625
D1_154_building,rootsift-nn_ratio-r2048-k8192,rootsift,nn_ratio,2048,8192,1101,107_0005_0070.JPG,107_0005_0071.JPG,6325,6399,2517,2413,0.9586809694080254,381.501976284585,0.921875,0.8125,0.9842306971549988,False,ok,0.061017600004561245
D1_154_building,rootsift-nn_ratio-r2048-k8192,rootsift,nn_ratio,2048,8192,1102,107_0005_0070.JPG,107_0005_0072.JPG,6325,6320,1636,1553,0.9492665036674817,245.72784810126583,0.84375,0.765625,0.9770024418830872,False,ok,0.11902440001722425
D1_154_building,rootsift-nn_ratio-r2048-k8192,rootsift,nn_ratio,2048,8192,1103,107_0005_0070.JPG,107_0005_0073.JPG,6325,6285,1068,992,0.9288389513108615,157.83611774065236,0.75,0.703125,0.9705439209938049,False,ok,0.1010991999937687
D1_154_building,rootsift-nn_ratio-r2048-k8192,rootsift,nn_ratio,2048,8192,1104,107_0005_0070.JPG,107_0005_0074.JPG,6325,6247,1149,1076,0.9364664926022629,172.24267648471266,0.71875,0.671875,0.9700806736946106,False,ok,0.10391520001576282
D1_154_building,rootsift-nn_ratio-r2048-k8192,rootsift,nn_ratio,2048,8192,1105,107_0005_0070.JPG,107_0005_0075.JPG,6325,6290,1237,1155,0.9337105901374293,183.6248012718601,0.75,0.78125,0.9721188545227051,False,ok,0.017667100008111447
D1_154_building,rootsift-nn_ratio-r2048-k8192,rootsift,nn_ratio,2048,8192,1106,107_0005_0070.JPG,107_0005_0076.JPG,6325,6216,1038,943,0.9084778420038536,151.7052767052767,0.53125,0.765625,0.9711912870407104,False,ok,0.12100289997761138
D1_154_building,rootsift-nn_ratio-r2048-k8192,rootsift,nn_ratio,2048,8192,1107,107_0005_0070.JPG,107_0005_0077.JPG,6325,6185,700,624,0.8914285714285715,100.88924818108326,0.4375,0.703125,0.965690553188324,False,ok,0.12120610001147725
D1_154_building,rootsift-nn_ratio-r2048-k8192,rootsift,nn_ratio,2048,8192,1108,107_0005_0070.JPG,107_0005_0078.JPG,6325,6244,400,338,0.845,54.1319666880205,0.359375,0.59375,0.9610694646835327,False,ok,0.016582999989623204
D1_154_building,rootsift-nn_ratio-r2048-k8192,rootsift,nn_ratio,2048,8192,1109,107_0005_0071.JPG,107_0005_0072.JPG,6399,6320,2231,2145,0.9614522635589422,339.3987341772152,0.84375,0.90625,0.9796655178070068,False,ok,0.030674000008730218
D1_154_building,rootsift-nn_ratio-r2048-k8192,rootsift,nn_ratio,2048,8192,1110,107_0005_0071.JPG,107_0005_0073.JPG,6399,6285,1415,1318,0.9314487632508834,209.70564836913286,0.75,0.8125,0.9714166522026062,False,ok,0.12106469998252578
D1_154_building,rootsift-nn_ratio-r2048-k8192,rootsift,nn_ratio,2048,8192,1111,107_0005_0071.JPG,107_0005_0074.JPG,6399,6247,1407,1317,0.9360341151385928,210.82119417320314,0.75,0.796875,0.9713817834854126,False,ok,0.10111080002388917
D1_154_building,rootsift-nn_ratio-r2048-k8192,rootsift,nn_ratio,2048,8192,1112,107_0005_0071.JPG,107_0005_0075.JPG,6399,6290,1042,961,0.9222648752399232,152.78219395866455,0.5625,0.828125,0.9711295366287231,False,ok,0.11057399999117479
D1_154_building,rootsift-nn_ratio-r2048-k8192,rootsift,nn_ratio,2048,8192,1113,107_0005_0071.JPG,107_0005_0076.JPG,6399,6216,826,724,0.8765133171912833,116.47361647361647,0.453125,0.734375,0.9674279093742371,False,ok,0.020123700000112876
D1_154_building,rootsift-nn_ratio-r2048-k8192,rootsift,nn_ratio,2048,8192,1114,107_0005_0071.JPG,107_0005_0077.JPG,6399,6185,497,413,0.8309859154929577,66.77445432497979,0.328125,0.609375,0.9626805782318115,False,ok,0.020062900002812967
D1_154_building,rootsift-nn_ratio-r2048-k8192,rootsift,nn_ratio,2048,8192,1115,107_0005_0071.JPG,107_0005_0078.JPG,6399,6244,256,195,0.76171875,31.22998078155029,0.25,0.453125,0.956230103969574,False,ok,0.019120699987979606
D1_154_building,rootsift-nn_ratio-r2048-k8192,rootsift,nn_ratio,2048,8192,1116,107_0005_0071.JPG,107_0005_0079.JPG,6399,6260,100,63,0.63,10.063897763578275,0.09375,0.25,0.9494753479957581,False,ok,0.02045080001698807
D1_154_building,rootsift-nn_ratio-r2048-k8192,rootsift,nn_ratio,2048,8192,1117,107_0005_0072.JPG,107_0005_0073.JPG,6320,6285,2631,2532,0.9623717217787914,402.8639618138425,0.890625,0.921875,0.9815713167190552,False,ok,0.02203740002005361
D1_154_building,rootsift-nn_ratio-r2048-k8192,rootsift,nn_ratio,2048,8192,1118,107_0005_0072.JPG,107_0005_0074.JPG,6320,6247,2375,2280,0.96,364.9751880902833,0.875,0.875,0.9803200960159302,False,ok,0.03363999997964129
D1_154_building,rootsift-nn_ratio-r2048-k8192,rootsift,nn_ratio,2048,8192,1119,107_0005_0072.JPG,107_0005_0075.JPG,6320,6290,1567,1484,0.9470325462667517,235.93004769475357,0.65625,0.96875,0.9774904251098633,False,ok,0.02232039999216795
D1_154_building,rootsift-nn_ratio-r2048-k8192,rootsift,nn_ratio,2048,8192,1120,107_0005_0072.JPG,107_0005_0076.JPG,6320,6216,1008,900,0.8928571428571429,144.78764478764478,0.5,0.84375,0.9724076390266418,False,ok,0.02858320000814274
D1_154_building,rootsift-nn_ratio-r2048-k8192,rootsift,nn_ratio,2048,8192,1121,107_0005_0072.JPG,107_0005_0077.JPG,6320,6185,603,504,0.835820895522388,81.4874696847211,0.359375,0.6875,0.965291440486908,False,ok,0.02290099998936057
D1_154_building,rootsift-nn_ratio-r2048-k8192,rootsift,nn_ratio,2048,8192,1122,107_0005_0072.JPG,107_0005_0078.JPG,6320,6244,297,247,0.8316498316498316,39.55797565663037,0.265625,0.53125,0.958315372467041,False,ok,0.0327359999937471
D1_154_building,rootsift-nn_ratio-r2048-k8192,rootsift,nn_ratio,2048,8192,1123,107_0005_0072.JPG,107_0005_0079.JPG,6320,6260,115,82,0.7130434782608696,13.099041533546325,0.140625,0.3125,0.9509944319725037,False,ok,0.03362510001170449
D1_154_building,rootsift-nn_ratio-r2048-k8192,rootsift,nn_ratio,2048,8192,1124,107_0005_0072.JPG,107_0005_0080.JPG,6320,6246,48,18,0.375,2.881844380403458,0.09375,0.15625,0.9382806420326233,False,ok,0.04078849998768419
D1_154_building,rootsift-nn_ratio-r2048-k8192,rootsift,nn_ratio,2048,8192,1125,107_0005_0072.JPG,107_0005_0092.JPG,6320,6229,933,841,0.9013933547695605,135.01364585005618,0.6875,0.796875,0.9655117988586426,False,ok,0.0190532999986317
D1_154_building,rootsift-nn_ratio-r2048-k8192,rootsift,nn_ratio,2048,8192,1126,107_0005_0072.JPG,107_0005_0093.JPG,6320,6289,865,729,0.8427745664739884,115.91667991731595,0.671875,0.796875,0.9678060412406921,False,ok,0.018897200003266335
D1_154_building,rootsift-nn_ratio-r2048-k8192,rootsift,nn_ratio,2048,8192,1127,107_0005_0072.JPG,107_0005_0094.JPG,6320,6323,631,468,0.7416798732171157,74.0506329113924,0.421875,0.609375,0.9657127261161804,False,ok,0.019185700017260388
D1_154_building,rootsift-nn_ratio-r2048-k8192,rootsift,nn_ratio,2048,8192,1128,107_0005_0073.JPG,107_0005_0074.JPG,6285,6247,3637,3592,0.987627165246082,574.9959980790779,1.0,1.0,0.9911919236183167,False,ok,0.031113200006075203
D1_154_building,rootsift-nn_ratio-r2048-k8192,rootsift,nn_ratio,2048,8192,1129,107_0005_0073.JPG,107_0005_0075.JPG,6285,6290,2062,1973,0.9568380213385063,313.9220365950676,0.765625,0.984375,0.9809360504150391,False,ok,0.02151590000721626
D1_154_building,rootsift-nn_ratio-r2048-k8192,rootsift,nn_ratio,2048,8192,1130,107_0005_0073.JPG,107_0005_0076.JPG,6285,6216,1162,1053,0.9061962134251291,169.4015444015444,0.578125,0.859375,0.9743632674217224,False,ok,0.02263130000210367
D1_154_building,rootsift-nn_ratio-r2048-k8192,rootsift,nn_ratio,2048,8192,1131,107_0005_0073.JPG,107_0005_0077.JPG,6285,6185,614,543,0.8843648208469055,87.7930476960388,0.390625,0.71875,0.9671795964241028,False,ok,0.10434520000126213
D1_154_building,rootsift-nn_ratio-r2048-k8192,rootsift,nn_ratio,2048,8192,1132,107_0005_0073.JPG,107_0005_0078.JPG,6285,6244,297,259,0.8720538720538721,41.47982062780269,0.28125,0.546875,0.9594175815582275,False,ok,0.14135049999458715
D1_154_building,rootsift-nn_ratio-r2048-k8192,rootsift,nn_ratio,2048,8192,1133,107_0005_0073.JPG,107_0005_0079.JPG,6285,6260,130,91,0.7,14.536741214057509,0.1875,0.359375,0.9508615732192993,False,ok,0.12059780000708997
D1_154_building,rootsift-nn_ratio-r2048-k8192,rootsift,nn_ratio,2048,8192,1134,107_0005_0073.JPG,107_0005_0080.JPG,6285,6246,58,20,0.3448275862068966,3.202049311559398,0.09375,0.15625,0.9413937926292419,False,ok,0.01809639998828061
D1_154_building,rootsift-nn_ratio-r2048-k8192,rootsift,nn_ratio,2048,8192,1135,107_0005_0073.JPG,107_0005_0081.JPG,6285,6171,34,9,0.2647058823529412,1.4584346135148274,0.140625,0.125,0.9395661354064941,True,ok,0.11907829999108799
D1_154_building,rootsift-nn_ratio-r2048-k8192,rootsift,nn_ratio,2048,8192,1136,107_0005_0073.JPG,107_0005_0090.JPG,6285,6176,1035,974,0.9410628019323671,157.70725388601036,0.671875,0.8125,0.9682567715644836,False,ok,0.10079319999204017
D1_154_building,rootsift-nn_ratio-r2048-k8192,rootsift,nn_ratio,2048,8192,1137,107_0005_0073.JPG,107_0005_0091.JPG,6285,6178,1212,1136,0.9372937293729373,183.8782777597928,0.78125,0.78125,0.9700140357017517,False,ok,0.12121979999938048
D1_154_building,rootsift-nn_ratio-r2048-k8192,rootsift,nn_ratio,2048,8192,1138,107_0005_0073.JPG,107_0005_0092.JPG,6285,6229,1510,1408,0.9324503311258279,226.03949269545674,0.796875,0.890625,0.9715225100517273,False,ok,0.016520899982424453
D1_154_building,rootsift-nn_ratio-r2048-k8192,rootsift,nn_ratio,2048,8192,1139,107_0005_0073.JPG,107_0005_0093.JPG,6285,6289,1143,913,0.7987751531058618,145.26650755767702,0.6875,0.765625,0.9707751274108887,False,ok,0.02086700001382269
D1_154_building,rootsift-nn_ratio-r2048-k8192,rootsift,nn_ratio,2048,8192,1140,107_0005_0073.JPG,107_0005_0094.JPG,6285,6323,767,656,0.8552803129074316,104.37549721559269,0.5,0.6875,0.966731607913971,False,ok,0.12111300000105985
D1_154_building,rootsift-nn_ratio-r2048-k8192,rootsift,nn_ratio,2048,8192,1141,107_0005_0074.JPG,107_0005_0075.JPG,6247,6290,2153,2067,0.9600557361820715,330.87882183448056,0.796875,0.96875,0.9817832112312317,False,ok,0.10078659999999218
D1_154_building,rootsift-nn_ratio-r2048-k8192,rootsift,nn_ratio,2048,8192,1142,107_0005_0074.JPG,107_0005_0076.JPG,6247,6216,1264,1155,0.9137658227848101,185.8108108108108,0.609375,0.859375,0.9739518761634827,False,ok,0.01687079999828711
D1_154_building,rootsift-nn_ratio-r2048-k8192,rootsift,nn_ratio,2048,8192,1143,107_0005_0074.JPG,107_0005_0077.JPG,6247,6185,694,639,0.920749279538905,103.31447049312854,0.453125,0.703125,0.9673831462860107,False,ok,0.06706410000333562
D1_154_building,rootsift-nn_ratio-r2048-k8192,rootsift,nn_ratio,2048,8192,1144,107_0005_0074.JPG,107_0005_0078.JPG,6247,6244,328,290,0.8841463414634146,46.4445868033312,0.28125,0.515625,0.9598294496536255,False,ok,0.09111249999841675
D1_154_building,rootsift-nn_ratio-r2048-k8192,rootsift,nn_ratio,2048,8192,1145,107_0005_0074.JPG,107_0005_0079.JPG,6247,6260,136,106,0.7794117647058824,16.968144709460542,0.15625,0.34375,0.9532278776168823,False,ok,0.121184199990239
D1_154_building,rootsift-nn_ratio-r2048-k8192,rootsift,nn_ratio,2048,8192,1146,107_0005_0074.JPG,107_0005_0080.JPG,6247,6246,54,23,0.42592592592592593,3.6823567082933075,0.078125,0.21875,0.9448775053024292,False,ok,0.10084520000964403
D1_154_building,rootsift-nn_ratio-r2048-k8192,rootsift,nn_ratio,2048,8192,1147,107_0005_0074.JPG,107_0005_0081.JPG,6247,6171,33,8,0.24242424242424243,1.2963863231242911,0.109375,0.109375,0.9376262426376343,True,ok,0.0164873999892734
D1_154_building,rootsift-nn_ratio-r2048-k8192,rootsift,nn_ratio,2048,8192,1148,107_0005_0074.JPG,107_0005_0082.JPG,6247,6255,29,9,0.3103448275862069,1.440691531935329,0.109375,0.140625,0.9418097138404846,True,ok,0.12110459999530576
D1_154_building,rootsift-nn_ratio-r2048-k8192,rootsift,nn_ratio,2048,8192,1149,107_0005_0074.JPG,107_0005_0089.JPG,6247,6196,823,764,0.928311057108141,123.30535829567462,0.546875,0.734375,0.9683114290237427,False,ok,0.12120319998939522
D1_154_building,rootsift-nn_ratio-r2048-k8192,rootsift,nn_ratio,2048,8192,1150,107_0005_0074.JPG,107_0005_0090.JPG,6247,6176,1198,1145,0.9557595993322203,185.39507772020724,0.703125,0.8125,0.9698803424835205,False,ok,0.016197799996007234
D1_154_building,rootsift-nn_ratio-r2048-k8192,rootsift,nn_ratio,2048,8192,1151,107_0005_0074.JPG,107_0005_0091.JPG,6247,6178,1347,1281,0.9510022271714922,207.34865652314664,0.8125,0.796875,0.9710901975631714,False,ok,0.09487410000292584
D1_154_building,rootsift-nn_ratio-r2048-k8192,rootsift,nn_ratio,2048,8192,1152,107_0005_0074.JPG,107_0005_0092.JPG,6247,6229,1599,1465,0.9161976235146967,235.1902392037245,0.8125,0.921875,0.9724533557891846,False,ok,0.09111229999689385
D1_154_building,rootsift-nn_ratio-r2048-k8192,rootsift,nn_ratio,2048,8192,1153,107_0005_0074.JPG,107_0005_0093.JPG,6247,6289,1235,1006,0.8145748987854251,161.03729790299343,0.640625,0.78125,0.9710022211074829,False,ok,0.12104070000350475
D1_154_building,rootsift-nn_ratio-r2048-k8192,rootsift,nn_ratio,2048,8192,1154,107_0005_0074.JPG,107_0005_0094.JPG,6247,6323,851,722,0.8484136310223267,115.57547622858972,0.5625,0.703125,0.9671059846878052,False,ok,0.10098569997353479
D1_154_building,rootsift-nn_ratio-r2048-k8192,rootsift,nn_ratio,2048,8192,1155,107_0005_0075.JPG,107_0005_0076.JPG,6290,6216,2311,2221,0.9610558199913457,357.3037323037323,0.875,0.984375,0.98326575756073,False,ok,0.018913500010967255
D1_154_building,rootsift-nn_ratio-r2048-k8192,rootsift,nn_ratio,2048,8192,1156,107_0005_0075.JPG,107_0005_0077.JPG,6290,6185,1266,1158,0.9146919431279621,187.2271624898949,0.640625,0.84375,0.9756839871406555,False,ok,0.10068629999295808
D1_154_building,rootsift-nn_ratio-r2048-k8192,rootsift,nn_ratio,2048,8192,1157,107_0005_0075.JPG,107_0005_0078.JPG,6290,6244,656,606,0.9237804878048781,97.05317104420243,0.40625,0.734375,0.968656599521637,False,ok,0.1212340000201948
D1_154_building,rootsift-nn_ratio-r2048-k8192,rootsift,nn_ratio,2048,8192,1158,107_0005_0075.JPG,107_0005_0079.JPG,6290,6260,320,281,0.878125,44.88817891373802,0.265625,0.546875,0.9603091478347778,False,ok,0.01746830000774935
D1_154_building,rootsift-nn_ratio-r2048-k8192,rootsift,nn_ratio,2048,8192,1159,107_0005_0075.JPG,107_0005_0080.JPG,6290,6246,140,107,0.7642857142857142,17.13096381684278,0.15625,0.34375,0.9520674347877502,False,ok,0.051495499996235594
D1_154_building,rootsift-nn_ratio-r2048-k8192,rootsift,nn_ratio,2048,8192,1160,107_0005_0075.JPG,107_0005_0081.JPG,6290,6171,79,41,0.5189873417721519,6.6439799060119915,0.078125,0.171875,0.947260320186615,False,ok,0.10111479999613948
D1_154_building,rootsift-nn_ratio-r2048-k8192,rootsift,nn_ratio,2048,8192,1161,107_0005_0075.JPG,107_0005_0082.JPG,6290,6255,71,35,0.49295774647887325,5.595523581135092,0.09375,0.203125,0.9461818337440491,False,ok,0.10085280000930652
D1_154_building,rootsift-nn_ratio-r2048-k8192,rootsift,nn_ratio,2048,8192,1162,107_0005_0075.JPG,107_0005_0083.JPG,6290,6179,56,29,0.5178571428571429,4.69331607056158,0.109375,0.265625,0.9481056928634644,False,ok,0.11102740000933409
D1_154_building,rootsift-nn_ratio-r2048-k8192,rootsift,nn_ratio,2048,8192,1163,107_0005_0075.JPG,107_0005_0089.JPG,6290,6196,1175,1120,0.9531914893617022,180.76178179470625,0.71875,0.765625,0.9711230397224426,False,ok,0.01793329999782145
D1_154_building,rootsift-nn_ratio-r2048-k8192,rootsift,nn_ratio,2048,8192,1164,107_0005_0075.JPG,107_0005_0090.JPG,6290,6176,1183,1106,0.9349112426035503,179.08031088082902,0.796875,0.703125,0.971031904220581,False,ok,0.038103300001239404
D1_154_building,rootsift-nn_ratio-r2048-k8192,rootsift,nn_ratio,2048,8192,1165,107_0005_0075.JPG,107_0005_0091.JPG,6290,6178,1008,928,0.9206349206349206,150.21042408546455,0.8125,0.59375,0.969446063041687,False,ok,0.12113250000402331
D1_154_building,rootsift-nn_ratio-r2048-k8192,rootsift,nn_ratio,2048,8192,1166,107_0005_0075.JPG,107_0005_0092.JPG,6290,6229,1948,1837,0.9430184804928131,294.9109006261037,0.953125,0.890625,0.9752076864242554,False,ok,0.10110930001246743
D1_154_building,rootsift-nn_ratio-r2048-k8192,rootsift,nn_ratio,2048,8192,1167,107_0005_0075.JPG,107_0005_0093.JPG,6290,6289,1837,1658,0.9025585193249864,263.6349181109874,0.828125,0.921875,0.9783387184143066,False,ok,0.01664139999775216
D1_154_building,rootsift-nn_ratio-r2048-k8192,rootsift,nn_ratio,2048,8192,1168,107_0005_0075.JPG,107_0005_0094.JPG,6290,6323,1319,1169,0.8862774829416225,185.85055643879173,0.625,0.734375,0.9739000797271729,False,ok,0.05450699999346398
D1_154_building,rootsift-nn_ratio-r2048-k8192,rootsift,nn_ratio,2048,8192,1169,107_0005_0076.JPG,107_0005_0077.JPG,6216,6185,2202,2110,0.9582198001816531,341.1479385610348,0.890625,1.0,0.9836658835411072,False,ok,0.11501730000600219
D1_154_building,rootsift-nn_ratio-r2048-k8192,rootsift,nn_ratio,2048,8192,1170,107_0005_0076.JPG,107_0005_0078.JPG,6216,6244,1222,1170,0.9574468085106383,188.22393822393823,0.640625,0.859375,0.9764156341552734,False,ok,0.10089100000914186
D1_154_building,rootsift-nn_ratio-r2048-k8192,rootsift,nn_ratio,2048,8192,1171,107_0005_0076.JPG,107_0005_0079.JPG,6216,6260,637,586,0.9199372056514914,94.27284427284427,0.421875,0.703125,0.9697173833847046,False,ok,0.12102419999428093
D1_154_building,rootsift-nn_ratio-r2048-k8192,rootsift,nn_ratio,2048,8192,1172,107_0005_0076.JPG,107_0005_0080.JPG,6216,6246,355,302,0.8507042253521127,48.58429858429859,0.265625,0.5625,0.9607701301574707,False,ok,0.01765329999034293
D1_154_building,rootsift-nn_ratio-r2048-k8192,rootsift,nn_ratio,2048,8192,1173,107_0005_0076.JPG,107_0005_0081.JPG,6216,6171,191,150,0.7853403141361257,24.307243558580456,0.1875,0.421875,0.9551547169685364,False,ok,0.02002850000280887
D1_154_building,rootsift-nn_ratio-r2048-k8192,rootsift,nn_ratio,2048,8192,1174,107_0005_0076.JPG,107_0005_0082.JPG,6216,6255,193,156,0.8082901554404145,25.096525096525095,0.203125,0.375,0.9556046724319458,False,ok,0.11094879999291152
D1_154_building,rootsift-nn_ratio-r2048-k8192,rootsift,nn_ratio,2048,8192,1175,107_0005_0076.JPG,107_0005_0083.JPG,6216,6179,157,110,0.7006369426751592,17.802233371095646,0.171875,0.40625,0.9537014365196228,False,ok,0.10092820000136271
D1_154_building,rootsift-nn_ratio-r2048-k8192,rootsift,nn_ratio,2048,8192,1176,107_0005_0076.JPG,107_0005_0084.JPG,6216,6216,144,98,0.6805555555555556,15.765765765765765,0.15625,0.390625,0.9529473781585693,False,ok,0.01912030001403764
D1_154_building,rootsift-nn_ratio-r2048-k8192,rootsift,nn_ratio,2048,8192,1177,107_0005_0076.JPG,107_0005_0089.JPG,6216,6196,1209,1138,0.9412737799834574,183.66688185926404,0.828125,0.765625,0.9716796875,False,ok,0.020113299979129806
D1_154_building,rootsift-nn_ratio-r2048-k8192,rootsift,nn_ratio,2048,8192,1178,107_0005_0076.JPG,107_0005_0090.JPG,6216,6176,911,836,0.9176728869374314,135.36269430051814,0.75,0.53125,0.9694634675979614,False,ok,0.12087719998089597
D1_154_building,rootsift-nn_ratio-r2048-k8192,rootsift,nn_ratio,2048,8192,1179,107_0005_0076.JPG,107_0005_0091.JPG,6216,6178,717,638,0.8898186889818689,103.26966655875688,0.734375,0.4375,0.9667759537696838,False,ok,0.11406110000098124
D1_154_building,rootsift-nn_ratio-r2048-k8192,rootsift,nn_ratio,2048,8192,1180,107_0005_0076.JPG,107_0005_0092.JPG,6216,6229,1399,1301,0.9299499642601858,209.2985842985843,0.921875,0.6875,0.9741852283477783,False,ok,0.11112580000190064
D1_154_building,rootsift-nn_ratio-r2048-k8192,rootsift,nn_ratio,2048,8192,1181,107_0005_0076.JPG,107_0005_0093.JPG,6216,6289,1856,1756,0.9461206896551724,282.4967824967825,0.890625,0.84375,0.980043888092041,False,ok,0.017903100000694394
D1_154_building,rootsift-nn_ratio-r2048-k8192,rootsift,nn_ratio,2048,8192,1182,107_0005_0076.JPG,107_0005_0094.JPG,6216,6323,1647,1482,0.8998178506375227,238.4169884169884,0.703125,0.734375,0.9801744818687439,False,ok,0.02072760000010021
D1_154_building,rootsift-nn_ratio-r2048-k8192,rootsift,nn_ratio,2048,8192,1183,107_0005_0076.JPG,107_0005_0095.JPG,6216,6475,1046,854,0.8164435946462715,137.38738738738738,0.546875,0.625,0.9711852073669434,False,ok,0.12131039999076165
D1_154_building,rootsift-nn_ratio-r2048-k8192,rootsift,nn_ratio,2048,8192,1184,107_0005_0077.JPG,107_0005_0078.JPG,6185,6244,2310,2253,0.9753246753246754,364.2683912691997,0.890625,1.0,0.9833351373672485,False,ok,0.10100840000086464
D1_154_building,rootsift-nn_ratio-r2048-k8192,rootsift,nn_ratio,2048,8192,1185,107_0005_0077.JPG,107_0005_0079.JPG,6185,6260,1258,1205,0.9578696343402225,194.8261924009701,0.609375,0.875,0.9766139388084412,False,ok,0.01773649998358451
D1_154_building,rootsift-nn_ratio-r2048-k8192,rootsift,nn_ratio,2048,8192,1186,107_0005_0077.JPG,107_0005_0080.JPG,6185,6246,741,692,0.9338731443994602,111.88358932902183,0.484375,0.71875,0.9684972763061523,False,ok,0.050047700002323836
D1_154_building,rootsift-nn_ratio-r2048-k8192,rootsift,nn_ratio,2048,8192,1187,107_0005_0077.JPG,107_0005_0081.JPG,6185,6171,470,402,0.8553191489361702,65.14341273699563,0.28125,0.59375,0.961946964263916,False,ok,0.10114509999402799
D1_154_building,rootsift-nn_ratio-r2048-k8192,rootsift,nn_ratio,2048,8192,1188,107_0005_0077.JPG,107_0005_0082.JPG,6185,6255,450,398,0.8844444444444445,64.34923201293452,0.296875,0.546875,0.96152663230896,False,ok,0.12131489999592304
D1_154_building,rootsift-nn_ratio-r2048-k8192,rootsift,nn_ratio,2048,8192,1189,107_0005_0077.JPG,107_0005_0083.JPG,6185,6179,363,305,0.8402203856749312,49.36073798349248,0.25,0.546875,0.959881603717804,False,ok,0.1014632000005804
D1_154_building,rootsift-nn_ratio-r2048-k8192,rootsift,nn_ratio,2048,8192,1190,107_0005_0077.JPG,107_0005_0084.JPG,6185,6216,339,280,0.8259587020648967,45.270816491511724,0.25,0.53125,0.9596532583236694,False,ok,0.01886660000309348
D1_154_building,rootsift-nn_ratio-r2048-k8192,rootsift,nn_ratio,2048,8192,1191,107_0005_0077.JPG,107_0005_0085.JPG,6185,6166,607,557,0.9176276771004942,90.33409017191047,0.359375,0.65625,0.9656968116760254,False,ok,0.020210999995470047
D1_154_building,rootsift-nn_ratio-r2048-k8192,rootsift,nn_ratio,2048,8192,1192,107_0005_0077.JPG,107_0005_0093.JPG,6185,6289,1215,1120,0.9218106995884774,181.0832659660469,0.875,0.6875,0.9748354554176331,False,ok,0.10086649999720976
D1_154_building,rootsift-nn_ratio-r2048-k8192,rootsift,nn_ratio,2048,8192,1193,107_0005_0077.JPG,107_0005_0094.JPG,6185,6323,1471,1373,0.9333786539768865,221.9886822958771,0.734375,0.671875,0.9794189929962158,False,ok,0.12145110001438297
D1_154_building,rootsift-nn_ratio-r2048-k8192,rootsift,nn_ratio,2048,8192,1194,107_0005_0077.JPG,107_0005_0095.JPG,6185,6475,1321,1160,0.878122634367903,187.55052546483427,0.5625,0.609375,0.9774054288864136,False,ok,0.01851140000508167
D1_154_building,rootsift-nn_ratio-r2048-k8192,rootsift,nn_ratio,2048,8192,1195,107_0005_0077.JPG,107_0005_0096.JPG,6185,6365,669,525,0.7847533632286996,84.88278092158448,0.34375,0.328125,0.9728938341140747,False,ok,0.02249669999582693
D1_154_building,rootsift-nn_ratio-r2048-k8192,rootsift,nn_ratio,2048,8192,1196,107_0005_0077.JPG,107_0005_0097.JPG,6185,6325,664,607,0.9141566265060241,98.14066289409863,0.484375,0.4375,0.969510555267334,False,ok,0.1211487999826204
D1_154_building,rootsift-nn_ratio-r2048-k8192,rootsift,nn_ratio,2048,8192,1197,107_0005_0078.JPG,107_0005_0079.JPG,6244,6260,2279,2231,0.9789381307591049,357.30301089045486,0.875,1.0,0.9843336343765259,False,ok,0.10096309997607023
D1_154_building,rootsift-nn_ratio-r2048-k8192,rootsift,nn_ratio,2048,8192,1198,107_0005_0078.JPG,107_0005_0080.JPG,6244,6246,1413,1335,0.9447983014861996,213.8052530429212,0.625,0.875,0.9765409231185913,False,ok,0.11604230001103133
D1_154_building,rootsift-nn_ratio-r2048-k8192,rootsift,nn_ratio,2048,8192,1199,107_0005_0078.JPG,107_0005_0081.JPG,6244,6171,938,864,0.9211087420042644,140.00972289742344,0.5,0.734375,0.9701975584030151,False,ok,0.017120800010161474
D1_154_building,rootsift-nn_ratio-r2048-k8192,rootsift,nn_ratio,2048,8192,1200,107_0005_0078.JPG,107_0005_0082.JPG,6244,6255,912,835,0.9155701754385965,133.72837924407432,0.421875,0.71875,0.9690133929252625,False,ok,0.05786110000917688
D1_154_building,rootsift-nn_ratio-r2048-k8192,rootsift,nn_ratio,2048,8192,1201,107_0005_0078.JPG,107_0005_0083.JPG,6244,6179,659,593,0.8998482549317147,95.97022171872472,0.34375,0.640625,0.9651903510093689,False,ok,0.1009667000034824
D1_154_building,rootsift-nn_ratio-r2048-k8192,rootsift,nn_ratio,2048,8192,1202,107_0005_0078.JPG,107_0005_0084.JPG,6244,6216,626,555,0.8865814696485623,89.28571428571429,0.34375,0.609375,0.9644507169723511,False,ok,0.11456750001525506
D1_154_building,rootsift-nn_ratio-r2048-k8192,rootsift,nn_ratio,2048,8192,1203,107_0005_0078.JPG,107_0005_0085.JPG,6244,6166,944,883,0.9353813559322034,143.20467077521894,0.5,0.6875,0.9701247215270996,False,ok,0.015654300019377843
D1_154_building,rootsift-nn_ratio-r2048-k8192,rootsift,nn_ratio,2048,8192,1204,107_0005_0078.JPG,107_0005_0086.JPG,6244,6254,1212,1148,0.9471947194719472,183.85650224215246,0.671875,0.78125,0.9717004299163818,False,ok,0.0632591999892611
D1_154_building,rootsift-nn_ratio-r2048-k8192,rootsift,nn_ratio,2048,8192,1205,107_0005_0078.JPG,107_0005_0094.JPG,6244,6323,892,795,0.8912556053811659,127.32222934016656,0.671875,0.515625,0.9726904630661011,False,ok,0.10092470000381581
D1_154_building,rootsift-nn_ratio-r2048-k8192,rootsift,nn_ratio,2048,8192,1206,107_0005_0078.JPG,107_0005_0095.JPG,6244,6475,1051,918,0.873453853472883,147.0211402946829,0.578125,0.5,0.9773148894309998,False,ok,0.12100109999300912
D1_154_building,rootsift-nn_ratio-r2048-k8192,rootsift,nn_ratio,2048,8192,1207,107_0005_0078.JPG,107_0005_0096.JPG,6244,6365,670,619,0.9238805970149254,99.13516976297245,0.328125,0.328125,0.9767418503761292,False,ok,0.10083660000236705
D1_154_building,rootsift-nn_ratio-r2048-k8192,rootsift,nn_ratio,2048,8192,1208,107_0005_0078.JPG,107_0005_0097.JPG,6244,6325,637,567,0.8901098901098901,90.80717488789237,0.390625,0.359375,0.9717925786972046,False,ok,0.017987200000789016
D1_154_building,rootsift-nn_ratio-r2048-k8192,rootsift,nn_ratio,2048,8192,1209,107_0005_0078.JPG,107_0005_0098.JPG,6244,6322,560,479,0.8553571428571428,76.71364509929532,0.5,0.453125,0.9658614993095398,False,ok,0.021672000002581626
D1_154_building,rootsift-nn_ratio-r2048-k8192,rootsift,nn_ratio,2048,8192,1210,107_0005_0079.JPG,107_0005_0080.JPG,6260,6246,2486,2434,0.9790828640386162,389.6894012167787,0.875,1.0,0.9843663573265076,False,ok,0.12096670002210885
D1_154_building,rootsift-nn_ratio-r2048-k8192,rootsift,nn_ratio,2048,8192,1211,107_0005_0079.JPG,107_0005_0081.JPG,6260,6171,1679,1606,0.9565217391304348,260.2495543672014,0.71875,0.875,0.9774314761161804,False,ok,0.0910409000061918
D1_154_building,rootsift-nn_ratio-r2048-k8192,rootsift,nn_ratio,2048,8192,1212,107_0005_0079.JPG,107_0005_0082.JPG,6260,6255,1520,1448,0.9526315789473684,231.49480415667466,0.625,0.859375,0.9749037027359009,False,ok,0.016197399992961437
D1_154_building,rootsift-nn_ratio-r2048-k8192,rootsift,nn_ratio,2048,8192,1213,107_0005_0079.JPG,107_0005_0083.JPG,6260,6179,1033,968,0.9370764762826719,156.65965366564168,0.5,0.71875,0.9690811634063721,False,ok,0.1211440000042785
D1_154_building,rootsift-nn_ratio-r2048-k8192,rootsift,nn_ratio,2048,8192,1214,107_0005_0079.JPG,107_0005_0084.JPG,6260,6216,934,875,0.936830835117773,140.76576576576576,0.5,0.75,0.9685150980949402,False,ok,0.10168500000145286
D1_154_building,rootsift-nn_ratio-r2048-k8192,rootsift,nn_ratio,2048,8192,1215,107_0005_0079.JPG,107_0005_0085.JPG,6260,6166,1273,1202,0.9442262372348782,194.9399935128122,0.625,0.765625,0.9711810350418091,False,ok,0.08396970000467263
D1_154_building,rootsift-nn_ratio-r2048-k8192,rootsift,nn_ratio,2048,8192,1216,107_0005_0079.JPG,107_0005_0086.JPG,6260,6254,1186,1118,0.9426644182124789,178.76559002238568,0.765625,0.71875,0.9710149765014648,False,ok,0.019319700018968433
D1_154_building,rootsift-nn_ratio-r2048-k8192,rootsift,nn_ratio,2048,8192,1217,107_0005_0079.JPG,107_0005_0087.JPG,6260,6217,825,746,0.9042424242424243,119.99356602863118,0.671875,0.515625,0.9687937498092651,False,ok,0.01924740002141334
D1_154_building,rootsift-nn_ratio-r2048-k8192,rootsift,nn_ratio,2048,8192,1218,107_0005_0079.JPG,107_0005_0096.JPG,6260,6365,332,262,0.7891566265060241,41.853035143769965,0.234375,0.234375,0.9721233248710632,False,ok,0.019722699973499402
D1_154_building,rootsift-nn_ratio-r2048-k8192,rootsift,nn_ratio,2048,8192,1219,107_0005_0079.JPG,107_0005_0097.JPG,6260,6325,293,236,0.8054607508532423,37.69968051118211,0.296875,0.234375,0.969904899597168,False,ok,0.027575899992370978
D1_154_building,rootsift-nn_ratio-r2048-k8192,rootsift,nn_ratio,2048,8192,1220,107_0005_0079.JPG,107_0005_0112.JPG,6260,6392,514,419,0.8151750972762646,66.93290734824281,0.375,0.421875,0.9673888087272644,False,ok,0.022945900011109188
D1_154_building,rootsift-nn_ratio-r2048-k8192,rootsift,nn_ratio,2048,8192,1221,107_0005_0079.JPG,107_0005_0113.JPG,6260,6395,523,408,0.780114722753346,65.17571884984025,0.3125,0.375,0.9675269722938538,False,ok,0.0342782000079751
D1_154_building,rootsift-nn_ratio-r2048-k8192,rootsift,nn_ratio,2048,8192,1222,107_0005_0079.JPG,107_0005_0145.JPG,6260,6173,64,29,0.453125,4.697877855175766,0.109375,0.109375,0.9493533372879028,False,ok,0.03394699998898432
D1_154_building,rootsift-nn_ratio-r2048-k8192,rootsift,nn_ratio,2048,8192,1223,107_0005_0080.JPG,107_0005_0081.JPG,6246,6171,2765,2723,0.9848101265822785,441.2574947334306,0.875,1.0,0.9867030382156372,False,ok,0.029164200008381158
D1_154_building,rootsift-nn_ratio-r2048-k8192,rootsift,nn_ratio,2048,8192,1224,107_0005_0080.JPG,107_0005_0082.JPG,6246,6255,2154,2121,0.9846796657381616,339.57732949087415,0.78125,0.9375,0.9808139801025391,False,ok,0.0295089999854099
D1_154_building,rootsift-nn_ratio-r2048-k8192,rootsift,nn_ratio,2048,8192,1225,107_0005_0080.JPG,107_0005_0083.JPG,6246,6179,1365,1300,0.9523809523809523,210.3900307493122,0.671875,0.828125,0.9721155762672424,False,ok,0.02107440002146177
D1_154_building,rootsift-nn_ratio-r2048-k8192,rootsift,nn_ratio,2048,8192,1226,107_0005_0080.JPG,107_0005_0084.JPG,6246,6216,1242,1183,0.9524959742351047,190.3153153153153,0.640625,0.78125,0.9709720611572266,False,ok,0.10255089998827316
D1_154_building,rootsift-nn_ratio-r2048-k8192,rootsift,nn_ratio,2048,8192,1227,107_0005_0080.JPG,107_0005_0085.JPG,6246,6166,1236,1175,0.9506472491909385,190.56114174505353,0.78125,0.6875,0.9706790447235107,False,ok,0.12109149998286739
D1_154_building,rootsift-nn_ratio-r2048-k8192,rootsift,nn_ratio,2048,8192,1228,107_0005_0080.JPG,107_0005_0086.JPG,6246,6254,891,832,0.9337822671156004,133.20525136087096,0.71875,0.515625,0.9681409001350403,False,ok,0.09311280000838451
D1_154_building,rootsift-nn_ratio-r2048-k8192,rootsift,nn_ratio,2048,8192,1229,107_0005_0080.JPG,107_0005_0087.JPG,6246,6217,595,513,0.8621848739495799,82.51568280521151,0.6875,0.40625,0.9639754891395569,False,ok,0.015880499995546415
D1_154_building,rootsift-nn_ratio-r2048-k8192,rootsift,nn_ratio,2048,8192,1230,107_0005_0080.JPG,107_0005_0088.JPG,6246,6145,318,264,0.8301886792452831,42.961757526444266,0.53125,0.265625,0.9584450125694275,False,ok,0.04270689998520538
D1_154_building,rootsift-nn_ratio-r2048-k8192,rootsift,nn_ratio,2048,8192,1231,107_0005_0080.JPG,107_0005_0111.JPG,6246,6473,545,489,0.8972477064220183,78.29010566762729,0.46875,0.421875,0.9692471027374268,False,ok,0.10083039998426102
D1_154_building,rootsift-nn_ratio-r2048-k8192,rootsift,nn_ratio,2048,8192,1232,107_0005_0080.JPG,107_0005_0112.JPG,6246,6392,573,522,0.9109947643979057,83.57348703170028,0.359375,0.328125,0.9761974811553955,False,ok,0.12117020000005141
D1_154_building,rootsift-nn_ratio-r2048-k8192,rootsift,nn_ratio,2048,8192,1233,107_0005_0080.JPG,107_0005_0113.JPG,6246,6395,553,475,0.8589511754068716,76.0486711495357,0.328125,0.328125,0.9754680395126343,False,ok,0.10084729999653064
D1_154_building,rootsift-nn_ratio-r2048-k8192,rootsift,nn_ratio,2048,8192,1234,107_0005_0080.JPG,107_0005_0144.JPG,6246,6117,31,9,0.2903225806451613,1.4713094654242276,0.140625,0.125,0.9378603100776672,True,ok,0.01718959998106584
D1_154_building,rootsift-nn_ratio-r2048-k8192,rootsift,nn_ratio,2048,8192,1235,107_0005_0080.JPG,107_0005_0145.JPG,6246,6173,32,8,0.25,1.2959663048760732,0.125,0.125,0.9417937994003296,True,ok,0.10119099999428727
D1_154_building,rootsift-nn_ratio-r2048-k8192,rootsift,nn_ratio,2048,8192,1236,107_0005_0081.JPG,107_0005_0082.JPG,6171,6255,2526,2473,0.9790182106096595,400.74542213579645,0.9375,0.890625,0.9823220372200012,False,ok,0.1110379999736324
D1_154_building,rootsift-nn_ratio-r2048-k8192,rootsift,nn_ratio,2048,8192,1237,107_0005_0081.JPG,107_0005_0083.JPG,6171,6179,1501,1413,0.9413724183877415,228.9742343218279,0.796875,0.796875,0.9727031588554382,False,ok,0.01618340000277385
D1_154_building,rootsift-nn_ratio-r2048-k8192,rootsift,nn_ratio,2048,8192,1238,107_0005_0081.JPG,107_0005_0084.JPG,6171,6216,1439,1359,0.9444058373870744,220.22362664073893,0.796875,0.765625,0.9711130857467651,False,ok,0.0580259999842383
D1_154_building,rootsift-nn_ratio-r2048-k8192,rootsift,nn_ratio,2048,8192,1239,107_0005_0081.JPG,107_0005_0085.JPG,6171,6166,912,860,0.9429824561403509,139.47453778786897,0.8125,0.53125,0.9681297540664673,False,ok,0.12115399999311194
D1_154_building,rootsift-nn_ratio-r2048-k8192,rootsift,nn_ratio,2048,8192,1240,107_0005_0081.JPG,107_0005_0086.JPG,6171,6254,649,565,0.8705701078582434,91.55728407065305,0.703125,0.421875,0.9641189575195312,False,ok,0.09089530000346713
D1_154_building,rootsift-nn_ratio-r2048-k8192,rootsift,nn_ratio,2048,8192,1241,107_0005_0081.JPG,107_0005_0087.JPG,6171,6217,386,325,0.8419689119170984,52.66569437692432,0.578125,0.296875,0.9606339335441589,False,ok,0.1111869000014849
D1_154_building,rootsift-nn_ratio-r2048-k8192,rootsift,nn_ratio,2048,8192,1242,107_0005_0081.JPG,107_0005_0088.JPG,6171,6145,194,151,0.7783505154639175,24.572823433685922,0.46875,0.1875,0.9558607339859009,False,ok,0.01542650000192225
D1_154_building,rootsift-nn_ratio-r2048-k8192,rootsift,nn_ratio,2048,8192,1243,107_0005_0081.JPG,107_0005_0089.JPG,6171,6196,69,47,0.6811594202898551,7.6162696483552095,0.359375,0.125,0.9504802823066711,False,ok,0.055654399999184534
D1_154_building,rootsift-nn_ratio-r2048-k8192,rootsift,nn_ratio,2048,8192,1244,107_0005_0081.JPG,107_0005_0111.JPG,6171,6473,570,494,0.8666666666666667,80.05185545292497,0.34375,0.328125,0.9707851409912109,False,ok,0.10098640000796877
D1_154_building,rootsift-nn_ratio-r2048-k8192,rootsift,nn_ratio,2048,8192,1245,107_0005_0081.JPG,107_0005_0112.JPG,6171,6392,513,475,0.9259259259259259,76.97293793550477,0.296875,0.296875,0.9788762331008911,False,ok,0.12104050000198185
D1_154_building,rootsift-nn_ratio-r2048-k8192,rootsift,nn_ratio,2048,8192,1246,107_0005_0081.JPG,107_0005_0113.JPG,6171,6395,515,448,0.8699029126213592,72.5976340949603,0.28125,0.296875,0.9768705368041992,False,ok,0.016249499982222915
D1_154_building,rootsift-nn_ratio-r2048-k8192,rootsift,nn_ratio,2048,8192,1247,107_0005_0081.JPG,107_0005_0114.JPG,6171,6327,673,608,0.9034175334323923,98.52536055744612,0.34375,0.40625,0.9742245078086853,False,ok,0.02442399997380562
D1_154_building,rootsift-nn_ratio-r2048-k8192,rootsift,nn_ratio,2048,8192,1248,107_0005_0081.JPG,107_0005_0143.JPG,6171,6166,59,25,0.423728813559322,4.05449237755433,0.125,0.09375,0.9488571286201477,False,ok,0.10094240002217703
D1_154_building,rootsift-nn_ratio-r2048-k8192,rootsift,nn_ratio,2048,8192,1249,107_0005_0081.JPG,107_0005_0144.JPG,6171,6117,33,9,0.2727272727272727,1.4713094654242276,0.140625,0.140625,0.9456603527069092,True,ok,0.12139300000853837
D1_154_building,rootsift-nn_ratio-r2048-k8192,rootsift,nn_ratio,2048,8192,1250,107_0005_0081.JPG,107_0005_0145.JPG,6171,6173,28,8,0.2857142857142857,1.2963863231242911,0.125,0.125,0.9390357136726379,True,ok,0.10102800000458956
D1_154_building,rootsift-nn_ratio-r2048-k8192,rootsift,nn_ratio,2048,8192,1251,107_0005_0082.JPG,107_0005_0083.JPG,6255,6179,2663,2611,0.9804731505820503,422.5602848357339,0.953125,0.921875,0.9839405417442322,False,ok,0.018903399992268533
D1_154_building,rootsift-nn_ratio-r2048-k8192,rootsift,nn_ratio,2048,8192,1252,107_0005_0082.JPG,107_0005_0084.JPG,6255,6216,2430,2375,0.977366255144033,382.0785070785071,0.875,0.875,0.982663094997406,False,ok,0.06866409999202006
D1_154_building,rootsift-nn_ratio-r2048-k8192,rootsift,nn_ratio,2048,8192,1253,107_0005_0082.JPG,107_0005_0085.JPG,6255,6166,1563,1508,0.9648112603966731,244.5669802140772,0.953125,0.640625,0.9778562784194946,False,ok,0.10079419999965467
D1_154_building,rootsift-nn_ratio-r2048-k8192,rootsift,nn_ratio,2048,8192,1254,107_0005_0082.JPG,107_0005_0086.JPG,6255,6254,1026,941,0.9171539961013645,150.46370322993283,0.828125,0.5,0.9717018008232117,False,ok,0.1209691000112798
D1_154_building,rootsift-nn_ratio-r2048-k8192,rootsift,nn_ratio,2048,8192,1255,107_0005_0082.JPG,107_0005_0087.JPG,6255,6217,601,528,0.8785357737104825,84.9284220685218,0.703125,0.40625,0.9647420644760132,False,ok,0.015575299999909475
D1_154_building,rootsift-nn_ratio-r2048-k8192,rootsift,nn_ratio,2048,8192,1256,107_0005_0082.JPG,107_0005_0088.JPG,6255,6145,308,241,0.7824675324675324,39.218877135882835,0.515625,0.234375,0.9572066068649292,False,ok,0.08600060001481324
D1_154_building,rootsift-nn_ratio-r2048-k8192,rootsift,nn_ratio,2048,8192,1257,107_0005_0082.JPG,107_0005_0089.JPG,6255,6196,91,57,0.6263736263736264,9.199483537766302,0.28125,0.15625,0.9490365386009216,False,ok,0.10099949999130331
D1_154_building,rootsift-nn_ratio-r2048-k8192,rootsift,nn_ratio,2048,8192,1258,107_0005_0082.JPG,107_0005_0090.JPG,6255,6176,40,9,0.225,1.4572538860103628,0.109375,0.09375,0.9417194128036499,True,ok,0.12116050001350231
D1_154_building,rootsift-nn_ratio-r2048-k8192,rootsift,nn_ratio,2048,8192,1259,107_0005_0082.JPG,107_0005_0110.JPG,6255,6461,596,512,0.8590604026845637,81.85451638689048,0.40625,0.375,0.9716668128967285,False,ok,0.10101100002066232
D1_154_building,rootsift-nn_ratio-r2048-k8192,rootsift,nn_ratio,2048,8192,1260,107_0005_0082.JPG,107_0005_0111.JPG,6255,6473,437,379,0.8672768878718535,60.59152677857714,0.296875,0.265625,0.9743081331253052,False,ok,0.01886389998253435
D1_154_building,rootsift-nn_ratio-r2048-k8192,rootsift,nn_ratio,2048,8192,1261,107_0005_0082.JPG,107_0005_0127.JPG,6255,6111,32,9,0.28125,1.4727540500736378,0.109375,0.140625,0.9386967420578003,True,ok,0.06908169999951497
D1_154_building,rootsift-nn_ratio-r2048-k8192,rootsift,nn_ratio,2048,8192,1262,107_0005_0082.JPG,107_0005_0128.JPG,6255,5989,28,8,0.2857142857142857,1.335782267490399,0.125,0.109375,0.9420212507247925,True,ok,0.09906320000300184
D1_154_building,rootsift-nn_ratio-r2048-k8192,rootsift,nn_ratio,2048,8192,1263,107_0005_0082.JPG,107_0005_0129.JPG,6255,6011,28,9,0.32142857142857145,1.4972550324405256,0.09375,0.125,0.9408190846443176,True,ok,0.11901799999759533
D1_154_building,rootsift-nn_ratio-r2048-k8192,rootsift,nn_ratio,2048,8192,1264,107_0005_0082.JPG,107_0005_0130.JPG,6255,6090,185,154,0.8324324324324325,25.28735632183908,0.203125,0.171875,0.9681656956672668,False,ok,0.018224700004793704
D1_154_building,rootsift-nn_ratio-r2048-k8192,rootsift,nn_ratio,2048,8192,1265,107_0005_0083.JPG,107_0005_0084.JPG,6179,6216,3705,3683,0.9940620782726046,596.0511409613206,0.984375,1.0,0.9916005730628967,False,ok,0.05188100002123974
D1_154_building,rootsift-nn_ratio-r2048-k8192,rootsift,nn_ratio,2048,8192,1266,107_0005_0083.JPG,107_0005_0085.JPG,6179,6166,2163,2109,0.9750346740638003,342.0369769704833,0.984375,0.734375,0.9821968078613281,False,ok,0.10086199999204837
D1_154_building,rootsift-nn_ratio-r2048-k8192,rootsift,nn_ratio,2048,8192,1267,107_0005_0083.JPG,107_0005_0086.JPG,6179,6254,1230,1148,0.9333333333333333,185.79058100016184,0.890625,0.578125,0.9739615321159363,False,ok,0.1211442000058014
D1_154_building,rootsift-nn_ratio-r2048-k8192,rootsift,nn_ratio,2048,8192,1268,107_0005_0083.JPG,107_0005_0087.JPG,6179,6217,699,626,0.8955650929899857,101.31089173005341,0.6875,0.40625,0.9666186571121216,False,ok,0.10097359999781474
D1_154_building,rootsift-nn_ratio-r2048-k8192,rootsift,nn_ratio,2048,8192,1269,107_0005_0083.JPG,107_0005_0088.JPG,6179,6145,315,269,0.8539682539682539,43.77542717656631,0.5625,0.25,0.9597396850585938,False,ok,0.015539399988483638
D1_154_building,rootsift-nn_ratio-r2048-k8192,rootsift,nn_ratio,2048,8192,1270,107_0005_0083.JPG,107_0005_0089.JPG,6179,6196,122,84,0.6885245901639344,13.594432756109402,0.375,0.171875,0.9509483575820923,False,ok,0.034366600011708215
D1_154_building,rootsift-nn_ratio-r2048-k8192,rootsift,nn_ratio,2048,8192,1271,107_0005_0083.JPG,107_0005_0090.JPG,6179,6176,40,17,0.425,2.7525906735751295,0.171875,0.09375,0.9466956257820129,False,ok,0.12093790000653826
D1_154_building,rootsift-nn_ratio-r2048-k8192,rootsift,nn_ratio,2048,8192,1272,107_0005_0083.JPG,107_0005_0091.JPG,6179,6178,21,8,0.38095238095238093,1.2949174490126254,0.109375,0.125,0.9396405220031738,True,ok,0.1009423999930732
D1_154_building,rootsift-nn_ratio-r2048-k8192,rootsift,nn_ratio,2048,8192,1273,107_0005_0083.JPG,107_0005_0108.JPG,6179,6317,535,498,0.930841121495327,80.59556562550574,0.5,0.4375,0.9705843925476074,False,ok,0.01756589999422431
D1_154_building,rootsift-nn_ratio-r2048-k8192,rootsift,nn_ratio,2048,8192,1274,107_0005_0083.JPG,107_0005_0109.JPG,6179,6313,550,498,0.9054545454545454,80.59556562550574,0.40625,0.390625,0.9760273694992065,False,ok,0.020705900009488687
D1_154_building,rootsift-nn_ratio-r2048-k8192,rootsift,nn_ratio,2048,8192,1275,107_0005_0083.JPG,107_0005_0110.JPG,6179,6461,441,399,0.9047619047619048,64.57355559151966,0.328125,0.3125,0.9769665002822876,False,ok,0.12122139998245984
D1_154_building,rootsift-nn_ratio-r2048-k8192,rootsift,nn_ratio,2048,8192,1276,107_0005_0083.JPG,107_0005_0118.JPG,6179,6381,560,446,0.7964285714285714,72.17996439553326,0.453125,0.515625,0.9673354029655457,False,ok,0.12127250002231449
D1_154_building,rootsift-nn_ratio-r2048-k8192,rootsift,nn_ratio,2048,8192,1277,107_0005_0083.JPG,107_0005_0125.JPG,6179,6242,354,313,0.884180790960452,50.65544586502671,0.359375,0.34375,0.9701172709465027,False,ok,0.10098700001253746
D1_154_building,rootsift-nn_ratio-r2048-k8192,rootsift,nn_ratio,2048,8192,1278,107_0005_0083.JPG,107_0005_0126.JPG,6179,6094,165,125,0.7575757575757576,20.511978995733507,0.15625,0.15625,0.9647862315177917,False,ok,0.015623699990101159
D1_154_building,rootsift-nn_ratio-r2048-k8192,rootsift,nn_ratio,2048,8192,1279,107_0005_0083.JPG,107_0005_0127.JPG,6179,6111,28,8,0.2857142857142857,1.3091147111765669,0.109375,0.125,0.9371495246887207,True,ok,0.01950959998066537
D1_154_building,rootsift-nn_ratio-r2048-k8192,rootsift,nn_ratio,2048,8192,1280,107_0005_0083.JPG,107_0005_0128.JPG,6179,5989,26,8,0.3076923076923077,1.335782267490399,0.109375,0.09375,0.9430927634239197,True,ok,0.11124999998719431
D1_154_building,rootsift-nn_ratio-r2048-k8192,rootsift,nn_ratio,2048,8192,1281,107_0005_0083.JPG,107_0005_0129.JPG,6179,6011,24,9,0.375,1.4972550324405256,0.125,0.125,0.939619243144989,True,ok,0.09687040001153946
D1_154_building,rootsift-nn_ratio-r2048-k8192,rootsift,nn_ratio,2048,8192,1282,107_0005_0083.JPG,107_0005_0130.JPG,6179,6090,200,171,0.855,28.07881773399015,0.1875,0.203125,0.9712556600570679,False,ok,0.016457200021250173
D1_154_building,rootsift-nn_ratio-r2048-k8192,rootsift,nn_ratio,2048,8192,1283,107_0005_0084.JPG,107_0005_0085.JPG,6216,6166,2154,2104,0.9767873723305478,341.22607849497246,1.0,0.734375,0.9824438691139221,False,ok,0.021574200014583766
D1_154_building,rootsift-nn_ratio-r2048-k8192,rootsift,nn_ratio,2048,8192,1284,107_0005_0084.JPG,107_0005_0086.JPG,6216,6254,1210,1139,0.9413223140495868,183.23680823680823,0.859375,0.609375,0.9743868112564087,False,ok,0.12109209998743609
D1_154_building,rootsift-nn_ratio-r2048-k8192,rootsift,nn_ratio,2048,8192,1285,107_0005_0084.JPG,107_0005_0087.JPG,6216,6217,683,620,0.9077598828696926,99.74259974259974,0.734375,0.46875,0.9669100046157837,False,ok,0.09086590001243167
D1_154_building,rootsift-nn_ratio-r2048-k8192,rootsift,nn_ratio,2048,8192,1286,107_0005_0084.JPG,107_0005_0088.JPG,6216,6145,326,289,0.8865030674846626,47.030105777054516,0.609375,0.28125,0.9591618776321411,False,ok,0.12091119997785427
D1_154_building,rootsift-nn_ratio-r2048-k8192,rootsift,nn_ratio,2048,8192,1287,107_0005_0084.JPG,107_0005_0089.JPG,6216,6196,109,78,0.7155963302752294,12.588766946417044,0.375,0.15625,0.9525729417800903,False,ok,0.01600410000537522
D1_154_building,rootsift-nn_ratio-r2048-k8192,rootsift,nn_ratio,2048,8192,1288,107_0005_0084.JPG,107_0005_0090.JPG,6216,6176,47,13,0.2765957446808511,2.104922279792746,0.140625,0.078125,0.9426984786987305,True,ok,0.0223233999859076
D1_154_building,rootsift-nn_ratio-r2048-k8192,rootsift,nn_ratio,2048,8192,1289,107_0005_0084.JPG,107_0005_0091.JPG,6216,6178,32,8,0.25,1.2949174490126254,0.125,0.109375,0.9367990493774414,True,ok,0.12097990000620484
D1_154_building,rootsift-nn_ratio-r2048-k8192,rootsift,nn_ratio,2048,8192,1290,107_0005_0084.JPG,107_0005_0092.JPG,6216,6229,59,29,0.4915254237288136,4.665379665379666,0.25,0.140625,0.9459829330444336,False,ok,0.10098000001744367
D1_154_building,rootsift-nn_ratio-r2048-k8192,rootsift,nn_ratio,2048,8192,1291,107_0005_0084.JPG,107_0005_0108.JPG,6216,6317,530,493,0.930188679245283,79.31145431145431,0.46875,0.421875,0.9714152812957764,False,ok,0.017573000019183382
D1_154_building,rootsift-nn_ratio-r2048-k8192,rootsift,nn_ratio,2048,8192,1292,107_0005_0084.JPG,107_0005_0109.JPG,6216,6313,523,477,0.9120458891013384,76.73745173745174,0.390625,0.359375,0.9772047996520996,False,ok,0.05603900001733564
D1_154_building,rootsift-nn_ratio-r2048-k8192,rootsift,nn_ratio,2048,8192,1293,107_0005_0084.JPG,107_0005_0110.JPG,6216,6461,428,397,0.927570093457944,63.86743886743887,0.34375,0.3125,0.9758312106132507,False,ok,0.12109610001789406
D1_154_building,rootsift-nn_ratio-r2048-k8192,rootsift,nn_ratio,2048,8192,1294,107_0005_0084.JPG,107_0005_0125.JPG,6216,6242,365,328,0.8986301369863013,52.76705276705277,0.34375,0.3125,0.9714110493659973,False,ok,0.10085560000152327
D1_154_building,rootsift-nn_ratio-r2048-k8192,rootsift,nn_ratio,2048,8192,1295,107_0005_0084.JPG,107_0005_0126.JPG,6216,6094,169,132,0.7810650887573964,21.660649819494584,0.171875,0.140625,0.965976357460022,False,ok,0.08652969999820925
D1_154_building,rootsift-nn_ratio-r2048-k8192,rootsift,nn_ratio,2048,8192,1296,107_0005_0084.JPG,107_0005_0127.JPG,6216,6111,28,8,0.2857142857142857,1.3091147111765669,0.09375,0.125,0.9323176741600037,True,ok,0.01902809998136945
D1_154_building,rootsift-nn_ratio-r2048-k8192,rootsift,nn_ratio,2048,8192,1297,107_0005_0084.JPG,107_0005_0128.JPG,6216,5989,25,9,0.36,1.502755050926699,0.140625,0.140625,0.9382016658782959,True,ok,0.10090479999780655
D1_154_building,rootsift-nn_ratio-r2048-k8192,rootsift,nn_ratio,2048,8192,1298,107_0005_0084.JPG,107_0005_0129.JPG,6216,6011,29,8,0.27586206896551724,1.3308933621693562,0.109375,0.109375,0.9400613903999329,True,ok,0.12093869998352602
D1_154_building,rootsift-nn_ratio-r2048-k8192,rootsift,nn_ratio,2048,8192,1299,107_0005_0084.JPG,107_0005_0130.JPG,6216,6090,211,181,0.8578199052132701,29.720853858784892,0.21875,0.21875,0.9700211882591248,False,ok,0.016132399992784485
D1_154_building,rootsift-nn_ratio-r2048-k8192,rootsift,nn_ratio,2048,8192,1300,107_0005_0085.JPG,107_0005_0086.JPG,6166,6254,2383,2324,0.9752412924884599,376.90561141745053,0.96875,0.859375,0.9842873215675354,False,ok,0.06349519998184405
D1_154_building,rootsift-nn_ratio-r2048-k8192,rootsift,nn_ratio,2048,8192,1301,107_0005_0085.JPG,107_0005_0087.JPG,6166,6217,1351,1288,0.9533678756476683,208.8874472915991,0.859375,0.59375,0.9767975807189941,False,ok,0.10100409999722615
D1_154_building,rootsift-nn_ratio-r2048-k8192,rootsift,nn_ratio,2048,8192,1302,107_0005_0085.JPG,107_0005_0088.JPG,6166,6145,744,694,0.9327956989247311,112.9373474369406,0.6875,0.40625,0.9691765904426575,False,ok,0.11099029998877086
D1_154_building,rootsift-nn_ratio-r2048-k8192,rootsift,nn_ratio,2048,8192,1303,107_0005_0085.JPG,107_0005_0089.JPG,6166,6196,344,304,0.8837209302325582,49.302627311060654,0.546875,0.28125,0.9611501693725586,False,ok,0.09087970000109635
D1_154_building,rootsift-nn_ratio-r2048-k8192,rootsift,nn_ratio,2048,8192,1304,107_0005_0085.JPG,107_0005_0090.JPG,6166,6176,137,101,0.7372262773722628,16.380149205319494,0.359375,0.203125,0.9551505446434021,False,ok,0.015588400012347847
D1_154_building,rootsift-nn_ratio-r2048-k8192,rootsift,nn_ratio,2048,8192,1305,107_0005_0085.JPG,107_0005_0091.JPG,6166,6178,89,61,0.6853932584269663,9.892961401232565,0.28125,0.15625,0.9519216418266296,False,ok,0.021856200008187443
D1_154_building,rootsift-nn_ratio-r2048-k8192,rootsift,nn_ratio,2048,8192,1306,107_0005_0085.JPG,107_0005_0092.JPG,6166,6229,158,122,0.7721518987341772,19.78592280246513,0.453125,0.203125,0.9545884728431702,False,ok,0.12116819998482242
D1_154_building,rootsift-nn_ratio-r2048-k8192,rootsift,nn_ratio,2048,8192,1307,107_0005_0085.JPG,107_0005_0093.JPG,6166,6289,190,150,0.7894736842105263,24.32695426532598,0.40625,0.21875,0.9592069387435913,False,ok,0.10322359998826869
D1_154_building,rootsift-nn_ratio-r2048-k8192,rootsift,nn_ratio,2048,8192,1308,107_0005_0085.JPG,107_0005_0098.JPG,6166,6322,162,116,0.7160493827160493,18.81284463185209,0.203125,0.171875,0.9653860926628113,False,ok,0.016606400022283196
D1_154_building,rootsift-nn_ratio-r2048-k8192,rootsift,nn_ratio,2048,8192,1309,107_0005_0085.JPG,107_0005_0099.JPG,6166,6319,182,138,0.7582417582417582,22.3807979240999,0.265625,0.25,0.9671946167945862,False,ok,0.01761199999600649
D1_154_building,rootsift-nn_ratio-r2048-k8192,rootsift,nn_ratio,2048,8192,1310,107_0005_0085.JPG,107_0005_0100.JPG,6166,6291,219,163,0.7442922374429224,26.435290301654234,0.296875,0.28125,0.9660098552703857,False,ok,0.10078730000532232
D1_154_building,rootsift-nn_ratio-r2048-k8192,rootsift,nn_ratio,2048,8192,1311,107_0005_0085.JPG,107_0005_0101.JPG,6166,6238,228,185,0.8114035087719298,30.003243593902045,0.375,0.28125,0.9630394577980042,False,ok,0.12102339998818934
D1_154_building,rootsift-nn_ratio-r2048-k8192,rootsift,nn_ratio,2048,8192,1312,107_0005_0085.JPG,107_0005_0108.JPG,6166,6317,621,569,0.9162640901771336,92.28024651313656,0.515625,0.515625,0.9719377756118774,False,ok,0.06268380000256002
D1_154_building,rootsift-nn_ratio-r2048-k8192,rootsift,nn_ratio,2048,8192,1313,107_0005_0085.JPG,107_0005_0109.JPG,6166,6313,591,532,0.9001692047377327,86.27959779435615,0.40625,0.421875,0.9750832915306091,False,ok,0.022406000003684312
D1_154_building,rootsift-nn_ratio-r2048-k8192,rootsift,nn_ratio,2048,8192,1314,107_0005_0085.JPG,107_0005_0110.JPG,6166,6461,503,421,0.8369781312127237,68.27765163801492,0.359375,0.359375,0.9730514883995056,False,ok,0.018261299992445856
D1_154_building,rootsift-nn_ratio-r2048-k8192,rootsift,nn_ratio,2048,8192,1315,107_0005_0085.JPG,107_0005_0126.JPG,6166,6094,279,232,0.8315412186379928,38.07023301608139,0.296875,0.296875,0.9686359167098999,False,ok,0.028236000012839213
D1_154_building,rootsift-nn_ratio-r2048-k8192,rootsift,nn_ratio,2048,8192,1316,107_0005_0085.JPG,107_0005_0127.JPG,6166,6111,91,55,0.6043956043956044,9.000163639338897,0.140625,0.140625,0.9618622660636902,False,ok,0.02321660000598058
D1_154_building,rootsift-nn_ratio-r2048-k8192,rootsift,nn_ratio,2048,8192,1317,107_0005_0085.JPG,107_0005_0128.JPG,6166,5989,31,9,0.2903225806451613,1.502755050926699,0.125,0.109375,0.9413581490516663,True,ok,0.029738300014287233
D1_154_building,rootsift-nn_ratio-r2048-k8192,rootsift,nn_ratio,2048,8192,1318,107_0005_0086.JPG,107_0005_0087.JPG,6254,6217,2402,2341,0.9746044962531224,376.5481743606241,0.984375,0.859375,0.9833619594573975,False,ok,0.020255599985830486
D1_154_building,rootsift-nn_ratio-r2048-k8192,rootsift,nn_ratio,2048,8192,1319,107_0005_0086.JPG,107_0005_0088.JPG,6254,6145,1325,1274,0.9615094339622642,207.32302685109846,0.84375,0.609375,0.9762849807739258,False,ok,0.022910600004252046
D1_154_building,rootsift-nn_ratio-r2048-k8192,rootsift,nn_ratio,2048,8192,1320,107_0005_0086.JPG,107_0005_0089.JPG,6254,6196,648,597,0.9212962962962963,96.35248547449967,0.734375,0.421875,0.9681956171989441,False,ok,0.01955729999463074
D1_154_building,rootsift-nn_ratio-r2048-k8192,rootsift,nn_ratio,2048,8192,1321,107_0005_0086.JPG,107_0005_0090.JPG,6254,6176,312,269,0.8621794871794872,43.55569948186528,0.5625,0.296875,0.9612730741500854,False,ok,0.03012109998962842
D1_154_building,rootsift-nn_ratio-r2048-k8192,rootsift,nn_ratio,2048,8192,1322,107_0005_0086.JPG,107_0005_0091.JPG,6254,6178,198,165,0.8333333333333334,26.7076723858854,0.40625,0.171875,0.95760178565979,False,ok,0.029114200006006286
D1_154_building,rootsift-nn_ratio-r2048-k8192,rootsift,nn_ratio,2048,8192,1323,107_0005_0086.JPG,107_0005_0092.JPG,6254,6229,312,275,0.8814102564102564,44.14833841708139,0.578125,0.3125,0.9634276032447815,False,ok,0.03170009999303147
D1_154_building,rootsift-nn_ratio-r2048-k8192,rootsift,nn_ratio,2048,8192,1324,107_0005_0086.JPG,107_0005_0093.JPG,6254,6289,342,305,0.8918128654970761,48.76878797569555,0.515625,0.34375,0.9652984738349915,False,ok,0.041512099996907637
D1_154_building,rootsift-nn_ratio-r2048-k8192,rootsift,nn_ratio,2048,8192,1325,107_0005_0086.JPG,107_0005_0094.JPG,6254,6323,339,308,0.9085545722713865,49.24848097217781,0.40625,0.34375,0.9668222665786743,False,ok,0.03226470001391135
D1_154_building,rootsift-nn_ratio-r2048-k8192,rootsift,nn_ratio,2048,8192,1326,107_0005_0086.JPG,107_0005_0097.JPG,6254,6325,140,112,0.8,17.908538535337385,0.171875,0.171875,0.9628533720970154,False,ok,0.03769599998486228
D1_154_building,rootsift-nn_ratio-r2048-k8192,rootsift,nn_ratio,2048,8192,1327,107_0005_0086.JPG,107_0005_0098.JPG,6254,6322,407,355,0.8722358722358723,56.763671250399746,0.28125,0.328125,0.9727387428283691,False,ok,0.08098319999407977
D1_154_building,rootsift-nn_ratio-r2048-k8192,rootsift,nn_ratio,2048,8192,1328,107_0005_0086.JPG,107_0005_0099.JPG,6254,6319,416,340,0.8173076923076923,54.36520626798849,0.34375,0.328125,0.9738373160362244,False,ok,0.1214005000074394
D1_154_building,rootsift-nn_ratio-r2048-k8192,rootsift,nn_ratio,2048,8192,1329,107_0005_0086.JPG,107_0005_0100.JPG,6254,6291,403,338,0.8387096774193549,54.04541093700032,0.5,0.4375,0.9684426188468933,False,ok,0.10070790001191199
D1_154_building,rootsift-nn_ratio-r2048-k8192,rootsift,nn_ratio,2048,8192,1330,107_0005_0086.JPG,107_0005_0101.JPG,6254,6238,363,305,0.8402203856749312,48.89387624238538,0.546875,0.46875,0.9633326530456543,False,ok,0.028833199990913272
D1_154_building,rootsift-nn_ratio-r2048-k8192,rootsift,nn_ratio,2048,8192,1331,107_0005_0086.JPG,107_0005_0102.JPG,6254,6242,259,197,0.7606177606177607,31.56039730855495,0.5,0.375,0.9595350027084351,False,ok,0.025472699984675273
D1_154_building,rootsift-nn_ratio-r2048-k8192,rootsift,nn_ratio,2048,8192,1332,107_0005_0086.JPG,107_0005_0103.JPG,6254,6195,241,182,0.7551867219917012,29.37853107344633,0.5,0.40625,0.9577777981758118,False,ok,0.12106889998540282
D1_154_building,rootsift-nn_ratio-r2048-k8192,rootsift,nn_ratio,2048,8192,1333,107_0005_0086.JPG,107_0005_0128.JPG,6254,5989,200,162,0.81,27.049590916680582,0.203125,0.21875,0.9635062217712402,False,ok,0.10242929999367334
D1_154_building,rootsift-nn_ratio-r2048-k8192,rootsift,nn_ratio,2048,8192,1334,107_0005_0087.JPG,107_0005_0088.JPG,6217,6145,2426,2381,0.9814509480626545,387.4694873881204,1.0,0.875,0.9834795594215393,False,ok,0.11930299998493865
D1_154_building,rootsift-nn_ratio-r2048-k8192,rootsift,nn_ratio,2048,8192,1335,107_0005_0087.JPG,107_0005_0089.JPG,6217,6196,1263,1211,0.9588281868566905,195.44867656552614,0.859375,0.625,0.9756151437759399,False,ok,0.017405099992174655
D1_154_building,rootsift-nn_ratio-r2048-k8192,rootsift,nn_ratio,2048,8192,1336,107_0005_0087.JPG,107_0005_0090.JPG,6217,6176,597,540,0.9045226130653267,87.43523316062176,0.71875,0.421875,0.9692778587341309,False,ok,0.021699799981433898
D1_154_building,rootsift-nn_ratio-r2048-k8192,rootsift,nn_ratio,2048,8192,1337,107_0005_0087.JPG,107_0005_0091.JPG,6217,6178,416,377,0.90625,61.022984784719974,0.625,0.296875,0.9649568796157837,False,ok,0.12111999999615364
D1_154_building,rootsift-nn_ratio-r2048-k8192,rootsift,nn_ratio,2048,8192,1338,107_0005_0087.JPG,107_0005_0092.JPG,6217,6229,597,543,0.9095477386934674,87.34116133183207,0.734375,0.40625,0.9698510766029358,False,ok,0.10094090001075529
D1_154_building,rootsift-nn_ratio-r2048-k8192,rootsift,nn_ratio,2048,8192,1339,107_0005_0087.JPG,107_0005_0093.JPG,6217,6289,637,581,0.9120879120879121,93.4534341322181,0.59375,0.46875,0.9725168347358704,False,ok,0.016514499991899356
D1_154_building,rootsift-nn_ratio-r2048-k8192,rootsift,nn_ratio,2048,8192,1340,107_0005_0087.JPG,107_0005_0094.JPG,6217,6323,597,554,0.9279731993299832,89.11050345825961,0.5,0.421875,0.9711993932723999,False,ok,0.02202430000761524
D1_154_building,rootsift-nn_ratio-r2048-k8192,rootsift,nn_ratio,2048,8192,1341,107_0005_0087.JPG,107_0005_0095.JPG,6217,6475,310,275,0.8870967741935484,44.23355316068844,0.28125,0.296875,0.9667964577674866,False,ok,0.12107630001264624
D1_154_building,rootsift-nn_ratio-r2048-k8192,rootsift,nn_ratio,2048,8192,1342,107_0005_0087.JPG,107_0005_0097.JPG,6217,6325,242,195,0.8057851239669421,31.36561042303362,0.1875,0.203125,0.9642746448516846,False,ok,0.10083809998468496
D1_154_building,rootsift-nn_ratio-r2048-k8192,rootsift,nn_ratio,2048,8192,1343,107_0005_0087.JPG,107_0005_0098.JPG,6217,6322,601,514,0.8552412645590682,82.6765320894322,0.3125,0.34375,0.9767912030220032,False,ok,0.12100420001661405
D1_154_building,rootsift-nn_ratio-r2048-k8192,rootsift,nn_ratio,2048,8192,1344,107_0005_0087.JPG,107_0005_0099.JPG,6217,6319,630,581,0.9222222222222223,93.4534341322181,0.46875,0.484375,0.9762336611747742,False,ok,0.01840749999973923
D1_154_building,rootsift-nn_ratio-r2048-k8192,rootsift,nn_ratio,2048,8192,1345,107_0005_0087.JPG,107_0005_0100.JPG,6217,6291,590,535,0.9067796610169492,86.05436705806659,0.515625,0.546875,0.9717453718185425,False,ok,0.05223070000647567
D1_154_building,rootsift-nn_ratio-r2048-k8192,rootsift,nn_ratio,2048,8192,1346,107_0005_0087.JPG,107_0005_0101.JPG,6217,6238,480,420,0.875,67.55669937268779,0.625,0.578125,0.9663808345794678,False,ok,0.12105240000528283
D1_154_building,rootsift-nn_ratio-r2048-k8192,rootsift,nn_ratio,2048,8192,1347,107_0005_0087.JPG,107_0005_0102.JPG,6217,6242,337,277,0.8219584569732937,44.55525172912981,0.59375,0.546875,0.9603908061981201,False,ok,0.10088789998553693
D1_154_building,rootsift-nn_ratio-r2048-k8192,rootsift,nn_ratio,2048,8192,1348,107_0005_0087.JPG,107_0005_0103.JPG,6217,6195,318,257,0.8081761006289309,41.48506860371267,0.65625,0.546875,0.9599654674530029,False,ok,0.015492500009713694
D1_154_building,rootsift-nn_ratio-r2048-k8192,rootsift,nn_ratio,2048,8192,1349,107_0005_0088.JPG,107_0005_0089.JPG,6145,6196,2363,2315,0.9796868387642826,376.72904800650934,1.0,0.875,0.9837532043457031,False,ok,0.0280231999931857
D1_154_building,rootsift-nn_ratio-r2048-k8192,rootsift,nn_ratio,2048,8192,1350,107_0005_0088.JPG,107_0005_0090.JPG,6145,6176,1225,1148,0.9371428571428572,186.8185516680228,0.875,0.625,0.974391758441925,False,ok,0.10114520002389327
D1_154_building,rootsift-nn_ratio-r2048-k8192,rootsift,nn_ratio,2048,8192,1351,107_0005_0088.JPG,107_0005_0091.JPG,6145,6178,820,758,0.9243902439024391,123.35231895850285,0.78125,0.515625,0.9713279008865356,False,ok,0.1109297999937553
D1_154_building,rootsift-nn_ratio-r2048-k8192,rootsift,nn_ratio,2048,8192,1352,107_0005_0088.JPG,107_0005_0092.JPG,6145,6229,1105,1047,0.9475113122171945,170.38242473555735,0.84375,0.625,0.9760875701904297,False,ok,0.10151179999229498
D1_154_building,rootsift-nn_ratio-r2048-k8192,rootsift,nn_ratio,2048,8192,1353,107_0005_0088.JPG,107_0005_0093.JPG,6145,6289,1080,1029,0.9527777777777777,167.45321399511798,0.6875,0.625,0.9782172441482544,False,ok,0.017883799999253824
D1_154_building,rootsift-nn_ratio-r2048-k8192,rootsift,nn_ratio,2048,8192,1354,107_0005_0088.JPG,107_0005_0094.JPG,6145,6323,788,750,0.9517766497461929,122.05044751830756,0.484375,0.5625,0.9738987684249878,False,ok,0.05246629999601282
D1_154_building,rootsift-nn_ratio-r2048-k8192,rootsift,nn_ratio,2048,8192,1355,107_0005_0088.JPG,107_0005_0095.JPG,6145,6475,345,305,0.8840579710144928,49.63384865744508,0.28125,0.375,0.9641249775886536,False,ok,0.12123699998483062
D1_154_building,rootsift-nn_ratio-r2048-k8192,rootsift,nn_ratio,2048,8192,1356,107_0005_0088.JPG,107_0005_0096.JPG,6145,6365,115,85,0.7391304347826086,13.832384052074858,0.15625,0.1875,0.9568693041801453,False,ok,0.10112420000950806
D1_154_building,rootsift-nn_ratio-r2048-k8192,rootsift,nn_ratio,2048,8192,1357,107_0005_0088.JPG,107_0005_0098.JPG,6145,6322,617,503,0.8152350081037277,81.85516680227828,0.390625,0.453125,0.970319926738739,False,ok,0.016253699985099956
D1_154_building,rootsift-nn_ratio-r2048-k8192,rootsift,nn_ratio,2048,8192,1358,107_0005_0088.JPG,107_0005_0099.JPG,6145,6319,664,584,0.8795180722891566,95.0366151342555,0.46875,0.5,0.9720489978790283,False,ok,0.056156399979954585
D1_154_building,rootsift-nn_ratio-r2048-k8192,rootsift,nn_ratio,2048,8192,1359,107_0005_0088.JPG,107_0005_0100.JPG,6145,6291,657,589,0.8964992389649924,95.85028478437754,0.609375,0.609375,0.9687451720237732,False,ok,0.10085550000076182
D1_154_building,rootsift-nn_ratio-r2048-k8192,rootsift,nn_ratio,2048,8192,1360,107_0005_0089.JPG,107_0005_0090.JPG,6196,6176,2221,2193,0.9873930661864025,355.0841968911917,0.984375,0.875,0.9838166832923889,False,ok,0.12112610001349822
D1_154_building,rootsift-nn_ratio-r2048-k8192,rootsift,nn_ratio,2048,8192,1361,107_0005_0089.JPG,107_0005_0091.JPG,6196,6178,1570,1512,0.9630573248407643,244.73939786338622,0.875,0.703125,0.9784170389175415,False,ok,0.1008334000071045
D1_154_building,rootsift-nn_ratio-r2048-k8192,rootsift,nn_ratio,2048,8192,1362,107_0005_0089.JPG,107_0005_0092.JPG,6196,6229,2030,1987,0.9788177339901478,320.6907682375726,0.859375,0.8125,0.9833298921585083,False,ok,0.017082100006518885
D1_154_building,rootsift-nn_ratio-r2048-k8192,rootsift,nn_ratio,2048,8192,1363,107_0005_0089.JPG,107_0005_0093.JPG,6196,6289,1376,1332,0.9680232558139535,214.97740477727567,0.65625,0.6875,0.9800134897232056,False,ok,0.055943199986359105
D1_154_building,rootsift-nn_ratio-r2048-k8192,rootsift,nn_ratio,2048,8192,1364,107_0005_0089.JPG,107_0005_0094.JPG,6196,6323,775,717,0.9251612903225807,115.71981923821821,0.4375,0.59375,0.9714583158493042,False,ok,0.10089209998841397
D1_154_building,rootsift-nn_ratio-r2048-k8192,rootsift,nn_ratio,2048,8192,1365,107_0005_0089.JPG,107_0005_0095.JPG,6196,6475,307,249,0.8110749185667753,40.18721755971595,0.296875,0.421875,0.9596779346466064,False,ok,0.12087870002142154
D1_154_building,rootsift-nn_ratio-r2048-k8192,rootsift,nn_ratio,2048,8192,1366,107_0005_0089.JPG,107_0005_0096.JPG,6196,6365,134,97,0.7238805970149254,15.65526145900581,0.171875,0.234375,0.9552515745162964,False,ok,0.01858529998571612
D1_154_building,rootsift-nn_ratio-r2048-k8192,rootsift,nn_ratio,2048,8192,1367,107_0005_0089.JPG,107_0005_0097.JPG,6196,6325,241,177,0.7344398340248963,28.56681730148483,0.25,0.34375,0.9583362936973572,False,ok,0.028516999998828396
D1_154_building,rootsift-nn_ratio-r2048-k8192,rootsift,nn_ratio,2048,8192,1368,107_0005_0090.JPG,107_0005_0091.JPG,6176,6178,3069,3047,0.992831541218638,493.36139896373055,1.0,0.875,0.9875195026397705,False,ok,0.10091880001709796
D1_154_building,rootsift-nn_ratio-r2048-k8192,rootsift,nn_ratio,2048,8192,1369,107_0005_0090.JPG,107_0005_0092.JPG,6176,6229,2459,2411,0.9804798698657992,390.38212435233163,0.828125,0.875,0.9847453236579895,False,ok,0.12108340000850148
D1_154_building,rootsift-nn_ratio-r2048-k8192,rootsift,nn_ratio,2048,8192,1370,107_0005_0090.JPG,107_0005_0093.JPG,6176,6289,1251,1176,0.9400479616306955,190.41450777202073,0.546875,0.75,0.9761772751808167,False,ok,0.10144719999516383
D1_154_building,rootsift-nn_ratio-r2048-k8192,rootsift,nn_ratio,2048,8192,1371,107_0005_0090.JPG,107_0005_0094.JPG,6176,6323,615,555,0.9024390243902439,89.86398963730569,0.375,0.59375,0.967937707901001,False,ok,0.016178699996089563
D1_154_building,rootsift-nn_ratio-r2048-k8192,rootsift,nn_ratio,2048,8192,1372,107_0005_0090.JPG,107_0005_0095.JPG,6176,6475,235,201,0.8553191489361702,32.545336787564764,0.265625,0.4375,0.9565767049789429,False,ok,0.021029399998951703
D1_154_building,rootsift-nn_ratio-r2048-k8192,rootsift,nn_ratio,2048,8192,1373,107_0005_0090.JPG,107_0005_0096.JPG,6176,6365,155,117,0.7548387096774194,18.944300518134714,0.140625,0.296875,0.9521652460098267,False,ok,0.11367550000431947
D1_154_building,rootsift-nn_ratio-r2048-k8192,rootsift,nn_ratio,2048,8192,1374,107_0005_0090.JPG,107_0005_0097.JPG,6176,6325,236,164,0.6949152542372882,26.55440414507772,0.28125,0.390625,0.9533721804618835,False,ok,0.10095049999654293
D1_154_building,rootsift-nn_ratio-r2048-k8192,rootsift,nn_ratio,2048,8192,1375,107_0005_0090.JPG,107_0005_0098.JPG,6176,6322,382,284,0.743455497382199,45.984455958549226,0.4375,0.546875,0.9598507881164551,False,ok,0.018616100016515702
D1_154_building,rootsift-nn_ratio-r2048-k8192,rootsift,nn_ratio,2048,8192,1376,107_0005_0091.JPG,107_0005_0092.JPG,6178,6229,2015,1950,0.967741935483871,315.6361281968274,0.734375,0.90625,0.980612576007843,False,ok,0.020559099997626618
D1_154_building,rootsift-nn_ratio-r2048-k8192,rootsift,nn_ratio,2048,8192,1377,107_0005_0091.JPG,107_0005_0093.JPG,6178,6289,1022,944,0.923679060665362,152.8002589834898,0.5,0.703125,0.9723326563835144,False,ok,0.12100859999191016
D1_154_building,rootsift-nn_ratio-r2048-k8192,rootsift,nn_ratio,2048,8192,1378,107_0005_0091.JPG,107_0005_0094.JPG,6178,6323,507,455,0.8974358974358975,73.64842991259307,0.34375,0.578125,0.9640730023384094,False,ok,0.09113919999799691
D1_154_building,rootsift-nn_ratio-r2048-k8192,rootsift,nn_ratio,2048,8192,1379,107_0005_0091.JPG,107_0005_0095.JPG,6178,6475,169,140,0.8284023668639053,22.661055357720944,0.21875,0.390625,0.9546555876731873,False,ok,0.12096820000442676
D1_154_building,rootsift-nn_ratio-r2048-k8192,rootsift,nn_ratio,2048,8192,1380,107_0005_0091.JPG,107_0005_0096.JPG,6178,6365,129,87,0.6744186046511628,14.082227258012301,0.15625,0.265625,0.9498080015182495,False,ok,0.017206399992574006
D1_154_building,rootsift-nn_ratio-r2048-k8192,rootsift,nn_ratio,2048,8192,1381,107_0005_0091.JPG,107_0005_0097.JPG,6178,6325,173,107,0.6184971098265896,17.319520880543866,0.28125,0.359375,0.9506686925888062,False,ok,0.022977699991315603
D1_154_building,rootsift-nn_ratio-r2048-k8192,rootsift,nn_ratio,2048,8192,1382,107_0005_0091.JPG,107_0005_0098.JPG,6178,6322,300,226,0.7533333333333333,36.58141793460667,0.375,0.515625,0.9583089351654053,False,ok,0.12116179999429733
D1_154_building,rootsift-nn_ratio-r2048-k8192,rootsift,nn_ratio,2048,8192,1383,107_0005_0091.JPG,107_0005_0099.JPG,6178,6319,318,261,0.8207547169811321,42.24668177403691,0.4375,0.5625,0.9578037858009338,False,ok,0.09707230000640266
D1_154_building,rootsift-nn_ratio-r2048-k8192,rootsift,nn_ratio,2048,8192,1384,107_0005_0092.JPG,107_0005_0093.JPG,6229,6289,1995,1902,0.9533834586466166,305.3459624337775,0.765625,0.875,0.9822167754173279,False,ok,0.01672129999496974
D1_154_building,rootsift-nn_ratio-r2048-k8192,rootsift,nn_ratio,2048,8192,1385,107_0005_0092.JPG,107_0005_0094.JPG,6229,6323,1041,958,0.920268972142171,153.796757103869,0.53125,0.734375,0.9711388945579529,False,ok,0.09196430002339184
D1_154_building,rootsift-nn_ratio-r2048-k8192,rootsift,nn_ratio,2048,8192,1386,107_0005_0092.JPG,107_0005_0095.JPG,6229,6475,474,396,0.8354430379746836,63.573607320597205,0.359375,0.515625,0.9615264534950256,False,ok,0.09942149999551475
D1_154_building,rootsift-nn_ratio-r2048-k8192,rootsift,nn_ratio,2048,8192,1387,107_0005_0092.JPG,107_0005_0096.JPG,6229,6365,298,220,0.738255033557047,35.318670733665115,0.265625,0.375,0.9579821825027466,False,ok,0.1210502999892924
D1_154_building,rootsift-nn_ratio-r2048-k8192,rootsift,nn_ratio,2048,8192,1388,107_0005_0092.JPG,107_0005_0097.JPG,6229,6325,445,331,0.7438202247191011,53.13854551292342,0.40625,0.484375,0.9575292468070984,False,ok,0.10103890000027604
D1_154_building,rootsift-nn_ratio-r2048-k8192,rootsift,nn_ratio,2048,8192,1389,107_0005_0092.JPG,107_0005_0098.JPG,6229,6322,595,473,0.7949579831932773,75.93514207738,0.5625,0.59375,0.9619479179382324,False,ok,0.017590700008440763
D1_154_building,rootsift-nn_ratio-r2048-k8192,rootsift,nn_ratio,2048,8192,1390,107_0005_0092.JPG,107_0005_0099.JPG,6229,6319,595,499,0.838655462184874,80.10916680044951,0.609375,0.5625,0.9621274471282959,False,ok,0.05392249999567866
D1_154_building,rootsift-nn_ratio-r2048-k8192,rootsift,nn_ratio,2048,8192,1391,107_0005_0092.JPG,107_0005_0100.JPG,6229,6291,532,462,0.868421052631579,74.16920854069674,0.703125,0.625,0.9584246277809143,False,ok,0.10140840001986362
D1_154_building,rootsift-nn_ratio-r2048-k8192,rootsift,nn_ratio,2048,8192,1392,107_0005_0093.JPG,107_0005_0094.JPG,6289,6323,2123,2006,0.9448893075836081,318.9696295118461,0.734375,0.90625,0.9822774529457092,False,ok,0.12115049999556504
D1_154_building,rootsift-nn_ratio-r2048-k8192,rootsift,nn_ratio,2048,8192,1393,107_0005_0093.JPG,107_0005_0095.JPG,6289,6475,1094,920,0.8409506398537477,146.2871680712355,0.5625,0.6875,0.9702339172363281,False,ok,0.016716100013582036
D1_154_building,rootsift-nn_ratio-r2048-k8192,rootsift,nn_ratio,2048,8192,1394,107_0005_0093.JPG,107_0005_0096.JPG,6289,6365,691,516,0.7467438494934877,82.0480203529973,0.421875,0.5,0.9635692834854126,False,ok,0.022288100008154288
D1_154_building,rootsift-nn_ratio-r2048-k8192,rootsift,nn_ratio,2048,8192,1395,107_0005_0093.JPG,107_0005_0097.JPG,6289,6325,1006,847,0.841948310139165,134.6795993003657,0.53125,0.5625,0.9659389853477478,False,ok,0.12111409998033196
D1_154_building,rootsift-nn_ratio-r2048-k8192,rootsift,nn_ratio,2048,8192,1396,107_0005_0093.JPG,107_0005_0098.JPG,6289,6322,1180,1017,0.861864406779661,161.71092383526792,0.671875,0.703125,0.9683955907821655,False,ok,0.0952052999928128
D1_154_building,rootsift-nn_ratio-r2048-k8192,rootsift,nn_ratio,2048,8192,1397,107_0005_0093.JPG,107_0005_0099.JPG,6289,6319,1004,892,0.8884462151394422,141.8349499125457,0.8125,0.703125,0.967680811882019,False,ok,0.12100709998048842
D1_154_building,rootsift-nn_ratio-r2048-k8192,rootsift,nn_ratio,2048,8192,1398,107_0005_0093.JPG,107_0005_0100.JPG,6289,6291,765,666,0.8705882352941177,105.89918906026395,0.828125,0.6875,0.9626983404159546,False,ok,0.01800019998336211
D1_154_building,rootsift-nn_ratio-r2048-k8192,rootsift,nn_ratio,2048,8192,1399,107_0005_0093.JPG,107_0005_0101.JPG,6289,6238,511,433,0.8473581213307241,69.41327348509138,0.71875,0.53125,0.9585846066474915,False,ok,0.03420539997750893
D1_154_building,rootsift-nn_ratio-r2048-k8192,rootsift,nn_ratio,2048,8192,1400,107_0005_0094.JPG,107_0005_0095.JPG,6323,6475,2107,1960,0.9302325581395349,309.9794401391744,0.796875,0.90625,0.9810945987701416,False,ok,0.09457420001854189
D1_154_building,rootsift-nn_ratio-r2048-k8192,rootsift,nn_ratio,2048,8192,1401,107_0005_0094.JPG,107_0005_0096.JPG,6323,6365,1168,862,0.738013698630137,136.32769255100428,0.46875,0.546875,0.9729435443878174,False,ok,0.12107950000790879
D1_154_building,rootsift-nn_ratio-r2048-k8192,rootsift,nn_ratio,2048,8192,1402,107_0005_0094.JPG,107_0005_0097.JPG,6323,6325,1458,1332,0.9135802469135802,210.65949707417366,0.71875,0.71875,0.9760783910751343,False,ok,0.016150399984326214
D1_154_building,rootsift-nn_ratio-r2048-k8192,rootsift,nn_ratio,2048,8192,1403,107_0005_0094.JPG,107_0005_0098.JPG,6323,6322,1384,1262,0.911849710982659,199.62037329958875,0.796875,0.734375,0.9739893078804016,False,ok,0.056048500002361834
D1_154_building,rootsift-nn_ratio-r2048-k8192,rootsift,nn_ratio,2048,8192,1404,107_0005_0094.JPG,107_0005_0099.JPG,6323,6319,1013,889,0.8775913129318855,140.68681753442002,0.796875,0.640625,0.968666672706604,False,ok,0.12102819999563508
D1_154_building,rootsift-nn_ratio-r2048-k8192,rootsift,nn_ratio,2048,8192,1405,107_0005_0094.JPG,107_0005_0100.JPG,6323,6291,666,557,0.8363363363363363,88.53918295978382,0.796875,0.484375,0.9637653827667236,False,ok,0.10105860000476241
D1_154_building,rootsift-nn_ratio-r2048-k8192,rootsift,nn_ratio,2048,8192,1406,107_0005_0094.JPG,107_0005_0101.JPG,6323,6238,390,324,0.8307692307692308,51.93972427059955,0.609375,0.296875,0.9595849514007568,False,ok,0.12106529998709448
D1_154_building,rootsift-nn_ratio-r2048-k8192,rootsift,nn_ratio,2048,8192,1407,107_0005_0094.JPG,107_0005_0102.JPG,6323,6242,158,116,0.7341772151898734,18.583787247677026,0.390625,0.171875,0.9510982632637024,False,ok,0.018124199996236712
D1_154_building,rootsift-nn_ratio-r2048-k8192,rootsift,nn_ratio,2048,8192,1408,107_0005_0095.JPG,107_0005_0096.JPG,6475,6365,1887,1647,0.8728139904610492,258.7588373919874,0.6875,0.71875,0.9817141890525818,False,ok,0.023113700008252636
D1_154_building,rootsift-nn_ratio-r2048-k8192,rootsift,nn_ratio,2048,8192,1409,107_0005_0095.JPG,107_0005_0097.JPG,6475,6325,1813,1674,0.9233314947600662,264.6640316205534,0.796875,0.765625,0.9808520078659058,False,ok,0.12110999997821636
D1_154_building,rootsift-nn_ratio-r2048-k8192,rootsift,nn_ratio,2048,8192,1410,107_0005_0095.JPG,107_0005_0098.JPG,6475,6322,1258,1104,0.8775834658187599,174.62828218918065,0.796875,0.640625,0.9750520586967468,False,ok,0.10106919999816455
D1_154_building,rootsift-nn_ratio-r2048-k8192,rootsift,nn_ratio,2048,8192,1411,107_0005_0095.JPG,107_0005_0099.JPG,6475,6319,803,694,0.8642590286425903,109.82750435195442,0.71875,0.46875,0.968099057674408,False,ok,0.01686790000530891
D1_154_building,rootsift-nn_ratio-r2048-k8192,rootsift,nn_ratio,2048,8192,1412,107_0005_0095.JPG,107_0005_0100.JPG,6475,6291,482,387,0.8029045643153527,61.516452074391985,0.578125,0.28125,0.963033139705658,False,ok,0.02225979999639094
D1_154_building,rootsift-nn_ratio-r2048-k8192,rootsift,nn_ratio,2048,8192,1413,107_0005_0095.JPG,107_0005_0101.JPG,6475,6238,281,224,0.797153024911032,35.90894517473549,0.453125,0.25,0.9580262899398804,False,ok,0.10098659998038784
D1_154_building,rootsift-nn_ratio-r2048-k8192,rootsift,nn_ratio,2048,8192,1414,107_0005_0095.JPG,107_0005_0102.JPG,6475,6242,96,56,0.5833333333333334,8.971483498878564,0.203125,0.078125,0.9470820426940918,False,ok,0.10091880001709796
D1_154_building,rootsift-nn_ratio-r2048-k8192,rootsift,nn_ratio,2048,8192,1415,107_0005_0095.JPG,107_0005_0103.JPG,6475,6195,77,37,0.4805194805194805,5.9725585149313964,0.1875,0.078125,0.9440056085586548,False,ok,0.10091380000812933
D1_154_building,rootsift-nn_ratio-r2048-k8192,rootsift,nn_ratio,2048,8192,1416,107_0005_0096.JPG,107_0005_0097.JPG,6365,6325,1867,1735,0.9292983395822174,274.30830039525694,0.921875,0.75,0.9820556640625,False,ok,0.017995000001974404
D1_154_building,rootsift-nn_ratio-r2048-k8192,rootsift,nn_ratio,2048,8192,1417,107_0005_0096.JPG,107_0005_0098.JPG,6365,6322,1142,989,0.8660245183887916,156.43783612780766,0.71875,0.5625,0.9728424549102783,False,ok,0.021444100013468415
D1_154_building,rootsift-nn_ratio-r2048-k8192,rootsift,nn_ratio,2048,8192,1418,107_0005_0096.JPG,107_0005_0099.JPG,6365,6319,678,585,0.8628318584070797,92.57793954739674,0.625,0.4375,0.9654285311698914,False,ok,0.018706100003328174
D1_154_building,rootsift-nn_ratio-r2048-k8192,rootsift,nn_ratio,2048,8192,1419,107_0005_0096.JPG,107_0005_0100.JPG,6365,6291,366,306,0.8360655737704918,48.640915593705294,0.484375,0.25,0.9603869318962097,False,ok,0.02062090000254102
D1_154_building,rootsift-nn_ratio-r2048-k8192,rootsift,nn_ratio,2048,8192,1420,107_0005_0096.JPG,107_0005_0101.JPG,6365,6238,183,136,0.7431693989071039,21.80185957037512,0.34375,0.125,0.953615128993988,False,ok,0.03301590000046417
D1_154_building,rootsift-nn_ratio-r2048-k8192,rootsift,nn_ratio,2048,8192,1421,107_0005_0096.JPG,107_0005_0102.JPG,6365,6242,51,22,0.43137254901960786,3.524511374559436,0.15625,0.109375,0.9384533166885376,False,ok,0.0388917000091169
D1_154_building,rootsift-nn_ratio-r2048-k8192,rootsift,nn_ratio,2048,8192,1422,107_0005_0096.JPG,107_0005_0103.JPG,6365,6195,39,20,0.5128205128205128,3.228410008071025,0.125,0.0625,0.9407268166542053,False,ok,0.021096300013596192
D1_154_building,rootsift-nn_ratio-r2048-k8192,rootsift,nn_ratio,2048,8192,1423,107_0005_0096.JPG,107_0005_0104.JPG,6365,6218,66,21,0.3181818181818182,3.377291733676423,0.140625,0.078125,0.940893828868866,False,ok,0.01959119999082759
D1_154_building,rootsift-nn_ratio-r2048-k8192,rootsift,nn_ratio,2048,8192,1424,107_0005_0097.JPG,107_0005_0098.JPG,6325,6322,2392,2285,0.955267558528428,361.4362543498893,0.921875,0.828125,0.9841576814651489,False,ok,0.01944919998641126
D1_154_building,rootsift-nn_ratio-r2048-k8192,rootsift,nn_ratio,2048,8192,1425,107_0005_0097.JPG,107_0005_0099.JPG,6325,6319,1450,1325,0.9137931034482759,209.68507675265073,0.78125,0.578125,0.9758861660957336,False,ok,0.02472069999203086
D1_154_building,rootsift-nn_ratio-r2048-k8192,rootsift,nn_ratio,2048,8192,1426,107_0005_0097.JPG,107_0005_0100.JPG,6325,6291,870,766,0.8804597701149425,121.76124622476554,0.65625,0.390625,0.9683641195297241,False,ok,0.022149399999761954
D1_154_building,rootsift-nn_ratio-r2048-k8192,rootsift,nn_ratio,2048,8192,1427,107_0005_0097.JPG,107_0005_0101.JPG,6325,6238,478,413,0.8640167364016736,66.20711766591856,0.515625,0.25,0.9617533087730408,False,ok,0.02069209999172017
D1_154_building,rootsift-nn_ratio-r2048-k8192,rootsift,nn_ratio,2048,8192,1428,107_0005_0097.JPG,107_0005_0102.JPG,6325,6242,174,143,0.8218390804597702,22.909323934636333,0.390625,0.140625,0.9527429938316345,False,ok,0.031261299998732284
D1_154_building,rootsift-nn_ratio-r2048-k8192,rootsift,nn_ratio,2048,8192,1429,107_0005_0097.JPG,107_0005_0103.JPG,6325,6195,150,116,0.7733333333333333,18.724778046811945,0.421875,0.171875,0.9526033401489258,False,ok,0.11572739999974146
D1_154_building,rootsift-nn_ratio-r2048-k8192,rootsift,nn_ratio,2048,8192,1430,107_0005_0097.JPG,107_0005_0104.JPG,6325,6218,162,118,0.7283950617283951,18.97716307494371,0.375,0.125,0.9511597156524658,False,ok,0.1209824999968987
D1_154_building,rootsift-nn_ratio-r2048-k8192,rootsift,nn_ratio,2048,8192,1431,107_0005_0097.JPG,107_0005_0105.JPG,6325,6262,147,106,0.7210884353741497,16.927499201533056,0.375,0.125,0.949127197265625,False,ok,0.10097410000162199
D1_154_building,rootsift-nn_ratio-r2048-k8192,rootsift,nn_ratio,2048,8192,1432,107_0005_0098.JPG,107_0005_0099.JPG,6322,6319,2663,2551,0.9579421704844161,403.70311758189587,0.984375,0.84375,0.9844802618026733,False,ok,0.016875900008017197
D1_154_building,rootsift-nn_ratio-r2048-k8192,rootsift,nn_ratio,2048,8192,1433,107_0005_0098.JPG,107_0005_0100.JPG,6322,6291,1734,1621,0.9348327566320646,257.6696868542362,0.875,0.609375,0.9756062626838684,False,ok,0.1299099999887403
D1_154_building,rootsift-nn_ratio-r2048-k8192,rootsift,nn_ratio,2048,8192,1434,107_0005_0098.JPG,107_0005_0101.JPG,6322,6238,1064,982,0.9229323308270677,157.42225072138507,0.71875,0.4375,0.9683002829551697,False,ok,0.12094960000831634
D1_154_building,rootsift-nn_ratio-r2048-k8192,rootsift,nn_ratio,2048,8192,1435,107_0005_0098.JPG,107_0005_0102.JPG,6322,6242,515,456,0.8854368932038835,73.05350849086831,0.578125,0.265625,0.9593731164932251,False,ok,0.10103460002574138
D1_154_building,rootsift-nn_ratio-r2048-k8192,rootsift,nn_ratio,2048,8192,1436,107_0005_0098.JPG,107_0005_0103.JPG,6322,6195,428,378,0.883177570093458,61.016949152542374,0.578125,0.265625,0.9583743214607239,False,ok,0.09312320000026375
D1_154_building,rootsift-nn_ratio-r2048-k8192,rootsift,nn_ratio,2048,8192,1437,107_0005_0098.JPG,107_0005_0104.JPG,6322,6218,458,394,0.8602620087336245,63.36442586040528,0.578125,0.296875,0.958868682384491,False,ok,0.01909950000117533
D1_154_building,rootsift-nn_ratio-r2048-k8192,rootsift,nn_ratio,2048,8192,1438,107_0005_0098.JPG,107_0005_0105.JPG,6322,6262,346,284,0.8208092485549133,45.352922389013095,0.5,0.234375,0.9559649229049683,False,ok,0.08642589999362826
D1_154_building,rootsift-nn_ratio-r2048-k8192,rootsift,nn_ratio,2048,8192,1439,107_0005_0098.JPG,107_0005_0106.JPG,6322,6256,358,288,0.8044692737430168,46.03580562659847,0.5,0.21875,0.9569799304008484,False,ok,0.12125590001232922
D1_154_building,rootsift-nn_ratio-r2048-k8192,rootsift,nn_ratio,2048,8192,1440,107_0005_0099.JPG,107_0005_0100.JPG,6319,6291,2823,2750,0.9741409847679773,437.13241138133844,0.984375,0.859375,0.984527051448822,False,ok,0.10087860000203364
D1_154_building,rootsift-nn_ratio-r2048-k8192,rootsift,nn_ratio,2048,8192,1441,107_0005_0099.JPG,107_0005_0101.JPG,6319,6238,1810,1754,0.969060773480663,281.1798653414556,0.828125,0.609375,0.9760109782218933,False,ok,0.016599499998847023
D1_154_building,rootsift-nn_ratio-r2048-k8192,rootsift,nn_ratio,2048,8192,1442,107_0005_0099.JPG,107_0005_0102.JPG,6319,6242,1002,945,0.9431137724550899,151.39378404357578,0.703125,0.453125,0.967315137386322,False,ok,0.10110899998107925
D1_154_building,rootsift-nn_ratio-r2048-k8192,rootsift,nn_ratio,2048,8192,1443,107_0005_0099.JPG,107_0005_0103.JPG,6319,6195,871,808,0.9276693455797933,130.42776432606942,0.71875,0.4375,0.9658485054969788,False,ok,0.1208757999993395
D1_154_building,rootsift-nn_ratio-r2048-k8192,rootsift,nn_ratio,2048,8192,1444,107_0005_0099.JPG,107_0005_0104.JPG,6319,6218,880,789,0.8965909090909091,126.8896751366999,0.703125,0.390625,0.9649133682250977,False,ok,0.10096139999222942
D1_154_building,rootsift-nn_ratio-r2048-k8192,rootsift,nn_ratio,2048,8192,1445,107_0005_0099.JPG,107_0005_0105.JPG,6319,6262,624,552,0.8846153846153846,88.15075055892686,0.5625,0.359375,0.9618348479270935,False,ok,0.01898689998779446
D1_154_building,rootsift-nn_ratio-r2048-k8192,rootsift,nn_ratio,2048,8192,1446,107_0005_0099.JPG,107_0005_0106.JPG,6319,6256,651,588,0.9032258064516129,93.98976982097187,0.609375,0.375,0.9620051980018616,False,ok,0.05807180001283996
D1_154_building,rootsift-nn_ratio-r2048-k8192,rootsift,nn_ratio,2048,8192,1447,107_0005_0099.JPG,107_0005_0107.JPG,6319,6308,1045,961,0.9196172248803828,152.34622701331642,0.734375,0.453125,0.9678344130516052,False,ok,0.1111623999895528
D1_154_building,rootsift-nn_ratio-r2048-k8192,rootsift,nn_ratio,2048,8192,1448,107_0005_0100.JPG,107_0005_0101.JPG,6291,6238,2911,2875,0.9876331157677773,460.8848990060917,0.96875,0.859375,0.9855336546897888,False,ok,0.09105480002472177
D1_154_building,rootsift-nn_ratio-r2048-k8192,rootsift,nn_ratio,2048,8192,1449,107_0005_0100.JPG,107_0005_0102.JPG,6291,6242,1804,1769,0.9805986696230599,283.40275552707465,0.84375,0.625,0.9764381051063538,False,ok,0.01570340001489967
D1_154_building,rootsift-nn_ratio-r2048-k8192,rootsift,nn_ratio,2048,8192,1450,107_0005_0100.JPG,107_0005_0103.JPG,6291,6195,1649,1595,0.9672528805336568,257.46569814366427,0.84375,0.625,0.9749210476875305,False,ok,0.06365540000842884
D1_154_building,rootsift-nn_ratio-r2048-k8192,rootsift,nn_ratio,2048,8192,1451,107_0005_0100.JPG,107_0005_0104.JPG,6291,6218,1531,1450,0.9470934030045721,233.19395303956256,0.84375,0.546875,0.9726834893226624,False,ok,0.10082019999390468
D1_154_building,rootsift-nn_ratio-r2048-k8192,rootsift,nn_ratio,2048,8192,1452,107_0005_0100.JPG,107_0005_0105.JPG,6291,6262,1041,971,0.9327569644572526,155.06228042159054,0.703125,0.453125,0.9670544862747192,False,ok,0.117016500007594
D1_154_building,rootsift-nn_ratio-r2048-k8192,rootsift,nn_ratio,2048,8192,1453,107_0005_0100.JPG,107_0005_0106.JPG,6291,6256,1002,937,0.935129740518962,149.77621483375958,0.734375,0.453125,0.967222273349762,False,ok,0.10062720000860281
D1_154_building,rootsift-nn_ratio-r2048-k8192,rootsift,nn_ratio,2048,8192,1454,107_0005_0100.JPG,107_0005_0107.JPG,6291,6308,1442,1397,0.9687933425797504,222.06326498171993,0.8125,0.6875,0.970666229724884,False,ok,0.018460499995853752
D1_154_building,rootsift-nn_ratio-r2048-k8192,rootsift,nn_ratio,2048,8192,1455,107_0005_0100.JPG,107_0005_0108.JPG,6291,6317,1594,1528,0.958594730238394,242.88666348752184,0.796875,0.796875,0.9713600277900696,False,ok,0.05593159998534247
D1_154_building,rootsift-nn_ratio-r2048-k8192,rootsift,nn_ratio,2048,8192,1456,107_0005_0101.JPG,107_0005_0102.JPG,6238,6242,2902,2878,0.9917298414886285,461.3658223789676,0.984375,0.875,0.9853665232658386,False,ok,0.12110179997398518
D1_154_building,rootsift-nn_ratio-r2048-k8192,rootsift,nn_ratio,2048,8192,1457,107_0005_0101.JPG,107_0005_0103.JPG,6238,6195,2676,2651,0.9906576980568012,427.92574656981435,0.984375,0.765625,0.9842307567596436,False,ok,0.1009603000129573
D1_154_building,rootsift-nn_ratio-r2048-k8192,rootsift,nn_ratio,2048,8192,1458,107_0005_0101.JPG,107_0005_0104.JPG,6238,6218,2332,2270,0.9734133790737565,365.0691540688324,0.96875,0.703125,0.9794134497642517,False,ok,0.015849799994612113
D1_154_building,rootsift-nn_ratio-r2048-k8192,rootsift,nn_ratio,2048,8192,1459,107_0005_0101.JPG,107_0005_0105.JPG,6238,6262,1495,1458,0.9752508361204013,233.72875921769798,0.828125,0.65625,0.9712086915969849,False,ok,0.10084640001878142
D1_154_building,rootsift-nn_ratio-r2048-k8192,rootsift,nn_ratio,2048,8192,1460,107_0005_0101.JPG,107_0005_0106.JPG,6238,6256,1460,1416,0.9698630136986301,226.99583199743506,0.84375,0.65625,0.9701938033103943,False,ok,0.120960499974899
D1_154_building,rootsift-nn_ratio-r2048-k8192,rootsift,nn_ratio,2048,8192,1461,107_0005_0101.JPG,107_0005_0107.JPG,6238,6308,1672,1619,0.9683014354066986,259.5383135620391,0.796875,0.8125,0.9713387489318848,False,ok,0.0994934999907855
D1_154_building,rootsift-nn_ratio-r2048-k8192,rootsift,nn_ratio,2048,8192,1462,107_0005_0101.JPG,107_0005_0108.JPG,6238,6317,1344,1287,0.9575892857142857,206.31612696377044,0.609375,0.8125,0.9693761467933655,False,ok,0.037377400003606454
D1_154_building,rootsift-nn_ratio-r2048-k8192,rootsift,nn_ratio,2048,8192,1463,107_0005_0101.JPG,107_0005_0109.JPG,6238,6313,902,851,0.9434589800443459,136.42193010580314,0.46875,0.71875,0.9652658700942993,False,ok,0.05438800001866184
D1_154_building,rootsift-nn_ratio-r2048-k8192,rootsift,nn_ratio,2048,8192,1464,107_0005_0102.JPG,107_0005_0103.JPG,6242,6195,3966,3957,0.9977307110438729,638.7409200968523,1.0,1.0,0.9924156069755554,False,ok,0.12102299998514354
D1_154_building,rootsift-nn_ratio-r2048-k8192,rootsift,nn_ratio,2048,8192,1465,107_0005_0102.JPG,107_0005_0104.JPG,6242,6218,2890,2870,0.9930795847750865,461.5632036024445,0.921875,0.90625,0.9831105470657349,False,ok,0.09746699998504482
D1_154_building,rootsift-nn_ratio-r2048-k8192,rootsift,nn_ratio,2048,8192,1466,107_0005_0102.JPG,107_0005_0105.JPG,6242,6262,1705,1661,0.9741935483870968,266.1006087792374,0.8125,0.796875,0.9717463850975037,False,ok,0.016009400016628206
D1_154_building,rootsift-nn_ratio-r2048-k8192,rootsift,nn_ratio,2048,8192,1467,107_0005_0102.JPG,107_0005_0106.JPG,6242,6256,1656,1607,0.9704106280193237,257.4495354053188,0.8125,0.8125,0.9705138206481934,False,ok,0.08359789999667555
D1_154_building,rootsift-nn_ratio-r2048-k8192,rootsift,nn_ratio,2048,8192,1468,107_0005_0102.JPG,107_0005_0107.JPG,6242,6308,1214,1156,0.9522240527182867,185.19705222685036,0.59375,0.8125,0.9693663716316223,False,ok,0.10092409999924712
D1_154_building,rootsift-nn_ratio-r2048-k8192,rootsift,nn_ratio,2048,8192,1469,107_0005_0102.JPG,107_0005_0108.JPG,6242,6317,882,828,0.9387755102040817,132.64979173341877,0.46875,0.734375,0.9650865197181702,False,ok,0.11104849999537691
D1_154_building,rootsift-nn_ratio-r2048-k8192,rootsift,nn_ratio,2048,8192,1470,107_0005_0102.JPG,107_0005_0109.JPG,6242,6313,468,434,0.9273504273504274,69.52899711630887,0.34375,0.625,0.9603286981582642,False,ok,0.10107740000239573
D1_154_building,rootsift-nn_ratio-r2048-k8192,rootsift,nn_ratio,2048,8192,1471,107_0005_0102.JPG,107_0005_0110.JPG,6242,6461,213,185,0.8685446009389671,29.637936558795257,0.25,0.46875,0.9542925357818604,False,ok,0.018273599998792633
D1_154_building,rootsift-nn_ratio-r2048-k8192,rootsift,nn_ratio,2048,8192,1472,107_0005_0102.JPG,107_0005_0125.JPG,6242,6242,591,509,0.8612521150592216,81.54437680230696,0.640625,0.75,0.9586775302886963,False,ok,0.02020890000858344
D1_154_building,rootsift-nn_ratio-r2048-k8192,rootsift,nn_ratio,2048,8192,1473,107_0005_0103.JPG,107_0005_0104.JPG,6195,6218,2813,2783,0.9893352292925702,449.2332526230831,0.875,0.875,0.9830043911933899,False,ok,0.10087710001971573
D1_154_building,rootsift-nn_ratio-r2048-k8192,rootsift,nn_ratio,2048,8192,1474,107_0005_0103.JPG,107_0005_0105.JPG,6195,6262,1621,1576,0.972239358420728,254.39870863599677,0.796875,0.78125,0.9718931317329407,False,ok,0.11306930001592264
D1_154_building,rootsift-nn_ratio-r2048-k8192,rootsift,nn_ratio,2048,8192,1475,107_0005_0103.JPG,107_0005_0106.JPG,6195,6256,1610,1564,0.9714285714285714,252.46166263115416,0.8125,0.8125,0.9708106517791748,False,ok,0.017573099990841
D1_154_building,rootsift-nn_ratio-r2048-k8192,rootsift,nn_ratio,2048,8192,1476,107_0005_0103.JPG,107_0005_0107.JPG,6195,6308,1134,1083,0.955026455026455,174.818401937046,0.578125,0.796875,0.9687127470970154,False,ok,0.06691329999011941
D1_154_building,rootsift-nn_ratio-r2048-k8192,rootsift,nn_ratio,2048,8192,1477,107_0005_0103.JPG,107_0005_0108.JPG,6195,6317,792,748,0.9444444444444444,120.74253430185634,0.46875,0.734375,0.9640934467315674,False,ok,0.10099879998597316
D1_154_building,rootsift-nn_ratio-r2048-k8192,rootsift,nn_ratio,2048,8192,1478,107_0005_0103.JPG,107_0005_0109.JPG,6195,6313,417,378,0.9064748201438849,61.016949152542374,0.328125,0.609375,0.9590386748313904,False,ok,0.12111879998701625
D1_154_building,rootsift-nn_ratio-r2048-k8192,rootsift,nn_ratio,2048,8192,1479,107_0005_0103.JPG,107_0005_0110.JPG,6195,6461,180,154,0.8555555555555555,24.858757062146893,0.25,0.453125,0.955804169178009,False,ok,0.10135139999329112
D1_154_building,rootsift-nn_ratio-r2048-k8192,rootsift,nn_ratio,2048,8192,1480,107_0005_0103.JPG,107_0005_0111.JPG,6195,6473,62,38,0.6129032258064516,6.133979015334948,0.15625,0.3125,0.9477375745773315,False,ok,0.018406499992124736
D1_154_building,rootsift-nn_ratio-r2048-k8192,rootsift,nn_ratio,2048,8192,1481,107_0005_0103.JPG,107_0005_0125.JPG,6195,6242,538,472,0.8773234200743495,76.19047619047619,0.625,0.765625,0.9573875665664673,False,ok,0.055789199977880344
D1_154_building,rootsift-nn_ratio-r2048-k8192,rootsift,nn_ratio,2048,8192,1482,107_0005_0104.JPG,107_0005_0105.JPG,6218,6262,2903,2875,0.9903548053737513,462.3673206818913,0.9375,0.921875,0.9845690727233887,False,ok,0.10095759999239817
D1_154_building,rootsift-nn_ratio-r2048-k8192,rootsift,nn_ratio,2048,8192,1483,107_0005_0104.JPG,107_0005_0106.JPG,6218,6256,2906,2875,0.9893324156916724,462.3673206818913,0.953125,0.953125,0.9835594892501831,False,ok,0.11611959998845123
D1_154_building,rootsift-nn_ratio-r2048-k8192,rootsift,nn_ratio,2048,8192,1484,107_0005_0104.JPG,107_0005_0107.JPG,6218,6308,2026,1978,0.9763079960513327,318.1087166291412,0.671875,0.96875,0.978654682636261,False,ok,0.016248100000666454
D1_154_building,rootsift-nn_ratio-r2048-k8192,rootsift,nn_ratio,2048,8192,1485,107_0005_0104.JPG,107_0005_0108.JPG,6218,6317,1310,1242,0.9480916030534351,199.74268253457703,0.546875,0.859375,0.971367359161377,False,ok,0.055089600005885586
D1_154_building,rootsift-nn_ratio-r2048-k8192,rootsift,nn_ratio,2048,8192,1486,107_0005_0104.JPG,107_0005_0109.JPG,6218,6313,684,641,0.9371345029239766,103.08780958507559,0.421875,0.71875,0.9640108346939087,False,ok,0.10105820000171661
D1_154_building,rootsift-nn_ratio-r2048-k8192,rootsift,nn_ratio,2048,8192,1487,107_0005_0104.JPG,107_0005_0110.JPG,6218,6461,279,248,0.8888888888888888,39.88420714055967,0.296875,0.5,0.9580159187316895,False,ok,0.11909329998889007
D1_154_building,rootsift-nn_ratio-r2048-k8192,rootsift,nn_ratio,2048,8192,1488,107_0005_0104.JPG,107_0005_0111.JPG,6218,6473,88,58,0.6590909090909091,9.327758121582502,0.15625,0.3125,0.9507806301116943,False,ok,0.10092160000931472
D1_154_building,rootsift-nn_ratio-r2048-k8192,rootsift,nn_ratio,2048,8192,1489,107_0005_0104.JPG,107_0005_0112.JPG,6218,6392,35,17,0.4857142857142857,2.7339980701190094,0.078125,0.109375,0.9453468322753906,False,ok,0.019228800025302917
D1_154_building,rootsift-nn_ratio-r2048-k8192,rootsift,nn_ratio,2048,8192,1490,107_0005_0104.JPG,107_0005_0122.JPG,6218,6249,705,654,0.9276595744680851,105.17851399163719,0.65625,0.65625,0.9597856998443604,False,ok,0.06294319999869913
D1_154_building,rootsift-nn_ratio-r2048-k8192,rootsift,nn_ratio,2048,8192,1491,107_0005_0104.JPG,107_0005_0123.JPG,6218,6267,734,685,0.9332425068119891,110.16403988420714,0.6875,0.671875,0.9603898525238037,False,ok,0.11401970000588335
D1_154_building,rootsift-nn_ratio-r2048-k8192,rootsift,nn_ratio,2048,8192,1492,107_0005_0104.JPG,107_0005_0124.JPG,6218,6209,1148,1081,0.9416376306620209,174.10210984055402,0.703125,0.828125,0.9637307524681091,False,ok,0.10091929999180138
D1_154_building,rootsift-nn_ratio-r2048-k8192,rootsift,nn_ratio,2048,8192,1493,107_0005_0104.JPG,107_0005_0125.JPG,6218,6242,1126,991,0.8801065719360568,159.3760051463493,0.734375,0.859375,0.9637633562088013,False,ok,0.01654079998843372
D1_154_building,rootsift-nn_ratio-r2048-k8192,rootsift,nn_ratio,2048,8192,1494,107_0005_0104.JPG,107_0005_0126.JPG,6218,6094,723,633,0.8755186721991701,103.87266163439449,0.578125,0.78125,0.960677981376648,False,ok,0.03047490000608377
D1_154_building,rootsift-nn_ratio-r2048-k8192,rootsift,nn_ratio,2048,8192,1495,107_0005_0105.JPG,107_0005_0106.JPG,6262,6256,3976,3966,0.9974849094567404,633.9514066496164,1.0,1.0,0.9922816753387451,False,ok,0.12102500000037253
D1_154_building,rootsift-nn_ratio-r2048-k8192,rootsift,nn_ratio,2048,8192,1496,107_0005_0105.JPG,107_0005_0107.JPG,6262,6308,2638,2609,0.9890068233510235,416.6400511018844,0.765625,0.984375,0.9842349886894226,False,ok,0.10115190001670271
D1_154_building,rootsift-nn_ratio-r2048-k8192,rootsift,nn_ratio,2048,8192,1497,107_0005_0105.JPG,107_0005_0108.JPG,6262,6317,1605,1553,0.967601246105919,248.00383264132864,0.609375,0.859375,0.9751359820365906,False,ok,0.1211399000021629
D1_154_building,rootsift-nn_ratio-r2048-k8192,rootsift,nn_ratio,2048,8192,1498,107_0005_0105.JPG,107_0005_0109.JPG,6262,6313,866,802,0.9260969976905312,128.0740977323539,0.453125,0.734375,0.9667458534240723,False,ok,0.017856799997389317
D1_154_building,rootsift-nn_ratio-r2048-k8192,rootsift,nn_ratio,2048,8192,1499,107_0005_0105.JPG,107_0005_0110.JPG,6262,6461,408,333,0.8161764705882353,53.17789843500479,0.296875,0.515625,0.9596275091171265,False,ok,0.022502299980260432
D1_154_building,rootsift-nn_ratio-r2048-k8192,rootsift,nn_ratio,2048,8192,1500,107_0005_0105.JPG,107_0005_0111.JPG,6262,6473,123,91,0.7398373983739838,14.532098371127436,0.171875,0.328125,0.9534861445426941,False,ok,0.12119919998804107
D1_154_building,rootsift-nn_ratio-r2048-k8192,rootsift,nn_ratio,2048,8192,1501,107_0005_0105.JPG,107_0005_0112.JPG,6262,6392,58,32,0.5517241379310345,5.110188438198659,0.078125,0.1875,0.9459128975868225,False,ok,0.12103309997473843
D1_154_building,rootsift-nn_ratio-r2048-k8192,rootsift,nn_ratio,2048,8192,1502,107_0005_0105.JPG,107_0005_0113.JPG,6262,6395,61,30,0.4918032786885246,4.790801660811242,0.0625,0.15625,0.9452852606773376,False,ok,0.015784199989866465
D1_154_building,rootsift-nn_ratio-r2048-k8192,rootsift,nn_ratio,2048,8192,1503,107_0005_0105.JPG,107_0005_0121.JPG,6262,6236,1190,1133,0.9521008403361344,181.686978832585,0.59375,0.8125,0.9673858880996704,False,ok,0.0608273999823723
D1_154_building,rootsift-nn_ratio-r2048-k8192,rootsift,nn_ratio,2048,8192,1504,107_0005_0105.JPG,107_0005_0122.JPG,6262,6249,1512,1459,0.96494708994709,233.47735637702033,0.796875,0.78125,0.9694581031799316,False,ok,0.1009022000071127
D1_154_building,rootsift-nn_ratio-r2048-k8192,rootsift,nn_ratio,2048,8192,1505,107_0005_0105.JPG,107_0005_0123.JPG,6262,6267,1598,1549,0.9693366708385481,247.36505908655383,0.8125,0.796875,0.9698488116264343,False,ok,0.1215004000114277
D1_154_building,rootsift-nn_ratio-r2048-k8192,rootsift,nn_ratio,2048,8192,1506,107_0005_0105.JPG,107_0005_0124.JPG,6262,6209,2052,1946,0.9483430799220273,313.4160090191657,0.8125,0.9375,0.9721842408180237,False,ok,0.10081020000507124
D1_154_building,rootsift-nn_ratio-r2048-k8192,rootsift,nn_ratio,2048,8192,1507,107_0005_0105.JPG,107_0005_0125.JPG,6262,6242,1551,1456,0.938749194068343,233.25857097084267,0.671875,0.875,0.9691414833068848,False,ok,0.01793950001592748
D1_154_building,rootsift-nn_ratio-r2048-k8192,rootsift,nn_ratio,2048,8192,1508,107_0005_0106.JPG,107_0005_0107.JPG,6256,6308,2659,2620,0.9853328318916886,418.7979539641944,0.75,0.984375,0.9845206141471863,False,ok,0.061509699997259304
D1_154_building,rootsift-nn_ratio-r2048-k8192,rootsift,nn_ratio,2048,8192,1509,107_0005_0106.JPG,107_0005_0108.JPG,6256,6317,1633,1574,0.9638701775872627,251.59846547314578,0.609375,0.859375,0.9753230214118958,False,ok,0.1107715999823995
D1_154_building,rootsift-nn_ratio-r2048-k8192,rootsift,nn_ratio,2048,8192,1510,107_0005_0106.JPG,107_0005_0109.JPG,6256,6313,881,814,0.923950056753689,130.11508951406648,0.4375,0.734375,0.9668099284172058,False,ok,0.09987129998626187
D1_154_building,rootsift-nn_ratio-r2048-k8192,rootsift,nn_ratio,2048,8192,1511,107_0005_0106.JPG,107_0005_0110.JPG,6256,6461,398,340,0.8542713567839196,54.34782608695652,0.28125,0.546875,0.9601624608039856,False,ok,0.016461599996546283
D1_154_building,rootsift-nn_ratio-r2048-k8192,rootsift,nn_ratio,2048,8192,1512,107_0005_0106.JPG,107_0005_0111.JPG,6256,6473,142,97,0.6830985915492958,15.505115089514067,0.15625,0.359375,0.9528458118438721,False,ok,0.02941740001551807
D1_154_building,rootsift-nn_ratio-r2048-k8192,rootsift,nn_ratio,2048,8192,1513,107_0005_0106.JPG,107_0005_0112.JPG,6256,6392,54,28,0.5185185185185185,4.475703324808184,0.078125,0.140625,0.9466469883918762,False,ok,0.10297790000913665
D1_154_building,rootsift-nn_ratio-r2048-k8192,rootsift,nn_ratio,2048,8192,1514,107_0005_0106.JPG,107_0005_0113.JPG,6256,6395,60,26,0.43333333333333335,4.156010230179028,0.078125,0.140625,0.9461524486541748,False,ok,0.12098330000299029
D1_154_building,rootsift-nn_ratio-r2048-k8192,rootsift,nn_ratio,2048,8192,1515,107_0005_0106.JPG,107_0005_0114.JPG,6256,6327,54,22,0.4074074074074074,3.516624040920716,0.078125,0.125,0.9446783661842346,False,ok,0.09986859999480657
D1_154_building,rootsift-nn_ratio-r2048-k8192,rootsift,nn_ratio,2048,8192,1516,107_0005_0106.JPG,107_0005_0121.JPG,6256,6236,1228,1181,0.9617263843648208,189.38422065426556,0.578125,0.78125,0.9682211875915527,False,ok,0.01787120001972653
D1_154_building,rootsift-nn_ratio-r2048-k8192,rootsift,nn_ratio,2048,8192,1517,107_0005_0106.JPG,107_0005_0122.JPG,6256,6249,1575,1524,0.9676190476190476,243.87902064330294,0.796875,0.765625,0.9704133868217468,False,ok,0.01966230000834912
D1_154_building,rootsift-nn_ratio-r2048-k8192,rootsift,nn_ratio,2048,8192,1518,107_0005_0106.JPG,107_0005_0123.JPG,6256,6267,1623,1574,0.9698089956869994,251.59846547314578,0.796875,0.765625,0.9706922769546509,False,ok,0.01862059999257326
D1_154_building,rootsift-nn_ratio-r2048-k8192,rootsift,nn_ratio,2048,8192,1519,107_0005_0106.JPG,107_0005_0124.JPG,6256,6209,2099,2022,0.963315864697475,325.65630536318247,0.796875,0.9375,0.9737071394920349,False,ok,0.018875199981266633
D1_154_building,rootsift-nn_ratio-r2048-k8192,rootsift,nn_ratio,2048,8192,1520,107_0005_0106.JPG,107_0005_0125.JPG,6256,6242,1666,1601,0.960984393757503,256.48830503043894,0.6875,0.890625,0.9699735641479492,False,ok,0.024200100015150383
D1_154_building,rootsift-nn_ratio-r2048-k8192,rootsift,nn_ratio,2048,8192,1521,107_0005_0107.JPG,107_0005_0108.JPG,6308,6317,2825,2793,0.9886725663716814,442.7710843373494,0.859375,1.0,0.9859102964401245,False,ok,0.02007850000518374
D1_154_building,rootsift-nn_ratio-r2048-k8192,rootsift,nn_ratio,2048,8192,1522,107_0005_0107.JPG,107_0005_0109.JPG,6308,6313,1726,1648,0.9548088064889919,261.25554850982877,0.609375,0.875,0.9769303202629089,False,ok,0.02246390000800602
D1_154_building,rootsift-nn_ratio-r2048-k8192,rootsift,nn_ratio,2048,8192,1523,107_0005_0107.JPG,107_0005_0110.JPG,6308,6461,992,896,0.9032258064516129,142.04185161699428,0.46875,0.703125,0.9687599539756775,False,ok,0.029467999993357807
D1_154_building,rootsift-nn_ratio-r2048-k8192,rootsift,nn_ratio,2048,8192,1524,107_0005_0107.JPG,107_0005_0111.JPG,6308,6473,434,368,0.847926267281106,58.33861762840837,0.265625,0.546875,0.9622905850410461,False,ok,0.033286499994574115
D1_154_building,rootsift-nn_ratio-r2048-k8192,rootsift,nn_ratio,2048,8192,1525,107_0005_0107.JPG,107_0005_0112.JPG,6308,6392,198,154,0.7777777777777778,24.413443246670894,0.15625,0.375,0.9560147523880005,False,ok,0.035482200008118525
D1_154_building,rootsift-nn_ratio-r2048-k8192,rootsift,nn_ratio,2048,8192,1526,107_0005_0107.JPG,107_0005_0113.JPG,6308,6395,212,158,0.7452830188679245,25.04755865567533,0.140625,0.390625,0.9552696943283081,False,ok,0.03547149998485111
D1_154_building,rootsift-nn_ratio-r2048-k8192,rootsift,nn_ratio,2048,8192,1527,107_0005_0107.JPG,107_0005_0114.JPG,6308,6327,140,102,0.7285714285714285,16.16994292961319,0.15625,0.375,0.9523451924324036,False,ok,0.035065700008999556
D1_154_building,rootsift-nn_ratio-r2048-k8192,rootsift,nn_ratio,2048,8192,1528,107_0005_0107.JPG,107_0005_0115.JPG,6308,6348,112,62,0.5535714285714286,9.828788839568801,0.140625,0.296875,0.948715329170227,False,ok,0.03418410001904704
D1_154_building,rootsift-nn_ratio-r2048-k8192,rootsift,nn_ratio,2048,8192,1529,107_0005_0107.JPG,107_0005_0120.JPG,6308,6334,1311,1260,0.9610983981693364,199.7463538363982,0.671875,0.828125,0.9692680835723877,False,ok,0.03630119998706505
D1_154_building,rootsift-nn_ratio-r2048-k8192,rootsift,nn_ratio,2048,8192,1530,107_0005_0107.JPG,107_0005_0121.JPG,6308,6236,1627,1562,0.9600491702519975,250.48107761385504,0.8125,0.78125,0.9713414907455444,False,ok,0.030490600009215996
D1_154_building,rootsift-nn_ratio-r2048-k8192,rootsift,nn_ratio,2048,8192,1531,107_0005_0107.JPG,107_0005_0122.JPG,6308,6249,1360,1300,0.9558823529411765,208.03328532565212,0.828125,0.65625,0.9696933627128601,False,ok,0.0245946999930311
D1_154_building,rootsift-nn_ratio-r2048-k8192,rootsift,nn_ratio,2048,8192,1532,107_0005_0107.JPG,107_0005_0123.JPG,6308,6267,1386,1334,0.9624819624819625,212.8610180309558,0.828125,0.65625,0.9702708721160889,False,ok,0.02597970000351779
D1_154_building,rootsift-nn_ratio-r2048-k8192,rootsift,nn_ratio,2048,8192,1533,107_0005_0107.JPG,107_0005_0124.JPG,6308,6209,2530,2491,0.9845849802371541,401.1918183282332,0.96875,0.921875,0.9778592586517334,False,ok,0.1331722000031732
D1_154_building,rootsift-nn_ratio-r2048-k8192,rootsift,nn_ratio,2048,8192,1534,107_0005_0107.JPG,107_0005_0125.JPG,6308,6242,2297,2227,0.9695254680017414,356.7766741429029,0.859375,0.921875,0.9788510799407959,False,ok,0.12107709998963401
D1_154_building,rootsift-nn_ratio-r2048-k8192,rootsift,nn_ratio,2048,8192,1535,107_0005_0107.JPG,107_0005_0126.JPG,6308,6094,1609,1447,0.8993163455562461,237.4466688546111,0.578125,0.6875,0.972456693649292,False,ok,0.1006684000021778
D1_154_building,rootsift-nn_ratio-r2048-k8192,rootsift,nn_ratio,2048,8192,1536,107_0005_0107.JPG,107_0005_0127.JPG,6308,6111,909,770,0.847084708470847,126.00229095074457,0.46875,0.59375,0.9654672741889954,False,ok,0.017958999989787117
D1_154_building,rootsift-nn_ratio-r2048-k8192,rootsift,nn_ratio,2048,8192,1537,107_0005_0108.JPG,107_0005_0109.JPG,6317,6313,2747,2665,0.9701492537313433,422.1447806114367,0.875,1.0,0.9854699373245239,False,ok,0.021265999996103346
D1_154_building,rootsift-nn_ratio-r2048-k8192,rootsift,nn_ratio,2048,8192,1538,107_0005_0108.JPG,107_0005_0110.JPG,6317,6461,1618,1500,0.927070457354759,237.4544878898211,0.625,0.84375,0.9760923385620117,False,ok,0.12153219999163412
D1_154_building,rootsift-nn_ratio-r2048-k8192,rootsift,nn_ratio,2048,8192,1539,107_0005_0108.JPG,107_0005_0111.JPG,6317,6473,831,723,0.8700361010830325,114.45306316289378,0.421875,0.671875,0.9681829810142517,False,ok,0.12099989998387173
D1_154_building,rootsift-nn_ratio-r2048-k8192,rootsift,nn_ratio,2048,8192,1540,107_0005_0108.JPG,107_0005_0112.JPG,6317,6392,419,334,0.7971360381861575,52.87319930346683,0.234375,0.5,0.9612509608268738,False,ok,0.10093860002234578
D1_154_building,rootsift-nn_ratio-r2048-k8192,rootsift,nn_ratio,2048,8192,1541,107_0005_0108.JPG,107_0005_0113.JPG,6317,6395,412,333,0.808252427184466,52.714896311540286,0.21875,0.53125,0.9609575271606445,False,ok,0.018492599978344515
D1_154_building,rootsift-nn_ratio-r2048-k8192,rootsift,nn_ratio,2048,8192,1542,107_0005_0108.JPG,107_0005_0114.JPG,6317,6327,316,236,0.7468354430379747,37.35950609466519,0.25,0.5,0.9575189352035522,False,ok,0.02023300001746975
D1_154_building,rootsift-nn_ratio-r2048-k8192,rootsift,nn_ratio,2048,8192,1543,107_0005_0108.JPG,107_0005_0115.JPG,6317,6348,195,133,0.6820512820512821,21.054297926230806,0.234375,0.390625,0.9544998407363892,False,ok,0.12121539999498054
D1_154_building,rootsift-nn_ratio-r2048-k8192,rootsift,nn_ratio,2048,8192,1544,107_0005_0108.JPG,107_0005_0116.JPG,6317,6381,216,147,0.6805555555555556,23.27053981320247,0.203125,0.46875,0.9531915187835693,False,ok,0.12092110002413392
D1_154_building,rootsift-nn_ratio-r2048-k8192,rootsift,nn_ratio,2048,8192,1545,107_0005_0108.JPG,107_0005_0121.JPG,6317,6236,1220,1166,0.9557377049180328,186.97883258499039,0.84375,0.609375,0.9695260524749756,False,ok,0.01656590000493452
D1_154_building,rootsift-nn_ratio-r2048-k8192,rootsift,nn_ratio,2048,8192,1546,107_0005_0108.JPG,107_0005_0122.JPG,6317,6249,909,830,0.9130913091309131,132.82125140022404,0.71875,0.453125,0.9659464955329895,False,ok,0.05726719999802299
D1_154_building,rootsift-nn_ratio-r2048-k8192,rootsift,nn_ratio,2048,8192,1547,107_0005_0108.JPG,107_0005_0123.JPG,6317,6267,940,871,0.926595744680851,138.9819690441998,0.734375,0.453125,0.9663209319114685,False,ok,0.12129039998399094
D1_154_building,rootsift-nn_ratio-r2048-k8192,rootsift,nn_ratio,2048,8192,1548,107_0005_0108.JPG,107_0005_0124.JPG,6317,6209,1973,1893,0.9594526102382159,304.88001288452244,0.9375,0.734375,0.9766393899917603,False,ok,0.10106180000002496
D1_154_building,rootsift-nn_ratio-r2048-k8192,rootsift,nn_ratio,2048,8192,1549,107_0005_0108.JPG,107_0005_0125.JPG,6317,6242,2266,2223,0.9810238305383936,356.135853892983,0.921875,0.84375,0.9815399050712585,False,ok,0.12093440000899136
D1_154_building,rootsift-nn_ratio-r2048-k8192,rootsift,nn_ratio,2048,8192,1550,107_0005_0108.JPG,107_0005_0126.JPG,6317,6094,1904,1802,0.9464285714285714,295.70068920249423,0.6875,0.703125,0.9805366396903992,False,ok,0.017591800016816705
D1_154_building,rootsift-nn_ratio-r2048-k8192,rootsift,nn_ratio,2048,8192,1551,107_0005_0108.JPG,107_0005_0127.JPG,6317,6111,1262,1108,0.8779714738510301,181.31238749795452,0.5,0.609375,0.9728310108184814,False,ok,0.02041339999414049
D1_154_building,rootsift-nn_ratio-r2048-k8192,rootsift,nn_ratio,2048,8192,1552,107_0005_0108.JPG,107_0005_0128.JPG,6317,5989,871,734,0.8427095292766934,122.55802304224412,0.421875,0.53125,0.9681557416915894,False,ok,0.10096119999070652
D1_154_building,rootsift-nn_ratio-r2048-k8192,rootsift,nn_ratio,2048,8192,1553,107_0005_0109.JPG,107_0005_0110.JPG,6313,6461,2575,2453,0.9526213592233009,388.563282116268,0.875,0.953125,0.9843920469284058,False,ok,0.11152700000093319
D1_154_building,rootsift-nn_ratio-r2048-k8192,rootsift,nn_ratio,2048,8192,1554,107_0005_0109.JPG,107_0005_0111.JPG,6313,6473,1378,1240,0.8998548621190131,196.4200855377792,0.59375,0.78125,0.975416362285614,False,ok,0.0173435999895446
D1_154_building,rootsift-nn_ratio-r2048-k8192,rootsift,nn_ratio,2048,8192,1555,107_0005_0109.JPG,107_0005_0112.JPG,6313,6392,740,632,0.8540540540540541,100.11088230635197,0.390625,0.640625,0.96755450963974,False,ok,0.046808999992208555
D1_154_building,rootsift-nn_ratio-r2048-k8192,rootsift,nn_ratio,2048,8192,1556,107_0005_0109.JPG,107_0005_0113.JPG,6313,6395,741,620,0.8367071524966262,98.2100427688896,0.40625,0.640625,0.9670587778091431,False,ok,0.11091010001837276
D1_154_building,rootsift-nn_ratio-r2048-k8192,rootsift,nn_ratio,2048,8192,1557,107_0005_0109.JPG,107_0005_0114.JPG,6313,6327,577,463,0.8024263431542461,73.34072548709013,0.34375,0.578125,0.9646124243736267,False,ok,0.10097970001515932
D1_154_building,rootsift-nn_ratio-r2048-k8192,rootsift,nn_ratio,2048,8192,1558,107_0005_0109.JPG,107_0005_0115.JPG,6313,6348,363,298,0.8209366391184573,47.204181846982415,0.25,0.5,0.9612590670585632,False,ok,0.12131469999440014
D1_154_building,rootsift-nn_ratio-r2048-k8192,rootsift,nn_ratio,2048,8192,1559,107_0005_0109.JPG,107_0005_0116.JPG,6313,6381,378,305,0.8068783068783069,48.31300491050214,0.296875,0.53125,0.9603574275970459,False,ok,0.01821920002112165
D1_154_building,rootsift-nn_ratio-r2048-k8192,rootsift,nn_ratio,2048,8192,1560,107_0005_0109.JPG,107_0005_0117.JPG,6313,6474,620,546,0.8806451612903226,86.48819895453825,0.390625,0.640625,0.9654921293258667,False,ok,0.054267600004095584
D1_154_building,rootsift-nn_ratio-r2048-k8192,rootsift,nn_ratio,2048,8192,1561,107_0005_0109.JPG,107_0005_0124.JPG,6313,6209,1251,1131,0.9040767386091128,182.15493638267031,0.78125,0.53125,0.9717037081718445,False,ok,0.10091360000660643
D1_154_building,rootsift-nn_ratio-r2048-k8192,rootsift,nn_ratio,2048,8192,1562,107_0005_0109.JPG,107_0005_0125.JPG,6313,6242,1683,1550,0.9209744503862151,248.31784684396027,0.8125,0.625,0.978449285030365,False,ok,0.12083460000576451
D1_154_building,rootsift-nn_ratio-r2048-k8192,rootsift,nn_ratio,2048,8192,1563,107_0005_0109.JPG,107_0005_0126.JPG,6313,6094,1769,1572,0.8886376483889203,257.9586478503446,0.625,0.609375,0.9829078316688538,False,ok,0.01521470001898706
D1_154_building,rootsift-nn_ratio-r2048-k8192,rootsift,nn_ratio,2048,8192,1564,107_0005_0109.JPG,107_0005_0127.JPG,6313,6111,1485,1266,0.8525252525252526,207.1674030436917,0.515625,0.546875,0.9803572297096252,False,ok,0.06412840000120923
D1_154_building,rootsift-nn_ratio-r2048-k8192,rootsift,nn_ratio,2048,8192,1565,107_0005_0109.JPG,107_0005_0128.JPG,6313,5989,998,896,0.8977955911823647,149.6076139589247,0.375,0.421875,0.9746834635734558,False,ok,0.10087890000431798
D1_154_building,rootsift-nn_ratio-r2048-k8192,rootsift,nn_ratio,2048,8192,1566,107_0005_0109.JPG,107_0005_0129.JPG,6313,6011,1024,947,0.9248046875,157.54450174679755,0.484375,0.484375,0.9720518589019775,False,ok,0.12154229998122901
D1_154_building,rootsift-nn_ratio-r2048-k8192,rootsift,nn_ratio,2048,8192,1567,107_0005_0110.JPG,107_0005_0111.JPG,6461,6473,2222,2091,0.9410441044104411,323.6341123665067,0.84375,0.96875,0.9835363030433655,False,ok,0.10092739999527112
D1_154_building,rootsift-nn_ratio-r2048-k8192,rootsift,nn_ratio,2048,8192,1568,107_0005_0110.JPG,107_0005_0112.JPG,6461,6392,1252,1127,0.9001597444089456,176.31414267834793,0.625,0.828125,0.9757001399993896,False,ok,0.019690900022396818
D1_154_building,rootsift-nn_ratio-r2048-k8192,rootsift,nn_ratio,2048,8192,1569,107_0005_0110.JPG,107_0005_0113.JPG,6461,6395,1246,1117,0.8964686998394864,174.6677091477717,0.609375,0.796875,0.9751816987991333,False,ok,0.022313800000119954
D1_154_building,rootsift-nn_ratio-r2048-k8192,rootsift,nn_ratio,2048,8192,1570,107_0005_0110.JPG,107_0005_0114.JPG,6461,6327,890,793,0.8910112359550562,125.33586217796744,0.515625,0.765625,0.9711663126945496,False,ok,0.10745830001542345
D1_154_building,rootsift-nn_ratio-r2048-k8192,rootsift,nn_ratio,2048,8192,1571,107_0005_0110.JPG,107_0005_0115.JPG,6461,6348,595,522,0.8773109243697479,82.23062381852552,0.375,0.609375,0.9651281833648682,False,ok,0.10122519999276847
D1_154_building,rootsift-nn_ratio-r2048-k8192,rootsift,nn_ratio,2048,8192,1572,107_0005_0110.JPG,107_0005_0116.JPG,6461,6381,609,540,0.8866995073891626,84.6262341325811,0.40625,0.625,0.9642289876937866,False,ok,0.01686070000869222
D1_154_building,rootsift-nn_ratio-r2048-k8192,rootsift,nn_ratio,2048,8192,1573,107_0005_0110.JPG,107_0005_0117.JPG,6461,6474,873,800,0.9163802978235968,123.81984212970129,0.578125,0.75,0.96800696849823,False,ok,0.022240699996473268
D1_154_building,rootsift-nn_ratio-r2048-k8192,rootsift,nn_ratio,2048,8192,1574,107_0005_0110.JPG,107_0005_0118.JPG,6461,6381,1247,1117,0.8957497995188453,175.05093245572795,0.765625,0.71875,0.9692878127098083,False,ok,0.12110799999209121
D1_154_building,rootsift-nn_ratio-r2048-k8192,rootsift,nn_ratio,2048,8192,1575,107_0005_0110.JPG,107_0005_0126.JPG,6461,6094,1209,1054,0.8717948717948718,172.95700689202494,0.546875,0.484375,0.978579044342041,False,ok,0.10102609999012202
D1_154_building,rootsift-nn_ratio-r2048-k8192,rootsift,nn_ratio,2048,8192,1576,107_0005_0110.JPG,107_0005_0127.JPG,6461,6111,1218,1064,0.8735632183908046,174.1122565864834,0.5,0.46875,0.9806875586509705,False,ok,0.12107019999530166
D1_154_building,rootsift-nn_ratio-r2048-k8192,rootsift,nn_ratio,2048,8192,1577,107_0005_0110.JPG,107_0005_0128.JPG,6461,5989,875,835,0.9542857142857143,139.4222741693104,0.34375,0.359375,0.9797990918159485,False,ok,0.019464999990304932
D1_154_building,rootsift-nn_ratio-r2048-k8192,rootsift,nn_ratio,2048,8192,1578,107_0005_0110.JPG,107_0005_0129.JPG,6461,6011,918,849,0.9248366013071896,141.2410580602229,0.390625,0.375,0.9744507074356079,False,ok,0.02213969998410903
D1_154_building,rootsift-nn_ratio-r2048-k8192,rootsift,nn_ratio,2048,8192,1579,107_0005_0111.JPG,107_0005_0112.JPG,6473,6392,2039,1888,0.9259440902403139,295.369211514393,0.8125,0.96875,0.9837486743927002,False,ok,0.1210062000027392
D1_154_building,rootsift-nn_ratio-r2048-k8192,rootsift,nn_ratio,2048,8192,1580,107_0005_0111.JPG,107_0005_0113.JPG,6473,6395,2013,1870,0.9289617486338798,292.41594996090697,0.8125,0.9375,0.9832212328910828,False,ok,0.10140869999304414
D1_154_building,rootsift-nn_ratio-r2048-k8192,rootsift,nn_ratio,2048,8192,1581,107_0005_0111.JPG,107_0005_0114.JPG,6473,6327,1402,1263,0.9008559201141226,199.62067330488384,0.640625,0.875,0.976502537727356,False,ok,0.018058800022117794
D1_154_building,rootsift-nn_ratio-r2048-k8192,rootsift,nn_ratio,2048,8192,1582,107_0005_0111.JPG,107_0005_0115.JPG,6473,6348,866,774,0.8937644341801386,121.9281663516068,0.515625,0.703125,0.9684695601463318,False,ok,0.0680346000008285
D1_154_building,rootsift-nn_ratio-r2048-k8192,rootsift,nn_ratio,2048,8192,1583,107_0005_0111.JPG,107_0005_0116.JPG,6473,6381,863,761,0.8818076477404403,119.26030402758188,0.5,0.703125,0.9676986932754517,False,ok,0.10087289998773485
D1_154_building,rootsift-nn_ratio-r2048-k8192,rootsift,nn_ratio,2048,8192,1584,107_0005_0111.JPG,107_0005_0117.JPG,6473,6474,1066,955,0.8958724202626641,147.5359184304032,0.703125,0.75,0.9683831930160522,False,ok,0.12111999999615364
D1_154_building,rootsift-nn_ratio-r2048-k8192,rootsift,nn_ratio,2048,8192,1585,107_0005_0111.JPG,107_0005_0118.JPG,6473,6381,841,760,0.9036860879904876,119.10358877918821,0.75,0.59375,0.9673831462860107,False,ok,0.1009417999885045
D1_154_building,rootsift-nn_ratio-r2048-k8192,rootsift,nn_ratio,2048,8192,1586,107_0005_0111.JPG,107_0005_0119.JPG,6473,6358,630,533,0.846031746031746,83.83139351997484,0.640625,0.40625,0.9645649194717407,False,ok,0.019092700007604435
D1_154_building,rootsift-nn_ratio-r2048-k8192,rootsift,nn_ratio,2048,8192,1587,107_0005_0111.JPG,107_0005_0128.JPG,6473,5989,498,454,0.9116465863453815,75.80564368008015,0.25,0.234375,0.9768158197402954,False,ok,0.05450550001114607
D1_154_building,rootsift-nn_ratio-r2048-k8192,rootsift,nn_ratio,2048,8192,1588,107_0005_0111.JPG,107_0005_0144.JPG,6473,6117,865,741,0.8566473988439306,121.1378126532614,0.453125,0.5,0.9715595841407776,False,ok,0.10092680001980625
D1_154_building,rootsift-nn_ratio-r2048-k8192,rootsift,nn_ratio,2048,8192,1589,107_0005_0111.JPG,107_0005_0145.JPG,6473,6173,752,612,0.8138297872340425,99.1414223230196,0.390625,0.4375,0.9723089337348938,False,ok,0.12067189998924732
D1_154_building,rootsift-nn_ratio-r2048-k8192,rootsift,nn_ratio,2048,8192,1590,107_0005_0112.JPG,107_0005_0113.JPG,6392,6395,3728,3648,0.9785407725321889,570.7133917396746,0.984375,0.984375,0.9924103617668152,False,ok,0.016900199989322573
D1_154_building,rootsift-nn_ratio-r2048-k8192,rootsift,nn_ratio,2048,8192,1591,107_0005_0112.JPG,107_0005_0114.JPG,6392,6327,1844,1715,0.9300433839479393,271.0605342184289,0.84375,0.859375,0.9799575805664062,False,ok,0.10111289998167194
D1_154_building,rootsift-nn_ratio-r2048-k8192,rootsift,nn_ratio,2048,8192,1592,107_0005_0112.JPG,107_0005_0115.JPG,6392,6348,1051,930,0.884871550903901,146.50283553875235,0.703125,0.703125,0.9706379771232605,False,ok,0.11925210000481457
D1_154_building,rootsift-nn_ratio-r2048-k8192,rootsift,nn_ratio,2048,8192,1593,107_0005_0112.JPG,107_0005_0116.JPG,6392,6381,1040,911,0.8759615384615385,142.76759128663218,0.6875,0.6875,0.9691895246505737,False,ok,0.10078609999618493
D1_154_building,rootsift-nn_ratio-r2048-k8192,rootsift,nn_ratio,2048,8192,1594,107_0005_0112.JPG,107_0005_0117.JPG,6392,6474,758,660,0.8707124010554089,103.2540675844806,0.6875,0.546875,0.9674861431121826,False,ok,0.02831339999102056
D1_154_building,rootsift-nn_ratio-r2048-k8192,rootsift,nn_ratio,2048,8192,1595,107_0005_0112.JPG,107_0005_0118.JPG,6392,6381,568,465,0.8186619718309859,72.87259050305595,0.625,0.421875,0.962856650352478,False,ok,0.08175680000567809
D1_154_building,rootsift-nn_ratio-r2048-k8192,rootsift,nn_ratio,2048,8192,1596,107_0005_0112.JPG,107_0005_0119.JPG,6392,6358,402,319,0.7935323383084577,50.173010380622834,0.5,0.265625,0.9582766890525818,False,ok,0.10110980001627468
D1_154_building,rootsift-nn_ratio-r2048-k8192,rootsift,nn_ratio,2048,8192,1597,107_0005_0112.JPG,107_0005_0120.JPG,6392,6334,247,164,0.6639676113360324,25.8920113672245,0.453125,0.203125,0.954541027545929,False,ok,0.12105680000968277
D1_154_building,rootsift-nn_ratio-r2048-k8192,rootsift,nn_ratio,2048,8192,1598,107_0005_0112.JPG,107_0005_0144.JPG,6392,6117,958,846,0.8830897703549061,138.3030897498774,0.40625,0.390625,0.9790616631507874,False,ok,0.015754799998831004
D1_154_building,rootsift-nn_ratio-r2048-k8192,rootsift,nn_ratio,2048,8192,1599,107_0005_0112.JPG,107_0005_0145.JPG,6392,6173,765,692,0.9045751633986928,112.10108537178033,0.3125,0.34375,0.9783596992492676,False,ok,0.02116490001208149
D1_154_building,rootsift-nn_ratio-r2048-k8192,rootsift,nn_ratio,2048,8192,1600,107_0005_0112.JPG,107_0005_0146.JPG,6392,6171,638,533,0.835423197492163,86.37173877815589,0.328125,0.328125,0.9704707264900208,False,ok,0.12244269999791868
D1_154_building,rootsift-nn_ratio-r2048-k8192,rootsift,nn_ratio,2048,8192,1601,107_0005_0113.JPG,107_0005_0114.JPG,6395,6327,1932,1726,0.8933747412008282,272.7991149043781,0.78125,0.765625,0.9806974530220032,False,ok,0.1009024000086356
D1_154_building,rootsift-nn_ratio-r2048-k8192,rootsift,nn_ratio,2048,8192,1602,107_0005_0113.JPG,107_0005_0115.JPG,6395,6348,1097,992,0.9042844120328167,156.26969124133586,0.75,0.75,0.9704625606536865,False,ok,0.11153870000271127
D1_154_building,rootsift-nn_ratio-r2048-k8192,rootsift,nn_ratio,2048,8192,1603,107_0005_0113.JPG,107_0005_0116.JPG,6395,6381,1062,924,0.8700564971751412,144.8048895157499,0.671875,0.734375,0.9690899848937988,False,ok,0.01835560001200065
D1_154_building,rootsift-nn_ratio-r2048-k8192,rootsift,nn_ratio,2048,8192,1604,107_0005_0113.JPG,107_0005_0117.JPG,6395,6474,772,666,0.8626943005181347,104.14386239249414,0.65625,0.546875,0.9669970870018005,False,ok,0.07271749997744337
D1_154_building,rootsift-nn_ratio-r2048-k8192,rootsift,nn_ratio,2048,8192,1605,107_0005_0113.JPG,107_0005_0118.JPG,6395,6381,567,483,0.8518518518518519,75.69346497414199,0.59375,0.40625,0.9633365869522095,False,ok,0.1010297000175342
D1_154_building,rootsift-nn_ratio-r2048-k8192,rootsift,nn_ratio,2048,8192,1606,107_0005_0113.JPG,107_0005_0119.JPG,6395,6358,378,304,0.8042328042328042,47.81377791758415,0.515625,0.28125,0.9596970081329346,False,ok,0.11799549998249859
D1_154_building,rootsift-nn_ratio-r2048-k8192,rootsift,nn_ratio,2048,8192,1607,107_0005_0113.JPG,107_0005_0120.JPG,6395,6334,251,171,0.6812749003984063,26.99715819387433,0.484375,0.1875,0.9543430209159851,False,ok,0.020366699987789616
D1_154_building,rootsift-nn_ratio-r2048-k8192,rootsift,nn_ratio,2048,8192,1608,107_0005_0113.JPG,107_0005_0121.JPG,6395,6236,135,90,0.6666666666666666,14.432328415651059,0.328125,0.140625,0.9506247043609619,False,ok,0.10084059997461736
D1_154_building,rootsift-nn_ratio-r2048-k8192,rootsift,nn_ratio,2048,8192,1609,107_0005_0113.JPG,107_0005_0144.JPG,6395,6117,966,869,0.8995859213250518,142.06310282818376,0.421875,0.40625,0.9795370101928711,False,ok,0.12126179999904707
D1_154_building,rootsift-nn_ratio-r2048-k8192,rootsift,nn_ratio,2048,8192,1610,107_0005_0113.JPG,107_0005_0145.JPG,6395,6173,771,701,0.9092088197146563,113.55904746476591,0.3125,0.34375,0.9790529012680054,False,ok,0.10094639999442734
D1_154_building,rootsift-nn_ratio-r2048-k8192,rootsift,nn_ratio,2048,8192,1611,107_0005_0113.JPG,107_0005_0146.JPG,6395,6171,669,559,0.8355754857997011,90.58499432830983,0.359375,0.421875,0.971369743347168,False,ok,0.015556700003799051
D1_154_building,rootsift-nn_ratio-r2048-k8192,rootsift,nn_ratio,2048,8192,1612,107_0005_0114.JPG,107_0005_0115.JPG,6327,6348,2133,2029,0.9512423816221285,320.68911016279435,0.921875,0.921875,0.9819701910018921,False,ok,0.0834614000050351
D1_154_building,rootsift-nn_ratio-r2048-k8192,rootsift,nn_ratio,2048,8192,1613,107_0005_0114.JPG,107_0005_0116.JPG,6327,6381,1991,1899,0.9537920642893019,300.14224751066854,0.9375,0.90625,0.9806022644042969,False,ok,0.1011034999974072
D1_154_building,rootsift-nn_ratio-r2048-k8192,rootsift,nn_ratio,2048,8192,1614,107_0005_0114.JPG,107_0005_0117.JPG,6327,6474,1369,1249,0.912344777209642,197.40793425003952,0.921875,0.640625,0.9759691953659058,False,ok,0.12161240002023987
D1_154_building,rootsift-nn_ratio-r2048-k8192,rootsift,nn_ratio,2048,8192,1615,107_0005_0114.JPG,107_0005_0118.JPG,6327,6381,857,754,0.8798133022170361,119.1718033823297,0.734375,0.484375,0.9711779952049255,False,ok,0.01583399999071844
D1_154_building,rootsift-nn_ratio-r2048-k8192,rootsift,nn_ratio,2048,8192,1616,107_0005_0114.JPG,107_0005_0119.JPG,6327,6358,572,480,0.8391608391608392,75.86533902323376,0.609375,0.34375,0.9637325406074524,False,ok,0.019707400002516806
D1_154_building,rootsift-nn_ratio-r2048-k8192,rootsift,nn_ratio,2048,8192,1617,107_0005_0114.JPG,107_0005_0120.JPG,6327,6334,313,243,0.7763578274760383,38.40682788051209,0.484375,0.21875,0.9594142436981201,False,ok,0.1009364000055939
D1_154_building,rootsift-nn_ratio-r2048-k8192,rootsift,nn_ratio,2048,8192,1618,107_0005_0114.JPG,107_0005_0121.JPG,6327,6236,150,100,0.6666666666666666,16.03592046183451,0.28125,0.140625,0.9512438774108887,False,ok,0.10098699998343363
D1_154_building,rootsift-nn_ratio-r2048-k8192,rootsift,nn_ratio,2048,8192,1619,107_0005_0114.JPG,107_0005_0122.JPG,6327,6249,66,22,0.3333333333333333,3.5205632901264203,0.15625,0.078125,0.9459540247917175,False,ok,0.10866970001370646
D1_154_building,rootsift-nn_ratio-r2048-k8192,rootsift,nn_ratio,2048,8192,1620,107_0005_0114.JPG,107_0005_0142.JPG,6327,6118,657,577,0.878234398782344,94.31186662307944,0.40625,0.375,0.9725754261016846,False,ok,0.015418299997691065
D1_154_building,rootsift-nn_ratio-r2048-k8192,rootsift,nn_ratio,2048,8192,1621,107_0005_0114.JPG,107_0005_0143.JPG,6327,6166,762,681,0.8937007874015748,110.44437236457995,0.328125,0.34375,0.9788877367973328,False,ok,0.021644299995386973
D1_154_building,rootsift-nn_ratio-r2048-k8192,rootsift,nn_ratio,2048,8192,1622,107_0005_0114.JPG,107_0005_0144.JPG,6327,6117,584,520,0.8904109589041096,85.00899133562204,0.21875,0.3125,0.9779288172721863,False,ok,0.06076500000199303
D1_154_building,rootsift-nn_ratio-r2048-k8192,rootsift,nn_ratio,2048,8192,1623,107_0005_0115.JPG,107_0005_0116.JPG,6348,6381,3562,3514,0.9865244244806288,553.5601764335223,0.96875,0.953125,0.9905640482902527,False,ok,0.07245370000600815
D1_154_building,rootsift-nn_ratio-r2048-k8192,rootsift,nn_ratio,2048,8192,1624,107_0005_0115.JPG,107_0005_0117.JPG,6348,6474,1772,1672,0.9435665914221218,263.3900441083806,0.921875,0.71875,0.9813555479049683,False,ok,0.03549359997850843
D1_154_building,rootsift-nn_ratio-r2048-k8192,rootsift,nn_ratio,2048,8192,1625,107_0005_0115.JPG,107_0005_0118.JPG,6348,6381,1007,914,0.9076464746772592,143.98235664776308,0.734375,0.53125,0.9740583300590515,False,ok,0.027093299984699115
D1_154_building,rootsift-nn_ratio-r2048-k8192,rootsift,nn_ratio,2048,8192,1626,107_0005_0115.JPG,107_0005_0119.JPG,6348,6358,579,494,0.853195164075993,77.81978575929426,0.625,0.328125,0.9665151834487915,False,ok,0.03316320001613349
D1_154_building,rootsift-nn_ratio-r2048-k8192,rootsift,nn_ratio,2048,8192,1627,107_0005_0115.JPG,107_0005_0120.JPG,6348,6334,295,228,0.7728813559322034,35.99621092516577,0.46875,0.203125,0.959015429019928,False,ok,0.03532389999600127
D1_154_building,rootsift-nn_ratio-r2048-k8192,rootsift,nn_ratio,2048,8192,1628,107_0005_0115.JPG,107_0005_0121.JPG,6348,6236,130,79,0.6076923076923076,12.668377164849263,0.328125,0.15625,0.9500517845153809,False,ok,0.13092269998742267
D1_154_building,rootsift-nn_ratio-r2048-k8192,rootsift,nn_ratio,2048,8192,1629,107_0005_0115.JPG,107_0005_0122.JPG,6348,6249,50,23,0.46,3.680588894223076,0.125,0.046875,0.9461999535560608,False,ok,0.1129621000145562
D1_154_building,rootsift-nn_ratio-r2048-k8192,rootsift,nn_ratio,2048,8192,1630,107_0005_0115.JPG,107_0005_0123.JPG,6348,6267,61,20,0.32786885245901637,3.1913196106590074,0.09375,0.0625,0.9452603459358215,False,ok,0.09912209998583421
D1_154_building,rootsift-nn_ratio-r2048-k8192,rootsift,nn_ratio,2048,8192,1631,107_0005_0115.JPG,107_0005_0141.JPG,6348,6152,631,550,0.8716323296354992,89.40182054616385,0.359375,0.359375,0.9729698300361633,False,ok,0.016608000005362555
D1_154_building,rootsift-nn_ratio-r2048-k8192,rootsift,nn_ratio,2048,8192,1632,107_0005_0115.JPG,107_0005_0142.JPG,6348,6118,674,602,0.8931750741839762,98.39816933638444,0.34375,0.328125,0.9777676463127136,False,ok,0.06461530001251958
D1_154_building,rootsift-nn_ratio-r2048-k8192,rootsift,nn_ratio,2048,8192,1633,107_0005_0115.JPG,107_0005_0143.JPG,6348,6166,509,444,0.8722986247544204,72.0077846253649,0.265625,0.28125,0.9768590331077576,False,ok,0.08497159997932613
D1_154_building,rootsift-nn_ratio-r2048-k8192,rootsift,nn_ratio,2048,8192,1634,107_0005_0116.JPG,107_0005_0117.JPG,6381,6474,1840,1713,0.9309782608695653,268.4532204983545,0.90625,0.703125,0.9808969497680664,False,ok,0.1216697999916505
D1_154_building,rootsift-nn_ratio-r2048-k8192,rootsift,nn_ratio,2048,8192,1635,107_0005_0116.JPG,107_0005_0118.JPG,6381,6381,999,908,0.908908908908909,142.2974455414512,0.734375,0.53125,0.9744755029678345,False,ok,0.09100740001304075
D1_154_building,rootsift-nn_ratio-r2048-k8192,rootsift,nn_ratio,2048,8192,1636,107_0005_0116.JPG,107_0005_0119.JPG,6381,6358,618,532,0.86084142394822,83.67411135577225,0.640625,0.359375,0.966540515422821,False,ok,0.019681199977640063
D1_154_building,rootsift-nn_ratio-r2048-k8192,rootsift,nn_ratio,2048,8192,1637,107_0005_0116.JPG,107_0005_0120.JPG,6381,6334,300,233,0.7766666666666666,36.785601515629935,0.46875,0.203125,0.9595679640769958,False,ok,0.055067600012989715
D1_154_building,rootsift-nn_ratio-r2048-k8192,rootsift,nn_ratio,2048,8192,1638,107_0005_0116.JPG,107_0005_0121.JPG,6381,6236,133,83,0.6240601503759399,13.309813983322643,0.265625,0.140625,0.9509778022766113,False,ok,0.12110419999225996
D1_154_building,rootsift-nn_ratio-r2048-k8192,rootsift,nn_ratio,2048,8192,1639,107_0005_0116.JPG,107_0005_0122.JPG,6381,6249,69,22,0.3188405797101449,3.5205632901264203,0.109375,0.0625,0.9435505270957947,False,ok,0.0911136000067927
D1_154_building,rootsift-nn_ratio-r2048-k8192,rootsift,nn_ratio,2048,8192,1640,107_0005_0116.JPG,107_0005_0123.JPG,6381,6267,75,25,0.3333333333333333,3.9891495133237593,0.078125,0.0625,0.9425198435783386,False,ok,0.01776909999898635
D1_154_building,rootsift-nn_ratio-r2048-k8192,rootsift,nn_ratio,2048,8192,1641,107_0005_0116.JPG,107_0005_0124.JPG,6381,6209,109,70,0.6422018348623854,11.273957158962796,0.28125,0.140625,0.9502697587013245,False,ok,0.10079899997799657
D1_154_building,rootsift-nn_ratio-r2048-k8192,rootsift,nn_ratio,2048,8192,1642,107_0005_0116.JPG,107_0005_0140.JPG,6381,6155,597,512,0.8576214405360134,83.18440292445166,0.46875,0.453125,0.9658167362213135,False,ok,0.12100859999191016
D1_154_building,rootsift-nn_ratio-r2048-k8192,rootsift,nn_ratio,2048,8192,1643,107_0005_0116.JPG,107_0005_0141.JPG,6381,6152,656,552,0.8414634146341463,89.72691807542263,0.359375,0.40625,0.9729592800140381,False,ok,0.10095789999468252
D1_154_building,rootsift-nn_ratio-r2048-k8192,rootsift,nn_ratio,2048,8192,1644,107_0005_0116.JPG,107_0005_0142.JPG,6381,6118,704,623,0.8849431818181818,101.83066361556064,0.328125,0.34375,0.978803277015686,False,ok,0.01608300002408214
D1_154_building,rootsift-nn_ratio-r2048-k8192,rootsift,nn_ratio,2048,8192,1645,107_0005_0116.JPG,107_0005_0143.JPG,6381,6166,488,425,0.8709016393442623,68.92637041842362,0.265625,0.28125,0.9769010543823242,False,ok,0.02149489999283105
D1_154_building,rootsift-nn_ratio-r2048-k8192,rootsift,nn_ratio,2048,8192,1646,107_0005_0117.JPG,107_0005_0118.JPG,6474,6381,2128,2028,0.9530075187969925,317.8185237423601,0.953125,0.84375,0.9824343919754028,False,ok,0.101075899990974
D1_154_building,rootsift-nn_ratio-r2048-k8192,rootsift,nn_ratio,2048,8192,1647,107_0005_0117.JPG,107_0005_0119.JPG,6474,6358,1237,1128,0.9118835893290218,177.4142812205096,0.84375,0.59375,0.9737148284912109,False,ok,0.12106259999563918
D1_154_building,rootsift-nn_ratio-r2048-k8192,rootsift,nn_ratio,2048,8192,1648,107_0005_0117.JPG,107_0005_0120.JPG,6474,6334,664,591,0.8900602409638554,93.30596779286391,0.65625,0.46875,0.9676474928855896,False,ok,0.0176921000238508
D1_154_building,rootsift-nn_ratio-r2048-k8192,rootsift,nn_ratio,2048,8192,1649,107_0005_0117.JPG,107_0005_0121.JPG,6474,6236,300,244,0.8133333333333334,39.127645926876205,0.546875,0.265625,0.9613932371139526,False,ok,0.027513000008184463
D1_154_building,rootsift-nn_ratio-r2048-k8192,rootsift,nn_ratio,2048,8192,1650,107_0005_0117.JPG,107_0005_0122.JPG,6474,6249,140,96,0.6857142857142857,15.362457993278925,0.359375,0.171875,0.9533622860908508,False,ok,0.11171600001398474
D1_154_building,rootsift-nn_ratio-r2048-k8192,rootsift,nn_ratio,2048,8192,1651,107_0005_0117.JPG,107_0005_0123.JPG,6474,6267,133,82,0.6165413533834586,13.08441040370193,0.3125,0.171875,0.9541852474212646,False,ok,0.10083700000541285
D1_154_building,rootsift-nn_ratio-r2048-k8192,rootsift,nn_ratio,2048,8192,1652,107_0005_0117.JPG,107_0005_0124.JPG,6474,6209,245,187,0.763265306122449,30.117571267514897,0.453125,0.25,0.959062933921814,False,ok,0.11889579999842681
D1_154_building,rootsift-nn_ratio-r2048-k8192,rootsift,nn_ratio,2048,8192,1653,107_0005_0117.JPG,107_0005_0125.JPG,6474,6242,323,263,0.8142414860681114,42.13393143223326,0.453125,0.265625,0.9628434777259827,False,ok,0.01849620000575669
D1_154_building,rootsift-nn_ratio-r2048-k8192,rootsift,nn_ratio,2048,8192,1654,107_0005_0117.JPG,107_0005_0130.JPG,6474,6090,190,134,0.7052631578947368,22.00328407224959,0.171875,0.171875,0.9645358324050903,False,ok,0.01930990000255406
D1_154_building,rootsift-nn_ratio-r2048-k8192,rootsift,nn_ratio,2048,8192,1655,107_0005_0117.JPG,107_0005_0131.JPG,6474,6000,276,196,0.7101449275362319,32.666666666666664,0.234375,0.265625,0.9636597633361816,False,ok,0.09306569999898784
D1_154_building,rootsift-nn_ratio-r2048-k8192,rootsift,nn_ratio,2048,8192,1656,107_0005_0117.JPG,107_0005_0132.JPG,6474,6110,391,309,0.7902813299232737,50.57283142389525,0.359375,0.28125,0.9623720645904541,False,ok,0.12086490000365302
D1_154_building,rootsift-nn_ratio-r2048-k8192,rootsift,nn_ratio,2048,8192,1657,107_0005_0117.JPG,107_0005_0142.JPG,6474,6118,480,400,0.8333333333333334,65.38084341288003,0.3125,0.375,0.9688921570777893,False,ok,0.017123500001616776
D1_154_building,rootsift-nn_ratio-r2048-k8192,rootsift,nn_ratio,2048,8192,1658,107_0005_0118.JPG,107_0005_0119.JPG,6381,6358,2348,2278,0.9701873935264055,358.28877005347596,0.96875,0.859375,0.9828232526779175,False,ok,0.054165300010936335
D1_154_building,rootsift-nn_ratio-r2048-k8192,rootsift,nn_ratio,2048,8192,1659,107_0005_0118.JPG,107_0005_0120.JPG,6381,6334,1332,1253,0.9406906906906907,197.82128197031892,0.859375,0.609375,0.9754142761230469,False,ok,0.1211436000012327
D1_154_building,rootsift-nn_ratio-r2048-k8192,rootsift,nn_ratio,2048,8192,1660,107_0005_0118.JPG,107_0005_0121.JPG,6381,6236,673,615,0.9138187221396731,98.62091084028224,0.71875,0.4375,0.9679838418960571,False,ok,0.1009658999973908
D1_154_building,rootsift-nn_ratio-r2048-k8192,rootsift,nn_ratio,2048,8192,1661,107_0005_0118.JPG,107_0005_0122.JPG,6381,6249,306,257,0.8398692810457516,41.126580252840455,0.546875,0.28125,0.961098849773407,False,ok,0.12132659999770112
D1_154_building,rootsift-nn_ratio-r2048-k8192,rootsift,nn_ratio,2048,8192,1662,107_0005_0118.JPG,107_0005_0123.JPG,6381,6267,310,262,0.8451612903225807,41.806286899633,0.546875,0.296875,0.9612562656402588,False,ok,0.01874090000637807
D1_154_building,rootsift-nn_ratio-r2048-k8192,rootsift,nn_ratio,2048,8192,1663,107_0005_0118.JPG,107_0005_0124.JPG,6381,6209,578,516,0.8927335640138409,83.10516991464004,0.65625,0.390625,0.9663046598434448,False,ok,0.06337489999714307
D1_154_building,rootsift-nn_ratio-r2048-k8192,rootsift,nn_ratio,2048,8192,1664,107_0005_0118.JPG,107_0005_0125.JPG,6381,6242,603,550,0.912106135986733,88.1127843639859,0.59375,0.4375,0.9692863821983337,False,ok,0.12095770001178607
D1_154_building,rootsift-nn_ratio-r2048-k8192,rootsift,nn_ratio,2048,8192,1665,107_0005_0118.JPG,107_0005_0126.JPG,6381,6094,453,393,0.8675496688741722,64.48966196258615,0.390625,0.40625,0.9668635725975037,False,ok,0.1209528999752365
D1_154_building,rootsift-nn_ratio-r2048-k8192,rootsift,nn_ratio,2048,8192,1666,107_0005_0118.JPG,107_0005_0129.JPG,6381,6011,298,255,0.8557046979865772,42.422225919148225,0.171875,0.25,0.9687979221343994,False,ok,0.017353100003674626
D1_154_building,rootsift-nn_ratio-r2048-k8192,rootsift,nn_ratio,2048,8192,1667,107_0005_0118.JPG,107_0005_0130.JPG,6381,6090,475,429,0.9031578947368422,70.44334975369458,0.3125,0.328125,0.974062442779541,False,ok,0.019166299985954538
D1_154_building,rootsift-nn_ratio-r2048-k8192,rootsift,nn_ratio,2048,8192,1668,107_0005_0118.JPG,107_0005_0131.JPG,6381,6000,594,542,0.9124579124579124,90.33333333333333,0.375,0.40625,0.9735710620880127,False,ok,0.10125470001366921
D1_154_building,rootsift-nn_ratio-r2048-k8192,rootsift,nn_ratio,2048,8192,1669,107_0005_0118.JPG,107_0005_0132.JPG,6381,6110,610,564,0.9245901639344263,92.3076923076923,0.5,0.4375,0.9694868326187134,False,ok,0.12108650000300258
D1_154_building,rootsift-nn_ratio-r2048-k8192,rootsift,nn_ratio,2048,8192,1670,107_0005_0118.JPG,107_0005_0133.JPG,6381,6083,502,429,0.8545816733067729,70.5244122965642,0.609375,0.484375,0.9635412693023682,False,ok,0.10096809998503886
D1_154_building,rootsift-nn_ratio-r2048-k8192,rootsift,nn_ratio,2048,8192,1671,107_0005_0119.JPG,107_0005_0120.JPG,6358,6334,2583,2521,0.9759969028261711,398.01073571203034,1.0,0.84375,0.9843012690544128,False,ok,0.01692709999042563
D1_154_building,rootsift-nn_ratio-r2048-k8192,rootsift,nn_ratio,2048,8192,1672,107_0005_0119.JPG,107_0005_0121.JPG,6358,6236,1497,1436,0.9592518370073481,230.27581783194356,0.875,0.609375,0.975552499294281,False,ok,0.07703179999953136
D1_154_building,rootsift-nn_ratio-r2048-k8192,rootsift,nn_ratio,2048,8192,1673,107_0005_0119.JPG,107_0005_0122.JPG,6358,6249,778,732,0.9408740359897172,117.1387421987518,0.734375,0.453125,0.9684638977050781,False,ok,0.1113115000189282
D1_154_building,rootsift-nn_ratio-r2048-k8192,rootsift,nn_ratio,2048,8192,1674,107_0005_0119.JPG,107_0005_0123.JPG,6358,6267,803,755,0.9402241594022416,120.47231530237754,0.734375,0.46875,0.9680300354957581,False,ok,0.10089760000118986
D1_154_building,rootsift-nn_ratio-r2048-k8192,rootsift,nn_ratio,2048,8192,1675,107_0005_0119.JPG,107_0005_0124.JPG,6358,6209,1195,1144,0.9573221757322176,184.24867128362055,0.796875,0.515625,0.9743844270706177,False,ok,0.01844439998967573
D1_154_building,rootsift-nn_ratio-r2048-k8192,rootsift,nn_ratio,2048,8192,1676,107_0005_0119.JPG,107_0005_0125.JPG,6358,6242,1114,1045,0.9380610412926391,167.41429029157322,0.625,0.53125,0.9757519364356995,False,ok,0.056833600014215335
D1_154_building,rootsift-nn_ratio-r2048-k8192,rootsift,nn_ratio,2048,8192,1677,107_0005_0119.JPG,107_0005_0126.JPG,6358,6094,713,673,0.9438990182328191,110.43649491302921,0.40625,0.515625,0.9727957844734192,False,ok,0.1111283999925945
D1_154_building,rootsift-nn_ratio-r2048-k8192,rootsift,nn_ratio,2048,8192,1678,107_0005_0119.JPG,107_0005_0127.JPG,6358,6111,374,325,0.8689839572192514,53.18278514154803,0.21875,0.34375,0.968041718006134,False,ok,0.10107640002388507
D1_154_building,rootsift-nn_ratio-r2048-k8192,rootsift,nn_ratio,2048,8192,1679,107_0005_0119.JPG,107_0005_0129.JPG,6358,6011,412,367,0.8907766990291263,61.054732989519216,0.234375,0.3125,0.9680440425872803,False,ok,0.12105320001137443
D1_154_building,rootsift-nn_ratio-r2048-k8192,rootsift,nn_ratio,2048,8192,1680,107_0005_0119.JPG,107_0005_0130.JPG,6358,6090,667,568,0.8515742128935532,93.26765188834155,0.296875,0.359375,0.9721445441246033,False,ok,0.015098500007297844
D1_154_building,rootsift-nn_ratio-r2048-k8192,rootsift,nn_ratio,2048,8192,1681,107_0005_0119.JPG,107_0005_0131.JPG,6358,6000,733,652,0.8894952251023193,108.66666666666667,0.4375,0.421875,0.9724892377853394,False,ok,0.026872799993725494
D1_154_building,rootsift-nn_ratio-r2048-k8192,rootsift,nn_ratio,2048,8192,1682,107_0005_0119.JPG,107_0005_0132.JPG,6358,6110,749,698,0.931909212283044,114.23895253682488,0.484375,0.515625,0.970647931098938,False,ok,0.12106470001162961
D1_154_building,rootsift-nn_ratio-r2048-k8192,rootsift,nn_ratio,2048,8192,1683,107_0005_0120.JPG,107_0005_0121.JPG,6334,6236,2820,2775,0.9840425531914894,444.9967928159076,0.984375,0.859375,0.9849870204925537,False,ok,0.0908421000058297
D1_154_building,rootsift-nn_ratio-r2048-k8192,rootsift,nn_ratio,2048,8192,1684,107_0005_0120.JPG,107_0005_0122.JPG,6334,6249,1610,1556,0.9664596273291925,248.9998399743959,0.859375,0.625,0.9755076766014099,False,ok,0.018773899995721877
D1_154_building,rootsift-nn_ratio-r2048-k8192,rootsift,nn_ratio,2048,8192,1685,107_0005_0120.JPG,107_0005_0123.JPG,6334,6267,1617,1564,0.9672232529375386,249.5611935535344,0.859375,0.625,0.9769426584243774,False,ok,0.061706700013019145
D1_154_building,rootsift-nn_ratio-r2048-k8192,rootsift,nn_ratio,2048,8192,1686,107_0005_0120.JPG,107_0005_0124.JPG,6334,6209,2116,2076,0.9810964083175804,334.3533580286681,0.828125,0.75,0.982204258441925,False,ok,0.12115140000241809
D1_154_building,rootsift-nn_ratio-r2048-k8192,rootsift,nn_ratio,2048,8192,1687,107_0005_0120.JPG,107_0005_0125.JPG,6334,6242,1570,1534,0.9770700636942675,245.75456584428068,0.65625,0.703125,0.9791443347930908,False,ok,0.10106749998521991
D1_154_building,rootsift-nn_ratio-r2048-k8192,rootsift,nn_ratio,2048,8192,1688,107_0005_0120.JPG,107_0005_0126.JPG,6334,6094,847,802,0.9468713105076741,131.6048572366262,0.453125,0.5625,0.9720656871795654,False,ok,0.12124730000505224
D1_154_building,rootsift-nn_ratio-r2048-k8192,rootsift,nn_ratio,2048,8192,1689,107_0005_0120.JPG,107_0005_0127.JPG,6334,6111,416,352,0.8461538461538461,57.60104729176894,0.28125,0.40625,0.9648002982139587,False,ok,0.015888099995208904
D1_154_building,rootsift-nn_ratio-r2048-k8192,rootsift,nn_ratio,2048,8192,1690,107_0005_0120.JPG,107_0005_0128.JPG,6334,5989,207,172,0.8309178743961353,28.71931875104358,0.171875,0.28125,0.9624636769294739,False,ok,0.025422500009881333
D1_154_building,rootsift-nn_ratio-r2048-k8192,rootsift,nn_ratio,2048,8192,1691,107_0005_0120.JPG,107_0005_0130.JPG,6334,6090,715,596,0.8335664335664336,97.86535303776684,0.40625,0.4375,0.9668660163879395,False,ok,0.12106979999225587
D1_154_building,rootsift-nn_ratio-r2048-k8192,rootsift,nn_ratio,2048,8192,1692,107_0005_0120.JPG,107_0005_0131.JPG,6334,6000,772,650,0.8419689119170984,108.33333333333333,0.46875,0.484375,0.968111515045166,False,ok,0.10086970002157614
D1_154_building,rootsift-nn_ratio-r2048-k8192,rootsift,nn_ratio,2048,8192,1693,107_0005_0121.JPG,107_0005_0122.JPG,6236,6249,2714,2688,0.9904200442151806,431.0455420141116,0.984375,0.875,0.9852882623672485,False,ok,0.0185539000085555
D1_154_building,rootsift-nn_ratio-r2048-k8192,rootsift,nn_ratio,2048,8192,1694,107_0005_0121.JPG,107_0005_0123.JPG,6236,6267,2725,2697,0.9897247706422019,432.4887748556767,0.984375,0.875,0.9857147932052612,False,ok,0.12131590000353754
D1_154_building,rootsift-nn_ratio-r2048-k8192,rootsift,nn_ratio,2048,8192,1695,107_0005_0121.JPG,107_0005_0124.JPG,6236,6209,2659,2629,0.9887175629936066,423.41761958447415,0.859375,0.859375,0.9872357249259949,False,ok,0.1008993000141345
D1_154_building,rootsift-nn_ratio-r2048-k8192,rootsift,nn_ratio,2048,8192,1696,107_0005_0121.JPG,107_0005_0125.JPG,6236,6242,1486,1446,0.9730820995962315,231.879409878127,0.59375,0.734375,0.9783077836036682,False,ok,0.12102330001653172
D1_154_building,rootsift-nn_ratio-r2048-k8192,rootsift,nn_ratio,2048,8192,1697,107_0005_0121.JPG,107_0005_0126.JPG,6236,6094,724,667,0.9212707182320442,109.451919921234,0.375,0.578125,0.9680511355400085,False,ok,0.015698000002885237
D1_154_building,rootsift-nn_ratio-r2048-k8192,rootsift,nn_ratio,2048,8192,1698,107_0005_0121.JPG,107_0005_0127.JPG,6236,6111,344,306,0.8895348837209303,50.07363770250368,0.21875,0.40625,0.962078869342804,False,ok,0.05319209999288432
D1_154_building,rootsift-nn_ratio-r2048-k8192,rootsift,nn_ratio,2048,8192,1699,107_0005_0121.JPG,107_0005_0128.JPG,6236,5989,190,159,0.8368421052631579,26.548672566371682,0.171875,0.296875,0.9572346806526184,False,ok,0.11113269999623299
D1_154_building,rootsift-nn_ratio-r2048-k8192,rootsift,nn_ratio,2048,8192,1700,107_0005_0121.JPG,107_0005_0129.JPG,6236,6011,324,246,0.7592592592592593,40.924970886707705,0.265625,0.40625,0.9591822028160095,False,ok,0.101163200015435
D1_154_building,rootsift-nn_ratio-r2048-k8192,rootsift,nn_ratio,2048,8192,1701,107_0005_0122.JPG,107_0005_0123.JPG,6249,6267,3974,3953,0.9947156517362858,632.581212994079,0.984375,0.984375,0.9924847483634949,False,ok,0.01821940002264455
D1_154_building,rootsift-nn_ratio-r2048-k8192,rootsift,nn_ratio,2048,8192,1702,107_0005_0122.JPG,107_0005_0124.JPG,6249,6209,2335,2257,0.9665952890792291,363.504590111129,0.734375,0.875,0.983182430267334,False,ok,0.06152339998516254
D1_154_building,rootsift-nn_ratio-r2048-k8192,rootsift,nn_ratio,2048,8192,1703,107_0005_0122.JPG,107_0005_0125.JPG,6249,6242,1169,1101,0.941830624465355,176.38577379045176,0.46875,0.71875,0.9727159738540649,False,ok,0.12096880000899546
D1_154_building,rootsift-nn_ratio-r2048-k8192,rootsift,nn_ratio,2048,8192,1704,107_0005_0122.JPG,107_0005_0126.JPG,6249,6094,546,478,0.8754578754578755,78.43780767968494,0.296875,0.53125,0.9624548554420471,False,ok,0.08800519999931566
D1_154_building,rootsift-nn_ratio-r2048-k8192,rootsift,nn_ratio,2048,8192,1705,107_0005_0122.JPG,107_0005_0127.JPG,6249,6111,221,185,0.8371040723981901,30.273277695958107,0.203125,0.375,0.9571977853775024,False,ok,0.1211102000088431
D1_154_building,rootsift-nn_ratio-r2048-k8192,rootsift,nn_ratio,2048,8192,1706,107_0005_0122.JPG,107_0005_0128.JPG,6249,5989,142,103,0.7253521126760564,17.19819669393889,0.140625,0.3125,0.9542803764343262,False,ok,0.016330499987816438
D1_154_building,rootsift-nn_ratio-r2048-k8192,rootsift,nn_ratio,2048,8192,1707,107_0005_0122.JPG,107_0005_0129.JPG,6249,6011,224,162,0.7232142857142857,26.95059058392946,0.25,0.390625,0.9554204940795898,False,ok,0.05605390001437627
D1_154_building,rootsift-nn_ratio-r2048-k8192,rootsift,nn_ratio,2048,8192,1708,107_0005_0122.JPG,107_0005_0130.JPG,6249,6090,352,263,0.7471590909090909,43.185550082101805,0.375,0.484375,0.9588198065757751,False,ok,0.12114830000791699
D1_154_building,rootsift-nn_ratio-r2048-k8192,rootsift,nn_ratio,2048,8192,1709,107_0005_0123.JPG,107_0005_0124.JPG,6267,6209,2428,2367,0.9748764415156508,381.22080850378484,0.734375,0.90625,0.9834480881690979,False,ok,0.090945300005842
D1_154_building,rootsift-nn_ratio-r2048-k8192,rootsift,nn_ratio,2048,8192,1710,107_0005_0123.JPG,107_0005_0125.JPG,6267,6242,1213,1136,0.9365210222588624,181.99295097725087,0.46875,0.734375,0.9732147455215454,False,ok,0.018337499990593642
D1_154_building,rootsift-nn_ratio-r2048-k8192,rootsift,nn_ratio,2048,8192,1711,107_0005_0123.JPG,107_0005_0126.JPG,6267,6094,561,505,0.9001782531194296,82.86839514276338,0.3125,0.515625,0.9629532694816589,False,ok,0.019405700004426762
D1_154_building,rootsift-nn_ratio-r2048-k8192,rootsift,nn_ratio,2048,8192,1712,107_0005_0123.JPG,107_0005_0127.JPG,6267,6111,231,189,0.8181818181818182,30.927835051546392,0.171875,0.375,0.9577134847640991,False,ok,0.12314290000358596
D1_154_building,rootsift-nn_ratio-r2048-k8192,rootsift,nn_ratio,2048,8192,1713,107_0005_0123.JPG,107_0005_0128.JPG,6267,5989,151,121,0.8013245033112583,20.203706795792286,0.15625,0.328125,0.9539136290550232,False,ok,0.1006131999893114
D1_154_building,rootsift-nn_ratio-r2048-k8192,rootsift,nn_ratio,2048,8192,1714,107_0005_0123.JPG,107_0005_0129.JPG,6267,6011,219,161,0.7351598173515982,26.784228913658293,0.234375,0.40625,0.9558212757110596,False,ok,0.06077250000089407
D1_154_building,rootsift-nn_ratio-r2048-k8192,rootsift,nn_ratio,2048,8192,1715,107_0005_0123.JPG,107_0005_0130.JPG,6267,6090,358,280,0.7821229050279329,45.97701149425287,0.359375,0.5,0.9586219191551208,False,ok,0.01980309997452423
D1_154_building,rootsift-nn_ratio-r2048-k8192,rootsift,nn_ratio,2048,8192,1716,107_0005_0123.JPG,107_0005_0131.JPG,6267,6000,417,324,0.7769784172661871,54.0,0.421875,0.546875,0.9594182372093201,False,ok,0.01624719999381341
D1_154_building,rootsift-nn_ratio-r2048-k8192,rootsift,nn_ratio,2048,8192,1717,107_0005_0124.JPG,107_0005_0125.JPG,6209,6242,2434,2352,0.9663105998356615,378.80496054114997,0.734375,0.875,0.9841535091400146,False,ok,0.01830090000294149
D1_154_building,rootsift-nn_ratio-r2048-k8192,rootsift,nn_ratio,2048,8192,1718,107_0005_0124.JPG,107_0005_0126.JPG,6209,6094,1328,1260,0.9487951807228916,206.76074827699375,0.5,0.703125,0.9719419479370117,False,ok,0.02238690000376664
D1_154_building,rootsift-nn_ratio-r2048-k8192,rootsift,nn_ratio,2048,8192,1719,107_0005_0124.JPG,107_0005_0127.JPG,6209,6111,642,592,0.9221183800623053,96.87448862706594,0.3125,0.5625,0.9640280604362488,False,ok,0.029206400009570643
D1_154_building,rootsift-nn_ratio-r2048-k8192,rootsift,nn_ratio,2048,8192,1720,107_0005_0124.JPG,107_0005_0128.JPG,6209,5989,429,377,0.8787878787878788,62.94873935548505,0.265625,0.5,0.9597995281219482,False,ok,0.05450779999955557
D1_154_building,rootsift-nn_ratio-r2048-k8192,rootsift,nn_ratio,2048,8192,1721,107_0005_0124.JPG,107_0005_0129.JPG,6209,6011,558,457,0.8189964157706093,76.02728331392447,0.390625,0.546875,0.9609296321868896,False,ok,0.06509589997585863
D1_154_building,rootsift-nn_ratio-r2048-k8192,rootsift,nn_ratio,2048,8192,1722,107_0005_0124.JPG,107_0005_0130.JPG,6209,6090,713,605,0.8485273492286115,99.3431855500821,0.5625,0.578125,0.9634203314781189,False,ok,0.058316700014984235
D1_154_building,rootsift-nn_ratio-r2048-k8192,rootsift,nn_ratio,2048,8192,1723,107_0005_0124.JPG,107_0005_0131.JPG,6209,6000,726,639,0.8801652892561983,106.5,0.625,0.640625,0.9639724493026733,False,ok,0.05939650000073016
D1_154_building,rootsift-nn_ratio-r2048-k8192,rootsift,nn_ratio,2048,8192,1724,107_0005_0124.JPG,107_0005_0132.JPG,6209,6110,643,557,0.8662519440124417,91.1620294599018,0.71875,0.71875,0.9626482129096985,False,ok,0.12369189999299124
D1_154_building,rootsift-nn_ratio-r2048-k8192,rootsift,nn_ratio,2048,8192,1725,107_0005_0125.JPG,107_0005_0126.JPG,6242,6094,2539,2480,0.9767625049231982,406.9576632753528,0.75,0.90625,0.983039379119873,False,ok,0.1211126999987755
D1_154_building,rootsift-nn_ratio-r2048-k8192,rootsift,nn_ratio,2048,8192,1726,107_0005_0125.JPG,107_0005_0127.JPG,6242,6111,1506,1432,0.950863213811421,234.33153330060546,0.5625,0.78125,0.9715710878372192,False,ok,0.1010664000059478
D1_154_building,rootsift-nn_ratio-r2048-k8192,rootsift,nn_ratio,2048,8192,1727,107_0005_0125.JPG,107_0005_0128.JPG,6242,5989,1015,910,0.896551724137931,151.9452329270329,0.46875,0.6875,0.9664474129676819,False,ok,0.016915499989409
D1_154_building,rootsift-nn_ratio-r2048-k8192,rootsift,nn_ratio,2048,8192,1728,107_0005_0125.JPG,107_0005_0129.JPG,6242,6011,1218,1019,0.8366174055829229,169.52254200632174,0.5625,0.703125,0.967572808265686,False,ok,0.09203940001316369
D1_154_building,rootsift-nn_ratio-r2048-k8192,rootsift,nn_ratio,2048,8192,1729,107_0005_0125.JPG,107_0005_0130.JPG,6242,6090,1291,1212,0.9388071262587142,199.01477832512316,0.703125,0.75,0.967658281326294,False,ok,0.10085400001844391
D1_154_building,rootsift-nn_ratio-r2048-k8192,rootsift,nn_ratio,2048,8192,1730,107_0005_0125.JPG,107_0005_0131.JPG,6242,6000,1062,993,0.9350282485875706,165.5,0.796875,0.734375,0.9655554890632629,False,ok,0.12117810000199825
D1_154_building,rootsift-nn_ratio-r2048-k8192,rootsift,nn_ratio,2048,8192,1731,107_0005_0125.JPG,107_0005_0132.JPG,6242,6110,772,716,0.927461139896373,117.1849427168576,0.84375,0.6875,0.9626626372337341,False,ok,0.09288519999245182
D1_154_building,rootsift-nn_ratio-r2048-k8192,rootsift,nn_ratio,2048,8192,1732,107_0005_0125.JPG,107_0005_0133.JPG,6242,6083,420,381,0.9071428571428571,62.63356896268289,0.6875,0.53125,0.9597310423851013,False,ok,0.018218200013507158
D1_154_building,rootsift-nn_ratio-r2048-k8192,rootsift,nn_ratio,2048,8192,1733,107_0005_0126.JPG,107_0005_0127.JPG,6094,6111,2615,2506,0.9583173996175908,411.2241549064654,0.765625,0.90625,0.9840368628501892,False,ok,0.020392000005813316
D1_154_building,rootsift-nn_ratio-r2048-k8192,rootsift,nn_ratio,2048,8192,1734,107_0005_0126.JPG,107_0005_0128.JPG,6094,5989,1909,1792,0.9387113672079623,299.2152279178494,0.625,0.796875,0.9761344790458679,False,ok,0.12149610000778921
D1_154_building,rootsift-nn_ratio-r2048-k8192,rootsift,nn_ratio,2048,8192,1735,107_0005_0126.JPG,107_0005_0129.JPG,6094,6011,2043,1974,0.9662261380323054,328.39793711528864,0.765625,0.796875,0.9767339825630188,False,ok,0.10129140000208281
D1_154_building,rootsift-nn_ratio-r2048-k8192,rootsift,nn_ratio,2048,8192,1736,107_0005_0126.JPG,107_0005_0130.JPG,6094,6090,1739,1693,0.9735480161012076,277.9967159277504,0.890625,0.765625,0.9723517298698425,False,ok,0.015981500007910654
D1_154_building,rootsift-nn_ratio-r2048-k8192,rootsift,nn_ratio,2048,8192,1737,107_0005_0126.JPG,107_0005_0131.JPG,6094,6000,1179,1117,0.9474130619168787,186.16666666666666,0.84375,0.625,0.9659780859947205,False,ok,0.055950499983737245
D1_154_building,rootsift-nn_ratio-r2048-k8192,rootsift,nn_ratio,2048,8192,1738,107_0005_0126.JPG,107_0005_0132.JPG,6094,6110,676,601,0.8890532544378699,98.6215950114867,0.765625,0.453125,0.9605626463890076,False,ok,0.12106740000308491
D1_154_building,rootsift-nn_ratio-r2048-k8192,rootsift,nn_ratio,2048,8192,1739,107_0005_0126.JPG,107_0005_0133.JPG,6094,6083,299,260,0.8695652173913043,42.742068058523756,0.65625,0.359375,0.9556804895401001,False,ok,0.10112999999546446
D1_154_building,rootsift-nn_ratio-r2048-k8192,rootsift,nn_ratio,2048,8192,1740,107_0005_0126.JPG,107_0005_0134.JPG,6094,6036,124,85,0.6854838709677419,14.082173624917164,0.40625,0.25,0.9503433108329773,False,ok,0.12105409998912364
D1_154_building,rootsift-nn_ratio-r2048-k8192,rootsift,nn_ratio,2048,8192,1741,107_0005_0127.JPG,107_0005_0128.JPG,6111,5989,2840,2791,0.9827464788732394,466.02103857071296,0.84375,0.921875,0.9877850413322449,False,ok,0.018059699999867007
D1_154_building,rootsift-nn_ratio-r2048-k8192,rootsift,nn_ratio,2048,8192,1742,107_0005_0127.JPG,107_0005_0129.JPG,6111,6011,2480,2425,0.9778225806451613,403.4270504075861,0.890625,0.8125,0.9836931824684143,False,ok,0.018045200005872175
D1_154_building,rootsift-nn_ratio-r2048-k8192,rootsift,nn_ratio,2048,8192,1743,107_0005_0127.JPG,107_0005_0130.JPG,6111,6090,1769,1674,0.9462973431317129,274.8768472906404,0.890625,0.625,0.975253164768219,False,ok,0.12218629999551922
D1_154_building,rootsift-nn_ratio-r2048-k8192,rootsift,nn_ratio,2048,8192,1744,107_0005_0127.JPG,107_0005_0131.JPG,6111,6000,1045,973,0.9311004784688995,162.16666666666666,0.78125,0.4375,0.9670204520225525,False,ok,0.10096350000821985
D1_154_building,rootsift-nn_ratio-r2048-k8192,rootsift,nn_ratio,2048,8192,1745,107_0005_0127.JPG,107_0005_0132.JPG,6111,6110,548,497,0.906934306569343,81.34206219312603,0.671875,0.328125,0.9596686959266663,False,ok,0.01581609999993816
D1_154_building,rootsift-nn_ratio-r2048-k8192,rootsift,nn_ratio,2048,8192,1746,107_0005_0127.JPG,107_0005_0133.JPG,6111,6083,197,162,0.8223350253807107,26.631596251849416,0.515625,0.203125,0.9550170302391052,False,ok,0.025423099985346198
D1_154_building,rootsift-nn_ratio-r2048-k8192,rootsift,nn_ratio,2048,8192,1747,107_0005_0127.JPG,107_0005_0134.JPG,6111,6036,59,32,0.5423728813559322,5.301524188204109,0.203125,0.125,0.9443510174751282,False,ok,0.09078880000743084
D1_154_building,rootsift-nn_ratio-r2048-k8192,rootsift,nn_ratio,2048,8192,1748,107_0005_0127.JPG,107_0005_0135.JPG,6111,6025,29,11,0.3793103448275862,1.8257261410788381,0.125,0.109375,0.9433989524841309,True,ok,0.10095139997429214
D1_154_building,rootsift-nn_ratio-r2048-k8192,rootsift,nn_ratio,2048,8192,1749,107_0005_0128.JPG,107_0005_0129.JPG,5989,6011,2732,2707,0.9908491947291361,451.9953247620638,1.0,0.78125,0.985287606716156,False,ok,0.12145169998984784
D1_154_building,rootsift-nn_ratio-r2048-k8192,rootsift,nn_ratio,2048,8192,1750,107_0005_0128.JPG,107_0005_0130.JPG,5989,6090,1739,1709,0.9827487061529615,285.3564868926365,0.875,0.59375,0.9768807888031006,False,ok,0.017248399992240593
D1_154_building,rootsift-nn_ratio-r2048-k8192,rootsift,nn_ratio,2048,8192,1751,107_0005_0128.JPG,107_0005_0131.JPG,5989,6000,955,915,0.9581151832460733,152.7800968442144,0.734375,0.40625,0.9685006737709045,False,ok,0.0616157999902498
D1_154_building,rootsift-nn_ratio-r2048-k8192,rootsift,nn_ratio,2048,8192,1752,107_0005_0128.JPG,107_0005_0132.JPG,5989,6110,474,436,0.919831223628692,72.80013357822675,0.59375,0.28125,0.9599859118461609,False,ok,0.10101320000831038
D1_154_building,rootsift-nn_ratio-r2048-k8192,rootsift,nn_ratio,2048,8192,1753,107_0005_0128.JPG,107_0005_0133.JPG,5989,6083,142,114,0.8028169014084507,19.034897311738188,0.375,0.171875,0.9530608654022217,False,ok,0.11117749998811632
D1_154_building,rootsift-nn_ratio-r2048-k8192,rootsift,nn_ratio,2048,8192,1754,107_0005_0128.JPG,107_0005_0134.JPG,5989,6036,43,19,0.4418604651162791,3.1724828852896976,0.109375,0.046875,0.943818986415863,False,ok,0.015162399999098852
D1_154_building,rootsift-nn_ratio-r2048-k8192,rootsift,nn_ratio,2048,8192,1755,107_0005_0128.JPG,107_0005_0135.JPG,5989,6025,24,9,0.375,1.502755050926699,0.140625,0.125,0.9372876286506653,True,ok,0.10243729999638163
D1_154_building,rootsift-nn_ratio-r2048-k8192,rootsift,nn_ratio,2048,8192,1756,107_0005_0128.JPG,107_0005_0136.JPG,5989,6031,21,8,0.38095238095238093,1.335782267490399,0.09375,0.125,0.938816249370575,True,ok,0.11960539998835884
D1_154_building,rootsift-nn_ratio-r2048-k8192,rootsift,nn_ratio,2048,8192,1757,107_0005_0129.JPG,107_0005_0130.JPG,6011,6090,2816,2788,0.9900568181818182,463.8163367160206,1.0,0.859375,0.9867092370986938,False,ok,0.10109099998953752
D1_154_building,rootsift-nn_ratio-r2048-k8192,rootsift,nn_ratio,2048,8192,1758,107_0005_0129.JPG,107_0005_0131.JPG,6011,6000,1772,1719,0.9700902934537246,286.5,0.84375,0.578125,0.9786540269851685,False,ok,0.09945760000846349
D1_154_building,rootsift-nn_ratio-r2048-k8192,rootsift,nn_ratio,2048,8192,1759,107_0005_0129.JPG,107_0005_0132.JPG,6011,6110,1017,987,0.9705014749262537,164.19896855764432,0.75,0.4375,0.9694633483886719,False,ok,0.014579699985915795
D1_154_building,rootsift-nn_ratio-r2048-k8192,rootsift,nn_ratio,2048,8192,1760,107_0005_0129.JPG,107_0005_0133.JPG,6011,6083,442,413,0.9343891402714932,68.70736982199301,0.59375,0.296875,0.9610458016395569,False,ok,0.01956620000419207
D1_154_building,rootsift-nn_ratio-r2048-k8192,rootsift,nn_ratio,2048,8192,1761,107_0005_0129.JPG,107_0005_0134.JPG,6011,6036,135,110,0.8148148148148148,18.299783729828647,0.375,0.15625,0.9527612924575806,False,ok,0.12119639999582432
D1_154_building,rootsift-nn_ratio-r2048-k8192,rootsift,nn_ratio,2048,8192,1762,107_0005_0129.JPG,107_0005_0135.JPG,6011,6025,57,33,0.5789473684210527,5.489935118948594,0.296875,0.125,0.9466273784637451,False,ok,0.10109640000155196
D1_154_building,rootsift-nn_ratio-r2048-k8192,rootsift,nn_ratio,2048,8192,1763,107_0005_0129.JPG,107_0005_0136.JPG,6011,6031,44,21,0.4772727272727273,3.49359507569456,0.171875,0.078125,0.9452947974205017,False,ok,0.017248300020582974
D1_154_building,rootsift-nn_ratio-r2048-k8192,rootsift,nn_ratio,2048,8192,1764,107_0005_0129.JPG,107_0005_0137.JPG,6011,6056,47,23,0.48936170212765956,3.826318416236899,0.1875,0.078125,0.9432907104492188,False,ok,0.019596400001319125
D1_154_building,rootsift-nn_ratio-r2048-k8192,rootsift,nn_ratio,2048,8192,1765,107_0005_0130.JPG,107_0005_0131.JPG,6090,6000,2783,2749,0.9877829680201222,458.1666666666667,0.984375,0.859375,0.986473560333252,False,ok,0.12114800000563264
D1_154_building,rootsift-nn_ratio-r2048-k8192,rootsift,nn_ratio,2048,8192,1766,107_0005_0130.JPG,107_0005_0132.JPG,6090,6110,1741,1696,0.974152785755313,278.4893267651888,0.875,0.59375,0.9776816964149475,False,ok,0.09091620001709089
D1_154_building,rootsift-nn_ratio-r2048-k8192,rootsift,nn_ratio,2048,8192,1767,107_0005_0130.JPG,107_0005_0133.JPG,6090,6083,982,945,0.9623217922606925,155.35097813578827,0.75,0.4375,0.9687511324882507,False,ok,0.12106710000080056
D1_154_building,rootsift-nn_ratio-r2048-k8192,rootsift,nn_ratio,2048,8192,1768,107_0005_0130.JPG,107_0005_0134.JPG,6090,6036,441,406,0.9206349206349206,67.26308813783963,0.578125,0.296875,0.95899498462677,False,ok,0.01576589999604039
D1_154_building,rootsift-nn_ratio-r2048-k8192,rootsift,nn_ratio,2048,8192,1769,107_0005_0130.JPG,107_0005_0135.JPG,6090,6025,223,192,0.8609865470852018,31.86721991701245,0.5,0.234375,0.9548434019088745,False,ok,0.022431099991081282
D1_154_building,rootsift-nn_ratio-r2048-k8192,rootsift,nn_ratio,2048,8192,1770,107_0005_0130.JPG,107_0005_0136.JPG,6090,6031,184,154,0.8369565217391305,25.53473719117891,0.40625,0.1875,0.9547693133354187,False,ok,0.12103710000519641
D1_154_building,rootsift-nn_ratio-r2048-k8192,rootsift,nn_ratio,2048,8192,1771,107_0005_0130.JPG,107_0005_0137.JPG,6090,6056,139,95,0.6834532374100719,15.686922060766182,0.359375,0.140625,0.9518681764602661,False,ok,0.09508020000066608
D1_154_building,rootsift-nn_ratio-r2048-k8192,rootsift,nn_ratio,2048,8192,1772,107_0005_0130.JPG,107_0005_0138.JPG,6090,6039,138,106,0.7681159420289855,17.55257492962411,0.390625,0.15625,0.9518314599990845,False,ok,0.017057299992302433
D1_154_building,rootsift-nn_ratio-r2048-k8192,rootsift,nn_ratio,2048,8192,1773,107_0005_0131.JPG,107_0005_0132.JPG,6000,6110,2753,2717,0.9869233563385398,452.8333333333333,0.984375,0.84375,0.9859262108802795,False,ok,0.020937699999194592
D1_154_building,rootsift-nn_ratio-r2048-k8192,rootsift,nn_ratio,2048,8192,1774,107_0005_0131.JPG,107_0005_0133.JPG,6000,6083,1690,1640,0.9704142011834319,273.3333333333333,0.875,0.609375,0.9776630401611328,False,ok,0.12109899998176843
D1_154_building,rootsift-nn_ratio-r2048-k8192,rootsift,nn_ratio,2048,8192,1775,107_0005_0131.JPG,107_0005_0134.JPG,6000,6036,1003,955,0.9521435692921236,159.16666666666666,0.71875,0.4375,0.9690797924995422,False,ok,0.10084529998130165
D1_154_building,rootsift-nn_ratio-r2048-k8192,rootsift,nn_ratio,2048,8192,1776,107_0005_0131.JPG,107_0005_0135.JPG,6000,6025,630,574,0.9111111111111111,95.66666666666667,0.6875,0.34375,0.9631784558296204,False,ok,0.09099120000610128
D1_154_building,rootsift-nn_ratio-r2048-k8192,rootsift,nn_ratio,2048,8192,1777,107_0005_0131.JPG,107_0005_0136.JPG,6000,6031,585,532,0.9094017094017094,88.66666666666667,0.640625,0.28125,0.9616208672523499,False,ok,0.015504299983149394
D1_154_building,rootsift-nn_ratio-r2048-k8192,rootsift,nn_ratio,2048,8192,1778,107_0005_0131.JPG,107_0005_0137.JPG,6000,6056,402,350,0.8706467661691543,58.333333333333336,0.546875,0.25,0.9579771161079407,False,ok,0.018838100018911064
D1_154_building,rootsift-nn_ratio-r2048-k8192,rootsift,nn_ratio,2048,8192,1779,107_0005_0131.JPG,107_0005_0138.JPG,6000,6039,403,345,0.8560794044665012,57.5,0.5625,0.234375,0.957417368888855,False,ok,0.0985590000054799
D1_154_building,rootsift-nn_ratio-r2048-k8192,rootsift,nn_ratio,2048,8192,1780,107_0005_0131.JPG,107_0005_0139.JPG,6000,6096,814,735,0.902948402948403,122.5,0.71875,0.34375,0.9641472697257996,False,ok,0.12109790000249632
D1_154_building,rootsift-nn_ratio-r2048-k8192,rootsift,nn_ratio,2048,8192,1781,107_0005_0132.JPG,107_0005_0133.JPG,6110,6083,2777,2733,0.9841555635577962,449.284892322867,0.984375,0.875,0.9860323667526245,False,ok,0.017913699994096532
D1_154_building,rootsift-nn_ratio-r2048-k8192,rootsift,nn_ratio,2048,8192,1782,107_0005_0132.JPG,107_0005_0134.JPG,6110,6036,1795,1745,0.9721448467966574,289.0987408880053,0.859375,0.625,0.9780418872833252,False,ok,0.05426330000045709
D1_154_building,rootsift-nn_ratio-r2048-k8192,rootsift,nn_ratio,2048,8192,1783,107_0005_0132.JPG,107_0005_0135.JPG,6110,6025,1279,1206,0.9429241594996091,200.16597510373444,0.796875,0.484375,0.9719674587249756,False,ok,0.10102790000382811
D1_154_building,rootsift-nn_ratio-r2048-k8192,rootsift,nn_ratio,2048,8192,1784,107_0005_0132.JPG,107_0005_0136.JPG,6110,6031,1107,1038,0.9376693766937669,172.11076106781627,0.765625,0.421875,0.9700572490692139,False,ok,0.12107730002026074
D1_154_building,rootsift-nn_ratio-r2048-k8192,rootsift,nn_ratio,2048,8192,1785,107_0005_0132.JPG,107_0005_0137.JPG,6110,6056,768,713,0.9283854166666666,117.7344782034346,0.65625,0.359375,0.9654066562652588,False,ok,0.10079799999948591
D1_154_building,rootsift-nn_ratio-r2048-k8192,rootsift,nn_ratio,2048,8192,1786,107_0005_0132.JPG,107_0005_0138.JPG,6110,6039,747,673,0.9009370816599732,111.44229177016062,0.65625,0.359375,0.964605987071991,False,ok,0.015378200012492016
D1_154_building,rootsift-nn_ratio-r2048-k8192,rootsift,nn_ratio,2048,8192,1787,107_0005_0132.JPG,107_0005_0139.JPG,6110,6096,1225,1180,0.963265306122449,193.5695538057743,0.65625,0.53125,0.9692568182945251,False,ok,0.055607000016607344
D1_154_building,rootsift-nn_ratio-r2048-k8192,rootsift,nn_ratio,2048,8192,1788,107_0005_0132.JPG,107_0005_0140.JPG,6110,6155,1703,1649,0.9682912507339988,269.8854337152209,0.78125,0.671875,0.972253143787384,False,ok,0.09126620000461116
D1_154_building,rootsift-nn_ratio-r2048-k8192,rootsift,nn_ratio,2048,8192,1789,107_0005_0132.JPG,107_0005_0141.JPG,6110,6152,1728,1672,0.9675925925925926,273.64975450081835,0.625,0.703125,0.9716269373893738,False,ok,0.1209853999898769
D1_154_building,rootsift-nn_ratio-r2048-k8192,rootsift,nn_ratio,2048,8192,1790,107_0005_0133.JPG,107_0005_0134.JPG,6083,6036,2781,2738,0.9845379359942467,453.61166335321406,1.0,0.859375,0.9861860871315002,False,ok,0.018272000015713274
D1_154_building,rootsift-nn_ratio-r2048-k8192,rootsift,nn_ratio,2048,8192,1791,107_0005_0133.JPG,107_0005_0135.JPG,6083,6025,2072,2010,0.9700772200772201,333.6099585062241,0.90625,0.6875,0.9811304211616516,False,ok,0.08220079998136498
D1_154_building,rootsift-nn_ratio-r2048-k8192,rootsift,nn_ratio,2048,8192,1792,107_0005_0133.JPG,107_0005_0136.JPG,6083,6031,1744,1685,0.9661697247706422,279.3898192671199,0.859375,0.640625,0.9771856069564819,False,ok,0.10104969999520108
D1_154_building,rootsift-nn_ratio-r2048-k8192,rootsift,nn_ratio,2048,8192,1793,107_0005_0133.JPG,107_0005_0137.JPG,6083,6056,1189,1142,0.960470984020185,188.57331571994715,0.71875,0.546875,0.9698187708854675,False,ok,0.10322699998505414
D1_154_building,rootsift-nn_ratio-r2048-k8192,rootsift,nn_ratio,2048,8192,1794,107_0005_0133.JPG,107_0005_0138.JPG,6083,6039,1165,1127,0.967381974248927,186.62030137439973,0.703125,0.546875,0.9692747592926025,False,ok,0.09090050001395866
D1_154_building,rootsift-nn_ratio-r2048-k8192,rootsift,nn_ratio,2048,8192,1795,107_0005_0133.JPG,107_0005_0139.JPG,6083,6096,1612,1566,0.9714640198511166,257.4387637678777,0.796875,0.71875,0.9713349938392639,False,ok,0.015391799999633804
D1_154_building,rootsift-nn_ratio-r2048-k8192,rootsift,nn_ratio,2048,8192,1796,107_0005_0133.JPG,107_0005_0140.JPG,6083,6155,1618,1568,0.969097651421508,257.7675489067894,0.671875,0.796875,0.9720054864883423,False,ok,0.08615849999478087
D1_154_building,rootsift-nn_ratio-r2048-k8192,rootsift,nn_ratio,2048,8192,1797,107_0005_0133.JPG,107_0005_0141.JPG,6083,6152,1224,1176,0.9607843137254902,193.32566168009205,0.546875,0.671875,0.9694116115570068,False,ok,0.10101409998605959
D1_154_building,rootsift-nn_ratio-r2048-k8192,rootsift,nn_ratio,2048,8192,1798,107_0005_0134.JPG,107_0005_0135.JPG,6036,6025,3153,3126,0.9914367269267365,518.838174273859,1.0,0.90625,0.9888133406639099,False,ok,0.12130299999262206
D1_154_building,rootsift-nn_ratio-r2048-k8192,rootsift,nn_ratio,2048,8192,1799,107_0005_0134.JPG,107_0005_0136.JPG,6036,6031,2487,2449,0.9847205468435867,406.068645332449,0.953125,0.765625,0.9827944040298462,False,ok,0.018522500002291054
D1_154_building,rootsift-nn_ratio-r2048-k8192,rootsift,nn_ratio,2048,8192,1800,107_0005_0134.JPG,107_0005_0137.JPG,6036,6056,1639,1601,0.9768151311775473,265.2418820410868,0.796875,0.671875,0.9726179838180542,False,ok,0.1010043999995105
D1_154_building,rootsift-nn_ratio-r2048-k8192,rootsift,nn_ratio,2048,8192,1801,107_0005_0134.JPG,107_0005_0138.JPG,6036,6039,1585,1552,0.979179810725552,257.1239231278993,0.796875,0.671875,0.9723777770996094,False,ok,0.12128900000243448
D1_154_building,rootsift-nn_ratio-r2048-k8192,rootsift,nn_ratio,2048,8192,1802,107_0005_0134.JPG,107_0005_0139.JPG,6036,6096,1626,1585,0.9747847478474785,262.59111994698475,0.671875,0.78125,0.9714786410331726,False,ok,0.09904880000976846
D1_154_building,rootsift-nn_ratio-r2048-k8192,rootsift,nn_ratio,2048,8192,1803,107_0005_0134.JPG,107_0005_0140.JPG,6036,6155,1238,1187,0.9588045234248789,196.65341285619616,0.5625,0.734375,0.9690039753913879,False,ok,0.015514099999563769
D1_154_building,rootsift-nn_ratio-r2048-k8192,rootsift,nn_ratio,2048,8192,1804,107_0005_0134.JPG,107_0005_0141.JPG,6036,6152,795,745,0.9371069182389937,123.4261100066269,0.375,0.65625,0.964304506778717,False,ok,0.03758709999965504
D1_154_building,rootsift-nn_ratio-r2048-k8192,rootsift,nn_ratio,2048,8192,1805,107_0005_0134.JPG,107_0005_0142.JPG,6036,6118,404,357,0.8836633663366337,59.14512922465209,0.265625,0.578125,0.9592352509498596,False,ok,0.1015283000015188
D1_154_building,rootsift-nn_ratio-r2048-k8192,rootsift,nn_ratio,2048,8192,1806,107_0005_0135.JPG,107_0005_0136.JPG,6025,6031,2938,2912,0.9911504424778761,483.3195020746888,0.96875,0.9375,0.9843985438346863,False,ok,0.12135420000413433
D1_154_building,rootsift-nn_ratio-r2048-k8192,rootsift,nn_ratio,2048,8192,1807,107_0005_0135.JPG,107_0005_0137.JPG,6025,6056,1903,1863,0.9789805570152391,309.2116182572614,0.828125,0.8125,0.9734843969345093,False,ok,0.017541599983815104
D1_154_building,rootsift-nn_ratio-r2048-k8192,rootsift,nn_ratio,2048,8192,1808,107_0005_0135.JPG,107_0005_0138.JPG,6025,6039,1832,1791,0.9776200873362445,297.26141078838174,0.828125,0.8125,0.9726840853691101,False,ok,0.08785829998669215
D1_154_building,rootsift-nn_ratio-r2048-k8192,rootsift,nn_ratio,2048,8192,1809,107_0005_0135.JPG,107_0005_0139.JPG,6025,6096,1396,1348,0.9656160458452722,223.7344398340249,0.578125,0.828125,0.9703333973884583,False,ok,0.10102149998419918
D1_154_building,rootsift-nn_ratio-r2048-k8192,rootsift,nn_ratio,2048,8192,1810,107_0005_0135.JPG,107_0005_0140.JPG,6025,6155,935,879,0.9401069518716577,145.8921161825726,0.5,0.734375,0.9663133025169373,False,ok,0.12114309999742545
D1_154_building,rootsift-nn_ratio-r2048-k8192,rootsift,nn_ratio,2048,8192,1811,107_0005_0135.JPG,107_0005_0141.JPG,6025,6152,531,485,0.9133709981167608,80.49792531120332,0.328125,0.578125,0.9612063765525818,False,ok,0.01609759998973459
D1_154_building,rootsift-nn_ratio-r2048-k8192,rootsift,nn_ratio,2048,8192,1812,107_0005_0135.JPG,107_0005_0142.JPG,6025,6118,251,205,0.8167330677290837,34.024896265560166,0.21875,0.4375,0.9559741020202637,False,ok,0.024187799979699776
D1_154_building,rootsift-nn_ratio-r2048-k8192,rootsift,nn_ratio,2048,8192,1813,107_0005_0135.JPG,107_0005_0143.JPG,6025,6166,80,51,0.6375,8.464730290456432,0.140625,0.28125,0.948601245880127,False,ok,0.028439999994589016
D1_154_building,rootsift-nn_ratio-r2048-k8192,rootsift,nn_ratio,2048,8192,1814,107_0005_0136.JPG,107_0005_0137.JPG,6031,6056,2926,2904,0.9924812030075187,481.5121870336594,0.921875,0.90625,0.9858832955360413,False,ok,0.06555960001423955
D1_154_building,rootsift-nn_ratio-r2048-k8192,rootsift,nn_ratio,2048,8192,1815,107_0005_0136.JPG,107_0005_0138.JPG,6031,6039,2837,2818,0.9933027846316531,467.25252860222184,0.890625,0.890625,0.9850494861602783,False,ok,0.032712899992475286
D1_154_building,rootsift-nn_ratio-r2048-k8192,rootsift,nn_ratio,2048,8192,1816,107_0005_0136.JPG,107_0005_0139.JPG,6031,6096,2117,2070,0.9777987718469532,343.22666224506713,0.640625,0.96875,0.9801197648048401,False,ok,0.04663100000470877
D1_154_building,rootsift-nn_ratio-r2048-k8192,rootsift,nn_ratio,2048,8192,1817,107_0005_0136.JPG,107_0005_0140.JPG,6031,6155,1365,1309,0.958974358974359,217.04526612502073,0.53125,0.796875,0.9731953144073486,False,ok,0.041715100000146776
D1_154_building,rootsift-nn_ratio-r2048-k8192,rootsift,nn_ratio,2048,8192,1818,107_0005_0136.JPG,107_0005_0141.JPG,6031,6152,757,711,0.9392338177014531,117.89089703200132,0.40625,0.625,0.9652496576309204,False,ok,0.0452361999778077
D1_154_building,rootsift-nn_ratio-r2048-k8192,rootsift,nn_ratio,2048,8192,1819,107_0005_0136.JPG,107_0005_0142.JPG,6031,6118,330,293,0.8878787878787879,48.58232465594429,0.265625,0.4375,0.9578925967216492,False,ok,0.055704400001559407
D1_154_building,rootsift-nn_ratio-r2048-k8192,rootsift,nn_ratio,2048,8192,1820,107_0005_0136.JPG,107_0005_0143.JPG,6031,6166,104,72,0.6923076923076923,11.938318686784944,0.15625,0.328125,0.9491377472877502,False,ok,0.11520800000289455
D1_154_building,rootsift-nn_ratio-r2048-k8192,rootsift,nn_ratio,2048,8192,1821,107_0005_0136.JPG,107_0005_0144.JPG,6031,6117,33,13,0.3939393939393939,2.1555297628917263,0.0625,0.109375,0.9434046149253845,True,ok,0.10794720001285896
D1_154_building,rootsift-nn_ratio-r2048-k8192,rootsift,nn_ratio,2048,8192,1822,107_0005_0137.JPG,107_0005_0138.JPG,6056,6039,3920,3907,0.9966836734693878,646.9614174532207,1.0,1.0,0.9925169944763184,False,ok,0.12097009998979047
D1_154_building,rootsift-nn_ratio-r2048-k8192,rootsift,nn_ratio,2048,8192,1823,107_0005_0137.JPG,107_0005_0139.JPG,6056,6096,2460,2411,0.9800813008130081,398.1175693527081,0.734375,0.96875,0.984912097454071,False,ok,0.015982499986421317
D1_154_building,rootsift-nn_ratio-r2048-k8192,rootsift,nn_ratio,2048,8192,1824,107_0005_0137.JPG,107_0005_0140.JPG,6056,6155,1503,1437,0.9560878243512974,237.28533685601056,0.59375,0.828125,0.9758343696594238,False,ok,0.06796089999261312
D1_154_building,rootsift-nn_ratio-r2048-k8192,rootsift,nn_ratio,2048,8192,1825,107_0005_0137.JPG,107_0005_0141.JPG,6056,6152,823,769,0.9343863912515188,126.98150594451783,0.390625,0.65625,0.9672094583511353,False,ok,0.11174729999038391
D1_154_building,rootsift-nn_ratio-r2048-k8192,rootsift,nn_ratio,2048,8192,1826,107_0005_0137.JPG,107_0005_0142.JPG,6056,6118,361,329,0.9113573407202216,54.32628797886394,0.265625,0.4375,0.9593198299407959,False,ok,0.10090009999112226
D1_154_building,rootsift-nn_ratio-r2048-k8192,rootsift,nn_ratio,2048,8192,1827,107_0005_0137.JPG,107_0005_0143.JPG,6056,6166,121,91,0.7520661157024794,15.026420079260237,0.15625,0.3125,0.9505158066749573,False,ok,0.12115319998702034
D1_154_building,rootsift-nn_ratio-r2048-k8192,rootsift,nn_ratio,2048,8192,1828,107_0005_0137.JPG,107_0005_0144.JPG,6056,6117,42,17,0.40476190476190477,2.8071334214002643,0.0625,0.140625,0.9441602826118469,False,ok,0.016798900003777817
D1_154_building,rootsift-nn_ratio-r2048-k8192,rootsift,nn_ratio,2048,8192,1829,107_0005_0137.JPG,107_0005_0145.JPG,6056,6173,21,8,0.38095238095238093,1.321003963011889,0.109375,0.109375,0.9423693418502808,True,ok,0.10089579998748377
D1_154_building,rootsift-nn_ratio-r2048-k8192,rootsift,nn_ratio,2048,8192,1830,107_0005_0137.JPG,107_0005_0153.JPG,6056,6264,821,773,0.9415347137637028,127.64200792602378,0.46875,0.65625,0.9663386344909668,False,ok,0.12118509999709204
D1_154_building,rootsift-nn_ratio-r2048-k8192,rootsift,nn_ratio,2048,8192,1831,107_0005_0137.JPG,107_0005_0154.JPG,6056,6185,1317,1260,0.9567198177676538,208.05812417437252,0.671875,0.75,0.9697281122207642,False,ok,0.015330900001572445
D1_154_building,rootsift-nn_ratio-r2048-k8192,rootsift,nn_ratio,2048,8192,1832,107_0005_0138.JPG,107_0005_0139.JPG,6039,6096,2501,2454,0.9812075169932027,406.3586686537506,0.734375,0.96875,0.9850370287895203,False,ok,0.01910370000405237
D1_154_building,rootsift-nn_ratio-r2048-k8192,rootsift,nn_ratio,2048,8192,1833,107_0005_0138.JPG,107_0005_0140.JPG,6039,6155,1534,1473,0.9602346805736637,243.91455538996522,0.59375,0.828125,0.9757479429244995,False,ok,0.12111380000715144
D1_154_building,rootsift-nn_ratio-r2048-k8192,rootsift,nn_ratio,2048,8192,1834,107_0005_0138.JPG,107_0005_0141.JPG,6039,6152,846,803,0.9491725768321513,132.96903460837888,0.421875,0.625,0.9675275683403015,False,ok,0.100972099986393
D1_154_building,rootsift-nn_ratio-r2048-k8192,rootsift,nn_ratio,2048,8192,1835,107_0005_0138.JPG,107_0005_0142.JPG,6039,6118,377,349,0.9257294429708223,57.79102500413976,0.25,0.453125,0.9596267938613892,False,ok,0.12095530002261512
D1_154_building,rootsift-nn_ratio-r2048-k8192,rootsift,nn_ratio,2048,8192,1836,107_0005_0138.JPG,107_0005_0143.JPG,6039,6166,126,89,0.7063492063492064,14.737539327703262,0.15625,0.34375,0.9495962858200073,False,ok,0.015410599997267127
D1_154_building,rootsift-nn_ratio-r2048-k8192,rootsift,nn_ratio,2048,8192,1837,107_0005_0138.JPG,107_0005_0144.JPG,6039,6117,30,11,0.36666666666666664,1.8214936247723132,0.109375,0.140625,0.9479690194129944,True,ok,0.017958000011276454
D1_154_building,rootsift-nn_ratio-r2048-k8192,rootsift,nn_ratio,2048,8192,1838,107_0005_0138.JPG,107_0005_0145.JPG,6039,6173,29,8,0.27586206896551724,1.324722636198046,0.125,0.109375,0.9442760944366455,True,ok,0.10240910001448356
D1_154_building,rootsift-nn_ratio-r2048-k8192,rootsift,nn_ratio,2048,8192,1839,107_0005_0138.JPG,107_0005_0146.JPG,6039,6171,23,8,0.34782608695652173,1.324722636198046,0.125,0.109375,0.9407801628112793,True,ok,0.12104260001797229
D1_154_building,rootsift-nn_ratio-r2048-k8192,rootsift,nn_ratio,2048,8192,1840,107_0005_0138.JPG,107_0005_0153.JPG,6039,6264,851,799,0.9388954171562868,132.30667329027986,0.453125,0.671875,0.9669055938720703,False,ok,0.018909100006567314
D1_154_building,rootsift-nn_ratio-r2048-k8192,rootsift,nn_ratio,2048,8192,1841,107_0005_0138.JPG,107_0005_0154.JPG,6039,6185,1428,1368,0.957983193277311,226.52757078986588,0.6875,0.765625,0.9703221321105957,False,ok,0.019936099997721612
D1_154_building,rootsift-nn_ratio-r2048-k8192,rootsift,nn_ratio,2048,8192,1842,107_0005_0139.JPG,107_0005_0140.JPG,6096,6155,2669,2596,0.9726489321843387,425.8530183727034,0.859375,0.984375,0.985895574092865,False,ok,0.12093070000992157
D1_154_building,rootsift-nn_ratio-r2048-k8192,rootsift,nn_ratio,2048,8192,1843,107_0005_0139.JPG,107_0005_0141.JPG,6096,6152,1636,1559,0.9529339853300733,255.74146981627297,0.59375,0.765625,0.9783520698547363,False,ok,0.10080319998087361
D1_154_building,rootsift-nn_ratio-r2048-k8192,rootsift,nn_ratio,2048,8192,1844,107_0005_0139.JPG,107_0005_0142.JPG,6096,6118,958,902,0.941544885177453,147.96587926509187,0.421875,0.640625,0.968754231929779,False,ok,0.12106659999699332
D1_154_building,rootsift-nn_ratio-r2048-k8192,rootsift,nn_ratio,2048,8192,1845,107_0005_0139.JPG,107_0005_0143.JPG,6096,6166,470,423,0.9,69.38976377952756,0.25,0.484375,0.9605118036270142,False,ok,0.015782900009071454
D1_154_building,rootsift-nn_ratio-r2048-k8192,rootsift,nn_ratio,2048,8192,1846,107_0005_0139.JPG,107_0005_0144.JPG,6096,6117,188,162,0.8617021276595744,26.5748031496063,0.15625,0.421875,0.9547156691551208,False,ok,0.025547900004312396
D1_154_building,rootsift-nn_ratio-r2048-k8192,rootsift,nn_ratio,2048,8192,1847,107_0005_0139.JPG,107_0005_0145.JPG,6096,6173,89,59,0.6629213483146067,9.678477690288714,0.109375,0.296875,0.9493983387947083,False,ok,0.11128479999024421
D1_154_building,rootsift-nn_ratio-r2048-k8192,rootsift,nn_ratio,2048,8192,1848,107_0005_0139.JPG,107_0005_0146.JPG,6096,6171,84,51,0.6071428571428571,8.366141732283465,0.078125,0.265625,0.9478424787521362,False,ok,0.10089920001337305
D1_154_building,rootsift-nn_ratio-r2048-k8192,rootsift,nn_ratio,2048,8192,1849,107_0005_0139.JPG,107_0005_0147.JPG,6096,6158,54,22,0.4074074074074074,3.608923884514436,0.09375,0.203125,0.9430871605873108,False,ok,0.01577599998563528
D1_154_building,rootsift-nn_ratio-r2048-k8192,rootsift,nn_ratio,2048,8192,1850,107_0005_0139.JPG,107_0005_0153.JPG,6096,6264,1339,1256,0.9380134428678119,206.03674540682414,0.6875,0.734375,0.9701632261276245,False,ok,0.12113319998024963
D1_154_building,rootsift-nn_ratio-r2048-k8192,rootsift,nn_ratio,2048,8192,1851,107_0005_0139.JPG,107_0005_0154.JPG,6096,6185,1493,1441,0.9651707970529136,236.38451443569554,0.78125,0.6875,0.9720211029052734,False,ok,0.10133169998880476
D1_154_building,rootsift-nn_ratio-r2048-k8192,rootsift,nn_ratio,2048,8192,1852,107_0005_0140.JPG,107_0005_0141.JPG,6155,6152,2630,2575,0.9790874524714829,418.5630689206762,0.84375,0.953125,0.9858257174491882,False,ok,0.12096719999681227
D1_154_building,rootsift-nn_ratio-r2048-k8192,rootsift,nn_ratio,2048,8192,1853,107_0005_0140.JPG,107_0005_0142.JPG,6155,6118,1631,1563,0.9583077866339669,255.4756456358287,0.59375,0.75,0.978272020816803,False,ok,0.027265199983958155
D1_154_building,rootsift-nn_ratio-r2048-k8192,rootsift,nn_ratio,2048,8192,1854,107_0005_0140.JPG,107_0005_0143.JPG,6155,6166,944,880,0.9322033898305084,142.9731925264013,0.40625,0.640625,0.9691508412361145,False,ok,0.07916429999750108
D1_154_building,rootsift-nn_ratio-r2048-k8192,rootsift,nn_ratio,2048,8192,1855,107_0005_0140.JPG,107_0005_0144.JPG,6155,6117,517,469,0.90715667311412,76.67157103155141,0.25,0.546875,0.9601572751998901,False,ok,0.10077640000963584
D1_154_building,rootsift-nn_ratio-r2048-k8192,rootsift,nn_ratio,2048,8192,1856,107_0005_0140.JPG,107_0005_0145.JPG,6155,6173,281,230,0.8185053380782918,37.36799350121852,0.203125,0.515625,0.9544206261634827,False,ok,0.12121959999785759
D1_154_building,rootsift-nn_ratio-r2048-k8192,rootsift,nn_ratio,2048,8192,1857,107_0005_0140.JPG,107_0005_0146.JPG,6155,6171,221,175,0.7918552036199095,28.43216896831844,0.15625,0.375,0.9525462985038757,False,ok,0.015373700007330626
D1_154_building,rootsift-nn_ratio-r2048-k8192,rootsift,nn_ratio,2048,8192,1858,107_0005_0140.JPG,107_0005_0147.JPG,6155,6158,147,101,0.6870748299319728,16.409423233143787,0.15625,0.25,0.948732316493988,False,ok,0.08309430000372231
D1_154_building,rootsift-nn_ratio-r2048-k8192,rootsift,nn_ratio,2048,8192,1859,107_0005_0140.JPG,107_0005_0148.JPG,6155,6158,152,105,0.6907894736842105,17.059301380991066,0.140625,0.265625,0.9480643272399902,False,ok,0.10079609998501837
D1_154_building,rootsift-nn_ratio-r2048-k8192,rootsift,nn_ratio,2048,8192,1860,107_0005_0140.JPG,107_0005_0153.JPG,6155,6264,1501,1415,0.9427048634243838,229.89439480097482,0.734375,0.703125,0.9710159301757812,False,ok,0.12115350001840852
D1_154_building,rootsift-nn_ratio-r2048-k8192,rootsift,nn_ratio,2048,8192,1861,107_0005_0140.JPG,107_0005_0154.JPG,6155,6185,1156,1084,0.9377162629757786,176.11697806661252,0.75,0.515625,0.9692556858062744,False,ok,0.10097920001135208
D1_154_building,rootsift-nn_ratio-r2048-k8192,rootsift,nn_ratio,2048,8192,1862,107_0005_0141.JPG,107_0005_0142.JPG,6152,6118,2613,2563,0.9808649062380406,418.92775416802874,0.796875,0.953125,0.9863248467445374,False,ok,0.017821699992055073
D1_154_building,rootsift-nn_ratio-r2048-k8192,rootsift,nn_ratio,2048,8192,1863,107_0005_0141.JPG,107_0005_0143.JPG,6152,6166,1667,1599,0.9592081583683263,259.9154746423927,0.546875,0.765625,0.9777358174324036,False,ok,0.03420860000187531
D1_154_building,rootsift-nn_ratio-r2048-k8192,rootsift,nn_ratio,2048,8192,1864,107_0005_0141.JPG,107_0005_0144.JPG,6152,6117,1037,954,0.9199614271938283,155.9588033349681,0.421875,0.671875,0.9696295857429504,False,ok,0.11093260001507588
D1_154_building,rootsift-nn_ratio-r2048-k8192,rootsift,nn_ratio,2048,8192,1865,107_0005_0141.JPG,107_0005_0145.JPG,6152,6173,628,566,0.9012738853503185,92.00260078023408,0.28125,0.671875,0.9626034498214722,False,ok,0.08645719999913126
D1_154_building,rootsift-nn_ratio-r2048-k8192,rootsift,nn_ratio,2048,8192,1866,107_0005_0141.JPG,107_0005_0146.JPG,6152,6171,534,470,0.8801498127340824,76.39791937581275,0.25,0.5625,0.9600359201431274,False,ok,0.017388600012054667
D1_154_building,rootsift-nn_ratio-r2048-k8192,rootsift,nn_ratio,2048,8192,1867,107_0005_0141.JPG,107_0005_0147.JPG,6152,6158,366,290,0.7923497267759563,47.13914174252276,0.203125,0.40625,0.9551684856414795,False,ok,0.06608170000254177
D1_154_building,rootsift-nn_ratio-r2048-k8192,rootsift,nn_ratio,2048,8192,1868,107_0005_0141.JPG,107_0005_0148.JPG,6152,6158,370,307,0.8297297297297297,49.902470741222366,0.25,0.453125,0.9541784524917603,False,ok,0.12042989998008125
D1_154_building,rootsift-nn_ratio-r2048-k8192,rootsift,nn_ratio,2048,8192,1869,107_0005_0141.JPG,107_0005_0149.JPG,6152,6161,608,552,0.9078947368421053,89.72691807542263,0.3125,0.53125,0.961661696434021,False,ok,0.10104400001000613
D1_154_building,rootsift-nn_ratio-r2048-k8192,rootsift,nn_ratio,2048,8192,1870,107_0005_0142.JPG,107_0005_0143.JPG,6118,6166,2605,2538,0.9742802303262956,414.84145145472377,0.828125,0.9375,0.9860509037971497,False,ok,0.12132919998839498
D1_154_building,rootsift-nn_ratio-r2048-k8192,rootsift,nn_ratio,2048,8192,1871,107_0005_0142.JPG,107_0005_0144.JPG,6118,6117,1774,1685,0.9498308906426156,275.4618276933137,0.5625,0.828125,0.9781448245048523,False,ok,0.016574099980061874
D1_154_building,rootsift-nn_ratio-r2048-k8192,rootsift,nn_ratio,2048,8192,1872,107_0005_0142.JPG,107_0005_0145.JPG,6118,6173,1212,1116,0.9207920792079208,182.41255312193528,0.46875,0.78125,0.9709308743476868,False,ok,0.11119470000267029
D1_154_building,rootsift-nn_ratio-r2048-k8192,rootsift,nn_ratio,2048,8192,1873,107_0005_0142.JPG,107_0005_0146.JPG,6118,6171,1024,935,0.9130859375,152.82772147760707,0.390625,0.703125,0.9674037098884583,False,ok,0.12123720001545735
D1_154_building,rootsift-nn_ratio-r2048-k8192,rootsift,nn_ratio,2048,8192,1874,107_0005_0142.JPG,107_0005_0147.JPG,6118,6158,718,649,0.903899721448468,106.08041843739784,0.359375,0.546875,0.9623447060585022,False,ok,0.018225699983304366
D1_154_building,rootsift-nn_ratio-r2048-k8192,rootsift,nn_ratio,2048,8192,1875,107_0005_0142.JPG,107_0005_0148.JPG,6118,6158,674,614,0.9109792284866469,100.35959463877084,0.359375,0.5625,0.9612868428230286,False,ok,0.020064600015757605
D1_154_building,rootsift-nn_ratio-r2048-k8192,rootsift,nn_ratio,2048,8192,1876,107_0005_0142.JPG,107_0005_0149.JPG,6118,6161,993,925,0.9315206445115811,151.19320039228506,0.453125,0.59375,0.9673675298690796,False,ok,0.12116880001849495
D1_154_building,rootsift-nn_ratio-r2048-k8192,rootsift,nn_ratio,2048,8192,1877,107_0005_0142.JPG,107_0005_0150.JPG,6118,6189,1334,1261,0.9452773613193404,206.11310885910427,0.625,0.6875,0.9704907536506653,False,ok,0.10091229999670759
D1_154_building,rootsift-nn_ratio-r2048-k8192,rootsift,nn_ratio,2048,8192,1878,107_0005_0143.JPG,107_0005_0144.JPG,6166,6117,2744,2674,0.9744897959183674,437.1423900604872,0.78125,0.96875,0.9861177206039429,False,ok,0.1211433999997098
D1_154_building,rootsift-nn_ratio-r2048-k8192,rootsift,nn_ratio,2048,8192,1879,107_0005_0143.JPG,107_0005_0145.JPG,6166,6173,2019,1918,0.9499752352649826,311.0606552059682,0.640625,0.84375,0.9799861311912537,False,ok,0.01640439999755472
D1_154_building,rootsift-nn_ratio-r2048-k8192,rootsift,nn_ratio,2048,8192,1880,107_0005_0143.JPG,107_0005_0146.JPG,6166,6171,1633,1560,0.9552969993876301,253.0003243593902,0.546875,0.78125,0.9756503105163574,False,ok,0.06449290001182817
D1_154_building,rootsift-nn_ratio-r2048-k8192,rootsift,nn_ratio,2048,8192,1881,107_0005_0143.JPG,107_0005_0147.JPG,6166,6158,1187,1122,0.945240101095198,182.20201364079247,0.453125,0.640625,0.9675949215888977,False,ok,0.09894089997396804
D1_154_building,rootsift-nn_ratio-r2048-k8192,rootsift,nn_ratio,2048,8192,1882,107_0005_0143.JPG,107_0005_0148.JPG,6166,6158,1128,1068,0.9468085106382979,173.43293277038,0.46875,0.625,0.9661163687705994,False,ok,0.1214808999793604
D1_154_building,rootsift-nn_ratio-r2048-k8192,rootsift,nn_ratio,2048,8192,1883,107_0005_0143.JPG,107_0005_0149.JPG,6166,6161,1439,1364,0.9478804725503822,221.39263106638532,0.609375,0.6875,0.970342755317688,False,ok,0.015179900015937164
D1_154_building,rootsift-nn_ratio-r2048-k8192,rootsift,nn_ratio,2048,8192,1884,107_0005_0143.JPG,107_0005_0150.JPG,6166,6189,1545,1466,0.9488673139158577,237.75543301978593,0.703125,0.65625,0.971245288848877,False,ok,0.017260299995541573
D1_154_building,rootsift-nn_ratio-r2048-k8192,rootsift,nn_ratio,2048,8192,1885,107_0005_0143.JPG,107_0005_0151.JPG,6166,6268,1214,1124,0.9258649093904449,182.28997729484269,0.625,0.453125,0.9694297313690186,False,ok,0.10075729998061433
D1_154_building,rootsift-nn_ratio-r2048-k8192,rootsift,nn_ratio,2048,8192,1886,107_0005_0144.JPG,107_0005_0145.JPG,6117,6173,2975,2934,0.986218487394958,479.6468857282982,0.890625,0.984375,0.9875853657722473,False,ok,0.12162779999198392
D1_154_building,rootsift-nn_ratio-r2048-k8192,rootsift,nn_ratio,2048,8192,1887,107_0005_0144.JPG,107_0005_0146.JPG,6117,6171,2348,2261,0.962947189097104,369.6256334804643,0.765625,0.90625,0.9802383184432983,False,ok,0.10114379998412915
D1_154_building,rootsift-nn_ratio-r2048-k8192,rootsift,nn_ratio,2048,8192,1888,107_0005_0144.JPG,107_0005_0147.JPG,6117,6158,1617,1555,0.9616573902288188,254.2095798594082,0.6875,0.75,0.971575915813446,False,ok,0.017242100002476946
D1_154_building,rootsift-nn_ratio-r2048-k8192,rootsift,nn_ratio,2048,8192,1889,107_0005_0144.JPG,107_0005_0148.JPG,6117,6158,1564,1507,0.9635549872122762,246.36259604381232,0.6875,0.734375,0.9699890613555908,False,ok,0.062479899992467836
D1_154_building,rootsift-nn_ratio-r2048-k8192,rootsift,nn_ratio,2048,8192,1890,107_0005_0144.JPG,107_0005_0149.JPG,6117,6161,1635,1573,0.962079510703364,257.15219879025665,0.75,0.640625,0.9712130427360535,False,ok,0.12075559998629615
D1_154_building,rootsift-nn_ratio-r2048-k8192,rootsift,nn_ratio,2048,8192,1891,107_0005_0144.JPG,107_0005_0150.JPG,6117,6189,1303,1237,0.9493476592478894,202.2233120810855,0.765625,0.484375,0.9695467948913574,False,ok,0.1212398000061512
D1_154_building,rootsift-nn_ratio-r2048-k8192,rootsift,nn_ratio,2048,8192,1892,107_0005_0144.JPG,107_0005_0151.JPG,6117,6268,923,828,0.8970747562296858,135.36047081902893,0.65625,0.375,0.9651062488555908,False,ok,0.021454300003824756
D1_154_building,rootsift-nn_ratio-r2048-k8192,rootsift,nn_ratio,2048,8192,1893,107_0005_0144.JPG,107_0005_0152.JPG,6117,6335,534,466,0.8726591760299626,76.18113454307667,0.484375,0.25,0.9595906138420105,False,ok,0.10108039999613538
D1_154_building,rootsift-nn_ratio-r2048-k8192,rootsift,nn_ratio,2048,8192,1894,107_0005_0145.JPG,107_0005_0146.JPG,6173,6171,2792,2727,0.9767191977077364,441.9056878949927,0.90625,0.890625,0.9834365844726562,False,ok,0.12098659999901429
D1_154_building,rootsift-nn_ratio-r2048-k8192,rootsift,nn_ratio,2048,8192,1895,107_0005_0145.JPG,107_0005_0147.JPG,6173,6158,1845,1791,0.9707317073170731,290.8411822020136,0.796875,0.75,0.9735013842582703,False,ok,0.10090370001853444
D1_154_building,rootsift-nn_ratio-r2048-k8192,rootsift,nn_ratio,2048,8192,1896,107_0005_0145.JPG,107_0005_0148.JPG,6173,6158,1725,1675,0.9710144927536232,272.00389736927576,0.78125,0.703125,0.9721556305885315,False,ok,0.015580900013446808
D1_154_building,rootsift-nn_ratio-r2048-k8192,rootsift,nn_ratio,2048,8192,1897,107_0005_0145.JPG,107_0005_0149.JPG,6173,6161,1357,1306,0.9624170965364776,211.97857490667099,0.765625,0.515625,0.970359742641449,False,ok,0.057015900005353615
D1_154_building,rootsift-nn_ratio-r2048-k8192,rootsift,nn_ratio,2048,8192,1898,107_0005_0145.JPG,107_0005_0150.JPG,6173,6189,976,898,0.9200819672131147,145.47221772233922,0.6875,0.40625,0.9662312865257263,False,ok,0.10094970001955517
D1_154_building,rootsift-nn_ratio-r2048-k8192,rootsift,nn_ratio,2048,8192,1899,107_0005_0145.JPG,107_0005_0151.JPG,6173,6268,596,528,0.8859060402684564,85.53377612182084,0.546875,0.296875,0.9621002674102783,False,ok,0.12120100000174716
D1_154_building,rootsift-nn_ratio-r2048-k8192,rootsift,nn_ratio,2048,8192,1900,107_0005_0145.JPG,107_0005_0152.JPG,6173,6335,319,264,0.8275862068965517,42.76688806091042,0.421875,0.203125,0.9566841721534729,False,ok,0.018393400008790195
D1_154_building,rootsift-nn_ratio-r2048-k8192,rootsift,nn_ratio,2048,8192,1901,107_0005_0145.JPG,107_0005_0153.JPG,6173,6264,137,95,0.6934306569343066,15.38959987040337,0.328125,0.15625,0.9507466554641724,False,ok,0.021822200011229143
D1_154_building,rootsift-nn_ratio-r2048-k8192,rootsift,nn_ratio,2048,8192,1902,107_0005_0146.JPG,107_0005_0147.JPG,6171,6158,2781,2734,0.9830996044588277,443.97531666125366,0.953125,0.859375,0.9848166704177856,False,ok,0.12116929999319836
D1_154_building,rootsift-nn_ratio-r2048-k8192,rootsift,nn_ratio,2048,8192,1903,107_0005_0146.JPG,107_0005_0148.JPG,6171,6158,2686,2630,0.9791511541325391,427.0867164663852,0.90625,0.84375,0.9835318922996521,False,ok,0.10096390001126565
D1_154_building,rootsift-nn_ratio-r2048-k8192,rootsift,nn_ratio,2048,8192,1904,107_0005_0146.JPG,107_0005_0149.JPG,6171,6161,1920,1866,0.971875,302.87291024184384,0.84375,0.515625,0.9803313612937927,False,ok,0.036824299982981756
D1_154_building,rootsift-nn_ratio-r2048-k8192,rootsift,nn_ratio,2048,8192,1905,107_0005_0146.JPG,107_0005_0150.JPG,6171,6189,1334,1243,0.931784107946027,201.42602495543673,0.65625,0.390625,0.9733960032463074,False,ok,0.025410600006580353
D1_154_building,rootsift-nn_ratio-r2048-k8192,rootsift,nn_ratio,2048,8192,1906,107_0005_0146.JPG,107_0005_0151.JPG,6171,6268,847,777,0.9173553719008265,125.91152163344677,0.578125,0.3125,0.9663524031639099,False,ok,0.051499799999874085
D1_154_building,rootsift-nn_ratio-r2048-k8192,rootsift,nn_ratio,2048,8192,1907,107_0005_0146.JPG,107_0005_0152.JPG,6171,6335,427,372,0.8711943793911007,60.281964025279535,0.453125,0.234375,0.9580752849578857,False,ok,0.03767009999137372
D1_154_building,rootsift-nn_ratio-r2048-k8192,rootsift,nn_ratio,2048,8192,1908,107_0005_0146.JPG,107_0005_0153.JPG,6171,6264,158,122,0.7721518987341772,19.769891427645437,0.3125,0.171875,0.9516961574554443,False,ok,0.054718800005503
D1_154_building,rootsift-nn_ratio-r2048-k8192,rootsift,nn_ratio,2048,8192,1909,107_0005_0146.JPG,107_0005_0154.JPG,6171,6185,47,17,0.3617021276595745,2.7548209366391183,0.140625,0.09375,0.9464956521987915,False,ok,0.06496600000537
D1_154_building,rootsift-nn_ratio-r2048-k8192,rootsift,nn_ratio,2048,8192,1910,107_0005_0147.JPG,107_0005_0148.JPG,6158,6158,3721,3668,0.985756517065305,595.6479376420916,0.953125,0.9375,0.9916321635246277,False,ok,0.019981299992650747
D1_154_building,rootsift-nn_ratio-r2048-k8192,rootsift,nn_ratio,2048,8192,1911,107_0005_0147.JPG,107_0005_0149.JPG,6158,6161,2323,2244,0.965992251399053,364.40402728158494,0.828125,0.578125,0.9845173954963684,False,ok,0.015314199990825728
D1_154_building,rootsift-nn_ratio-r2048-k8192,rootsift,nn_ratio,2048,8192,1912,107_0005_0147.JPG,107_0005_0150.JPG,6158,6189,1471,1394,0.947654656696125,226.37219876583308,0.65625,0.453125,0.976099967956543,False,ok,0.030681900010677055
D1_154_building,rootsift-nn_ratio-r2048-k8192,rootsift,nn_ratio,2048,8192,1913,107_0005_0147.JPG,107_0005_0151.JPG,6158,6268,872,811,0.930045871559633,131.6986034426762,0.515625,0.328125,0.9673830270767212,False,ok,0.10569999998551793
D1_154_building,rootsift-nn_ratio-r2048-k8192,rootsift,nn_ratio,2048,8192,1914,107_0005_0147.JPG,107_0005_0152.JPG,6158,6335,432,386,0.8935185185185185,62.68268918480026,0.40625,0.21875,0.9577098488807678,False,ok,0.11113249999471009
D1_154_building,rootsift-nn_ratio-r2048-k8192,rootsift,nn_ratio,2048,8192,1915,107_0005_0147.JPG,107_0005_0153.JPG,6158,6264,146,109,0.7465753424657534,17.70055212731406,0.265625,0.109375,0.9502177834510803,False,ok,0.12123150000115857
D1_154_building,rootsift-nn_ratio-r2048-k8192,rootsift,nn_ratio,2048,8192,1916,107_0005_0147.JPG,107_0005_0154.JPG,6158,6185,39,20,0.5128205128205128,3.247807729782397,0.125,0.078125,0.9467055201530457,False,ok,0.023525700002210215
D1_154_building,rootsift-nn_ratio-r2048-k8192,rootsift,nn_ratio,2048,8192,1917,107_0005_0148.JPG,107_0005_0149.JPG,6158,6161,2277,2212,0.971453667105841,359.2075349139331,0.828125,0.59375,0.9843412041664124,False,ok,0.021116699994308874
D1_154_building,rootsift-nn_ratio-r2048-k8192,rootsift,nn_ratio,2048,8192,1918,107_0005_0148.JPG,107_0005_0150.JPG,6158,6189,1473,1368,0.9287169042769857,222.15004871711594,0.578125,0.40625,0.9757632613182068,False,ok,0.12098920001881197
D1_154_building,rootsift-nn_ratio-r2048-k8192,rootsift,nn_ratio,2048,8192,1919,107_0005_0148.JPG,107_0005_0151.JPG,6158,6268,875,814,0.9302857142857143,132.18577460214354,0.515625,0.34375,0.9679073691368103,False,ok,0.09884940000483766
D1_154_building,rootsift-nn_ratio-r2048-k8192,rootsift,nn_ratio,2048,8192,1920,107_0005_0148.JPG,107_0005_0152.JPG,6158,6335,448,382,0.8526785714285714,62.03312763884378,0.421875,0.21875,0.9573463201522827,False,ok,0.12156219998723827
D1_154_building,rootsift-nn_ratio-r2048-k8192,rootsift,nn_ratio,2048,8192,1921,107_0005_0148.JPG,107_0005_0153.JPG,6158,6264,142,108,0.7605633802816901,17.538161740824943,0.3125,0.109375,0.9500008225440979,False,ok,0.01672559999860823
D1_154_building,rootsift-nn_ratio-r2048-k8192,rootsift,nn_ratio,2048,8192,1922,107_0005_0148.JPG,107_0005_0154.JPG,6158,6185,59,17,0.288135593220339,2.7606365703150373,0.09375,0.0625,0.9440213441848755,False,ok,0.022845300001790747
D1_154_building,rootsift-nn_ratio-r2048-k8192,rootsift,nn_ratio,2048,8192,1923,107_0005_0149.JPG,107_0005_0150.JPG,6161,6189,2345,2257,0.9624733475479744,366.33663366336634,0.859375,0.78125,0.9847533106803894,False,ok,0.1209808999847155
D1_154_building,rootsift-nn_ratio-r2048-k8192,rootsift,nn_ratio,2048,8192,1924,107_0005_0149.JPG,107_0005_0151.JPG,6161,6268,1433,1343,0.9371946964410328,217.98409349131634,0.71875,0.578125,0.9767822027206421,False,ok,0.10089929998503067
D1_154_building,rootsift-nn_ratio-r2048-k8192,rootsift,nn_ratio,2048,8192,1925,107_0005_0149.JPG,107_0005_0152.JPG,6161,6335,813,742,0.9126691266912669,120.43499431910404,0.546875,0.421875,0.967393696308136,False,ok,0.017933600000105798
D1_154_building,rootsift-nn_ratio-r2048-k8192,rootsift,nn_ratio,2048,8192,1926,107_0005_0149.JPG,107_0005_0153.JPG,6161,6264,353,300,0.8498583569405099,48.69339392955689,0.4375,0.265625,0.9586592316627502,False,ok,0.08463880000635982
D1_154_building,rootsift-nn_ratio-r2048-k8192,rootsift,nn_ratio,2048,8192,1927,107_0005_0149.JPG,107_0005_0154.JPG,6161,6185,122,83,0.680327868852459,13.471838987177406,0.25,0.125,0.9487516283988953,False,ok,0.10107090001110919
D1_154_building,rootsift-nn_ratio-r2048-k8192,rootsift,nn_ratio,2048,8192,1928,107_0005_0150.JPG,107_0005_0151.JPG,6189,6268,2168,2071,0.9552583025830258,334.62594926482467,0.90625,0.796875,0.9842482209205627,False,ok,0.11960790000739507
D1_154_building,rootsift-nn_ratio-r2048-k8192,rootsift,nn_ratio,2048,8192,1929,107_0005_0150.JPG,107_0005_0152.JPG,6189,6335,1267,1200,0.9471191791633781,193.89238972370333,0.75,0.609375,0.977096438407898,False,ok,0.10085710001294501
D1_154_building,rootsift-nn_ratio-r2048-k8192,rootsift,nn_ratio,2048,8192,1930,107_0005_0150.JPG,107_0005_0153.JPG,6189,6264,626,576,0.9201277955271565,93.0683470673776,0.5625,0.375,0.9675471186637878,False,ok,0.01881940002203919
D1_154_building,rootsift-nn_ratio-r2048-k8192,rootsift,nn_ratio,2048,8192,1931,107_0005_0150.JPG,107_0005_0154.JPG,6189,6185,253,212,0.8379446640316206,34.27647534357316,0.421875,0.21875,0.9587445259094238,False,ok,0.02251439998508431
D1_154_building,rootsift-nn_ratio-r2048-k8192,rootsift,nn_ratio,2048,8192,1932,107_0005_0151.JPG,107_0005_0152.JPG,6268,6335,2344,2242,0.9564846416382252,357.68985322271857,0.96875,0.8125,0.9838995337486267,False,ok,0.1112575999868568
D1_154_building,rootsift-nn_ratio-r2048-k8192,rootsift,nn_ratio,2048,8192,1933,107_0005_0151.JPG,107_0005_0153.JPG,6268,6264,1244,1149,0.9236334405144695,183.42911877394636,0.78125,0.5625,0.9752678275108337,False,ok,0.11604090000037104
D1_154_building,rootsift-nn_ratio-r2048-k8192,rootsift,nn_ratio,2048,8192,1934,107_0005_0151.JPG,107_0005_0154.JPG,6268,6185,603,527,0.8739635157545605,85.20614389652386,0.59375,0.390625,0.9676527976989746,False,ok,0.016683199995895848
D1_154_building,rootsift-nn_ratio-r2048-k8192,rootsift,nn_ratio,2048,8192,1935,107_0005_0152.JPG,107_0005_0153.JPG,6335,6264,2268,2155,0.9501763668430335,344.029374201788,0.953125,0.84375,0.9827572107315063,False,ok,0.04585739999311045
D1_154_building,rootsift-nn_ratio-r2048-k8192,rootsift,nn_ratio,2048,8192,1936,107_0005_0152.JPG,107_0005_0154.JPG,6335,6185,1287,1198,0.9308469308469308,193.6944219886823,0.796875,0.59375,0.9756614565849304,False,ok,0.12062439997680485
D1_154_building,rootsift-nn_ratio-r2048-k8192,rootsift,nn_ratio,2048,8192,1937,107_0005_0153.JPG,107_0005_0154.JPG,6264,6185,2344,2265,0.966296928327645,366.2085691188359,0.984375,0.859375,0.9840741753578186,False,ok,0.10118659998988733
