dataset,config,front_end,matcher,working_resolution,keypoint_budget,pair_index,image1,image2,keypoints_image1,keypoints_image2,raw_matches,verified_inliers,inlier_ratio,inliers_per_1000_keypoints,coverage_image1,coverage_image2,mean_match_score,failed_pair,verification_status,seconds
D1_154_building,rootsift-lightglue-r2048-k8192,rootsift,lightglue,2048,8192,1,107_0005_0001.JPG,107_0005_0002.JPG,6404,6337,4285,4241,0.9897316219369895,669.244121824207,0.875,0.90625,0.8426401019096375,False,ok,0.7044662999978755
D1_154_building,rootsift-lightglue-r2048-k8192,rootsift,lightglue,2048,8192,2,107_0005_0001.JPG,107_0005_0003.JPG,6404,6370,3051,2817,0.9233038348082596,442.22919937205654,0.71875,0.734375,0.866759717464447,False,ok,0.45714019998558797
D1_154_building,rootsift-lightglue-r2048-k8192,rootsift,lightglue,2048,8192,3,107_0005_0001.JPG,107_0005_0004.JPG,6404,6297,1878,1640,0.873269435569755,260.44148006987456,0.484375,0.484375,0.8634313941001892,False,ok,0.42091860002256
D1_154_building,rootsift-lightglue-r2048-k8192,rootsift,lightglue,2048,8192,4,107_0005_0001.JPG,107_0005_0005.JPG,6404,6318,1113,907,0.8149146451033243,143.55808800253246,0.3125,0.265625,0.8416332602500916,False,ok,0.4652690000075381
D1_154_building,rootsift-lightglue-r2048-k8192,rootsift,lightglue,2048,8192,5,107_0005_0001.JPG,107_0005_0006.JPG,6404,6370,600,430,0.7166666666666667,67.50392464678178,0.15625,0.15625,0.7568399310112,False,ok,0.40891060000285506
D1_154_building,rootsift-lightglue-r2048-k8192,rootsift,lightglue,2048,8192,6,107_0005_0001.JPG,107_0005_0007.JPG,6404,6375,13,9,0.6923076923076923,1.411764705882353,0.046875,0.046875,0.22021669149398804,True,ok,0.40108939999481663
D1_154_building,rootsift-lightglue-r2048-k8192,rootsift,lightglue,2048,8192,7,107_0005_0001.JPG,107_0005_0008.JPG,6404,6309,18,9,0.5,1.4265335235378032,0.0625,0.078125,0.20380648970603943,True,ok,0.3559565999894403
D1_154_building,rootsift-lightglue-r2048-k8192,rootsift,lightglue,2048,8192,8,107_0005_0001.JPG,107_0005_0009.JPG,6404,6305,5,0,0.0,0.0,0.0,0.0,0.19774529337882996,True,too_few_matches,0.34593079998739995
D1_154_building,rootsift-lightglue-r2048-k8192,rootsift,lightglue,2048,8192,9,107_0005_0001.JPG,107_0005_0053.JPG,6404,6119,1125,949,0.8435555555555555,155.09070109495016,0.328125,0.34375,0.809814453125,False,ok,0.555191499995999
D1_154_building,rootsift-lightglue-r2048-k8192,rootsift,lightglue,2048,8192,10,107_0005_0001.JPG,107_0005_0054.JPG,6404,6237,1538,1316,0.8556566970091027,210.99887766554434,0.46875,0.453125,0.8351204991340637,False,ok,0.5116199000040069
D1_154_building,rootsift-lightglue-r2048-k8192,rootsift,lightglue,2048,8192,11,107_0005_0001.JPG,107_0005_0055.JPG,6404,6276,1961,1717,0.8755736868944416,273.5818992989165,0.625,0.53125,0.8442585468292236,False,ok,0.563384999986738
D1_154_building,rootsift-lightglue-r2048-k8192,rootsift,lightglue,2048,8192,12,107_0005_0001.JPG,107_0005_0056.JPG,6404,6358,1826,1475,0.8077765607886089,231.99119219880467,0.625,0.53125,0.7885926961898804,False,ok,0.5318378999945708
D1_154_building,rootsift-lightglue-r2048-k8192,rootsift,lightglue,2048,8192,13,107_0005_0001.JPG,107_0005_0066.JPG,6404,6422,288,167,0.5798611111111112,26.077451592754528,0.078125,0.09375,0.7466321587562561,False,ok,0.5338450999988709
D1_154_building,rootsift-lightglue-r2048-k8192,rootsift,lightglue,2048,8192,14,107_0005_0001.JPG,107_0005_0067.JPG,6404,6311,953,743,0.7796432318992654,117.73094596735858,0.21875,0.28125,0.8379895091056824,False,ok,0.35447500000009313
D1_154_building,rootsift-lightglue-r2048-k8192,rootsift,lightglue,2048,8192,15,107_0005_0001.JPG,107_0005_0068.JPG,6404,6337,1588,1415,0.8910579345088161,223.2917784440587,0.375,0.4375,0.8533980250358582,False,ok,0.3756547000084538
D1_154_building,rootsift-lightglue-r2048-k8192,rootsift,lightglue,2048,8192,16,107_0005_0001.JPG,107_0005_0069.JPG,6404,6366,1976,1660,0.840080971659919,260.7602890355011,0.59375,0.53125,0.8348074555397034,False,ok,0.4436312000034377
D1_154_building,rootsift-lightglue-r2048-k8192,rootsift,lightglue,2048,8192,17,107_0005_0001.JPG,107_0005_0070.JPG,6404,6325,1937,1604,0.8280846670108415,253.59683794466403,0.671875,0.609375,0.8332067131996155,False,ok,0.450977900007274
D1_154_building,rootsift-lightglue-r2048-k8192,rootsift,lightglue,2048,8192,18,107_0005_0001.JPG,107_0005_0071.JPG,6404,6399,1933,1564,0.8091050181065701,244.4131895608689,0.703125,0.65625,0.8121201395988464,False,ok,0.5799078999843914
D1_154_building,rootsift-lightglue-r2048-k8192,rootsift,lightglue,2048,8192,19,107_0005_0002.JPG,107_0005_0003.JPG,6337,6370,3153,2938,0.9318109736758643,463.6263216032823,0.8125,0.765625,0.8621218204498291,False,ok,0.5313881000038236
D1_154_building,rootsift-lightglue-r2048-k8192,rootsift,lightglue,2048,8192,20,107_0005_0002.JPG,107_0005_0004.JPG,6337,6297,1929,1691,0.8766200103680664,268.5405748769255,0.5625,0.515625,0.8597967624664307,False,ok,0.34346789997653104
D1_154_building,rootsift-lightglue-r2048-k8192,rootsift,lightglue,2048,8192,21,107_0005_0002.JPG,107_0005_0005.JPG,6337,6318,1148,973,0.8475609756097561,154.00443178220956,0.34375,0.3125,0.8382959365844727,False,ok,0.4233746000099927
D1_154_building,rootsift-lightglue-r2048-k8192,rootsift,lightglue,2048,8192,22,107_0005_0002.JPG,107_0005_0006.JPG,6337,6370,648,483,0.7453703703703703,76.21903108726526,0.15625,0.15625,0.7801611423492432,False,ok,0.30965360000845976
D1_154_building,rootsift-lightglue-r2048-k8192,rootsift,lightglue,2048,8192,23,107_0005_0002.JPG,107_0005_0007.JPG,6337,6375,9,7,0.7777777777777778,1.1046236389458735,0.078125,0.046875,0.3182715177536011,True,ok,0.4408396999933757
D1_154_building,rootsift-lightglue-r2048-k8192,rootsift,lightglue,2048,8192,24,107_0005_0002.JPG,107_0005_0008.JPG,6337,6309,18,9,0.5,1.4265335235378032,0.09375,0.109375,0.20440156757831573,True,ok,0.31520529999397695
D1_154_building,rootsift-lightglue-r2048-k8192,rootsift,lightglue,2048,8192,25,107_0005_0002.JPG,107_0005_0009.JPG,6337,6305,4,0,0.0,0.0,0.0,0.0,0.19233626127243042,True,too_few_matches,0.39250580000225455
D1_154_building,rootsift-lightglue-r2048-k8192,rootsift,lightglue,2048,8192,26,107_0005_0002.JPG,107_0005_0010.JPG,6337,6277,1,0,0.0,0.0,0.0,0.0,0.10403336584568024,True,too_few_matches,0.19381619998603128
D1_154_building,rootsift-lightglue-r2048-k8192,rootsift,lightglue,2048,8192,27,107_0005_0002.JPG,107_0005_0019.JPG,6337,6277,2399,2112,0.8803668195081283,336.466464871754,0.6875,0.75,0.8561698198318481,False,ok,0.2765015000186395
D1_154_building,rootsift-lightglue-r2048-k8192,rootsift,lightglue,2048,8192,28,107_0005_0002.JPG,107_0005_0053.JPG,6337,6119,1146,1005,0.8769633507853403,164.24252328811897,0.375,0.34375,0.8404241800308228,False,ok,0.499444900022354
D1_154_building,rootsift-lightglue-r2048-k8192,rootsift,lightglue,2048,8192,29,107_0005_0002.JPG,107_0005_0054.JPG,6337,6237,1591,1390,0.873664362036455,222.86355619688953,0.5,0.421875,0.8578861355781555,False,ok,0.4744019999925513
D1_154_building,rootsift-lightglue-r2048-k8192,rootsift,lightglue,2048,8192,30,107_0005_0002.JPG,107_0005_0055.JPG,6337,6276,2006,1781,0.8878364905284147,283.77947737412364,0.625,0.515625,0.8499837517738342,False,ok,0.6580447000160348
D1_154_building,rootsift-lightglue-r2048-k8192,rootsift,lightglue,2048,8192,31,107_0005_0002.JPG,107_0005_0056.JPG,6337,6358,1906,1557,0.816894018887723,245.69985797696071,0.671875,0.578125,0.7837605476379395,False,ok,0.5823585000180174
D1_154_building,rootsift-lightglue-r2048-k8192,rootsift,lightglue,2048,8192,32,107_0005_0002.JPG,107_0005_0066.JPG,6337,6422,287,176,0.6132404181184669,27.773394350639105,0.078125,0.09375,0.7278673052787781,False,ok,0.299844099994516
D1_154_building,rootsift-lightglue-r2048-k8192,rootsift,lightglue,2048,8192,33,107_0005_0002.JPG,107_0005_0067.JPG,6337,6311,1020,847,0.8303921568627451,134.2101093329108,0.328125,0.328125,0.832774817943573,False,ok,0.37814780001644976
D1_154_building,rootsift-lightglue-r2048-k8192,rootsift,lightglue,2048,8192,34,107_0005_0002.JPG,107_0005_0068.JPG,6337,6337,1642,1438,0.8757612667478685,226.92125611488086,0.4375,0.4375,0.8462539911270142,False,ok,0.2794632000150159
D1_154_building,rootsift-lightglue-r2048-k8192,rootsift,lightglue,2048,8192,35,107_0005_0002.JPG,107_0005_0069.JPG,6337,6366,2008,1700,0.8466135458167331,268.265740886855,0.671875,0.578125,0.840779721736908,False,ok,0.5463869000086561
D1_154_building,rootsift-lightglue-r2048-k8192,rootsift,lightglue,2048,8192,36,107_0005_0002.JPG,107_0005_0070.JPG,6337,6325,1962,1639,0.8353720693170235,259.1304347826087,0.765625,0.65625,0.8425946831703186,False,ok,0.43667009999626316
D1_154_building,rootsift-lightglue-r2048-k8192,rootsift,lightglue,2048,8192,37,107_0005_0002.JPG,107_0005_0071.JPG,6337,6399,1984,1622,0.8175403225806451,255.9570774814581,0.765625,0.671875,0.8233418464660645,False,ok,0.6138864999811631
D1_154_building,rootsift-lightglue-r2048-k8192,rootsift,lightglue,2048,8192,38,107_0005_0003.JPG,107_0005_0004.JPG,6370,6297,2870,2664,0.9282229965156794,423.0585993330157,0.78125,0.765625,0.8652604818344116,False,ok,0.5047304999898188
D1_154_building,rootsift-lightglue-r2048-k8192,rootsift,lightglue,2048,8192,39,107_0005_0003.JPG,107_0005_0005.JPG,6370,6318,1817,1604,0.8827738029719318,253.877809433365,0.484375,0.484375,0.8552315831184387,False,ok,0.33352749998448417
D1_154_building,rootsift-lightglue-r2048-k8192,rootsift,lightglue,2048,8192,40,107_0005_0003.JPG,107_0005_0006.JPG,6370,6370,1222,949,0.776595744680851,148.9795918367347,0.390625,0.390625,0.7960126399993896,False,ok,0.48585510000702925
D1_154_building,rootsift-lightglue-r2048-k8192,rootsift,lightglue,2048,8192,41,107_0005_0003.JPG,107_0005_0007.JPG,6370,6375,526,346,0.6577946768060836,54.3171114599686,0.1875,0.1875,0.7108418941497803,False,ok,0.34341539998422377
D1_154_building,rootsift-lightglue-r2048-k8192,rootsift,lightglue,2048,8192,42,107_0005_0003.JPG,107_0005_0008.JPG,6370,6309,4,0,0.0,0.0,0.0,0.0,0.24250592291355133,True,too_few_matches,0.4902524000208359
D1_154_building,rootsift-lightglue-r2048-k8192,rootsift,lightglue,2048,8192,43,107_0005_0003.JPG,107_0005_0009.JPG,6370,6305,5,0,0.0,0.0,0.0,0.0,0.19528505206108093,True,too_few_matches,0.32468879999942146
D1_154_building,rootsift-lightglue-r2048-k8192,rootsift,lightglue,2048,8192,44,107_0005_0003.JPG,107_0005_0010.JPG,6370,6277,4,0,0.0,0.0,0.0,0.0,0.2705298066139221,True,too_few_matches,0.40572209999663755
D1_154_building,rootsift-lightglue-r2048-k8192,rootsift,lightglue,2048,8192,45,107_0005_0003.JPG,107_0005_0011.JPG,6370,6209,3,0,0.0,0.0,0.0,0.0,0.21890349686145782,True,too_few_matches,0.2683909999905154
D1_154_building,rootsift-lightglue-r2048-k8192,rootsift,lightglue,2048,8192,46,107_0005_0003.JPG,107_0005_0053.JPG,6370,6119,1050,884,0.8419047619047619,144.46805033502207,0.34375,0.390625,0.822354793548584,False,ok,0.62263980001444
D1_154_building,rootsift-lightglue-r2048-k8192,rootsift,lightglue,2048,8192,47,107_0005_0003.JPG,107_0005_0054.JPG,6370,6237,1507,1330,0.8825481088254811,213.2435465768799,0.5,0.453125,0.8522635102272034,False,ok,0.4265142999938689
D1_154_building,rootsift-lightglue-r2048-k8192,rootsift,lightglue,2048,8192,48,107_0005_0003.JPG,107_0005_0055.JPG,6370,6276,1949,1756,0.900974858902001,279.79604843849586,0.609375,0.546875,0.8564370274543762,False,ok,0.5851503000012599
D1_154_building,rootsift-lightglue-r2048-k8192,rootsift,lightglue,2048,8192,49,107_0005_0003.JPG,107_0005_0056.JPG,6370,6358,1886,1543,0.8181336161187699,242.68637936458006,0.625,0.578125,0.7987392544746399,False,ok,0.6614144000050146
D1_154_building,rootsift-lightglue-r2048-k8192,rootsift,lightglue,2048,8192,50,107_0005_0003.JPG,107_0005_0057.JPG,6370,6311,1816,1376,0.7577092511013216,218.03200760576772,0.71875,0.546875,0.7603245973587036,False,ok,0.6011795999947935
D1_154_building,rootsift-lightglue-r2048-k8192,rootsift,lightglue,2048,8192,51,107_0005_0003.JPG,107_0005_0065.JPG,6370,6309,254,131,0.515748031496063,20.763987953716914,0.09375,0.109375,0.6350510120391846,False,ok,0.46411620001890697
D1_154_building,rootsift-lightglue-r2048-k8192,rootsift,lightglue,2048,8192,52,107_0005_0003.JPG,107_0005_0066.JPG,6370,6422,959,637,0.6642335766423357,100.0,0.296875,0.328125,0.839713454246521,False,ok,0.421647999988636
D1_154_building,rootsift-lightglue-r2048-k8192,rootsift,lightglue,2048,8192,53,107_0005_0003.JPG,107_0005_0067.JPG,6370,6311,1660,1386,0.8349397590361446,219.61654254476312,0.4375,0.4375,0.8322603702545166,False,ok,0.2848947999882512
D1_154_building,rootsift-lightglue-r2048-k8192,rootsift,lightglue,2048,8192,54,107_0005_0003.JPG,107_0005_0068.JPG,6370,6337,1880,1567,0.8335106382978723,247.27789174688337,0.625,0.59375,0.8125721216201782,False,ok,0.5500990999862552
D1_154_building,rootsift-lightglue-r2048-k8192,rootsift,lightglue,2048,8192,55,107_0005_0003.JPG,107_0005_0069.JPG,6370,6366,2045,1632,0.798044009779951,256.36192271442036,0.78125,0.65625,0.8194340467453003,False,ok,0.487185000005411
D1_154_building,rootsift-lightglue-r2048-k8192,rootsift,lightglue,2048,8192,56,107_0005_0003.JPG,107_0005_0147.JPG,6370,6158,247,233,0.9433198380566802,37.83696005196492,0.453125,0.359375,0.36671608686447144,False,ok,0.6113394999993034
D1_154_building,rootsift-lightglue-r2048-k8192,rootsift,lightglue,2048,8192,57,107_0005_0004.JPG,107_0005_0005.JPG,6297,6318,2707,2425,0.8958256372367935,385.1040177862474,0.734375,0.734375,0.8270081281661987,False,ok,0.6087113000103272
D1_154_building,rootsift-lightglue-r2048-k8192,rootsift,lightglue,2048,8192,58,107_0005_0004.JPG,107_0005_0006.JPG,6297,6370,1908,1534,0.8039832285115304,243.60806733365095,0.546875,0.546875,0.7902453541755676,False,ok,0.48104959999909624
D1_154_building,rootsift-lightglue-r2048-k8192,rootsift,lightglue,2048,8192,59,107_0005_0004.JPG,107_0005_0007.JPG,6297,6375,1171,794,0.6780529461998293,126.09178974114658,0.453125,0.421875,0.7306340932846069,False,ok,0.4115027999796439
D1_154_building,rootsift-lightglue-r2048-k8192,rootsift,lightglue,2048,8192,60,107_0005_0004.JPG,107_0005_0008.JPG,6297,6309,538,336,0.6245353159851301,53.3587422582182,0.21875,0.21875,0.675896406173706,False,ok,0.5416513999807648
D1_154_building,rootsift-lightglue-r2048-k8192,rootsift,lightglue,2048,8192,61,107_0005_0004.JPG,107_0005_0009.JPG,6297,6305,86,44,0.5116279069767442,6.987454343338097,0.0625,0.078125,0.4296078681945801,False,ok,0.2699127999949269
D1_154_building,rootsift-lightglue-r2048-k8192,rootsift,lightglue,2048,8192,62,107_0005_0004.JPG,107_0005_0010.JPG,6297,6277,131,73,0.5572519083969466,11.629759439222559,0.078125,0.078125,0.5122119188308716,False,ok,0.558674300002167
D1_154_building,rootsift-lightglue-r2048-k8192,rootsift,lightglue,2048,8192,63,107_0005_0004.JPG,107_0005_0011.JPG,6297,6209,29,17,0.5862068965517241,2.737961024319536,0.09375,0.09375,0.4403458535671234,False,ok,0.40548669997951947
D1_154_building,rootsift-lightglue-r2048-k8192,rootsift,lightglue,2048,8192,64,107_0005_0004.JPG,107_0005_0012.JPG,6297,6171,11,7,0.6363636363636364,1.1343380327337547,0.078125,0.109375,0.35131749510765076,True,ok,0.34125480000511743
D1_154_building,rootsift-lightglue-r2048-k8192,rootsift,lightglue,2048,8192,65,107_0005_0004.JPG,107_0005_0045.JPG,6297,6328,1707,1397,0.8183948447568834,221.8516754009846,0.609375,0.46875,0.7826444506645203,False,ok,0.6259084999910556
D1_154_building,rootsift-lightglue-r2048-k8192,rootsift,lightglue,2048,8192,66,107_0005_0004.JPG,107_0005_0046.JPG,6297,6327,1239,991,0.7998385794995965,157.3765285056376,0.484375,0.375,0.7673631310462952,False,ok,0.5307255999941844
D1_154_building,rootsift-lightglue-r2048-k8192,rootsift,lightglue,2048,8192,67,107_0005_0004.JPG,107_0005_0054.JPG,6297,6237,1270,1076,0.8472440944881889,172.51883918550584,0.5,0.453125,0.815834641456604,False,ok,0.4525459000142291
D1_154_building,rootsift-lightglue-r2048-k8192,rootsift,lightglue,2048,8192,68,107_0005_0004.JPG,107_0005_0055.JPG,6297,6276,1614,1299,0.8048327137546468,206.97896749521988,0.5625,0.53125,0.8351905345916748,False,ok,0.567441899998812
D1_154_building,rootsift-lightglue-r2048-k8192,rootsift,lightglue,2048,8192,69,107_0005_0004.JPG,107_0005_0056.JPG,6297,6358,1660,1259,0.7584337349397591,199.93647768778783,0.640625,0.5625,0.7654350996017456,False,ok,0.6461874999804422
D1_154_building,rootsift-lightglue-r2048-k8192,rootsift,lightglue,2048,8192,70,107_0005_0004.JPG,107_0005_0061.JPG,6297,6336,1776,1422,0.8006756756756757,225.82181991424488,0.6875,0.53125,0.7958776354789734,False,ok,0.5165936000121292
D1_154_building,rootsift-lightglue-r2048-k8192,rootsift,lightglue,2048,8192,71,107_0005_0004.JPG,107_0005_0062.JPG,6297,6333,1241,885,0.7131345688960515,140.54311576941402,0.40625,0.359375,0.7784069776535034,False,ok,0.5313055999868084
D1_154_building,rootsift-lightglue-r2048-k8192,rootsift,lightglue,2048,8192,72,107_0005_0004.JPG,107_0005_0063.JPG,6297,6285,442,275,0.6221719457013575,43.75497215592681,0.203125,0.203125,0.6999381184577942,False,ok,0.5416062000149395
D1_154_building,rootsift-lightglue-r2048-k8192,rootsift,lightglue,2048,8192,73,107_0005_0004.JPG,107_0005_0065.JPG,6297,6309,1021,603,0.5905974534769833,95.75988565983802,0.34375,0.359375,0.6833004951477051,False,ok,0.3754241999995429
D1_154_building,rootsift-lightglue-r2048-k8192,rootsift,lightglue,2048,8192,74,107_0005_0004.JPG,107_0005_0066.JPG,6297,6422,1713,1169,0.6824284880326912,185.64395744005083,0.453125,0.453125,0.8108305931091309,False,ok,0.4372088000236545
D1_154_building,rootsift-lightglue-r2048-k8192,rootsift,lightglue,2048,8192,75,107_0005_0004.JPG,107_0005_0067.JPG,6297,6311,1778,1337,0.7519685039370079,212.3233285691599,0.59375,0.5,0.7835434079170227,False,ok,0.4851507999992464
D1_154_building,rootsift-lightglue-r2048-k8192,rootsift,lightglue,2048,8192,76,107_0005_0004.JPG,107_0005_0146.JPG,6297,6171,221,209,0.9457013574660633,33.8680926916221,0.34375,0.3125,0.33528122305870056,False,ok,0.5677055999985896
D1_154_building,rootsift-lightglue-r2048-k8192,rootsift,lightglue,2048,8192,77,107_0005_0004.JPG,107_0005_0147.JPG,6297,6158,344,336,0.9767441860465116,54.56316986034427,0.375,0.359375,0.42669403553009033,False,ok,0.6018470000126399
D1_154_building,rootsift-lightglue-r2048-k8192,rootsift,lightglue,2048,8192,78,107_0005_0004.JPG,107_0005_0148.JPG,6297,6158,366,360,0.9836065573770492,58.46053913608314,0.34375,0.34375,0.4615395963191986,False,ok,0.5276712999911979
D1_154_building,rootsift-lightglue-r2048-k8192,rootsift,lightglue,2048,8192,79,107_0005_0005.JPG,107_0005_0006.JPG,6318,6370,2974,2517,0.8463349024882313,398.3855650522317,0.78125,0.8125,0.7985355257987976,False,ok,0.5324632000119891
D1_154_building,rootsift-lightglue-r2048-k8192,rootsift,lightglue,2048,8192,80,107_0005_0005.JPG,107_0005_0007.JPG,6318,6375,1970,1499,0.7609137055837564,237.25862614751503,0.59375,0.609375,0.7755536437034607,False,ok,0.5863053000066429
D1_154_building,rootsift-lightglue-r2048-k8192,rootsift,lightglue,2048,8192,81,107_0005_0005.JPG,107_0005_0008.JPG,6318,6309,1247,824,0.6607858861267041,130.60706926612775,0.453125,0.4375,0.7679802775382996,False,ok,0.5471529999922495
D1_154_building,rootsift-lightglue-r2048-k8192,rootsift,lightglue,2048,8192,82,107_0005_0005.JPG,107_0005_0009.JPG,6318,6305,661,497,0.7518910741301059,78.8263283108644,0.21875,0.21875,0.7872635722160339,False,ok,0.32812140000169165
D1_154_building,rootsift-lightglue-r2048-k8192,rootsift,lightglue,2048,8192,83,107_0005_0005.JPG,107_0005_0010.JPG,6318,6277,657,449,0.6834094368340944,71.53098613987574,0.25,0.203125,0.778788685798645,False,ok,0.548710500006564
D1_154_building,rootsift-lightglue-r2048-k8192,rootsift,lightglue,2048,8192,84,107_0005_0005.JPG,107_0005_0011.JPG,6318,6209,504,334,0.6626984126984127,53.79288130133677,0.203125,0.171875,0.7447341680526733,False,ok,0.43806990000302903
D1_154_building,rootsift-lightglue-r2048-k8192,rootsift,lightglue,2048,8192,85,107_0005_0005.JPG,107_0005_0012.JPG,6318,6171,461,321,0.6963123644251626,52.01750121536218,0.171875,0.171875,0.7594702839851379,False,ok,0.37867229999392293
D1_154_building,rootsift-lightglue-r2048-k8192,rootsift,lightglue,2048,8192,86,107_0005_0005.JPG,107_0005_0013.JPG,6318,6226,847,591,0.6977567886658795,94.9245101188564,0.34375,0.3125,0.8055996298789978,False,ok,0.5054048000019975
D1_154_building,rootsift-lightglue-r2048-k8192,rootsift,lightglue,2048,8192,87,107_0005_0005.JPG,107_0005_0044.JPG,6318,6397,1698,1306,0.7691401648998822,206.71098448876228,0.671875,0.5625,0.7419411540031433,False,ok,0.5594018999836408
D1_154_building,rootsift-lightglue-r2048-k8192,rootsift,lightglue,2048,8192,88,107_0005_0005.JPG,107_0005_0045.JPG,6318,6328,1597,1315,0.823418910457107,208.1354859132637,0.59375,0.53125,0.8027812838554382,False,ok,0.5137838000082411
D1_154_building,rootsift-lightglue-r2048-k8192,rootsift,lightglue,2048,8192,89,107_0005_0005.JPG,107_0005_0046.JPG,6318,6327,1171,917,0.7830913748932536,145.1408673630896,0.5,0.453125,0.77564936876297,False,ok,0.4721674000029452
D1_154_building,rootsift-lightglue-r2048-k8192,rootsift,lightglue,2048,8192,90,107_0005_0005.JPG,107_0005_0062.JPG,6318,6333,1762,1247,0.7077185017026106,197.37258626147516,0.625,0.546875,0.7720332145690918,False,ok,0.6003734999976587
D1_154_building,rootsift-lightglue-r2048-k8192,rootsift,lightglue,2048,8192,91,107_0005_0005.JPG,107_0005_0063.JPG,6318,6285,1141,829,0.726555652936021,131.9013524264121,0.421875,0.40625,0.7568449378013611,False,ok,0.37147069998900406
D1_154_building,rootsift-lightglue-r2048-k8192,rootsift,lightglue,2048,8192,92,107_0005_0005.JPG,107_0005_0064.JPG,6318,6316,877,510,0.5815279361459521,80.74730842305256,0.25,0.265625,0.7622125744819641,False,ok,0.39469719998305663
D1_154_building,rootsift-lightglue-r2048-k8192,rootsift,lightglue,2048,8192,93,107_0005_0005.JPG,107_0005_0065.JPG,6318,6309,1817,1236,0.6802421574023115,195.91060389919164,0.5,0.5,0.7684103846549988,False,ok,0.08606679999502376
D1_154_building,rootsift-lightglue-r2048-k8192,rootsift,lightglue,2048,8192,94,107_0005_0005.JPG,107_0005_0066.JPG,6318,6422,1959,1221,0.6232771822358346,193.2573599240266,0.625,0.53125,0.7190841436386108,False,ok,0.19295639998745173
D1_154_building,rootsift-lightglue-r2048-k8192,rootsift,lightglue,2048,8192,95,107_0005_0005.JPG,107_0005_0146.JPG,6318,6171,176,147,0.8352272727272727,23.82109868740885,0.203125,0.203125,0.37556323409080505,False,ok,0.5274012000008952
D1_154_building,rootsift-lightglue-r2048-k8192,rootsift,lightglue,2048,8192,96,107_0005_0005.JPG,107_0005_0147.JPG,6318,6158,166,158,0.9518072289156626,25.657681065280936,0.15625,0.21875,0.4129427373409271,False,ok,0.4743620000081137
D1_154_building,rootsift-lightglue-r2048-k8192,rootsift,lightglue,2048,8192,97,107_0005_0005.JPG,107_0005_0148.JPG,6318,6158,196,186,0.9489795918367347,30.20461188697629,0.234375,0.28125,0.41247066855430603,False,ok,0.666322000004584
D1_154_building,rootsift-lightglue-r2048-k8192,rootsift,lightglue,2048,8192,98,107_0005_0005.JPG,107_0005_0149.JPG,6318,6161,266,253,0.9511278195488722,41.06476221392631,0.34375,0.328125,0.3421138823032379,False,ok,0.5478348000033293
D1_154_building,rootsift-lightglue-r2048-k8192,rootsift,lightglue,2048,8192,99,107_0005_0006.JPG,107_0005_0007.JPG,6370,6375,2901,2481,0.8552223371251293,389.48194662480375,0.84375,0.875,0.7962984442710876,False,ok,0.49431800001184456
D1_154_building,rootsift-lightglue-r2048-k8192,rootsift,lightglue,2048,8192,100,107_0005_0006.JPG,107_0005_0008.JPG,6370,6309,1844,1477,0.8009761388286334,234.11000158503725,0.59375,0.59375,0.8299958109855652,False,ok,0.5144986000086647
D1_154_building,rootsift-lightglue-r2048-k8192,rootsift,lightglue,2048,8192,101,107_0005_0006.JPG,107_0005_0009.JPG,6370,6305,1244,971,0.7805466237942122,154.00475812846946,0.453125,0.46875,0.8414526581764221,False,ok,0.3051176000153646
D1_154_building,rootsift-lightglue-r2048-k8192,rootsift,lightglue,2048,8192,102,107_0005_0006.JPG,107_0005_0010.JPG,6370,6277,1190,889,0.7470588235294118,141.62816632149116,0.421875,0.4375,0.8379815220832825,False,ok,0.5203379000013229
D1_154_building,rootsift-lightglue-r2048-k8192,rootsift,lightglue,2048,8192,103,107_0005_0006.JPG,107_0005_0011.JPG,6370,6209,989,771,0.7795753286147624,124.17458527943307,0.34375,0.359375,0.8546897768974304,False,ok,0.34013619998586364
D1_154_building,rootsift-lightglue-r2048-k8192,rootsift,lightglue,2048,8192,104,107_0005_0006.JPG,107_0005_0012.JPG,6370,6171,921,702,0.762214983713355,113.75789985415653,0.34375,0.359375,0.8462916016578674,False,ok,0.42418599998927675
D1_154_building,rootsift-lightglue-r2048-k8192,rootsift,lightglue,2048,8192,105,107_0005_0006.JPG,107_0005_0013.JPG,6370,6226,1342,1074,0.8002980625931445,172.50240925152585,0.53125,0.5625,0.8483323454856873,False,ok,0.3596186999930069
D1_154_building,rootsift-lightglue-r2048-k8192,rootsift,lightglue,2048,8192,106,107_0005_0006.JPG,107_0005_0014.JPG,6370,6219,1881,1559,0.8288144603934078,250.6833896124779,0.640625,0.640625,0.8222771883010864,False,ok,0.3291400999878533
D1_154_building,rootsift-lightglue-r2048-k8192,rootsift,lightglue,2048,8192,107,107_0005_0006.JPG,107_0005_0034.JPG,6370,6354,915,668,0.7300546448087432,105.1306263770853,0.453125,0.359375,0.6967722773551941,False,ok,0.6013280999904964
D1_154_building,rootsift-lightglue-r2048-k8192,rootsift,lightglue,2048,8192,108,107_0005_0006.JPG,107_0005_0035.JPG,6370,6299,1244,918,0.7379421221864951,145.73741863787902,0.546875,0.421875,0.7659088969230652,False,ok,0.47259639998083003
D1_154_building,rootsift-lightglue-r2048-k8192,rootsift,lightglue,2048,8192,109,107_0005_0006.JPG,107_0005_0044.JPG,6370,6397,1589,1169,0.73568281938326,183.5164835164835,0.6875,0.5625,0.758141279220581,False,ok,0.4424977999879047
D1_154_building,rootsift-lightglue-r2048-k8192,rootsift,lightglue,2048,8192,110,107_0005_0006.JPG,107_0005_0045.JPG,6370,6328,1393,1028,0.7379755922469491,162.4525916561315,0.59375,0.53125,0.7849687337875366,False,ok,0.6143310999905225
D1_154_building,rootsift-lightglue-r2048-k8192,rootsift,lightglue,2048,8192,111,107_0005_0006.JPG,107_0005_0046.JPG,6370,6327,1098,850,0.7741347905282332,134.34487118697646,0.46875,0.46875,0.7436804175376892,False,ok,0.4389746999950148
D1_154_building,rootsift-lightglue-r2048-k8192,rootsift,lightglue,2048,8192,112,107_0005_0006.JPG,107_0005_0047.JPG,6370,6280,676,518,0.7662721893491125,82.48407643312102,0.25,0.34375,0.7305196523666382,False,ok,0.46854040000471286
D1_154_building,rootsift-lightglue-r2048-k8192,rootsift,lightglue,2048,8192,113,107_0005_0006.JPG,107_0005_0062.JPG,6370,6333,1952,1402,0.7182377049180327,221.38007263540186,0.765625,0.640625,0.7876896262168884,False,ok,0.6625570000032894
D1_154_building,rootsift-lightglue-r2048-k8192,rootsift,lightglue,2048,8192,114,107_0005_0006.JPG,107_0005_0063.JPG,6370,6285,1575,1163,0.7384126984126984,185.04375497215594,0.609375,0.578125,0.795785665512085,False,ok,0.3799738000088837
D1_154_building,rootsift-lightglue-r2048-k8192,rootsift,lightglue,2048,8192,115,107_0005_0006.JPG,107_0005_0064.JPG,6370,6316,1481,1015,0.6853477380148548,160.70297656744776,0.46875,0.46875,0.8514044880867004,False,ok,0.3175152000039816
D1_154_building,rootsift-lightglue-r2048-k8192,rootsift,lightglue,2048,8192,116,107_0005_0006.JPG,107_0005_0065.JPG,6370,6309,1753,1180,0.6731317741015402,187.03439530828973,0.734375,0.59375,0.7582126259803772,False,ok,0.5798591000202578
D1_154_building,rootsift-lightglue-r2048-k8192,rootsift,lightglue,2048,8192,117,107_0005_0006.JPG,107_0005_0147.JPG,6370,6158,130,122,0.9384615384615385,19.81162715167262,0.140625,0.140625,0.3607649803161621,False,ok,0.5001969000149984
D1_154_building,rootsift-lightglue-r2048-k8192,rootsift,lightglue,2048,8192,118,107_0005_0006.JPG,107_0005_0148.JPG,6370,6158,158,146,0.9240506329113924,23.708996427411495,0.140625,0.140625,0.365393728017807,False,ok,0.5175540999916848
D1_154_building,rootsift-lightglue-r2048-k8192,rootsift,lightglue,2048,8192,119,107_0005_0006.JPG,107_0005_0149.JPG,6370,6161,397,372,0.9370277078085643,60.379808472650545,0.28125,0.3125,0.42343422770500183,False,ok,0.5950044999772217
D1_154_building,rootsift-lightglue-r2048-k8192,rootsift,lightglue,2048,8192,120,107_0005_0006.JPG,107_0005_0150.JPG,6370,6189,250,237,0.948,38.293746970431414,0.265625,0.234375,0.40574872493743896,False,ok,0.5539096999855246
D1_154_building,rootsift-lightglue-r2048-k8192,rootsift,lightglue,2048,8192,121,107_0005_0007.JPG,107_0005_0008.JPG,6375,6309,2939,2626,0.8935011908812521,416.23078142336345,0.875,0.875,0.8533356189727783,False,ok,0.4416242000006605
D1_154_building,rootsift-lightglue-r2048-k8192,rootsift,lightglue,2048,8192,122,107_0005_0007.JPG,107_0005_0009.JPG,6375,6305,2139,1852,0.865825151940159,293.7351308485329,0.671875,0.671875,0.859380304813385,False,ok,0.5178458000009414
D1_154_building,rootsift-lightglue-r2048-k8192,rootsift,lightglue,2048,8192,123,107_0005_0007.JPG,107_0005_0010.JPG,6375,6277,1914,1599,0.835423197492163,254.73952525091605,0.609375,0.59375,0.8693769574165344,False,ok,0.3763440999900922
D1_154_building,rootsift-lightglue-r2048-k8192,rootsift,lightglue,2048,8192,124,107_0005_0007.JPG,107_0005_0011.JPG,6375,6209,1617,1334,0.8249845392702535,214.84941214366242,0.515625,0.5,0.8705512881278992,False,ok,0.284790100005921
D1_154_building,rootsift-lightglue-r2048-k8192,rootsift,lightglue,2048,8192,125,107_0005_0007.JPG,107_0005_0012.JPG,6375,6171,1512,1252,0.828042328042328,202.88445956895154,0.515625,0.46875,0.8735898733139038,False,ok,0.4234524000203237
D1_154_building,rootsift-lightglue-r2048-k8192,rootsift,lightglue,2048,8192,126,107_0005_0007.JPG,107_0005_0013.JPG,6375,6226,2039,1731,0.8489455615497793,278.02762608416316,0.65625,0.640625,0.8663570880889893,False,ok,0.2352000999962911
D1_154_building,rootsift-lightglue-r2048-k8192,rootsift,lightglue,2048,8192,127,107_0005_0007.JPG,107_0005_0014.JPG,6375,6219,2035,1722,0.8461916461916462,276.89339122045345,0.75,0.71875,0.8455216288566589,False,ok,0.19097580001107417
D1_154_building,rootsift-lightglue-r2048-k8192,rootsift,lightglue,2048,8192,128,107_0005_0007.JPG,107_0005_0015.JPG,6375,6221,1389,1104,0.7948164146868251,177.46343031666936,0.546875,0.53125,0.8202334642410278,False,ok,0.275139199977275
D1_154_building,rootsift-lightglue-r2048-k8192,rootsift,lightglue,2048,8192,129,107_0005_0007.JPG,107_0005_0033.JPG,6375,6317,505,400,0.7920792079207921,63.32119677061897,0.296875,0.359375,0.7892057299613953,False,ok,0.6432417999894824
D1_154_building,rootsift-lightglue-r2048-k8192,rootsift,lightglue,2048,8192,130,107_0005_0007.JPG,107_0005_0034.JPG,6375,6354,1031,826,0.8011639185257032,129.99685237645576,0.484375,0.453125,0.7917085886001587,False,ok,0.4798424999753479
D1_154_building,rootsift-lightglue-r2048-k8192,rootsift,lightglue,2048,8192,131,107_0005_0007.JPG,107_0005_0035.JPG,6375,6299,1488,1235,0.8299731182795699,196.06286712176535,0.625,0.515625,0.8135402798652649,False,ok,0.5455349999829195
D1_154_building,rootsift-lightglue-r2048-k8192,rootsift,lightglue,2048,8192,132,107_0005_0007.JPG,107_0005_0036.JPG,6375,6260,1611,1281,0.7951582867783985,204.63258785942492,0.65625,0.578125,0.7775803208351135,False,ok,0.667933599994285
D1_154_building,rootsift-lightglue-r2048-k8192,rootsift,lightglue,2048,8192,133,107_0005_0007.JPG,107_0005_0045.JPG,6375,6328,983,724,0.7365208545269583,114.41213653603035,0.578125,0.5,0.7609699368476868,False,ok,0.5156246999977157
D1_154_building,rootsift-lightglue-r2048-k8192,rootsift,lightglue,2048,8192,134,107_0005_0007.JPG,107_0005_0046.JPG,6375,6327,704,501,0.7116477272727273,79.18444760550024,0.421875,0.421875,0.6870355606079102,False,ok,0.46056820001103915
D1_154_building,rootsift-lightglue-r2048-k8192,rootsift,lightglue,2048,8192,135,107_0005_0007.JPG,107_0005_0063.JPG,6375,6285,1824,1372,0.7521929824561403,218.2975338106603,0.765625,0.671875,0.812527060508728,False,ok,0.6012660999840591
D1_154_building,rootsift-lightglue-r2048-k8192,rootsift,lightglue,2048,8192,136,107_0005_0007.JPG,107_0005_0064.JPG,6375,6316,1882,1461,0.7763018065887354,231.31728942368588,0.671875,0.578125,0.8338125944137573,False,ok,0.5590189000067767
D1_154_building,rootsift-lightglue-r2048-k8192,rootsift,lightglue,2048,8192,137,107_0005_0007.JPG,107_0005_0149.JPG,6375,6161,135,123,0.9111111111111111,19.964291511118326,0.15625,0.1875,0.42191413044929504,False,ok,0.38587420000112616
D1_154_building,rootsift-lightglue-r2048-k8192,rootsift,lightglue,2048,8192,138,107_0005_0007.JPG,107_0005_0150.JPG,6375,6189,181,168,0.9281767955801105,27.14493456131847,0.265625,0.234375,0.400203138589859,False,ok,0.6757302999903914
D1_154_building,rootsift-lightglue-r2048-k8192,rootsift,lightglue,2048,8192,139,107_0005_0007.JPG,107_0005_0151.JPG,6375,6268,171,157,0.9181286549707602,25.047862156987875,0.265625,0.25,0.3618648052215576,False,ok,0.5311614999955054
D1_154_building,rootsift-lightglue-r2048-k8192,rootsift,lightglue,2048,8192,140,107_0005_0007.JPG,107_0005_0152.JPG,6375,6335,306,279,0.9117647058823529,44.04104183109708,0.390625,0.328125,0.4356062114238739,False,ok,0.6553004999877885
D1_154_building,rootsift-lightglue-r2048-k8192,rootsift,lightglue,2048,8192,141,107_0005_0008.JPG,107_0005_0009.JPG,6309,6305,3305,3189,0.9649016641452345,505.7890563045202,0.875,0.859375,0.8898355960845947,False,ok,0.4302299000264611
D1_154_building,rootsift-lightglue-r2048-k8192,rootsift,lightglue,2048,8192,142,107_0005_0008.JPG,107_0005_0010.JPG,6309,6277,2690,2531,0.9408921933085502,403.2180978174287,0.765625,0.765625,0.8890991806983948,False,ok,0.28780240000924096
D1_154_building,rootsift-lightglue-r2048-k8192,rootsift,lightglue,2048,8192,143,107_0005_0008.JPG,107_0005_0011.JPG,6309,6209,2318,2051,0.8848144952545298,330.3269447576099,0.65625,0.65625,0.8994452357292175,False,ok,0.5015697000198998
D1_154_building,rootsift-lightglue-r2048-k8192,rootsift,lightglue,2048,8192,144,107_0005_0008.JPG,107_0005_0012.JPG,6309,6171,2221,1969,0.8865375956776227,319.0730837789661,0.65625,0.65625,0.8980280160903931,False,ok,0.31588780001038685
D1_154_building,rootsift-lightglue-r2048-k8192,rootsift,lightglue,2048,8192,145,107_0005_0008.JPG,107_0005_0013.JPG,6309,6226,2230,1980,0.8878923766816144,318.02120141342755,0.734375,0.703125,0.8974351286888123,False,ok,0.5209212999907322
D1_154_building,rootsift-lightglue-r2048-k8192,rootsift,lightglue,2048,8192,146,107_0005_0008.JPG,107_0005_0014.JPG,6309,6219,1578,1305,0.8269961977186312,209.84081041968162,0.546875,0.5,0.877821683883667,False,ok,0.38874439999926835
D1_154_building,rootsift-lightglue-r2048-k8192,rootsift,lightglue,2048,8192,147,107_0005_0008.JPG,107_0005_0015.JPG,6309,6221,896,691,0.7712053571428571,111.07538980871243,0.40625,0.359375,0.8307746052742004,False,ok,0.43822429998544976
D1_154_building,rootsift-lightglue-r2048-k8192,rootsift,lightglue,2048,8192,148,107_0005_0008.JPG,107_0005_0016.JPG,6309,6252,499,334,0.6693386773547094,53.42290467050544,0.234375,0.1875,0.7851813435554504,False,ok,0.3470487000013236
D1_154_building,rootsift-lightglue-r2048-k8192,rootsift,lightglue,2048,8192,149,107_0005_0008.JPG,107_0005_0033.JPG,6309,6317,688,596,0.8662790697674418,94.46822000317007,0.296875,0.328125,0.8458535075187683,False,ok,0.418483900022693
D1_154_building,rootsift-lightglue-r2048-k8192,rootsift,lightglue,2048,8192,150,107_0005_0008.JPG,107_0005_0034.JPG,6309,6354,1090,997,0.9146788990825688,158.0282136630211,0.484375,0.4375,0.8555199503898621,False,ok,0.45644089998677373
D1_154_building,rootsift-lightglue-r2048-k8192,rootsift,lightglue,2048,8192,151,107_0005_0008.JPG,107_0005_0035.JPG,6309,6299,1479,1299,0.8782961460446247,206.22321003333863,0.59375,0.515625,0.8407678008079529,False,ok,0.4172264999942854
D1_154_building,rootsift-lightglue-r2048-k8192,rootsift,lightglue,2048,8192,152,107_0005_0008.JPG,107_0005_0036.JPG,6309,6260,1684,1385,0.8224465558194775,221.24600638977637,0.6875,0.578125,0.8004322648048401,False,ok,0.49784189998172224
D1_154_building,rootsift-lightglue-r2048-k8192,rootsift,lightglue,2048,8192,153,107_0005_0008.JPG,107_0005_0037.JPG,6309,6337,1872,1403,0.749465811965812,222.38072594705974,0.75,0.546875,0.736522376537323,False,ok,0.6698637000226881
D1_154_building,rootsift-lightglue-r2048-k8192,rootsift,lightglue,2048,8192,154,107_0005_0008.JPG,107_0005_0038.JPG,6309,6314,1748,1224,0.700228832951945,194.00855920114122,0.859375,0.625,0.7003739476203918,False,ok,0.6179598000016995
D1_154_building,rootsift-lightglue-r2048-k8192,rootsift,lightglue,2048,8192,155,107_0005_0008.JPG,107_0005_0039.JPG,6309,6242,1739,1253,0.7205290396779759,200.73694328740788,0.859375,0.640625,0.6974793672561646,False,ok,0.5056074000021908
D1_154_building,rootsift-lightglue-r2048-k8192,rootsift,lightglue,2048,8192,156,107_0005_0008.JPG,107_0005_0149.JPG,6309,6161,29,16,0.5517241379310345,2.5969810095763677,0.0625,0.078125,0.3037131428718567,False,ok,0.5197779999871273
D1_154_building,rootsift-lightglue-r2048-k8192,rootsift,lightglue,2048,8192,157,107_0005_0008.JPG,107_0005_0150.JPG,6309,6189,40,34,0.85,5.493617708838261,0.09375,0.109375,0.365079790353775,False,ok,0.48058750000200234
D1_154_building,rootsift-lightglue-r2048-k8192,rootsift,lightglue,2048,8192,158,107_0005_0008.JPG,107_0005_0151.JPG,6309,6268,126,110,0.873015873015873,17.549457562220805,0.265625,0.265625,0.40075579285621643,False,ok,0.4800671999983024
D1_154_building,rootsift-lightglue-r2048-k8192,rootsift,lightglue,2048,8192,159,107_0005_0008.JPG,107_0005_0152.JPG,6309,6335,439,372,0.8473804100227791,58.96338563956253,0.390625,0.34375,0.4956655204296112,False,ok,0.6996546000009403
D1_154_building,rootsift-lightglue-r2048-k8192,rootsift,lightglue,2048,8192,160,107_0005_0008.JPG,107_0005_0153.JPG,6309,6264,538,451,0.8382899628252788,71.99872286079183,0.46875,0.390625,0.5444145202636719,False,ok,0.3312708000012208
D1_154_building,rootsift-lightglue-r2048-k8192,rootsift,lightglue,2048,8192,161,107_0005_0008.JPG,107_0005_0154.JPG,6309,6185,239,221,0.9246861924686193,35.731608730800325,0.40625,0.265625,0.4539060592651367,False,ok,0.587888500012923
D1_154_building,rootsift-lightglue-r2048-k8192,rootsift,lightglue,2048,8192,162,107_0005_0009.JPG,107_0005_0010.JPG,6305,6277,3163,3067,0.9696490673411319,488.6092082204875,0.875,0.875,0.8748816251754761,False,ok,0.33323750001727603
D1_154_building,rootsift-lightglue-r2048-k8192,rootsift,lightglue,2048,8192,163,107_0005_0009.JPG,107_0005_0011.JPG,6305,6209,2649,2392,0.9029822574556436,385.24722177484296,0.75,0.734375,0.9071030616760254,False,ok,0.3533824000041932
D1_154_building,rootsift-lightglue-r2048-k8192,rootsift,lightglue,2048,8192,164,107_0005_0009.JPG,107_0005_0012.JPG,6305,6171,2483,2268,0.9134111961337092,367.5255226057365,0.75,0.734375,0.8776478171348572,False,ok,0.34636299998965114
D1_154_building,rootsift-lightglue-r2048-k8192,rootsift,lightglue,2048,8192,165,107_0005_0009.JPG,107_0005_0013.JPG,6305,6226,1945,1665,0.8560411311053985,267.4269193703823,0.65625,0.609375,0.8995177149772644,False,ok,0.37095519999274984
D1_154_building,rootsift-lightglue-r2048-k8192,rootsift,lightglue,2048,8192,166,107_0005_0009.JPG,107_0005_0014.JPG,6305,6219,1258,999,0.7941176470588235,160.6367583212735,0.453125,0.421875,0.8660999536514282,False,ok,0.31864300000597723
D1_154_building,rootsift-lightglue-r2048-k8192,rootsift,lightglue,2048,8192,167,107_0005_0009.JPG,107_0005_0015.JPG,6305,6221,626,463,0.7396166134185304,74.42533354766115,0.265625,0.25,0.821111798286438,False,ok,0.38882510000257753
D1_154_building,rootsift-lightglue-r2048-k8192,rootsift,lightglue,2048,8192,168,107_0005_0009.JPG,107_0005_0016.JPG,6305,6252,234,130,0.5555555555555556,20.793346129238643,0.125,0.09375,0.6919612884521484,False,ok,0.5384600999823306
D1_154_building,rootsift-lightglue-r2048-k8192,rootsift,lightglue,2048,8192,169,107_0005_0009.JPG,107_0005_0017.JPG,6305,6210,20,11,0.55,1.7713365539452497,0.09375,0.109375,0.28087228536605835,True,ok,0.3626258999865968
D1_154_building,rootsift-lightglue-r2048-k8192,rootsift,lightglue,2048,8192,170,107_0005_0009.JPG,107_0005_0033.JPG,6305,6317,733,599,0.8171896316507503,95.0039651070579,0.328125,0.328125,0.8266183733940125,False,ok,0.38798070000484586
D1_154_building,rootsift-lightglue-r2048-k8192,rootsift,lightglue,2048,8192,171,107_0005_0009.JPG,107_0005_0034.JPG,6305,6354,1053,927,0.8803418803418803,147.02616970658207,0.484375,0.421875,0.8344510793685913,False,ok,0.4328969999914989
D1_154_building,rootsift-lightglue-r2048-k8192,rootsift,lightglue,2048,8192,172,107_0005_0009.JPG,107_0005_0035.JPG,6305,6299,1388,1128,0.8126801152737753,179.0760438164788,0.578125,0.484375,0.8199660778045654,False,ok,0.4060078999900725
D1_154_building,rootsift-lightglue-r2048-k8192,rootsift,lightglue,2048,8192,173,107_0005_0009.JPG,107_0005_0036.JPG,6305,6260,1658,1340,0.8082026537997588,214.05750798722045,0.65625,0.546875,0.7823490500450134,False,ok,0.4923391000193078
D1_154_building,rootsift-lightglue-r2048-k8192,rootsift,lightglue,2048,8192,174,107_0005_0009.JPG,107_0005_0150.JPG,6305,6189,31,30,0.967741935483871,4.847309743092584,0.0625,0.078125,0.5366562604904175,False,ok,0.34238650000770576
D1_154_building,rootsift-lightglue-r2048-k8192,rootsift,lightglue,2048,8192,175,107_0005_0009.JPG,107_0005_0151.JPG,6305,6268,88,71,0.8068181818181818,11.327377153797064,0.171875,0.1875,0.35242965817451477,False,ok,0.5168419000110589
D1_154_building,rootsift-lightglue-r2048-k8192,rootsift,lightglue,2048,8192,176,107_0005_0009.JPG,107_0005_0152.JPG,6305,6335,379,355,0.9366754617414248,56.304520222045994,0.34375,0.390625,0.5213713049888611,False,ok,0.45341849999385886
D1_154_building,rootsift-lightglue-r2048-k8192,rootsift,lightglue,2048,8192,177,107_0005_0009.JPG,107_0005_0153.JPG,6305,6264,591,554,0.937394247038917,88.4418901660281,0.453125,0.421875,0.5732809901237488,False,ok,0.5953003000176977
D1_154_building,rootsift-lightglue-r2048-k8192,rootsift,lightglue,2048,8192,178,107_0005_0009.JPG,107_0005_0154.JPG,6305,6185,500,464,0.928,75.0202101859337,0.609375,0.46875,0.464488685131073,False,ok,0.4872192000038922
D1_154_building,rootsift-lightglue-r2048-k8192,rootsift,lightglue,2048,8192,179,107_0005_0010.JPG,107_0005_0011.JPG,6277,6209,3465,3407,0.9832611832611833,548.7196005798035,0.890625,0.875,0.8883748054504395,False,ok,0.3332319000037387
D1_154_building,rootsift-lightglue-r2048-k8192,rootsift,lightglue,2048,8192,180,107_0005_0010.JPG,107_0005_0012.JPG,6277,6171,3272,3206,0.9798288508557457,519.5268189920596,0.875,0.875,0.8841297626495361,False,ok,0.30889830001979135
D1_154_building,rootsift-lightglue-r2048-k8192,rootsift,lightglue,2048,8192,181,107_0005_0010.JPG,107_0005_0013.JPG,6277,6226,2498,2327,0.9315452361889511,373.7552200449727,0.734375,0.703125,0.8975379467010498,False,ok,0.3254806000040844
D1_154_building,rootsift-lightglue-r2048-k8192,rootsift,lightglue,2048,8192,182,107_0005_0010.JPG,107_0005_0014.JPG,6277,6219,1642,1413,0.8605359317904994,227.2069464544139,0.546875,0.515625,0.8483562469482422,False,ok,0.33372600001166575
D1_154_building,rootsift-lightglue-r2048-k8192,rootsift,lightglue,2048,8192,183,107_0005_0010.JPG,107_0005_0015.JPG,6277,6221,925,739,0.798918918918919,118.79119112682848,0.328125,0.3125,0.8542577028274536,False,ok,0.2913084000174422
D1_154_building,rootsift-lightglue-r2048-k8192,rootsift,lightglue,2048,8192,184,107_0005_0010.JPG,107_0005_0016.JPG,6277,6252,312,211,0.6762820512820513,33.749200255918105,0.1875,0.171875,0.7021302580833435,False,ok,0.4013853999786079
D1_154_building,rootsift-lightglue-r2048-k8192,rootsift,lightglue,2048,8192,185,107_0005_0010.JPG,107_0005_0017.JPG,6277,6210,4,0,0.0,0.0,0.0,0.0,0.1454445719718933,True,too_few_matches,0.33753590000560507
D1_154_building,rootsift-lightglue-r2048-k8192,rootsift,lightglue,2048,8192,186,107_0005_0010.JPG,107_0005_0018.JPG,6277,6296,3,0,0.0,0.0,0.0,0.0,0.2433760166168213,True,too_few_matches,0.26114590000361204
D1_154_building,rootsift-lightglue-r2048-k8192,rootsift,lightglue,2048,8192,187,107_0005_0010.JPG,107_0005_0033.JPG,6277,6317,1246,1115,0.8948635634028892,177.63262705113908,0.484375,0.421875,0.8567240238189697,False,ok,0.4575413000129629
D1_154_building,rootsift-lightglue-r2048-k8192,rootsift,lightglue,2048,8192,188,107_0005_0010.JPG,107_0005_0034.JPG,6277,6354,1566,1253,0.8001277139208174,199.61765174446393,0.625,0.515625,0.8204894661903381,False,ok,0.3366266000084579
D1_154_building,rootsift-lightglue-r2048-k8192,rootsift,lightglue,2048,8192,189,107_0005_0010.JPG,107_0005_0139.JPG,6277,6096,645,606,0.9395348837209302,99.40944881889764,0.5625,0.453125,0.5181509852409363,False,ok,0.5880993999890052
D1_154_building,rootsift-lightglue-r2048-k8192,rootsift,lightglue,2048,8192,190,107_0005_0010.JPG,107_0005_0140.JPG,6277,6155,579,556,0.9602763385146805,90.33306255077173,0.40625,0.421875,0.5497688055038452,False,ok,0.4994588000117801
D1_154_building,rootsift-lightglue-r2048-k8192,rootsift,lightglue,2048,8192,191,107_0005_0010.JPG,107_0005_0141.JPG,6277,6152,373,341,0.9142091152815014,55.429128738621586,0.34375,0.296875,0.5421195030212402,False,ok,0.49519519999739714
D1_154_building,rootsift-lightglue-r2048-k8192,rootsift,lightglue,2048,8192,192,107_0005_0010.JPG,107_0005_0142.JPG,6277,6118,135,121,0.8962962962962963,19.777705132396207,0.1875,0.1875,0.38674435019493103,False,ok,0.4036119999946095
D1_154_building,rootsift-lightglue-r2048-k8192,rootsift,lightglue,2048,8192,193,107_0005_0010.JPG,107_0005_0151.JPG,6277,6268,124,101,0.8145161290322581,16.113592852584556,0.15625,0.171875,0.36625561118125916,False,ok,0.49237750002066605
D1_154_building,rootsift-lightglue-r2048-k8192,rootsift,lightglue,2048,8192,194,107_0005_0010.JPG,107_0005_0152.JPG,6277,6335,358,344,0.9608938547486033,54.80324996017206,0.359375,0.359375,0.49943116307258606,False,ok,0.5004026000096928
D1_154_building,rootsift-lightglue-r2048-k8192,rootsift,lightglue,2048,8192,195,107_0005_0010.JPG,107_0005_0153.JPG,6277,6264,489,424,0.8670756646216768,67.68837803320562,0.421875,0.328125,0.5212413668632507,False,ok,0.593800700007705
D1_154_building,rootsift-lightglue-r2048-k8192,rootsift,lightglue,2048,8192,196,107_0005_0010.JPG,107_0005_0154.JPG,6277,6185,346,316,0.9132947976878613,51.09135004042037,0.46875,0.328125,0.4847949147224426,False,ok,0.43470879999222234
D1_154_building,rootsift-lightglue-r2048-k8192,rootsift,lightglue,2048,8192,197,107_0005_0011.JPG,107_0005_0012.JPG,6209,6171,4299,4267,0.9925564084670854,691.4600550964187,1.0,1.0,0.8944072723388672,False,ok,0.27973879998899065
D1_154_building,rootsift-lightglue-r2048-k8192,rootsift,lightglue,2048,8192,198,107_0005_0011.JPG,107_0005_0013.JPG,6209,6226,2934,2839,0.9676209952283572,457.2394910613625,0.828125,0.796875,0.8900471925735474,False,ok,0.2959066999901552
D1_154_building,rootsift-lightglue-r2048-k8192,rootsift,lightglue,2048,8192,199,107_0005_0011.JPG,107_0005_0014.JPG,6209,6219,1896,1701,0.8971518987341772,273.9571589627959,0.625,0.59375,0.8742822408676147,False,ok,0.24056899998686276
D1_154_building,rootsift-lightglue-r2048-k8192,rootsift,lightglue,2048,8192,200,107_0005_0011.JPG,107_0005_0015.JPG,6209,6221,1047,873,0.833810888252149,140.6023514253503,0.359375,0.359375,0.8607884049415588,False,ok,0.3585726000019349
D1_154_building,rootsift-lightglue-r2048-k8192,rootsift,lightglue,2048,8192,201,107_0005_0011.JPG,107_0005_0016.JPG,6209,6252,441,328,0.7437641723356009,52.826542116282816,0.21875,0.1875,0.7298682332038879,False,ok,0.3139523999998346
D1_154_building,rootsift-lightglue-r2048-k8192,rootsift,lightglue,2048,8192,202,107_0005_0011.JPG,107_0005_0017.JPG,6209,6210,8,0,0.0,0.0,0.0,0.0,0.20116418600082397,True,no_model,0.3375285000074655
D1_154_building,rootsift-lightglue-r2048-k8192,rootsift,lightglue,2048,8192,203,107_0005_0011.JPG,107_0005_0018.JPG,6209,6296,2,0,0.0,0.0,0.0,0.0,0.3573240041732788,True,too_few_matches,0.3203974000061862
D1_154_building,rootsift-lightglue-r2048-k8192,rootsift,lightglue,2048,8192,204,107_0005_0011.JPG,107_0005_0019.JPG,6209,6277,1,0,0.0,0.0,0.0,0.0,0.10841447114944458,True,too_few_matches,0.25810469998396
D1_154_building,rootsift-lightglue-r2048-k8192,rootsift,lightglue,2048,8192,205,107_0005_0011.JPG,107_0005_0030.JPG,6209,6158,2350,2216,0.9429787234042554,359.8570964598896,0.703125,0.78125,0.8846031427383423,False,ok,0.4711906999873463
D1_154_building,rootsift-lightglue-r2048-k8192,rootsift,lightglue,2048,8192,206,107_0005_0011.JPG,107_0005_0031.JPG,6209,6249,2551,2299,0.9012152097216778,370.2689644065067,0.828125,0.78125,0.7209538817405701,False,ok,0.40009350000764243
D1_154_building,rootsift-lightglue-r2048-k8192,rootsift,lightglue,2048,8192,207,107_0005_0011.JPG,107_0005_0032.JPG,6209,6227,1318,1213,0.9203338391502276,195.361571911741,0.453125,0.4375,0.8782123327255249,False,ok,0.19302249999600463
D1_154_building,rootsift-lightglue-r2048-k8192,rootsift,lightglue,2048,8192,208,107_0005_0011.JPG,107_0005_0033.JPG,6209,6317,1572,1415,0.9001272264631043,227.8949911418908,0.59375,0.5,0.8741729259490967,False,ok,0.44884579998324625
D1_154_building,rootsift-lightglue-r2048-k8192,rootsift,lightglue,2048,8192,209,107_0005_0011.JPG,107_0005_0115.JPG,6209,6348,1438,988,0.6870653685674548,159.12385247221775,0.546875,0.5,0.7951503396034241,False,ok,0.43635179998818785
D1_154_building,rootsift-lightglue-r2048-k8192,rootsift,lightglue,2048,8192,210,107_0005_0011.JPG,107_0005_0116.JPG,6209,6381,1425,1066,0.7480701754385964,171.68626187791915,0.5,0.5,0.8030669093132019,False,ok,0.44910530000925064
D1_154_building,rootsift-lightglue-r2048-k8192,rootsift,lightglue,2048,8192,211,107_0005_0011.JPG,107_0005_0136.JPG,6209,6031,345,307,0.8898550724637682,50.90366440059692,0.484375,0.328125,0.44315043091773987,False,ok,0.5667080999992322
D1_154_building,rootsift-lightglue-r2048-k8192,rootsift,lightglue,2048,8192,212,107_0005_0011.JPG,107_0005_0137.JPG,6209,6056,269,243,0.9033457249070632,40.12549537648613,0.546875,0.34375,0.40352383255958557,False,ok,0.5284122999873944
D1_154_building,rootsift-lightglue-r2048-k8192,rootsift,lightglue,2048,8192,213,107_0005_0011.JPG,107_0005_0138.JPG,6209,6039,329,297,0.9027355623100304,49.18032786885246,0.5625,0.375,0.42874014377593994,False,ok,0.48050610002246685
D1_154_building,rootsift-lightglue-r2048-k8192,rootsift,lightglue,2048,8192,214,107_0005_0011.JPG,107_0005_0139.JPG,6209,6096,566,533,0.941696113074205,87.43438320209974,0.5625,0.46875,0.4826318919658661,False,ok,0.6011087999795564
D1_154_building,rootsift-lightglue-r2048-k8192,rootsift,lightglue,2048,8192,215,107_0005_0011.JPG,107_0005_0140.JPG,6209,6155,647,630,0.973724884080371,102.35580828594638,0.46875,0.46875,0.5164549946784973,False,ok,0.567078499996569
D1_154_building,rootsift-lightglue-r2048-k8192,rootsift,lightglue,2048,8192,216,107_0005_0011.JPG,107_0005_0141.JPG,6209,6152,490,460,0.9387755102040817,74.77243172951886,0.40625,0.3125,0.49373358488082886,False,ok,0.4495481999765616
D1_154_building,rootsift-lightglue-r2048-k8192,rootsift,lightglue,2048,8192,217,107_0005_0011.JPG,107_0005_0142.JPG,6209,6118,253,222,0.8774703557312253,36.286368094148415,0.203125,0.21875,0.47051945328712463,False,ok,0.4251166000030935
D1_154_building,rootsift-lightglue-r2048-k8192,rootsift,lightglue,2048,8192,218,107_0005_0011.JPG,107_0005_0152.JPG,6209,6335,152,138,0.9078947368421053,22.225801256240942,0.21875,0.234375,0.39507704973220825,False,ok,0.43505410000216216
D1_154_building,rootsift-lightglue-r2048-k8192,rootsift,lightglue,2048,8192,219,107_0005_0011.JPG,107_0005_0153.JPG,6209,6264,321,292,0.9096573208722741,47.02850700595909,0.328125,0.25,0.4881300926208496,False,ok,0.5748206000134815
D1_154_building,rootsift-lightglue-r2048-k8192,rootsift,lightglue,2048,8192,220,107_0005_0011.JPG,107_0005_0154.JPG,6209,6185,146,123,0.8424657534246576,19.88682295877122,0.265625,0.203125,0.37458178400993347,False,ok,0.4380466000002343
D1_154_building,rootsift-lightglue-r2048-k8192,rootsift,lightglue,2048,8192,221,107_0005_0012.JPG,107_0005_0013.JPG,6171,6226,3044,2962,0.9730617608409987,479.9870361367688,0.84375,0.828125,0.8874356746673584,False,ok,0.2969341000134591
D1_154_building,rootsift-lightglue-r2048-k8192,rootsift,lightglue,2048,8192,222,107_0005_0012.JPG,107_0005_0014.JPG,6171,6219,1923,1725,0.8970358814352574,279.53330092367526,0.625,0.59375,0.8785967826843262,False,ok,0.23356199997942895
D1_154_building,rootsift-lightglue-r2048-k8192,rootsift,lightglue,2048,8192,223,107_0005_0012.JPG,107_0005_0015.JPG,6171,6221,1059,888,0.8385269121813032,143.8988818667963,0.359375,0.375,0.8603150248527527,False,ok,0.38101199999800883
D1_154_building,rootsift-lightglue-r2048-k8192,rootsift,lightglue,2048,8192,224,107_0005_0012.JPG,107_0005_0016.JPG,6171,6252,451,334,0.7405764966740577,54.124128990439154,0.203125,0.1875,0.7435822486877441,False,ok,0.4459551000036299
D1_154_building,rootsift-lightglue-r2048-k8192,rootsift,lightglue,2048,8192,225,107_0005_0012.JPG,107_0005_0017.JPG,6171,6210,2,0,0.0,0.0,0.0,0.0,0.2068132609128952,True,too_few_matches,0.2504283000016585
D1_154_building,rootsift-lightglue-r2048-k8192,rootsift,lightglue,2048,8192,226,107_0005_0012.JPG,107_0005_0018.JPG,6171,6296,1,0,0.0,0.0,0.0,0.0,0.17912045121192932,True,too_few_matches,0.3423414000135381
D1_154_building,rootsift-lightglue-r2048-k8192,rootsift,lightglue,2048,8192,227,107_0005_0012.JPG,107_0005_0019.JPG,6171,6277,0,0,0.0,0.0,0.0,0.0,0.0,True,no_matches,0.226407999987714
D1_154_building,rootsift-lightglue-r2048-k8192,rootsift,lightglue,2048,8192,228,107_0005_0012.JPG,107_0005_0020.JPG,6171,6244,1,0,0.0,0.0,0.0,0.0,0.11320846527814865,True,too_few_matches,0.38532390000182204
D1_154_building,rootsift-lightglue-r2048-k8192,rootsift,lightglue,2048,8192,229,107_0005_0012.JPG,107_0005_0030.JPG,6171,6158,2598,2411,0.9280215550423403,391.52322182526797,0.71875,0.75,0.8818947672843933,False,ok,0.6000797000015154
D1_154_building,rootsift-lightglue-r2048-k8192,rootsift,lightglue,2048,8192,230,107_0005_0012.JPG,107_0005_0031.JPG,6171,6249,2688,2417,0.8991815476190477,391.67071787392644,0.828125,0.78125,0.7306312322616577,False,ok,0.5003382000140846
D1_154_building,rootsift-lightglue-r2048-k8192,rootsift,lightglue,2048,8192,231,107_0005_0012.JPG,107_0005_0032.JPG,6171,6227,1372,1233,0.8986880466472303,199.80554205153135,0.453125,0.4375,0.8686521649360657,False,ok,0.3370015000109561
D1_154_building,rootsift-lightglue-r2048-k8192,rootsift,lightglue,2048,8192,232,107_0005_0012.JPG,107_0005_0033.JPG,6171,6317,1612,1418,0.8796526054590571,229.7844757737806,0.59375,0.5,0.8703982830047607,False,ok,0.42379470000742003
D1_154_building,rootsift-lightglue-r2048-k8192,rootsift,lightglue,2048,8192,233,107_0005_0012.JPG,107_0005_0115.JPG,6171,6348,1283,1016,0.7918939984411536,164.64106303678497,0.484375,0.46875,0.8031033277511597,False,ok,0.46874780001235195
D1_154_building,rootsift-lightglue-r2048-k8192,rootsift,lightglue,2048,8192,234,107_0005_0012.JPG,107_0005_0116.JPG,6171,6381,1275,978,0.7670588235294118,158.48322800194458,0.46875,0.4375,0.8022820353507996,False,ok,0.3852076999901328
D1_154_building,rootsift-lightglue-r2048-k8192,rootsift,lightglue,2048,8192,235,107_0005_0012.JPG,107_0005_0133.JPG,6171,6083,177,155,0.8757062146892656,25.48084826565839,0.328125,0.296875,0.3893894553184509,False,ok,0.4819106000068132
D1_154_building,rootsift-lightglue-r2048-k8192,rootsift,lightglue,2048,8192,236,107_0005_0012.JPG,107_0005_0136.JPG,6171,6031,322,286,0.8881987577639752,47.421654783617974,0.53125,0.375,0.39982670545578003,False,ok,0.6026385999866761
D1_154_building,rootsift-lightglue-r2048-k8192,rootsift,lightglue,2048,8192,237,107_0005_0012.JPG,107_0005_0137.JPG,6171,6056,287,253,0.8815331010452961,41.77675033025099,0.515625,0.359375,0.3788989186286926,False,ok,0.5810714999970514
D1_154_building,rootsift-lightglue-r2048-k8192,rootsift,lightglue,2048,8192,238,107_0005_0012.JPG,107_0005_0138.JPG,6171,6039,295,265,0.8983050847457628,43.88143732406027,0.515625,0.390625,0.39288458228111267,False,ok,0.5115142000140622
D1_154_building,rootsift-lightglue-r2048-k8192,rootsift,lightglue,2048,8192,239,107_0005_0012.JPG,107_0005_0139.JPG,6171,6096,468,437,0.9337606837606838,71.68635170603675,0.546875,0.46875,0.4404624104499817,False,ok,0.49669299999368377
D1_154_building,rootsift-lightglue-r2048-k8192,rootsift,lightglue,2048,8192,240,107_0005_0012.JPG,107_0005_0140.JPG,6171,6155,482,400,0.8298755186721992,64.98781478472786,0.46875,0.390625,0.4710869789123535,False,ok,0.6081726999836974
D1_154_building,rootsift-lightglue-r2048-k8192,rootsift,lightglue,2048,8192,241,107_0005_0012.JPG,107_0005_0141.JPG,6171,6152,437,413,0.9450800915331807,67.13263979193758,0.40625,0.296875,0.4971710741519928,False,ok,0.4823876000009477
D1_154_building,rootsift-lightglue-r2048-k8192,rootsift,lightglue,2048,8192,242,107_0005_0012.JPG,107_0005_0142.JPG,6171,6118,145,131,0.903448275862069,21.41222621771821,0.21875,0.1875,0.43797510862350464,False,ok,0.45870170000125654
D1_154_building,rootsift-lightglue-r2048-k8192,rootsift,lightglue,2048,8192,243,107_0005_0012.JPG,107_0005_0153.JPG,6171,6264,248,222,0.8951612903225806,35.974720466699075,0.328125,0.296875,0.44161540269851685,False,ok,0.47930569999152794
D1_154_building,rootsift-lightglue-r2048-k8192,rootsift,lightglue,2048,8192,244,107_0005_0012.JPG,107_0005_0154.JPG,6171,6185,202,163,0.806930693069307,26.41387133365743,0.28125,0.21875,0.39427995681762695,False,ok,0.566908600012539
D1_154_building,rootsift-lightglue-r2048-k8192,rootsift,lightglue,2048,8192,245,107_0005_0013.JPG,107_0005_0014.JPG,6226,6219,3030,2906,0.9590759075907591,467.27769737899985,0.875,0.875,0.8933367133140564,False,ok,0.3292797000030987
D1_154_building,rootsift-lightglue-r2048-k8192,rootsift,lightglue,2048,8192,246,107_0005_0013.JPG,107_0005_0015.JPG,6226,6221,1823,1656,0.9083927591881514,266.19514547500404,0.59375,0.609375,0.8706098794937134,False,ok,0.305136599985417
D1_154_building,rootsift-lightglue-r2048-k8192,rootsift,lightglue,2048,8192,247,107_0005_0013.JPG,107_0005_0016.JPG,6226,6252,1088,886,0.8143382352941176,142.3064567940893,0.421875,0.4375,0.8568781614303589,False,ok,0.37017879998893477
D1_154_building,rootsift-lightglue-r2048-k8192,rootsift,lightglue,2048,8192,248,107_0005_0013.JPG,107_0005_0017.JPG,6226,6210,444,308,0.6936936936936937,49.59742351046699,0.203125,0.21875,0.7106125354766846,False,ok,0.4257056000060402
D1_154_building,rootsift-lightglue-r2048-k8192,rootsift,lightglue,2048,8192,249,107_0005_0013.JPG,107_0005_0018.JPG,6226,6296,8,7,0.875,1.12431737873434,0.09375,0.09375,0.20033182203769684,True,ok,0.3256387999863364
D1_154_building,rootsift-lightglue-r2048-k8192,rootsift,lightglue,2048,8192,250,107_0005_0013.JPG,107_0005_0019.JPG,6226,6277,2,0,0.0,0.0,0.0,0.0,0.11784502863883972,True,too_few_matches,0.20716379999066703
D1_154_building,rootsift-lightglue-r2048-k8192,rootsift,lightglue,2048,8192,251,107_0005_0013.JPG,107_0005_0020.JPG,6226,6244,0,0,0.0,0.0,0.0,0.0,0.0,True,no_matches,0.22212979997857474
D1_154_building,rootsift-lightglue-r2048-k8192,rootsift,lightglue,2048,8192,252,107_0005_0013.JPG,107_0005_0021.JPG,6226,6204,0,0,0.0,0.0,0.0,0.0,0.0,True,no_matches,0.21152429998619482
D1_154_building,rootsift-lightglue-r2048-k8192,rootsift,lightglue,2048,8192,253,107_0005_0013.JPG,107_0005_0031.JPG,6226,6249,2985,2851,0.9551088777219431,457.9184066816576,0.890625,0.859375,0.773571252822876,False,ok,0.5575719000189565
D1_154_building,rootsift-lightglue-r2048-k8192,rootsift,lightglue,2048,8192,254,107_0005_0013.JPG,107_0005_0032.JPG,6226,6227,1583,1495,0.9444093493367025,240.12206874397688,0.453125,0.421875,0.8925506472587585,False,ok,0.3835053000075277
D1_154_building,rootsift-lightglue-r2048-k8192,rootsift,lightglue,2048,8192,255,107_0005_0013.JPG,107_0005_0033.JPG,6226,6317,1683,1512,0.8983957219251337,242.8525538066174,0.59375,0.5,0.8749474287033081,False,ok,0.4601183999911882
D1_154_building,rootsift-lightglue-r2048-k8192,rootsift,lightglue,2048,8192,256,107_0005_0013.JPG,107_0005_0114.JPG,6226,6327,1275,991,0.7772549019607843,159.1712174751044,0.484375,0.46875,0.8231232762336731,False,ok,0.4584319999848958
D1_154_building,rootsift-lightglue-r2048-k8192,rootsift,lightglue,2048,8192,257,107_0005_0013.JPG,107_0005_0115.JPG,6226,6348,1593,1346,0.8449466415568111,216.19017025377448,0.46875,0.484375,0.8546212315559387,False,ok,0.39110940002137795
D1_154_building,rootsift-lightglue-r2048-k8192,rootsift,lightglue,2048,8192,258,107_0005_0013.JPG,107_0005_0116.JPG,6226,6381,1601,1408,0.8794503435352904,226.14840989399292,0.5,0.5,0.8497264981269836,False,ok,0.41392990000895225
D1_154_building,rootsift-lightglue-r2048-k8192,rootsift,lightglue,2048,8192,259,107_0005_0013.JPG,107_0005_0117.JPG,6226,6474,1684,1365,0.8105700712589073,219.2418888531963,0.65625,0.53125,0.8235592246055603,False,ok,0.49938019999535754
D1_154_building,rootsift-lightglue-r2048-k8192,rootsift,lightglue,2048,8192,260,107_0005_0013.JPG,107_0005_0140.JPG,6226,6155,573,543,0.9476439790575916,88.22095857026808,0.5625,0.515625,0.4805949628353119,False,ok,0.5960312999959569
D1_154_building,rootsift-lightglue-r2048-k8192,rootsift,lightglue,2048,8192,261,107_0005_0013.JPG,107_0005_0141.JPG,6226,6152,698,620,0.8882521489971347,100.78023407022107,0.546875,0.421875,0.5346508026123047,False,ok,0.5446934000065085
D1_154_building,rootsift-lightglue-r2048-k8192,rootsift,lightglue,2048,8192,262,107_0005_0013.JPG,107_0005_0142.JPG,6226,6118,379,329,0.8680738786279684,53.775743707093824,0.3125,0.265625,0.426600843667984,False,ok,0.44450359998154454
D1_154_building,rootsift-lightglue-r2048-k8192,rootsift,lightglue,2048,8192,263,107_0005_0013.JPG,107_0005_0143.JPG,6226,6166,151,145,0.9602649006622517,23.516055789815116,0.1875,0.25,0.37118542194366455,False,ok,0.4179149999981746
D1_154_building,rootsift-lightglue-r2048-k8192,rootsift,lightglue,2048,8192,264,107_0005_0014.JPG,107_0005_0015.JPG,6219,6221,2931,2798,0.9546229955646537,449.91156134426757,0.828125,0.859375,0.8709103465080261,False,ok,0.3501148000068497
D1_154_building,rootsift-lightglue-r2048-k8192,rootsift,lightglue,2048,8192,265,107_0005_0014.JPG,107_0005_0016.JPG,6219,6252,1953,1715,0.8781362007168458,275.76780832931337,0.609375,0.625,0.8522137999534607,False,ok,0.28896399997756816
D1_154_building,rootsift-lightglue-r2048-k8192,rootsift,lightglue,2048,8192,266,107_0005_0014.JPG,107_0005_0017.JPG,6219,6210,1047,860,0.8213944603629417,138.48631239935588,0.4375,0.5,0.8209698796272278,False,ok,0.4002996999770403
D1_154_building,rootsift-lightglue-r2048-k8192,rootsift,lightglue,2048,8192,267,107_0005_0014.JPG,107_0005_0018.JPG,6219,6296,493,355,0.7200811359026369,57.08313233638849,0.203125,0.234375,0.7612323760986328,False,ok,0.32123490000958554
D1_154_building,rootsift-lightglue-r2048-k8192,rootsift,lightglue,2048,8192,268,107_0005_0014.JPG,107_0005_0019.JPG,6219,6277,105,65,0.6190476190476191,10.451841132014794,0.078125,0.078125,0.543769359588623,False,ok,0.4497096999839414
D1_154_building,rootsift-lightglue-r2048-k8192,rootsift,lightglue,2048,8192,269,107_0005_0014.JPG,107_0005_0020.JPG,6219,6244,18,15,0.8333333333333334,2.41196333815726,0.0625,0.046875,0.715664803981781,False,ok,0.30401410002377816
D1_154_building,rootsift-lightglue-r2048-k8192,rootsift,lightglue,2048,8192,270,107_0005_0014.JPG,107_0005_0021.JPG,6219,6204,19,16,0.8421052631578947,2.5789813023855577,0.078125,0.0625,0.6415684223175049,False,ok,0.2666763000015635
D1_154_building,rootsift-lightglue-r2048-k8192,rootsift,lightglue,2048,8192,271,107_0005_0014.JPG,107_0005_0022.JPG,6219,6208,14,11,0.7857142857142857,1.7719072164948453,0.046875,0.046875,0.5845271348953247,True,ok,0.3255813000141643
D1_154_building,rootsift-lightglue-r2048-k8192,rootsift,lightglue,2048,8192,272,107_0005_0014.JPG,107_0005_0031.JPG,6219,6249,2303,1995,0.8662613981762918,320.7911239749156,0.71875,0.75,0.7325535416603088,False,ok,0.47894209998776205
D1_154_building,rootsift-lightglue-r2048-k8192,rootsift,lightglue,2048,8192,273,107_0005_0014.JPG,107_0005_0032.JPG,6219,6227,1576,1431,0.9079949238578681,230.10130246020262,0.421875,0.40625,0.8632048964500427,False,ok,0.4966759000089951
D1_154_building,rootsift-lightglue-r2048-k8192,rootsift,lightglue,2048,8192,274,107_0005_0014.JPG,107_0005_0048.JPG,6219,6197,1410,1287,0.9127659574468086,207.68113603356463,0.453125,0.4375,0.8740125298500061,False,ok,0.2944590999977663
D1_154_building,rootsift-lightglue-r2048-k8192,rootsift,lightglue,2048,8192,275,107_0005_0014.JPG,107_0005_0049.JPG,6219,6199,1426,1310,0.9186535764375876,211.32440716244557,0.46875,0.4375,0.8766271471977234,False,ok,0.42096059999312274
D1_154_building,rootsift-lightglue-r2048-k8192,rootsift,lightglue,2048,8192,276,107_0005_0014.JPG,107_0005_0081.JPG,6219,6171,1819,1577,0.8669598680593733,255.55015394587588,0.609375,0.609375,0.8706791400909424,False,ok,0.18250939997960813
D1_154_building,rootsift-lightglue-r2048-k8192,rootsift,lightglue,2048,8192,277,107_0005_0014.JPG,107_0005_0114.JPG,6219,6327,1624,1389,0.8552955665024631,223.34780511336228,0.46875,0.53125,0.8418043851852417,False,ok,0.4596921000047587
D1_154_building,rootsift-lightglue-r2048-k8192,rootsift,lightglue,2048,8192,278,107_0005_0014.JPG,107_0005_0115.JPG,6219,6348,1512,1108,0.7328042328042328,178.16369191188295,0.40625,0.421875,0.8160749077796936,False,ok,0.42945230001350865
D1_154_building,rootsift-lightglue-r2048-k8192,rootsift,lightglue,2048,8192,279,107_0005_0014.JPG,107_0005_0116.JPG,6219,6381,1492,1023,0.685656836461126,164.49589966232514,0.390625,0.390625,0.8050059080123901,False,ok,0.48347930001909845
D1_154_building,rootsift-lightglue-r2048-k8192,rootsift,lightglue,2048,8192,280,107_0005_0014.JPG,107_0005_0142.JPG,6219,6118,216,208,0.9629629629629629,33.99803857469762,0.359375,0.328125,0.3800438642501831,False,ok,0.44204339999123476
D1_154_building,rootsift-lightglue-r2048-k8192,rootsift,lightglue,2048,8192,281,107_0005_0014.JPG,107_0005_0143.JPG,6219,6166,263,253,0.9619771863117871,41.03146286084982,0.3125,0.296875,0.4540500342845917,False,ok,0.39174210000783205
D1_154_building,rootsift-lightglue-r2048-k8192,rootsift,lightglue,2048,8192,282,107_0005_0014.JPG,107_0005_0144.JPG,6219,6117,168,157,0.9345238095238095,25.66617623017819,0.1875,0.3125,0.3813711702823639,False,ok,0.3869968999933917
D1_154_building,rootsift-lightglue-r2048-k8192,rootsift,lightglue,2048,8192,283,107_0005_0015.JPG,107_0005_0016.JPG,6221,6252,3163,2938,0.9288650015807778,472.2713390130204,0.875,0.875,0.8670406341552734,False,ok,0.3940308000019286
D1_154_building,rootsift-lightglue-r2048-k8192,rootsift,lightglue,2048,8192,284,107_0005_0015.JPG,107_0005_0017.JPG,6221,6210,1942,1725,0.888259526261586,277.77777777777777,0.625,0.625,0.8560023903846741,False,ok,0.397702800022671
D1_154_building,rootsift-lightglue-r2048-k8192,rootsift,lightglue,2048,8192,285,107_0005_0015.JPG,107_0005_0018.JPG,6221,6296,1203,1028,0.8545303408146301,165.24674489631892,0.4375,0.484375,0.8517013192176819,False,ok,0.272716000006767
D1_154_building,rootsift-lightglue-r2048-k8192,rootsift,lightglue,2048,8192,286,107_0005_0015.JPG,107_0005_0019.JPG,6221,6277,773,640,0.8279430789133247,102.87735090821411,0.296875,0.34375,0.8366179466247559,False,ok,0.3982874999928754
D1_154_building,rootsift-lightglue-r2048-k8192,rootsift,lightglue,2048,8192,287,107_0005_0015.JPG,107_0005_0020.JPG,6221,6244,756,597,0.7896825396825397,95.96527889406848,0.21875,0.3125,0.8237879276275635,False,ok,0.16950810002163053
D1_154_building,rootsift-lightglue-r2048-k8192,rootsift,lightglue,2048,8192,288,107_0005_0015.JPG,107_0005_0021.JPG,6221,6204,701,534,0.7617689015691869,86.073500967118,0.203125,0.28125,0.8351098299026489,False,ok,0.33760259998962283
D1_154_building,rootsift-lightglue-r2048-k8192,rootsift,lightglue,2048,8192,289,107_0005_0015.JPG,107_0005_0022.JPG,6221,6208,659,509,0.7723823975720789,81.9909793814433,0.21875,0.265625,0.8295460343360901,False,ok,0.25615400000242516
D1_154_building,rootsift-lightglue-r2048-k8192,rootsift,lightglue,2048,8192,290,107_0005_0015.JPG,107_0005_0023.JPG,6221,6221,1054,870,0.825426944971537,139.84889889085355,0.328125,0.40625,0.8491117358207703,False,ok,0.28650760001619346
D1_154_building,rootsift-lightglue-r2048-k8192,rootsift,lightglue,2048,8192,291,107_0005_0015.JPG,107_0005_0047.JPG,6221,6280,1907,1722,0.9029889879391715,276.80437228741357,0.59375,0.53125,0.8661183714866638,False,ok,0.4828362000116613
D1_154_building,rootsift-lightglue-r2048-k8192,rootsift,lightglue,2048,8192,292,107_0005_0015.JPG,107_0005_0048.JPG,6221,6197,1684,1592,0.9453681710213777,256.89849927384216,0.4375,0.4375,0.8957868814468384,False,ok,0.3251383999886457
D1_154_building,rootsift-lightglue-r2048-k8192,rootsift,lightglue,2048,8192,293,107_0005_0015.JPG,107_0005_0049.JPG,6221,6199,1689,1600,0.9473060982830077,258.1061461526053,0.453125,0.4375,0.8951273560523987,False,ok,0.4536058999947272
D1_154_building,rootsift-lightglue-r2048-k8192,rootsift,lightglue,2048,8192,294,107_0005_0015.JPG,107_0005_0080.JPG,6221,6246,1582,1307,0.8261694058154235,210.0948400578685,0.609375,0.5,0.851703941822052,False,ok,0.3539996000181418
D1_154_building,rootsift-lightglue-r2048-k8192,rootsift,lightglue,2048,8192,295,107_0005_0015.JPG,107_0005_0081.JPG,6221,6171,1217,925,0.7600657354149548,149.89466861124615,0.375,0.40625,0.8663835525512695,False,ok,0.33755999998538755
D1_154_building,rootsift-lightglue-r2048-k8192,rootsift,lightglue,2048,8192,296,107_0005_0015.JPG,107_0005_0111.JPG,6221,6473,1477,1144,0.7745429925524713,183.89326474843273,0.578125,0.53125,0.7616708278656006,False,ok,0.2037772000185214
D1_154_building,rootsift-lightglue-r2048-k8192,rootsift,lightglue,2048,8192,297,107_0005_0015.JPG,107_0005_0112.JPG,6221,6392,1619,1143,0.7059913526868438,183.73251888763863,0.4375,0.484375,0.8174065351486206,False,ok,0.19528290000744164
D1_154_building,rootsift-lightglue-r2048-k8192,rootsift,lightglue,2048,8192,298,107_0005_0015.JPG,107_0005_0113.JPG,6221,6395,1617,1226,0.7581941867656153,197.07442533354765,0.484375,0.46875,0.8091248869895935,False,ok,0.19938090001232922
D1_154_building,rootsift-lightglue-r2048-k8192,rootsift,lightglue,2048,8192,299,107_0005_0015.JPG,107_0005_0114.JPG,6221,6327,1516,1007,0.6642480211081794,161.87108181964314,0.40625,0.40625,0.790880024433136,False,ok,0.49463400000240654
D1_154_building,rootsift-lightglue-r2048-k8192,rootsift,lightglue,2048,8192,300,107_0005_0015.JPG,107_0005_0143.JPG,6221,6166,557,528,0.947935368043088,85.63087901394745,0.4375,0.375,0.45212996006011963,False,ok,0.5211265000107232
D1_154_building,rootsift-lightglue-r2048-k8192,rootsift,lightglue,2048,8192,301,107_0005_0015.JPG,107_0005_0144.JPG,6221,6117,466,435,0.9334763948497854,71.11329082883766,0.390625,0.375,0.4428612291812897,False,ok,0.579552799987141
D1_154_building,rootsift-lightglue-r2048-k8192,rootsift,lightglue,2048,8192,302,107_0005_0015.JPG,107_0005_0145.JPG,6221,6173,250,232,0.928,37.58302284140613,0.296875,0.3125,0.41665953397750854,False,ok,0.4410379000182729
D1_154_building,rootsift-lightglue-r2048-k8192,rootsift,lightglue,2048,8192,303,107_0005_0015.JPG,107_0005_0146.JPG,6221,6171,151,141,0.9337748344370861,22.84880894506563,0.265625,0.25,0.3724564015865326,False,ok,0.5397110999911092
D1_154_building,rootsift-lightglue-r2048-k8192,rootsift,lightglue,2048,8192,304,107_0005_0016.JPG,107_0005_0017.JPG,6252,6210,3076,2908,0.9453836150845254,468.2769726247987,0.859375,0.875,0.8738240599632263,False,ok,0.4207743000006303
D1_154_building,rootsift-lightglue-r2048-k8192,rootsift,lightglue,2048,8192,305,107_0005_0016.JPG,107_0005_0018.JPG,6252,6296,1955,1784,0.9125319693094629,285.3486884197057,0.609375,0.625,0.8531264066696167,False,ok,0.29250490001868457
D1_154_building,rootsift-lightglue-r2048-k8192,rootsift,lightglue,2048,8192,306,107_0005_0016.JPG,107_0005_0019.JPG,6252,6277,1475,1262,0.855593220338983,201.8554062699936,0.5,0.5,0.8439494371414185,False,ok,0.3874249999935273
D1_154_building,rootsift-lightglue-r2048-k8192,rootsift,lightglue,2048,8192,307,107_0005_0016.JPG,107_0005_0020.JPG,6252,6244,1410,1213,0.8602836879432624,194.26649583600258,0.4375,0.4375,0.8520601391792297,False,ok,0.2576375999778975
D1_154_building,rootsift-lightglue-r2048-k8192,rootsift,lightglue,2048,8192,308,107_0005_0016.JPG,107_0005_0021.JPG,6252,6204,1199,1001,0.8348623853211009,161.34751773049646,0.375,0.375,0.8449966907501221,False,ok,0.30171560001326725
D1_154_building,rootsift-lightglue-r2048-k8192,rootsift,lightglue,2048,8192,309,107_0005_0016.JPG,107_0005_0022.JPG,6252,6208,1126,915,0.8126110124333925,147.39046391752578,0.375,0.375,0.837108850479126,False,ok,0.308427500014659
D1_154_building,rootsift-lightglue-r2048-k8192,rootsift,lightglue,2048,8192,310,107_0005_0016.JPG,107_0005_0023.JPG,6252,6221,1635,1435,0.8776758409785933,230.67031023951134,0.515625,0.5625,0.8769577741622925,False,ok,0.24289649998536333
D1_154_building,rootsift-lightglue-r2048-k8192,rootsift,lightglue,2048,8192,311,107_0005_0016.JPG,107_0005_0024.JPG,6252,6185,2154,1927,0.8946146703806871,311.56022635408243,0.625,0.734375,0.8716093301773071,False,ok,0.3287197999889031
D1_154_building,rootsift-lightglue-r2048-k8192,rootsift,lightglue,2048,8192,312,107_0005_0016.JPG,107_0005_0047.JPG,6252,6280,1870,1696,0.906951871657754,271.2731925783749,0.5625,0.53125,0.876603901386261,False,ok,0.40417630001320504
D1_154_building,rootsift-lightglue-r2048-k8192,rootsift,lightglue,2048,8192,313,107_0005_0016.JPG,107_0005_0048.JPG,6252,6197,1664,1566,0.9411057692307693,252.70292076811361,0.4375,0.421875,0.8801495432853699,False,ok,0.4407276000129059
D1_154_building,rootsift-lightglue-r2048-k8192,rootsift,lightglue,2048,8192,314,107_0005_0016.JPG,107_0005_0049.JPG,6252,6199,1659,1578,0.9511754068716094,254.55718664300693,0.4375,0.4375,0.8855195045471191,False,ok,0.3471921000164002
D1_154_building,rootsift-lightglue-r2048-k8192,rootsift,lightglue,2048,8192,315,107_0005_0016.JPG,107_0005_0050.JPG,6252,6154,1574,1510,0.9593392630241423,245.36886577835554,0.4375,0.46875,0.9002710580825806,False,ok,0.4073828000109643
D1_154_building,rootsift-lightglue-r2048-k8192,rootsift,lightglue,2048,8192,316,107_0005_0016.JPG,107_0005_0051.JPG,6252,6205,1372,1284,0.9358600583090378,206.92989524576953,0.4375,0.46875,0.8671591877937317,False,ok,0.4243564000062179
D1_154_building,rootsift-lightglue-r2048-k8192,rootsift,lightglue,2048,8192,317,107_0005_0016.JPG,107_0005_0079.JPG,6252,6260,1528,1256,0.8219895287958116,200.89571337172106,0.625,0.546875,0.8497894406318665,False,ok,0.22919049998745322
D1_154_building,rootsift-lightglue-r2048-k8192,rootsift,lightglue,2048,8192,318,107_0005_0016.JPG,107_0005_0080.JPG,6252,6246,1001,765,0.7642357642357642,122.47838616714698,0.34375,0.34375,0.8531197905540466,False,ok,0.35425360000226647
D1_154_building,rootsift-lightglue-r2048-k8192,rootsift,lightglue,2048,8192,319,107_0005_0016.JPG,107_0005_0081.JPG,6252,6171,530,379,0.7150943396226415,61.41630205801329,0.21875,0.234375,0.784066379070282,False,ok,0.2540469999948982
D1_154_building,rootsift-lightglue-r2048-k8192,rootsift,lightglue,2048,8192,320,107_0005_0016.JPG,107_0005_0112.JPG,6252,6392,1733,1339,0.7726485862665897,214.17146513115802,0.4375,0.40625,0.801859974861145,False,ok,0.5084518999792635
D1_154_building,rootsift-lightglue-r2048-k8192,rootsift,lightglue,2048,8192,321,107_0005_0016.JPG,107_0005_0113.JPG,6252,6395,1742,1131,0.6492537313432836,180.9021113243762,0.453125,0.40625,0.8001369833946228,False,ok,0.36292849999153987
D1_154_building,rootsift-lightglue-r2048-k8192,rootsift,lightglue,2048,8192,322,107_0005_0016.JPG,107_0005_0144.JPG,6252,6117,572,542,0.9475524475524476,88.60552558443682,0.46875,0.421875,0.4694408178329468,False,ok,0.5832063000125345
D1_154_building,rootsift-lightglue-r2048-k8192,rootsift,lightglue,2048,8192,323,107_0005_0016.JPG,107_0005_0145.JPG,6252,6173,512,472,0.921875,76.46201198768831,0.46875,0.40625,0.44681406021118164,False,ok,0.5177153999975417
D1_154_building,rootsift-lightglue-r2048-k8192,rootsift,lightglue,2048,8192,324,107_0005_0016.JPG,107_0005_0146.JPG,6252,6171,157,124,0.7898089171974523,20.09398800842651,0.3125,0.28125,0.29851648211479187,False,ok,0.5104836999962572
D1_154_building,rootsift-lightglue-r2048-k8192,rootsift,lightglue,2048,8192,325,107_0005_0017.JPG,107_0005_0018.JPG,6210,6296,3249,3103,0.9550630963373345,499.6779388083736,0.875,0.875,0.854783296585083,False,ok,0.23517719999654219
D1_154_building,rootsift-lightglue-r2048-k8192,rootsift,lightglue,2048,8192,326,107_0005_0017.JPG,107_0005_0019.JPG,6210,6277,2445,2255,0.9222903885480572,363.1239935587762,0.75,0.75,0.844690203666687,False,ok,0.4097454999864567
D1_154_building,rootsift-lightglue-r2048-k8192,rootsift,lightglue,2048,8192,327,107_0005_0017.JPG,107_0005_0020.JPG,6210,6244,2187,2000,0.9144947416552355,322.061191626409,0.625,0.65625,0.875268816947937,False,ok,0.33797630001208745
D1_154_building,rootsift-lightglue-r2048-k8192,rootsift,lightglue,2048,8192,328,107_0005_0017.JPG,107_0005_0021.JPG,6210,6204,1826,1639,0.8975903614457831,264.1843971631206,0.5625,0.5625,0.8805485367774963,False,ok,0.22790599998552352
D1_154_building,rootsift-lightglue-r2048-k8192,rootsift,lightglue,2048,8192,329,107_0005_0017.JPG,107_0005_0022.JPG,6210,6208,1754,1563,0.8911060433295325,251.77190721649484,0.5625,0.5625,0.8746882081031799,False,ok,0.32552060001762584
D1_154_building,rootsift-lightglue-r2048-k8192,rootsift,lightglue,2048,8192,330,107_0005_0017.JPG,107_0005_0023.JPG,6210,6221,2229,2059,0.923732615522656,331.5619967793881,0.6875,0.75,0.8905435800552368,False,ok,0.341647399996873
D1_154_building,rootsift-lightglue-r2048-k8192,rootsift,lightglue,2048,8192,331,107_0005_0017.JPG,107_0005_0024.JPG,6210,6185,2210,2017,0.9126696832579185,326.1115602263541,0.71875,0.734375,0.8825247287750244,False,ok,0.2898591999837663
D1_154_building,rootsift-lightglue-r2048-k8192,rootsift,lightglue,2048,8192,332,107_0005_0017.JPG,107_0005_0025.JPG,6210,6233,1509,1329,0.8807157057654076,214.0096618357488,0.5625,0.5625,0.8657781481742859,False,ok,0.35814500000560656
D1_154_building,rootsift-lightglue-r2048-k8192,rootsift,lightglue,2048,8192,333,107_0005_0017.JPG,107_0005_0050.JPG,6210,6154,1586,1497,0.9438839848675914,243.25641858953526,0.46875,0.46875,0.886967658996582,False,ok,0.38022729998920113
D1_154_building,rootsift-lightglue-r2048-k8192,rootsift,lightglue,2048,8192,334,107_0005_0017.JPG,107_0005_0051.JPG,6210,6205,1577,1521,0.9644895370957515,245.12489927477841,0.46875,0.46875,0.9072850942611694,False,ok,0.42579269999987446
D1_154_building,rootsift-lightglue-r2048-k8192,rootsift,lightglue,2048,8192,335,107_0005_0017.JPG,107_0005_0052.JPG,6210,6166,1471,1409,0.9578518014955812,228.51119039896204,0.46875,0.46875,0.8960188031196594,False,ok,0.3452238000172656
D1_154_building,rootsift-lightglue-r2048-k8192,rootsift,lightglue,2048,8192,336,107_0005_0017.JPG,107_0005_0053.JPG,6210,6119,1769,1585,0.8959864330130017,259.02925314593887,0.625,0.546875,0.8795688152313232,False,ok,0.41774949998944066
D1_154_building,rootsift-lightglue-r2048-k8192,rootsift,lightglue,2048,8192,337,107_0005_0017.JPG,107_0005_0078.JPG,6210,6244,1699,1446,0.8510888758092996,232.8502415458937,0.609375,0.515625,0.8461533188819885,False,ok,0.40233189999707974
D1_154_building,rootsift-lightglue-r2048-k8192,rootsift,lightglue,2048,8192,338,107_0005_0017.JPG,107_0005_0079.JPG,6210,6260,882,702,0.7959183673469388,113.04347826086956,0.375,0.375,0.8167280554771423,False,ok,0.32506530001410283
D1_154_building,rootsift-lightglue-r2048-k8192,rootsift,lightglue,2048,8192,339,107_0005_0017.JPG,107_0005_0095.JPG,6210,6475,1938,1485,0.7662538699690402,239.1304347826087,0.609375,0.53125,0.7959935665130615,False,ok,0.46493489999556914
D1_154_building,rootsift-lightglue-r2048-k8192,rootsift,lightglue,2048,8192,340,107_0005_0017.JPG,107_0005_0096.JPG,6210,6365,1778,1271,0.7148481439820022,204.66988727858293,0.453125,0.421875,0.8207005262374878,False,ok,0.371976900001755
D1_154_building,rootsift-lightglue-r2048-k8192,rootsift,lightglue,2048,8192,341,107_0005_0017.JPG,107_0005_0097.JPG,6210,6325,1938,1589,0.8199174406604747,255.87761674718197,0.65625,0.546875,0.8050338625907898,False,ok,0.5042206000071019
D1_154_building,rootsift-lightglue-r2048-k8192,rootsift,lightglue,2048,8192,342,107_0005_0017.JPG,107_0005_0145.JPG,6210,6173,450,434,0.9644444444444444,70.30617203952697,0.640625,0.46875,0.41920727491378784,False,ok,0.3880141999979969
D1_154_building,rootsift-lightglue-r2048-k8192,rootsift,lightglue,2048,8192,343,107_0005_0018.JPG,107_0005_0019.JPG,6296,6277,3630,3553,0.9787878787878788,566.0347299665445,0.875,0.875,0.8534306287765503,False,ok,0.19279709999682382
D1_154_building,rootsift-lightglue-r2048-k8192,rootsift,lightglue,2048,8192,344,107_0005_0018.JPG,107_0005_0020.JPG,6296,6244,3033,2947,0.9716452357401912,471.9730941704036,0.765625,0.765625,0.8763965964317322,False,ok,0.2500292000186164
D1_154_building,rootsift-lightglue-r2048-k8192,rootsift,lightglue,2048,8192,345,107_0005_0018.JPG,107_0005_0021.JPG,6296,6204,2524,2344,0.9286846275752774,377.8207607994842,0.65625,0.671875,0.8762514591217041,False,ok,0.33805150000262074
D1_154_building,rootsift-lightglue-r2048-k8192,rootsift,lightglue,2048,8192,346,107_0005_0018.JPG,107_0005_0022.JPG,6296,6208,2460,2252,0.9154471544715447,362.75773195876286,0.671875,0.71875,0.8690981268882751,False,ok,0.3210374999907799
D1_154_building,rootsift-lightglue-r2048-k8192,rootsift,lightglue,2048,8192,347,107_0005_0018.JPG,107_0005_0023.JPG,6296,6221,2337,2153,0.9212665810868635,346.085838289664,0.75,0.703125,0.8793600797653198,False,ok,0.322775200009346
D1_154_building,rootsift-lightglue-r2048-k8192,rootsift,lightglue,2048,8192,348,107_0005_0018.JPG,107_0005_0024.JPG,6296,6185,1719,1535,0.8929610238510762,248.18108326596604,0.5625,0.53125,0.8766429424285889,False,ok,0.33372399999643676
D1_154_building,rootsift-lightglue-r2048-k8192,rootsift,lightglue,2048,8192,349,107_0005_0018.JPG,107_0005_0025.JPG,6296,6233,1089,905,0.8310376492194674,145.19493021017166,0.4375,0.34375,0.8536794781684875,False,ok,0.3056314999994356
D1_154_building,rootsift-lightglue-r2048-k8192,rootsift,lightglue,2048,8192,350,107_0005_0018.JPG,107_0005_0026.JPG,6296,6224,612,456,0.7450980392156863,73.26478149100257,0.28125,0.234375,0.8068088889122009,False,ok,0.40144889999646693
D1_154_building,rootsift-lightglue-r2048-k8192,rootsift,lightglue,2048,8192,351,107_0005_0018.JPG,107_0005_0051.JPG,6296,6205,1692,1519,0.8977541371158393,244.80257856567283,0.484375,0.453125,0.8971695303916931,False,ok,0.3837092000176199
D1_154_building,rootsift-lightglue-r2048-k8192,rootsift,lightglue,2048,8192,352,107_0005_0018.JPG,107_0005_0052.JPG,6296,6166,1675,1531,0.9140298507462686,248.29711320142718,0.484375,0.453125,0.8989682793617249,False,ok,0.3976044000010006
D1_154_building,rootsift-lightglue-r2048-k8192,rootsift,lightglue,2048,8192,353,107_0005_0018.JPG,107_0005_0053.JPG,6296,6119,1988,1795,0.9029175050301811,293.3485863703219,0.625,0.53125,0.8802827000617981,False,ok,0.5581379999930505
D1_154_building,rootsift-lightglue-r2048-k8192,rootsift,lightglue,2048,8192,354,107_0005_0018.JPG,107_0005_0067.JPG,6296,6311,1094,824,0.753199268738574,130.87674714104193,0.390625,0.34375,0.8224812150001526,False,ok,0.29031989999930374
D1_154_building,rootsift-lightglue-r2048-k8192,rootsift,lightglue,2048,8192,355,107_0005_0018.JPG,107_0005_0068.JPG,6296,6337,1578,1203,0.7623574144486692,191.07369758576874,0.53125,0.453125,0.8340951800346375,False,ok,0.41684130000066943
D1_154_building,rootsift-lightglue-r2048-k8192,rootsift,lightglue,2048,8192,356,107_0005_0018.JPG,107_0005_0076.JPG,6296,6216,2343,1997,0.8523260776781904,321.2676962676963,0.734375,0.65625,0.8323438763618469,False,ok,0.3623600999999326
D1_154_building,rootsift-lightglue-r2048-k8192,rootsift,lightglue,2048,8192,357,107_0005_0018.JPG,107_0005_0077.JPG,6296,6185,1760,1565,0.8892045454545454,253.0315278900566,0.625,0.53125,0.8592424988746643,False,ok,0.341561700013699
D1_154_building,rootsift-lightglue-r2048-k8192,rootsift,lightglue,2048,8192,358,107_0005_0018.JPG,107_0005_0078.JPG,6296,6244,1118,921,0.8237924865831843,147.50160153747598,0.375,0.375,0.8722859621047974,False,ok,0.20042790001025423
D1_154_building,rootsift-lightglue-r2048-k8192,rootsift,lightglue,2048,8192,359,107_0005_0018.JPG,107_0005_0079.JPG,6296,6260,263,180,0.6844106463878327,28.75399361022364,0.15625,0.15625,0.7032535076141357,False,ok,0.4449222000257578
D1_154_building,rootsift-lightglue-r2048-k8192,rootsift,lightglue,2048,8192,360,107_0005_0018.JPG,107_0005_0094.JPG,6296,6323,2437,2053,0.8424292162494871,326.0800508259212,0.75,0.671875,0.8326854705810547,False,ok,0.40853109999443404
D1_154_building,rootsift-lightglue-r2048-k8192,rootsift,lightglue,2048,8192,361,107_0005_0018.JPG,107_0005_0095.JPG,6296,6475,2118,1826,0.8621340887629839,290.0254129606099,0.609375,0.546875,0.8536701202392578,False,ok,0.4815602999879047
D1_154_building,rootsift-lightglue-r2048-k8192,rootsift,lightglue,2048,8192,362,107_0005_0018.JPG,107_0005_0096.JPG,6296,6365,1863,1592,0.8545356951154053,252.85895806861498,0.5,0.4375,0.8461518883705139,False,ok,0.3323339000053238
D1_154_building,rootsift-lightglue-r2048-k8192,rootsift,lightglue,2048,8192,363,107_0005_0018.JPG,107_0005_0097.JPG,6296,6325,2198,1825,0.8303002729754322,289.866581956798,0.609375,0.5625,0.8298399448394775,False,ok,0.5119051999936346
D1_154_building,rootsift-lightglue-r2048-k8192,rootsift,lightglue,2048,8192,364,107_0005_0019.JPG,107_0005_0020.JPG,6277,6244,3381,3336,0.9866903283052352,534.2729019859065,0.875,0.875,0.8890771269798279,False,ok,0.24356469998019747
D1_154_building,rootsift-lightglue-r2048-k8192,rootsift,lightglue,2048,8192,365,107_0005_0019.JPG,107_0005_0021.JPG,6277,6204,2603,2488,0.9558202074529389,401.03159252095423,0.75,0.75,0.8585931658744812,False,ok,0.3002472999796737
D1_154_building,rootsift-lightglue-r2048-k8192,rootsift,lightglue,2048,8192,366,107_0005_0019.JPG,107_0005_0022.JPG,6277,6208,2508,2388,0.9521531100478469,384.66494845360825,0.75,0.75,0.8551747798919678,False,ok,0.29184499999973923
D1_154_building,rootsift-lightglue-r2048-k8192,rootsift,lightglue,2048,8192,367,107_0005_0019.JPG,107_0005_0023.JPG,6277,6221,1977,1788,0.9044006069802731,287.41359909982316,0.65625,0.578125,0.8700451254844666,False,ok,0.20805939999991097
D1_154_building,rootsift-lightglue-r2048-k8192,rootsift,lightglue,2048,8192,368,107_0005_0019.JPG,107_0005_0024.JPG,6277,6185,1392,1170,0.8405172413793104,189.16734033953114,0.46875,0.46875,0.8467885255813599,False,ok,0.3331039999902714
D1_154_building,rootsift-lightglue-r2048-k8192,rootsift,lightglue,2048,8192,369,107_0005_0019.JPG,107_0005_0025.JPG,6277,6233,826,648,0.784503631961259,103.96277875822237,0.328125,0.28125,0.8735503554344177,False,ok,0.22473260000697337
D1_154_building,rootsift-lightglue-r2048-k8192,rootsift,lightglue,2048,8192,370,107_0005_0019.JPG,107_0005_0026.JPG,6277,6224,43,40,0.9302325581395349,6.426735218508997,0.140625,0.109375,0.3824375569820404,False,ok,0.3351570999948308
D1_154_building,rootsift-lightglue-r2048-k8192,rootsift,lightglue,2048,8192,371,107_0005_0019.JPG,107_0005_0027.JPG,6277,6188,2,0,0.0,0.0,0.0,0.0,0.11118472367525101,True,too_few_matches,0.3250555999984499
D1_154_building,rootsift-lightglue-r2048-k8192,rootsift,lightglue,2048,8192,372,107_0005_0019.JPG,107_0005_0051.JPG,6277,6205,1495,1362,0.9110367892976589,219.50040290088637,0.484375,0.390625,0.861629068851471,False,ok,0.3337411000102293
D1_154_building,rootsift-lightglue-r2048-k8192,rootsift,lightglue,2048,8192,373,107_0005_0019.JPG,107_0005_0052.JPG,6277,6166,1529,1415,0.9254414650098103,229.48426856957508,0.5,0.390625,0.8613134622573853,False,ok,0.45001920001232065
D1_154_building,rootsift-lightglue-r2048-k8192,rootsift,lightglue,2048,8192,374,107_0005_0019.JPG,107_0005_0053.JPG,6277,6119,1860,1659,0.8919354838709678,271.12273247262624,0.625,0.5,0.8582176566123962,False,ok,0.43872919998830184
D1_154_building,rootsift-lightglue-r2048-k8192,rootsift,lightglue,2048,8192,375,107_0005_0019.JPG,107_0005_0068.JPG,6277,6337,1286,987,0.7674961119751167,157.2407200892146,0.40625,0.375,0.8250295519828796,False,ok,0.39664530000300147
D1_154_building,rootsift-lightglue-r2048-k8192,rootsift,lightglue,2048,8192,376,107_0005_0019.JPG,107_0005_0069.JPG,6277,6366,1533,1149,0.7495107632093934,183.04922733790028,0.625,0.46875,0.84211665391922,False,ok,0.30842839999240823
D1_154_building,rootsift-lightglue-r2048-k8192,rootsift,lightglue,2048,8192,377,107_0005_0019.JPG,107_0005_0070.JPG,6277,6325,1789,1348,0.7534935718278368,214.75227019276724,0.75,0.53125,0.8375531435012817,False,ok,0.4126170999952592
D1_154_building,rootsift-lightglue-r2048-k8192,rootsift,lightglue,2048,8192,378,107_0005_0019.JPG,107_0005_0071.JPG,6277,6399,1971,1489,0.7554540842212075,237.2152302055122,0.859375,0.609375,0.7924833297729492,False,ok,0.5207678000151645
D1_154_building,rootsift-lightglue-r2048-k8192,rootsift,lightglue,2048,8192,379,107_0005_0019.JPG,107_0005_0072.JPG,6277,6320,2232,1782,0.7983870967741935,283.89357973554246,0.984375,0.765625,0.7907983064651489,False,ok,0.3547355000046082
D1_154_building,rootsift-lightglue-r2048-k8192,rootsift,lightglue,2048,8192,380,107_0005_0019.JPG,107_0005_0075.JPG,6277,6290,2400,2011,0.8379166666666666,320.3759757846105,0.859375,0.71875,0.8144301176071167,False,ok,0.4884213999903295
D1_154_building,rootsift-lightglue-r2048-k8192,rootsift,lightglue,2048,8192,381,107_0005_0019.JPG,107_0005_0076.JPG,6277,6216,2006,1795,0.8948155533399801,288.77091377091375,0.625,0.609375,0.8534721732139587,False,ok,0.2291508999769576
D1_154_building,rootsift-lightglue-r2048-k8192,rootsift,lightglue,2048,8192,382,107_0005_0019.JPG,107_0005_0077.JPG,6277,6185,1337,1111,0.8309648466716529,179.62813257881973,0.4375,0.4375,0.8675866723060608,False,ok,0.28721039998345077
D1_154_building,rootsift-lightglue-r2048-k8192,rootsift,lightglue,2048,8192,383,107_0005_0019.JPG,107_0005_0078.JPG,6277,6244,709,544,0.767277856135402,87.12363869314542,0.25,0.25,0.813852846622467,False,ok,0.31263130001025274
D1_154_building,rootsift-lightglue-r2048-k8192,rootsift,lightglue,2048,8192,384,107_0005_0019.JPG,107_0005_0093.JPG,6277,6289,2361,1994,0.8445573909360441,317.6676756412299,0.8125,0.703125,0.8302800059318542,False,ok,0.3953637999948114
D1_154_building,rootsift-lightglue-r2048-k8192,rootsift,lightglue,2048,8192,385,107_0005_0019.JPG,107_0005_0094.JPG,6277,6323,2243,1969,0.8778421756576015,313.68488131272903,0.671875,0.59375,0.8433489203453064,False,ok,0.4010707999987062
D1_154_building,rootsift-lightglue-r2048-k8192,rootsift,lightglue,2048,8192,386,107_0005_0019.JPG,107_0005_0095.JPG,6277,6475,2007,1490,0.7424015944195317,237.37454197865222,0.53125,0.46875,0.8376386761665344,False,ok,0.5410955999977887
D1_154_building,rootsift-lightglue-r2048-k8192,rootsift,lightglue,2048,8192,387,107_0005_0019.JPG,107_0005_0096.JPG,6277,6365,1751,1421,0.8115362649914335,226.3820296319898,0.5,0.46875,0.799980103969574,False,ok,0.39346330001717433
D1_154_building,rootsift-lightglue-r2048-k8192,rootsift,lightglue,2048,8192,388,107_0005_0019.JPG,107_0005_0097.JPG,6277,6325,2134,1496,0.7010309278350515,238.33041261749244,0.625,0.578125,0.7973237037658691,False,ok,0.19549360001110472
D1_154_building,rootsift-lightglue-r2048-k8192,rootsift,lightglue,2048,8192,389,107_0005_0020.JPG,107_0005_0021.JPG,6244,6204,3711,3671,0.9892212341686877,591.7150225660864,0.90625,0.875,0.8978583216667175,False,ok,0.14740829999209382
D1_154_building,rootsift-lightglue-r2048-k8192,rootsift,lightglue,2048,8192,390,107_0005_0020.JPG,107_0005_0022.JPG,6244,6208,3563,3512,0.985686219477968,565.7216494845361,0.890625,0.875,0.9014803767204285,False,ok,0.2525708999892231
D1_154_building,rootsift-lightglue-r2048-k8192,rootsift,lightglue,2048,8192,391,107_0005_0020.JPG,107_0005_0023.JPG,6244,6221,2588,2497,0.9648377125193199,401.3824144028291,0.765625,0.703125,0.8857999444007874,False,ok,0.30472529999678954
D1_154_building,rootsift-lightglue-r2048-k8192,rootsift,lightglue,2048,8192,392,107_0005_0020.JPG,107_0005_0024.JPG,6244,6185,1810,1598,0.8828729281767956,258.36701697655616,0.546875,0.546875,0.8684440851211548,False,ok,0.24162479999358766
D1_154_building,rootsift-lightglue-r2048-k8192,rootsift,lightglue,2048,8192,393,107_0005_0020.JPG,107_0005_0025.JPG,6244,6233,1061,846,0.7973609802073516,135.7291833787903,0.40625,0.328125,0.8481817841529846,False,ok,0.3467044999997597
D1_154_building,rootsift-lightglue-r2048-k8192,rootsift,lightglue,2048,8192,394,107_0005_0020.JPG,107_0005_0026.JPG,6244,6224,512,362,0.70703125,58.16195372750643,0.25,0.21875,0.7556338310241699,False,ok,0.5249328000063542
D1_154_building,rootsift-lightglue-r2048-k8192,rootsift,lightglue,2048,8192,395,107_0005_0020.JPG,107_0005_0027.JPG,6244,6188,2,0,0.0,0.0,0.0,0.0,0.1857486218214035,True,too_few_matches,0.26084719999926165
D1_154_building,rootsift-lightglue-r2048-k8192,rootsift,lightglue,2048,8192,396,107_0005_0020.JPG,107_0005_0028.JPG,6244,6181,1,0,0.0,0.0,0.0,0.0,0.1475134640932083,True,too_few_matches,0.32421289998455904
D1_154_building,rootsift-lightglue-r2048-k8192,rootsift,lightglue,2048,8192,397,107_0005_0020.JPG,107_0005_0075.JPG,6244,6290,2262,1955,0.8642793987621574,313.10057655349135,0.84375,0.703125,0.857589602470398,False,ok,0.25815089998650365
D1_154_building,rootsift-lightglue-r2048-k8192,rootsift,lightglue,2048,8192,398,107_0005_0020.JPG,107_0005_0076.JPG,6244,6216,1889,1687,0.8930651138168343,271.39639639639637,0.609375,0.59375,0.8800973296165466,False,ok,0.3250449000042863
D1_154_building,rootsift-lightglue-r2048-k8192,rootsift,lightglue,2048,8192,399,107_0005_0020.JPG,107_0005_0077.JPG,6244,6185,1232,1059,0.859577922077922,171.22069523039613,0.4375,0.4375,0.8569018840789795,False,ok,0.26248069998109713
D1_154_building,rootsift-lightglue-r2048-k8192,rootsift,lightglue,2048,8192,400,107_0005_0020.JPG,107_0005_0078.JPG,6244,6244,701,551,0.7860199714693296,88.24471492632928,0.21875,0.25,0.8085840940475464,False,ok,0.2391258999996353
D1_154_building,rootsift-lightglue-r2048-k8192,rootsift,lightglue,2048,8192,401,107_0005_0020.JPG,107_0005_0087.JPG,6244,6217,771,609,0.7898832684824902,97.9572140903973,0.3125,0.3125,0.8636512756347656,False,ok,0.31783380001434125
D1_154_building,rootsift-lightglue-r2048-k8192,rootsift,lightglue,2048,8192,402,107_0005_0020.JPG,107_0005_0088.JPG,6244,6145,1308,1026,0.7844036697247706,166.96501220504476,0.4375,0.40625,0.8807004690170288,False,ok,0.3292982999992091
D1_154_building,rootsift-lightglue-r2048-k8192,rootsift,lightglue,2048,8192,403,107_0005_0020.JPG,107_0005_0089.JPG,6244,6196,1828,1541,0.8429978118161926,248.7088444157521,0.65625,0.515625,0.8663435578346252,False,ok,0.22713220000150613
D1_154_building,rootsift-lightglue-r2048-k8192,rootsift,lightglue,2048,8192,404,107_0005_0020.JPG,107_0005_0093.JPG,6244,6289,2153,1944,0.9029261495587553,311.3388853299167,0.75,0.65625,0.8816116452217102,False,ok,0.3757989000005182
D1_154_building,rootsift-lightglue-r2048-k8192,rootsift,lightglue,2048,8192,405,107_0005_0020.JPG,107_0005_0094.JPG,6244,6323,1819,1542,0.8477185266630016,246.9570787956438,0.53125,0.46875,0.8984595537185669,False,ok,0.3206073000037577
D1_154_building,rootsift-lightglue-r2048-k8192,rootsift,lightglue,2048,8192,406,107_0005_0020.JPG,107_0005_0095.JPG,6244,6475,1360,1193,0.8772058823529412,191.0634208840487,0.390625,0.390625,0.8527069091796875,False,ok,0.3382796999940183
D1_154_building,rootsift-lightglue-r2048-k8192,rootsift,lightglue,2048,8192,407,107_0005_0020.JPG,107_0005_0096.JPG,6244,6365,1156,1024,0.8858131487889274,163.99743754003845,0.375,0.375,0.8147885799407959,False,ok,0.36966160000883974
D1_154_building,rootsift-lightglue-r2048-k8192,rootsift,lightglue,2048,8192,408,107_0005_0020.JPG,107_0005_0097.JPG,6244,6325,1715,1411,0.8227405247813411,225.97693786034594,0.5,0.453125,0.8363560438156128,False,ok,0.4610411000030581
D1_154_building,rootsift-lightglue-r2048-k8192,rootsift,lightglue,2048,8192,409,107_0005_0020.JPG,107_0005_0098.JPG,6244,6322,2160,1650,0.7638888888888888,264.2536835361947,0.609375,0.484375,0.8233445286750793,False,ok,0.5250458999944385
D1_154_building,rootsift-lightglue-r2048-k8192,rootsift,lightglue,2048,8192,410,107_0005_0021.JPG,107_0005_0022.JPG,6204,6208,4605,4591,0.9969598262757872,740.006447453256,1.0,1.0,0.8968465924263,False,ok,0.18976400000974536
D1_154_building,rootsift-lightglue-r2048-k8192,rootsift,lightglue,2048,8192,411,107_0005_0021.JPG,107_0005_0023.JPG,6204,6221,3150,3072,0.9752380952380952,495.1644100580271,0.875,0.859375,0.8968257308006287,False,ok,0.3063485999882687
D1_154_building,rootsift-lightglue-r2048-k8192,rootsift,lightglue,2048,8192,412,107_0005_0021.JPG,107_0005_0024.JPG,6204,6185,2142,1923,0.8977591036414566,310.9135004042037,0.625,0.625,0.8690456748008728,False,ok,0.26447470000130124
D1_154_building,rootsift-lightglue-r2048-k8192,rootsift,lightglue,2048,8192,413,107_0005_0021.JPG,107_0005_0025.JPG,6204,6233,1282,1063,0.8291731669266771,171.34107027724048,0.5,0.390625,0.8575490117073059,False,ok,0.39160139998421073
D1_154_building,rootsift-lightglue-r2048-k8192,rootsift,lightglue,2048,8192,414,107_0005_0021.JPG,107_0005_0026.JPG,6204,6224,563,415,0.7371225577264654,66.89232753062541,0.21875,0.21875,0.7771794199943542,False,ok,0.4833376999886241
D1_154_building,rootsift-lightglue-r2048-k8192,rootsift,lightglue,2048,8192,415,107_0005_0021.JPG,107_0005_0027.JPG,6204,6188,2,0,0.0,0.0,0.0,0.0,0.15798506140708923,True,too_few_matches,0.25090159999672323
D1_154_building,rootsift-lightglue-r2048-k8192,rootsift,lightglue,2048,8192,416,107_0005_0021.JPG,107_0005_0028.JPG,6204,6181,1,0,0.0,0.0,0.0,0.0,0.17395679652690887,True,too_few_matches,0.3332257999863941
D1_154_building,rootsift-lightglue-r2048-k8192,rootsift,lightglue,2048,8192,417,107_0005_0021.JPG,107_0005_0029.JPG,6204,6215,1,0,0.0,0.0,0.0,0.0,0.3847942650318146,True,too_few_matches,0.25422400000388734
D1_154_building,rootsift-lightglue-r2048-k8192,rootsift,lightglue,2048,8192,418,107_0005_0021.JPG,107_0005_0076.JPG,6204,6216,1530,1280,0.8366013071895425,206.3185041908446,0.53125,0.515625,0.8674248456954956,False,ok,0.3215495999902487
D1_154_building,rootsift-lightglue-r2048-k8192,rootsift,lightglue,2048,8192,419,107_0005_0021.JPG,107_0005_0077.JPG,6204,6185,977,796,0.8147389969293757,128.69846402586904,0.375,0.40625,0.8322387337684631,False,ok,0.26250809998600744
D1_154_building,rootsift-lightglue-r2048-k8192,rootsift,lightglue,2048,8192,420,107_0005_0021.JPG,107_0005_0086.JPG,6204,6254,194,134,0.6907216494845361,21.598968407479045,0.109375,0.09375,0.7081677913665771,False,ok,0.36857710001640953
D1_154_building,rootsift-lightglue-r2048-k8192,rootsift,lightglue,2048,8192,421,107_0005_0021.JPG,107_0005_0087.JPG,6204,6217,1026,858,0.8362573099415205,138.29787234042553,0.359375,0.375,0.883060097694397,False,ok,0.3124291999847628
D1_154_building,rootsift-lightglue-r2048-k8192,rootsift,lightglue,2048,8192,422,107_0005_0021.JPG,107_0005_0088.JPG,6204,6145,1622,1465,0.9032059186189889,238.40520748576077,0.5,0.46875,0.8885959982872009,False,ok,0.17731960001401603
D1_154_building,rootsift-lightglue-r2048-k8192,rootsift,lightglue,2048,8192,423,107_0005_0021.JPG,107_0005_0089.JPG,6204,6196,2129,1929,0.9060591827148896,311.32989025177534,0.734375,0.59375,0.8880206942558289,False,ok,0.33748109999578446
D1_154_building,rootsift-lightglue-r2048-k8192,rootsift,lightglue,2048,8192,424,107_0005_0021.JPG,107_0005_0090.JPG,6204,6176,2532,2113,0.834518167456556,342.13082901554407,0.890625,0.703125,0.8329044580459595,False,ok,0.3849021000205539
D1_154_building,rootsift-lightglue-r2048-k8192,rootsift,lightglue,2048,8192,425,107_0005_0021.JPG,107_0005_0091.JPG,6204,6178,2554,2124,0.831636648394675,343.8005827128521,0.984375,0.796875,0.8061379790306091,False,ok,0.5251688999996986
D1_154_building,rootsift-lightglue-r2048-k8192,rootsift,lightglue,2048,8192,426,107_0005_0021.JPG,107_0005_0092.JPG,6204,6229,2452,2099,0.8560358890701468,338.3301096067054,0.875,0.71875,0.8641296625137329,False,ok,0.35407519998261705
D1_154_building,rootsift-lightglue-r2048-k8192,rootsift,lightglue,2048,8192,427,107_0005_0021.JPG,107_0005_0093.JPG,6204,6289,1794,1609,0.8968784838350056,259.34880722114764,0.625,0.578125,0.8896914124488831,False,ok,0.35844989999895915
D1_154_building,rootsift-lightglue-r2048-k8192,rootsift,lightglue,2048,8192,428,107_0005_0021.JPG,107_0005_0094.JPG,6204,6323,1307,1091,0.8347360367253251,175.85428755641522,0.40625,0.421875,0.9025187492370605,False,ok,0.32611069999984466
D1_154_building,rootsift-lightglue-r2048-k8192,rootsift,lightglue,2048,8192,429,107_0005_0021.JPG,107_0005_0097.JPG,6204,6325,1267,1089,0.8595106550907656,175.53191489361703,0.375,0.375,0.7830749154090881,False,ok,0.43938639998668805
D1_154_building,rootsift-lightglue-r2048-k8192,rootsift,lightglue,2048,8192,430,107_0005_0021.JPG,107_0005_0098.JPG,6204,6322,1796,1427,0.794543429844098,230.01289490651192,0.5,0.4375,0.8255347013473511,False,ok,0.3451327999937348
D1_154_building,rootsift-lightglue-r2048-k8192,rootsift,lightglue,2048,8192,431,107_0005_0021.JPG,107_0005_0099.JPG,6204,6319,2297,1979,0.8615585546364823,318.98774983881367,0.59375,0.546875,0.8497975468635559,False,ok,0.5491325000184588
D1_154_building,rootsift-lightglue-r2048-k8192,rootsift,lightglue,2048,8192,432,107_0005_0022.JPG,107_0005_0023.JPG,6208,6221,3094,3016,0.9747899159663865,485.82474226804123,0.859375,0.8125,0.8981578350067139,False,ok,0.2171482000267133
D1_154_building,rootsift-lightglue-r2048-k8192,rootsift,lightglue,2048,8192,433,107_0005_0022.JPG,107_0005_0024.JPG,6208,6185,2096,1890,0.9017175572519084,305.5780113177041,0.625,0.625,0.865466296672821,False,ok,0.3377978000207804
D1_154_building,rootsift-lightglue-r2048-k8192,rootsift,lightglue,2048,8192,434,107_0005_0022.JPG,107_0005_0025.JPG,6208,6233,1214,986,0.8121911037891268,158.82731958762886,0.453125,0.375,0.8533955812454224,False,ok,0.25425779999932274
D1_154_building,rootsift-lightglue-r2048-k8192,rootsift,lightglue,2048,8192,435,107_0005_0022.JPG,107_0005_0026.JPG,6208,6224,548,404,0.7372262773722628,65.07731958762886,0.25,0.234375,0.765099823474884,False,ok,0.48056150000775233
D1_154_building,rootsift-lightglue-r2048-k8192,rootsift,lightglue,2048,8192,436,107_0005_0022.JPG,107_0005_0027.JPG,6208,6188,1,0,0.0,0.0,0.0,0.0,0.1277753710746765,True,too_few_matches,0.15571490000002086
D1_154_building,rootsift-lightglue-r2048-k8192,rootsift,lightglue,2048,8192,437,107_0005_0022.JPG,107_0005_0028.JPG,6208,6181,1,0,0.0,0.0,0.0,0.0,0.1128700003027916,True,too_few_matches,0.17159529999480583
D1_154_building,rootsift-lightglue-r2048-k8192,rootsift,lightglue,2048,8192,438,107_0005_0022.JPG,107_0005_0029.JPG,6208,6215,1,0,0.0,0.0,0.0,0.0,0.17615437507629395,True,too_few_matches,0.1697606999950949
D1_154_building,rootsift-lightglue-r2048-k8192,rootsift,lightglue,2048,8192,439,107_0005_0022.JPG,107_0005_0030.JPG,6208,6158,2,0,0.0,0.0,0.0,0.0,0.26665785908699036,True,too_few_matches,0.34204450002289377
D1_154_building,rootsift-lightglue-r2048-k8192,rootsift,lightglue,2048,8192,440,107_0005_0022.JPG,107_0005_0076.JPG,6208,6216,1484,1249,0.8416442048517521,201.19201030927834,0.53125,0.515625,0.8569260239601135,False,ok,0.3376462000014726
D1_154_building,rootsift-lightglue-r2048-k8192,rootsift,lightglue,2048,8192,441,107_0005_0022.JPG,107_0005_0086.JPG,6208,6254,204,136,0.6666666666666666,21.90721649484536,0.078125,0.078125,0.7190580368041992,False,ok,0.3324585000227671
D1_154_building,rootsift-lightglue-r2048-k8192,rootsift,lightglue,2048,8192,442,107_0005_0022.JPG,107_0005_0087.JPG,6208,6217,1030,865,0.8398058252427184,139.33634020618555,0.359375,0.375,0.8791741132736206,False,ok,0.30427580000832677
D1_154_building,rootsift-lightglue-r2048-k8192,rootsift,lightglue,2048,8192,443,107_0005_0022.JPG,107_0005_0088.JPG,6208,6145,1608,1416,0.8805970149253731,230.4312449145647,0.5,0.46875,0.8937605619430542,False,ok,0.2578889000287745
D1_154_building,rootsift-lightglue-r2048-k8192,rootsift,lightglue,2048,8192,444,107_0005_0022.JPG,107_0005_0089.JPG,6208,6196,2163,1967,0.9093851132686084,317.4628792769529,0.734375,0.609375,0.8771567344665527,False,ok,0.22098159999586642
D1_154_building,rootsift-lightglue-r2048-k8192,rootsift,lightglue,2048,8192,445,107_0005_0022.JPG,107_0005_0090.JPG,6208,6176,2553,2159,0.8456717587152369,349.57901554404145,0.890625,0.71875,0.8375962972640991,False,ok,0.45778890000656247
D1_154_building,rootsift-lightglue-r2048-k8192,rootsift,lightglue,2048,8192,446,107_0005_0022.JPG,107_0005_0091.JPG,6208,6178,2553,2143,0.8394046220133177,346.876011654257,1.0,0.8125,0.8126736879348755,False,ok,0.4295464000024367
D1_154_building,rootsift-lightglue-r2048-k8192,rootsift,lightglue,2048,8192,447,107_0005_0022.JPG,107_0005_0092.JPG,6208,6229,2429,2092,0.8612597776862907,336.9845360824742,0.84375,0.703125,0.8674918413162231,False,ok,0.44644010000047274
D1_154_building,rootsift-lightglue-r2048-k8192,rootsift,lightglue,2048,8192,448,107_0005_0022.JPG,107_0005_0093.JPG,6208,6289,1683,1480,0.8793820558526441,238.4020618556701,0.625,0.578125,0.8805493116378784,False,ok,0.22462899997481145
D1_154_building,rootsift-lightglue-r2048-k8192,rootsift,lightglue,2048,8192,449,107_0005_0022.JPG,107_0005_0094.JPG,6208,6323,1239,977,0.7885391444713479,157.37757731958763,0.40625,0.421875,0.8910374045372009,False,ok,0.34977700002491474
D1_154_building,rootsift-lightglue-r2048-k8192,rootsift,lightglue,2048,8192,450,107_0005_0022.JPG,107_0005_0097.JPG,6208,6325,1202,1035,0.8610648918469218,166.72036082474227,0.375,0.375,0.7796672582626343,False,ok,0.3203335000143852
D1_154_building,rootsift-lightglue-r2048-k8192,rootsift,lightglue,2048,8192,451,107_0005_0022.JPG,107_0005_0098.JPG,6208,6322,1750,1555,0.8885714285714286,250.48324742268042,0.5,0.46875,0.8157439231872559,False,ok,0.45425010001054034
D1_154_building,rootsift-lightglue-r2048-k8192,rootsift,lightglue,2048,8192,452,107_0005_0022.JPG,107_0005_0099.JPG,6208,6319,2259,1820,0.8056662239929172,293.1701030927835,0.59375,0.515625,0.8451582193374634,False,ok,0.42640580001170747
D1_154_building,rootsift-lightglue-r2048-k8192,rootsift,lightglue,2048,8192,453,107_0005_0023.JPG,107_0005_0024.JPG,6221,6185,3219,3162,0.9822926374650512,511.2368633791431,0.875,0.859375,0.8864994049072266,False,ok,0.305335599987302
D1_154_building,rootsift-lightglue-r2048-k8192,rootsift,lightglue,2048,8192,454,107_0005_0023.JPG,107_0005_0025.JPG,6221,6233,2068,1858,0.8984526112185687,298.6658093554091,0.625,0.59375,0.8920975923538208,False,ok,0.3878979000146501
D1_154_building,rootsift-lightglue-r2048-k8192,rootsift,lightglue,2048,8192,455,107_0005_0023.JPG,107_0005_0026.JPG,6221,6224,1219,998,0.8187038556193601,160.42436907249638,0.46875,0.4375,0.8503363132476807,False,ok,0.3447374999814201
D1_154_building,rootsift-lightglue-r2048-k8192,rootsift,lightglue,2048,8192,456,107_0005_0023.JPG,107_0005_0027.JPG,6221,6188,242,186,0.768595041322314,30.058177117000646,0.1875,0.15625,0.6032156944274902,False,ok,0.4500065999745857
D1_154_building,rootsift-lightglue-r2048-k8192,rootsift,lightglue,2048,8192,457,107_0005_0023.JPG,107_0005_0028.JPG,6221,6181,5,0,0.0,0.0,0.0,0.0,0.296904981136322,True,too_few_matches,0.2577402000024449
D1_154_building,rootsift-lightglue-r2048-k8192,rootsift,lightglue,2048,8192,458,107_0005_0023.JPG,107_0005_0029.JPG,6221,6215,2,0,0.0,0.0,0.0,0.0,0.16218337416648865,True,too_few_matches,0.35057229999802075
D1_154_building,rootsift-lightglue-r2048-k8192,rootsift,lightglue,2048,8192,459,107_0005_0023.JPG,107_0005_0030.JPG,6221,6158,58,49,0.8448275862068966,7.957128937966872,0.140625,0.09375,0.3781799077987671,False,ok,0.5008175000257324
D1_154_building,rootsift-lightglue-r2048-k8192,rootsift,lightglue,2048,8192,460,107_0005_0023.JPG,107_0005_0031.JPG,6221,6249,17,8,0.47058823529411764,1.2859668863526763,0.109375,0.0625,0.2538851797580719,True,ok,0.22910129997762851
D1_154_building,rootsift-lightglue-r2048-k8192,rootsift,lightglue,2048,8192,461,107_0005_0023.JPG,107_0005_0078.JPG,6221,6244,1021,716,0.7012732615083251,115.09403632856454,0.375,0.34375,0.8393294215202332,False,ok,0.2991100999934133
D1_154_building,rootsift-lightglue-r2048-k8192,rootsift,lightglue,2048,8192,462,107_0005_0023.JPG,107_0005_0085.JPG,6221,6166,64,46,0.71875,7.4602659746999676,0.09375,0.09375,0.44699031114578247,False,ok,0.324435699993046
D1_154_building,rootsift-lightglue-r2048-k8192,rootsift,lightglue,2048,8192,463,107_0005_0023.JPG,107_0005_0086.JPG,6221,6254,945,748,0.7915343915343915,120.23790387397524,0.359375,0.375,0.8766039609909058,False,ok,0.23340500000631437
D1_154_building,rootsift-lightglue-r2048-k8192,rootsift,lightglue,2048,8192,464,107_0005_0023.JPG,107_0005_0087.JPG,6221,6217,1713,1520,0.8873321657910099,244.49091201544152,0.546875,0.484375,0.9028993248939514,False,ok,0.3707940000167582
D1_154_building,rootsift-lightglue-r2048-k8192,rootsift,lightglue,2048,8192,465,107_0005_0023.JPG,107_0005_0088.JPG,6221,6145,2039,1831,0.8979892103972535,297.9658258746949,0.75,0.625,0.8762746453285217,False,ok,0.3045435000094585
D1_154_building,rootsift-lightglue-r2048-k8192,rootsift,lightglue,2048,8192,466,107_0005_0023.JPG,107_0005_0097.JPG,6221,6325,1146,1009,0.8804537521815009,162.19257354123133,0.34375,0.328125,0.7972564697265625,False,ok,0.4832737999968231
D1_154_building,rootsift-lightglue-r2048-k8192,rootsift,lightglue,2048,8192,467,107_0005_0023.JPG,107_0005_0098.JPG,6221,6322,1804,1527,0.8464523281596452,245.45892943256712,0.453125,0.421875,0.875582754611969,False,ok,0.2812551000097301
D1_154_building,rootsift-lightglue-r2048-k8192,rootsift,lightglue,2048,8192,468,107_0005_0023.JPG,107_0005_0099.JPG,6221,6319,2052,1901,0.9264132553606238,305.57788136955475,0.625,0.515625,0.8656952977180481,False,ok,0.43244100001174957
D1_154_building,rootsift-lightglue-r2048-k8192,rootsift,lightglue,2048,8192,469,107_0005_0023.JPG,107_0005_0100.JPG,6221,6291,2305,2038,0.8841648590021692,327.6000642983443,0.71875,0.609375,0.8418294787406921,False,ok,0.5025470999826211
D1_154_building,rootsift-lightglue-r2048-k8192,rootsift,lightglue,2048,8192,470,107_0005_0024.JPG,107_0005_0025.JPG,6185,6233,3092,2996,0.9689521345407504,484.3977364591754,0.875,0.859375,0.8969286680221558,False,ok,0.35430480001377873
D1_154_building,rootsift-lightglue-r2048-k8192,rootsift,lightglue,2048,8192,471,107_0005_0024.JPG,107_0005_0026.JPG,6185,6224,2071,1829,0.883148237566393,295.71544058205336,0.625,0.59375,0.8669138550758362,False,ok,0.34174169998732395
D1_154_building,rootsift-lightglue-r2048-k8192,rootsift,lightglue,2048,8192,472,107_0005_0024.JPG,107_0005_0027.JPG,6185,6188,1038,900,0.8670520231213873,145.51333872271624,0.484375,0.40625,0.8670341372489929,False,ok,0.40394319998449646
D1_154_building,rootsift-lightglue-r2048-k8192,rootsift,lightglue,2048,8192,473,107_0005_0024.JPG,107_0005_0028.JPG,6185,6181,533,413,0.774859287054409,66.8176670441676,0.21875,0.1875,0.8070922493934631,False,ok,0.393748600006802
D1_154_building,rootsift-lightglue-r2048-k8192,rootsift,lightglue,2048,8192,474,107_0005_0024.JPG,107_0005_0029.JPG,6185,6215,10,8,0.8,1.2934518997574778,0.046875,0.0625,0.3857487142086029,True,ok,0.34182989998953417
D1_154_building,rootsift-lightglue-r2048-k8192,rootsift,lightglue,2048,8192,475,107_0005_0024.JPG,107_0005_0030.JPG,6185,6158,613,474,0.7732463295269169,76.9730431958428,0.328125,0.296875,0.6728761792182922,False,ok,0.4127873000106774
D1_154_building,rootsift-lightglue-r2048-k8192,rootsift,lightglue,2048,8192,476,107_0005_0024.JPG,107_0005_0031.JPG,6185,6249,48,22,0.4583333333333333,3.556992724333064,0.078125,0.078125,0.3756290674209595,False,ok,0.4046549999911804
D1_154_building,rootsift-lightglue-r2048-k8192,rootsift,lightglue,2048,8192,477,107_0005_0024.JPG,107_0005_0032.JPG,6185,6227,1100,799,0.7263636363636363,129.18350848827808,0.5,0.28125,0.716363251209259,False,ok,0.44990369997685775
D1_154_building,rootsift-lightglue-r2048-k8192,rootsift,lightglue,2048,8192,478,107_0005_0024.JPG,107_0005_0085.JPG,6185,6166,938,814,0.8678038379530917,132.014271813169,0.34375,0.359375,0.8590312600135803,False,ok,0.3206699000147637
D1_154_building,rootsift-lightglue-r2048-k8192,rootsift,lightglue,2048,8192,479,107_0005_0024.JPG,107_0005_0086.JPG,6185,6254,1643,1432,0.8715763846622033,231.52789005658852,0.5625,0.484375,0.8838914632797241,False,ok,0.2166637000045739
D1_154_building,rootsift-lightglue-r2048-k8192,rootsift,lightglue,2048,8192,480,107_0005_0024.JPG,107_0005_0087.JPG,6185,6217,2054,1790,0.8714703018500487,289.40986257073564,0.71875,0.609375,0.8759583830833435,False,ok,0.4043091000057757
D1_154_building,rootsift-lightglue-r2048-k8192,rootsift,lightglue,2048,8192,481,107_0005_0024.JPG,107_0005_0097.JPG,6185,6325,872,688,0.7889908256880734,111.23686337914309,0.28125,0.296875,0.7474679946899414,False,ok,0.3566546000074595
D1_154_building,rootsift-lightglue-r2048-k8192,rootsift,lightglue,2048,8192,482,107_0005_0024.JPG,107_0005_0098.JPG,6185,6322,1519,1197,0.7880184331797235,193.5327405012126,0.453125,0.4375,0.8649053573608398,False,ok,0.41817940000328235
D1_154_building,rootsift-lightglue-r2048-k8192,rootsift,lightglue,2048,8192,483,107_0005_0024.JPG,107_0005_0099.JPG,6185,6319,1641,1362,0.829981718464351,220.2101859337106,0.5625,0.484375,0.8618795871734619,False,ok,0.13745610002661124
D1_154_building,rootsift-lightglue-r2048-k8192,rootsift,lightglue,2048,8192,484,107_0005_0024.JPG,107_0005_0100.JPG,6185,6291,1858,1555,0.8369214208826695,251.41471301535975,0.6875,0.578125,0.8290257453918457,False,ok,0.2069175000069663
D1_154_building,rootsift-lightglue-r2048-k8192,rootsift,lightglue,2048,8192,485,107_0005_0024.JPG,107_0005_0109.JPG,6185,6313,1934,1410,0.7290589451913133,227.97089733225545,0.5625,0.421875,0.8383575677871704,False,ok,0.36233499998343177
D1_154_building,rootsift-lightglue-r2048-k8192,rootsift,lightglue,2048,8192,486,107_0005_0024.JPG,107_0005_0110.JPG,6185,6461,1584,1088,0.6868686868686869,175.90945836701698,0.4375,0.40625,0.8274952173233032,False,ok,0.5372739000013098
D1_154_building,rootsift-lightglue-r2048-k8192,rootsift,lightglue,2048,8192,487,107_0005_0024.JPG,107_0005_0127.JPG,6185,6111,1484,1370,0.9231805929919138,224.18589428898707,0.671875,0.625,0.6819332242012024,False,ok,0.5373018000100274
D1_154_building,rootsift-lightglue-r2048-k8192,rootsift,lightglue,2048,8192,488,107_0005_0024.JPG,107_0005_0128.JPG,6185,5989,432,413,0.9560185185185185,68.95975955919185,0.515625,0.484375,0.4284953474998474,False,ok,0.5795698999718297
D1_154_building,rootsift-lightglue-r2048-k8192,rootsift,lightglue,2048,8192,489,107_0005_0025.JPG,107_0005_0026.JPG,6233,6224,3100,2993,0.9654838709677419,480.88046272493574,0.875,0.875,0.8741114139556885,False,ok,0.2794133000134025
D1_154_building,rootsift-lightglue-r2048-k8192,rootsift,lightglue,2048,8192,490,107_0005_0025.JPG,107_0005_0027.JPG,6233,6188,1862,1693,0.9092373791621912,273.5940530058177,0.609375,0.609375,0.8791860342025757,False,ok,0.387049000011757
D1_154_building,rootsift-lightglue-r2048-k8192,rootsift,lightglue,2048,8192,491,107_0005_0025.JPG,107_0005_0028.JPG,6233,6181,1167,976,0.8363324764353042,157.9032519009869,0.453125,0.34375,0.8771077394485474,False,ok,0.29119360001641326
D1_154_building,rootsift-lightglue-r2048-k8192,rootsift,lightglue,2048,8192,492,107_0005_0025.JPG,107_0005_0029.JPG,6233,6215,739,604,0.8173207036535859,97.18423169750604,0.3125,0.203125,0.8759380578994751,False,ok,0.3914689999946859
D1_154_building,rootsift-lightglue-r2048-k8192,rootsift,lightglue,2048,8192,493,107_0005_0025.JPG,107_0005_0030.JPG,6233,6158,1247,1006,0.8067361668003208,163.36472880805456,0.46875,0.421875,0.7548457980155945,False,ok,0.4085112000175286
D1_154_building,rootsift-lightglue-r2048-k8192,rootsift,lightglue,2048,8192,494,107_0005_0025.JPG,107_0005_0031.JPG,6233,6249,152,133,0.875,21.338039467351194,0.25,0.21875,0.4378620386123657,False,ok,0.5462367000000086
D1_154_building,rootsift-lightglue-r2048-k8192,rootsift,lightglue,2048,8192,495,107_0005_0025.JPG,107_0005_0032.JPG,6233,6227,1650,1320,0.8,211.98008671912638,0.65625,0.40625,0.794691801071167,False,ok,0.41980709999916144
D1_154_building,rootsift-lightglue-r2048-k8192,rootsift,lightglue,2048,8192,496,107_0005_0025.JPG,107_0005_0033.JPG,6233,6317,1586,1172,0.7389659520807061,188.03144553184663,0.75,0.4375,0.7474463582038879,False,ok,0.5042737000039779
D1_154_building,rootsift-lightglue-r2048-k8192,rootsift,lightglue,2048,8192,497,107_0005_0025.JPG,107_0005_0082.JPG,6233,6255,766,622,0.8120104438642297,99.79143269693566,0.25,0.3125,0.8680540323257446,False,ok,0.229126999998698
D1_154_building,rootsift-lightglue-r2048-k8192,rootsift,lightglue,2048,8192,498,107_0005_0025.JPG,107_0005_0083.JPG,6233,6179,899,768,0.8542825361512792,124.29195662728597,0.3125,0.328125,0.8510852456092834,False,ok,0.3207659000181593
D1_154_building,rootsift-lightglue-r2048-k8192,rootsift,lightglue,2048,8192,499,107_0005_0025.JPG,107_0005_0084.JPG,6233,6216,860,755,0.877906976744186,121.46074646074646,0.328125,0.359375,0.8153553009033203,False,ok,0.15863459999673069
D1_154_building,rootsift-lightglue-r2048-k8192,rootsift,lightglue,2048,8192,500,107_0005_0025.JPG,107_0005_0085.JPG,6233,6166,1640,1458,0.8890243902439025,236.45799545896853,0.515625,0.484375,0.8781421780586243,False,ok,0.34182099997997284
D1_154_building,rootsift-lightglue-r2048-k8192,rootsift,lightglue,2048,8192,501,107_0005_0025.JPG,107_0005_0086.JPG,6233,6254,1970,1709,0.86751269035533,274.18578533611424,0.703125,0.59375,0.8703158497810364,False,ok,0.39969160000327975
D1_154_building,rootsift-lightglue-r2048-k8192,rootsift,lightglue,2048,8192,502,107_0005_0025.JPG,107_0005_0108.JPG,6233,6317,2091,1787,0.8546150167384027,286.6998235199743,0.6875,0.609375,0.8297732472419739,False,ok,0.5624668000091333
D1_154_building,rootsift-lightglue-r2048-k8192,rootsift,lightglue,2048,8192,503,107_0005_0025.JPG,107_0005_0109.JPG,6233,6313,1866,1547,0.8290460878885316,248.19509064655864,0.5625,0.53125,0.8593294620513916,False,ok,0.46676740000839345
D1_154_building,rootsift-lightglue-r2048-k8192,rootsift,lightglue,2048,8192,504,107_0005_0025.JPG,107_0005_0110.JPG,6233,6461,1593,1292,0.8110483364720653,207.28381196855446,0.484375,0.40625,0.8393332362174988,False,ok,0.535687900002813
D1_154_building,rootsift-lightglue-r2048-k8192,rootsift,lightglue,2048,8192,505,107_0005_0025.JPG,107_0005_0111.JPG,6233,6473,748,569,0.7606951871657754,91.2883041873897,0.34375,0.375,0.7276286482810974,False,ok,0.4876852000015788
D1_154_building,rootsift-lightglue-r2048-k8192,rootsift,lightglue,2048,8192,506,107_0005_0025.JPG,107_0005_0126.JPG,6233,6094,1674,1467,0.8763440860215054,240.72858549392845,0.78125,0.671875,0.7032672762870789,False,ok,0.47097879997454584
D1_154_building,rootsift-lightglue-r2048-k8192,rootsift,lightglue,2048,8192,507,107_0005_0025.JPG,107_0005_0127.JPG,6233,6111,1227,1135,0.9250203748981255,185.73064964817542,0.53125,0.546875,0.6774933338165283,False,ok,0.5877918000041973
D1_154_building,rootsift-lightglue-r2048-k8192,rootsift,lightglue,2048,8192,508,107_0005_0025.JPG,107_0005_0128.JPG,6233,5989,345,318,0.9217391304347826,53.097345132743364,0.4375,0.390625,0.3645966947078705,False,ok,0.5458104000135791
D1_154_building,rootsift-lightglue-r2048-k8192,rootsift,lightglue,2048,8192,509,107_0005_0025.JPG,107_0005_0129.JPG,6233,6011,344,332,0.9651162790697675,55.23207453002828,0.4375,0.375,0.3800784647464752,False,ok,0.5364166999934241
D1_154_building,rootsift-lightglue-r2048-k8192,rootsift,lightglue,2048,8192,510,107_0005_0026.JPG,107_0005_0027.JPG,6224,6188,2970,2891,0.9734006734006734,467.19457013574663,0.875,0.875,0.8721715807914734,False,ok,0.3543745999922976
D1_154_building,rootsift-lightglue-r2048-k8192,rootsift,lightglue,2048,8192,511,107_0005_0026.JPG,107_0005_0028.JPG,6224,6181,2007,1809,0.9013452914798207,292.6710888205792,0.609375,0.578125,0.8720065951347351,False,ok,0.3295489000156522
D1_154_building,rootsift-lightglue-r2048-k8192,rootsift,lightglue,2048,8192,512,107_0005_0026.JPG,107_0005_0029.JPG,6224,6215,1511,1312,0.8682991396426207,211.10217216411905,0.484375,0.46875,0.8498557209968567,False,ok,0.24514759998419322
D1_154_building,rootsift-lightglue-r2048-k8192,rootsift,lightglue,2048,8192,513,107_0005_0026.JPG,107_0005_0030.JPG,6224,6158,1886,1571,0.8329798515376459,255.1152971744073,0.5625,0.53125,0.8322736024856567,False,ok,0.4795233999902848
D1_154_building,rootsift-lightglue-r2048-k8192,rootsift,lightglue,2048,8192,514,107_0005_0026.JPG,107_0005_0031.JPG,6224,6249,856,696,0.8130841121495327,111.82519280205655,0.421875,0.40625,0.6506079435348511,False,ok,0.536932600021828
D1_154_building,rootsift-lightglue-r2048-k8192,rootsift,lightglue,2048,8192,515,107_0005_0026.JPG,107_0005_0032.JPG,6224,6227,2115,1762,0.833096926713948,283.09768637532136,0.71875,0.5,0.8212180733680725,False,ok,0.4787217999983113
D1_154_building,rootsift-lightglue-r2048-k8192,rootsift,lightglue,2048,8192,516,107_0005_0026.JPG,107_0005_0033.JPG,6224,6317,1986,1542,0.7764350453172205,247.75064267352184,0.859375,0.578125,0.7851703763008118,False,ok,0.5230988999828696
D1_154_building,rootsift-lightglue-r2048-k8192,rootsift,lightglue,2048,8192,517,107_0005_0026.JPG,107_0005_0034.JPG,6224,6354,1761,1268,0.720045428733674,203.72750642673523,0.859375,0.5,0.7034543752670288,False,ok,0.40497010000399314
D1_154_building,rootsift-lightglue-r2048-k8192,rootsift,lightglue,2048,8192,518,107_0005_0026.JPG,107_0005_0082.JPG,6224,6255,1404,1104,0.7863247863247863,177.37789203084833,0.453125,0.421875,0.8906394243240356,False,ok,0.31043870002031326
D1_154_building,rootsift-lightglue-r2048-k8192,rootsift,lightglue,2048,8192,519,107_0005_0026.JPG,107_0005_0083.JPG,6224,6179,1555,1397,0.8983922829581994,226.0883638129147,0.5,0.5,0.8702338337898254,False,ok,0.25183550000656396
D1_154_building,rootsift-lightglue-r2048-k8192,rootsift,lightglue,2048,8192,520,107_0005_0026.JPG,107_0005_0084.JPG,6224,6216,1564,1331,0.8510230179028133,214.12483912483913,0.453125,0.46875,0.8709524273872375,False,ok,0.1822773000167217
D1_154_building,rootsift-lightglue-r2048-k8192,rootsift,lightglue,2048,8192,521,107_0005_0026.JPG,107_0005_0109.JPG,6224,6313,1552,1250,0.8054123711340206,200.83547557840618,0.609375,0.546875,0.852733314037323,False,ok,0.4650732000009157
D1_154_building,rootsift-lightglue-r2048-k8192,rootsift,lightglue,2048,8192,522,107_0005_0026.JPG,107_0005_0110.JPG,6224,6461,1332,893,0.6704204204204204,143.47686375321337,0.421875,0.390625,0.7926883101463318,False,ok,0.43248699998366646
D1_154_building,rootsift-lightglue-r2048-k8192,rootsift,lightglue,2048,8192,523,107_0005_0026.JPG,107_0005_0111.JPG,6224,6473,602,374,0.6212624584717608,60.08997429305913,0.359375,0.375,0.6044356822967529,False,ok,0.447242099995492
D1_154_building,rootsift-lightglue-r2048-k8192,rootsift,lightglue,2048,8192,524,107_0005_0026.JPG,107_0005_0118.JPG,6224,6381,1094,704,0.643510054844607,113.11053984575835,0.4375,0.34375,0.7466108202934265,False,ok,0.1754445999977179
D1_154_building,rootsift-lightglue-r2048-k8192,rootsift,lightglue,2048,8192,525,107_0005_0026.JPG,107_0005_0119.JPG,6224,6358,1527,1159,0.7590045841519318,186.2146529562982,0.5,0.40625,0.7991964817047119,False,ok,0.22684540000045672
D1_154_building,rootsift-lightglue-r2048-k8192,rootsift,lightglue,2048,8192,526,107_0005_0026.JPG,107_0005_0126.JPG,6224,6094,1130,926,0.8194690265486726,151.95274040039382,0.53125,0.5,0.6377410888671875,False,ok,0.587014899996575
D1_154_building,rootsift-lightglue-r2048-k8192,rootsift,lightglue,2048,8192,527,107_0005_0026.JPG,107_0005_0127.JPG,6224,6111,251,235,0.9362549800796812,38.45524464081165,0.203125,0.265625,0.36184608936309814,False,ok,0.4413096999924164
D1_154_building,rootsift-lightglue-r2048-k8192,rootsift,lightglue,2048,8192,528,107_0005_0026.JPG,107_0005_0128.JPG,6224,5989,126,117,0.9285714285714286,19.535815662047085,0.203125,0.296875,0.3057481050491333,False,ok,0.5529830000014044
D1_154_building,rootsift-lightglue-r2048-k8192,rootsift,lightglue,2048,8192,529,107_0005_0026.JPG,107_0005_0129.JPG,6224,6011,316,307,0.9715189873417721,51.07303277324905,0.34375,0.34375,0.39597952365875244,False,ok,0.42832669999916106
D1_154_building,rootsift-lightglue-r2048-k8192,rootsift,lightglue,2048,8192,530,107_0005_0026.JPG,107_0005_0130.JPG,6224,6090,175,170,0.9714285714285714,27.914614121510674,0.5,0.453125,0.3262222707271576,False,ok,0.5417547000106424
D1_154_building,rootsift-lightglue-r2048-k8192,rootsift,lightglue,2048,8192,531,107_0005_0027.JPG,107_0005_0028.JPG,6188,6181,3119,3048,0.977236293683873,493.12408995308203,0.875,0.875,0.8852645754814148,False,ok,0.30005989997880533
D1_154_building,rootsift-lightglue-r2048-k8192,rootsift,lightglue,2048,8192,532,107_0005_0027.JPG,107_0005_0029.JPG,6188,6215,2505,2362,0.9429141716566867,381.7065287653523,0.734375,0.71875,0.9040204882621765,False,ok,0.2396569999982603
D1_154_building,rootsift-lightglue-r2048-k8192,rootsift,lightglue,2048,8192,533,107_0005_0027.JPG,107_0005_0030.JPG,6188,6158,2483,2148,0.86508256141764,348.8145501786294,0.71875,0.6875,0.8768377900123596,False,ok,0.5459048999764491
D1_154_building,rootsift-lightglue-r2048-k8192,rootsift,lightglue,2048,8192,534,107_0005_0027.JPG,107_0005_0031.JPG,6188,6249,1453,1071,0.7370956641431521,173.07692307692307,0.546875,0.453125,0.6705084443092346,False,ok,0.43676670000422746
D1_154_building,rootsift-lightglue-r2048-k8192,rootsift,lightglue,2048,8192,535,107_0005_0027.JPG,107_0005_0032.JPG,6188,6227,2300,1967,0.8552173913043478,317.87330316742083,0.75,0.578125,0.832926332950592,False,ok,0.5501214999821968
D1_154_building,rootsift-lightglue-r2048-k8192,rootsift,lightglue,2048,8192,536,107_0005_0027.JPG,107_0005_0033.JPG,6188,6317,2097,1669,0.7958989031950405,269.7155785391079,0.921875,0.65625,0.7848547101020813,False,ok,0.4806207000219729
D1_154_building,rootsift-lightglue-r2048-k8192,rootsift,lightglue,2048,8192,537,107_0005_0027.JPG,107_0005_0034.JPG,6188,6354,1885,1366,0.7246684350132626,220.74983839689722,0.890625,0.5625,0.7376084327697754,False,ok,0.5406400999927428
D1_154_building,rootsift-lightglue-r2048-k8192,rootsift,lightglue,2048,8192,538,107_0005_0027.JPG,107_0005_0035.JPG,6188,6299,1492,1014,0.6796246648793566,163.8655462184874,0.796875,0.40625,0.693557620048523,False,ok,0.4625741000054404
D1_154_building,rootsift-lightglue-r2048-k8192,rootsift,lightglue,2048,8192,539,107_0005_0027.JPG,107_0005_0082.JPG,6188,6255,2006,1724,0.8594217347956131,278.6037491919845,0.703125,0.5625,0.8939492702484131,False,ok,0.3833206999988761
D1_154_building,rootsift-lightglue-r2048-k8192,rootsift,lightglue,2048,8192,540,107_0005_0027.JPG,107_0005_0083.JPG,6188,6179,2094,1869,0.8925501432664756,302.47612882343424,0.703125,0.609375,0.8756886124610901,False,ok,0.2675189000146929
D1_154_building,rootsift-lightglue-r2048-k8192,rootsift,lightglue,2048,8192,541,107_0005_0027.JPG,107_0005_0084.JPG,6188,6216,2114,1901,0.8992431409649952,307.207498383969,0.71875,0.59375,0.8788907527923584,False,ok,0.3418449000164401
D1_154_building,rootsift-lightglue-r2048-k8192,rootsift,lightglue,2048,8192,542,107_0005_0027.JPG,107_0005_0117.JPG,6188,6474,755,607,0.8039735099337748,98.09308338720103,0.375,0.359375,0.7669008374214172,False,ok,0.3177534000133164
D1_154_building,rootsift-lightglue-r2048-k8192,rootsift,lightglue,2048,8192,543,107_0005_0027.JPG,107_0005_0118.JPG,6188,6381,1387,1142,0.8233597692862292,184.5507433742728,0.5,0.421875,0.8310106992721558,False,ok,0.49570759999915026
D1_154_building,rootsift-lightglue-r2048-k8192,rootsift,lightglue,2048,8192,544,107_0005_0027.JPG,107_0005_0119.JPG,6188,6358,1693,1427,0.8428824571766096,230.6076276664512,0.625,0.515625,0.8583341836929321,False,ok,0.3915593000128865
D1_154_building,rootsift-lightglue-r2048-k8192,rootsift,lightglue,2048,8192,545,107_0005_0027.JPG,107_0005_0120.JPG,6188,6334,2038,1744,0.8557409224730128,281.835811247576,0.671875,0.5625,0.8525162935256958,False,ok,0.5287958000262734
D1_154_building,rootsift-lightglue-r2048-k8192,rootsift,lightglue,2048,8192,546,107_0005_0027.JPG,107_0005_0129.JPG,6188,6011,137,133,0.9708029197080292,22.126102146065545,0.203125,0.234375,0.36942028999328613,False,ok,0.3880063999968115
D1_154_building,rootsift-lightglue-r2048-k8192,rootsift,lightglue,2048,8192,547,107_0005_0027.JPG,107_0005_0130.JPG,6188,6090,132,128,0.9696969696969697,21.01806239737274,0.296875,0.359375,0.3669559359550476,False,ok,0.5335131000028923
D1_154_building,rootsift-lightglue-r2048-k8192,rootsift,lightglue,2048,8192,548,107_0005_0027.JPG,107_0005_0131.JPG,6188,6000,231,210,0.9090909090909091,35.0,0.453125,0.375,0.4465411305427551,False,ok,0.44030519999796525
D1_154_building,rootsift-lightglue-r2048-k8192,rootsift,lightglue,2048,8192,549,107_0005_0027.JPG,107_0005_0132.JPG,6188,6110,423,373,0.8817966903073287,61.04746317512275,0.484375,0.40625,0.4857881963253021,False,ok,0.5667461999983061
D1_154_building,rootsift-lightglue-r2048-k8192,rootsift,lightglue,2048,8192,550,107_0005_0028.JPG,107_0005_0029.JPG,6181,6215,3646,3607,0.9893033461327482,583.5625303348972,0.859375,0.859375,0.8848153352737427,False,ok,0.21635599998990074
D1_154_building,rootsift-lightglue-r2048-k8192,rootsift,lightglue,2048,8192,551,107_0005_0028.JPG,107_0005_0030.JPG,6181,6158,2745,2643,0.9628415300546448,429.1977914907437,0.703125,0.71875,0.8930625915527344,False,ok,0.47458280000137165
D1_154_building,rootsift-lightglue-r2048-k8192,rootsift,lightglue,2048,8192,552,107_0005_0028.JPG,107_0005_0031.JPG,6181,6249,2048,1694,0.8271484375,274.06568516421294,0.703125,0.671875,0.6985745429992676,False,ok,0.5133181000128388
D1_154_building,rootsift-lightglue-r2048-k8192,rootsift,lightglue,2048,8192,553,107_0005_0028.JPG,107_0005_0032.JPG,6181,6227,2281,2041,0.8947829899167032,330.2054683708138,0.734375,0.578125,0.8510523438453674,False,ok,0.5381736000126693
D1_154_building,rootsift-lightglue-r2048-k8192,rootsift,lightglue,2048,8192,554,107_0005_0028.JPG,107_0005_0033.JPG,6181,6317,2208,1731,0.7839673913043478,280.0517715580003,0.828125,0.609375,0.7984002828598022,False,ok,0.4756882000074256
D1_154_building,rootsift-lightglue-r2048-k8192,rootsift,lightglue,2048,8192,555,107_0005_0028.JPG,107_0005_0034.JPG,6181,6354,2110,1502,0.7118483412322275,243.00275036401877,0.953125,0.59375,0.7465079426765442,False,ok,0.4176007999922149
D1_154_building,rootsift-lightglue-r2048-k8192,rootsift,lightglue,2048,8192,556,107_0005_0028.JPG,107_0005_0035.JPG,6181,6299,1669,1150,0.689035350509287,186.05403656366283,0.828125,0.453125,0.7009252309799194,False,ok,0.5504208999918774
D1_154_building,rootsift-lightglue-r2048-k8192,rootsift,lightglue,2048,8192,557,107_0005_0028.JPG,107_0005_0036.JPG,6181,6260,1298,873,0.672573189522342,141.23928166963273,0.671875,0.34375,0.6459409594535828,False,ok,0.5187230999872554
D1_154_building,rootsift-lightglue-r2048-k8192,rootsift,lightglue,2048,8192,558,107_0005_0028.JPG,107_0005_0117.JPG,6181,6474,940,787,0.8372340425531914,127.32567545704579,0.34375,0.34375,0.8459320664405823,False,ok,0.4266473000170663
D1_154_building,rootsift-lightglue-r2048-k8192,rootsift,lightglue,2048,8192,559,107_0005_0028.JPG,107_0005_0118.JPG,6181,6381,1415,1235,0.872791519434629,199.8058566574988,0.453125,0.421875,0.8623837828636169,False,ok,0.25999840002623387
D1_154_building,rootsift-lightglue-r2048-k8192,rootsift,lightglue,2048,8192,560,107_0005_0028.JPG,107_0005_0119.JPG,6181,6358,1833,1623,0.8854337152209493,262.5788707328911,0.5625,0.53125,0.8786759376525879,False,ok,0.49120679998304695
D1_154_building,rootsift-lightglue-r2048-k8192,rootsift,lightglue,2048,8192,561,107_0005_0028.JPG,107_0005_0120.JPG,6181,6334,2132,1850,0.8677298311444653,299.30431968937063,0.6875,0.59375,0.8476120233535767,False,ok,0.44330109999282286
D1_154_building,rootsift-lightglue-r2048-k8192,rootsift,lightglue,2048,8192,562,107_0005_0028.JPG,107_0005_0129.JPG,6181,6011,38,35,0.9210526315789473,5.822658459490933,0.078125,0.09375,0.3386770486831665,False,ok,0.467319099989254
D1_154_building,rootsift-lightglue-r2048-k8192,rootsift,lightglue,2048,8192,563,107_0005_0028.JPG,107_0005_0130.JPG,6181,6090,66,65,0.9848484848484849,10.673234811165846,0.203125,0.28125,0.2924327552318573,False,ok,0.39384390000486746
D1_154_building,rootsift-lightglue-r2048-k8192,rootsift,lightglue,2048,8192,564,107_0005_0028.JPG,107_0005_0131.JPG,6181,6000,274,260,0.948905109489051,43.333333333333336,0.34375,0.359375,0.42100435495376587,False,ok,0.5626015000161715
D1_154_building,rootsift-lightglue-r2048-k8192,rootsift,lightglue,2048,8192,565,107_0005_0028.JPG,107_0005_0132.JPG,6181,6110,444,409,0.9211711711711712,66.93944353518822,0.375,0.34375,0.47714412212371826,False,ok,0.46310140000423416
D1_154_building,rootsift-lightglue-r2048-k8192,rootsift,lightglue,2048,8192,566,107_0005_0028.JPG,107_0005_0133.JPG,6181,6083,313,297,0.9488817891373802,48.824593128390596,0.5,0.484375,0.3982246220111847,False,ok,0.30071750000934117
D1_154_building,rootsift-lightglue-r2048-k8192,rootsift,lightglue,2048,8192,567,107_0005_0028.JPG,107_0005_0134.JPG,6181,6036,232,208,0.896551724137931,34.45990722332671,0.484375,0.390625,0.400874525308609,False,ok,0.6442189999797847
D1_154_building,rootsift-lightglue-r2048-k8192,rootsift,lightglue,2048,8192,568,107_0005_0028.JPG,107_0005_0135.JPG,6181,6025,138,121,0.8768115942028986,20.08298755186722,0.46875,0.3125,0.31902411580085754,False,ok,0.4541653999767732
D1_154_building,rootsift-lightglue-r2048-k8192,rootsift,lightglue,2048,8192,569,107_0005_0029.JPG,107_0005_0030.JPG,6215,6158,2788,2598,0.9318507890961263,421.89022409873337,0.734375,0.796875,0.8841426372528076,False,ok,0.5831537000194658
D1_154_building,rootsift-lightglue-r2048-k8192,rootsift,lightglue,2048,8192,570,107_0005_0029.JPG,107_0005_0031.JPG,6215,6249,1986,1738,0.8751258811681772,279.646017699115,0.71875,0.671875,0.7076593637466431,False,ok,0.4987606000213418
D1_154_building,rootsift-lightglue-r2048-k8192,rootsift,lightglue,2048,8192,571,107_0005_0029.JPG,107_0005_0032.JPG,6215,6227,2157,1759,0.8154844691701437,283.0249396621078,0.734375,0.578125,0.857968807220459,False,ok,0.5045613999827765
D1_154_building,rootsift-lightglue-r2048-k8192,rootsift,lightglue,2048,8192,572,107_0005_0029.JPG,107_0005_0033.JPG,6215,6317,2112,1687,0.7987689393939394,271.4400643604183,0.859375,0.625,0.7993972301483154,False,ok,0.4639704000146594
D1_154_building,rootsift-lightglue-r2048-k8192,rootsift,lightglue,2048,8192,573,107_0005_0029.JPG,107_0005_0034.JPG,6215,6354,2126,1599,0.7521166509877705,257.2807723250201,0.96875,0.625,0.7461835741996765,False,ok,0.5333701999916229
D1_154_building,rootsift-lightglue-r2048-k8192,rootsift,lightglue,2048,8192,574,107_0005_0029.JPG,107_0005_0035.JPG,6215,6299,1707,1201,0.7035735207967194,193.24215607401447,0.84375,0.515625,0.6967225670814514,False,ok,0.5289561999961734
D1_154_building,rootsift-lightglue-r2048-k8192,rootsift,lightglue,2048,8192,575,107_0005_0029.JPG,107_0005_0036.JPG,6215,6260,1340,885,0.6604477611940298,142.39742558326628,0.703125,0.390625,0.6340456008911133,False,ok,0.4551600000122562
D1_154_building,rootsift-lightglue-r2048-k8192,rootsift,lightglue,2048,8192,576,107_0005_0029.JPG,107_0005_0037.JPG,6215,6337,981,585,0.5963302752293578,94.12711182622687,0.578125,0.25,0.5859453678131104,False,ok,0.5458711000101175
D1_154_building,rootsift-lightglue-r2048-k8192,rootsift,lightglue,2048,8192,577,107_0005_0029.JPG,107_0005_0117.JPG,6215,6474,1041,813,0.7809798270893372,130.81255028157682,0.34375,0.34375,0.8099234104156494,False,ok,0.2500417999981437
D1_154_building,rootsift-lightglue-r2048-k8192,rootsift,lightglue,2048,8192,578,107_0005_0029.JPG,107_0005_0118.JPG,6215,6381,1471,1230,0.8361658735554045,197.90828640386164,0.484375,0.46875,0.8527227640151978,False,ok,0.4905226999835577
D1_154_building,rootsift-lightglue-r2048-k8192,rootsift,lightglue,2048,8192,579,107_0005_0029.JPG,107_0005_0119.JPG,6215,6358,1773,1449,0.817258883248731,233.14561544650041,0.59375,0.515625,0.8551388382911682,False,ok,0.4408197000157088
D1_154_building,rootsift-lightglue-r2048-k8192,rootsift,lightglue,2048,8192,580,107_0005_0029.JPG,107_0005_0130.JPG,6215,6090,51,49,0.9607843137254902,8.045977011494253,0.125,0.1875,0.31855857372283936,False,ok,0.5418175999948289
D1_154_building,rootsift-lightglue-r2048-k8192,rootsift,lightglue,2048,8192,581,107_0005_0029.JPG,107_0005_0131.JPG,6215,6000,146,131,0.8972602739726028,21.833333333333332,0.3125,0.3125,0.35001906752586365,False,ok,0.46566810001968406
D1_154_building,rootsift-lightglue-r2048-k8192,rootsift,lightglue,2048,8192,582,107_0005_0029.JPG,107_0005_0132.JPG,6215,6110,465,451,0.9698924731182795,73.81342062193126,0.390625,0.375,0.5122717022895813,False,ok,0.46198210000875406
D1_154_building,rootsift-lightglue-r2048-k8192,rootsift,lightglue,2048,8192,583,107_0005_0029.JPG,107_0005_0133.JPG,6215,6083,531,514,0.967984934086629,84.49778070031235,0.515625,0.53125,0.41763511300086975,False,ok,0.5327656999870669
D1_154_building,rootsift-lightglue-r2048-k8192,rootsift,lightglue,2048,8192,584,107_0005_0029.JPG,107_0005_0134.JPG,6215,6036,487,457,0.9383983572895277,75.71239231278993,0.65625,0.515625,0.4483182728290558,False,ok,0.49060749998898245
D1_154_building,rootsift-lightglue-r2048-k8192,rootsift,lightglue,2048,8192,585,107_0005_0029.JPG,107_0005_0135.JPG,6215,6025,275,254,0.9236363636363636,42.15767634854772,0.578125,0.4375,0.37383025884628296,False,ok,0.6263503000081982
D1_154_building,rootsift-lightglue-r2048-k8192,rootsift,lightglue,2048,8192,586,107_0005_0029.JPG,107_0005_0136.JPG,6215,6031,208,189,0.9086538461538461,31.33808655281048,0.515625,0.3125,0.3940436542034149,False,ok,0.5005471000040416
D1_154_building,rootsift-lightglue-r2048-k8192,rootsift,lightglue,2048,8192,587,107_0005_0029.JPG,107_0005_0141.JPG,6215,6152,91,84,0.9230769230769231,13.65409622886866,0.140625,0.15625,0.33720606565475464,False,ok,0.5166681000264362
D1_154_building,rootsift-lightglue-r2048-k8192,rootsift,lightglue,2048,8192,588,107_0005_0030.JPG,107_0005_0031.JPG,6158,6249,2677,2429,0.9073589839372432,394.4462487820721,0.78125,0.71875,0.8401809930801392,False,ok,0.36282979999668896
D1_154_building,rootsift-lightglue-r2048-k8192,rootsift,lightglue,2048,8192,589,107_0005_0030.JPG,107_0005_0032.JPG,6158,6227,875,857,0.9794285714285714,139.1685612211757,0.53125,0.453125,0.5456606149673462,False,ok,0.6030826999922283
D1_154_building,rootsift-lightglue-r2048-k8192,rootsift,lightglue,2048,8192,590,107_0005_0030.JPG,107_0005_0033.JPG,6158,6317,521,510,0.9788867562380038,82.81909710945112,0.484375,0.421875,0.469334214925766,False,ok,0.5001905000244733
D1_154_building,rootsift-lightglue-r2048-k8192,rootsift,lightglue,2048,8192,591,107_0005_0030.JPG,107_0005_0034.JPG,6158,6354,325,295,0.9076923076923077,47.90516401429036,0.5,0.421875,0.49618473649024963,False,ok,0.5752673000097275
D1_154_building,rootsift-lightglue-r2048-k8192,rootsift,lightglue,2048,8192,592,107_0005_0030.JPG,107_0005_0035.JPG,6158,6299,194,165,0.8505154639175257,26.794413770704775,0.375,0.28125,0.4839777946472168,False,ok,0.5099019999906886
D1_154_building,rootsift-lightglue-r2048-k8192,rootsift,lightglue,2048,8192,593,107_0005_0030.JPG,107_0005_0036.JPG,6158,6260,94,76,0.8085106382978723,12.341669373173108,0.25,0.1875,0.43924063444137573,False,ok,0.41676819999702275
D1_154_building,rootsift-lightglue-r2048-k8192,rootsift,lightglue,2048,8192,594,107_0005_0030.JPG,107_0005_0037.JPG,6158,6337,53,41,0.7735849056603774,6.658005846053913,0.140625,0.109375,0.48682674765586853,False,ok,0.39119860000209883
D1_154_building,rootsift-lightglue-r2048-k8192,rootsift,lightglue,2048,8192,595,107_0005_0030.JPG,107_0005_0038.JPG,6158,6314,28,20,0.7142857142857143,3.247807729782397,0.0625,0.0625,0.45346325635910034,False,ok,0.4084745000000112
D1_154_building,rootsift-lightglue-r2048-k8192,rootsift,lightglue,2048,8192,596,107_0005_0030.JPG,107_0005_0115.JPG,6158,6348,396,304,0.7676767676767676,49.36667749269243,0.1875,0.203125,0.80892014503479,False,ok,0.30588369999895804
D1_154_building,rootsift-lightglue-r2048-k8192,rootsift,lightglue,2048,8192,597,107_0005_0030.JPG,107_0005_0116.JPG,6158,6381,480,354,0.7375,57.486196817148425,0.21875,0.203125,0.7494676113128662,False,ok,0.33666709999670275
D1_154_building,rootsift-lightglue-r2048-k8192,rootsift,lightglue,2048,8192,598,107_0005_0030.JPG,107_0005_0117.JPG,6158,6474,1183,956,0.8081149619611158,155.24520948359856,0.453125,0.390625,0.8310108184814453,False,ok,0.2323608000006061
D1_154_building,rootsift-lightglue-r2048-k8192,rootsift,lightglue,2048,8192,599,107_0005_0030.JPG,107_0005_0118.JPG,6158,6381,1677,1429,0.8521168753726893,232.05586229295227,0.65625,0.5625,0.8498011231422424,False,ok,0.3126160000101663
D1_154_building,rootsift-lightglue-r2048-k8192,rootsift,lightglue,2048,8192,600,107_0005_0030.JPG,107_0005_0130.JPG,6158,6090,914,773,0.8457330415754923,126.92939244663383,0.296875,0.3125,0.7842215299606323,False,ok,0.3137433000083547
D1_154_building,rootsift-lightglue-r2048-k8192,rootsift,lightglue,2048,8192,601,107_0005_0030.JPG,107_0005_0131.JPG,6158,6000,1272,1078,0.8474842767295597,179.66666666666666,0.40625,0.40625,0.8434367775917053,False,ok,0.4580015999963507
D1_154_building,rootsift-lightglue-r2048-k8192,rootsift,lightglue,2048,8192,602,107_0005_0030.JPG,107_0005_0132.JPG,6158,6110,1727,1481,0.8575564562825709,242.38952536824877,0.53125,0.46875,0.8627156615257263,False,ok,0.31214490000274964
D1_154_building,rootsift-lightglue-r2048-k8192,rootsift,lightglue,2048,8192,603,107_0005_0030.JPG,107_0005_0133.JPG,6158,6083,2037,1709,0.8389788905252823,280.9469012000658,0.671875,0.625,0.8568407893180847,False,ok,0.5543099000060465
D1_154_building,rootsift-lightglue-r2048-k8192,rootsift,lightglue,2048,8192,604,107_0005_0030.JPG,107_0005_0134.JPG,6158,6036,2133,1723,0.8077824660103141,285.453943008615,0.8125,0.671875,0.816338062286377,False,ok,0.292909600015264
D1_154_building,rootsift-lightglue-r2048-k8192,rootsift,lightglue,2048,8192,605,107_0005_0030.JPG,107_0005_0135.JPG,6158,6025,2106,1671,0.7934472934472935,277.344398340249,0.90625,0.65625,0.7855109572410583,False,ok,0.3726749000197742
D1_154_building,rootsift-lightglue-r2048-k8192,rootsift,lightglue,2048,8192,606,107_0005_0030.JPG,107_0005_0140.JPG,6158,6155,1990,1402,0.7045226130653266,227.78229082047116,0.59375,0.546875,0.8270094990730286,False,ok,0.5337881000014022
D1_154_building,rootsift-lightglue-r2048-k8192,rootsift,lightglue,2048,8192,607,107_0005_0030.JPG,107_0005_0141.JPG,6158,6152,1490,1168,0.7838926174496644,189.85695708712615,0.484375,0.421875,0.7896543145179749,False,ok,0.3453801999858115
D1_154_building,rootsift-lightglue-r2048-k8192,rootsift,lightglue,2048,8192,608,107_0005_0030.JPG,107_0005_0142.JPG,6158,6118,985,777,0.7888324873096447,127.00228832951944,0.28125,0.265625,0.7709496021270752,False,ok,0.6034695999987889
D1_154_building,rootsift-lightglue-r2048-k8192,rootsift,lightglue,2048,8192,609,107_0005_0031.JPG,107_0005_0032.JPG,6249,6227,1638,1580,0.9645909645909646,253.7337401638028,0.5,0.5,0.8997287154197693,False,ok,0.2383409999893047
D1_154_building,rootsift-lightglue-r2048-k8192,rootsift,lightglue,2048,8192,610,107_0005_0031.JPG,107_0005_0033.JPG,6249,6317,1765,1573,0.8912181303116147,251.72027524403904,0.625,0.578125,0.9022606611251831,False,ok,0.4250731999927666
D1_154_building,rootsift-lightglue-r2048-k8192,rootsift,lightglue,2048,8192,611,107_0005_0031.JPG,107_0005_0034.JPG,6249,6354,1973,1699,0.8611251900658895,271.8835013602176,0.84375,0.6875,0.8399083614349365,False,ok,0.3871864000102505
D1_154_building,rootsift-lightglue-r2048-k8192,rootsift,lightglue,2048,8192,612,107_0005_0031.JPG,107_0005_0035.JPG,6249,6299,2240,1840,0.8214285714285714,294.44711153784607,0.90625,0.65625,0.8066421747207642,False,ok,0.5167124999861699
D1_154_building,rootsift-lightglue-r2048-k8192,rootsift,lightglue,2048,8192,613,107_0005_0031.JPG,107_0005_0036.JPG,6249,6260,2128,1625,0.7636278195488722,260.04160665706513,0.90625,0.640625,0.7885799407958984,False,ok,0.5124665000184905
D1_154_building,rootsift-lightglue-r2048-k8192,rootsift,lightglue,2048,8192,614,107_0005_0031.JPG,107_0005_0037.JPG,6249,6337,1701,1211,0.7119341563786008,193.79100656104976,0.78125,0.484375,0.7373983860015869,False,ok,0.46374419998028316
D1_154_building,rootsift-lightglue-r2048-k8192,rootsift,lightglue,2048,8192,615,107_0005_0031.JPG,107_0005_0038.JPG,6249,6314,1260,820,0.6507936507936508,131.22099535925747,0.59375,0.34375,0.710544228553772,False,ok,0.3894585999951232
D1_154_building,rootsift-lightglue-r2048-k8192,rootsift,lightglue,2048,8192,616,107_0005_0031.JPG,107_0005_0039.JPG,6249,6242,1259,837,0.664813343923749,134.09163729573854,0.59375,0.375,0.7071055173873901,False,ok,0.4827913000190165
D1_154_building,rootsift-lightglue-r2048-k8192,rootsift,lightglue,2048,8192,617,107_0005_0031.JPG,107_0005_0115.JPG,6249,6348,1481,1186,0.800810263335584,189.79036645863337,0.421875,0.453125,0.817339301109314,False,ok,0.378940299997339
D1_154_building,rootsift-lightglue-r2048-k8192,rootsift,lightglue,2048,8192,618,107_0005_0031.JPG,107_0005_0116.JPG,6249,6381,1518,1175,0.7740447957839263,188.03008481357017,0.421875,0.421875,0.8037877082824707,False,ok,0.44910820000222884
D1_154_building,rootsift-lightglue-r2048-k8192,rootsift,lightglue,2048,8192,619,107_0005_0031.JPG,107_0005_0117.JPG,6249,6474,1620,1317,0.812962962962963,210.75372059529525,0.625,0.5625,0.7972755432128906,False,ok,0.356662599981064
D1_154_building,rootsift-lightglue-r2048-k8192,rootsift,lightglue,2048,8192,620,107_0005_0031.JPG,107_0005_0131.JPG,6249,6000,830,632,0.7614457831325301,105.33333333333333,0.375,0.375,0.8094280362129211,False,ok,0.41166069998871535
D1_154_building,rootsift-lightglue-r2048-k8192,rootsift,lightglue,2048,8192,621,107_0005_0031.JPG,107_0005_0140.JPG,6249,6155,2148,1771,0.824487895716946,287.73354995938263,0.765625,0.671875,0.8635667562484741,False,ok,0.4473950999963563
D1_154_building,rootsift-lightglue-r2048-k8192,rootsift,lightglue,2048,8192,622,107_0005_0031.JPG,107_0005_0141.JPG,6249,6152,1685,1376,0.8166172106824926,223.66710013003902,0.640625,0.546875,0.8484789133071899,False,ok,0.3304929999867454
D1_154_building,rootsift-lightglue-r2048-k8192,rootsift,lightglue,2048,8192,623,107_0005_0031.JPG,107_0005_0142.JPG,6249,6118,1142,859,0.7521891418563923,140.40536122915987,0.40625,0.421875,0.8188497424125671,False,ok,0.35208569999667816
D1_154_building,rootsift-lightglue-r2048-k8192,rootsift,lightglue,2048,8192,624,107_0005_0031.JPG,107_0005_0143.JPG,6249,6166,603,426,0.7064676616915423,69.08855011352578,0.203125,0.25,0.726589024066925,False,ok,0.35860300000058487
D1_154_building,rootsift-lightglue-r2048-k8192,rootsift,lightglue,2048,8192,625,107_0005_0032.JPG,107_0005_0033.JPG,6227,6317,3262,3208,0.9834457388105456,515.175847117392,0.96875,0.734375,0.909645140171051,False,ok,0.3120657999825198
D1_154_building,rootsift-lightglue-r2048-k8192,rootsift,lightglue,2048,8192,626,107_0005_0032.JPG,107_0005_0034.JPG,6227,6354,2357,2248,0.9537547730165464,361.0085113216637,0.8125,0.5625,0.8815490007400513,False,ok,0.29110689999652095
D1_154_building,rootsift-lightglue-r2048-k8192,rootsift,lightglue,2048,8192,627,107_0005_0032.JPG,107_0005_0035.JPG,6227,6299,1709,1508,0.882387361029842,242.17118997912317,0.703125,0.421875,0.8781863451004028,False,ok,0.2707817000045907
D1_154_building,rootsift-lightglue-r2048-k8192,rootsift,lightglue,2048,8192,628,107_0005_0032.JPG,107_0005_0036.JPG,6227,6260,1122,918,0.8181818181818182,147.42251485466517,0.578125,0.25,0.8658363819122314,False,ok,0.4491858000110369
D1_154_building,rootsift-lightglue-r2048-k8192,rootsift,lightglue,2048,8192,629,107_0005_0032.JPG,107_0005_0037.JPG,6227,6337,631,443,0.7020602218700476,71.14180183073711,0.4375,0.15625,0.7790749073028564,False,ok,0.4076980000245385
D1_154_building,rootsift-lightglue-r2048-k8192,rootsift,lightglue,2048,8192,630,107_0005_0032.JPG,107_0005_0038.JPG,6227,6314,1,0,0.0,0.0,0.0,0.0,0.1420178860425949,True,too_few_matches,0.3376060999871697
D1_154_building,rootsift-lightglue-r2048-k8192,rootsift,lightglue,2048,8192,631,107_0005_0032.JPG,107_0005_0039.JPG,6227,6242,4,0,0.0,0.0,0.0,0.0,0.11944833397865295,True,too_few_matches,0.25910539997857995
D1_154_building,rootsift-lightglue-r2048-k8192,rootsift,lightglue,2048,8192,632,107_0005_0032.JPG,107_0005_0040.JPG,6227,6424,2,0,0.0,0.0,0.0,0.0,0.22343604266643524,True,too_few_matches,0.3637126999965403
D1_154_building,rootsift-lightglue-r2048-k8192,rootsift,lightglue,2048,8192,633,107_0005_0032.JPG,107_0005_0115.JPG,6227,6348,8,7,0.875,1.1241368235105187,0.09375,0.0625,0.22709757089614868,True,ok,0.26732159999664873
D1_154_building,rootsift-lightglue-r2048-k8192,rootsift,lightglue,2048,8192,634,107_0005_0032.JPG,107_0005_0116.JPG,6227,6381,4,0,0.0,0.0,0.0,0.0,0.2280057668685913,True,too_few_matches,0.3179715000151191
D1_154_building,rootsift-lightglue-r2048-k8192,rootsift,lightglue,2048,8192,635,107_0005_0032.JPG,107_0005_0117.JPG,6227,6474,77,73,0.948051948051948,11.723141159466838,0.078125,0.078125,0.4677918255329132,False,ok,0.40439579999656416
D1_154_building,rootsift-lightglue-r2048-k8192,rootsift,lightglue,2048,8192,636,107_0005_0032.JPG,107_0005_0140.JPG,6227,6155,1755,1405,0.8005698005698005,228.26969943135663,0.5,0.421875,0.8860185742378235,False,ok,0.3791703000024427
D1_154_building,rootsift-lightglue-r2048-k8192,rootsift,lightglue,2048,8192,637,107_0005_0032.JPG,107_0005_0141.JPG,6227,6152,1515,1390,0.9174917491749175,225.94278283485045,0.40625,0.375,0.9012635946273804,False,ok,0.43341549998149276
D1_154_building,rootsift-lightglue-r2048-k8192,rootsift,lightglue,2048,8192,638,107_0005_0032.JPG,107_0005_0142.JPG,6227,6118,1093,1039,0.9505946935041171,169.82674076495587,0.3125,0.296875,0.915398895740509,False,ok,0.3626562000135891
D1_154_building,rootsift-lightglue-r2048-k8192,rootsift,lightglue,2048,8192,639,107_0005_0032.JPG,107_0005_0143.JPG,6227,6166,693,650,0.937950937950938,105.41680181641259,0.25,0.25,0.8833538293838501,False,ok,0.4500789000012446
D1_154_building,rootsift-lightglue-r2048-k8192,rootsift,lightglue,2048,8192,640,107_0005_0033.JPG,107_0005_0034.JPG,6317,6354,3297,3234,0.9808917197452229,511.95187589045435,0.96875,0.8125,0.9075767993927002,False,ok,0.22832460000063293
D1_154_building,rootsift-lightglue-r2048-k8192,rootsift,lightglue,2048,8192,641,107_0005_0033.JPG,107_0005_0035.JPG,6317,6299,2265,2140,0.9448123620309051,339.7364661057311,0.84375,0.5625,0.8937001824378967,False,ok,0.325841500016395
D1_154_building,rootsift-lightglue-r2048-k8192,rootsift,lightglue,2048,8192,642,107_0005_0033.JPG,107_0005_0036.JPG,6317,6260,1533,1334,0.8701891715590345,213.0990415335463,0.625,0.390625,0.8671795129776001,False,ok,0.33351629998651333
D1_154_building,rootsift-lightglue-r2048-k8192,rootsift,lightglue,2048,8192,643,107_0005_0033.JPG,107_0005_0037.JPG,6317,6337,966,729,0.7546583850931677,115.40288111445307,0.484375,0.234375,0.8347182273864746,False,ok,0.30980049999197945
D1_154_building,rootsift-lightglue-r2048-k8192,rootsift,lightglue,2048,8192,644,107_0005_0033.JPG,107_0005_0038.JPG,6317,6314,461,269,0.5835140997830802,42.603737725688944,0.328125,0.125,0.7370722889900208,False,ok,0.4664610000036191
D1_154_building,rootsift-lightglue-r2048-k8192,rootsift,lightglue,2048,8192,645,107_0005_0033.JPG,107_0005_0039.JPG,6317,6242,460,281,0.6108695652173913,45.017622556872794,0.34375,0.140625,0.7430853843688965,False,ok,0.381563200004166
D1_154_building,rootsift-lightglue-r2048-k8192,rootsift,lightglue,2048,8192,646,107_0005_0033.JPG,107_0005_0040.JPG,6317,6424,445,261,0.5865168539325842,41.317080892828876,0.375,0.125,0.6848229765892029,False,ok,0.31799209999735467
D1_154_building,rootsift-lightglue-r2048-k8192,rootsift,lightglue,2048,8192,647,107_0005_0033.JPG,107_0005_0041.JPG,6317,6354,365,199,0.5452054794520548,31.502295393382933,0.3125,0.09375,0.6674377918243408,False,ok,0.4958391000109259
D1_154_building,rootsift-lightglue-r2048-k8192,rootsift,lightglue,2048,8192,648,107_0005_0033.JPG,107_0005_0115.JPG,6317,6348,56,42,0.75,6.648725660914991,0.09375,0.078125,0.4165153205394745,False,ok,0.4210758999979589
D1_154_building,rootsift-lightglue-r2048-k8192,rootsift,lightglue,2048,8192,649,107_0005_0033.JPG,107_0005_0116.JPG,6317,6381,25,21,0.84,3.3243628304574955,0.109375,0.09375,0.37768790125846863,False,ok,0.24113799998303875
D1_154_building,rootsift-lightglue-r2048-k8192,rootsift,lightglue,2048,8192,650,107_0005_0033.JPG,107_0005_0141.JPG,6317,6152,1571,1412,0.8987905792488861,229.518855656697,0.4375,0.421875,0.8640641570091248,False,ok,0.3843353999836836
D1_154_building,rootsift-lightglue-r2048-k8192,rootsift,lightglue,2048,8192,651,107_0005_0033.JPG,107_0005_0142.JPG,6317,6118,1174,1062,0.9045996592844975,173.58613926119648,0.390625,0.390625,0.8790260553359985,False,ok,0.4081956000009086
D1_154_building,rootsift-lightglue-r2048-k8192,rootsift,lightglue,2048,8192,652,107_0005_0033.JPG,107_0005_0150.JPG,6317,6189,324,256,0.7901234567901234,41.36370980772338,0.1875,0.140625,0.744178295135498,False,ok,0.44941930001368746
D1_154_building,rootsift-lightglue-r2048-k8192,rootsift,lightglue,2048,8192,653,107_0005_0033.JPG,107_0005_0151.JPG,6317,6268,511,421,0.8238747553816047,67.1665603063178,0.234375,0.203125,0.7844929695129395,False,ok,0.5043179000203963
D1_154_building,rootsift-lightglue-r2048-k8192,rootsift,lightglue,2048,8192,654,107_0005_0033.JPG,107_0005_0152.JPG,6317,6335,792,624,0.7878787878787878,98.78106696216558,0.296875,0.265625,0.8189570903778076,False,ok,0.3667544000199996
D1_154_building,rootsift-lightglue-r2048-k8192,rootsift,lightglue,2048,8192,655,107_0005_0034.JPG,107_0005_0035.JPG,6354,6299,3159,3088,0.9775245330800887,490.23654548341005,1.0,0.875,0.9062166213989258,False,ok,0.3293415000080131
D1_154_building,rootsift-lightglue-r2048-k8192,rootsift,lightglue,2048,8192,656,107_0005_0034.JPG,107_0005_0036.JPG,6354,6260,2209,2032,0.9198732458125849,324.6006389776358,0.875,0.625,0.8881925344467163,False,ok,0.28143639999325387
D1_154_building,rootsift-lightglue-r2048-k8192,rootsift,lightglue,2048,8192,657,107_0005_0034.JPG,107_0005_0037.JPG,6354,6337,1548,1266,0.8178294573643411,199.77907527221083,0.71875,0.453125,0.8510934710502625,False,ok,0.3750974999857135
D1_154_building,rootsift-lightglue-r2048-k8192,rootsift,lightglue,2048,8192,658,107_0005_0034.JPG,107_0005_0038.JPG,6354,6314,891,631,0.7081930415263749,99.93664871713652,0.59375,0.3125,0.7843091487884521,False,ok,0.2584548999730032
D1_154_building,rootsift-lightglue-r2048-k8192,rootsift,lightglue,2048,8192,659,107_0005_0034.JPG,107_0005_0039.JPG,6354,6242,882,629,0.7131519274376418,100.76898429990388,0.578125,0.328125,0.803485095500946,False,ok,0.4244913999864366
D1_154_building,rootsift-lightglue-r2048-k8192,rootsift,lightglue,2048,8192,660,107_0005_0034.JPG,107_0005_0040.JPG,6354,6424,914,600,0.6564551422319475,94.42870632672333,0.546875,0.296875,0.789812445640564,False,ok,0.3036720000091009
D1_154_building,rootsift-lightglue-r2048-k8192,rootsift,lightglue,2048,8192,661,107_0005_0034.JPG,107_0005_0041.JPG,6354,6354,738,471,0.6382113821138211,74.1265344664778,0.46875,0.25,0.7823625802993774,False,ok,0.479309500020463
D1_154_building,rootsift-lightglue-r2048-k8192,rootsift,lightglue,2048,8192,662,107_0005_0034.JPG,107_0005_0042.JPG,6354,6420,760,504,0.6631578947368421,79.3201133144476,0.46875,0.265625,0.7734068036079407,False,ok,0.3050598000118043
D1_154_building,rootsift-lightglue-r2048-k8192,rootsift,lightglue,2048,8192,663,107_0005_0034.JPG,107_0005_0064.JPG,6354,6316,1458,1200,0.823045267489712,189.99366687777075,0.5625,0.453125,0.8030982613563538,False,ok,0.47991140000522137
D1_154_building,rootsift-lightglue-r2048-k8192,rootsift,lightglue,2048,8192,664,107_0005_0034.JPG,107_0005_0149.JPG,6354,6161,416,293,0.7043269230769231,47.55721473786723,0.171875,0.21875,0.632192850112915,False,ok,0.37730290001491085
D1_154_building,rootsift-lightglue-r2048-k8192,rootsift,lightglue,2048,8192,665,107_0005_0034.JPG,107_0005_0150.JPG,6354,6189,678,532,0.7846607669616519,85.95895944417515,0.265625,0.3125,0.7379933595657349,False,ok,0.489538599998923
D1_154_building,rootsift-lightglue-r2048-k8192,rootsift,lightglue,2048,8192,666,107_0005_0034.JPG,107_0005_0151.JPG,6354,6268,911,723,0.7936333699231614,115.34779834077855,0.34375,0.359375,0.7887158989906311,False,ok,0.4213058000023011
D1_154_building,rootsift-lightglue-r2048-k8192,rootsift,lightglue,2048,8192,667,107_0005_0034.JPG,107_0005_0152.JPG,6354,6335,1166,885,0.7590051457975986,139.70007892659825,0.40625,0.40625,0.8052959442138672,False,ok,0.39102430001366884
D1_154_building,rootsift-lightglue-r2048-k8192,rootsift,lightglue,2048,8192,668,107_0005_0034.JPG,107_0005_0153.JPG,6354,6264,1412,1006,0.7124645892351275,160.60025542784163,0.484375,0.46875,0.7883001565933228,False,ok,0.4306503999978304
D1_154_building,rootsift-lightglue-r2048-k8192,rootsift,lightglue,2048,8192,669,107_0005_0035.JPG,107_0005_0036.JPG,6299,6260,3313,3234,0.9761545427105343,516.6134185303514,1.0,0.859375,0.9001896381378174,False,ok,0.3004060999955982
D1_154_building,rootsift-lightglue-r2048-k8192,rootsift,lightglue,2048,8192,670,107_0005_0035.JPG,107_0005_0037.JPG,6299,6337,2378,2153,0.9053826745164003,341.8002857596444,0.84375,0.609375,0.8753218650817871,False,ok,0.34948169998824596
D1_154_building,rootsift-lightglue-r2048-k8192,rootsift,lightglue,2048,8192,671,107_0005_0035.JPG,107_0005_0038.JPG,6299,6314,1582,1272,0.8040455120101138,201.93681536751865,0.71875,0.46875,0.846764326095581,False,ok,0.3328473000146914
D1_154_building,rootsift-lightglue-r2048-k8192,rootsift,lightglue,2048,8192,672,107_0005_0035.JPG,107_0005_0039.JPG,6299,6242,1587,1307,0.8235664776307499,209.3880166613265,0.703125,0.4375,0.8604452610015869,False,ok,0.41168540000217035
D1_154_building,rootsift-lightglue-r2048-k8192,rootsift,lightglue,2048,8192,673,107_0005_0035.JPG,107_0005_0040.JPG,6299,6424,1529,1195,0.7815565729234794,189.71265280203207,0.6875,0.421875,0.8387895822525024,False,ok,0.3451692000089679
D1_154_building,rootsift-lightglue-r2048-k8192,rootsift,lightglue,2048,8192,674,107_0005_0035.JPG,107_0005_0041.JPG,6299,6354,1288,962,0.7468944099378882,152.72265438958564,0.59375,0.359375,0.8235096335411072,False,ok,0.3857741999963764
D1_154_building,rootsift-lightglue-r2048-k8192,rootsift,lightglue,2048,8192,675,107_0005_0035.JPG,107_0005_0042.JPG,6299,6420,1347,992,0.7364513734224202,157.4853151293856,0.59375,0.359375,0.8140862584114075,False,ok,0.4177993999910541
D1_154_building,rootsift-lightglue-r2048-k8192,rootsift,lightglue,2048,8192,676,107_0005_0035.JPG,107_0005_0043.JPG,6299,6396,1917,1661,0.8664580073030778,263.6926496269249,0.703125,0.5625,0.8413271307945251,False,ok,0.2681270999892149
D1_154_building,rootsift-lightglue-r2048-k8192,rootsift,lightglue,2048,8192,677,107_0005_0035.JPG,107_0005_0149.JPG,6299,6161,773,575,0.7438551099611902,93.32900503165071,0.203125,0.296875,0.7628443837165833,False,ok,0.4681710999866482
D1_154_building,rootsift-lightglue-r2048-k8192,rootsift,lightglue,2048,8192,678,107_0005_0035.JPG,107_0005_0150.JPG,6299,6189,1075,846,0.7869767441860465,136.69413475521085,0.296875,0.375,0.8181062340736389,False,ok,0.3870636000065133
D1_154_building,rootsift-lightglue-r2048-k8192,rootsift,lightglue,2048,8192,679,107_0005_0035.JPG,107_0005_0151.JPG,6299,6268,1351,1090,0.8068097705403405,173.89917038927888,0.40625,0.484375,0.8099890351295471,False,ok,0.4706712999904994
D1_154_building,rootsift-lightglue-r2048-k8192,rootsift,lightglue,2048,8192,680,107_0005_0035.JPG,107_0005_0152.JPG,6299,6335,1665,1320,0.7927927927927928,209.55707255119862,0.5,0.546875,0.792622983455658,False,ok,0.4509369999868795
D1_154_building,rootsift-lightglue-r2048-k8192,rootsift,lightglue,2048,8192,681,107_0005_0035.JPG,107_0005_0153.JPG,6299,6264,1779,1387,0.7796514896008994,221.42401021711368,0.59375,0.5625,0.7199661135673523,False,ok,0.4089181000017561
D1_154_building,rootsift-lightglue-r2048-k8192,rootsift,lightglue,2048,8192,682,107_0005_0036.JPG,107_0005_0037.JPG,6260,6337,3203,3109,0.9706525132688105,496.64536741214056,1.0,0.859375,0.8921095132827759,False,ok,0.30333550000796095
D1_154_building,rootsift-lightglue-r2048-k8192,rootsift,lightglue,2048,8192,683,107_0005_0036.JPG,107_0005_0038.JPG,6260,6314,2160,1936,0.8962962962962963,309.26517571884983,0.84375,0.609375,0.8602326512336731,False,ok,0.3545761000132188
D1_154_building,rootsift-lightglue-r2048-k8192,rootsift,lightglue,2048,8192,684,107_0005_0036.JPG,107_0005_0039.JPG,6260,6242,2149,1920,0.893438808748255,307.5937199615508,0.828125,0.609375,0.8619983792304993,False,ok,0.24975660000927746
D1_154_building,rootsift-lightglue-r2048-k8192,rootsift,lightglue,2048,8192,685,107_0005_0036.JPG,107_0005_0040.JPG,6260,6424,2052,1689,0.8230994152046783,269.8083067092652,0.84375,0.515625,0.856050968170166,False,ok,0.34486440001637675
D1_154_building,rootsift-lightglue-r2048-k8192,rootsift,lightglue,2048,8192,686,107_0005_0036.JPG,107_0005_0041.JPG,6260,6354,1756,1405,0.8001138952164009,224.44089456869008,0.75,0.484375,0.8530123829841614,False,ok,0.27973560002283193
D1_154_building,rootsift-lightglue-r2048-k8192,rootsift,lightglue,2048,8192,687,107_0005_0036.JPG,107_0005_0042.JPG,6260,6420,1803,1432,0.7942318358291736,228.75399361022363,0.75,0.453125,0.850368082523346,False,ok,0.4500957999844104
D1_154_building,rootsift-lightglue-r2048-k8192,rootsift,lightglue,2048,8192,688,107_0005_0036.JPG,107_0005_0043.JPG,6260,6396,2360,2126,0.9008474576271186,339.61661341853033,0.8125,0.65625,0.8608277440071106,False,ok,0.2722957999794744
D1_154_building,rootsift-lightglue-r2048-k8192,rootsift,lightglue,2048,8192,689,107_0005_0036.JPG,107_0005_0044.JPG,6260,6397,2614,2374,0.9081866870696251,379.2332268370607,0.765625,0.796875,0.8614368438720703,False,ok,0.3337094000016805
D1_154_building,rootsift-lightglue-r2048-k8192,rootsift,lightglue,2048,8192,690,107_0005_0036.JPG,107_0005_0150.JPG,6260,6189,1133,877,0.7740511915269197,141.70302148973985,0.328125,0.46875,0.784619927406311,False,ok,0.4226483999809716
D1_154_building,rootsift-lightglue-r2048-k8192,rootsift,lightglue,2048,8192,691,107_0005_0036.JPG,107_0005_0151.JPG,6260,6268,1452,1077,0.7417355371900827,172.0447284345048,0.40625,0.515625,0.7552123665809631,False,ok,0.46601830000872724
D1_154_building,rootsift-lightglue-r2048-k8192,rootsift,lightglue,2048,8192,692,107_0005_0036.JPG,107_0005_0152.JPG,6260,6335,1795,1361,0.7582172701949861,217.41214057507986,0.53125,0.609375,0.6827180981636047,False,ok,0.5082198999880347
D1_154_building,rootsift-lightglue-r2048-k8192,rootsift,lightglue,2048,8192,693,107_0005_0037.JPG,107_0005_0038.JPG,6337,6314,3099,2913,0.9399806389157793,461.35571745327843,0.9375,0.8125,0.8862558603286743,False,ok,0.14816400001291186
D1_154_building,rootsift-lightglue-r2048-k8192,rootsift,lightglue,2048,8192,694,107_0005_0037.JPG,107_0005_0039.JPG,6337,6242,3056,2875,0.9407722513089005,460.5895546299263,0.953125,0.8125,0.8873358368873596,False,ok,0.20406270000967197
D1_154_building,rootsift-lightglue-r2048-k8192,rootsift,lightglue,2048,8192,695,107_0005_0037.JPG,107_0005_0040.JPG,6337,6424,2741,2547,0.929222911346224,401.92520119930566,0.90625,0.71875,0.8832299113273621,False,ok,0.3823075999971479
D1_154_building,rootsift-lightglue-r2048-k8192,rootsift,lightglue,2048,8192,696,107_0005_0037.JPG,107_0005_0041.JPG,6337,6354,2265,1948,0.8600441501103753,307.4009783809374,0.78125,0.640625,0.8655692934989929,False,ok,0.43762430001515895
D1_154_building,rootsift-lightglue-r2048-k8192,rootsift,lightglue,2048,8192,697,107_0005_0037.JPG,107_0005_0042.JPG,6337,6420,2276,1930,0.8479789103690686,304.56051759507653,0.765625,0.65625,0.8546552062034607,False,ok,0.3465777000237722
D1_154_building,rootsift-lightglue-r2048-k8192,rootsift,lightglue,2048,8192,698,107_0005_0037.JPG,107_0005_0043.JPG,6337,6396,2564,2343,0.9138065522620905,369.73331229288306,0.71875,0.78125,0.8635352849960327,False,ok,0.34598470001947135
D1_154_building,rootsift-lightglue-r2048-k8192,rootsift,lightglue,2048,8192,699,107_0005_0037.JPG,107_0005_0044.JPG,6337,6397,2266,1946,0.8587819947043248,307.0853716269528,0.5625,0.828125,0.8773748278617859,False,ok,0.3606769999896642
D1_154_building,rootsift-lightglue-r2048-k8192,rootsift,lightglue,2048,8192,700,107_0005_0037.JPG,107_0005_0045.JPG,6337,6328,1804,1471,0.815410199556541,232.45891276864728,0.46875,0.75,0.8569755554199219,False,ok,0.3417355999990832
D1_154_building,rootsift-lightglue-r2048-k8192,rootsift,lightglue,2048,8192,701,107_0005_0037.JPG,107_0005_0150.JPG,6337,6189,1208,873,0.722682119205298,141.05671352399418,0.3125,0.4375,0.7633383870124817,False,ok,0.4410134000063408
D1_154_building,rootsift-lightglue-r2048-k8192,rootsift,lightglue,2048,8192,702,107_0005_0037.JPG,107_0005_0151.JPG,6337,6268,1499,1052,0.7018012008005337,167.83663050414805,0.453125,0.625,0.7133051156997681,False,ok,0.5464841999928467
D1_154_building,rootsift-lightglue-r2048-k8192,rootsift,lightglue,2048,8192,703,107_0005_0038.JPG,107_0005_0039.JPG,6314,6242,4526,4492,0.9924878479893946,719.6411406600448,0.96875,0.96875,0.8812761306762695,False,ok,0.33666669999365695
D1_154_building,rootsift-lightglue-r2048-k8192,rootsift,lightglue,2048,8192,704,107_0005_0038.JPG,107_0005_0040.JPG,6314,6424,3265,3091,0.9467075038284839,489.54703832752614,0.859375,0.875,0.869157075881958,False,ok,0.30035659999703057
D1_154_building,rootsift-lightglue-r2048-k8192,rootsift,lightglue,2048,8192,705,107_0005_0038.JPG,107_0005_0041.JPG,6314,6354,2641,2270,0.859522907989398,359.5185302502376,0.75,0.78125,0.8477305769920349,False,ok,0.47493119997670874
D1_154_building,rootsift-lightglue-r2048-k8192,rootsift,lightglue,2048,8192,706,107_0005_0038.JPG,107_0005_0042.JPG,6314,6420,2687,2303,0.857089691105322,364.7450110864745,0.75,0.765625,0.8419048190116882,False,ok,0.37032290000934154
D1_154_building,rootsift-lightglue-r2048-k8192,rootsift,lightglue,2048,8192,707,107_0005_0038.JPG,107_0005_0043.JPG,6314,6396,2035,1679,0.8250614250614251,265.9170098194488,0.53125,0.796875,0.8528075218200684,False,ok,0.45962799998233095
D1_154_building,rootsift-lightglue-r2048-k8192,rootsift,lightglue,2048,8192,708,107_0005_0038.JPG,107_0005_0044.JPG,6314,6397,1626,1268,0.7798277982779828,200.82356667722522,0.453125,0.734375,0.8367372155189514,False,ok,0.32956019998528063
D1_154_building,rootsift-lightglue-r2048-k8192,rootsift,lightglue,2048,8192,709,107_0005_0038.JPG,107_0005_0045.JPG,6314,6328,1181,863,0.7307366638441999,136.68039277795376,0.34375,0.609375,0.8168050050735474,False,ok,0.40051819998188876
D1_154_building,rootsift-lightglue-r2048-k8192,rootsift,lightglue,2048,8192,710,107_0005_0038.JPG,107_0005_0046.JPG,6314,6327,762,506,0.6640419947506562,80.13937282229965,0.265625,0.5,0.7592480182647705,False,ok,0.3668040999909863
D1_154_building,rootsift-lightglue-r2048-k8192,rootsift,lightglue,2048,8192,711,107_0005_0038.JPG,107_0005_0150.JPG,6314,6189,852,603,0.7077464788732394,97.43092583616092,0.28125,0.421875,0.6784550547599792,False,ok,0.5048536999966018
D1_154_building,rootsift-lightglue-r2048-k8192,rootsift,lightglue,2048,8192,712,107_0005_0038.JPG,107_0005_0151.JPG,6314,6268,1013,610,0.6021717670286278,97.319719208679,0.359375,0.546875,0.6179077625274658,False,ok,0.5290090999915265
D1_154_building,rootsift-lightglue-r2048-k8192,rootsift,lightglue,2048,8192,713,107_0005_0039.JPG,107_0005_0040.JPG,6242,6424,3379,3108,0.9197987570287067,497.91733418776033,0.890625,0.90625,0.8809424638748169,False,ok,0.35979190000216477
D1_154_building,rootsift-lightglue-r2048-k8192,rootsift,lightglue,2048,8192,714,107_0005_0039.JPG,107_0005_0041.JPG,6242,6354,2683,2293,0.8546403279910548,367.3502082665812,0.765625,0.765625,0.851839005947113,False,ok,0.49183260000427254
D1_154_building,rootsift-lightglue-r2048-k8192,rootsift,lightglue,2048,8192,715,107_0005_0039.JPG,107_0005_0042.JPG,6242,6420,2700,2322,0.86,371.99615507850046,0.765625,0.765625,0.8486733436584473,False,ok,0.39794359999359585
D1_154_building,rootsift-lightglue-r2048-k8192,rootsift,lightglue,2048,8192,716,107_0005_0039.JPG,107_0005_0043.JPG,6242,6396,2040,1734,0.85,277.79557834027554,0.5625,0.796875,0.8583686351776123,False,ok,0.4292643999797292
D1_154_building,rootsift-lightglue-r2048-k8192,rootsift,lightglue,2048,8192,717,107_0005_0039.JPG,107_0005_0044.JPG,6242,6397,1631,1279,0.7841814837522992,204.90227491188722,0.453125,0.703125,0.8408088684082031,False,ok,0.3090121999848634
D1_154_building,rootsift-lightglue-r2048-k8192,rootsift,lightglue,2048,8192,718,107_0005_0039.JPG,107_0005_0045.JPG,6242,6328,1226,901,0.734910277324633,144.3447612944569,0.359375,0.671875,0.8137592077255249,False,ok,0.4124595000175759
D1_154_building,rootsift-lightglue-r2048-k8192,rootsift,lightglue,2048,8192,719,107_0005_0039.JPG,107_0005_0046.JPG,6242,6327,757,498,0.6578599735799208,79.78212111502724,0.265625,0.515625,0.7565540671348572,False,ok,0.33325530000729486
D1_154_building,rootsift-lightglue-r2048-k8192,rootsift,lightglue,2048,8192,720,107_0005_0039.JPG,107_0005_0047.JPG,6242,6280,311,205,0.6591639871382636,32.84203780839474,0.09375,0.28125,0.672137975692749,False,ok,0.48350980001850985
D1_154_building,rootsift-lightglue-r2048-k8192,rootsift,lightglue,2048,8192,721,107_0005_0039.JPG,107_0005_0150.JPG,6242,6189,912,661,0.7247807017543859,106.80239133947326,0.296875,0.453125,0.6980389952659607,False,ok,0.45454849998350255
D1_154_building,rootsift-lightglue-r2048-k8192,rootsift,lightglue,2048,8192,722,107_0005_0039.JPG,107_0005_0151.JPG,6242,6268,1134,701,0.6181657848324515,112.30374879846204,0.375,0.546875,0.6226115822792053,False,ok,0.503993399994215
D1_154_building,rootsift-lightglue-r2048-k8192,rootsift,lightglue,2048,8192,723,107_0005_0040.JPG,107_0005_0041.JPG,6424,6354,3309,3117,0.9419764279238441,490.55712936732766,0.890625,0.875,0.8671668171882629,False,ok,0.3701102000195533
D1_154_building,rootsift-lightglue-r2048-k8192,rootsift,lightglue,2048,8192,724,107_0005_0040.JPG,107_0005_0042.JPG,6424,6420,3418,3163,0.9253949678174371,492.6791277258567,0.875,0.90625,0.876690149307251,False,ok,0.43744690000312403
D1_154_building,rootsift-lightglue-r2048-k8192,rootsift,lightglue,2048,8192,725,107_0005_0040.JPG,107_0005_0043.JPG,6424,6396,2474,2259,0.9130962004850445,353.18949343339585,0.640625,0.921875,0.8754503726959229,False,ok,0.25863070000195876
D1_154_building,rootsift-lightglue-r2048-k8192,rootsift,lightglue,2048,8192,726,107_0005_0040.JPG,107_0005_0044.JPG,6424,6397,2037,1680,0.8247422680412371,262.623104580272,0.515625,0.78125,0.8753074407577515,False,ok,0.404122699983418
D1_154_building,rootsift-lightglue-r2048-k8192,rootsift,lightglue,2048,8192,727,107_0005_0040.JPG,107_0005_0045.JPG,6424,6328,1529,1183,0.7737083060824068,186.94690265486724,0.390625,0.65625,0.8468288779258728,False,ok,0.3531805999809876
D1_154_building,rootsift-lightglue-r2048-k8192,rootsift,lightglue,2048,8192,728,107_0005_0040.JPG,107_0005_0046.JPG,6424,6327,940,667,0.7095744680851064,105.42121068436857,0.296875,0.515625,0.7927619814872742,False,ok,0.3879668000154197
D1_154_building,rootsift-lightglue-r2048-k8192,rootsift,lightglue,2048,8192,729,107_0005_0040.JPG,107_0005_0047.JPG,6424,6280,498,306,0.6144578313253012,48.72611464968153,0.140625,0.359375,0.6996186971664429,False,ok,0.420911299996078
D1_154_building,rootsift-lightglue-r2048-k8192,rootsift,lightglue,2048,8192,730,107_0005_0040.JPG,107_0005_0048.JPG,6424,6197,35,29,0.8285714285714286,4.67968371792803,0.0625,0.09375,0.45130932331085205,False,ok,0.1496190000034403
D1_154_building,rootsift-lightglue-r2048-k8192,rootsift,lightglue,2048,8192,731,107_0005_0040.JPG,107_0005_0058.JPG,6424,6335,1947,1510,0.7755521314843349,238.3583267561168,0.5625,0.5625,0.8044412136077881,False,ok,0.5167037000064738
D1_154_building,rootsift-lightglue-r2048-k8192,rootsift,lightglue,2048,8192,732,107_0005_0040.JPG,107_0005_0059.JPG,6424,6332,1837,1461,0.7953184540010887,230.73278584965257,0.515625,0.5625,0.8084892630577087,False,ok,0.37908210000023246
D1_154_building,rootsift-lightglue-r2048-k8192,rootsift,lightglue,2048,8192,733,107_0005_0040.JPG,107_0005_0060.JPG,6424,6321,2088,1742,0.8342911877394636,275.5893054896377,0.640625,0.75,0.8434193134307861,False,ok,0.4627154000045266
D1_154_building,rootsift-lightglue-r2048-k8192,rootsift,lightglue,2048,8192,734,107_0005_0040.JPG,107_0005_0061.JPG,6424,6336,2209,1728,0.7822544137618832,272.72727272727275,0.71875,0.859375,0.8242964744567871,False,ok,0.4212188000092283
D1_154_building,rootsift-lightglue-r2048-k8192,rootsift,lightglue,2048,8192,735,107_0005_0040.JPG,107_0005_0062.JPG,6424,6333,1834,1259,0.6864776444929117,198.79993683878098,0.640625,0.765625,0.7868463397026062,False,ok,0.5287788999848999
D1_154_building,rootsift-lightglue-r2048-k8192,rootsift,lightglue,2048,8192,736,107_0005_0041.JPG,107_0005_0042.JPG,6354,6420,4328,4267,0.98590573012939,671.5454831602141,1.0,1.0,0.8769028186798096,False,ok,0.23978010000428185
D1_154_building,rootsift-lightglue-r2048-k8192,rootsift,lightglue,2048,8192,737,107_0005_0041.JPG,107_0005_0043.JPG,6354,6396,2870,2688,0.9365853658536586,423.0406043437205,0.71875,0.921875,0.8806602358818054,False,ok,0.3590322000090964
D1_154_building,rootsift-lightglue-r2048-k8192,rootsift,lightglue,2048,8192,738,107_0005_0041.JPG,107_0005_0044.JPG,6354,6397,2074,1830,0.8823529411764706,288.00755429650616,0.59375,0.796875,0.8658556938171387,False,ok,0.3081192999961786
D1_154_building,rootsift-lightglue-r2048-k8192,rootsift,lightglue,2048,8192,739,107_0005_0041.JPG,107_0005_0045.JPG,6354,6328,1544,1232,0.7979274611398963,194.69026548672565,0.4375,0.671875,0.8499589562416077,False,ok,0.15574439999181777
D1_154_building,rootsift-lightglue-r2048-k8192,rootsift,lightglue,2048,8192,740,107_0005_0041.JPG,107_0005_0046.JPG,6354,6327,919,691,0.7519042437431991,109.21447763553027,0.265625,0.515625,0.798321008682251,False,ok,0.16447779998998158
D1_154_building,rootsift-lightglue-r2048-k8192,rootsift,lightglue,2048,8192,741,107_0005_0041.JPG,107_0005_0047.JPG,6354,6280,487,326,0.6694045174537988,51.910828025477706,0.15625,0.359375,0.7118808627128601,False,ok,0.3899270999827422
D1_154_building,rootsift-lightglue-r2048-k8192,rootsift,lightglue,2048,8192,742,107_0005_0041.JPG,107_0005_0048.JPG,6354,6197,4,0,0.0,0.0,0.0,0.0,0.35619422793388367,True,too_few_matches,0.3199327999900561
D1_154_building,rootsift-lightglue-r2048-k8192,rootsift,lightglue,2048,8192,743,107_0005_0041.JPG,107_0005_0049.JPG,6354,6199,4,0,0.0,0.0,0.0,0.0,0.4525708854198456,True,too_few_matches,0.2341753999935463
D1_154_building,rootsift-lightglue-r2048-k8192,rootsift,lightglue,2048,8192,744,107_0005_0041.JPG,107_0005_0057.JPG,6354,6311,1950,1623,0.8323076923076923,257.1700205989542,0.5,0.703125,0.8530111908912659,False,ok,0.4355587000027299
D1_154_building,rootsift-lightglue-r2048-k8192,rootsift,lightglue,2048,8192,745,107_0005_0041.JPG,107_0005_0058.JPG,6354,6335,2361,1988,0.8420160948750529,313.8121546961326,0.609375,0.609375,0.8412341475486755,False,ok,0.45354230000521056
D1_154_building,rootsift-lightglue-r2048-k8192,rootsift,lightglue,2048,8192,746,107_0005_0041.JPG,107_0005_0059.JPG,6354,6332,2310,1941,0.8402597402597403,306.538218572331,0.609375,0.625,0.8387791514396667,False,ok,0.41233349998947233
D1_154_building,rootsift-lightglue-r2048-k8192,rootsift,lightglue,2048,8192,747,107_0005_0041.JPG,107_0005_0060.JPG,6354,6321,2590,2241,0.8652509652509652,354.5325106786901,0.703125,0.8125,0.8557869791984558,False,ok,0.5001693000085652
D1_154_building,rootsift-lightglue-r2048-k8192,rootsift,lightglue,2048,8192,748,107_0005_0041.JPG,107_0005_0061.JPG,6354,6336,2258,1794,0.7945084145261293,283.1439393939394,0.6875,0.828125,0.8460997939109802,False,ok,0.393097599997418
D1_154_building,rootsift-lightglue-r2048-k8192,rootsift,lightglue,2048,8192,749,107_0005_0042.JPG,107_0005_0043.JPG,6420,6396,2894,2708,0.9357290946786455,423.3896185115697,0.703125,0.9375,0.8766266703605652,False,ok,0.3708243000146467
D1_154_building,rootsift-lightglue-r2048-k8192,rootsift,lightglue,2048,8192,750,107_0005_0042.JPG,107_0005_0044.JPG,6420,6397,2147,1873,0.872380065207266,292.7934969516961,0.59375,0.796875,0.8538197875022888,False,ok,0.35144810000201687
D1_154_building,rootsift-lightglue-r2048-k8192,rootsift,lightglue,2048,8192,751,107_0005_0042.JPG,107_0005_0045.JPG,6420,6328,1603,1273,0.7941359950093575,201.16940581542352,0.4375,0.71875,0.8416315317153931,False,ok,0.35599519999232143
D1_154_building,rootsift-lightglue-r2048-k8192,rootsift,lightglue,2048,8192,752,107_0005_0042.JPG,107_0005_0046.JPG,6420,6327,998,725,0.7264529058116233,114.58827248300932,0.3125,0.53125,0.7813889384269714,False,ok,0.4132003000122495
D1_154_building,rootsift-lightglue-r2048-k8192,rootsift,lightglue,2048,8192,753,107_0005_0042.JPG,107_0005_0047.JPG,6420,6280,519,338,0.651252408477842,53.82165605095541,0.15625,0.390625,0.7317824363708496,False,ok,0.4140029000118375
D1_154_building,rootsift-lightglue-r2048-k8192,rootsift,lightglue,2048,8192,754,107_0005_0042.JPG,107_0005_0048.JPG,6420,6197,6,0,0.0,0.0,0.0,0.0,0.5844572186470032,True,too_few_matches,0.3502054999989923
D1_154_building,rootsift-lightglue-r2048-k8192,rootsift,lightglue,2048,8192,755,107_0005_0042.JPG,107_0005_0049.JPG,6420,6199,8,7,0.875,1.129214389417648,0.078125,0.09375,0.49266570806503296,True,ok,0.2858410000044387
D1_154_building,rootsift-lightglue-r2048-k8192,rootsift,lightglue,2048,8192,756,107_0005_0042.JPG,107_0005_0050.JPG,6420,6154,23,20,0.8695652173913043,3.249918752031199,0.0625,0.109375,0.33565980195999146,False,ok,0.38916920000337996
D1_154_building,rootsift-lightglue-r2048-k8192,rootsift,lightglue,2048,8192,757,107_0005_0042.JPG,107_0005_0057.JPG,6420,6311,2023,1679,0.8299555116164112,266.0434162573285,0.515625,0.75,0.8496757745742798,False,ok,0.41403869999339804
D1_154_building,rootsift-lightglue-r2048-k8192,rootsift,lightglue,2048,8192,758,107_0005_0042.JPG,107_0005_0058.JPG,6420,6335,2421,2059,0.8504750103263115,325.0197316495659,0.640625,0.65625,0.8488879203796387,False,ok,0.5445439000031911
D1_154_building,rootsift-lightglue-r2048-k8192,rootsift,lightglue,2048,8192,759,107_0005_0042.JPG,107_0005_0059.JPG,6420,6332,2380,2030,0.8529411764705882,320.5938092229943,0.609375,0.640625,0.8450180888175964,False,ok,0.4748906000168063
D1_154_building,rootsift-lightglue-r2048-k8192,rootsift,lightglue,2048,8192,760,107_0005_0042.JPG,107_0005_0060.JPG,6420,6321,2668,2296,0.8605697151424287,363.23366555924696,0.734375,0.84375,0.8523625731468201,False,ok,0.47846579999895766
D1_154_building,rootsift-lightglue-r2048-k8192,rootsift,lightglue,2048,8192,761,107_0005_0042.JPG,107_0005_0061.JPG,6420,6336,2312,1840,0.7958477508650519,290.4040404040404,0.6875,0.890625,0.8399937748908997,False,ok,0.38730499998200685
D1_154_building,rootsift-lightglue-r2048-k8192,rootsift,lightglue,2048,8192,762,107_0005_0043.JPG,107_0005_0044.JPG,6396,6397,3251,3178,0.977545370655183,496.87304565353344,0.8125,0.96875,0.9011832475662231,False,ok,0.3214936000003945
D1_154_building,rootsift-lightglue-r2048-k8192,rootsift,lightglue,2048,8192,763,107_0005_0043.JPG,107_0005_0045.JPG,6396,6328,2458,2275,0.9255492270138324,359.5132743362832,0.625,0.859375,0.891635537147522,False,ok,0.35798430000431836
D1_154_building,rootsift-lightglue-r2048-k8192,rootsift,lightglue,2048,8192,764,107_0005_0043.JPG,107_0005_0046.JPG,6396,6327,1790,1477,0.8251396648044693,233.44397028607554,0.4375,0.6875,0.8571820855140686,False,ok,0.36431390000507236
D1_154_building,rootsift-lightglue-r2048-k8192,rootsift,lightglue,2048,8192,765,107_0005_0043.JPG,107_0005_0047.JPG,6396,6280,1220,981,0.8040983606557377,156.21019108280254,0.296875,0.578125,0.8595203757286072,False,ok,0.3875906000030227
D1_154_building,rootsift-lightglue-r2048-k8192,rootsift,lightglue,2048,8192,766,107_0005_0043.JPG,107_0005_0048.JPG,6396,6197,914,665,0.7275711159737418,107.30998870421172,0.1875,0.46875,0.8193278312683105,False,ok,0.32394159998511896
D1_154_building,rootsift-lightglue-r2048-k8192,rootsift,lightglue,2048,8192,767,107_0005_0043.JPG,107_0005_0049.JPG,6396,6199,875,636,0.7268571428571429,102.59719309566059,0.1875,0.46875,0.8088333010673523,False,ok,0.3795287999964785
D1_154_building,rootsift-lightglue-r2048-k8192,rootsift,lightglue,2048,8192,768,107_0005_0043.JPG,107_0005_0050.JPG,6396,6154,876,634,0.723744292237443,103.02242443938901,0.21875,0.453125,0.8132030963897705,False,ok,0.3878800999955274
D1_154_building,rootsift-lightglue-r2048-k8192,rootsift,lightglue,2048,8192,769,107_0005_0043.JPG,107_0005_0051.JPG,6396,6205,897,624,0.6956521739130435,100.56406124093473,0.171875,0.484375,0.7920660972595215,False,ok,0.34945340000558645
D1_154_building,rootsift-lightglue-r2048-k8192,rootsift,lightglue,2048,8192,770,107_0005_0043.JPG,107_0005_0057.JPG,6396,6311,2705,2424,0.8961182994454714,384.0912692124861,0.671875,0.703125,0.8735634684562683,False,ok,0.4254441999946721
D1_154_building,rootsift-lightglue-r2048-k8192,rootsift,lightglue,2048,8192,771,107_0005_0043.JPG,107_0005_0058.JPG,6396,6335,2366,2013,0.8508030431107354,317.7584846093133,0.6875,0.5625,0.8631278276443481,False,ok,0.3983293999917805
D1_154_building,rootsift-lightglue-r2048-k8192,rootsift,lightglue,2048,8192,772,107_0005_0043.JPG,107_0005_0059.JPG,6396,6332,2286,1911,0.8359580052493438,301.8003790271636,0.671875,0.53125,0.853732168674469,False,ok,0.47906899999361485
D1_154_building,rootsift-lightglue-r2048-k8192,rootsift,lightglue,2048,8192,773,107_0005_0043.JPG,107_0005_0060.JPG,6396,6321,3217,2934,0.9120298414672054,464.1670621737067,0.890625,0.828125,0.8724764585494995,False,ok,0.3918820999970194
D1_154_building,rootsift-lightglue-r2048-k8192,rootsift,lightglue,2048,8192,774,107_0005_0043.JPG,107_0005_0061.JPG,6396,6336,2960,2643,0.8929054054054054,417.1401515151515,0.84375,0.90625,0.8701565861701965,False,ok,0.44237029997748323
D1_154_building,rootsift-lightglue-r2048-k8192,rootsift,lightglue,2048,8192,775,107_0005_0043.JPG,107_0005_0062.JPG,6396,6333,2190,1728,0.7890410958904109,272.85646612979633,0.671875,0.734375,0.8574850559234619,False,ok,0.40090259999851696
D1_154_building,rootsift-lightglue-r2048-k8192,rootsift,lightglue,2048,8192,776,107_0005_0043.JPG,107_0005_0063.JPG,6396,6285,1594,1174,0.7365119196988708,186.793953858393,0.5,0.609375,0.8288960456848145,False,ok,0.4791441000124905
D1_154_building,rootsift-lightglue-r2048-k8192,rootsift,lightglue,2048,8192,777,107_0005_0044.JPG,107_0005_0045.JPG,6397,6328,3374,3288,0.974510966212211,519.5954487989886,0.875,1.0,0.9021540284156799,False,ok,0.25975969998398796
D1_154_building,rootsift-lightglue-r2048-k8192,rootsift,lightglue,2048,8192,778,107_0005_0044.JPG,107_0005_0046.JPG,6397,6327,2463,2257,0.9163621599675192,356.72514619883043,0.625,0.84375,0.8842942714691162,False,ok,0.36605680000502616
D1_154_building,rootsift-lightglue-r2048-k8192,rootsift,lightglue,2048,8192,779,107_0005_0044.JPG,107_0005_0047.JPG,6397,6280,1827,1577,0.8631636562671046,251.11464968152868,0.40625,0.671875,0.8924016952514648,False,ok,0.2585820000094827
D1_154_building,rootsift-lightglue-r2048-k8192,rootsift,lightglue,2048,8192,780,107_0005_0044.JPG,107_0005_0048.JPG,6397,6197,1425,1178,0.8266666666666667,190.0919799903179,0.296875,0.59375,0.8841452598571777,False,ok,0.4221782999811694
D1_154_building,rootsift-lightglue-r2048-k8192,rootsift,lightglue,2048,8192,781,107_0005_0044.JPG,107_0005_0049.JPG,6397,6199,1394,1137,0.8156384505021521,183.4166801096951,0.296875,0.609375,0.8760786056518555,False,ok,0.2775095999822952
D1_154_building,rootsift-lightglue-r2048-k8192,rootsift,lightglue,2048,8192,782,107_0005_0044.JPG,107_0005_0050.JPG,6397,6154,1343,1081,0.8049143708116158,175.6581085472863,0.3125,0.59375,0.8619267344474792,False,ok,0.4245607999910135
D1_154_building,rootsift-lightglue-r2048-k8192,rootsift,lightglue,2048,8192,783,107_0005_0044.JPG,107_0005_0051.JPG,6397,6205,1306,1015,0.7771822358346095,163.57775987107172,0.25,0.625,0.8451753854751587,False,ok,0.3369968000042718
D1_154_building,rootsift-lightglue-r2048-k8192,rootsift,lightglue,2048,8192,784,107_0005_0044.JPG,107_0005_0052.JPG,6397,6166,1235,939,0.7603238866396761,152.28673370094063,0.25,0.625,0.8459786176681519,False,ok,0.45049980000476353
D1_154_building,rootsift-lightglue-r2048-k8192,rootsift,lightglue,2048,8192,785,107_0005_0044.JPG,107_0005_0057.JPG,6397,6311,2534,2239,0.8835832675611681,354.77737284107116,0.78125,0.609375,0.8698058724403381,False,ok,0.13950190000468865
D1_154_building,rootsift-lightglue-r2048-k8192,rootsift,lightglue,2048,8192,786,107_0005_0044.JPG,107_0005_0058.JPG,6397,6335,1987,1557,0.7835933568193256,245.7774269928966,0.703125,0.4375,0.849941611289978,False,ok,0.20547019998775795
D1_154_building,rootsift-lightglue-r2048-k8192,rootsift,lightglue,2048,8192,787,107_0005_0044.JPG,107_0005_0059.JPG,6397,6332,1915,1476,0.770757180156658,233.10170562223627,0.671875,0.421875,0.8402272462844849,False,ok,0.4138933999929577
D1_154_building,rootsift-lightglue-r2048-k8192,rootsift,lightglue,2048,8192,788,107_0005_0044.JPG,107_0005_0060.JPG,6397,6321,2816,2494,0.8856534090909091,394.5578231292517,0.90625,0.6875,0.8767211437225342,False,ok,0.425433799973689
D1_154_building,rootsift-lightglue-r2048-k8192,rootsift,lightglue,2048,8192,789,107_0005_0044.JPG,107_0005_0061.JPG,6397,6336,2968,2740,0.9231805929919138,432.449494949495,0.890625,0.8125,0.8795144557952881,False,ok,0.3251656000211369
D1_154_building,rootsift-lightglue-r2048-k8192,rootsift,lightglue,2048,8192,790,107_0005_0044.JPG,107_0005_0062.JPG,6397,6333,2336,1957,0.8377568493150684,309.01626401389547,0.6875,0.75,0.8766805529594421,False,ok,0.39573489999747835
D1_154_building,rootsift-lightglue-r2048-k8192,rootsift,lightglue,2048,8192,791,107_0005_0044.JPG,107_0005_0063.JPG,6397,6285,1627,1340,0.8236017209588199,213.206046141607,0.484375,0.578125,0.8692273497581482,False,ok,0.3665451999986544
D1_154_building,rootsift-lightglue-r2048-k8192,rootsift,lightglue,2048,8192,792,107_0005_0044.JPG,107_0005_0064.JPG,6397,6316,1182,866,0.7326565143824028,137.1120962634579,0.4375,0.484375,0.7939054369926453,False,ok,0.45741639999323525
D1_154_building,rootsift-lightglue-r2048-k8192,rootsift,lightglue,2048,8192,793,107_0005_0044.JPG,107_0005_0147.JPG,6397,6158,1709,1359,0.7952018724400234,220.68853523871388,0.390625,0.484375,0.8588660955429077,False,ok,0.3127450000029057
D1_154_building,rootsift-lightglue-r2048-k8192,rootsift,lightglue,2048,8192,794,107_0005_0044.JPG,107_0005_0148.JPG,6397,6158,1697,1434,0.845020624631703,232.86781422539786,0.421875,0.46875,0.8706097602844238,False,ok,0.5007406999939121
D1_154_building,rootsift-lightglue-r2048-k8192,rootsift,lightglue,2048,8192,795,107_0005_0044.JPG,107_0005_0149.JPG,6397,6161,1975,1629,0.8248101265822785,264.4051290374939,0.5,0.546875,0.8205122947692871,False,ok,0.4415533000137657
D1_154_building,rootsift-lightglue-r2048-k8192,rootsift,lightglue,2048,8192,796,107_0005_0045.JPG,107_0005_0046.JPG,6328,6327,3335,3263,0.9784107946026986,515.7262525683578,0.875,0.96875,0.8992503881454468,False,ok,0.29573130002245307
D1_154_building,rootsift-lightglue-r2048-k8192,rootsift,lightglue,2048,8192,797,107_0005_0045.JPG,107_0005_0047.JPG,6328,6280,2514,2346,0.9331742243436754,373.5668789808917,0.625,0.859375,0.9071565270423889,False,ok,0.35397419999935664
D1_154_building,rootsift-lightglue-r2048-k8192,rootsift,lightglue,2048,8192,798,107_0005_0045.JPG,107_0005_0048.JPG,6328,6197,1982,1753,0.884460141271443,282.8788123285461,0.421875,0.71875,0.8846308588981628,False,ok,0.245756899996195
D1_154_building,rootsift-lightglue-r2048-k8192,rootsift,lightglue,2048,8192,799,107_0005_0045.JPG,107_0005_0049.JPG,6328,6199,1987,1730,0.8706592853548062,279.0772705275044,0.390625,0.734375,0.9038925170898438,False,ok,0.39937640001880936
D1_154_building,rootsift-lightglue-r2048-k8192,rootsift,lightglue,2048,8192,800,107_0005_0045.JPG,107_0005_0050.JPG,6328,6154,1917,1620,0.8450704225352113,263.2434189145271,0.40625,0.734375,0.8827844858169556,False,ok,0.3330918999854475
D1_154_building,rootsift-lightglue-r2048-k8192,rootsift,lightglue,2048,8192,801,107_0005_0045.JPG,107_0005_0051.JPG,6328,6205,1676,1401,0.8359188544152745,225.7856567284448,0.328125,0.75,0.8761969804763794,False,ok,0.3786839000240434
D1_154_building,rootsift-lightglue-r2048-k8192,rootsift,lightglue,2048,8192,802,107_0005_0045.JPG,107_0005_0052.JPG,6328,6166,1565,1310,0.8370607028753994,212.4554005838469,0.328125,0.734375,0.8667297959327698,False,ok,0.3879979000193998
D1_154_building,rootsift-lightglue-r2048-k8192,rootsift,lightglue,2048,8192,803,107_0005_0045.JPG,107_0005_0053.JPG,6328,6119,2047,1824,0.8910600879335613,298.08792286321295,0.453125,0.71875,0.9006087779998779,False,ok,0.36394330000621267
D1_154_building,rootsift-lightglue-r2048-k8192,rootsift,lightglue,2048,8192,804,107_0005_0045.JPG,107_0005_0060.JPG,6328,6321,2200,1808,0.8218181818181818,286.03069134630596,0.78125,0.546875,0.8693982362747192,False,ok,0.4373464999953285
D1_154_building,rootsift-lightglue-r2048-k8192,rootsift,lightglue,2048,8192,805,107_0005_0045.JPG,107_0005_0061.JPG,6328,6336,2543,2257,0.8875344081793157,356.66877370417194,0.84375,0.640625,0.8820337057113647,False,ok,0.3415396999916993
D1_154_building,rootsift-lightglue-r2048-k8192,rootsift,lightglue,2048,8192,806,107_0005_0045.JPG,107_0005_0062.JPG,6328,6333,2231,2021,0.9058718063648588,319.37420986093554,0.75,0.671875,0.8816395998001099,False,ok,0.4043686000222806
D1_154_building,rootsift-lightglue-r2048-k8192,rootsift,lightglue,2048,8192,807,107_0005_0045.JPG,107_0005_0063.JPG,6328,6285,1525,1302,0.8537704918032787,207.1599045346062,0.53125,0.5625,0.889473557472229,False,ok,0.30178090001572855
D1_154_building,rootsift-lightglue-r2048-k8192,rootsift,lightglue,2048,8192,808,107_0005_0045.JPG,107_0005_0064.JPG,6328,6316,939,744,0.792332268370607,117.79607346421786,0.359375,0.4375,0.8584906458854675,False,ok,0.41640049999114126
D1_154_building,rootsift-lightglue-r2048-k8192,rootsift,lightglue,2048,8192,809,107_0005_0045.JPG,107_0005_0065.JPG,6328,6309,1184,918,0.7753378378378378,145.50641940085592,0.5,0.5,0.7936801910400391,False,ok,0.38317680000909604
D1_154_building,rootsift-lightglue-r2048-k8192,rootsift,lightglue,2048,8192,810,107_0005_0045.JPG,107_0005_0147.JPG,6328,6158,1566,1292,0.8250319284802043,209.80837934394285,0.359375,0.40625,0.8750704526901245,False,ok,0.42382999998517334
D1_154_building,rootsift-lightglue-r2048-k8192,rootsift,lightglue,2048,8192,811,107_0005_0045.JPG,107_0005_0148.JPG,6328,6158,1582,1302,0.8230088495575221,211.43228320883404,0.359375,0.421875,0.8813366889953613,False,ok,0.4199856999912299
D1_154_building,rootsift-lightglue-r2048-k8192,rootsift,lightglue,2048,8192,812,107_0005_0045.JPG,107_0005_0149.JPG,6328,6161,1814,1540,0.8489525909592062,249.95942217172538,0.5,0.484375,0.8515872359275818,False,ok,0.48678010000730865
D1_154_building,rootsift-lightglue-r2048-k8192,rootsift,lightglue,2048,8192,813,107_0005_0045.JPG,107_0005_0150.JPG,6328,6189,1837,1503,0.8181818181818182,242.85021812893845,0.5625,0.515625,0.8129331469535828,False,ok,0.4572065000247676
D1_154_building,rootsift-lightglue-r2048-k8192,rootsift,lightglue,2048,8192,814,107_0005_0046.JPG,107_0005_0047.JPG,6327,6280,3488,3433,0.9842316513761468,546.656050955414,0.828125,0.984375,0.9145786166191101,False,ok,0.3290041000000201
D1_154_building,rootsift-lightglue-r2048-k8192,rootsift,lightglue,2048,8192,815,107_0005_0046.JPG,107_0005_0048.JPG,6327,6197,2701,2588,0.9581636430951499,417.62142972406,0.609375,0.84375,0.8933471441268921,False,ok,0.22815310000441968
D1_154_building,rootsift-lightglue-r2048-k8192,rootsift,lightglue,2048,8192,816,107_0005_0046.JPG,107_0005_0049.JPG,6327,6199,2701,2558,0.9470566456867827,412.64720116147765,0.609375,0.859375,0.9131951332092285,False,ok,0.36645569998654537
D1_154_building,rootsift-lightglue-r2048-k8192,rootsift,lightglue,2048,8192,817,107_0005_0046.JPG,107_0005_0050.JPG,6327,6154,2491,2300,0.923323966278603,373.7406564835879,0.53125,0.875,0.8973918557167053,False,ok,0.337285299989162
D1_154_building,rootsift-lightglue-r2048-k8192,rootsift,lightglue,2048,8192,818,107_0005_0046.JPG,107_0005_0051.JPG,6327,6205,2064,1810,0.876937984496124,291.70024174053185,0.453125,0.796875,0.8961976170539856,False,ok,0.3098106999823358
D1_154_building,rootsift-lightglue-r2048-k8192,rootsift,lightglue,2048,8192,819,107_0005_0046.JPG,107_0005_0052.JPG,6327,6166,1903,1660,0.8723068838675775,269.2182938696075,0.4375,0.765625,0.883874237537384,False,ok,0.39514509998844005
D1_154_building,rootsift-lightglue-r2048-k8192,rootsift,lightglue,2048,8192,820,107_0005_0046.JPG,107_0005_0053.JPG,6327,6119,2379,2232,0.9382093316519546,364.76548455630007,0.578125,0.84375,0.893955647945404,False,ok,0.25918120000278577
D1_154_building,rootsift-lightglue-r2048-k8192,rootsift,lightglue,2048,8192,821,107_0005_0046.JPG,107_0005_0054.JPG,6327,6237,2830,2697,0.9530035335689045,432.41943241943244,0.765625,0.796875,0.8783769011497498,False,ok,0.3674495000159368
D1_154_building,rootsift-lightglue-r2048-k8192,rootsift,lightglue,2048,8192,822,107_0005_0046.JPG,107_0005_0063.JPG,6327,6285,1410,1228,0.8709219858156029,195.38583929992043,0.53125,0.5,0.8732246160507202,False,ok,0.26230209998902865
D1_154_building,rootsift-lightglue-r2048-k8192,rootsift,lightglue,2048,8192,823,107_0005_0046.JPG,107_0005_0064.JPG,6327,6316,748,640,0.8556149732620321,101.3299556681444,0.328125,0.34375,0.8345325589179993,False,ok,0.39161069999681786
D1_154_building,rootsift-lightglue-r2048-k8192,rootsift,lightglue,2048,8192,824,107_0005_0046.JPG,107_0005_0065.JPG,6327,6309,1037,885,0.8534233365477338,140.2757964812173,0.453125,0.421875,0.7951814532279968,False,ok,0.3748016000026837
D1_154_building,rootsift-lightglue-r2048-k8192,rootsift,lightglue,2048,8192,825,107_0005_0046.JPG,107_0005_0146.JPG,6327,6171,1345,1143,0.8498141263940521,185.2211959163831,0.34375,0.40625,0.8863782286643982,False,ok,0.43552520000957884
D1_154_building,rootsift-lightglue-r2048-k8192,rootsift,lightglue,2048,8192,826,107_0005_0046.JPG,107_0005_0147.JPG,6327,6158,1175,1034,0.88,167.91165962974992,0.28125,0.3125,0.8853511214256287,False,ok,0.32937370002036914
D1_154_building,rootsift-lightglue-r2048-k8192,rootsift,lightglue,2048,8192,827,107_0005_0046.JPG,107_0005_0148.JPG,6327,6158,1185,1056,0.8911392405063291,171.48424813251054,0.28125,0.3125,0.8841887712478638,False,ok,0.42764040001202375
D1_154_building,rootsift-lightglue-r2048-k8192,rootsift,lightglue,2048,8192,828,107_0005_0046.JPG,107_0005_0149.JPG,6327,6161,1309,1112,0.8495034377387318,180.49018016555755,0.421875,0.375,0.8463349938392639,False,ok,0.38476000001537614
D1_154_building,rootsift-lightglue-r2048-k8192,rootsift,lightglue,2048,8192,829,107_0005_0046.JPG,107_0005_0150.JPG,6327,6189,1334,1071,0.802848575712144,173.04895782840524,0.46875,0.375,0.8341155052185059,False,ok,0.43502890001400374
D1_154_building,rootsift-lightglue-r2048-k8192,rootsift,lightglue,2048,8192,830,107_0005_0047.JPG,107_0005_0048.JPG,6280,6197,3609,3553,0.9844832363535605,573.3419396482169,0.828125,0.96875,0.9175397157669067,False,ok,0.13596719998167828
D1_154_building,rootsift-lightglue-r2048-k8192,rootsift,lightglue,2048,8192,831,107_0005_0047.JPG,107_0005_0049.JPG,6280,6199,3526,3477,0.9861032331253545,560.8969188578803,0.796875,0.984375,0.918596625328064,False,ok,0.19136080000316724
D1_154_building,rootsift-lightglue-r2048-k8192,rootsift,lightglue,2048,8192,832,107_0005_0047.JPG,107_0005_0050.JPG,6280,6154,3027,2945,0.9729104724149322,478.5505362365941,0.65625,1.0,0.9011139273643494,False,ok,0.3001749999821186
D1_154_building,rootsift-lightglue-r2048-k8192,rootsift,lightglue,2048,8192,833,107_0005_0047.JPG,107_0005_0051.JPG,6280,6205,2458,2291,0.9320585842148088,369.21837228041903,0.59375,0.875,0.8924171328544617,False,ok,0.3607434000005014
D1_154_building,rootsift-lightglue-r2048-k8192,rootsift,lightglue,2048,8192,834,107_0005_0047.JPG,107_0005_0052.JPG,6280,6166,2259,2068,0.9154493138556884,335.3876094712942,0.5625,0.8125,0.882820188999176,False,ok,0.2595232999883592
D1_154_building,rootsift-lightglue-r2048-k8192,rootsift,lightglue,2048,8192,835,107_0005_0047.JPG,107_0005_0053.JPG,6280,6119,2686,2550,0.9493670886075949,416.73476058179443,0.78125,0.8125,0.8977099061012268,False,ok,0.3359657000110019
D1_154_building,rootsift-lightglue-r2048-k8192,rootsift,lightglue,2048,8192,836,107_0005_0047.JPG,107_0005_0054.JPG,6280,6237,2376,2282,0.9604377104377104,365.8810325476992,0.828125,0.609375,0.8645163178443909,False,ok,0.29662770000868477
D1_154_building,rootsift-lightglue-r2048-k8192,rootsift,lightglue,2048,8192,837,107_0005_0047.JPG,107_0005_0055.JPG,6280,6276,1971,1753,0.8893962455606291,279.3180369662205,0.671875,0.46875,0.8760741949081421,False,ok,0.33327919998555444
D1_154_building,rootsift-lightglue-r2048-k8192,rootsift,lightglue,2048,8192,838,107_0005_0047.JPG,107_0005_0064.JPG,6280,6316,528,431,0.8162878787878788,68.63057324840764,0.265625,0.234375,0.7960251569747925,False,ok,0.3671099999919534
D1_154_building,rootsift-lightglue-r2048-k8192,rootsift,lightglue,2048,8192,839,107_0005_0047.JPG,107_0005_0065.JPG,6280,6309,775,604,0.7793548387096774,96.17834394904459,0.359375,0.3125,0.797820508480072,False,ok,0.45111439999891445
D1_154_building,rootsift-lightglue-r2048-k8192,rootsift,lightglue,2048,8192,840,107_0005_0047.JPG,107_0005_0081.JPG,6280,6171,1237,1032,0.8342764753435732,167.23383568303353,0.359375,0.421875,0.8761038780212402,False,ok,0.381075300014345
D1_154_building,rootsift-lightglue-r2048-k8192,rootsift,lightglue,2048,8192,841,107_0005_0047.JPG,107_0005_0112.JPG,6280,6392,61,47,0.7704918032786885,7.484076433121019,0.109375,0.109375,0.43934711813926697,False,ok,0.48248800000874326
D1_154_building,rootsift-lightglue-r2048-k8192,rootsift,lightglue,2048,8192,842,107_0005_0047.JPG,107_0005_0113.JPG,6280,6395,65,46,0.7076923076923077,7.32484076433121,0.109375,0.109375,0.44566670060157776,False,ok,0.4049092999775894
D1_154_building,rootsift-lightglue-r2048-k8192,rootsift,lightglue,2048,8192,843,107_0005_0047.JPG,107_0005_0144.JPG,6280,6117,1489,1355,0.9100067159167227,221.51381396109204,0.4375,0.46875,0.8635742664337158,False,ok,0.43729260002146475
D1_154_building,rootsift-lightglue-r2048-k8192,rootsift,lightglue,2048,8192,844,107_0005_0047.JPG,107_0005_0145.JPG,6280,6173,1253,1087,0.8675179569034318,176.08942167503645,0.40625,0.40625,0.8846208453178406,False,ok,0.3620953999925405
D1_154_building,rootsift-lightglue-r2048-k8192,rootsift,lightglue,2048,8192,845,107_0005_0047.JPG,107_0005_0146.JPG,6280,6171,1031,917,0.8894277400581959,148.59828228812185,0.296875,0.296875,0.8915427327156067,False,ok,0.41238500000326894
D1_154_building,rootsift-lightglue-r2048-k8192,rootsift,lightglue,2048,8192,846,107_0005_0047.JPG,107_0005_0149.JPG,6280,6161,897,785,0.875139353400223,127.41438078234053,0.34375,0.265625,0.830579400062561,False,ok,0.32069890000275336
D1_154_building,rootsift-lightglue-r2048-k8192,rootsift,lightglue,2048,8192,847,107_0005_0048.JPG,107_0005_0049.JPG,6197,6199,4627,4612,0.9967581586341042,744.2310795546232,0.984375,0.984375,0.9091025590896606,False,ok,0.2704274000134319
D1_154_building,rootsift-lightglue-r2048-k8192,rootsift,lightglue,2048,8192,848,107_0005_0048.JPG,107_0005_0050.JPG,6197,6154,3593,3531,0.9827442248817144,573.7731556711083,0.890625,0.9375,0.9079121947288513,False,ok,0.24198779999278486
D1_154_building,rootsift-lightglue-r2048-k8192,rootsift,lightglue,2048,8192,849,107_0005_0048.JPG,107_0005_0051.JPG,6197,6205,2773,2641,0.9523981247746124,426.17395513958365,0.75,0.828125,0.8680189847946167,False,ok,0.30911609999020584
D1_154_building,rootsift-lightglue-r2048-k8192,rootsift,lightglue,2048,8192,850,107_0005_0048.JPG,107_0005_0052.JPG,6197,6166,2608,2434,0.933282208588957,394.74537787868957,0.75,0.8125,0.8894479274749756,False,ok,0.35815200000070035
D1_154_building,rootsift-lightglue-r2048-k8192,rootsift,lightglue,2048,8192,851,107_0005_0048.JPG,107_0005_0053.JPG,6197,6119,2458,2316,0.9422294548413345,378.49321784605326,0.796875,0.640625,0.9026883244514465,False,ok,0.27135000002454035
D1_154_building,rootsift-lightglue-r2048-k8192,rootsift,lightglue,2048,8192,852,107_0005_0048.JPG,107_0005_0054.JPG,6197,6237,2153,1934,0.8982814677194613,312.08649346457963,0.734375,0.5,0.8813524842262268,False,ok,0.34162839999771677
D1_154_building,rootsift-lightglue-r2048-k8192,rootsift,lightglue,2048,8192,853,107_0005_0048.JPG,107_0005_0055.JPG,6197,6276,1708,1393,0.8155737704918032,224.78618686461192,0.625,0.359375,0.893959641456604,False,ok,0.34573210001690313
D1_154_building,rootsift-lightglue-r2048-k8192,rootsift,lightglue,2048,8192,854,107_0005_0048.JPG,107_0005_0056.JPG,6197,6358,1233,978,0.7931873479318735,157.81829917702115,0.53125,0.25,0.8729276061058044,False,ok,0.4157699999923352
D1_154_building,rootsift-lightglue-r2048-k8192,rootsift,lightglue,2048,8192,855,107_0005_0048.JPG,107_0005_0080.JPG,6197,6246,1345,1226,0.9115241635687732,197.83766338550913,0.453125,0.40625,0.8699518442153931,False,ok,0.3252472000021953
D1_154_building,rootsift-lightglue-r2048-k8192,rootsift,lightglue,2048,8192,856,107_0005_0048.JPG,107_0005_0081.JPG,6197,6171,1151,1028,0.893136403127715,166.58564252147139,0.359375,0.375,0.8808433413505554,False,ok,0.3760055000020657
D1_154_building,rootsift-lightglue-r2048-k8192,rootsift,lightglue,2048,8192,857,107_0005_0048.JPG,107_0005_0111.JPG,6197,6473,69,63,0.9130434782608695,10.166209456188477,0.09375,0.0625,0.49945351481437683,False,ok,0.41993529998580925
D1_154_building,rootsift-lightglue-r2048-k8192,rootsift,lightglue,2048,8192,858,107_0005_0048.JPG,107_0005_0112.JPG,6197,6392,5,0,0.0,0.0,0.0,0.0,0.21363385021686554,True,too_few_matches,0.4167092000134289
D1_154_building,rootsift-lightglue-r2048-k8192,rootsift,lightglue,2048,8192,859,107_0005_0048.JPG,107_0005_0113.JPG,6197,6395,15,9,0.6,1.452315636598354,0.03125,0.015625,0.2518217861652374,True,ok,0.3124803999962751
D1_154_building,rootsift-lightglue-r2048-k8192,rootsift,lightglue,2048,8192,860,107_0005_0048.JPG,107_0005_0114.JPG,6197,6327,11,8,0.7272727272727273,1.2909472325318703,0.0625,0.09375,0.349098801612854,True,ok,0.26645450000069104
D1_154_building,rootsift-lightglue-r2048-k8192,rootsift,lightglue,2048,8192,861,107_0005_0048.JPG,107_0005_0143.JPG,6197,6166,1500,1296,0.864,210.18488485241647,0.46875,0.40625,0.8814917206764221,False,ok,0.3728273999877274
D1_154_building,rootsift-lightglue-r2048-k8192,rootsift,lightglue,2048,8192,862,107_0005_0048.JPG,107_0005_0144.JPG,6197,6117,1242,1160,0.9339774557165862,189.63544221023378,0.359375,0.359375,0.8944355249404907,False,ok,0.3539195000194013
D1_154_building,rootsift-lightglue-r2048-k8192,rootsift,lightglue,2048,8192,863,107_0005_0048.JPG,107_0005_0145.JPG,6197,6173,1062,956,0.9001883239171374,154.86797343269075,0.3125,0.3125,0.8890714645385742,False,ok,0.3710953999834601
D1_154_building,rootsift-lightglue-r2048-k8192,rootsift,lightglue,2048,8192,864,107_0005_0049.JPG,107_0005_0050.JPG,6199,6154,3569,3503,0.9815074250490333,569.2232694182645,0.875,0.890625,0.9060919880867004,False,ok,0.23756609999691136
D1_154_building,rootsift-lightglue-r2048-k8192,rootsift,lightglue,2048,8192,865,107_0005_0049.JPG,107_0005_0051.JPG,6199,6205,2748,2609,0.9494177583697234,420.87433457009195,0.765625,0.8125,0.865240216255188,False,ok,0.291790100018261
D1_154_building,rootsift-lightglue-r2048-k8192,rootsift,lightglue,2048,8192,866,107_0005_0049.JPG,107_0005_0052.JPG,6199,6166,2574,2410,0.9362859362859363,390.8530651962374,0.734375,0.796875,0.8886566758155823,False,ok,0.30961939998087473
D1_154_building,rootsift-lightglue-r2048-k8192,rootsift,lightglue,2048,8192,867,107_0005_0049.JPG,107_0005_0053.JPG,6199,6119,2394,2242,0.9365079365079365,366.3997385193659,0.8125,0.609375,0.8985564112663269,False,ok,0.2893717000260949
D1_154_building,rootsift-lightglue-r2048-k8192,rootsift,lightglue,2048,8192,868,107_0005_0049.JPG,107_0005_0054.JPG,6199,6237,2095,1841,0.8787589498806683,296.98338441684143,0.75,0.46875,0.8722854256629944,False,ok,0.34992459998466074
D1_154_building,rootsift-lightglue-r2048-k8192,rootsift,lightglue,2048,8192,869,107_0005_0049.JPG,107_0005_0055.JPG,6199,6276,1659,1334,0.8040988547317661,215.19599935473462,0.640625,0.359375,0.8875973224639893,False,ok,0.25366659997962415
D1_154_building,rootsift-lightglue-r2048-k8192,rootsift,lightglue,2048,8192,870,107_0005_0049.JPG,107_0005_0056.JPG,6199,6358,1190,953,0.8008403361344538,153.73447330214552,0.53125,0.25,0.8670229911804199,False,ok,0.42993980000028387
D1_154_building,rootsift-lightglue-r2048-k8192,rootsift,lightglue,2048,8192,871,107_0005_0049.JPG,107_0005_0057.JPG,6199,6311,867,637,0.734717416378316,102.75850943700597,0.4375,0.15625,0.8068992495536804,False,ok,0.22482440000749193
D1_154_building,rootsift-lightglue-r2048-k8192,rootsift,lightglue,2048,8192,872,107_0005_0049.JPG,107_0005_0080.JPG,6199,6246,1363,1246,0.9141599413059428,201.00016131634135,0.46875,0.40625,0.8854072093963623,False,ok,0.37075490001006983
D1_154_building,rootsift-lightglue-r2048-k8192,rootsift,lightglue,2048,8192,873,107_0005_0049.JPG,107_0005_0081.JPG,6199,6171,1170,1069,0.9136752136752136,173.22962242748338,0.359375,0.390625,0.8918513655662537,False,ok,0.3874268000072334
D1_154_building,rootsift-lightglue-r2048-k8192,rootsift,lightglue,2048,8192,874,107_0005_0049.JPG,107_0005_0082.JPG,6199,6255,1347,1149,0.8530066815144766,185.35247620583965,0.40625,0.453125,0.858542799949646,False,ok,0.35691299999598414
D1_154_building,rootsift-lightglue-r2048-k8192,rootsift,lightglue,2048,8192,875,107_0005_0049.JPG,107_0005_0111.JPG,6199,6473,82,67,0.8170731707317073,10.808194870140346,0.09375,0.0625,0.5283689498901367,False,ok,0.41177959999185987
D1_154_building,rootsift-lightglue-r2048-k8192,rootsift,lightglue,2048,8192,876,107_0005_0049.JPG,107_0005_0112.JPG,6199,6392,10,7,0.7,1.129214389417648,0.078125,0.078125,0.3077286183834076,True,ok,0.20082269998965785
D1_154_building,rootsift-lightglue-r2048-k8192,rootsift,lightglue,2048,8192,877,107_0005_0049.JPG,107_0005_0113.JPG,6199,6395,7,0,0.0,0.0,0.0,0.0,0.2597595155239105,True,too_few_matches,0.4144592999946326
D1_154_building,rootsift-lightglue-r2048-k8192,rootsift,lightglue,2048,8192,878,107_0005_0049.JPG,107_0005_0114.JPG,6199,6327,14,9,0.6428571428571429,1.4518470721084047,0.078125,0.09375,0.29235193133354187,True,ok,0.2708262999949511
D1_154_building,rootsift-lightglue-r2048-k8192,rootsift,lightglue,2048,8192,879,107_0005_0049.JPG,107_0005_0143.JPG,6199,6166,1449,1298,0.8957902001380262,210.50924424262084,0.4375,0.359375,0.8799555897712708,False,ok,0.14392070000758395
D1_154_building,rootsift-lightglue-r2048-k8192,rootsift,lightglue,2048,8192,880,107_0005_0049.JPG,107_0005_0144.JPG,6199,6117,1174,1085,0.924190800681431,177.3745299983652,0.328125,0.328125,0.8828421235084534,False,ok,0.1459432999836281
D1_154_building,rootsift-lightglue-r2048-k8192,rootsift,lightglue,2048,8192,881,107_0005_0049.JPG,107_0005_0145.JPG,6199,6173,1001,935,0.9340659340659341,151.46606188239105,0.265625,0.3125,0.8942071199417114,False,ok,0.2434979000245221
D1_154_building,rootsift-lightglue-r2048-k8192,rootsift,lightglue,2048,8192,882,107_0005_0050.JPG,107_0005_0051.JPG,6154,6205,3742,3701,0.9890432923570284,601.3974650633734,0.921875,0.96875,0.9214724898338318,False,ok,0.3497835000162013
D1_154_building,rootsift-lightglue-r2048-k8192,rootsift,lightglue,2048,8192,883,107_0005_0050.JPG,107_0005_0052.JPG,6154,6166,3493,3442,0.9853993701689092,559.3110172245694,0.890625,0.90625,0.9179360270500183,False,ok,0.3082585999800358
D1_154_building,rootsift-lightglue-r2048-k8192,rootsift,lightglue,2048,8192,884,107_0005_0050.JPG,107_0005_0053.JPG,6154,6119,2957,2866,0.9692255664524856,468.3771858146756,1.0,0.71875,0.9114474058151245,False,ok,0.25181829999201
D1_154_building,rootsift-lightglue-r2048-k8192,rootsift,lightglue,2048,8192,885,107_0005_0050.JPG,107_0005_0054.JPG,6154,6237,2401,2236,0.9312786339025406,363.34091647708806,0.859375,0.546875,0.8785769939422607,False,ok,0.2958759999892209
D1_154_building,rootsift-lightglue-r2048-k8192,rootsift,lightglue,2048,8192,886,107_0005_0050.JPG,107_0005_0055.JPG,6154,6276,1894,1568,0.8278775079197466,254.79363015924602,0.734375,0.421875,0.8849509954452515,False,ok,0.3714257999963593
D1_154_building,rootsift-lightglue-r2048-k8192,rootsift,lightglue,2048,8192,887,107_0005_0050.JPG,107_0005_0056.JPG,6154,6358,1315,1044,0.7939163498098859,169.6457588560286,0.609375,0.28125,0.8579144477844238,False,ok,0.33147639999515377
D1_154_building,rootsift-lightglue-r2048-k8192,rootsift,lightglue,2048,8192,888,107_0005_0050.JPG,107_0005_0057.JPG,6154,6311,953,712,0.7471143756558237,115.6971075723107,0.46875,0.1875,0.8108114004135132,False,ok,0.4033410999982152
D1_154_building,rootsift-lightglue-r2048-k8192,rootsift,lightglue,2048,8192,889,107_0005_0050.JPG,107_0005_0058.JPG,6154,6335,499,333,0.6673346693386774,54.11114722131947,0.3125,0.09375,0.7138672471046448,False,ok,0.43087119999108836
D1_154_building,rootsift-lightglue-r2048-k8192,rootsift,lightglue,2048,8192,890,107_0005_0050.JPG,107_0005_0079.JPG,6154,6260,1195,1069,0.8945606694560669,173.7081572960676,0.390625,0.40625,0.8996886610984802,False,ok,0.42902879999019206
D1_154_building,rootsift-lightglue-r2048-k8192,rootsift,lightglue,2048,8192,891,107_0005_0050.JPG,107_0005_0080.JPG,6154,6246,880,805,0.9147727272727273,130.80922976925578,0.296875,0.3125,0.8610461950302124,False,ok,0.29096000001300126
D1_154_building,rootsift-lightglue-r2048-k8192,rootsift,lightglue,2048,8192,892,107_0005_0050.JPG,107_0005_0096.JPG,6154,6365,1,0,0.0,0.0,0.0,0.0,0.21191976964473724,True,too_few_matches,0.3543612000066787
D1_154_building,rootsift-lightglue-r2048-k8192,rootsift,lightglue,2048,8192,893,107_0005_0050.JPG,107_0005_0111.JPG,6154,6473,56,39,0.6964285714285714,6.337341566460839,0.0625,0.0625,0.5161576867103577,False,ok,0.2758410999958869
D1_154_building,rootsift-lightglue-r2048-k8192,rootsift,lightglue,2048,8192,894,107_0005_0050.JPG,107_0005_0112.JPG,6154,6392,9,8,0.8888888888888888,1.2999675008124796,0.0625,0.0625,0.4307795763015747,True,ok,0.26640010002302006
D1_154_building,rootsift-lightglue-r2048-k8192,rootsift,lightglue,2048,8192,895,107_0005_0050.JPG,107_0005_0113.JPG,6154,6395,15,9,0.6,1.4624634384140396,0.03125,0.046875,0.343387246131897,True,ok,0.2707227999926545
D1_154_building,rootsift-lightglue-r2048-k8192,rootsift,lightglue,2048,8192,896,107_0005_0050.JPG,107_0005_0145.JPG,6154,6173,1377,1131,0.8213507625272332,183.7829054273643,0.4375,0.40625,0.8887351751327515,False,ok,0.1921141000057105
D1_154_building,rootsift-lightglue-r2048-k8192,rootsift,lightglue,2048,8192,897,107_0005_0051.JPG,107_0005_0052.JPG,6205,6166,4594,4561,0.9928167174575533,739.701589361012,1.0,1.0,0.9213076233863831,False,ok,0.2666989999997895
D1_154_building,rootsift-lightglue-r2048-k8192,rootsift,lightglue,2048,8192,898,107_0005_0051.JPG,107_0005_0053.JPG,6205,6119,3360,3298,0.981547619047619,538.9769570191207,1.0,0.796875,0.920428454875946,False,ok,0.3252082999970298
D1_154_building,rootsift-lightglue-r2048-k8192,rootsift,lightglue,2048,8192,899,107_0005_0051.JPG,107_0005_0054.JPG,6205,6237,2612,2425,0.928407350689127,390.81385979049156,0.875,0.609375,0.9024198055267334,False,ok,0.2965785000124015
D1_154_building,rootsift-lightglue-r2048-k8192,rootsift,lightglue,2048,8192,900,107_0005_0051.JPG,107_0005_0055.JPG,6205,6276,1966,1701,0.8652085452695829,274.13376309427883,0.75,0.4375,0.885798990726471,False,ok,0.3750587000104133
D1_154_building,rootsift-lightglue-r2048-k8192,rootsift,lightglue,2048,8192,901,107_0005_0051.JPG,107_0005_0056.JPG,6205,6358,1334,1094,0.8200899550224887,176.30942788074134,0.625,0.296875,0.8665422201156616,False,ok,0.28665260001434945
D1_154_building,rootsift-lightglue-r2048-k8192,rootsift,lightglue,2048,8192,902,107_0005_0051.JPG,107_0005_0057.JPG,6205,6311,983,745,0.757884028484232,120.0644641418211,0.5,0.1875,0.8146601319313049,False,ok,0.4165480000083335
D1_154_building,rootsift-lightglue-r2048-k8192,rootsift,lightglue,2048,8192,903,107_0005_0051.JPG,107_0005_0058.JPG,6205,6335,475,293,0.6168421052631579,47.219983883964545,0.25,0.09375,0.589131772518158,False,ok,0.4251094999781344
D1_154_building,rootsift-lightglue-r2048-k8192,rootsift,lightglue,2048,8192,904,107_0005_0051.JPG,107_0005_0059.JPG,6205,6332,29,22,0.7586206896551724,3.5455278001611603,0.171875,0.0625,0.43993890285491943,False,ok,0.333199999993667
D1_154_building,rootsift-lightglue-r2048-k8192,rootsift,lightglue,2048,8192,905,107_0005_0051.JPG,107_0005_0077.JPG,6205,6185,1359,1206,0.8874172185430463,194.98787388843976,0.53125,0.4375,0.861914336681366,False,ok,0.45594939999864437
D1_154_building,rootsift-lightglue-r2048-k8192,rootsift,lightglue,2048,8192,906,107_0005_0051.JPG,107_0005_0078.JPG,6205,6244,1184,1130,0.9543918918918919,182.11120064464143,0.421875,0.390625,0.8892354369163513,False,ok,0.4335876000113785
D1_154_building,rootsift-lightglue-r2048-k8192,rootsift,lightglue,2048,8192,907,107_0005_0051.JPG,107_0005_0079.JPG,6205,6260,779,737,0.9460847240051348,118.77518130539887,0.296875,0.3125,0.8966529965400696,False,ok,0.3188646999769844
D1_154_building,rootsift-lightglue-r2048-k8192,rootsift,lightglue,2048,8192,908,107_0005_0051.JPG,107_0005_0095.JPG,6205,6475,83,76,0.9156626506024096,12.24818694601128,0.078125,0.0625,0.601093053817749,False,ok,0.4213484000065364
D1_154_building,rootsift-lightglue-r2048-k8192,rootsift,lightglue,2048,8192,909,107_0005_0051.JPG,107_0005_0096.JPG,6205,6365,0,0,0.0,0.0,0.0,0.0,0.0,True,no_matches,0.27488630000152625
D1_154_building,rootsift-lightglue-r2048-k8192,rootsift,lightglue,2048,8192,910,107_0005_0051.JPG,107_0005_0097.JPG,6205,6325,63,54,0.8571428571428571,8.70265914585012,0.078125,0.078125,0.4292850196361542,False,ok,0.3083049999841023
D1_154_building,rootsift-lightglue-r2048-k8192,rootsift,lightglue,2048,8192,911,107_0005_0052.JPG,107_0005_0053.JPG,6166,6119,3264,3201,0.9806985294117647,523.1246935773819,1.0,0.78125,0.9187898635864258,False,ok,0.3164567000058014
D1_154_building,rootsift-lightglue-r2048-k8192,rootsift,lightglue,2048,8192,912,107_0005_0052.JPG,107_0005_0054.JPG,6166,6237,2515,2340,0.9304174950298211,379.50048653908533,0.875,0.609375,0.9045082926750183,False,ok,0.3541728999989573
D1_154_building,rootsift-lightglue-r2048-k8192,rootsift,lightglue,2048,8192,913,107_0005_0052.JPG,107_0005_0055.JPG,6166,6276,1891,1639,0.866737176097303,265.8125202724619,0.75,0.46875,0.8838300108909607,False,ok,0.28754670001217164
D1_154_building,rootsift-lightglue-r2048-k8192,rootsift,lightglue,2048,8192,914,107_0005_0052.JPG,107_0005_0056.JPG,6166,6358,1306,1076,0.8238897396630934,174.50535192993837,0.625,0.265625,0.8554590940475464,False,ok,0.4251813000009861
D1_154_building,rootsift-lightglue-r2048-k8192,rootsift,lightglue,2048,8192,915,107_0005_0052.JPG,107_0005_0057.JPG,6166,6311,966,722,0.7474120082815735,117.09373986376906,0.5,0.1875,0.8087621927261353,False,ok,0.1991676999896299
D1_154_building,rootsift-lightglue-r2048-k8192,rootsift,lightglue,2048,8192,916,107_0005_0052.JPG,107_0005_0058.JPG,6166,6335,508,308,0.6062992125984252,49.95134609146935,0.265625,0.09375,0.6324609518051147,False,ok,0.5124413000012282
D1_154_building,rootsift-lightglue-r2048-k8192,rootsift,lightglue,2048,8192,917,107_0005_0052.JPG,107_0005_0059.JPG,6166,6332,347,208,0.5994236311239193,33.733376581252024,0.234375,0.09375,0.4500349760055542,False,ok,0.42071090001263656
D1_154_building,rootsift-lightglue-r2048-k8192,rootsift,lightglue,2048,8192,918,107_0005_0052.JPG,107_0005_0060.JPG,6166,6321,947,671,0.7085533262935586,108.82257541355823,0.5,0.171875,0.7910653352737427,False,ok,0.4331776000035461
D1_154_building,rootsift-lightglue-r2048-k8192,rootsift,lightglue,2048,8192,919,107_0005_0052.JPG,107_0005_0077.JPG,6166,6185,1234,1121,0.9084278768233387,181.80343820953615,0.5,0.4375,0.864938497543335,False,ok,0.403404100012267
D1_154_building,rootsift-lightglue-r2048-k8192,rootsift,lightglue,2048,8192,920,107_0005_0052.JPG,107_0005_0078.JPG,6166,6244,1039,989,0.9518768046198267,160.3957184560493,0.375,0.375,0.8970851898193359,False,ok,0.3932358000020031
D1_154_building,rootsift-lightglue-r2048-k8192,rootsift,lightglue,2048,8192,921,107_0005_0052.JPG,107_0005_0079.JPG,6166,6260,657,615,0.9360730593607306,99.74051248783653,0.265625,0.3125,0.8792583346366882,False,ok,0.3573657000088133
D1_154_building,rootsift-lightglue-r2048-k8192,rootsift,lightglue,2048,8192,922,107_0005_0052.JPG,107_0005_0095.JPG,6166,6475,72,56,0.7777777777777778,9.082062925721699,0.09375,0.078125,0.5164270401000977,False,ok,0.39992620001430623
D1_154_building,rootsift-lightglue-r2048-k8192,rootsift,lightglue,2048,8192,923,107_0005_0052.JPG,107_0005_0096.JPG,6166,6365,1,0,0.0,0.0,0.0,0.0,0.4373911917209625,True,too_few_matches,0.2122512999922037
D1_154_building,rootsift-lightglue-r2048-k8192,rootsift,lightglue,2048,8192,924,107_0005_0052.JPG,107_0005_0097.JPG,6166,6325,37,31,0.8378378378378378,5.027570548167369,0.078125,0.078125,0.4060027003288269,False,ok,0.44633050000993535
D1_154_building,rootsift-lightglue-r2048-k8192,rootsift,lightglue,2048,8192,925,107_0005_0053.JPG,107_0005_0054.JPG,6119,6237,3559,3509,0.9859511098623209,573.4597156398104,1.0,0.84375,0.9173131585121155,False,ok,0.3289844999962952
D1_154_building,rootsift-lightglue-r2048-k8192,rootsift,lightglue,2048,8192,926,107_0005_0053.JPG,107_0005_0055.JPG,6119,6276,2547,2443,0.9591676482135846,399.2482431769897,0.84375,0.59375,0.895028829574585,False,ok,0.22580429998924956
D1_154_building,rootsift-lightglue-r2048-k8192,rootsift,lightglue,2048,8192,927,107_0005_0053.JPG,107_0005_0056.JPG,6119,6358,1873,1680,0.8969567538707955,274.5546657950646,0.71875,0.421875,0.8785982131958008,False,ok,0.34602639998774976
D1_154_building,rootsift-lightglue-r2048-k8192,rootsift,lightglue,2048,8192,928,107_0005_0053.JPG,107_0005_0057.JPG,6119,6311,1432,1190,0.8310055865921788,194.4762216048374,0.5625,0.296875,0.855801522731781,False,ok,0.2230954999977257
D1_154_building,rootsift-lightglue-r2048-k8192,rootsift,lightglue,2048,8192,929,107_0005_0053.JPG,107_0005_0058.JPG,6119,6335,928,684,0.7370689655172413,111.78297107370486,0.4375,0.15625,0.7972570657730103,False,ok,0.1396330000134185
D1_154_building,rootsift-lightglue-r2048-k8192,rootsift,lightglue,2048,8192,930,107_0005_0053.JPG,107_0005_0059.JPG,6119,6332,853,596,0.6987104337631888,97.40153619872528,0.421875,0.171875,0.7872756719589233,False,ok,0.1327428999939002
D1_154_building,rootsift-lightglue-r2048-k8192,rootsift,lightglue,2048,8192,931,107_0005_0053.JPG,107_0005_0060.JPG,6119,6321,1349,1075,0.7968865826538176,175.68230102958,0.59375,0.234375,0.8376052379608154,False,ok,0.37430830000084825
D1_154_building,rootsift-lightglue-r2048-k8192,rootsift,lightglue,2048,8192,932,107_0005_0053.JPG,107_0005_0061.JPG,6119,6336,1157,954,0.8245462402765773,155.9078280764831,0.484375,0.296875,0.8946038484573364,False,ok,0.42508129999623634
D1_154_building,rootsift-lightglue-r2048-k8192,rootsift,lightglue,2048,8192,933,107_0005_0053.JPG,107_0005_0066.JPG,6119,6422,560,456,0.8142857142857143,74.52198071580324,0.28125,0.234375,0.7954897284507751,False,ok,0.38352169998688623
D1_154_building,rootsift-lightglue-r2048-k8192,rootsift,lightglue,2048,8192,934,107_0005_0053.JPG,107_0005_0067.JPG,6119,6311,855,651,0.7614035087719299,106.38993299558751,0.3125,0.25,0.8382213115692139,False,ok,0.5082216000009794
D1_154_building,rootsift-lightglue-r2048-k8192,rootsift,lightglue,2048,8192,935,107_0005_0053.JPG,107_0005_0068.JPG,6119,6337,1140,918,0.8052631578947368,150.02451380944598,0.421875,0.328125,0.8401044011116028,False,ok,0.3504419999953825
D1_154_building,rootsift-lightglue-r2048-k8192,rootsift,lightglue,2048,8192,936,107_0005_0053.JPG,107_0005_0078.JPG,6119,6244,1398,1161,0.8304721030042919,189.7368851119464,0.390625,0.453125,0.8517593145370483,False,ok,0.4758582999929786
D1_154_building,rootsift-lightglue-r2048-k8192,rootsift,lightglue,2048,8192,937,107_0005_0053.JPG,107_0005_0079.JPG,6119,6260,840,716,0.8523809523809524,117.0125837555156,0.25,0.34375,0.8629140853881836,False,ok,0.3614225000201259
D1_154_building,rootsift-lightglue-r2048-k8192,rootsift,lightglue,2048,8192,938,107_0005_0053.JPG,107_0005_0096.JPG,6119,6365,50,37,0.74,6.046739663343684,0.09375,0.09375,0.3979683220386505,False,ok,0.46700100001180544
D1_154_building,rootsift-lightglue-r2048-k8192,rootsift,lightglue,2048,8192,939,107_0005_0054.JPG,107_0005_0055.JPG,6237,6276,3490,3418,0.9793696275071633,548.0198813532147,0.984375,0.859375,0.9119570851325989,False,ok,0.25996460000169463
D1_154_building,rootsift-lightglue-r2048-k8192,rootsift,lightglue,2048,8192,940,107_0005_0054.JPG,107_0005_0056.JPG,6237,6358,2493,2317,0.9294023265142398,371.49270482603816,0.828125,0.59375,0.9040541052818298,False,ok,0.33482899999944493
D1_154_building,rootsift-lightglue-r2048-k8192,rootsift,lightglue,2048,8192,941,107_0005_0054.JPG,107_0005_0057.JPG,6237,6311,1976,1697,0.8588056680161943,272.08593875260544,0.671875,0.421875,0.8766432404518127,False,ok,0.39600579999387264
D1_154_building,rootsift-lightglue-r2048-k8192,rootsift,lightglue,2048,8192,942,107_0005_0054.JPG,107_0005_0058.JPG,6237,6335,1372,1067,0.7776967930029155,171.0758377425044,0.546875,0.28125,0.8401007056236267,False,ok,0.37424899998586625
D1_154_building,rootsift-lightglue-r2048-k8192,rootsift,lightglue,2048,8192,943,107_0005_0054.JPG,107_0005_0059.JPG,6237,6332,1261,963,0.7636796193497224,154.4011544011544,0.546875,0.296875,0.8366221189498901,False,ok,0.4175071000063326
D1_154_building,rootsift-lightglue-r2048-k8192,rootsift,lightglue,2048,8192,944,107_0005_0054.JPG,107_0005_0060.JPG,6237,6321,1773,1469,0.8285391990975748,235.52990219656886,0.71875,0.359375,0.8721950650215149,False,ok,0.3209080999949947
D1_154_building,rootsift-lightglue-r2048-k8192,rootsift,lightglue,2048,8192,945,107_0005_0054.JPG,107_0005_0061.JPG,6237,6336,1579,1345,0.8518049398353388,215.64854898188233,0.609375,0.4375,0.873798131942749,False,ok,0.375016100006178
D1_154_building,rootsift-lightglue-r2048-k8192,rootsift,lightglue,2048,8192,946,107_0005_0054.JPG,107_0005_0062.JPG,6237,6333,1241,1045,0.8420628525382756,167.5485008818342,0.484375,0.421875,0.8542940616607666,False,ok,0.2868289000180084
D1_154_building,rootsift-lightglue-r2048-k8192,rootsift,lightglue,2048,8192,947,107_0005_0054.JPG,107_0005_0065.JPG,6237,6309,403,311,0.771712158808933,49.86371653038319,0.203125,0.25,0.6724286079406738,False,ok,0.5367085000034422
D1_154_building,rootsift-lightglue-r2048-k8192,rootsift,lightglue,2048,8192,948,107_0005_0054.JPG,107_0005_0066.JPG,6237,6422,829,726,0.8757539203860072,116.4021164021164,0.359375,0.34375,0.8155084848403931,False,ok,0.2794814000080805
D1_154_building,rootsift-lightglue-r2048-k8192,rootsift,lightglue,2048,8192,949,107_0005_0054.JPG,107_0005_0067.JPG,6237,6311,1223,1083,0.8855273916598528,173.64117364117365,0.4375,0.40625,0.8371186852455139,False,ok,0.439406899997266
D1_154_building,rootsift-lightglue-r2048-k8192,rootsift,lightglue,2048,8192,950,107_0005_0054.JPG,107_0005_0068.JPG,6237,6337,1505,1289,0.8564784053156146,206.66987333654,0.578125,0.46875,0.8327742218971252,False,ok,0.34453070000745356
D1_154_building,rootsift-lightglue-r2048-k8192,rootsift,lightglue,2048,8192,951,107_0005_0054.JPG,107_0005_0069.JPG,6237,6366,1770,1417,0.8005649717514124,227.19256052589387,0.640625,0.484375,0.778301477432251,False,ok,0.4982985000242479
D1_154_building,rootsift-lightglue-r2048-k8192,rootsift,lightglue,2048,8192,952,107_0005_0054.JPG,107_0005_0147.JPG,6237,6158,1866,1463,0.7840300107181136,237.57713543358233,0.515625,0.4375,0.8697276711463928,False,ok,0.4790662000013981
D1_154_building,rootsift-lightglue-r2048-k8192,rootsift,lightglue,2048,8192,953,107_0005_0054.JPG,107_0005_0148.JPG,6237,6158,1799,1431,0.7954419121734296,232.38064306593049,0.5,0.421875,0.8602702617645264,False,ok,0.37664209998911247
D1_154_building,rootsift-lightglue-r2048-k8192,rootsift,lightglue,2048,8192,954,107_0005_0055.JPG,107_0005_0056.JPG,6276,6358,3414,3352,0.9818394844756884,534.0981516889739,1.0,0.84375,0.9044389128684998,False,ok,0.3168681999959517
D1_154_building,rootsift-lightglue-r2048-k8192,rootsift,lightglue,2048,8192,955,107_0005_0055.JPG,107_0005_0057.JPG,6276,6311,2686,2501,0.9311243484735666,398.50223072020395,0.859375,0.609375,0.8876739740371704,False,ok,0.2848835000186227
D1_154_building,rootsift-lightglue-r2048-k8192,rootsift,lightglue,2048,8192,956,107_0005_0055.JPG,107_0005_0058.JPG,6276,6335,2033,1671,0.8219380226266602,266.25239005736137,0.703125,0.453125,0.8701675534248352,False,ok,0.4374443000124302
D1_154_building,rootsift-lightglue-r2048-k8192,rootsift,lightglue,2048,8192,957,107_0005_0055.JPG,107_0005_0059.JPG,6276,6332,1905,1546,0.8115485564304462,246.33524537922244,0.71875,0.40625,0.8569703698158264,False,ok,0.34170089999679476
D1_154_building,rootsift-lightglue-r2048-k8192,rootsift,lightglue,2048,8192,958,107_0005_0055.JPG,107_0005_0060.JPG,6276,6321,2357,2071,0.8786593126856173,329.987253027406,0.828125,0.546875,0.8921194672584534,False,ok,0.39996129999053665
D1_154_building,rootsift-lightglue-r2048-k8192,rootsift,lightglue,2048,8192,959,107_0005_0055.JPG,107_0005_0061.JPG,6276,6336,2061,1828,0.8869480834546337,291.2683237731039,0.671875,0.546875,0.8899018168449402,False,ok,0.2539515000244137
D1_154_building,rootsift-lightglue-r2048-k8192,rootsift,lightglue,2048,8192,960,107_0005_0055.JPG,107_0005_0062.JPG,6276,6333,1496,1309,0.875,208.572339069471,0.515625,0.5,0.8657385110855103,False,ok,0.395113600010518
D1_154_building,rootsift-lightglue-r2048-k8192,rootsift,lightglue,2048,8192,961,107_0005_0055.JPG,107_0005_0063.JPG,6276,6285,651,538,0.82642089093702,85.72339069471,0.3125,0.328125,0.7992282509803772,False,ok,0.3346368999918923
D1_154_building,rootsift-lightglue-r2048-k8192,rootsift,lightglue,2048,8192,962,107_0005_0055.JPG,107_0005_0065.JPG,6276,6309,540,405,0.75,64.53154875717017,0.265625,0.28125,0.7481687068939209,False,ok,0.4643860000069253
D1_154_building,rootsift-lightglue-r2048-k8192,rootsift,lightglue,2048,8192,963,107_0005_0055.JPG,107_0005_0066.JPG,6276,6422,1021,747,0.7316356513222331,119.02485659655832,0.40625,0.40625,0.8164447546005249,False,ok,0.3176519999979064
D1_154_building,rootsift-lightglue-r2048-k8192,rootsift,lightglue,2048,8192,964,107_0005_0055.JPG,107_0005_0067.JPG,6276,6311,1385,1118,0.8072202166064982,178.1389420012747,0.53125,0.5,0.8218758702278137,False,ok,0.49149020001641475
D1_154_building,rootsift-lightglue-r2048-k8192,rootsift,lightglue,2048,8192,965,107_0005_0055.JPG,107_0005_0068.JPG,6276,6337,1756,1455,0.8285876993166287,231.8355640535373,0.640625,0.578125,0.8000276684761047,False,ok,0.4691418000147678
D1_154_building,rootsift-lightglue-r2048-k8192,rootsift,lightglue,2048,8192,966,107_0005_0055.JPG,107_0005_0148.JPG,6276,6158,2286,1921,0.8403324584426947,311.9519324455992,0.625,0.5625,0.8489411473274231,False,ok,0.5285686000133865
D1_154_building,rootsift-lightglue-r2048-k8192,rootsift,lightglue,2048,8192,967,107_0005_0056.JPG,107_0005_0057.JPG,6358,6311,3189,3114,0.9764816556914393,493.42418000316906,0.953125,0.78125,0.8922497034072876,False,ok,0.26340219998382963
D1_154_building,rootsift-lightglue-r2048-k8192,rootsift,lightglue,2048,8192,968,107_0005_0056.JPG,107_0005_0058.JPG,6358,6335,2209,2001,0.9058397464916251,315.8642462509866,0.8125,0.5625,0.8804612755775452,False,ok,0.33979689999250695
D1_154_building,rootsift-lightglue-r2048-k8192,rootsift,lightglue,2048,8192,969,107_0005_0056.JPG,107_0005_0059.JPG,6358,6332,2081,1866,0.8966842864007689,294.69361970941253,0.78125,0.5625,0.8783875107765198,False,ok,0.3665780999872368
D1_154_building,rootsift-lightglue-r2048-k8192,rootsift,lightglue,2048,8192,970,107_0005_0056.JPG,107_0005_0060.JPG,6358,6321,2622,2442,0.931350114416476,386.3312766967252,0.84375,0.640625,0.9000545740127563,False,ok,0.22933370000100695
D1_154_building,rootsift-lightglue-r2048-k8192,rootsift,lightglue,2048,8192,971,107_0005_0056.JPG,107_0005_0061.JPG,6358,6336,2310,2131,0.9225108225108225,336.3320707070707,0.703125,0.671875,0.8926535844802856,False,ok,0.4041512999974657
D1_154_building,rootsift-lightglue-r2048-k8192,rootsift,lightglue,2048,8192,972,107_0005_0056.JPG,107_0005_0062.JPG,6358,6333,1445,1253,0.8671280276816609,197.8525185536081,0.46875,0.578125,0.8563797473907471,False,ok,0.3078164999897126
D1_154_building,rootsift-lightglue-r2048-k8192,rootsift,lightglue,2048,8192,973,107_0005_0056.JPG,107_0005_0063.JPG,6358,6285,666,542,0.8138138138138138,86.2370723945903,0.234375,0.375,0.8069555163383484,False,ok,0.3981939999794122
D1_154_building,rootsift-lightglue-r2048-k8192,rootsift,lightglue,2048,8192,974,107_0005_0056.JPG,107_0005_0064.JPG,6358,6316,306,223,0.7287581699346405,35.307156428119065,0.125,0.21875,0.6335912942886353,False,ok,0.48466560000088066
D1_154_building,rootsift-lightglue-r2048-k8192,rootsift,lightglue,2048,8192,975,107_0005_0056.JPG,107_0005_0066.JPG,6358,6422,1094,762,0.696526508226691,119.84900912236553,0.4375,0.484375,0.7525696158409119,False,ok,0.17512680002255365
D1_154_building,rootsift-lightglue-r2048-k8192,rootsift,lightglue,2048,8192,976,107_0005_0057.JPG,107_0005_0058.JPG,6311,6335,3065,2893,0.9438825448613377,458.4059578513706,0.890625,0.75,0.8796836137771606,False,ok,0.19638129998929799
D1_154_building,rootsift-lightglue-r2048-k8192,rootsift,lightglue,2048,8192,977,107_0005_0057.JPG,107_0005_0059.JPG,6311,6332,3023,2738,0.9057227919285478,433.84566629694183,0.890625,0.71875,0.8760652542114258,False,ok,0.44741720001911744
D1_154_building,rootsift-lightglue-r2048-k8192,rootsift,lightglue,2048,8192,978,107_0005_0057.JPG,107_0005_0060.JPG,6311,6321,3222,3084,0.957169459962756,488.6705751861829,0.8125,0.78125,0.8840399384498596,False,ok,0.3916650000028312
D1_154_building,rootsift-lightglue-r2048-k8192,rootsift,lightglue,2048,8192,979,107_0005_0057.JPG,107_0005_0061.JPG,6311,6336,2328,2071,0.8896048109965635,328.15718586594835,0.59375,0.734375,0.8646067380905151,False,ok,0.324963499995647
D1_154_building,rootsift-lightglue-r2048-k8192,rootsift,lightglue,2048,8192,980,107_0005_0057.JPG,107_0005_0062.JPG,6311,6333,1314,1061,0.8074581430745814,168.11915702741246,0.421875,0.578125,0.8331397175788879,False,ok,0.42488969999249093
D1_154_building,rootsift-lightglue-r2048-k8192,rootsift,lightglue,2048,8192,981,107_0005_0057.JPG,107_0005_0063.JPG,6311,6285,702,514,0.7321937321937322,81.78202068416866,0.234375,0.359375,0.7825804948806763,False,ok,0.3655082999903243
D1_154_building,rootsift-lightglue-r2048-k8192,rootsift,lightglue,2048,8192,982,107_0005_0057.JPG,107_0005_0064.JPG,6311,6316,346,228,0.6589595375722543,36.12739660909523,0.1875,0.25,0.6419322490692139,False,ok,0.48302759998477995
D1_154_building,rootsift-lightglue-r2048-k8192,rootsift,lightglue,2048,8192,983,107_0005_0057.JPG,107_0005_0065.JPG,6311,6309,655,407,0.6213740458015267,64.51101600887621,0.296875,0.34375,0.6763297915458679,False,ok,0.3834547000005841
D1_154_building,rootsift-lightglue-r2048-k8192,rootsift,lightglue,2048,8192,984,107_0005_0058.JPG,107_0005_0059.JPG,6335,6332,4343,4275,0.9843426203085425,675.1421351863551,0.96875,0.9375,0.8747134208679199,False,ok,0.3540324000059627
D1_154_building,rootsift-lightglue-r2048-k8192,rootsift,lightglue,2048,8192,985,107_0005_0058.JPG,107_0005_0060.JPG,6335,6321,2913,2568,0.8815653964984552,406.26483151400095,0.671875,0.8125,0.855421245098114,False,ok,0.4251360000052955
D1_154_building,rootsift-lightglue-r2048-k8192,rootsift,lightglue,2048,8192,986,107_0005_0058.JPG,107_0005_0061.JPG,6335,6336,1953,1550,0.7936507936507936,244.672454617206,0.484375,0.6875,0.8370660543441772,False,ok,0.3455915999948047
D1_154_building,rootsift-lightglue-r2048-k8192,rootsift,lightglue,2048,8192,987,107_0005_0058.JPG,107_0005_0062.JPG,6335,6333,1168,838,0.7174657534246576,132.3227538291489,0.34375,0.546875,0.7771759033203125,False,ok,0.4825500999868382
D1_154_building,rootsift-lightglue-r2048-k8192,rootsift,lightglue,2048,8192,988,107_0005_0058.JPG,107_0005_0063.JPG,6335,6285,602,384,0.6378737541528239,61.097852028639615,0.1875,0.34375,0.7141197323799133,False,ok,0.37102180000511
D1_154_building,rootsift-lightglue-r2048-k8192,rootsift,lightglue,2048,8192,989,107_0005_0058.JPG,107_0005_0064.JPG,6335,6316,410,247,0.6024390243902439,39.107029765674476,0.171875,0.3125,0.6106886863708496,False,ok,0.5049777000094764
D1_154_building,rootsift-lightglue-r2048-k8192,rootsift,lightglue,2048,8192,990,107_0005_0058.JPG,107_0005_0065.JPG,6335,6309,629,377,0.5993640699523053,59.755904263750196,0.234375,0.375,0.6194636821746826,False,ok,0.45819599999231286
D1_154_building,rootsift-lightglue-r2048-k8192,rootsift,lightglue,2048,8192,991,107_0005_0058.JPG,107_0005_0066.JPG,6335,6422,912,566,0.6206140350877193,89.344909234412,0.34375,0.53125,0.6362473964691162,False,ok,0.4381809000042267
D1_154_building,rootsift-lightglue-r2048-k8192,rootsift,lightglue,2048,8192,992,107_0005_0059.JPG,107_0005_0060.JPG,6332,6321,2739,2378,0.8682000730193501,376.2062964720772,0.65625,0.8125,0.854376494884491,False,ok,0.41983530001016334
D1_154_building,rootsift-lightglue-r2048-k8192,rootsift,lightglue,2048,8192,993,107_0005_0059.JPG,107_0005_0061.JPG,6332,6336,1886,1479,0.7841993637327678,233.575489576753,0.5,0.703125,0.8179417252540588,False,ok,0.45428510001511313
D1_154_building,rootsift-lightglue-r2048-k8192,rootsift,lightglue,2048,8192,994,107_0005_0059.JPG,107_0005_0062.JPG,6332,6333,1160,794,0.6844827586206896,125.39481996209729,0.359375,0.5625,0.7580260038375854,False,ok,0.3592445999966003
D1_154_building,rootsift-lightglue-r2048-k8192,rootsift,lightglue,2048,8192,995,107_0005_0059.JPG,107_0005_0063.JPG,6332,6285,527,346,0.6565464895635673,55.05171042163882,0.1875,0.3125,0.7273197770118713,False,ok,0.466413799993461
D1_154_building,rootsift-lightglue-r2048-k8192,rootsift,lightglue,2048,8192,996,107_0005_0059.JPG,107_0005_0064.JPG,6332,6316,315,215,0.6825396825396826,34.04053198226726,0.15625,0.25,0.6005373001098633,False,ok,0.47179310000501573
D1_154_building,rootsift-lightglue-r2048-k8192,rootsift,lightglue,2048,8192,997,107_0005_0059.JPG,107_0005_0065.JPG,6332,6309,532,342,0.6428571428571429,54.208273894436516,0.203125,0.328125,0.5998641848564148,False,ok,0.5492988000041805
D1_154_building,rootsift-lightglue-r2048-k8192,rootsift,lightglue,2048,8192,998,107_0005_0059.JPG,107_0005_0066.JPG,6332,6422,863,482,0.5585168018539977,76.12128869235629,0.359375,0.4375,0.6153517961502075,False,ok,0.49401739999302663
D1_154_building,rootsift-lightglue-r2048-k8192,rootsift,lightglue,2048,8192,999,107_0005_0059.JPG,107_0005_0067.JPG,6332,6311,1087,667,0.6136154553817847,105.68848043099351,0.328125,0.546875,0.6340455412864685,False,ok,0.4209619000030216
D1_154_building,rootsift-lightglue-r2048-k8192,rootsift,lightglue,2048,8192,1000,107_0005_0060.JPG,107_0005_0061.JPG,6321,6336,2874,2591,0.9015309672929714,409.90349628223385,0.71875,0.875,0.8761016130447388,False,ok,0.4293006000225432
D1_154_building,rootsift-lightglue-r2048-k8192,rootsift,lightglue,2048,8192,1001,107_0005_0060.JPG,107_0005_0062.JPG,6321,6333,1713,1421,0.8295388207822534,224.80620155038758,0.53125,0.734375,0.8430701494216919,False,ok,0.4373399000032805
D1_154_building,rootsift-lightglue-r2048-k8192,rootsift,lightglue,2048,8192,1002,107_0005_0060.JPG,107_0005_0063.JPG,6321,6285,1129,862,0.7635075287865367,137.1519490851233,0.34375,0.578125,0.8114122748374939,False,ok,0.3498645000217948
D1_154_building,rootsift-lightglue-r2048-k8192,rootsift,lightglue,2048,8192,1003,107_0005_0060.JPG,107_0005_0064.JPG,6321,6316,945,633,0.6698412698412698,100.22165927802406,0.3125,0.53125,0.7192153930664062,False,ok,0.48260909999953583
D1_154_building,rootsift-lightglue-r2048-k8192,rootsift,lightglue,2048,8192,1004,107_0005_0060.JPG,107_0005_0065.JPG,6321,6309,1167,767,0.6572407883461868,121.57235695038834,0.4375,0.59375,0.7235970497131348,False,ok,0.5061856000102125
D1_154_building,rootsift-lightglue-r2048-k8192,rootsift,lightglue,2048,8192,1005,107_0005_0060.JPG,107_0005_0066.JPG,6321,6422,1454,936,0.6437414030261348,148.077835785477,0.484375,0.640625,0.7244246602058411,False,ok,0.5216380000056233
D1_154_building,rootsift-lightglue-r2048-k8192,rootsift,lightglue,2048,8192,1006,107_0005_0060.JPG,107_0005_0067.JPG,6321,6311,1601,1018,0.6358525921299188,161.3056567897322,0.546875,0.640625,0.6799447536468506,False,ok,0.4723801999934949
D1_154_building,rootsift-lightglue-r2048-k8192,rootsift,lightglue,2048,8192,1007,107_0005_0060.JPG,107_0005_0068.JPG,6321,6337,1652,1111,0.6725181598062954,175.76332858724885,0.625,0.65625,0.634696364402771,False,ok,0.4539987000171095
D1_154_building,rootsift-lightglue-r2048-k8192,rootsift,lightglue,2048,8192,1008,107_0005_0061.JPG,107_0005_0062.JPG,6336,6333,2567,2380,0.9271523178807947,375.80925311858516,0.765625,0.90625,0.8750477433204651,False,ok,0.3623166000179481
D1_154_building,rootsift-lightglue-r2048-k8192,rootsift,lightglue,2048,8192,1009,107_0005_0061.JPG,107_0005_0063.JPG,6336,6285,1586,1377,0.8682219419924337,219.09307875894987,0.546875,0.734375,0.8568392395973206,False,ok,0.39084269999875687
D1_154_building,rootsift-lightglue-r2048-k8192,rootsift,lightglue,2048,8192,1010,107_0005_0061.JPG,107_0005_0064.JPG,6336,6316,1341,1052,0.7844891871737509,166.56111462951236,0.46875,0.6875,0.8265752196311951,False,ok,0.41584339999826625
D1_154_building,rootsift-lightglue-r2048-k8192,rootsift,lightglue,2048,8192,1011,107_0005_0061.JPG,107_0005_0065.JPG,6336,6309,1633,1192,0.7299448867115738,188.93644000634015,0.59375,0.703125,0.8156139254570007,False,ok,0.4060594000038691
D1_154_building,rootsift-lightglue-r2048-k8192,rootsift,lightglue,2048,8192,1012,107_0005_0061.JPG,107_0005_0066.JPG,6336,6422,1949,1308,0.6711133914828117,206.43939393939394,0.765625,0.6875,0.7985938787460327,False,ok,0.5415842000220437
D1_154_building,rootsift-lightglue-r2048-k8192,rootsift,lightglue,2048,8192,1013,107_0005_0061.JPG,107_0005_0067.JPG,6336,6311,2109,1545,0.732574679943101,244.81064807479004,0.84375,0.765625,0.7708046436309814,False,ok,0.5108730999927502
D1_154_building,rootsift-lightglue-r2048-k8192,rootsift,lightglue,2048,8192,1014,107_0005_0061.JPG,107_0005_0068.JPG,6336,6337,2134,1601,0.7502343017806935,252.6830808080808,0.90625,0.71875,0.7270721197128296,False,ok,0.5645514999923762
D1_154_building,rootsift-lightglue-r2048-k8192,rootsift,lightglue,2048,8192,1015,107_0005_0061.JPG,107_0005_0069.JPG,6336,6366,1952,1409,0.7218237704918032,222.3800505050505,0.796875,0.609375,0.6913530230522156,False,ok,0.5203220999974292
D1_154_building,rootsift-lightglue-r2048-k8192,rootsift,lightglue,2048,8192,1016,107_0005_0061.JPG,107_0005_0148.JPG,6336,6158,1102,873,0.7921960072595281,141.76680740500163,0.328125,0.375,0.6986113786697388,False,ok,0.5251508999790531
D1_154_building,rootsift-lightglue-r2048-k8192,rootsift,lightglue,2048,8192,1017,107_0005_0062.JPG,107_0005_0063.JPG,6333,6285,2568,2387,0.9295171339563862,379.79315831344474,0.78125,0.890625,0.872899055480957,False,ok,0.18833400000585243
D1_154_building,rootsift-lightglue-r2048-k8192,rootsift,lightglue,2048,8192,1018,107_0005_0062.JPG,107_0005_0064.JPG,6333,6316,1941,1695,0.8732612055641422,268.3660544648512,0.640625,0.796875,0.8851190209388733,False,ok,0.20694249999360181
D1_154_building,rootsift-lightglue-r2048-k8192,rootsift,lightglue,2048,8192,1019,107_0005_0062.JPG,107_0005_0065.JPG,6333,6309,2163,1830,0.8460471567267683,290.0618164526866,0.78125,0.78125,0.8642904758453369,False,ok,0.34476410000934266
D1_154_building,rootsift-lightglue-r2048-k8192,rootsift,lightglue,2048,8192,1020,107_0005_0062.JPG,107_0005_0066.JPG,6333,6422,2382,2014,0.8455079764903443,318.01673772303803,0.890625,0.78125,0.8340408802032471,False,ok,0.5458651999942958
D1_154_building,rootsift-lightglue-r2048-k8192,rootsift,lightglue,2048,8192,1021,107_0005_0062.JPG,107_0005_0067.JPG,6333,6311,2132,1764,0.8273921200750469,279.5119632387894,0.875,0.71875,0.8187469840049744,False,ok,0.4702120000147261
D1_154_building,rootsift-lightglue-r2048-k8192,rootsift,lightglue,2048,8192,1022,107_0005_0062.JPG,107_0005_0068.JPG,6333,6337,1721,1295,0.7524694944799535,204.48444654981841,0.796875,0.546875,0.7800984978675842,False,ok,0.5616914999845903
D1_154_building,rootsift-lightglue-r2048-k8192,rootsift,lightglue,2048,8192,1023,107_0005_0062.JPG,107_0005_0069.JPG,6333,6366,1429,979,0.6850944716585025,154.58708353071214,0.703125,0.390625,0.7024347186088562,False,ok,0.41243960001156665
D1_154_building,rootsift-lightglue-r2048-k8192,rootsift,lightglue,2048,8192,1024,107_0005_0062.JPG,107_0005_0070.JPG,6333,6325,920,623,0.6771739130434783,98.49802371541502,0.53125,0.28125,0.6196085810661316,False,ok,0.5165815000073053
D1_154_building,rootsift-lightglue-r2048-k8192,rootsift,lightglue,2048,8192,1025,107_0005_0062.JPG,107_0005_0147.JPG,6333,6158,266,222,0.8345864661654135,36.0506658005846,0.140625,0.1875,0.4463033080101013,False,ok,0.4279691000119783
D1_154_building,rootsift-lightglue-r2048-k8192,rootsift,lightglue,2048,8192,1026,107_0005_0062.JPG,107_0005_0148.JPG,6333,6158,266,239,0.8984962406015038,38.81130237089964,0.140625,0.1875,0.4330315589904785,False,ok,0.49821749998955056
D1_154_building,rootsift-lightglue-r2048-k8192,rootsift,lightglue,2048,8192,1027,107_0005_0062.JPG,107_0005_0149.JPG,6333,6161,249,225,0.9036144578313253,36.52004544716767,0.203125,0.234375,0.4815610349178314,False,ok,0.36687959998380393
D1_154_building,rootsift-lightglue-r2048-k8192,rootsift,lightglue,2048,8192,1028,107_0005_0063.JPG,107_0005_0064.JPG,6285,6316,2869,2748,0.9578250261415128,437.2315035799523,0.84375,0.90625,0.891895055770874,False,ok,0.3425555000139866
D1_154_building,rootsift-lightglue-r2048-k8192,rootsift,lightglue,2048,8192,1029,107_0005_0063.JPG,107_0005_0065.JPG,6285,6309,2772,2558,0.9227994227994228,407.0007955449483,0.953125,0.796875,0.8826351165771484,False,ok,0.33808280000812374
D1_154_building,rootsift-lightglue-r2048-k8192,rootsift,lightglue,2048,8192,1030,107_0005_0063.JPG,107_0005_0066.JPG,6285,6422,2071,1803,0.870593915982617,286.87350835322195,0.84375,0.640625,0.8856716156005859,False,ok,0.4541622999822721
D1_154_building,rootsift-lightglue-r2048-k8192,rootsift,lightglue,2048,8192,1031,107_0005_0063.JPG,107_0005_0067.JPG,6285,6311,1507,1282,0.8506967485069675,203.9777247414479,0.765625,0.46875,0.8670884966850281,False,ok,0.4453868999844417
D1_154_building,rootsift-lightglue-r2048-k8192,rootsift,lightglue,2048,8192,1032,107_0005_0063.JPG,107_0005_0068.JPG,6285,6337,1065,821,0.7708920187793428,130.62848050914877,0.640625,0.328125,0.7975635528564453,False,ok,0.42589540002518333
D1_154_building,rootsift-lightglue-r2048-k8192,rootsift,lightglue,2048,8192,1033,107_0005_0063.JPG,107_0005_0069.JPG,6285,6366,751,515,0.6857523302263648,81.94112967382657,0.515625,0.234375,0.7434192299842834,False,ok,0.28435189998708665
D1_154_building,rootsift-lightglue-r2048-k8192,rootsift,lightglue,2048,8192,1034,107_0005_0063.JPG,107_0005_0070.JPG,6285,6325,389,237,0.609254498714653,37.70883054892602,0.296875,0.171875,0.63569176197052,False,ok,0.5334443000028841
D1_154_building,rootsift-lightglue-r2048-k8192,rootsift,lightglue,2048,8192,1035,107_0005_0063.JPG,107_0005_0071.JPG,6285,6399,101,60,0.594059405940594,9.54653937947494,0.109375,0.0625,0.3530775010585785,False,ok,0.491536499990616
D1_154_building,rootsift-lightglue-r2048-k8192,rootsift,lightglue,2048,8192,1036,107_0005_0063.JPG,107_0005_0147.JPG,6285,6158,2,0,0.0,0.0,0.0,0.0,0.14821931719779968,True,too_few_matches,0.2777946999995038
D1_154_building,rootsift-lightglue-r2048-k8192,rootsift,lightglue,2048,8192,1037,107_0005_0063.JPG,107_0005_0148.JPG,6285,6158,5,0,0.0,0.0,0.0,0.0,0.19075532257556915,True,too_few_matches,0.3374912999861408
D1_154_building,rootsift-lightglue-r2048-k8192,rootsift,lightglue,2048,8192,1038,107_0005_0063.JPG,107_0005_0149.JPG,6285,6161,35,25,0.7142857142857143,4.0577828274630745,0.078125,0.0625,0.43223440647125244,False,ok,0.2578196999966167
D1_154_building,rootsift-lightglue-r2048-k8192,rootsift,lightglue,2048,8192,1039,107_0005_0063.JPG,107_0005_0150.JPG,6285,6189,99,81,0.8181818181818182,13.087736306349976,0.125,0.125,0.36128970980644226,False,ok,0.42832299997098744
D1_154_building,rootsift-lightglue-r2048-k8192,rootsift,lightglue,2048,8192,1040,107_0005_0064.JPG,107_0005_0065.JPG,6316,6309,2750,2530,0.92,401.0144238389602,0.96875,0.734375,0.8881646990776062,False,ok,0.41680150001775473
D1_154_building,rootsift-lightglue-r2048-k8192,rootsift,lightglue,2048,8192,1041,107_0005_0064.JPG,107_0005_0066.JPG,6316,6422,1931,1639,0.8487830139823925,259.49968334388853,0.84375,0.609375,0.8478342294692993,False,ok,0.30494900001212955
D1_154_building,rootsift-lightglue-r2048-k8192,rootsift,lightglue,2048,8192,1042,107_0005_0064.JPG,107_0005_0067.JPG,6316,6311,1296,1040,0.8024691358024691,164.7916336555221,0.71875,0.421875,0.8321824073791504,False,ok,0.4522151999990456
D1_154_building,rootsift-lightglue-r2048-k8192,rootsift,lightglue,2048,8192,1043,107_0005_0064.JPG,107_0005_0068.JPG,6316,6337,882,637,0.7222222222222222,100.85497150094997,0.59375,0.265625,0.7579547762870789,False,ok,0.34752489998936653
D1_154_building,rootsift-lightglue-r2048-k8192,rootsift,lightglue,2048,8192,1044,107_0005_0064.JPG,107_0005_0069.JPG,6316,6366,535,316,0.5906542056074766,50.031665611146295,0.453125,0.1875,0.6558444499969482,False,ok,0.45401449999189936
D1_154_building,rootsift-lightglue-r2048-k8192,rootsift,lightglue,2048,8192,1045,107_0005_0064.JPG,107_0005_0070.JPG,6316,6325,105,62,0.5904761904761905,9.816339455351489,0.15625,0.0625,0.46183329820632935,False,ok,0.35332899997592904
D1_154_building,rootsift-lightglue-r2048-k8192,rootsift,lightglue,2048,8192,1046,107_0005_0064.JPG,107_0005_0071.JPG,6316,6399,14,8,0.5714285714285714,1.266624445851805,0.09375,0.078125,0.24197271466255188,True,ok,0.33763329999055713
D1_154_building,rootsift-lightglue-r2048-k8192,rootsift,lightglue,2048,8192,1047,107_0005_0064.JPG,107_0005_0072.JPG,6316,6320,10,7,0.7,1.1082963901203293,0.078125,0.0625,0.17281430959701538,True,ok,0.24600439998903312
D1_154_building,rootsift-lightglue-r2048-k8192,rootsift,lightglue,2048,8192,1048,107_0005_0064.JPG,107_0005_0146.JPG,6316,6171,0,0,0.0,0.0,0.0,0.0,0.0,True,no_matches,0.33735410001827404
D1_154_building,rootsift-lightglue-r2048-k8192,rootsift,lightglue,2048,8192,1049,107_0005_0064.JPG,107_0005_0147.JPG,6316,6158,5,0,0.0,0.0,0.0,0.0,0.19592294096946716,True,too_few_matches,0.32503380000707693
D1_154_building,rootsift-lightglue-r2048-k8192,rootsift,lightglue,2048,8192,1050,107_0005_0064.JPG,107_0005_0148.JPG,6316,6158,1,0,0.0,0.0,0.0,0.0,0.1606307029724121,True,too_few_matches,0.2212172000145074
D1_154_building,rootsift-lightglue-r2048-k8192,rootsift,lightglue,2048,8192,1051,107_0005_0064.JPG,107_0005_0149.JPG,6316,6161,5,0,0.0,0.0,0.0,0.0,0.1439562737941742,True,too_few_matches,0.3458995999826584
D1_154_building,rootsift-lightglue-r2048-k8192,rootsift,lightglue,2048,8192,1052,107_0005_0064.JPG,107_0005_0150.JPG,6316,6189,42,32,0.7619047619047619,5.170463725965423,0.0625,0.0625,0.3184826970100403,False,ok,0.4124606999976095
D1_154_building,rootsift-lightglue-r2048-k8192,rootsift,lightglue,2048,8192,1053,107_0005_0065.JPG,107_0005_0066.JPG,6309,6422,2859,2537,0.8873732074151801,402.123949912823,1.0,0.875,0.8361021280288696,False,ok,0.41791180000291206
D1_154_building,rootsift-lightglue-r2048-k8192,rootsift,lightglue,2048,8192,1054,107_0005_0065.JPG,107_0005_0067.JPG,6309,6311,1944,1577,0.8112139917695473,249.96037406879063,0.859375,0.625,0.8249523639678955,False,ok,0.45921780000207946
D1_154_building,rootsift-lightglue-r2048-k8192,rootsift,lightglue,2048,8192,1055,107_0005_0065.JPG,107_0005_0068.JPG,6309,6337,1345,981,0.729368029739777,155.49215406562055,0.671875,0.421875,0.7805903553962708,False,ok,0.3124729999981355
D1_154_building,rootsift-lightglue-r2048-k8192,rootsift,lightglue,2048,8192,1056,107_0005_0065.JPG,107_0005_0069.JPG,6309,6366,954,594,0.6226415094339622,94.151212553495,0.53125,0.28125,0.7252958416938782,False,ok,0.4743346000032034
D1_154_building,rootsift-lightglue-r2048-k8192,rootsift,lightglue,2048,8192,1057,107_0005_0065.JPG,107_0005_0070.JPG,6309,6325,574,305,0.5313588850174216,48.343636075447776,0.40625,0.1875,0.5944748520851135,False,ok,0.43228319997433573
D1_154_building,rootsift-lightglue-r2048-k8192,rootsift,lightglue,2048,8192,1058,107_0005_0065.JPG,107_0005_0071.JPG,6309,6399,212,123,0.5801886792452831,19.49595815501664,0.203125,0.09375,0.4979471266269684,False,ok,0.579136499989545
D1_154_building,rootsift-lightglue-r2048-k8192,rootsift,lightglue,2048,8192,1059,107_0005_0065.JPG,107_0005_0072.JPG,6309,6320,18,9,0.5,1.4265335235378032,0.078125,0.078125,0.2517736554145813,True,ok,0.2313514999987092
D1_154_building,rootsift-lightglue-r2048-k8192,rootsift,lightglue,2048,8192,1060,107_0005_0065.JPG,107_0005_0073.JPG,6309,6285,14,11,0.7857142857142857,1.7501988862370723,0.078125,0.0625,0.45800668001174927,True,ok,0.33341270001255907
D1_154_building,rootsift-lightglue-r2048-k8192,rootsift,lightglue,2048,8192,1061,107_0005_0065.JPG,107_0005_0146.JPG,6309,6171,6,0,0.0,0.0,0.0,0.0,0.14611084759235382,True,too_few_matches,0.2451297999941744
D1_154_building,rootsift-lightglue-r2048-k8192,rootsift,lightglue,2048,8192,1062,107_0005_0065.JPG,107_0005_0147.JPG,6309,6158,1,0,0.0,0.0,0.0,0.0,0.24317355453968048,True,too_few_matches,0.337436899979366
D1_154_building,rootsift-lightglue-r2048-k8192,rootsift,lightglue,2048,8192,1063,107_0005_0065.JPG,107_0005_0148.JPG,6309,6158,2,0,0.0,0.0,0.0,0.0,0.1081826388835907,True,too_few_matches,0.3374189999885857
D1_154_building,rootsift-lightglue-r2048-k8192,rootsift,lightglue,2048,8192,1064,107_0005_0065.JPG,107_0005_0149.JPG,6309,6161,93,72,0.7741935483870968,11.686414543093653,0.109375,0.15625,0.3960081934928894,False,ok,0.14331729998230003
D1_154_building,rootsift-lightglue-r2048-k8192,rootsift,lightglue,2048,8192,1065,107_0005_0066.JPG,107_0005_0067.JPG,6422,6311,2996,2615,0.87283044058745,414.3558865472984,0.96875,0.8125,0.8227097988128662,False,ok,0.2778373000037391
D1_154_building,rootsift-lightglue-r2048-k8192,rootsift,lightglue,2048,8192,1066,107_0005_0066.JPG,107_0005_0068.JPG,6422,6337,2036,1613,0.7922396856581533,254.5368470885277,0.828125,0.578125,0.7991088628768921,False,ok,0.4950523999868892
D1_154_building,rootsift-lightglue-r2048-k8192,rootsift,lightglue,2048,8192,1067,107_0005_0066.JPG,107_0005_0069.JPG,6422,6366,1521,1062,0.6982248520710059,166.82375117813385,0.671875,0.4375,0.7666784524917603,False,ok,0.37542570001096465
D1_154_building,rootsift-lightglue-r2048-k8192,rootsift,lightglue,2048,8192,1068,107_0005_0066.JPG,107_0005_0070.JPG,6422,6325,1049,646,0.6158245948522403,102.13438735177866,0.53125,0.296875,0.6661727428436279,False,ok,0.48004779999610037
D1_154_building,rootsift-lightglue-r2048-k8192,rootsift,lightglue,2048,8192,1069,107_0005_0066.JPG,107_0005_0071.JPG,6422,6399,726,417,0.5743801652892562,65.16643225503985,0.421875,0.1875,0.650611400604248,False,ok,0.4455761999997776
D1_154_building,rootsift-lightglue-r2048-k8192,rootsift,lightglue,2048,8192,1070,107_0005_0066.JPG,107_0005_0072.JPG,6422,6320,603,340,0.5638474295190713,53.79746835443038,0.359375,0.171875,0.6316370368003845,False,ok,0.4301313000032678
D1_154_building,rootsift-lightglue-r2048-k8192,rootsift,lightglue,2048,8192,1071,107_0005_0066.JPG,107_0005_0073.JPG,6422,6285,596,318,0.5335570469798657,50.59665871121718,0.390625,0.171875,0.6039711833000183,False,ok,0.4352004999818746
D1_154_building,rootsift-lightglue-r2048-k8192,rootsift,lightglue,2048,8192,1072,107_0005_0066.JPG,107_0005_0074.JPG,6422,6247,627,355,0.5661881977671451,56.82727709300464,0.390625,0.15625,0.6535197496414185,False,ok,0.42446180002298206
D1_154_building,rootsift-lightglue-r2048-k8192,rootsift,lightglue,2048,8192,1073,107_0005_0066.JPG,107_0005_0146.JPG,6422,6171,72,56,0.7777777777777778,9.074704261870037,0.09375,0.09375,0.31046029925346375,False,ok,0.5572049000184052
D1_154_building,rootsift-lightglue-r2048-k8192,rootsift,lightglue,2048,8192,1074,107_0005_0066.JPG,107_0005_0147.JPG,6422,6158,92,71,0.7717391304347826,11.52971744072751,0.09375,0.09375,0.3555159270763397,False,ok,0.4539630000072066
D1_154_building,rootsift-lightglue-r2048-k8192,rootsift,lightglue,2048,8192,1075,107_0005_0066.JPG,107_0005_0148.JPG,6422,6158,104,83,0.7980769230769231,13.478402078596947,0.109375,0.09375,0.340141236782074,False,ok,0.5229029000038281
D1_154_building,rootsift-lightglue-r2048-k8192,rootsift,lightglue,2048,8192,1076,107_0005_0067.JPG,107_0005_0068.JPG,6311,6337,3083,2691,0.8728511190398962,426.39835208366344,0.953125,0.828125,0.8074482083320618,False,ok,0.4502174999797717
D1_154_building,rootsift-lightglue-r2048-k8192,rootsift,lightglue,2048,8192,1077,107_0005_0067.JPG,107_0005_0069.JPG,6311,6366,2064,1630,0.7897286821705426,258.279195056251,0.796875,0.59375,0.8056519031524658,False,ok,0.4869629000022542
D1_154_building,rootsift-lightglue-r2048-k8192,rootsift,lightglue,2048,8192,1078,107_0005_0067.JPG,107_0005_0070.JPG,6311,6325,1508,1022,0.6777188328912467,161.93947076533038,0.65625,0.40625,0.7414275407791138,False,ok,0.36684810000588186
D1_154_building,rootsift-lightglue-r2048-k8192,rootsift,lightglue,2048,8192,1079,107_0005_0067.JPG,107_0005_0071.JPG,6311,6399,1108,734,0.6624548736462094,116.30486452226272,0.515625,0.296875,0.7187893390655518,False,ok,0.4798894000123255
D1_154_building,rootsift-lightglue-r2048-k8192,rootsift,lightglue,2048,8192,1080,107_0005_0067.JPG,107_0005_0072.JPG,6311,6320,968,619,0.6394628099173554,98.08271272381556,0.515625,0.265625,0.7010300159454346,False,ok,0.3830581000074744
D1_154_building,rootsift-lightglue-r2048-k8192,rootsift,lightglue,2048,8192,1081,107_0005_0067.JPG,107_0005_0073.JPG,6311,6285,863,552,0.6396292004634995,87.82816229116945,0.453125,0.234375,0.7148134708404541,False,ok,0.5081692000094336
D1_154_building,rootsift-lightglue-r2048-k8192,rootsift,lightglue,2048,8192,1082,107_0005_0067.JPG,107_0005_0074.JPG,6311,6247,980,645,0.6581632653061225,103.24955978869858,0.46875,0.234375,0.7361528873443604,False,ok,0.4077264999796171
D1_154_building,rootsift-lightglue-r2048-k8192,rootsift,lightglue,2048,8192,1083,107_0005_0067.JPG,107_0005_0075.JPG,6311,6290,1267,910,0.7182320441988951,144.67408585055645,0.609375,0.390625,0.7776161432266235,False,ok,0.3590795999916736
D1_154_building,rootsift-lightglue-r2048-k8192,rootsift,lightglue,2048,8192,1084,107_0005_0067.JPG,107_0005_0096.JPG,6311,6365,1157,831,0.7182368193604148,131.67485343051814,0.515625,0.4375,0.7211407423019409,False,ok,0.5040304000140168
D1_154_building,rootsift-lightglue-r2048-k8192,rootsift,lightglue,2048,8192,1085,107_0005_0068.JPG,107_0005_0069.JPG,6337,6366,3126,2779,0.8889955214331414,438.53558466151173,0.953125,0.8125,0.8269029855728149,False,ok,0.48834790001274087
D1_154_building,rootsift-lightglue-r2048-k8192,rootsift,lightglue,2048,8192,1086,107_0005_0068.JPG,107_0005_0070.JPG,6337,6325,2090,1709,0.8177033492822966,270.197628458498,0.78125,0.53125,0.8089353442192078,False,ok,0.45789289998356253
D1_154_building,rootsift-lightglue-r2048-k8192,rootsift,lightglue,2048,8192,1087,107_0005_0068.JPG,107_0005_0071.JPG,6337,6399,1566,1219,0.7784163473818646,192.36231655357426,0.625,0.421875,0.7987865209579468,False,ok,0.36646320001455024
D1_154_building,rootsift-lightglue-r2048-k8192,rootsift,lightglue,2048,8192,1088,107_0005_0068.JPG,107_0005_0072.JPG,6337,6320,1371,997,0.7272064186725018,157.75316455696202,0.640625,0.390625,0.7585365772247314,False,ok,0.4410331000108272
D1_154_building,rootsift-lightglue-r2048-k8192,rootsift,lightglue,2048,8192,1089,107_0005_0068.JPG,107_0005_0073.JPG,6337,6285,1218,914,0.7504105090311987,145.42561654733493,0.578125,0.359375,0.7726797461509705,False,ok,0.4617244999972172
D1_154_building,rootsift-lightglue-r2048-k8192,rootsift,lightglue,2048,8192,1090,107_0005_0068.JPG,107_0005_0074.JPG,6337,6247,1358,1032,0.759941089837997,165.19929566191772,0.578125,0.359375,0.7968828082084656,False,ok,0.39238900001510046
D1_154_building,rootsift-lightglue-r2048-k8192,rootsift,lightglue,2048,8192,1091,107_0005_0068.JPG,107_0005_0075.JPG,6337,6290,1859,1475,0.7934373318988703,234.49920508744037,0.65625,0.5625,0.80678391456604,False,ok,0.3739351000112947
D1_154_building,rootsift-lightglue-r2048-k8192,rootsift,lightglue,2048,8192,1092,107_0005_0068.JPG,107_0005_0076.JPG,6337,6216,2393,2003,0.837024655244463,322.23294723294725,0.765625,0.671875,0.8345845937728882,False,ok,0.47693380000418983
D1_154_building,rootsift-lightglue-r2048-k8192,rootsift,lightglue,2048,8192,1093,107_0005_0069.JPG,107_0005_0070.JPG,6366,6325,3195,2858,0.8945226917057904,451.85770750988144,0.9375,0.796875,0.8302708864212036,False,ok,0.4831230999843683
D1_154_building,rootsift-lightglue-r2048-k8192,rootsift,lightglue,2048,8192,1094,107_0005_0069.JPG,107_0005_0071.JPG,6366,6399,2353,2036,0.8652783680407989,319.82406534715676,0.8125,0.6875,0.828557550907135,False,ok,0.3290772999753244
D1_154_building,rootsift-lightglue-r2048-k8192,rootsift,lightglue,2048,8192,1095,107_0005_0069.JPG,107_0005_0072.JPG,6366,6320,2056,1644,0.7996108949416343,260.126582278481,0.796875,0.609375,0.7913767695426941,False,ok,0.47021800000220537
D1_154_building,rootsift-lightglue-r2048-k8192,rootsift,lightglue,2048,8192,1096,107_0005_0069.JPG,107_0005_0073.JPG,6366,6285,1764,1392,0.7891156462585034,221.47971360381862,0.703125,0.5625,0.792381763458252,False,ok,0.38807320001069456
D1_154_building,rootsift-lightglue-r2048-k8192,rootsift,lightglue,2048,8192,1097,107_0005_0069.JPG,107_0005_0074.JPG,6366,6247,1844,1426,0.7733188720173536,228.26956939330879,0.640625,0.53125,0.8193452954292297,False,ok,0.45006390000344254
D1_154_building,rootsift-lightglue-r2048-k8192,rootsift,lightglue,2048,8192,1098,107_0005_0069.JPG,107_0005_0075.JPG,6366,6290,2374,1984,0.8357203032855939,315.4213036565978,0.78125,0.6875,0.8395631909370422,False,ok,0.4038730000029318
D1_154_building,rootsift-lightglue-r2048-k8192,rootsift,lightglue,2048,8192,1099,107_0005_0069.JPG,107_0005_0076.JPG,6366,6216,2606,2174,0.8342287029930928,349.74259974259974,0.78125,0.8125,0.8345891237258911,False,ok,0.5081926999846473
D1_154_building,rootsift-lightglue-r2048-k8192,rootsift,lightglue,2048,8192,1100,107_0005_0069.JPG,107_0005_0077.JPG,6366,6185,2168,1770,0.816420664206642,286.17623282134196,0.5625,0.78125,0.8520532250404358,False,ok,0.38062599999830127
D1_154_building,rootsift-lightglue-r2048-k8192,rootsift,lightglue,2048,8192,1101,107_0005_0070.JPG,107_0005_0071.JPG,6325,6399,3396,3183,0.9372791519434629,503.24110671936756,0.9375,0.8125,0.8734257817268372,False,ok,0.44515439998940565
D1_154_building,rootsift-lightglue-r2048-k8192,rootsift,lightglue,2048,8192,1102,107_0005_0070.JPG,107_0005_0072.JPG,6325,6320,2813,2450,0.8709562744400995,387.65822784810126,0.859375,0.78125,0.8353875875473022,False,ok,0.39188460001605563
D1_154_building,rootsift-lightglue-r2048-k8192,rootsift,lightglue,2048,8192,1103,107_0005_0070.JPG,107_0005_0073.JPG,6325,6285,2282,1920,0.8413672217353199,305.48926014319807,0.796875,0.703125,0.8167012333869934,False,ok,0.5175143000087701
D1_154_building,rootsift-lightglue-r2048-k8192,rootsift,lightglue,2048,8192,1104,107_0005_0070.JPG,107_0005_0074.JPG,6325,6247,2355,2013,0.8547770700636943,322.2346726428686,0.765625,0.671875,0.8335279822349548,False,ok,0.39883640001062304
D1_154_building,rootsift-lightglue-r2048-k8192,rootsift,lightglue,2048,8192,1105,107_0005_0070.JPG,107_0005_0075.JPG,6325,6290,2374,2012,0.8475147430497051,319.87281399046105,0.78125,0.796875,0.8545134663581848,False,ok,0.48316599999088794
D1_154_building,rootsift-lightglue-r2048-k8192,rootsift,lightglue,2048,8192,1106,107_0005_0070.JPG,107_0005_0076.JPG,6325,6216,2042,1684,0.8246816846229187,270.9137709137709,0.578125,0.828125,0.849058210849762,False,ok,0.1921145999804139
D1_154_building,rootsift-lightglue-r2048-k8192,rootsift,lightglue,2048,8192,1107,107_0005_0070.JPG,107_0005_0077.JPG,6325,6185,1656,1320,0.7971014492753623,213.41956345998383,0.453125,0.734375,0.8305197954177856,False,ok,0.2101595999847632
D1_154_building,rootsift-lightglue-r2048-k8192,rootsift,lightglue,2048,8192,1108,107_0005_0070.JPG,107_0005_0078.JPG,6325,6244,1258,955,0.7591414944356121,152.94682895579757,0.359375,0.71875,0.7891811728477478,False,ok,0.3853715999866836
D1_154_building,rootsift-lightglue-r2048-k8192,rootsift,lightglue,2048,8192,1109,107_0005_0071.JPG,107_0005_0072.JPG,6399,6320,3450,3145,0.9115942028985508,497.626582278481,0.875,0.921875,0.8385809659957886,False,ok,0.5251310999738052
D1_154_building,rootsift-lightglue-r2048-k8192,rootsift,lightglue,2048,8192,1110,107_0005_0071.JPG,107_0005_0073.JPG,6399,6285,2727,2342,0.8588192152548588,372.6332537788385,0.78125,0.828125,0.8201380968093872,False,ok,0.4292917999846395
D1_154_building,rootsift-lightglue-r2048-k8192,rootsift,lightglue,2048,8192,1111,107_0005_0071.JPG,107_0005_0074.JPG,6399,6247,2747,2355,0.8572988714961777,376.9809508564111,0.765625,0.796875,0.8264322876930237,False,ok,0.49166329999570735
D1_154_building,rootsift-lightglue-r2048-k8192,rootsift,lightglue,2048,8192,1112,107_0005_0071.JPG,107_0005_0075.JPG,6399,6290,2105,1755,0.833729216152019,279.0143084260731,0.59375,0.84375,0.855885922908783,False,ok,0.37504770001396537
D1_154_building,rootsift-lightglue-r2048-k8192,rootsift,lightglue,2048,8192,1113,107_0005_0071.JPG,107_0005_0076.JPG,6399,6216,1736,1417,0.8162442396313364,227.96010296010297,0.46875,0.75,0.8413371443748474,False,ok,0.47482819997821935
D1_154_building,rootsift-lightglue-r2048-k8192,rootsift,lightglue,2048,8192,1114,107_0005_0071.JPG,107_0005_0077.JPG,6399,6185,1384,1036,0.7485549132947977,167.50202101859338,0.359375,0.640625,0.8160232901573181,False,ok,0.377670300018508
D1_154_building,rootsift-lightglue-r2048-k8192,rootsift,lightglue,2048,8192,1115,107_0005_0071.JPG,107_0005_0078.JPG,6399,6244,1012,700,0.691699604743083,112.10762331838565,0.28125,0.5625,0.7646774053573608,False,ok,0.43824360001599416
D1_154_building,rootsift-lightglue-r2048-k8192,rootsift,lightglue,2048,8192,1116,107_0005_0071.JPG,107_0005_0079.JPG,6399,6260,345,244,0.7072463768115942,38.977635782747605,0.09375,0.296875,0.6246910095214844,False,ok,0.41638999999850057
D1_154_building,rootsift-lightglue-r2048-k8192,rootsift,lightglue,2048,8192,1117,107_0005_0072.JPG,107_0005_0073.JPG,6320,6285,3788,3478,0.9181626187961985,553.3810660302307,0.90625,0.9375,0.8458378314971924,False,ok,0.5289947000273969
D1_154_building,rootsift-lightglue-r2048-k8192,rootsift,lightglue,2048,8192,1118,107_0005_0072.JPG,107_0005_0074.JPG,6320,6247,3522,3234,0.9182282793867121,517.6884904754282,0.875,0.875,0.8580185770988464,False,ok,0.41859640000620857
D1_154_building,rootsift-lightglue-r2048-k8192,rootsift,lightglue,2048,8192,1119,107_0005_0072.JPG,107_0005_0075.JPG,6320,6290,2583,2273,0.8799845141308555,361.3672496025437,0.6875,0.96875,0.8577804565429688,False,ok,0.5116426000022329
D1_154_building,rootsift-lightglue-r2048-k8192,rootsift,lightglue,2048,8192,1120,107_0005_0072.JPG,107_0005_0076.JPG,6320,6216,1906,1577,0.8273871983210913,253.7001287001287,0.546875,0.859375,0.8394457101821899,False,ok,0.3585029999958351
D1_154_building,rootsift-lightglue-r2048-k8192,rootsift,lightglue,2048,8192,1121,107_0005_0072.JPG,107_0005_0077.JPG,6320,6185,1406,1107,0.7873399715504978,178.981406628941,0.421875,0.734375,0.8212105631828308,False,ok,0.4508213000081014
D1_154_building,rootsift-lightglue-r2048-k8192,rootsift,lightglue,2048,8192,1122,107_0005_0072.JPG,107_0005_0078.JPG,6320,6244,994,732,0.7364185110663984,117.23254324151185,0.3125,0.59375,0.7810031771659851,False,ok,0.3527868999808561
D1_154_building,rootsift-lightglue-r2048-k8192,rootsift,lightglue,2048,8192,1123,107_0005_0072.JPG,107_0005_0079.JPG,6320,6260,370,252,0.6810810810810811,40.2555910543131,0.171875,0.40625,0.492143452167511,False,ok,0.5247656999854371
D1_154_building,rootsift-lightglue-r2048-k8192,rootsift,lightglue,2048,8192,1124,107_0005_0072.JPG,107_0005_0080.JPG,6320,6246,2,0,0.0,0.0,0.0,0.0,0.17295050621032715,True,too_few_matches,0.2832754999981262
D1_154_building,rootsift-lightglue-r2048-k8192,rootsift,lightglue,2048,8192,1125,107_0005_0072.JPG,107_0005_0092.JPG,6320,6229,2290,1909,0.8336244541484716,306.46973832075776,0.71875,0.828125,0.8185560703277588,False,ok,0.5388846999849193
D1_154_building,rootsift-lightglue-r2048-k8192,rootsift,lightglue,2048,8192,1126,107_0005_0072.JPG,107_0005_0093.JPG,6320,6289,2189,1607,0.734125171311101,255.52552075051676,0.6875,0.84375,0.7949682474136353,False,ok,0.4849716000026092
D1_154_building,rootsift-lightglue-r2048-k8192,rootsift,lightglue,2048,8192,1127,107_0005_0072.JPG,107_0005_0094.JPG,6320,6323,1723,1199,0.6958792803250146,189.71518987341773,0.5625,0.75,0.7715563774108887,False,ok,0.5249968999996781
D1_154_building,rootsift-lightglue-r2048-k8192,rootsift,lightglue,2048,8192,1128,107_0005_0073.JPG,107_0005_0074.JPG,6285,6247,4191,4139,0.987592460033405,662.5580278533696,1.0,1.0,0.8636224865913391,False,ok,0.18746639997698367
D1_154_building,rootsift-lightglue-r2048-k8192,rootsift,lightglue,2048,8192,1129,107_0005_0073.JPG,107_0005_0075.JPG,6285,6290,3015,2764,0.9167495854063018,439.7772474144789,0.796875,0.984375,0.8673498034477234,False,ok,0.4500457000103779
D1_154_building,rootsift-lightglue-r2048-k8192,rootsift,lightglue,2048,8192,1130,107_0005_0073.JPG,107_0005_0076.JPG,6285,6216,2081,1818,0.873618452666987,292.4710424710425,0.609375,0.875,0.8090938925743103,False,ok,0.36239490000298247
D1_154_building,rootsift-lightglue-r2048-k8192,rootsift,lightglue,2048,8192,1131,107_0005_0073.JPG,107_0005_0077.JPG,6285,6185,1359,1112,0.8182487122884474,179.7898140662894,0.40625,0.75,0.8199689984321594,False,ok,0.46598080001422204
D1_154_building,rootsift-lightglue-r2048-k8192,rootsift,lightglue,2048,8192,1132,107_0005_0073.JPG,107_0005_0078.JPG,6285,6244,936,720,0.7692307692307693,115.31069827033953,0.28125,0.59375,0.778410017490387,False,ok,0.2563802999793552
D1_154_building,rootsift-lightglue-r2048-k8192,rootsift,lightglue,2048,8192,1133,107_0005_0073.JPG,107_0005_0079.JPG,6285,6260,487,339,0.6960985626283368,54.153354632587856,0.171875,0.453125,0.6435542106628418,False,ok,0.5050117000064347
D1_154_building,rootsift-lightglue-r2048-k8192,rootsift,lightglue,2048,8192,1134,107_0005_0073.JPG,107_0005_0080.JPG,6285,6246,45,31,0.6888888888888889,4.963176432917067,0.078125,0.125,0.457658976316452,False,ok,0.25425889997859485
D1_154_building,rootsift-lightglue-r2048-k8192,rootsift,lightglue,2048,8192,1135,107_0005_0073.JPG,107_0005_0081.JPG,6285,6171,4,0,0.0,0.0,0.0,0.0,0.17695707082748413,True,too_few_matches,0.3333164000068791
D1_154_building,rootsift-lightglue-r2048-k8192,rootsift,lightglue,2048,8192,1136,107_0005_0073.JPG,107_0005_0090.JPG,6285,6176,2300,1989,0.8647826086956522,322.0531088082902,0.671875,0.8125,0.8626120686531067,False,ok,0.44570010001189075
D1_154_building,rootsift-lightglue-r2048-k8192,rootsift,lightglue,2048,8192,1137,107_0005_0073.JPG,107_0005_0091.JPG,6285,6178,2523,2177,0.8628616726119699,352.3794108125607,0.78125,0.78125,0.8502081632614136,False,ok,0.42836849999730475
D1_154_building,rootsift-lightglue-r2048-k8192,rootsift,lightglue,2048,8192,1138,107_0005_0073.JPG,107_0005_0092.JPG,6285,6229,2748,2353,0.856259097525473,377.74923743779095,0.8125,0.9375,0.8501779437065125,False,ok,0.37709920000634156
D1_154_building,rootsift-lightglue-r2048-k8192,rootsift,lightglue,2048,8192,1139,107_0005_0073.JPG,107_0005_0093.JPG,6285,6289,2385,1841,0.7719077568134172,292.9196499602227,0.71875,0.890625,0.7987331748008728,False,ok,0.49078940000617877
D1_154_building,rootsift-lightglue-r2048-k8192,rootsift,lightglue,2048,8192,1140,107_0005_0073.JPG,107_0005_0094.JPG,6285,6323,1985,1535,0.7732997481108312,244.23229912490055,0.609375,0.765625,0.7609301805496216,False,ok,0.5200626000005286
D1_154_building,rootsift-lightglue-r2048-k8192,rootsift,lightglue,2048,8192,1141,107_0005_0074.JPG,107_0005_0075.JPG,6247,6290,3129,2872,0.9178651326302333,459.7406755242516,0.8125,1.0,0.8643538355827332,False,ok,0.33295949999592267
D1_154_building,rootsift-lightglue-r2048-k8192,rootsift,lightglue,2048,8192,1142,107_0005_0074.JPG,107_0005_0076.JPG,6247,6216,2161,1892,0.8755205923183711,304.37580437580436,0.609375,0.875,0.8229641914367676,False,ok,0.449817200016696
D1_154_building,rootsift-lightglue-r2048-k8192,rootsift,lightglue,2048,8192,1143,107_0005_0074.JPG,107_0005_0077.JPG,6247,6185,1465,1213,0.8279863481228669,196.11964430072757,0.4375,0.75,0.8339739441871643,False,ok,0.3257350000203587
D1_154_building,rootsift-lightglue-r2048-k8192,rootsift,lightglue,2048,8192,1144,107_0005_0074.JPG,107_0005_0078.JPG,6247,6244,1011,786,0.7774480712166172,125.88084561178732,0.3125,0.609375,0.8013662695884705,False,ok,0.425121800013585
D1_154_building,rootsift-lightglue-r2048-k8192,rootsift,lightglue,2048,8192,1145,107_0005_0074.JPG,107_0005_0079.JPG,6247,6260,527,370,0.7020872865275142,59.22842964623019,0.171875,0.421875,0.7579126954078674,False,ok,0.36730070001794957
D1_154_building,rootsift-lightglue-r2048-k8192,rootsift,lightglue,2048,8192,1146,107_0005_0074.JPG,107_0005_0080.JPG,6247,6246,86,56,0.6511627906976745,8.965738072366314,0.0625,0.15625,0.466394305229187,False,ok,0.4748064999876078
D1_154_building,rootsift-lightglue-r2048-k8192,rootsift,lightglue,2048,8192,1147,107_0005_0074.JPG,107_0005_0081.JPG,6247,6171,5,0,0.0,0.0,0.0,0.0,0.13691866397857666,True,too_few_matches,0.22843220000504516
D1_154_building,rootsift-lightglue-r2048-k8192,rootsift,lightglue,2048,8192,1148,107_0005_0074.JPG,107_0005_0082.JPG,6247,6255,2,0,0.0,0.0,0.0,0.0,0.27469998598098755,True,too_few_matches,0.33322589998715557
D1_154_building,rootsift-lightglue-r2048-k8192,rootsift,lightglue,2048,8192,1149,107_0005_0074.JPG,107_0005_0089.JPG,6247,6196,1814,1554,0.856670341786108,250.80697224015495,0.59375,0.765625,0.863281786441803,False,ok,0.32845390000147745
D1_154_building,rootsift-lightglue-r2048-k8192,rootsift,lightglue,2048,8192,1150,107_0005_0074.JPG,107_0005_0090.JPG,6247,6176,2461,2146,0.8720032507110931,347.4740932642487,0.703125,0.84375,0.8608999848365784,False,ok,0.1533626999880653
D1_154_building,rootsift-lightglue-r2048-k8192,rootsift,lightglue,2048,8192,1151,107_0005_0074.JPG,107_0005_0091.JPG,6247,6178,2628,2325,0.884703196347032,376.33538361929425,0.8125,0.8125,0.8582407832145691,False,ok,0.17976669999188744
D1_154_building,rootsift-lightglue-r2048-k8192,rootsift,lightglue,2048,8192,1152,107_0005_0074.JPG,107_0005_0092.JPG,6247,6229,2841,2492,0.8771559310102077,400.0642157649703,0.828125,0.953125,0.8517500162124634,False,ok,0.4936496000154875
D1_154_building,rootsift-lightglue-r2048-k8192,rootsift,lightglue,2048,8192,1153,107_0005_0074.JPG,107_0005_0093.JPG,6247,6289,2462,1963,0.7973192526401299,314.2308307987834,0.6875,0.84375,0.8153920769691467,False,ok,0.392101300007198
D1_154_building,rootsift-lightglue-r2048-k8192,rootsift,lightglue,2048,8192,1154,107_0005_0074.JPG,107_0005_0094.JPG,6247,6323,2065,1584,0.7670702179176755,253.5617096206179,0.578125,0.78125,0.7857005000114441,False,ok,0.5372982999833766
D1_154_building,rootsift-lightglue-r2048-k8192,rootsift,lightglue,2048,8192,1155,107_0005_0075.JPG,107_0005_0076.JPG,6290,6216,3284,3049,0.9284409257003654,490.5083655083655,0.875,1.0,0.8681845664978027,False,ok,0.420683000003919
D1_154_building,rootsift-lightglue-r2048-k8192,rootsift,lightglue,2048,8192,1156,107_0005_0075.JPG,107_0005_0077.JPG,6290,6185,2130,1859,0.8727699530516432,300.5658852061439,0.625,0.875,0.8356882333755493,False,ok,0.34564419998787344
D1_154_building,rootsift-lightglue-r2048-k8192,rootsift,lightglue,2048,8192,1157,107_0005_0075.JPG,107_0005_0078.JPG,6290,6244,1472,1194,0.811141304347826,191.2235746316464,0.453125,0.75,0.8322228193283081,False,ok,0.4451143999758642
D1_154_building,rootsift-lightglue-r2048-k8192,rootsift,lightglue,2048,8192,1158,107_0005_0075.JPG,107_0005_0079.JPG,6290,6260,843,651,0.7722419928825622,103.99361022364218,0.25,0.578125,0.8130745887756348,False,ok,0.33658929998637177
D1_154_building,rootsift-lightglue-r2048-k8192,rootsift,lightglue,2048,8192,1159,107_0005_0075.JPG,107_0005_0080.JPG,6290,6246,595,414,0.6957983193277311,66.28242074927954,0.171875,0.4375,0.7191991806030273,False,ok,0.4673653999925591
D1_154_building,rootsift-lightglue-r2048-k8192,rootsift,lightglue,2048,8192,1160,107_0005_0075.JPG,107_0005_0081.JPG,6290,6171,162,101,0.6234567901234568,16.366877329444176,0.109375,0.265625,0.5301390290260315,False,ok,0.391406199982157
D1_154_building,rootsift-lightglue-r2048-k8192,rootsift,lightglue,2048,8192,1161,107_0005_0075.JPG,107_0005_0082.JPG,6290,6255,11,8,0.7272727272727273,1.2789768185451638,0.046875,0.078125,0.27192091941833496,True,ok,0.34148769997409545
D1_154_building,rootsift-lightglue-r2048-k8192,rootsift,lightglue,2048,8192,1162,107_0005_0075.JPG,107_0005_0083.JPG,6290,6179,1,0,0.0,0.0,0.0,0.0,0.10128790885210037,True,too_few_matches,0.24140020000049844
D1_154_building,rootsift-lightglue-r2048-k8192,rootsift,lightglue,2048,8192,1163,107_0005_0075.JPG,107_0005_0089.JPG,6290,6196,2219,1947,0.8774222622803064,314.2349903163331,0.71875,0.796875,0.8803916573524475,False,ok,0.38746440000250004
D1_154_building,rootsift-lightglue-r2048-k8192,rootsift,lightglue,2048,8192,1164,107_0005_0075.JPG,107_0005_0090.JPG,6290,6176,2303,1987,0.8627876682587928,321.729274611399,0.828125,0.734375,0.876820981502533,False,ok,0.44045829999959096
D1_154_building,rootsift-lightglue-r2048-k8192,rootsift,lightglue,2048,8192,1165,107_0005_0075.JPG,107_0005_0091.JPG,6290,6178,2060,1758,0.8533980582524272,284.55810942052443,0.828125,0.640625,0.8640899062156677,False,ok,0.425198899989482
D1_154_building,rootsift-lightglue-r2048-k8192,rootsift,lightglue,2048,8192,1166,107_0005_0075.JPG,107_0005_0092.JPG,6290,6229,3163,2841,0.8981979133733797,456.0924707015572,0.96875,0.921875,0.8571596145629883,False,ok,0.3736376999877393
D1_154_building,rootsift-lightglue-r2048-k8192,rootsift,lightglue,2048,8192,1167,107_0005_0075.JPG,107_0005_0093.JPG,6290,6289,3007,2426,0.8067841702693714,385.7529018921927,0.84375,0.90625,0.8551509976387024,False,ok,0.4983728999795858
D1_154_building,rootsift-lightglue-r2048-k8192,rootsift,lightglue,2048,8192,1168,107_0005_0075.JPG,107_0005_0094.JPG,6290,6323,2418,1926,0.7965260545905707,306.2003179650238,0.65625,0.75,0.8347758054733276,False,ok,0.4784464999975171
D1_154_building,rootsift-lightglue-r2048-k8192,rootsift,lightglue,2048,8192,1169,107_0005_0076.JPG,107_0005_0077.JPG,6216,6185,3004,2851,0.9490679094540613,460.95392077607113,0.875,1.0,0.8587758541107178,False,ok,0.2708443000155967
D1_154_building,rootsift-lightglue-r2048-k8192,rootsift,lightglue,2048,8192,1170,107_0005_0076.JPG,107_0005_0078.JPG,6216,6244,2143,1836,0.8567428838077461,295.3667953667954,0.625,0.875,0.8520152568817139,False,ok,0.44987000001128763
D1_154_building,rootsift-lightglue-r2048-k8192,rootsift,lightglue,2048,8192,1171,107_0005_0076.JPG,107_0005_0079.JPG,6216,6260,1310,1076,0.8213740458015267,173.1016731016731,0.421875,0.75,0.8428444266319275,False,ok,0.2991615999781061
D1_154_building,rootsift-lightglue-r2048-k8192,rootsift,lightglue,2048,8192,1172,107_0005_0076.JPG,107_0005_0080.JPG,6216,6246,952,730,0.7668067226890757,117.43886743886743,0.28125,0.625,0.809474527835846,False,ok,0.39917840002453886
D1_154_building,rootsift-lightglue-r2048-k8192,rootsift,lightglue,2048,8192,1173,107_0005_0076.JPG,107_0005_0081.JPG,6216,6171,690,513,0.7434782608695653,83.13077297034516,0.1875,0.484375,0.7728471159934998,False,ok,0.25682579999556765
D1_154_building,rootsift-lightglue-r2048-k8192,rootsift,lightglue,2048,8192,1174,107_0005_0076.JPG,107_0005_0082.JPG,6216,6255,660,492,0.7454545454545455,79.15057915057915,0.203125,0.484375,0.7911275029182434,False,ok,0.39834220000193454
D1_154_building,rootsift-lightglue-r2048-k8192,rootsift,lightglue,2048,8192,1175,107_0005_0076.JPG,107_0005_0083.JPG,6216,6179,656,487,0.7423780487804879,78.81534228839618,0.1875,0.46875,0.8020418882369995,False,ok,0.37329260000842623
D1_154_building,rootsift-lightglue-r2048-k8192,rootsift,lightglue,2048,8192,1176,107_0005_0076.JPG,107_0005_0084.JPG,6216,6216,645,471,0.7302325581395349,75.77220077220078,0.171875,0.46875,0.7975822687149048,False,ok,0.5191486999974586
D1_154_building,rootsift-lightglue-r2048-k8192,rootsift,lightglue,2048,8192,1177,107_0005_0076.JPG,107_0005_0089.JPG,6216,6196,2289,1996,0.8719965050240279,322.14331826985153,0.8125,0.765625,0.8681918978691101,False,ok,0.4085242000001017
D1_154_building,rootsift-lightglue-r2048-k8192,rootsift,lightglue,2048,8192,1178,107_0005_0076.JPG,107_0005_0090.JPG,6216,6176,1861,1560,0.8382590005373455,252.59067357512953,0.78125,0.546875,0.8479188680648804,False,ok,0.31184169999323785
D1_154_building,rootsift-lightglue-r2048-k8192,rootsift,lightglue,2048,8192,1179,107_0005_0076.JPG,107_0005_0091.JPG,6216,6178,1594,1304,0.8180677540777918,211.07154418905796,0.765625,0.453125,0.8357520699501038,False,ok,0.37913319998187944
D1_154_building,rootsift-lightglue-r2048-k8192,rootsift,lightglue,2048,8192,1180,107_0005_0076.JPG,107_0005_0092.JPG,6216,6229,2520,2187,0.8678571428571429,351.8339768339768,0.9375,0.734375,0.8290973901748657,False,ok,0.40410309997969307
D1_154_building,rootsift-lightglue-r2048-k8192,rootsift,lightglue,2048,8192,1181,107_0005_0076.JPG,107_0005_0093.JPG,6216,6289,2868,2586,0.9016736401673641,416.023166023166,0.90625,0.84375,0.8574978113174438,False,ok,0.4987484999874141
D1_154_building,rootsift-lightglue-r2048-k8192,rootsift,lightglue,2048,8192,1182,107_0005_0076.JPG,107_0005_0094.JPG,6216,6323,2540,2188,0.8614173228346457,351.994851994852,0.71875,0.75,0.8675562143325806,False,ok,0.3459425999899395
D1_154_building,rootsift-lightglue-r2048-k8192,rootsift,lightglue,2048,8192,1183,107_0005_0076.JPG,107_0005_0095.JPG,6216,6475,1996,1443,0.7229458917835672,232.14285714285714,0.5625,0.640625,0.8093721866607666,False,ok,0.5332470999856014
D1_154_building,rootsift-lightglue-r2048-k8192,rootsift,lightglue,2048,8192,1184,107_0005_0077.JPG,107_0005_0078.JPG,6185,6244,3145,2967,0.943402225755167,479.7089733225546,0.875,1.0,0.8736702799797058,False,ok,0.3470856000203639
D1_154_building,rootsift-lightglue-r2048-k8192,rootsift,lightglue,2048,8192,1185,107_0005_0077.JPG,107_0005_0079.JPG,6185,6260,1964,1790,0.9114052953156823,289.40986257073564,0.625,0.875,0.8749691247940063,False,ok,0.3373794000071939
D1_154_building,rootsift-lightglue-r2048-k8192,rootsift,lightglue,2048,8192,1186,107_0005_0077.JPG,107_0005_0080.JPG,6185,6246,1500,1250,0.8333333333333334,202.1018593371059,0.453125,0.75,0.867769718170166,False,ok,0.2934196999995038
D1_154_building,rootsift-lightglue-r2048-k8192,rootsift,lightglue,2048,8192,1187,107_0005_0077.JPG,107_0005_0081.JPG,6185,6171,1123,910,0.8103294746215495,147.4639442553881,0.3125,0.625,0.850944459438324,False,ok,0.3609375999949407
D1_154_building,rootsift-lightglue-r2048-k8192,rootsift,lightglue,2048,8192,1188,107_0005_0077.JPG,107_0005_0082.JPG,6185,6255,1135,907,0.7991189427312775,146.64510913500405,0.3125,0.65625,0.8673537373542786,False,ok,0.3495707999973092
D1_154_building,rootsift-lightglue-r2048-k8192,rootsift,lightglue,2048,8192,1189,107_0005_0077.JPG,107_0005_0083.JPG,6185,6179,1065,850,0.7981220657276995,137.5627124130118,0.265625,0.640625,0.8662197589874268,False,ok,0.3895621999981813
D1_154_building,rootsift-lightglue-r2048-k8192,rootsift,lightglue,2048,8192,1190,107_0005_0077.JPG,107_0005_0084.JPG,6185,6216,1021,791,0.7747306562193927,127.89005658852061,0.265625,0.59375,0.8611070513725281,False,ok,0.400116100005107
D1_154_building,rootsift-lightglue-r2048-k8192,rootsift,lightglue,2048,8192,1191,107_0005_0077.JPG,107_0005_0085.JPG,6185,6166,1366,1151,0.842606149341142,186.66882906260136,0.40625,0.71875,0.8885038495063782,False,ok,0.30110620000050403
D1_154_building,rootsift-lightglue-r2048-k8192,rootsift,lightglue,2048,8192,1192,107_0005_0077.JPG,107_0005_0093.JPG,6185,6289,2122,1790,0.8435438265786993,289.40986257073564,0.890625,0.6875,0.8509520292282104,False,ok,0.4540651999996044
D1_154_building,rootsift-lightglue-r2048-k8192,rootsift,lightglue,2048,8192,1193,107_0005_0077.JPG,107_0005_0094.JPG,6185,6323,2236,1944,0.8694096601073346,314.3088116410671,0.734375,0.671875,0.8609454035758972,False,ok,0.31362780000199564
D1_154_building,rootsift-lightglue-r2048-k8192,rootsift,lightglue,2048,8192,1194,107_0005_0077.JPG,107_0005_0095.JPG,6185,6475,1991,1639,0.8232044198895028,264.99595796281324,0.578125,0.578125,0.8739343285560608,False,ok,0.4415353999938816
D1_154_building,rootsift-lightglue-r2048-k8192,rootsift,lightglue,2048,8192,1195,107_0005_0077.JPG,107_0005_0096.JPG,6185,6365,1261,941,0.746233148295004,152.14227970897332,0.375,0.390625,0.799730658531189,False,ok,0.15702230000169948
D1_154_building,rootsift-lightglue-r2048-k8192,rootsift,lightglue,2048,8192,1196,107_0005_0077.JPG,107_0005_0097.JPG,6185,6325,1412,1112,0.7875354107648725,179.7898140662894,0.484375,0.484375,0.781685471534729,False,ok,0.20461840002099052
D1_154_building,rootsift-lightglue-r2048-k8192,rootsift,lightglue,2048,8192,1197,107_0005_0078.JPG,107_0005_0079.JPG,6244,6260,2950,2843,0.963728813559322,455.3171044202434,0.875,1.0,0.8936511874198914,False,ok,0.30622159998165444
D1_154_building,rootsift-lightglue-r2048-k8192,rootsift,lightglue,2048,8192,1198,107_0005_0078.JPG,107_0005_0080.JPG,6244,6246,2155,1974,0.9160092807424594,316.1434977578475,0.625,0.875,0.8838870525360107,False,ok,0.37519170000450686
D1_154_building,rootsift-lightglue-r2048-k8192,rootsift,lightglue,2048,8192,1199,107_0005_0078.JPG,107_0005_0081.JPG,6244,6171,1680,1461,0.8696428571428572,236.75255226057365,0.5,0.75,0.8524497151374817,False,ok,0.21738590000313707
D1_154_building,rootsift-lightglue-r2048-k8192,rootsift,lightglue,2048,8192,1200,107_0005_0078.JPG,107_0005_0082.JPG,6244,6255,1678,1431,0.8528009535160905,229.18001281229982,0.4375,0.765625,0.8573922514915466,False,ok,0.36254440000629984
D1_154_building,rootsift-lightglue-r2048-k8192,rootsift,lightglue,2048,8192,1201,107_0005_0078.JPG,107_0005_0083.JPG,6244,6179,1454,1205,0.828748280605227,195.01537465609323,0.375,0.703125,0.8739093542098999,False,ok,0.3749488999892492
D1_154_building,rootsift-lightglue-r2048-k8192,rootsift,lightglue,2048,8192,1202,107_0005_0078.JPG,107_0005_0084.JPG,6244,6216,1400,1139,0.8135714285714286,183.23680823680823,0.359375,0.640625,0.8687018752098083,False,ok,0.2245845999859739
D1_154_building,rootsift-lightglue-r2048-k8192,rootsift,lightglue,2048,8192,1203,107_0005_0078.JPG,107_0005_0085.JPG,6244,6166,1743,1532,0.8789443488238669,248.45929289652935,0.515625,0.71875,0.8688246011734009,False,ok,0.3418602000165265
D1_154_building,rootsift-lightglue-r2048-k8192,rootsift,lightglue,2048,8192,1204,107_0005_0078.JPG,107_0005_0086.JPG,6244,6254,2078,1866,0.8979788257940328,298.8468930172966,0.65625,0.765625,0.8662638664245605,False,ok,0.3306575000169687
D1_154_building,rootsift-lightglue-r2048-k8192,rootsift,lightglue,2048,8192,1205,107_0005_0078.JPG,107_0005_0094.JPG,6244,6323,1621,1320,0.8143121529919802,211.4029468289558,0.6875,0.53125,0.8314927220344543,False,ok,0.4242981999996118
D1_154_building,rootsift-lightglue-r2048-k8192,rootsift,lightglue,2048,8192,1206,107_0005_0078.JPG,107_0005_0095.JPG,6244,6475,1632,1294,0.7928921568627451,207.23894939141576,0.5625,0.53125,0.8451047539710999,False,ok,0.41725859997677617
D1_154_building,rootsift-lightglue-r2048-k8192,rootsift,lightglue,2048,8192,1207,107_0005_0078.JPG,107_0005_0096.JPG,6244,6365,1011,883,0.8733926805143423,141.41575912876363,0.34375,0.34375,0.8382001519203186,False,ok,0.25844669999787584
D1_154_building,rootsift-lightglue-r2048-k8192,rootsift,lightglue,2048,8192,1208,107_0005_0078.JPG,107_0005_0097.JPG,6244,6325,1162,937,0.806368330464716,150.06406149903907,0.421875,0.40625,0.7983101010322571,False,ok,0.4617549999966286
D1_154_building,rootsift-lightglue-r2048-k8192,rootsift,lightglue,2048,8192,1209,107_0005_0078.JPG,107_0005_0098.JPG,6244,6322,1210,913,0.7545454545454545,146.22037155669443,0.578125,0.46875,0.7485547065734863,False,ok,0.4062643999932334
D1_154_building,rootsift-lightglue-r2048-k8192,rootsift,lightglue,2048,8192,1210,107_0005_0079.JPG,107_0005_0080.JPG,6260,6246,3089,3008,0.9737779216574943,481.58821645853345,0.875,1.0,0.887976348400116,False,ok,0.3083870999980718
D1_154_building,rootsift-lightglue-r2048-k8192,rootsift,lightglue,2048,8192,1211,107_0005_0079.JPG,107_0005_0081.JPG,6260,6171,2397,2247,0.9374217772215269,364.12250850753526,0.734375,0.890625,0.8919675946235657,False,ok,0.29136190001736395
D1_154_building,rootsift-lightglue-r2048-k8192,rootsift,lightglue,2048,8192,1212,107_0005_0079.JPG,107_0005_0082.JPG,6260,6255,2308,2116,0.9168110918544194,338.28936850519585,0.625,0.859375,0.887535810470581,False,ok,0.3336925999901723
D1_154_building,rootsift-lightglue-r2048-k8192,rootsift,lightglue,2048,8192,1213,107_0005_0079.JPG,107_0005_0083.JPG,6260,6179,1906,1674,0.8782791185729276,270.9176242110374,0.546875,0.75,0.8702213764190674,False,ok,0.3674433999985922
D1_154_building,rootsift-lightglue-r2048-k8192,rootsift,lightglue,2048,8192,1214,107_0005_0079.JPG,107_0005_0084.JPG,6260,6216,1808,1564,0.8650442477876106,251.60875160875162,0.5,0.75,0.8600584268569946,False,ok,0.26279280000017025
D1_154_building,rootsift-lightglue-r2048-k8192,rootsift,lightglue,2048,8192,1215,107_0005_0079.JPG,107_0005_0085.JPG,6260,6166,2204,1962,0.8901996370235935,318.1965617904638,0.671875,0.78125,0.8622471690177917,False,ok,0.3416925000201445
D1_154_building,rootsift-lightglue-r2048-k8192,rootsift,lightglue,2048,8192,1216,107_0005_0079.JPG,107_0005_0086.JPG,6260,6254,2114,1873,0.8859981078524125,299.48832747041894,0.828125,0.75,0.8530091643333435,False,ok,0.36662149999756366
D1_154_building,rootsift-lightglue-r2048-k8192,rootsift,lightglue,2048,8192,1217,107_0005_0079.JPG,107_0005_0087.JPG,6260,6217,1680,1422,0.8464285714285714,228.72768216181439,0.796875,0.5625,0.8776758313179016,False,ok,0.32250790001126006
D1_154_building,rootsift-lightglue-r2048-k8192,rootsift,lightglue,2048,8192,1218,107_0005_0079.JPG,107_0005_0096.JPG,6260,6365,559,420,0.7513416815742398,67.09265175718849,0.265625,0.265625,0.7620280981063843,False,ok,0.4531123999913689
D1_154_building,rootsift-lightglue-r2048-k8192,rootsift,lightglue,2048,8192,1219,107_0005_0079.JPG,107_0005_0097.JPG,6260,6325,602,392,0.6511627906976745,62.61980830670927,0.3125,0.25,0.7014272212982178,False,ok,0.4656288000114728
D1_154_building,rootsift-lightglue-r2048-k8192,rootsift,lightglue,2048,8192,1220,107_0005_0079.JPG,107_0005_0112.JPG,6260,6392,1077,734,0.6815227483751161,117.25239616613419,0.40625,0.421875,0.7773535251617432,False,ok,0.45503850001841784
D1_154_building,rootsift-lightglue-r2048-k8192,rootsift,lightglue,2048,8192,1221,107_0005_0079.JPG,107_0005_0113.JPG,6260,6395,1095,766,0.6995433789954338,122.36421725239616,0.34375,0.375,0.7837327718734741,False,ok,0.3723183000111021
D1_154_building,rootsift-lightglue-r2048-k8192,rootsift,lightglue,2048,8192,1222,107_0005_0079.JPG,107_0005_0145.JPG,6260,6173,15,14,0.9333333333333333,2.2679410335331283,0.078125,0.09375,0.37461230158805847,True,ok,0.4586726000125054
D1_154_building,rootsift-lightglue-r2048-k8192,rootsift,lightglue,2048,8192,1223,107_0005_0080.JPG,107_0005_0081.JPG,6246,6171,3401,3336,0.9808879741252573,540.5930967428294,0.875,1.0,0.8977832794189453,False,ok,0.34971320000477135
D1_154_building,rootsift-lightglue-r2048-k8192,rootsift,lightglue,2048,8192,1224,107_0005_0080.JPG,107_0005_0082.JPG,6246,6255,2877,2782,0.9669794925269378,445.40505923791227,0.796875,0.953125,0.8843596577644348,False,ok,0.31235819999710657
D1_154_building,rootsift-lightglue-r2048-k8192,rootsift,lightglue,2048,8192,1225,107_0005_0080.JPG,107_0005_0083.JPG,6246,6179,2311,2107,0.911726525313717,340.9936882990775,0.6875,0.828125,0.8779897093772888,False,ok,0.35343879999709316
D1_154_building,rootsift-lightglue-r2048-k8192,rootsift,lightglue,2048,8192,1226,107_0005_0080.JPG,107_0005_0084.JPG,6246,6216,2153,1948,0.9047840222944729,313.3848133848134,0.671875,0.78125,0.8778238296508789,False,ok,0.30247130000498146
D1_154_building,rootsift-lightglue-r2048-k8192,rootsift,lightglue,2048,8192,1227,107_0005_0080.JPG,107_0005_0085.JPG,6246,6166,2176,1920,0.8823529411764706,311.38501459617254,0.796875,0.703125,0.861111581325531,False,ok,0.34283680000226013
D1_154_building,rootsift-lightglue-r2048-k8192,rootsift,lightglue,2048,8192,1228,107_0005_0080.JPG,107_0005_0086.JPG,6246,6254,1701,1470,0.8641975308641975,235.35062439961575,0.734375,0.53125,0.8641706705093384,False,ok,0.25881669999216683
D1_154_building,rootsift-lightglue-r2048-k8192,rootsift,lightglue,2048,8192,1229,107_0005_0080.JPG,107_0005_0087.JPG,6246,6217,1364,1078,0.7903225806451613,173.39552838989866,0.71875,0.4375,0.8769347667694092,False,ok,0.4372791000059806
D1_154_building,rootsift-lightglue-r2048-k8192,rootsift,lightglue,2048,8192,1230,107_0005_0080.JPG,107_0005_0088.JPG,6246,6145,956,715,0.747907949790795,116.35475996745322,0.59375,0.265625,0.8537874817848206,False,ok,0.3162323999858927
D1_154_building,rootsift-lightglue-r2048-k8192,rootsift,lightglue,2048,8192,1231,107_0005_0080.JPG,107_0005_0111.JPG,6246,6473,1007,809,0.8033763654419066,129.52289465257766,0.46875,0.421875,0.8159465789794922,False,ok,0.47077729998272844
D1_154_building,rootsift-lightglue-r2048-k8192,rootsift,lightglue,2048,8192,1232,107_0005_0080.JPG,107_0005_0112.JPG,6246,6392,877,679,0.774230330672748,108.70957412744156,0.296875,0.296875,0.8350185751914978,False,ok,0.29068310000002384
D1_154_building,rootsift-lightglue-r2048-k8192,rootsift,lightglue,2048,8192,1233,107_0005_0080.JPG,107_0005_0113.JPG,6246,6395,885,715,0.807909604519774,114.47326288824848,0.328125,0.328125,0.8408660292625427,False,ok,0.42743979999795556
D1_154_building,rootsift-lightglue-r2048-k8192,rootsift,lightglue,2048,8192,1234,107_0005_0080.JPG,107_0005_0144.JPG,6246,6117,8,7,0.875,1.1443518064410658,0.109375,0.109375,0.1674717515707016,True,ok,0.21357000002171844
D1_154_building,rootsift-lightglue-r2048-k8192,rootsift,lightglue,2048,8192,1235,107_0005_0080.JPG,107_0005_0145.JPG,6246,6173,2,0,0.0,0.0,0.0,0.0,0.16187532246112823,True,too_few_matches,0.33737170000676997
D1_154_building,rootsift-lightglue-r2048-k8192,rootsift,lightglue,2048,8192,1236,107_0005_0081.JPG,107_0005_0082.JPG,6171,6255,3297,3176,0.9632999696693965,514.6653702803435,0.953125,0.921875,0.8798090815544128,False,ok,0.3170057999959681
D1_154_building,rootsift-lightglue-r2048-k8192,rootsift,lightglue,2048,8192,1237,107_0005_0081.JPG,107_0005_0083.JPG,6171,6179,2516,2279,0.9058028616852146,369.3080538000324,0.828125,0.8125,0.8691497445106506,False,ok,0.30553860001964495
D1_154_building,rootsift-lightglue-r2048-k8192,rootsift,lightglue,2048,8192,1238,107_0005_0081.JPG,107_0005_0084.JPG,6171,6216,2388,2150,0.9003350083752094,348.4038243396532,0.796875,0.78125,0.8726972341537476,False,ok,0.35761840001214296
D1_154_building,rootsift-lightglue-r2048-k8192,rootsift,lightglue,2048,8192,1239,107_0005_0081.JPG,107_0005_0085.JPG,6171,6166,1811,1554,0.8580894533406958,252.02724618877716,0.8125,0.578125,0.8495259881019592,False,ok,0.2722831999999471
D1_154_building,rootsift-lightglue-r2048-k8192,rootsift,lightglue,2048,8192,1240,107_0005_0081.JPG,107_0005_0086.JPG,6171,6254,1476,1167,0.790650406504065,189.11035488575595,0.75,0.453125,0.8656507730484009,False,ok,0.374053500010632
D1_154_building,rootsift-lightglue-r2048-k8192,rootsift,lightglue,2048,8192,1241,107_0005_0081.JPG,107_0005_0087.JPG,6171,6217,1121,804,0.7172167707404103,130.28682547399126,0.609375,0.34375,0.8516526222229004,False,ok,0.3390003000095021
D1_154_building,rootsift-lightglue-r2048-k8192,rootsift,lightglue,2048,8192,1242,107_0005_0081.JPG,107_0005_0088.JPG,6171,6145,791,507,0.640960809102402,82.50610252237591,0.5,0.25,0.8161709904670715,False,ok,0.3616339000000153
D1_154_building,rootsift-lightglue-r2048-k8192,rootsift,lightglue,2048,8192,1243,107_0005_0081.JPG,107_0005_0089.JPG,6171,6196,476,332,0.6974789915966386,53.80003240965808,0.46875,0.140625,0.7351796627044678,False,ok,0.5042333999881521
D1_154_building,rootsift-lightglue-r2048-k8192,rootsift,lightglue,2048,8192,1244,107_0005_0081.JPG,107_0005_0111.JPG,6171,6473,887,753,0.8489289740698985,122.0223626640739,0.359375,0.359375,0.8601157665252686,False,ok,0.13498850000905804
D1_154_building,rootsift-lightglue-r2048-k8192,rootsift,lightglue,2048,8192,1245,107_0005_0081.JPG,107_0005_0112.JPG,6171,6392,733,632,0.8622100954979536,102.41451952681899,0.28125,0.3125,0.8591493368148804,False,ok,0.1341629000089597
D1_154_building,rootsift-lightglue-r2048-k8192,rootsift,lightglue,2048,8192,1246,107_0005_0081.JPG,107_0005_0113.JPG,6171,6395,718,601,0.8370473537604457,97.39102252471237,0.265625,0.3125,0.8544612526893616,False,ok,0.13035890000173822
D1_154_building,rootsift-lightglue-r2048-k8192,rootsift,lightglue,2048,8192,1247,107_0005_0081.JPG,107_0005_0114.JPG,6171,6327,1025,789,0.7697560975609756,127.85610111813321,0.3125,0.390625,0.8561710119247437,False,ok,0.37175059999572113
D1_154_building,rootsift-lightglue-r2048-k8192,rootsift,lightglue,2048,8192,1248,107_0005_0081.JPG,107_0005_0143.JPG,6171,6166,52,35,0.6730769230769231,5.676289328576062,0.125,0.09375,0.3398084044456482,False,ok,0.43679820001125336
D1_154_building,rootsift-lightglue-r2048-k8192,rootsift,lightglue,2048,8192,1249,107_0005_0081.JPG,107_0005_0144.JPG,6171,6117,14,8,0.5714285714285714,1.3078306359326468,0.078125,0.109375,0.23314590752124786,True,ok,0.23542969999834895
D1_154_building,rootsift-lightglue-r2048-k8192,rootsift,lightglue,2048,8192,1250,107_0005_0081.JPG,107_0005_0145.JPG,6171,6173,5,0,0.0,0.0,0.0,0.0,0.16067379713058472,True,too_few_matches,0.31757469999138266
D1_154_building,rootsift-lightglue-r2048-k8192,rootsift,lightglue,2048,8192,1251,107_0005_0082.JPG,107_0005_0083.JPG,6255,6179,3434,3341,0.9729178800232965,540.7023790257323,0.9375,0.921875,0.8862768411636353,False,ok,0.3081790000142064
D1_154_building,rootsift-lightglue-r2048-k8192,rootsift,lightglue,2048,8192,1252,107_0005_0082.JPG,107_0005_0084.JPG,6255,6216,3177,3061,0.9634875668870003,492.4388674388674,0.875,0.875,0.8810136914253235,False,ok,0.23237330000847578
D1_154_building,rootsift-lightglue-r2048-k8192,rootsift,lightglue,2048,8192,1253,107_0005_0082.JPG,107_0005_0085.JPG,6255,6166,2364,2182,0.9230118443316413,353.87609471294195,0.953125,0.640625,0.8935618996620178,False,ok,0.36972529999911785
D1_154_building,rootsift-lightglue-r2048-k8192,rootsift,lightglue,2048,8192,1254,107_0005_0082.JPG,107_0005_0086.JPG,6255,6254,1805,1515,0.8393351800554016,242.24496322353693,0.8125,0.53125,0.8591924905776978,False,ok,0.33742540000821464
D1_154_building,rootsift-lightglue-r2048-k8192,rootsift,lightglue,2048,8192,1255,107_0005_0082.JPG,107_0005_0087.JPG,6255,6217,1362,1085,0.7966226138032305,174.52147337944345,0.71875,0.40625,0.8681448101997375,False,ok,0.35850860000937246
D1_154_building,rootsift-lightglue-r2048-k8192,rootsift,lightglue,2048,8192,1256,107_0005_0082.JPG,107_0005_0088.JPG,6255,6145,905,708,0.7823204419889502,115.21562245728235,0.59375,0.28125,0.8394399285316467,False,ok,0.39593739999691024
D1_154_building,rootsift-lightglue-r2048-k8192,rootsift,lightglue,2048,8192,1257,107_0005_0082.JPG,107_0005_0089.JPG,6255,6196,526,381,0.7243346007604563,61.49128469980633,0.4375,0.171875,0.7526569962501526,False,ok,0.3504648999951314
D1_154_building,rootsift-lightglue-r2048-k8192,rootsift,lightglue,2048,8192,1258,107_0005_0082.JPG,107_0005_0090.JPG,6255,6176,14,9,0.6428571428571429,1.4572538860103628,0.046875,0.046875,0.44502973556518555,True,ok,0.345738000003621
D1_154_building,rootsift-lightglue-r2048-k8192,rootsift,lightglue,2048,8192,1259,107_0005_0082.JPG,107_0005_0110.JPG,6255,6461,916,769,0.8395196506550219,122.94164668265388,0.421875,0.375,0.852877676486969,False,ok,0.26646479999180883
D1_154_building,rootsift-lightglue-r2048-k8192,rootsift,lightglue,2048,8192,1260,107_0005_0082.JPG,107_0005_0111.JPG,6255,6473,654,533,0.8149847094801224,85.21183053557154,0.28125,0.296875,0.822679877281189,False,ok,0.3914523999847006
D1_154_building,rootsift-lightglue-r2048-k8192,rootsift,lightglue,2048,8192,1261,107_0005_0082.JPG,107_0005_0127.JPG,6255,6111,10,7,0.7,1.145475372279496,0.09375,0.09375,0.21250352263450623,True,ok,0.3208153000159655
D1_154_building,rootsift-lightglue-r2048-k8192,rootsift,lightglue,2048,8192,1262,107_0005_0082.JPG,107_0005_0128.JPG,6255,5989,1,0,0.0,0.0,0.0,0.0,0.10395954549312592,True,too_few_matches,0.22018660002504475
D1_154_building,rootsift-lightglue-r2048-k8192,rootsift,lightglue,2048,8192,1263,107_0005_0082.JPG,107_0005_0129.JPG,6255,6011,8,0,0.0,0.0,0.0,0.0,0.23981121182441711,True,no_model,0.3335310999827925
D1_154_building,rootsift-lightglue-r2048-k8192,rootsift,lightglue,2048,8192,1264,107_0005_0082.JPG,107_0005_0130.JPG,6255,6090,40,37,0.925,6.075533661740558,0.15625,0.109375,0.2990642189979553,False,ok,0.45501179998973384
D1_154_building,rootsift-lightglue-r2048-k8192,rootsift,lightglue,2048,8192,1265,107_0005_0083.JPG,107_0005_0084.JPG,6179,6216,4257,4229,0.9934225980737609,684.4149538760317,0.984375,1.0,0.8925663828849792,False,ok,0.25414019997697324
D1_154_building,rootsift-lightglue-r2048-k8192,rootsift,lightglue,2048,8192,1266,107_0005_0083.JPG,107_0005_0085.JPG,6179,6166,2831,2720,0.9607912398445779,441.1287706779111,0.96875,0.75,0.8806307315826416,False,ok,0.3039990000252146
D1_154_building,rootsift-lightglue-r2048-k8192,rootsift,lightglue,2048,8192,1267,107_0005_0083.JPG,107_0005_0086.JPG,6179,6254,1935,1750,0.9043927648578811,283.21734908561257,0.859375,0.578125,0.8735260963439941,False,ok,0.22412930001155473
D1_154_building,rootsift-lightglue-r2048-k8192,rootsift,lightglue,2048,8192,1268,107_0005_0083.JPG,107_0005_0087.JPG,6179,6217,1421,1201,0.8451794510907812,194.3680207153261,0.71875,0.421875,0.87103670835495,False,ok,0.3915348000009544
D1_154_building,rootsift-lightglue-r2048-k8192,rootsift,lightglue,2048,8192,1269,107_0005_0083.JPG,107_0005_0088.JPG,6179,6145,905,726,0.8022099447513812,118.14483319772172,0.59375,0.28125,0.8649553656578064,False,ok,0.3041879000084009
D1_154_building,rootsift-lightglue-r2048-k8192,rootsift,lightglue,2048,8192,1270,107_0005_0083.JPG,107_0005_0089.JPG,6179,6196,538,391,0.7267657992565055,63.278847709985435,0.421875,0.1875,0.7825893759727478,False,ok,0.4585271999821998
D1_154_building,rootsift-lightglue-r2048-k8192,rootsift,lightglue,2048,8192,1271,107_0005_0083.JPG,107_0005_0090.JPG,6179,6176,1,0,0.0,0.0,0.0,0.0,0.3977760672569275,True,too_few_matches,0.2510984999826178
D1_154_building,rootsift-lightglue-r2048-k8192,rootsift,lightglue,2048,8192,1272,107_0005_0083.JPG,107_0005_0091.JPG,6179,6178,3,0,0.0,0.0,0.0,0.0,0.1342788189649582,True,too_few_matches,0.32669329998316243
D1_154_building,rootsift-lightglue-r2048-k8192,rootsift,lightglue,2048,8192,1273,107_0005_0083.JPG,107_0005_0108.JPG,6179,6317,1109,953,0.8593327321911632,154.232076387765,0.515625,0.453125,0.8495501279830933,False,ok,0.44571369999903254
D1_154_building,rootsift-lightglue-r2048-k8192,rootsift,lightglue,2048,8192,1274,107_0005_0083.JPG,107_0005_0109.JPG,6179,6313,899,737,0.8197997775305895,119.27496358634083,0.421875,0.359375,0.8718072772026062,False,ok,0.3793879000004381
D1_154_building,rootsift-lightglue-r2048-k8192,rootsift,lightglue,2048,8192,1275,107_0005_0083.JPG,107_0005_0110.JPG,6179,6461,720,590,0.8194444444444444,95.48470626314938,0.3125,0.3125,0.823893666267395,False,ok,0.40408340000431053
D1_154_building,rootsift-lightglue-r2048-k8192,rootsift,lightglue,2048,8192,1276,107_0005_0083.JPG,107_0005_0118.JPG,6179,6381,1344,922,0.6860119047619048,149.21508334681988,0.421875,0.515625,0.8261243104934692,False,ok,0.394980500015663
D1_154_building,rootsift-lightglue-r2048-k8192,rootsift,lightglue,2048,8192,1277,107_0005_0083.JPG,107_0005_0125.JPG,6179,6242,818,625,0.7640586797066015,101.14905324486163,0.390625,0.328125,0.6648489236831665,False,ok,0.4635720999795012
D1_154_building,rootsift-lightglue-r2048-k8192,rootsift,lightglue,2048,8192,1278,107_0005_0083.JPG,107_0005_0126.JPG,6179,6094,144,125,0.8680555555555556,20.511978995733507,0.140625,0.125,0.49356651306152344,False,ok,0.37526939998497255
D1_154_building,rootsift-lightglue-r2048-k8192,rootsift,lightglue,2048,8192,1279,107_0005_0083.JPG,107_0005_0127.JPG,6179,6111,1,0,0.0,0.0,0.0,0.0,0.17735569179058075,True,too_few_matches,0.32488390000071377
D1_154_building,rootsift-lightglue-r2048-k8192,rootsift,lightglue,2048,8192,1280,107_0005_0083.JPG,107_0005_0128.JPG,6179,5989,1,0,0.0,0.0,0.0,0.0,0.22328977286815643,True,too_few_matches,0.3171483000041917
D1_154_building,rootsift-lightglue-r2048-k8192,rootsift,lightglue,2048,8192,1281,107_0005_0083.JPG,107_0005_0129.JPG,6179,6011,1,0,0.0,0.0,0.0,0.0,0.341447651386261,True,too_few_matches,0.2582412000047043
D1_154_building,rootsift-lightglue-r2048-k8192,rootsift,lightglue,2048,8192,1282,107_0005_0083.JPG,107_0005_0130.JPG,6179,6090,59,58,0.9830508474576272,9.523809523809524,0.1875,0.140625,0.3438171446323395,False,ok,0.47919630000251345
D1_154_building,rootsift-lightglue-r2048-k8192,rootsift,lightglue,2048,8192,1283,107_0005_0084.JPG,107_0005_0085.JPG,6216,6166,2883,2758,0.9566423864030523,447.2915990917937,0.984375,0.734375,0.871667206287384,False,ok,0.22420120000606403
D1_154_building,rootsift-lightglue-r2048-k8192,rootsift,lightglue,2048,8192,1284,107_0005_0084.JPG,107_0005_0086.JPG,6216,6254,1948,1766,0.9065708418891171,284.1055341055341,0.84375,0.609375,0.8720991611480713,False,ok,0.34181579999858513
D1_154_building,rootsift-lightglue-r2048-k8192,rootsift,lightglue,2048,8192,1285,107_0005_0084.JPG,107_0005_0087.JPG,6216,6217,1425,1205,0.8456140350877193,193.85456885456887,0.734375,0.453125,0.8629814386367798,False,ok,0.3800084999820683
D1_154_building,rootsift-lightglue-r2048-k8192,rootsift,lightglue,2048,8192,1286,107_0005_0084.JPG,107_0005_0088.JPG,6216,6145,901,733,0.8135405105438401,119.28397070789259,0.59375,0.265625,0.8630972504615784,False,ok,0.3341919000085909
D1_154_building,rootsift-lightglue-r2048-k8192,rootsift,lightglue,2048,8192,1287,107_0005_0084.JPG,107_0005_0089.JPG,6216,6196,549,404,0.7358834244080146,65.20335700451905,0.46875,0.1875,0.7816048860549927,False,ok,0.4138925999868661
D1_154_building,rootsift-lightglue-r2048-k8192,rootsift,lightglue,2048,8192,1288,107_0005_0084.JPG,107_0005_0090.JPG,6216,6176,0,0,0.0,0.0,0.0,0.0,0.0,True,no_matches,0.3001131000055466
D1_154_building,rootsift-lightglue-r2048-k8192,rootsift,lightglue,2048,8192,1289,107_0005_0084.JPG,107_0005_0091.JPG,6216,6178,5,0,0.0,0.0,0.0,0.0,0.247348815202713,True,too_few_matches,0.3165883999899961
D1_154_building,rootsift-lightglue-r2048-k8192,rootsift,lightglue,2048,8192,1290,107_0005_0084.JPG,107_0005_0092.JPG,6216,6229,7,0,0.0,0.0,0.0,0.0,0.31702321767807007,True,too_few_matches,0.3451805000077002
D1_154_building,rootsift-lightglue-r2048-k8192,rootsift,lightglue,2048,8192,1291,107_0005_0084.JPG,107_0005_0108.JPG,6216,6317,1055,886,0.8398104265402844,142.53539253539253,0.484375,0.4375,0.8523504734039307,False,ok,0.3687764999922365
D1_154_building,rootsift-lightglue-r2048-k8192,rootsift,lightglue,2048,8192,1292,107_0005_0084.JPG,107_0005_0109.JPG,6216,6313,837,726,0.8673835125448028,116.79536679536679,0.40625,0.375,0.8514693975448608,False,ok,0.3942215999995824
D1_154_building,rootsift-lightglue-r2048-k8192,rootsift,lightglue,2048,8192,1293,107_0005_0084.JPG,107_0005_0110.JPG,6216,6461,643,535,0.8320373250388803,86.06821106821107,0.296875,0.265625,0.8383529186248779,False,ok,0.3676685000245925
D1_154_building,rootsift-lightglue-r2048-k8192,rootsift,lightglue,2048,8192,1294,107_0005_0084.JPG,107_0005_0125.JPG,6216,6242,782,643,0.8222506393861893,103.44272844272844,0.375,0.34375,0.6626059412956238,False,ok,0.5285008999926504
D1_154_building,rootsift-lightglue-r2048-k8192,rootsift,lightglue,2048,8192,1295,107_0005_0084.JPG,107_0005_0126.JPG,6216,6094,148,134,0.9054054054054054,21.98884148342632,0.171875,0.140625,0.505501389503479,False,ok,0.1763506999996025
D1_154_building,rootsift-lightglue-r2048-k8192,rootsift,lightglue,2048,8192,1296,107_0005_0084.JPG,107_0005_0127.JPG,6216,6111,1,0,0.0,0.0,0.0,0.0,0.2669472396373749,True,too_few_matches,0.2103540999814868
D1_154_building,rootsift-lightglue-r2048-k8192,rootsift,lightglue,2048,8192,1297,107_0005_0084.JPG,107_0005_0128.JPG,6216,5989,0,0,0.0,0.0,0.0,0.0,0.0,True,no_matches,0.36192620001384057
D1_154_building,rootsift-lightglue-r2048-k8192,rootsift,lightglue,2048,8192,1298,107_0005_0084.JPG,107_0005_0129.JPG,6216,6011,0,0,0.0,0.0,0.0,0.0,0.0,True,no_matches,0.33730570002808236
D1_154_building,rootsift-lightglue-r2048-k8192,rootsift,lightglue,2048,8192,1299,107_0005_0084.JPG,107_0005_0130.JPG,6216,6090,96,90,0.9375,14.77832512315271,0.1875,0.1875,0.4261345863342285,False,ok,0.27973179999389686
D1_154_building,rootsift-lightglue-r2048-k8192,rootsift,lightglue,2048,8192,1300,107_0005_0085.JPG,107_0005_0086.JPG,6166,6254,3024,2939,0.9718915343915344,476.6461239052871,0.96875,0.859375,0.8809369802474976,False,ok,0.30922549997922033
D1_154_building,rootsift-lightglue-r2048-k8192,rootsift,lightglue,2048,8192,1301,107_0005_0085.JPG,107_0005_0087.JPG,6166,6217,2079,1914,0.9206349206349206,310.41193642555953,0.84375,0.609375,0.8861550688743591,False,ok,0.34555270001874305
D1_154_building,rootsift-lightglue-r2048-k8192,rootsift,lightglue,2048,8192,1302,107_0005_0085.JPG,107_0005_0088.JPG,6166,6145,1405,1236,0.8797153024911032,201.13913751017088,0.71875,0.421875,0.8600459098815918,False,ok,0.1941886999993585
D1_154_building,rootsift-lightglue-r2048-k8192,rootsift,lightglue,2048,8192,1303,107_0005_0085.JPG,107_0005_0089.JPG,6166,6196,908,758,0.8348017621145375,122.93220888744729,0.578125,0.296875,0.8578252196311951,False,ok,0.40401009999914095
D1_154_building,rootsift-lightglue-r2048-k8192,rootsift,lightglue,2048,8192,1304,107_0005_0085.JPG,107_0005_0090.JPG,6166,6176,532,395,0.7424812030075187,64.06097956535842,0.4375,0.15625,0.7817287445068359,False,ok,0.27278570001362823
D1_154_building,rootsift-lightglue-r2048-k8192,rootsift,lightglue,2048,8192,1305,107_0005_0085.JPG,107_0005_0091.JPG,6166,6178,67,55,0.8208955223880597,8.919883230619526,0.28125,0.109375,0.3816680312156677,False,ok,0.38260539999464527
D1_154_building,rootsift-lightglue-r2048-k8192,rootsift,lightglue,2048,8192,1306,107_0005_0085.JPG,107_0005_0092.JPG,6166,6229,579,445,0.768566493955095,72.16996432046707,0.515625,0.203125,0.8164688944816589,False,ok,0.5001227000029758
D1_154_building,rootsift-lightglue-r2048-k8192,rootsift,lightglue,2048,8192,1307,107_0005_0085.JPG,107_0005_0093.JPG,6166,6289,532,421,0.7913533834586466,68.27765163801492,0.46875,0.234375,0.8393244743347168,False,ok,0.36978150001959875
D1_154_building,rootsift-lightglue-r2048-k8192,rootsift,lightglue,2048,8192,1308,107_0005_0085.JPG,107_0005_0098.JPG,6166,6322,210,178,0.8476190476190476,28.86798572818683,0.203125,0.171875,0.6313579678535461,False,ok,0.3958242000080645
D1_154_building,rootsift-lightglue-r2048-k8192,rootsift,lightglue,2048,8192,1309,107_0005_0085.JPG,107_0005_0099.JPG,6166,6319,312,217,0.6955128205128205,35.192993837171585,0.234375,0.25,0.6532557606697083,False,ok,0.4404068000148982
D1_154_building,rootsift-lightglue-r2048-k8192,rootsift,lightglue,2048,8192,1310,107_0005_0085.JPG,107_0005_0100.JPG,6166,6291,478,333,0.696652719665272,54.00583846902368,0.359375,0.296875,0.7015979290008545,False,ok,0.5624393000034615
D1_154_building,rootsift-lightglue-r2048-k8192,rootsift,lightglue,2048,8192,1311,107_0005_0085.JPG,107_0005_0101.JPG,6166,6238,629,438,0.6963434022257552,71.03470645475187,0.46875,0.3125,0.7087706327438354,False,ok,0.45413850000477396
D1_154_building,rootsift-lightglue-r2048-k8192,rootsift,lightglue,2048,8192,1312,107_0005_0085.JPG,107_0005_0108.JPG,6166,6317,1344,1114,0.8288690476190477,180.66818034382095,0.5625,0.546875,0.8424911499023438,False,ok,0.43803280001156963
D1_154_building,rootsift-lightglue-r2048-k8192,rootsift,lightglue,2048,8192,1313,107_0005_0085.JPG,107_0005_0109.JPG,6166,6313,1071,898,0.838468720821662,145.63736620175155,0.5,0.484375,0.8453070521354675,False,ok,0.40096190001349896
D1_154_building,rootsift-lightglue-r2048-k8192,rootsift,lightglue,2048,8192,1314,107_0005_0085.JPG,107_0005_0110.JPG,6166,6461,826,655,0.7929782082324455,106.22770029192345,0.40625,0.40625,0.8289687037467957,False,ok,0.4415461999888066
D1_154_building,rootsift-lightglue-r2048-k8192,rootsift,lightglue,2048,8192,1315,107_0005_0085.JPG,107_0005_0126.JPG,6166,6094,188,178,0.9468085106382979,29.209058089924515,0.234375,0.25,0.4447362422943115,False,ok,0.30827949999365956
D1_154_building,rootsift-lightglue-r2048-k8192,rootsift,lightglue,2048,8192,1316,107_0005_0085.JPG,107_0005_0127.JPG,6166,6111,67,53,0.7910447761194029,8.672884961544755,0.125,0.125,0.43919530510902405,False,ok,0.39994520001346245
D1_154_building,rootsift-lightglue-r2048-k8192,rootsift,lightglue,2048,8192,1317,107_0005_0085.JPG,107_0005_0128.JPG,6166,5989,1,0,0.0,0.0,0.0,0.0,0.12122679501771927,True,too_few_matches,0.24931389998528175
D1_154_building,rootsift-lightglue-r2048-k8192,rootsift,lightglue,2048,8192,1318,107_0005_0086.JPG,107_0005_0087.JPG,6254,6217,3075,2992,0.9730081300813008,481.26105838829017,1.0,0.875,0.8899250626564026,False,ok,0.33338820000062697
D1_154_building,rootsift-lightglue-r2048-k8192,rootsift,lightglue,2048,8192,1319,107_0005_0086.JPG,107_0005_0088.JPG,6254,6145,2039,1905,0.9342815105443845,310.0081366965012,0.875,0.609375,0.8856974840164185,False,ok,0.35091039998224005
D1_154_building,rootsift-lightglue-r2048-k8192,rootsift,lightglue,2048,8192,1320,107_0005_0086.JPG,107_0005_0089.JPG,6254,6196,1353,1147,0.8477457501847746,185.11943189154294,0.734375,0.421875,0.8519234657287598,False,ok,0.2827446000010241
D1_154_building,rootsift-lightglue-r2048-k8192,rootsift,lightglue,2048,8192,1321,107_0005_0086.JPG,107_0005_0090.JPG,6254,6176,865,672,0.776878612716763,108.80829015544042,0.609375,0.296875,0.7994260787963867,False,ok,0.4249394999933429
D1_154_building,rootsift-lightglue-r2048-k8192,rootsift,lightglue,2048,8192,1322,107_0005_0086.JPG,107_0005_0091.JPG,6254,6178,674,519,0.7700296735905044,84.00776950469408,0.46875,0.171875,0.76798415184021,False,ok,0.3543428999837488
D1_154_building,rootsift-lightglue-r2048-k8192,rootsift,lightglue,2048,8192,1323,107_0005_0086.JPG,107_0005_0092.JPG,6254,6229,848,629,0.7417452830188679,100.97929041579708,0.6875,0.328125,0.8198720812797546,False,ok,0.3915345999994315
D1_154_building,rootsift-lightglue-r2048-k8192,rootsift,lightglue,2048,8192,1324,107_0005_0086.JPG,107_0005_0093.JPG,6254,6289,818,651,0.7958435207823961,104.09338023664854,0.5625,0.34375,0.8519855737686157,False,ok,0.258721099991817
D1_154_building,rootsift-lightglue-r2048-k8192,rootsift,lightglue,2048,8192,1325,107_0005_0086.JPG,107_0005_0094.JPG,6254,6323,745,585,0.785234899328859,93.54013431403901,0.453125,0.375,0.8335552215576172,False,ok,0.43346240001847036
D1_154_building,rootsift-lightglue-r2048-k8192,rootsift,lightglue,2048,8192,1326,107_0005_0086.JPG,107_0005_0097.JPG,6254,6325,305,207,0.6786885245901639,33.098816757275344,0.171875,0.171875,0.6401353478431702,False,ok,0.4554815999872517
D1_154_building,rootsift-lightglue-r2048-k8192,rootsift,lightglue,2048,8192,1327,107_0005_0086.JPG,107_0005_0098.JPG,6254,6322,654,518,0.7920489296636085,82.8269907259354,0.3125,0.328125,0.7871615290641785,False,ok,0.44555119998403825
D1_154_building,rootsift-lightglue-r2048-k8192,rootsift,lightglue,2048,8192,1328,107_0005_0086.JPG,107_0005_0099.JPG,6254,6319,716,521,0.7276536312849162,83.30668372241766,0.390625,0.390625,0.798093855381012,False,ok,0.3243217999988701
D1_154_building,rootsift-lightglue-r2048-k8192,rootsift,lightglue,2048,8192,1329,107_0005_0086.JPG,107_0005_0100.JPG,6254,6291,851,627,0.736780258519389,100.25583626479053,0.515625,0.453125,0.7717059850692749,False,ok,0.49694050001562573
D1_154_building,rootsift-lightglue-r2048-k8192,rootsift,lightglue,2048,8192,1330,107_0005_0086.JPG,107_0005_0101.JPG,6254,6238,981,705,0.7186544342507645,113.01699262584161,0.59375,0.484375,0.7266252040863037,False,ok,0.46403979999013245
D1_154_building,rootsift-lightglue-r2048-k8192,rootsift,lightglue,2048,8192,1331,107_0005_0086.JPG,107_0005_0102.JPG,6254,6242,981,635,0.6472986748216106,101.73021467478372,0.625,0.46875,0.6747605800628662,False,ok,0.5123734999797307
D1_154_building,rootsift-lightglue-r2048-k8192,rootsift,lightglue,2048,8192,1332,107_0005_0086.JPG,107_0005_0103.JPG,6254,6195,923,581,0.6294691224268689,93.78531073446328,0.609375,0.4375,0.6569280028343201,False,ok,0.45613679999951273
D1_154_building,rootsift-lightglue-r2048-k8192,rootsift,lightglue,2048,8192,1333,107_0005_0086.JPG,107_0005_0128.JPG,6254,5989,57,52,0.9122807017543859,8.682584738687593,0.125,0.171875,0.34203043580055237,False,ok,0.3426282000145875
D1_154_building,rootsift-lightglue-r2048-k8192,rootsift,lightglue,2048,8192,1334,107_0005_0087.JPG,107_0005_0088.JPG,6217,6145,3132,3033,0.9683908045977011,493.5720097640358,1.0,0.875,0.9079595804214478,False,ok,0.37283979999483563
D1_154_building,rootsift-lightglue-r2048-k8192,rootsift,lightglue,2048,8192,1335,107_0005_0087.JPG,107_0005_0089.JPG,6217,6196,2007,1835,0.9142999501743896,296.1588121368625,0.859375,0.625,0.877443253993988,False,ok,0.3540256999840494
D1_154_building,rootsift-lightglue-r2048-k8192,rootsift,lightglue,2048,8192,1336,107_0005_0087.JPG,107_0005_0090.JPG,6217,6176,1323,1080,0.8163265306122449,174.87046632124353,0.734375,0.46875,0.8439042568206787,False,ok,0.23307489999569952
D1_154_building,rootsift-lightglue-r2048-k8192,rootsift,lightglue,2048,8192,1337,107_0005_0087.JPG,107_0005_0091.JPG,6217,6178,1111,887,0.7983798379837984,143.57397215927486,0.71875,0.328125,0.8357704877853394,False,ok,0.43768369997269474
D1_154_building,rootsift-lightglue-r2048-k8192,rootsift,lightglue,2048,8192,1338,107_0005_0087.JPG,107_0005_0092.JPG,6217,6229,1261,1052,0.8342585249801745,169.21344700016084,0.765625,0.421875,0.8537231683731079,False,ok,0.24647749998257495
D1_154_building,rootsift-lightglue-r2048-k8192,rootsift,lightglue,2048,8192,1339,107_0005_0087.JPG,107_0005_0093.JPG,6217,6289,1252,1038,0.829073482428115,166.96155702107126,0.625,0.484375,0.8454166650772095,False,ok,0.3749926000018604
D1_154_building,rootsift-lightglue-r2048-k8192,rootsift,lightglue,2048,8192,1340,107_0005_0087.JPG,107_0005_0094.JPG,6217,6323,1178,965,0.8191850594227504,155.21955927296125,0.5,0.453125,0.853772759437561,False,ok,0.26440779998665676
D1_154_building,rootsift-lightglue-r2048-k8192,rootsift,lightglue,2048,8192,1341,107_0005_0087.JPG,107_0005_0095.JPG,6217,6475,703,527,0.7496443812233285,84.76757278430111,0.3125,0.359375,0.750977098941803,False,ok,0.15491800001473166
D1_154_building,rootsift-lightglue-r2048-k8192,rootsift,lightglue,2048,8192,1342,107_0005_0087.JPG,107_0005_0097.JPG,6217,6325,496,346,0.6975806451612904,55.65385234035708,0.21875,0.234375,0.6879281401634216,False,ok,0.20381389997783117
D1_154_building,rootsift-lightglue-r2048-k8192,rootsift,lightglue,2048,8192,1343,107_0005_0087.JPG,107_0005_0098.JPG,6217,6322,960,696,0.725,111.9511018175969,0.359375,0.375,0.8225716948509216,False,ok,0.4508993999916129
D1_154_building,rootsift-lightglue-r2048-k8192,rootsift,lightglue,2048,8192,1344,107_0005_0087.JPG,107_0005_0099.JPG,6217,6319,1045,876,0.8382775119617225,140.90397297732025,0.46875,0.5,0.834489643573761,False,ok,0.43507119998685084
D1_154_building,rootsift-lightglue-r2048-k8192,rootsift,lightglue,2048,8192,1345,107_0005_0087.JPG,107_0005_0100.JPG,6217,6291,1192,977,0.8196308724832215,157.14975068360945,0.5625,0.546875,0.8034287691116333,False,ok,0.45806020000600256
D1_154_building,rootsift-lightglue-r2048-k8192,rootsift,lightglue,2048,8192,1346,107_0005_0087.JPG,107_0005_0101.JPG,6217,6238,1309,995,0.760122230710466,160.0450377995818,0.703125,0.609375,0.7330226898193359,False,ok,0.5008842999814078
D1_154_building,rootsift-lightglue-r2048-k8192,rootsift,lightglue,2048,8192,1347,107_0005_0087.JPG,107_0005_0102.JPG,6217,6242,1114,779,0.699281867145422,125.30159240791379,0.640625,0.578125,0.6650412082672119,False,ok,0.43349809999926947
D1_154_building,rootsift-lightglue-r2048-k8192,rootsift,lightglue,2048,8192,1348,107_0005_0087.JPG,107_0005_0103.JPG,6217,6195,1128,780,0.6914893617021277,125.90799031476998,0.6875,0.5625,0.641281008720398,False,ok,0.4952343000040855
D1_154_building,rootsift-lightglue-r2048-k8192,rootsift,lightglue,2048,8192,1349,107_0005_0088.JPG,107_0005_0089.JPG,6145,6196,3042,2965,0.9746877054569362,482.5061025223759,1.0,0.875,0.8855212926864624,False,ok,0.25252169999293983
D1_154_building,rootsift-lightglue-r2048-k8192,rootsift,lightglue,2048,8192,1350,107_0005_0088.JPG,107_0005_0090.JPG,6145,6176,1929,1744,0.9040953862104717,283.80797396257117,0.875,0.625,0.8709190487861633,False,ok,0.3575033000088297
D1_154_building,rootsift-lightglue-r2048-k8192,rootsift,lightglue,2048,8192,1351,107_0005_0088.JPG,107_0005_0091.JPG,6145,6178,1656,1405,0.8484299516908212,228.64117168429618,0.828125,0.546875,0.8531014323234558,False,ok,0.3805741999822203
D1_154_building,rootsift-lightglue-r2048-k8192,rootsift,lightglue,2048,8192,1352,107_0005_0088.JPG,107_0005_0092.JPG,6145,6229,1787,1631,0.9127028539451595,265.4190398698129,0.84375,0.625,0.8739136457443237,False,ok,0.32064079999690875
D1_154_building,rootsift-lightglue-r2048-k8192,rootsift,lightglue,2048,8192,1353,107_0005_0088.JPG,107_0005_0093.JPG,6145,6289,1750,1564,0.8937142857142857,254.51586655817738,0.6875,0.625,0.8729687929153442,False,ok,0.335918099997798
D1_154_building,rootsift-lightglue-r2048-k8192,rootsift,lightglue,2048,8192,1354,107_0005_0088.JPG,107_0005_0094.JPG,6145,6323,1421,1247,0.8775510204081632,202.92921074043937,0.5,0.5625,0.8575352430343628,False,ok,0.2196665999945253
D1_154_building,rootsift-lightglue-r2048-k8192,rootsift,lightglue,2048,8192,1355,107_0005_0088.JPG,107_0005_0095.JPG,6145,6475,822,611,0.7433090024330901,99.43043124491456,0.359375,0.421875,0.7933030128479004,False,ok,0.47420870000496507
D1_154_building,rootsift-lightglue-r2048-k8192,rootsift,lightglue,2048,8192,1356,107_0005_0088.JPG,107_0005_0096.JPG,6145,6365,287,200,0.6968641114982579,32.546786004882016,0.15625,0.234375,0.6374995112419128,False,ok,0.4835610000009183
D1_154_building,rootsift-lightglue-r2048-k8192,rootsift,lightglue,2048,8192,1357,107_0005_0088.JPG,107_0005_0098.JPG,6145,6322,1187,869,0.7320977253580455,141.41578519121236,0.375,0.46875,0.8393480181694031,False,ok,0.42745259997900575
D1_154_building,rootsift-lightglue-r2048-k8192,rootsift,lightglue,2048,8192,1358,107_0005_0088.JPG,107_0005_0099.JPG,6145,6319,1320,1033,0.7825757575757576,168.1041497152156,0.53125,0.53125,0.8265813589096069,False,ok,0.6140170999860857
D1_154_building,rootsift-lightglue-r2048-k8192,rootsift,lightglue,2048,8192,1359,107_0005_0088.JPG,107_0005_0100.JPG,6145,6291,1512,1224,0.8095238095238095,199.18633034987795,0.625,0.640625,0.7861771583557129,False,ok,0.4775212999957148
D1_154_building,rootsift-lightglue-r2048-k8192,rootsift,lightglue,2048,8192,1360,107_0005_0089.JPG,107_0005_0090.JPG,6196,6176,2909,2842,0.9769680302509454,460.1683937823834,1.0,0.875,0.8920265436172485,False,ok,0.38320449998718686
D1_154_building,rootsift-lightglue-r2048-k8192,rootsift,lightglue,2048,8192,1361,107_0005_0089.JPG,107_0005_0091.JPG,6196,6178,2357,2202,0.9342384386932542,356.42602784072517,0.875,0.734375,0.8875260353088379,False,ok,0.31458040000870824
D1_154_building,rootsift-lightglue-r2048-k8192,rootsift,lightglue,2048,8192,1362,107_0005_0089.JPG,107_0005_0092.JPG,6196,6229,2669,2575,0.9647808167853128,415.5907036797934,0.859375,0.828125,0.8892480731010437,False,ok,0.3692410000076052
D1_154_building,rootsift-lightglue-r2048-k8192,rootsift,lightglue,2048,8192,1363,107_0005_0089.JPG,107_0005_0093.JPG,6196,6289,2034,1896,0.9321533923303835,306.00387346675274,0.65625,0.6875,0.8805155158042908,False,ok,0.22971009998582304
D1_154_building,rootsift-lightglue-r2048-k8192,rootsift,lightglue,2048,8192,1364,107_0005_0089.JPG,107_0005_0094.JPG,6196,6323,1437,1200,0.8350730688935282,193.67333763718528,0.46875,0.609375,0.842135488986969,False,ok,0.4343147999898065
D1_154_building,rootsift-lightglue-r2048-k8192,rootsift,lightglue,2048,8192,1365,107_0005_0089.JPG,107_0005_0095.JPG,6196,6475,810,581,0.717283950617284,93.77017430600387,0.328125,0.46875,0.7793532609939575,False,ok,0.40072190001956187
D1_154_building,rootsift-lightglue-r2048-k8192,rootsift,lightglue,2048,8192,1366,107_0005_0089.JPG,107_0005_0096.JPG,6196,6365,399,273,0.6842105263157895,44.06068431245965,0.1875,0.265625,0.6473440527915955,False,ok,0.49467069999082014
D1_154_building,rootsift-lightglue-r2048-k8192,rootsift,lightglue,2048,8192,1367,107_0005_0089.JPG,107_0005_0097.JPG,6196,6325,857,526,0.6137689614935823,84.89347966429955,0.25,0.34375,0.7050144672393799,False,ok,0.642531899997266
D1_154_building,rootsift-lightglue-r2048-k8192,rootsift,lightglue,2048,8192,1368,107_0005_0090.JPG,107_0005_0091.JPG,6176,6178,3755,3703,0.9861517976031957,599.5790155440415,1.0,0.875,0.8956742286682129,False,ok,0.32259789999807253
D1_154_building,rootsift-lightglue-r2048-k8192,rootsift,lightglue,2048,8192,1369,107_0005_0090.JPG,107_0005_0092.JPG,6176,6229,3092,3005,0.9718628719275549,486.56088082901556,0.84375,0.875,0.8917822241783142,False,ok,0.41721050001797266
D1_154_building,rootsift-lightglue-r2048-k8192,rootsift,lightglue,2048,8192,1370,107_0005_0090.JPG,107_0005_0093.JPG,6176,6289,1954,1746,0.8935516888433982,282.70725388601034,0.546875,0.75,0.8811166286468506,False,ok,0.38764739999896847
D1_154_building,rootsift-lightglue-r2048-k8192,rootsift,lightglue,2048,8192,1371,107_0005_0090.JPG,107_0005_0094.JPG,6176,6323,1336,1086,0.812874251497006,175.8419689119171,0.40625,0.609375,0.8415119051933289,False,ok,0.2836400000087451
D1_154_building,rootsift-lightglue-r2048-k8192,rootsift,lightglue,2048,8192,1372,107_0005_0090.JPG,107_0005_0095.JPG,6176,6475,812,567,0.6982758620689655,91.80699481865285,0.296875,0.453125,0.7367508411407471,False,ok,0.651124299998628
D1_154_building,rootsift-lightglue-r2048-k8192,rootsift,lightglue,2048,8192,1373,107_0005_0090.JPG,107_0005_0096.JPG,6176,6365,512,338,0.66015625,54.7279792746114,0.203125,0.328125,0.6433416604995728,False,ok,0.6097307000018191
D1_154_building,rootsift-lightglue-r2048-k8192,rootsift,lightglue,2048,8192,1374,107_0005_0090.JPG,107_0005_0097.JPG,6176,6325,959,600,0.6256517205422315,97.15025906735751,0.328125,0.453125,0.6731063723564148,False,ok,0.5131498000118881
D1_154_building,rootsift-lightglue-r2048-k8192,rootsift,lightglue,2048,8192,1375,107_0005_0090.JPG,107_0005_0098.JPG,6176,6322,1441,956,0.6634281748785565,154.79274611398964,0.453125,0.640625,0.713280975818634,False,ok,0.48618740000529215
D1_154_building,rootsift-lightglue-r2048-k8192,rootsift,lightglue,2048,8192,1376,107_0005_0091.JPG,107_0005_0092.JPG,6178,6229,2678,2556,0.9544436146377894,413.7261249595338,0.734375,0.921875,0.8746073246002197,False,ok,0.43936849999590777
D1_154_building,rootsift-lightglue-r2048-k8192,rootsift,lightglue,2048,8192,1377,107_0005_0091.JPG,107_0005_0093.JPG,6178,6289,1795,1548,0.8623955431754875,250.56652638394303,0.5,0.75,0.8577650189399719,False,ok,0.41428610001457855
D1_154_building,rootsift-lightglue-r2048-k8192,rootsift,lightglue,2048,8192,1378,107_0005_0091.JPG,107_0005_0094.JPG,6178,6323,1243,983,0.7908286403861625,159.11298154742636,0.359375,0.59375,0.8239204287528992,False,ok,0.3350999999966007
D1_154_building,rootsift-lightglue-r2048-k8192,rootsift,lightglue,2048,8192,1379,107_0005_0091.JPG,107_0005_0095.JPG,6178,6475,761,485,0.6373193166885677,78.50437034639042,0.234375,0.4375,0.710872232913971,False,ok,0.13057750000734814
D1_154_building,rootsift-lightglue-r2048-k8192,rootsift,lightglue,2048,8192,1380,107_0005_0091.JPG,107_0005_0096.JPG,6178,6365,538,340,0.6319702602230484,55.03399158303658,0.1875,0.34375,0.6101297736167908,False,ok,0.15717799999401905
D1_154_building,rootsift-lightglue-r2048-k8192,rootsift,lightglue,2048,8192,1381,107_0005_0091.JPG,107_0005_0097.JPG,6178,6325,896,557,0.6216517857142857,90.15862738750404,0.328125,0.46875,0.6071538329124451,False,ok,0.6320041999861132
D1_154_building,rootsift-lightglue-r2048-k8192,rootsift,lightglue,2048,8192,1382,107_0005_0091.JPG,107_0005_0098.JPG,6178,6322,1357,890,0.6558585114222549,144.0595662026546,0.40625,0.578125,0.6813204884529114,False,ok,0.5067439000122249
D1_154_building,rootsift-lightglue-r2048-k8192,rootsift,lightglue,2048,8192,1383,107_0005_0091.JPG,107_0005_0099.JPG,6178,6319,1571,1062,0.6760025461489497,171.90029135642604,0.546875,0.734375,0.6544557213783264,False,ok,0.5173071000026539
D1_154_building,rootsift-lightglue-r2048-k8192,rootsift,lightglue,2048,8192,1384,107_0005_0092.JPG,107_0005_0093.JPG,6229,6289,2736,2566,0.9378654970760234,411.9441322844758,0.765625,0.90625,0.8729587197303772,False,ok,0.47645799999008887
D1_154_building,rootsift-lightglue-r2048-k8192,rootsift,lightglue,2048,8192,1385,107_0005_0092.JPG,107_0005_0094.JPG,6229,6323,1968,1635,0.8307926829268293,262.4819393161021,0.546875,0.75,0.8431977033615112,False,ok,0.4248768000106793
D1_154_building,rootsift-lightglue-r2048-k8192,rootsift,lightglue,2048,8192,1386,107_0005_0092.JPG,107_0005_0095.JPG,6229,6475,1386,990,0.7142857142857143,158.934018301493,0.40625,0.5625,0.7687928676605225,False,ok,0.5101024000032339
D1_154_building,rootsift-lightglue-r2048-k8192,rootsift,lightglue,2048,8192,1387,107_0005_0092.JPG,107_0005_0096.JPG,6229,6365,1140,712,0.624561403508772,114.30406164713438,0.328125,0.484375,0.7063146829605103,False,ok,0.6205687000183389
D1_154_building,rootsift-lightglue-r2048-k8192,rootsift,lightglue,2048,8192,1388,107_0005_0092.JPG,107_0005_0097.JPG,6229,6325,1627,1013,0.6226183159188691,162.6264247872853,0.46875,0.59375,0.7451121807098389,False,ok,0.5226817000075243
D1_154_building,rootsift-lightglue-r2048-k8192,rootsift,lightglue,2048,8192,1389,107_0005_0092.JPG,107_0005_0098.JPG,6229,6322,1981,1399,0.7062089853609288,224.59463798362498,0.515625,0.625,0.7584840655326843,False,ok,0.4964975000184495
D1_154_building,rootsift-lightglue-r2048-k8192,rootsift,lightglue,2048,8192,1390,107_0005_0092.JPG,107_0005_0099.JPG,6229,6319,2130,1561,0.7328638497652582,250.60202279659657,0.671875,0.65625,0.7459120750427246,False,ok,0.6244332999922335
D1_154_building,rootsift-lightglue-r2048-k8192,rootsift,lightglue,2048,8192,1391,107_0005_0092.JPG,107_0005_0100.JPG,6229,6291,2148,1549,0.7211359404096834,248.67554984748756,0.78125,0.734375,0.72014981508255,False,ok,0.8321395000093617
D1_154_building,rootsift-lightglue-r2048-k8192,rootsift,lightglue,2048,8192,1392,107_0005_0093.JPG,107_0005_0094.JPG,6289,6323,3101,2770,0.8932602386326991,440.45158212752426,0.75,0.921875,0.8654912114143372,False,ok,0.46367409999947995
D1_154_building,rootsift-lightglue-r2048-k8192,rootsift,lightglue,2048,8192,1393,107_0005_0093.JPG,107_0005_0095.JPG,6289,6475,2212,1698,0.7676311030741411,269.99522976625855,0.609375,0.78125,0.801615297794342,False,ok,0.4656323000090197
D1_154_building,rootsift-lightglue-r2048-k8192,rootsift,lightglue,2048,8192,1394,107_0005_0093.JPG,107_0005_0096.JPG,6289,6365,1754,1162,0.6624857468643102,184.7670535856257,0.46875,0.625,0.7550073862075806,False,ok,0.6609600999800023
D1_154_building,rootsift-lightglue-r2048-k8192,rootsift,lightglue,2048,8192,1395,107_0005_0093.JPG,107_0005_0097.JPG,6289,6325,2297,1803,0.7849368741837179,286.6910478613452,0.578125,0.6875,0.8215398788452148,False,ok,0.6756031999830157
D1_154_building,rootsift-lightglue-r2048-k8192,rootsift,lightglue,2048,8192,1396,107_0005_0093.JPG,107_0005_0098.JPG,6289,6322,2542,2032,0.7993705743509048,323.1038320877723,0.703125,0.71875,0.8304851651191711,False,ok,0.6344879999815021
D1_154_building,rootsift-lightglue-r2048-k8192,rootsift,lightglue,2048,8192,1397,107_0005_0093.JPG,107_0005_0099.JPG,6289,6319,2382,1923,0.8073047858942065,305.7719828271585,0.796875,0.765625,0.8167648315429688,False,ok,0.5266128999937791
D1_154_building,rootsift-lightglue-r2048-k8192,rootsift,lightglue,2048,8192,1398,107_0005_0093.JPG,107_0005_0100.JPG,6289,6291,2055,1577,0.767396593673966,250.75528700906344,0.859375,0.765625,0.7969440221786499,False,ok,0.5271222000010312
D1_154_building,rootsift-lightglue-r2048-k8192,rootsift,lightglue,2048,8192,1399,107_0005_0093.JPG,107_0005_0101.JPG,6289,6238,1744,1269,0.7276376146788991,203.43058672651492,0.8125,0.578125,0.7896843552589417,False,ok,0.6890732000174467
D1_154_building,rootsift-lightglue-r2048-k8192,rootsift,lightglue,2048,8192,1400,107_0005_0094.JPG,107_0005_0095.JPG,6323,6475,3245,2790,0.8597842835130971,441.24624387157996,0.8125,0.921875,0.8373642563819885,False,ok,0.6069513999973424
D1_154_building,rootsift-lightglue-r2048-k8192,rootsift,lightglue,2048,8192,1401,107_0005_0094.JPG,107_0005_0096.JPG,6323,6365,2268,1687,0.7438271604938271,266.8037324055037,0.609375,0.6875,0.8113240599632263,False,ok,0.579208600014681
D1_154_building,rootsift-lightglue-r2048-k8192,rootsift,lightglue,2048,8192,1402,107_0005_0094.JPG,107_0005_0097.JPG,6323,6325,2618,2253,0.8605805958747135,356.31820338446937,0.734375,0.78125,0.8397114872932434,False,ok,0.42577329999767244
D1_154_building,rootsift-lightglue-r2048-k8192,rootsift,lightglue,2048,8192,1403,107_0005_0094.JPG,107_0005_0098.JPG,6323,6322,2638,2241,0.8495072024260804,354.47643150901615,0.84375,0.796875,0.8376268744468689,False,ok,0.6149742999987211
D1_154_building,rootsift-lightglue-r2048-k8192,rootsift,lightglue,2048,8192,1404,107_0005_0094.JPG,107_0005_0099.JPG,6323,6319,2369,1884,0.7952722667792318,298.14844120905207,0.859375,0.71875,0.8047360181808472,False,ok,0.6707355999969877
D1_154_building,rootsift-lightglue-r2048-k8192,rootsift,lightglue,2048,8192,1405,107_0005_0094.JPG,107_0005_0100.JPG,6323,6291,1761,1263,0.717206132879046,200.76299475441107,0.796875,0.53125,0.7799298763275146,False,ok,0.47660319998976775
D1_154_building,rootsift-lightglue-r2048-k8192,rootsift,lightglue,2048,8192,1406,107_0005_0094.JPG,107_0005_0101.JPG,6323,6238,1349,927,0.687175685693106,148.60532221865984,0.71875,0.40625,0.7694970369338989,False,ok,0.41589980002027005
D1_154_building,rootsift-lightglue-r2048-k8192,rootsift,lightglue,2048,8192,1407,107_0005_0094.JPG,107_0005_0102.JPG,6323,6242,915,563,0.6153005464480874,90.19545017622556,0.609375,0.28125,0.689556896686554,False,ok,0.6387763999809977
D1_154_building,rootsift-lightglue-r2048-k8192,rootsift,lightglue,2048,8192,1408,107_0005_0095.JPG,107_0005_0096.JPG,6475,6365,2994,2517,0.8406813627254509,395.44383346425764,0.796875,0.875,0.8397274613380432,False,ok,0.19368299999041483
D1_154_building,rootsift-lightglue-r2048-k8192,rootsift,lightglue,2048,8192,1409,107_0005_0095.JPG,107_0005_0097.JPG,6475,6325,2944,2527,0.8583559782608695,399.52569169960475,0.875,0.796875,0.8354583382606506,False,ok,0.4139162999927066
D1_154_building,rootsift-lightglue-r2048-k8192,rootsift,lightglue,2048,8192,1410,107_0005_0095.JPG,107_0005_0098.JPG,6475,6322,2388,1964,0.8224455611390284,310.661183169883,0.8125,0.671875,0.8207476139068604,False,ok,0.5380024000187404
D1_154_building,rootsift-lightglue-r2048-k8192,rootsift,lightglue,2048,8192,1411,107_0005_0095.JPG,107_0005_0099.JPG,6475,6319,1937,1489,0.7687145069695406,235.63855040354485,0.75,0.5,0.7848308086395264,False,ok,0.6801825999864377
D1_154_building,rootsift-lightglue-r2048-k8192,rootsift,lightglue,2048,8192,1412,107_0005_0095.JPG,107_0005_0100.JPG,6475,6291,1341,938,0.6994780014914244,149.10189159116197,0.6875,0.390625,0.748322069644928,False,ok,0.526142599992454
D1_154_building,rootsift-lightglue-r2048-k8192,rootsift,lightglue,2048,8192,1413,107_0005_0095.JPG,107_0005_0101.JPG,6475,6238,932,612,0.6566523605150214,98.10836806668804,0.53125,0.3125,0.7381671667098999,False,ok,0.3750489999947604
D1_154_building,rootsift-lightglue-r2048-k8192,rootsift,lightglue,2048,8192,1414,107_0005_0095.JPG,107_0005_0102.JPG,6475,6242,469,275,0.5863539445628998,44.05639218199295,0.375,0.171875,0.6609256267547607,False,ok,0.6075524999760091
D1_154_building,rootsift-lightglue-r2048-k8192,rootsift,lightglue,2048,8192,1415,107_0005_0095.JPG,107_0005_0103.JPG,6475,6195,371,220,0.5929919137466307,35.512510088781276,0.34375,0.171875,0.6066602468490601,False,ok,0.5272369000012986
D1_154_building,rootsift-lightglue-r2048-k8192,rootsift,lightglue,2048,8192,1416,107_0005_0096.JPG,107_0005_0097.JPG,6365,6325,2982,2601,0.8722334004024145,411.22529644268775,0.96875,0.78125,0.8146117329597473,False,ok,0.5178325999877416
D1_154_building,rootsift-lightglue-r2048-k8192,rootsift,lightglue,2048,8192,1417,107_0005_0096.JPG,107_0005_0098.JPG,6365,6322,2202,1834,0.8328792007266121,290.0980702309396,0.765625,0.5625,0.8020782470703125,False,ok,0.5711034999985714
D1_154_building,rootsift-lightglue-r2048-k8192,rootsift,lightglue,2048,8192,1418,107_0005_0096.JPG,107_0005_0099.JPG,6365,6319,1661,1324,0.7971101745936183,209.52682386453552,0.640625,0.4375,0.7607792019844055,False,ok,0.5752895000041462
D1_154_building,rootsift-lightglue-r2048-k8192,rootsift,lightglue,2048,8192,1419,107_0005_0096.JPG,107_0005_0100.JPG,6365,6291,1067,770,0.7216494845360825,122.39707518677476,0.53125,0.28125,0.7696909308433533,False,ok,0.4356481999857351
D1_154_building,rootsift-lightglue-r2048-k8192,rootsift,lightglue,2048,8192,1420,107_0005_0096.JPG,107_0005_0101.JPG,6365,6238,705,459,0.6510638297872341,73.58127605001603,0.375,0.125,0.7910672426223755,False,ok,0.4637943999841809
D1_154_building,rootsift-lightglue-r2048-k8192,rootsift,lightglue,2048,8192,1421,107_0005_0096.JPG,107_0005_0102.JPG,6365,6242,155,121,0.7806451612903226,19.3848125600769,0.265625,0.078125,0.35166341066360474,False,ok,0.6337191000056919
D1_154_building,rootsift-lightglue-r2048-k8192,rootsift,lightglue,2048,8192,1422,107_0005_0096.JPG,107_0005_0103.JPG,6365,6195,10,7,0.7,1.1299435028248588,0.0625,0.046875,0.238841250538826,True,ok,0.22895489999791607
D1_154_building,rootsift-lightglue-r2048-k8192,rootsift,lightglue,2048,8192,1423,107_0005_0096.JPG,107_0005_0104.JPG,6365,6218,333,176,0.5285285285285285,28.304921196526216,0.25,0.0625,0.6854802370071411,False,ok,0.7003354999760631
D1_154_building,rootsift-lightglue-r2048-k8192,rootsift,lightglue,2048,8192,1424,107_0005_0097.JPG,107_0005_0098.JPG,6325,6322,3229,3008,0.9315577578197585,475.79879784878204,0.921875,0.84375,0.8644505143165588,False,ok,0.4005064999801107
D1_154_building,rootsift-lightglue-r2048-k8192,rootsift,lightglue,2048,8192,1425,107_0005_0097.JPG,107_0005_0099.JPG,6325,6319,2446,2127,0.8695829926410467,336.6038930210476,0.84375,0.578125,0.8574912548065186,False,ok,0.34235540000372566
D1_154_building,rootsift-lightglue-r2048-k8192,rootsift,lightglue,2048,8192,1426,107_0005_0097.JPG,107_0005_0100.JPG,6325,6291,1723,1370,0.7951247823563552,217.77141948815768,0.671875,0.40625,0.836895227432251,False,ok,0.598983199975919
D1_154_building,rootsift-lightglue-r2048-k8192,rootsift,lightglue,2048,8192,1427,107_0005_0097.JPG,107_0005_0101.JPG,6325,6238,1234,924,0.7487844408427877,148.1243988457839,0.546875,0.28125,0.8492686152458191,False,ok,0.4868021000002045
D1_154_building,rootsift-lightglue-r2048-k8192,rootsift,lightglue,2048,8192,1428,107_0005_0097.JPG,107_0005_0102.JPG,6325,6242,786,562,0.7150127226463104,90.03524511374559,0.40625,0.15625,0.8133932948112488,False,ok,0.38489230000413954
D1_154_building,rootsift-lightglue-r2048-k8192,rootsift,lightglue,2048,8192,1429,107_0005_0097.JPG,107_0005_0103.JPG,6325,6195,688,487,0.7078488372093024,78.61178369652946,0.40625,0.171875,0.7934871315956116,False,ok,0.5569895000080578
D1_154_building,rootsift-lightglue-r2048-k8192,rootsift,lightglue,2048,8192,1430,107_0005_0097.JPG,107_0005_0104.JPG,6325,6218,747,505,0.6760374832663989,81.21582502412352,0.40625,0.15625,0.8065720796585083,False,ok,0.41469589999178424
D1_154_building,rootsift-lightglue-r2048-k8192,rootsift,lightglue,2048,8192,1431,107_0005_0097.JPG,107_0005_0105.JPG,6325,6262,744,475,0.6384408602150538,75.85435962951134,0.390625,0.125,0.7978677153587341,False,ok,0.33421530001214705
D1_154_building,rootsift-lightglue-r2048-k8192,rootsift,lightglue,2048,8192,1432,107_0005_0098.JPG,107_0005_0099.JPG,6322,6319,3390,3256,0.96047197640118,515.2714037031176,1.0,0.875,0.8567127585411072,False,ok,0.48651809999137186
D1_154_building,rootsift-lightglue-r2048-k8192,rootsift,lightglue,2048,8192,1433,107_0005_0098.JPG,107_0005_0100.JPG,6322,6291,2511,2282,0.9088012743926722,362.74042282625976,0.875,0.609375,0.8653168082237244,False,ok,0.39661740002338775
D1_154_building,rootsift-lightglue-r2048-k8192,rootsift,lightglue,2048,8192,1434,107_0005_0098.JPG,107_0005_0101.JPG,6322,6238,1933,1646,0.851526125193999,263.8666239179224,0.734375,0.453125,0.853844404220581,False,ok,0.28390170002239756
D1_154_building,rootsift-lightglue-r2048-k8192,rootsift,lightglue,2048,8192,1435,107_0005_0098.JPG,107_0005_0102.JPG,6322,6242,1399,1115,0.7969978556111508,178.6286446651714,0.59375,0.296875,0.8552900552749634,False,ok,0.5883752999943681
D1_154_building,rootsift-lightglue-r2048-k8192,rootsift,lightglue,2048,8192,1436,107_0005_0098.JPG,107_0005_0103.JPG,6322,6195,1302,1006,0.7726574500768049,162.38902340597255,0.59375,0.28125,0.841775119304657,False,ok,0.4733552999969106
D1_154_building,rootsift-lightglue-r2048-k8192,rootsift,lightglue,2048,8192,1437,107_0005_0098.JPG,107_0005_0104.JPG,6322,6218,1384,1012,0.7312138728323699,162.75329688002574,0.59375,0.28125,0.8459352850914001,False,ok,0.4052646000054665
D1_154_building,rootsift-lightglue-r2048-k8192,rootsift,lightglue,2048,8192,1438,107_0005_0098.JPG,107_0005_0105.JPG,6322,6262,1248,852,0.6826923076923077,136.0587671670393,0.546875,0.25,0.850093424320221,False,ok,0.4078168999985792
D1_154_building,rootsift-lightglue-r2048-k8192,rootsift,lightglue,2048,8192,1439,107_0005_0098.JPG,107_0005_0106.JPG,6322,6256,1232,870,0.7061688311688312,139.06649616368287,0.578125,0.25,0.8388766050338745,False,ok,0.1256324999849312
D1_154_building,rootsift-lightglue-r2048-k8192,rootsift,lightglue,2048,8192,1440,107_0005_0099.JPG,107_0005_0100.JPG,6319,6291,3411,3322,0.9739079448841982,528.0559529486568,0.984375,0.859375,0.8878798484802246,False,ok,0.17124470000271685
D1_154_building,rootsift-lightglue-r2048-k8192,rootsift,lightglue,2048,8192,1441,107_0005_0099.JPG,107_0005_0101.JPG,6319,6238,2621,2443,0.9320869896985883,391.63193331195896,0.859375,0.625,0.8935217261314392,False,ok,0.46337080001831055
D1_154_building,rootsift-lightglue-r2048-k8192,rootsift,lightglue,2048,8192,1442,107_0005_0099.JPG,107_0005_0102.JPG,6319,6242,1906,1650,0.8656873032528857,264.3383530919577,0.734375,0.453125,0.8536170721054077,False,ok,0.3271137000119779
D1_154_building,rootsift-lightglue-r2048-k8192,rootsift,lightglue,2048,8192,1443,107_0005_0099.JPG,107_0005_0103.JPG,6319,6195,1834,1544,0.8418756815703381,249.23325262308313,0.734375,0.453125,0.8679112792015076,False,ok,0.5677327000012156
D1_154_building,rootsift-lightglue-r2048-k8192,rootsift,lightglue,2048,8192,1444,107_0005_0099.JPG,107_0005_0104.JPG,6319,6218,1872,1491,0.7964743589743589,239.78771309102606,0.734375,0.390625,0.8778008818626404,False,ok,0.4013544000044931
D1_154_building,rootsift-lightglue-r2048-k8192,rootsift,lightglue,2048,8192,1445,107_0005_0099.JPG,107_0005_0105.JPG,6319,6262,1564,1173,0.75,187.32034493771957,0.625,0.34375,0.878215491771698,False,ok,0.5268569999898318
D1_154_building,rootsift-lightglue-r2048-k8192,rootsift,lightglue,2048,8192,1446,107_0005_0099.JPG,107_0005_0106.JPG,6319,6256,1614,1285,0.7961586121437423,205.40281329923275,0.640625,0.328125,0.8757248520851135,False,ok,0.5976713999989443
D1_154_building,rootsift-lightglue-r2048-k8192,rootsift,lightglue,2048,8192,1447,107_0005_0099.JPG,107_0005_0107.JPG,6319,6308,1989,1641,0.8250377073906485,260.14584654407105,0.734375,0.484375,0.8800803422927856,False,ok,0.33768259998760186
D1_154_building,rootsift-lightglue-r2048-k8192,rootsift,lightglue,2048,8192,1448,107_0005_0100.JPG,107_0005_0101.JPG,6291,6238,3561,3488,0.9795001404099972,559.1535748637384,0.984375,0.875,0.8828176856040955,False,ok,0.3295407999830786
D1_154_building,rootsift-lightglue-r2048-k8192,rootsift,lightglue,2048,8192,1449,107_0005_0100.JPG,107_0005_0102.JPG,6291,6242,2573,2444,0.9498639720171007,391.54117270105735,0.859375,0.625,0.8685657978057861,False,ok,0.21033669999451376
D1_154_building,rootsift-lightglue-r2048-k8192,rootsift,lightglue,2048,8192,1450,107_0005_0100.JPG,107_0005_0103.JPG,6291,6195,2487,2299,0.9244069159630076,371.10573042776434,0.859375,0.625,0.8891501426696777,False,ok,0.496320200007176
D1_154_building,rootsift-lightglue-r2048-k8192,rootsift,lightglue,2048,8192,1451,107_0005_0100.JPG,107_0005_0104.JPG,6291,6218,2402,2133,0.8880099916736053,343.036346091991,0.84375,0.546875,0.8864051103591919,False,ok,0.40388460000394844
D1_154_building,rootsift-lightglue-r2048-k8192,rootsift,lightglue,2048,8192,1452,107_0005_0100.JPG,107_0005_0105.JPG,6291,6262,2040,1706,0.8362745098039216,272.436921111466,0.734375,0.453125,0.8852720856666565,False,ok,0.49176340000121854
D1_154_building,rootsift-lightglue-r2048-k8192,rootsift,lightglue,2048,8192,1453,107_0005_0100.JPG,107_0005_0106.JPG,6291,6256,2099,1792,0.8537398761314912,286.4450127877238,0.75,0.46875,0.8875167965888977,False,ok,0.4155554999888409
D1_154_building,rootsift-lightglue-r2048-k8192,rootsift,lightglue,2048,8192,1454,107_0005_0100.JPG,107_0005_0107.JPG,6291,6308,2422,2235,0.9227910817506193,355.2694325226514,0.828125,0.6875,0.8637670278549194,False,ok,0.4466340000217315
D1_154_building,rootsift-lightglue-r2048-k8192,rootsift,lightglue,2048,8192,1455,107_0005_0100.JPG,107_0005_0108.JPG,6291,6317,2703,2449,0.9060303366629671,389.28628199014463,0.796875,0.796875,0.8668534755706787,False,ok,0.4833087000006344
D1_154_building,rootsift-lightglue-r2048-k8192,rootsift,lightglue,2048,8192,1456,107_0005_0101.JPG,107_0005_0102.JPG,6238,6242,3490,3438,0.9851002865329513,551.1381853158064,0.984375,0.875,0.8932141065597534,False,ok,0.21577919999253936
D1_154_building,rootsift-lightglue-r2048-k8192,rootsift,lightglue,2048,8192,1457,107_0005_0101.JPG,107_0005_0103.JPG,6238,6195,3294,3239,0.9833029751062538,522.8410008071025,0.984375,0.796875,0.8876696825027466,False,ok,0.3522133000078611
D1_154_building,rootsift-lightglue-r2048-k8192,rootsift,lightglue,2048,8192,1458,107_0005_0101.JPG,107_0005_0104.JPG,6238,6218,3057,2941,0.9620543016028786,472.9816661305886,0.984375,0.734375,0.8862446546554565,False,ok,0.435322899982566
D1_154_building,rootsift-lightglue-r2048-k8192,rootsift,lightglue,2048,8192,1459,107_0005_0101.JPG,107_0005_0105.JPG,6238,6262,2441,2245,0.919705038918476,359.89099070214814,0.828125,0.671875,0.8746106624603271,False,ok,0.3814452000078745
D1_154_building,rootsift-lightglue-r2048-k8192,rootsift,lightglue,2048,8192,1460,107_0005_0101.JPG,107_0005_0106.JPG,6238,6256,2560,2321,0.906640625,372.0743828150048,0.84375,0.65625,0.8951402902603149,False,ok,0.3750472000101581
D1_154_building,rootsift-lightglue-r2048-k8192,rootsift,lightglue,2048,8192,1461,107_0005_0101.JPG,107_0005_0107.JPG,6238,6308,2695,2519,0.9346938775510204,403.8153254248156,0.796875,0.8125,0.8641176819801331,False,ok,0.47627869999269024
D1_154_building,rootsift-lightglue-r2048-k8192,rootsift,lightglue,2048,8192,1462,107_0005_0101.JPG,107_0005_0108.JPG,6238,6317,2289,2079,0.908256880733945,333.27989740301376,0.609375,0.828125,0.8640350699424744,False,ok,0.33437410002807155
D1_154_building,rootsift-lightglue-r2048-k8192,rootsift,lightglue,2048,8192,1463,107_0005_0101.JPG,107_0005_0109.JPG,6238,6313,1766,1514,0.8573046432616082,242.70599551138184,0.484375,0.671875,0.8487274646759033,False,ok,0.4290949000278488
D1_154_building,rootsift-lightglue-r2048-k8192,rootsift,lightglue,2048,8192,1464,107_0005_0102.JPG,107_0005_0103.JPG,6242,6195,4558,4542,0.9964896884598509,733.1719128329298,1.0,1.0,0.901462197303772,False,ok,0.33996379998279735
D1_154_building,rootsift-lightglue-r2048-k8192,rootsift,lightglue,2048,8192,1465,107_0005_0102.JPG,107_0005_0104.JPG,6242,6218,3619,3562,0.984249792760431,572.8530073978771,0.921875,0.90625,0.8994139432907104,False,ok,0.45617389999097213
D1_154_building,rootsift-lightglue-r2048-k8192,rootsift,lightglue,2048,8192,1466,107_0005_0102.JPG,107_0005_0105.JPG,6242,6262,2697,2539,0.9414163885799036,406.7606536366549,0.8125,0.8125,0.8763243556022644,False,ok,0.3968458999879658
D1_154_building,rootsift-lightglue-r2048-k8192,rootsift,lightglue,2048,8192,1467,107_0005_0102.JPG,107_0005_0106.JPG,6242,6256,2774,2588,0.9329488103821196,414.61070169817367,0.828125,0.8125,0.8634322881698608,False,ok,0.4050277000060305
D1_154_building,rootsift-lightglue-r2048-k8192,rootsift,lightglue,2048,8192,1468,107_0005_0102.JPG,107_0005_0107.JPG,6242,6308,2197,1999,0.9098771051433774,320.24991989746877,0.59375,0.8125,0.8699756264686584,False,ok,0.4655429999984335
D1_154_building,rootsift-lightglue-r2048-k8192,rootsift,lightglue,2048,8192,1469,107_0005_0102.JPG,107_0005_0108.JPG,6242,6317,1800,1569,0.8716666666666667,251.36174303107978,0.484375,0.734375,0.8475507497787476,False,ok,0.25317579999682494
D1_154_building,rootsift-lightglue-r2048-k8192,rootsift,lightglue,2048,8192,1470,107_0005_0102.JPG,107_0005_0109.JPG,6242,6313,1353,1075,0.7945306725794531,172.22044216597246,0.375,0.625,0.8666349649429321,False,ok,0.46943160000955686
D1_154_building,rootsift-lightglue-r2048-k8192,rootsift,lightglue,2048,8192,1471,107_0005_0102.JPG,107_0005_0110.JPG,6242,6461,979,718,0.7334014300306435,115.02723486062159,0.265625,0.53125,0.8023409843444824,False,ok,0.506349000002956
D1_154_building,rootsift-lightglue-r2048-k8192,rootsift,lightglue,2048,8192,1472,107_0005_0102.JPG,107_0005_0125.JPG,6242,6242,2702,2137,0.7908956328645448,342.35821851970525,0.75,0.859375,0.811063826084137,False,ok,0.5872393999889027
D1_154_building,rootsift-lightglue-r2048-k8192,rootsift,lightglue,2048,8192,1473,107_0005_0103.JPG,107_0005_0104.JPG,6195,6218,3522,3464,0.9835320840431573,559.1606133979016,0.890625,0.875,0.8970367312431335,False,ok,0.4022904000012204
D1_154_building,rootsift-lightglue-r2048-k8192,rootsift,lightglue,2048,8192,1474,107_0005_0103.JPG,107_0005_0105.JPG,6195,6262,2615,2451,0.9372848948374761,395.6416464891041,0.796875,0.796875,0.8754920363426208,False,ok,0.47272639998118393
D1_154_building,rootsift-lightglue-r2048-k8192,rootsift,lightglue,2048,8192,1475,107_0005_0103.JPG,107_0005_0106.JPG,6195,6256,2738,2559,0.9346238130021913,413.07506053268764,0.8125,0.8125,0.8634011149406433,False,ok,0.3411532000172883
D1_154_building,rootsift-lightglue-r2048-k8192,rootsift,lightglue,2048,8192,1476,107_0005_0103.JPG,107_0005_0107.JPG,6195,6308,2137,1927,0.9017313991576977,311.05730427764325,0.578125,0.8125,0.8643993735313416,False,ok,0.13185279999743216
D1_154_building,rootsift-lightglue-r2048-k8192,rootsift,lightglue,2048,8192,1477,107_0005_0103.JPG,107_0005_0108.JPG,6195,6317,1769,1495,0.8451102317693612,241.32364810330913,0.46875,0.75,0.871883749961853,False,ok,0.16163739998592064
D1_154_building,rootsift-lightglue-r2048-k8192,rootsift,lightglue,2048,8192,1478,107_0005_0103.JPG,107_0005_0109.JPG,6195,6313,1287,1013,0.7871017871017871,163.5189669087974,0.359375,0.59375,0.8593311905860901,False,ok,0.4818567000038456
D1_154_building,rootsift-lightglue-r2048-k8192,rootsift,lightglue,2048,8192,1479,107_0005_0103.JPG,107_0005_0110.JPG,6195,6461,899,670,0.7452725250278087,108.15173527037933,0.265625,0.515625,0.7968698143959045,False,ok,0.3647523999970872
D1_154_building,rootsift-lightglue-r2048-k8192,rootsift,lightglue,2048,8192,1480,107_0005_0103.JPG,107_0005_0111.JPG,6195,6473,433,269,0.6212471131639723,43.42211460855528,0.15625,0.390625,0.6525026559829712,False,ok,0.6806215999822598
D1_154_building,rootsift-lightglue-r2048-k8192,rootsift,lightglue,2048,8192,1481,107_0005_0103.JPG,107_0005_0125.JPG,6195,6242,2638,2081,0.788855193328279,335.91606133979013,0.734375,0.8125,0.8025942444801331,False,ok,0.5811198999872431
D1_154_building,rootsift-lightglue-r2048-k8192,rootsift,lightglue,2048,8192,1482,107_0005_0104.JPG,107_0005_0105.JPG,6218,6262,3597,3548,0.9863775368362524,570.6014795754262,0.9375,0.9375,0.8967279195785522,False,ok,0.3046742999868002
D1_154_building,rootsift-lightglue-r2048-k8192,rootsift,lightglue,2048,8192,1483,107_0005_0104.JPG,107_0005_0106.JPG,6218,6256,3624,3569,0.9848233995584988,573.9787713091026,0.953125,0.953125,0.8916630148887634,False,ok,0.44385899999178946
D1_154_building,rootsift-lightglue-r2048-k8192,rootsift,lightglue,2048,8192,1484,107_0005_0104.JPG,107_0005_0107.JPG,6218,6308,2806,2703,0.9632929436920884,434.7056931489225,0.671875,0.96875,0.8809065222740173,False,ok,0.3038898000086192
D1_154_building,rootsift-lightglue-r2048-k8192,rootsift,lightglue,2048,8192,1485,107_0005_0104.JPG,107_0005_0108.JPG,6218,6317,2193,1972,0.8992248062015504,317.1437761338051,0.546875,0.859375,0.8804489970207214,False,ok,0.41273609999916516
D1_154_building,rootsift-lightglue-r2048-k8192,rootsift,lightglue,2048,8192,1486,107_0005_0104.JPG,107_0005_0109.JPG,6218,6313,1555,1300,0.8360128617363344,209.07044065615955,0.4375,0.703125,0.8724039196968079,False,ok,0.49601350000011735
D1_154_building,rootsift-lightglue-r2048-k8192,rootsift,lightglue,2048,8192,1487,107_0005_0104.JPG,107_0005_0110.JPG,6218,6461,1046,780,0.745697896749522,125.44226439369572,0.3125,0.5625,0.8205960988998413,False,ok,0.37197740000556223
D1_154_building,rootsift-lightglue-r2048-k8192,rootsift,lightglue,2048,8192,1488,107_0005_0104.JPG,107_0005_0111.JPG,6218,6473,537,340,0.633147113594041,54.67996140238019,0.203125,0.390625,0.7050389051437378,False,ok,0.5608825999952387
D1_154_building,rootsift-lightglue-r2048-k8192,rootsift,lightglue,2048,8192,1489,107_0005_0104.JPG,107_0005_0112.JPG,6218,6392,178,109,0.6123595505617978,17.52975233193953,0.0625,0.171875,0.5337714552879333,False,ok,0.496894500014605
D1_154_building,rootsift-lightglue-r2048-k8192,rootsift,lightglue,2048,8192,1490,107_0005_0104.JPG,107_0005_0122.JPG,6218,6249,1967,1696,0.8622267412303,272.7565133483435,0.6875,0.671875,0.8535429239273071,False,ok,0.47003440000116825
D1_154_building,rootsift-lightglue-r2048-k8192,rootsift,lightglue,2048,8192,1491,107_0005_0104.JPG,107_0005_0123.JPG,6218,6267,2013,1773,0.8807749627421758,285.13991637182374,0.6875,0.6875,0.8615798950195312,False,ok,0.5727993999898899
D1_154_building,rootsift-lightglue-r2048-k8192,rootsift,lightglue,2048,8192,1492,107_0005_0104.JPG,107_0005_0124.JPG,6218,6209,2558,2245,0.8776387802971071,361.5719117410211,0.75,0.796875,0.8807039856910706,False,ok,0.48673169998801313
D1_154_building,rootsift-lightglue-r2048-k8192,rootsift,lightglue,2048,8192,1493,107_0005_0104.JPG,107_0005_0125.JPG,6218,6242,2946,2538,0.8615071283095723,408.16982952717916,0.75,0.90625,0.8547226786613464,False,ok,0.5403381999931298
D1_154_building,rootsift-lightglue-r2048-k8192,rootsift,lightglue,2048,8192,1494,107_0005_0104.JPG,107_0005_0126.JPG,6218,6094,2628,2114,0.80441400304414,346.8985887758451,0.65625,0.796875,0.8316723704338074,False,ok,0.7148882000183221
D1_154_building,rootsift-lightglue-r2048-k8192,rootsift,lightglue,2048,8192,1495,107_0005_0105.JPG,107_0005_0106.JPG,6262,6256,4555,4541,0.9969264544456641,725.8631713554987,1.0,1.0,0.8958364725112915,False,ok,0.26602969999657944
D1_154_building,rootsift-lightglue-r2048-k8192,rootsift,lightglue,2048,8192,1496,107_0005_0105.JPG,107_0005_0107.JPG,6262,6308,3301,3231,0.9787943047561345,515.9693388693709,0.765625,0.984375,0.8844841122627258,False,ok,0.3750208000128623
D1_154_building,rootsift-lightglue-r2048-k8192,rootsift,lightglue,2048,8192,1497,107_0005_0105.JPG,107_0005_0108.JPG,6262,6317,2486,2287,0.919951729686243,365.21877994251037,0.609375,0.859375,0.8993341326713562,False,ok,0.3327704000112135
D1_154_building,rootsift-lightglue-r2048-k8192,rootsift,lightglue,2048,8192,1498,107_0005_0105.JPG,107_0005_0109.JPG,6262,6313,1721,1497,0.8698431144683324,239.061002874481,0.453125,0.703125,0.8658096790313721,False,ok,0.4497966999770142
D1_154_building,rootsift-lightglue-r2048-k8192,rootsift,lightglue,2048,8192,1499,107_0005_0105.JPG,107_0005_0110.JPG,6262,6461,1212,885,0.7301980198019802,141.32864899393167,0.296875,0.578125,0.8364942669868469,False,ok,0.5465206000080798
D1_154_building,rootsift-lightglue-r2048-k8192,rootsift,lightglue,2048,8192,1500,107_0005_0105.JPG,107_0005_0111.JPG,6262,6473,625,399,0.6384,63.717662088789524,0.1875,0.421875,0.7402984499931335,False,ok,0.2957948999828659
D1_154_building,rootsift-lightglue-r2048-k8192,rootsift,lightglue,2048,8192,1501,107_0005_0105.JPG,107_0005_0112.JPG,6262,6392,285,162,0.5684210526315789,25.870328968380708,0.09375,0.203125,0.6584354639053345,False,ok,0.5501807999971788
D1_154_building,rootsift-lightglue-r2048-k8192,rootsift,lightglue,2048,8192,1502,107_0005_0105.JPG,107_0005_0113.JPG,6262,6395,280,156,0.5571428571428572,24.91216863621846,0.09375,0.203125,0.6497750878334045,False,ok,0.4220060000079684
D1_154_building,rootsift-lightglue-r2048-k8192,rootsift,lightglue,2048,8192,1503,107_0005_0105.JPG,107_0005_0121.JPG,6262,6236,2156,1975,0.9160482374768089,316.70942912123155,0.59375,0.84375,0.8687108755111694,False,ok,0.4451388999877963
D1_154_building,rootsift-lightglue-r2048-k8192,rootsift,lightglue,2048,8192,1504,107_0005_0105.JPG,107_0005_0122.JPG,6262,6249,2616,2421,0.9254587155963303,387.4219875180029,0.796875,0.796875,0.8612729907035828,False,ok,0.4501847000210546
D1_154_building,rootsift-lightglue-r2048-k8192,rootsift,lightglue,2048,8192,1505,107_0005_0105.JPG,107_0005_0123.JPG,6262,6267,2724,2537,0.9313509544787077,405.1421271159374,0.8125,0.796875,0.8566886186599731,False,ok,0.3627013000077568
D1_154_building,rootsift-lightglue-r2048-k8192,rootsift,lightglue,2048,8192,1506,107_0005_0105.JPG,107_0005_0124.JPG,6262,6209,3141,2917,0.9286851321235275,469.80190046706394,0.8125,0.953125,0.8889832496643066,False,ok,0.5208496999985073
D1_154_building,rootsift-lightglue-r2048-k8192,rootsift,lightglue,2048,8192,1507,107_0005_0105.JPG,107_0005_0125.JPG,6262,6242,2878,2512,0.8728283530229326,402.4351169496956,0.71875,0.890625,0.8810123801231384,False,ok,0.508084000000963
D1_154_building,rootsift-lightglue-r2048-k8192,rootsift,lightglue,2048,8192,1508,107_0005_0106.JPG,107_0005_0107.JPG,6256,6308,3326,3256,0.9789536981358989,520.4603580562659,0.75,0.984375,0.9000923037528992,False,ok,0.3231116999813821
D1_154_building,rootsift-lightglue-r2048-k8192,rootsift,lightglue,2048,8192,1509,107_0005_0106.JPG,107_0005_0108.JPG,6256,6317,2450,2260,0.9224489795918367,361.2531969309463,0.609375,0.859375,0.8990600109100342,False,ok,0.49966519998270087
D1_154_building,rootsift-lightglue-r2048-k8192,rootsift,lightglue,2048,8192,1510,107_0005_0106.JPG,107_0005_0109.JPG,6256,6313,1699,1481,0.8716892289582107,236.73273657289002,0.453125,0.703125,0.859255850315094,False,ok,0.10455200000433251
D1_154_building,rootsift-lightglue-r2048-k8192,rootsift,lightglue,2048,8192,1511,107_0005_0106.JPG,107_0005_0110.JPG,6256,6461,1193,881,0.7384744341994971,140.82480818414322,0.28125,0.5625,0.8276054859161377,False,ok,0.15283520001685247
D1_154_building,rootsift-lightglue-r2048-k8192,rootsift,lightglue,2048,8192,1512,107_0005_0106.JPG,107_0005_0111.JPG,6256,6473,597,400,0.6700167504187605,63.9386189258312,0.171875,0.40625,0.736298680305481,False,ok,0.321209000016097
D1_154_building,rootsift-lightglue-r2048-k8192,rootsift,lightglue,2048,8192,1513,107_0005_0106.JPG,107_0005_0112.JPG,6256,6392,268,166,0.6194029850746269,26.534526854219948,0.078125,0.25,0.6423832774162292,False,ok,0.4771005999937188
D1_154_building,rootsift-lightglue-r2048-k8192,rootsift,lightglue,2048,8192,1514,107_0005_0106.JPG,107_0005_0113.JPG,6256,6395,251,154,0.6135458167330677,24.616368286445013,0.078125,0.234375,0.6887361407279968,False,ok,0.5423134999873582
D1_154_building,rootsift-lightglue-r2048-k8192,rootsift,lightglue,2048,8192,1515,107_0005_0106.JPG,107_0005_0114.JPG,6256,6327,153,82,0.5359477124183006,13.107416879795396,0.0625,0.171875,0.5024966597557068,False,ok,0.38775030002580024
D1_154_building,rootsift-lightglue-r2048-k8192,rootsift,lightglue,2048,8192,1516,107_0005_0106.JPG,107_0005_0121.JPG,6256,6236,2184,2001,0.9162087912087912,320.8787684413085,0.609375,0.828125,0.8713147640228271,False,ok,0.47653519999585114
D1_154_building,rootsift-lightglue-r2048-k8192,rootsift,lightglue,2048,8192,1517,107_0005_0106.JPG,107_0005_0122.JPG,6256,6249,2643,2454,0.9284903518728718,392.7028324531925,0.796875,0.78125,0.8626519441604614,False,ok,0.3703398999932688
D1_154_building,rootsift-lightglue-r2048-k8192,rootsift,lightglue,2048,8192,1518,107_0005_0106.JPG,107_0005_0123.JPG,6256,6267,2714,2536,0.9344141488577745,405.3708439897698,0.796875,0.78125,0.8643830418586731,False,ok,0.49677779999910854
D1_154_building,rootsift-lightglue-r2048-k8192,rootsift,lightglue,2048,8192,1519,107_0005_0106.JPG,107_0005_0124.JPG,6256,6209,3161,2947,0.9322999050933249,474.6335963923337,0.8125,0.9375,0.8889384865760803,False,ok,0.4064364999940153
D1_154_building,rootsift-lightglue-r2048-k8192,rootsift,lightglue,2048,8192,1520,107_0005_0106.JPG,107_0005_0125.JPG,6256,6242,2992,2617,0.8746657754010695,419.25664851009293,0.703125,0.890625,0.8779186010360718,False,ok,0.4451802999828942
D1_154_building,rootsift-lightglue-r2048-k8192,rootsift,lightglue,2048,8192,1521,107_0005_0107.JPG,107_0005_0108.JPG,6308,6317,3563,3486,0.9783889980353635,552.6315789473684,0.859375,1.0,0.891038715839386,False,ok,0.4581198999949265
D1_154_building,rootsift-lightglue-r2048-k8192,rootsift,lightglue,2048,8192,1522,107_0005_0107.JPG,107_0005_0109.JPG,6308,6313,2515,2315,0.9204771371769384,366.99429296131893,0.625,0.84375,0.891101062297821,False,ok,0.25784229999408126
D1_154_building,rootsift-lightglue-r2048-k8192,rootsift,lightglue,2048,8192,1523,107_0005_0107.JPG,107_0005_0110.JPG,6308,6461,1842,1521,0.8257328990228013,241.12238427393785,0.46875,0.71875,0.8719969987869263,False,ok,0.5382188999792561
D1_154_building,rootsift-lightglue-r2048-k8192,rootsift,lightglue,2048,8192,1524,107_0005_0107.JPG,107_0005_0111.JPG,6308,6473,1175,859,0.731063829787234,136.17628408370322,0.296875,0.5625,0.8046940565109253,False,ok,0.5465764999971725
D1_154_building,rootsift-lightglue-r2048-k8192,rootsift,lightglue,2048,8192,1525,107_0005_0107.JPG,107_0005_0112.JPG,6308,6392,728,474,0.6510989010989011,75.142675967026,0.171875,0.390625,0.7660754919052124,False,ok,0.297386699996423
D1_154_building,rootsift-lightglue-r2048-k8192,rootsift,lightglue,2048,8192,1526,107_0005_0107.JPG,107_0005_0113.JPG,6308,6395,728,472,0.6483516483516484,74.82561826252378,0.171875,0.390625,0.7567396759986877,False,ok,0.5225782000052277
D1_154_building,rootsift-lightglue-r2048-k8192,rootsift,lightglue,2048,8192,1527,107_0005_0107.JPG,107_0005_0114.JPG,6308,6327,568,345,0.6073943661971831,54.692454026632845,0.171875,0.40625,0.7382747530937195,False,ok,0.4820303000160493
D1_154_building,rootsift-lightglue-r2048-k8192,rootsift,lightglue,2048,8192,1528,107_0005_0107.JPG,107_0005_0115.JPG,6308,6348,467,280,0.5995717344753747,44.388078630310716,0.140625,0.359375,0.7380334734916687,False,ok,0.32976560000679456
D1_154_building,rootsift-lightglue-r2048-k8192,rootsift,lightglue,2048,8192,1529,107_0005_0107.JPG,107_0005_0120.JPG,6308,6334,2286,2093,0.915573053368329,331.8008877615726,0.703125,0.84375,0.8653357028961182,False,ok,0.483518399996683
D1_154_building,rootsift-lightglue-r2048-k8192,rootsift,lightglue,2048,8192,1530,107_0005_0107.JPG,107_0005_0121.JPG,6308,6236,2662,2462,0.9248685199098422,394.80436177036563,0.8125,0.78125,0.8575153946876526,False,ok,0.34434650000184774
D1_154_building,rootsift-lightglue-r2048-k8192,rootsift,lightglue,2048,8192,1531,107_0005_0107.JPG,107_0005_0122.JPG,6308,6249,2370,2146,0.9054852320675105,343.41494639142263,0.84375,0.65625,0.8671526908874512,False,ok,0.4862399999983609
D1_154_building,rootsift-lightglue-r2048-k8192,rootsift,lightglue,2048,8192,1532,107_0005_0107.JPG,107_0005_0123.JPG,6308,6267,2399,2152,0.8970404335139641,343.3859901069092,0.828125,0.65625,0.8630572557449341,False,ok,0.35698159999446943
D1_154_building,rootsift-lightglue-r2048-k8192,rootsift,lightglue,2048,8192,1533,107_0005_0107.JPG,107_0005_0124.JPG,6308,6209,3533,3390,0.9595244834418342,545.981639555484,0.984375,0.9375,0.8928846716880798,False,ok,0.4148787000158336
D1_154_building,rootsift-lightglue-r2048-k8192,rootsift,lightglue,2048,8192,1534,107_0005_0107.JPG,107_0005_0125.JPG,6308,6242,3220,3043,0.9450310559006211,487.504005126562,0.875,0.9375,0.8906046152114868,False,ok,0.5477077000250574
D1_154_building,rootsift-lightglue-r2048-k8192,rootsift,lightglue,2048,8192,1535,107_0005_0107.JPG,107_0005_0126.JPG,6308,6094,2532,2207,0.8716429699842022,362.1595011486708,0.625,0.71875,0.8912476897239685,False,ok,0.4532427999947686
D1_154_building,rootsift-lightglue-r2048-k8192,rootsift,lightglue,2048,8192,1536,107_0005_0107.JPG,107_0005_0127.JPG,6308,6111,1990,1525,0.7663316582914573,249.54999181803305,0.5,0.65625,0.8753629922866821,False,ok,0.48644430001149885
D1_154_building,rootsift-lightglue-r2048-k8192,rootsift,lightglue,2048,8192,1537,107_0005_0108.JPG,107_0005_0109.JPG,6317,6313,3401,3300,0.9703028521023228,522.7308728021543,0.875,1.0,0.874842643737793,False,ok,0.4366616999905091
D1_154_building,rootsift-lightglue-r2048-k8192,rootsift,lightglue,2048,8192,1538,107_0005_0108.JPG,107_0005_0110.JPG,6317,6461,2534,2200,0.8681925808997633,348.2665822384043,0.625,0.828125,0.8736153841018677,False,ok,0.34134059998905286
D1_154_building,rootsift-lightglue-r2048-k8192,rootsift,lightglue,2048,8192,1539,107_0005_0108.JPG,107_0005_0111.JPG,6317,6473,1667,1321,0.7924415116976604,209.11825233496913,0.46875,0.6875,0.8282685279846191,False,ok,0.3274268999812193
D1_154_building,rootsift-lightglue-r2048-k8192,rootsift,lightglue,2048,8192,1540,107_0005_0108.JPG,107_0005_0112.JPG,6317,6392,1098,780,0.7103825136612022,123.47633370270698,0.25,0.5625,0.7744298577308655,False,ok,0.5452248999790754
D1_154_building,rootsift-lightglue-r2048-k8192,rootsift,lightglue,2048,8192,1541,107_0005_0108.JPG,107_0005_0113.JPG,6317,6395,1072,766,0.7145522388059702,121.26009181573532,0.234375,0.546875,0.7723128795623779,False,ok,0.4360702999983914
D1_154_building,rootsift-lightglue-r2048-k8192,rootsift,lightglue,2048,8192,1542,107_0005_0108.JPG,107_0005_0114.JPG,6317,6327,879,589,0.6700796359499431,93.24046224473642,0.265625,0.546875,0.7771372199058533,False,ok,0.3140107000072021
D1_154_building,rootsift-lightglue-r2048-k8192,rootsift,lightglue,2048,8192,1543,107_0005_0108.JPG,107_0005_0115.JPG,6317,6348,710,455,0.6408450704225352,72.02786132657907,0.21875,0.53125,0.7592101097106934,False,ok,0.5843084999942221
D1_154_building,rootsift-lightglue-r2048-k8192,rootsift,lightglue,2048,8192,1544,107_0005_0108.JPG,107_0005_0116.JPG,6317,6381,717,476,0.6638772663877266,75.35222415703657,0.21875,0.546875,0.7642419338226318,False,ok,0.13143810001201928
D1_154_building,rootsift-lightglue-r2048-k8192,rootsift,lightglue,2048,8192,1545,107_0005_0108.JPG,107_0005_0121.JPG,6317,6236,2219,1975,0.8900405588102749,316.70942912123155,0.84375,0.65625,0.8482075929641724,False,ok,0.14970529999118298
D1_154_building,rootsift-lightglue-r2048-k8192,rootsift,lightglue,2048,8192,1546,107_0005_0108.JPG,107_0005_0122.JPG,6317,6249,1997,1626,0.814221331997997,260.20163226116176,0.734375,0.453125,0.8913673162460327,False,ok,0.41211060000932775
D1_154_building,rootsift-lightglue-r2048-k8192,rootsift,lightglue,2048,8192,1547,107_0005_0108.JPG,107_0005_0123.JPG,6317,6267,1957,1646,0.8410832907511497,262.6456039572363,0.75,0.453125,0.8892141580581665,False,ok,0.36804299999494106
D1_154_building,rootsift-lightglue-r2048-k8192,rootsift,lightglue,2048,8192,1548,107_0005_0108.JPG,107_0005_0124.JPG,6317,6209,2953,2713,0.9187267185912631,436.9463681752295,0.90625,0.75,0.8874453902244568,False,ok,0.47980939998524264
D1_154_building,rootsift-lightglue-r2048-k8192,rootsift,lightglue,2048,8192,1549,107_0005_0108.JPG,107_0005_0125.JPG,6317,6242,3081,2954,0.9587796170074651,473.24575456584427,0.921875,0.84375,0.890541136264801,False,ok,0.4418318999814801
D1_154_building,rootsift-lightglue-r2048-k8192,rootsift,lightglue,2048,8192,1550,107_0005_0108.JPG,107_0005_0126.JPG,6317,6094,2653,2416,0.9106671692423671,396.4555300295373,0.6875,0.734375,0.8985731601715088,False,ok,0.4943767999939155
D1_154_building,rootsift-lightglue-r2048-k8192,rootsift,lightglue,2048,8192,1551,107_0005_0108.JPG,107_0005_0127.JPG,6317,6111,2121,1683,0.7934936350777935,275.40500736377027,0.5,0.625,0.8846572041511536,False,ok,0.4662591000087559
D1_154_building,rootsift-lightglue-r2048-k8192,rootsift,lightglue,2048,8192,1552,107_0005_0108.JPG,107_0005_0128.JPG,6317,5989,1723,1365,0.792222867092281,227.91784939054935,0.4375,0.515625,0.8614510893821716,False,ok,0.5669637999963015
D1_154_building,rootsift-lightglue-r2048-k8192,rootsift,lightglue,2048,8192,1553,107_0005_0109.JPG,107_0005_0110.JPG,6313,6461,3337,3114,0.933173509139946,493.2678599714874,0.859375,0.96875,0.8721705675125122,False,ok,0.46113889999105595
D1_154_building,rootsift-lightglue-r2048-k8192,rootsift,lightglue,2048,8192,1554,107_0005_0109.JPG,107_0005_0111.JPG,6313,6473,2348,1944,0.82793867120954,307.93600506890544,0.578125,0.84375,0.8360282778739929,False,ok,0.4864928999741096
D1_154_building,rootsift-lightglue-r2048-k8192,rootsift,lightglue,2048,8192,1555,107_0005_0109.JPG,107_0005_0112.JPG,6313,6392,1634,1232,0.7539779681762546,195.15285917947094,0.4375,0.65625,0.783517062664032,False,ok,0.5604203999973834
D1_154_building,rootsift-lightglue-r2048-k8192,rootsift,lightglue,2048,8192,1556,107_0005_0109.JPG,107_0005_0113.JPG,6313,6395,1622,1202,0.7410604192355117,190.400760335815,0.421875,0.65625,0.7800740599632263,False,ok,0.5712349999812432
D1_154_building,rootsift-lightglue-r2048-k8192,rootsift,lightglue,2048,8192,1557,107_0005_0109.JPG,107_0005_0114.JPG,6313,6327,1324,951,0.7182779456193353,150.64153334389354,0.390625,0.625,0.7833226323127747,False,ok,0.4675770000030752
D1_154_building,rootsift-lightglue-r2048-k8192,rootsift,lightglue,2048,8192,1558,107_0005_0109.JPG,107_0005_0115.JPG,6313,6348,1003,716,0.7138584247258225,113.41675906858863,0.296875,0.546875,0.8010792136192322,False,ok,0.40651500000967644
D1_154_building,rootsift-lightglue-r2048-k8192,rootsift,lightglue,2048,8192,1559,107_0005_0109.JPG,107_0005_0116.JPG,6313,6381,1008,728,0.7222222222222222,115.317598606051,0.3125,0.5625,0.7992254495620728,False,ok,0.6166231999814045
D1_154_building,rootsift-lightglue-r2048-k8192,rootsift,lightglue,2048,8192,1560,107_0005_0109.JPG,107_0005_0117.JPG,6313,6474,1393,1112,0.7982770997846375,176.14446380484713,0.453125,0.71875,0.8131543397903442,False,ok,0.4989353000128176
D1_154_building,rootsift-lightglue-r2048-k8192,rootsift,lightglue,2048,8192,1561,107_0005_0109.JPG,107_0005_0124.JPG,6313,6209,2255,1875,0.8314855875831486,301.9809953293606,0.78125,0.5625,0.8799957633018494,False,ok,0.39504740000120364
D1_154_building,rootsift-lightglue-r2048-k8192,rootsift,lightglue,2048,8192,1562,107_0005_0109.JPG,107_0005_0125.JPG,6313,6242,2494,2155,0.8640737770649559,345.2419096443448,0.84375,0.640625,0.8815351128578186,False,ok,0.5408139000064693
D1_154_building,rootsift-lightglue-r2048-k8192,rootsift,lightglue,2048,8192,1563,107_0005_0109.JPG,107_0005_0126.JPG,6313,6094,2429,2221,0.914368052696583,364.456842796193,0.71875,0.625,0.8909763693809509,False,ok,0.3653928999847267
D1_154_building,rootsift-lightglue-r2048-k8192,rootsift,lightglue,2048,8192,1564,107_0005_0109.JPG,107_0005_0127.JPG,6313,6111,2161,1856,0.8588616381304951,303.7146129929635,0.515625,0.5625,0.8929772973060608,False,ok,0.5119853999931365
D1_154_building,rootsift-lightglue-r2048-k8192,rootsift,lightglue,2048,8192,1565,107_0005_0109.JPG,107_0005_0128.JPG,6313,5989,1516,1291,0.8515831134564644,215.56186341626315,0.390625,0.4375,0.8787545561790466,False,ok,0.485667500004638
D1_154_building,rootsift-lightglue-r2048-k8192,rootsift,lightglue,2048,8192,1566,107_0005_0109.JPG,107_0005_0129.JPG,6313,6011,1757,1572,0.8947068867387592,261.5205456662785,0.515625,0.515625,0.8855898380279541,False,ok,0.5373215999861713
D1_154_building,rootsift-lightglue-r2048-k8192,rootsift,lightglue,2048,8192,1567,107_0005_0110.JPG,107_0005_0111.JPG,6461,6473,3149,2805,0.8907589711019371,434.14332146726514,0.84375,0.984375,0.8607375025749207,False,ok,0.44972199999028817
D1_154_building,rootsift-lightglue-r2048-k8192,rootsift,lightglue,2048,8192,1568,107_0005_0110.JPG,107_0005_0112.JPG,6461,6392,2207,1798,0.8146805618486633,281.28911138923655,0.625,0.84375,0.7976157069206238,False,ok,0.6240211999975145
D1_154_building,rootsift-lightglue-r2048-k8192,rootsift,lightglue,2048,8192,1569,107_0005_0110.JPG,107_0005_0113.JPG,6461,6395,2184,1764,0.8076923076923077,275.8405003909304,0.625,0.84375,0.7948070168495178,False,ok,0.435385499993572
D1_154_building,rootsift-lightglue-r2048-k8192,rootsift,lightglue,2048,8192,1570,107_0005_0110.JPG,107_0005_0114.JPG,6461,6327,1716,1338,0.7797202797202797,211.4746325272641,0.546875,0.8125,0.8099461793899536,False,ok,0.49878649998572655
D1_154_building,rootsift-lightglue-r2048-k8192,rootsift,lightglue,2048,8192,1571,107_0005_0110.JPG,107_0005_0115.JPG,6461,6348,1319,970,0.7354056103108415,152.8040327662256,0.40625,0.625,0.8110296130180359,False,ok,0.6153403999924194
D1_154_building,rootsift-lightglue-r2048-k8192,rootsift,lightglue,2048,8192,1572,107_0005_0110.JPG,107_0005_0116.JPG,6461,6381,1337,1005,0.7516828721017202,157.49882463563705,0.421875,0.640625,0.8029817938804626,False,ok,0.48924120000447147
D1_154_building,rootsift-lightglue-r2048-k8192,rootsift,lightglue,2048,8192,1573,107_0005_0110.JPG,107_0005_0117.JPG,6461,6474,1740,1435,0.8247126436781609,222.1018418201517,0.625,0.765625,0.8206701278686523,False,ok,0.3651942999858875
D1_154_building,rootsift-lightglue-r2048-k8192,rootsift,lightglue,2048,8192,1574,107_0005_0110.JPG,107_0005_0118.JPG,6461,6381,2360,1985,0.8411016949152542,311.0797680614324,0.796875,0.765625,0.8134180307388306,False,ok,0.5962472000101116
D1_154_building,rootsift-lightglue-r2048-k8192,rootsift,lightglue,2048,8192,1575,107_0005_0110.JPG,107_0005_0126.JPG,6461,6094,1825,1464,0.8021917808219178,240.23629799803086,0.671875,0.515625,0.8425785303115845,False,ok,0.4830715999996755
D1_154_building,rootsift-lightglue-r2048-k8192,rootsift,lightglue,2048,8192,1576,107_0005_0110.JPG,107_0005_0127.JPG,6461,6111,1806,1361,0.7535991140642303,222.71314023891344,0.46875,0.46875,0.8615198135375977,False,ok,0.28103250000276603
D1_154_building,rootsift-lightglue-r2048-k8192,rootsift,lightglue,2048,8192,1577,107_0005_0110.JPG,107_0005_0128.JPG,6461,5989,1221,1122,0.918918918918919,187.34346301552847,0.328125,0.34375,0.8933140635490417,False,ok,0.15411709999898449
D1_154_building,rootsift-lightglue-r2048-k8192,rootsift,lightglue,2048,8192,1578,107_0005_0110.JPG,107_0005_0129.JPG,6461,6011,1367,1251,0.9151426481346013,208.11844950923307,0.4375,0.40625,0.8585140109062195,False,ok,0.154862299998058
D1_154_building,rootsift-lightglue-r2048-k8192,rootsift,lightglue,2048,8192,1579,107_0005_0111.JPG,107_0005_0112.JPG,6473,6392,3148,2702,0.8583227445997459,422.71589486858574,0.828125,0.96875,0.8064490556716919,False,ok,0.6895061999966856
D1_154_building,rootsift-lightglue-r2048-k8192,rootsift,lightglue,2048,8192,1580,107_0005_0111.JPG,107_0005_0113.JPG,6473,6395,3104,2642,0.851159793814433,413.13526192337764,0.828125,0.96875,0.8018987774848938,False,ok,0.43596960001741536
D1_154_building,rootsift-lightglue-r2048-k8192,rootsift,lightglue,2048,8192,1581,107_0005_0111.JPG,107_0005_0114.JPG,6473,6327,2310,1908,0.825974025974026,301.5647226173542,0.640625,0.90625,0.8038077354431152,False,ok,0.600652799999807
D1_154_building,rootsift-lightglue-r2048-k8192,rootsift,lightglue,2048,8192,1582,107_0005_0111.JPG,107_0005_0115.JPG,6473,6348,1679,1341,0.7986896962477665,211.2476370510397,0.515625,0.75,0.8226381540298462,False,ok,0.615952299995115
D1_154_building,rootsift-lightglue-r2048-k8192,rootsift,lightglue,2048,8192,1583,107_0005_0111.JPG,107_0005_0116.JPG,6473,6381,1756,1379,0.7853075170842825,216.11032753486916,0.53125,0.765625,0.7985844016075134,False,ok,0.5011359000054654
D1_154_building,rootsift-lightglue-r2048-k8192,rootsift,lightglue,2048,8192,1584,107_0005_0111.JPG,107_0005_0117.JPG,6473,6474,2079,1721,0.8278018278018278,265.87362892012976,0.765625,0.75,0.7941505908966064,False,ok,0.4464754000073299
D1_154_building,rootsift-lightglue-r2048-k8192,rootsift,lightglue,2048,8192,1585,107_0005_0111.JPG,107_0005_0118.JPG,6473,6381,1850,1461,0.7897297297297298,228.96097790314997,0.765625,0.59375,0.7923226356506348,False,ok,0.6101618999964558
D1_154_building,rootsift-lightglue-r2048-k8192,rootsift,lightglue,2048,8192,1586,107_0005_0111.JPG,107_0005_0119.JPG,6473,6358,1627,1161,0.7135832821143209,182.60459263919472,0.71875,0.453125,0.7922325730323792,False,ok,0.5358207999961451
D1_154_building,rootsift-lightglue-r2048-k8192,rootsift,lightglue,2048,8192,1587,107_0005_0111.JPG,107_0005_0128.JPG,6473,5989,769,643,0.8361508452535761,107.36349974954082,0.234375,0.234375,0.8200127482414246,False,ok,0.3295393000007607
D1_154_building,rootsift-lightglue-r2048-k8192,rootsift,lightglue,2048,8192,1588,107_0005_0111.JPG,107_0005_0144.JPG,6473,6117,1519,1119,0.7366688610928243,182.93281020107895,0.421875,0.453125,0.7886897921562195,False,ok,0.544605600007344
D1_154_building,rootsift-lightglue-r2048-k8192,rootsift,lightglue,2048,8192,1589,107_0005_0111.JPG,107_0005_0145.JPG,6473,6173,1393,1051,0.7544867193108399,170.25757330309412,0.390625,0.4375,0.7843015789985657,False,ok,0.6429875000030734
D1_154_building,rootsift-lightglue-r2048-k8192,rootsift,lightglue,2048,8192,1590,107_0005_0112.JPG,107_0005_0113.JPG,6392,6395,4194,4104,0.9785407725321889,642.0525657071339,0.984375,0.984375,0.8373086452484131,False,ok,0.2675623999966774
D1_154_building,rootsift-lightglue-r2048-k8192,rootsift,lightglue,2048,8192,1591,107_0005_0112.JPG,107_0005_0114.JPG,6392,6327,2915,2501,0.8579759862778731,395.2900268689742,0.828125,0.859375,0.7849242687225342,False,ok,0.5983079000143334
D1_154_building,rootsift-lightglue-r2048-k8192,rootsift,lightglue,2048,8192,1592,107_0005_0112.JPG,107_0005_0115.JPG,6392,6348,2053,1667,0.8119824646858256,262.6023944549464,0.75,0.765625,0.7733184695243835,False,ok,0.6213932000100613
D1_154_building,rootsift-lightglue-r2048-k8192,rootsift,lightglue,2048,8192,1593,107_0005_0112.JPG,107_0005_0116.JPG,6392,6381,2070,1685,0.8140096618357487,264.06519354333176,0.75,0.78125,0.7708707451820374,False,ok,0.4339517999906093
D1_154_building,rootsift-lightglue-r2048-k8192,rootsift,lightglue,2048,8192,1594,107_0005_0112.JPG,107_0005_0117.JPG,6392,6474,1718,1315,0.7654249126891735,205.72590738423028,0.75,0.546875,0.7874222993850708,False,ok,0.4609916999761481
D1_154_building,rootsift-lightglue-r2048-k8192,rootsift,lightglue,2048,8192,1595,107_0005_0112.JPG,107_0005_0118.JPG,6392,6381,1435,1035,0.7212543554006968,162.2002820874471,0.671875,0.421875,0.7674106955528259,False,ok,0.6026870000059716
D1_154_building,rootsift-lightglue-r2048-k8192,rootsift,lightglue,2048,8192,1596,107_0005_0112.JPG,107_0005_0119.JPG,6392,6358,1208,853,0.7061258278145696,134.16168606480025,0.546875,0.296875,0.7566723823547363,False,ok,0.3362904999812599
D1_154_building,rootsift-lightglue-r2048-k8192,rootsift,lightglue,2048,8192,1597,107_0005_0112.JPG,107_0005_0120.JPG,6392,6334,904,571,0.6316371681415929,90.14840543100726,0.53125,0.21875,0.7386186122894287,False,ok,0.40285539999604225
D1_154_building,rootsift-lightglue-r2048-k8192,rootsift,lightglue,2048,8192,1598,107_0005_0112.JPG,107_0005_0144.JPG,6392,6117,1383,1187,0.8582791033984093,194.04937060650647,0.453125,0.40625,0.8196454644203186,False,ok,0.6367776000115555
D1_154_building,rootsift-lightglue-r2048-k8192,rootsift,lightglue,2048,8192,1599,107_0005_0112.JPG,107_0005_0145.JPG,6392,6173,1165,1011,0.8678111587982833,163.77774177871376,0.3125,0.34375,0.828127384185791,False,ok,0.42548489998443983
D1_154_building,rootsift-lightglue-r2048-k8192,rootsift,lightglue,2048,8192,1600,107_0005_0112.JPG,107_0005_0146.JPG,6392,6171,1127,910,0.8074534161490683,147.4639442553881,0.359375,0.375,0.7685921788215637,False,ok,0.4485861000139266
D1_154_building,rootsift-lightglue-r2048-k8192,rootsift,lightglue,2048,8192,1601,107_0005_0113.JPG,107_0005_0114.JPG,6395,6327,2978,2610,0.8764271323035594,412.5177809388336,0.84375,0.859375,0.7873154878616333,False,ok,0.6299680999945849
D1_154_building,rootsift-lightglue-r2048-k8192,rootsift,lightglue,2048,8192,1602,107_0005_0113.JPG,107_0005_0115.JPG,6395,6348,2127,1734,0.8152327221438646,273.1568998109641,0.75,0.765625,0.77303147315979,False,ok,0.5123289000184741
D1_154_building,rootsift-lightglue-r2048-k8192,rootsift,lightglue,2048,8192,1603,107_0005_0113.JPG,107_0005_0116.JPG,6395,6381,2105,1727,0.8204275534441805,270.64723397586584,0.765625,0.765625,0.7805686593055725,False,ok,0.4762386000074912
D1_154_building,rootsift-lightglue-r2048-k8192,rootsift,lightglue,2048,8192,1604,107_0005_0113.JPG,107_0005_0117.JPG,6395,6474,1729,1328,0.768074031231926,207.6622361219703,0.71875,0.546875,0.7841402888298035,False,ok,0.5122436000092421
D1_154_building,rootsift-lightglue-r2048-k8192,rootsift,lightglue,2048,8192,1605,107_0005_0113.JPG,107_0005_0118.JPG,6395,6381,1435,1022,0.7121951219512195,160.16298385832943,0.671875,0.421875,0.754616916179657,False,ok,0.5732345999858808
D1_154_building,rootsift-lightglue-r2048-k8192,rootsift,lightglue,2048,8192,1606,107_0005_0113.JPG,107_0005_0119.JPG,6395,6358,1211,744,0.6143682906688687,117.0179301667191,0.484375,0.296875,0.7462085485458374,False,ok,0.42569970001932234
D1_154_building,rootsift-lightglue-r2048-k8192,rootsift,lightglue,2048,8192,1607,107_0005_0113.JPG,107_0005_0120.JPG,6395,6334,906,560,0.6181015452538632,88.4117461319861,0.515625,0.21875,0.7258822321891785,False,ok,0.37594739999622107
D1_154_building,rootsift-lightglue-r2048-k8192,rootsift,lightglue,2048,8192,1608,107_0005_0113.JPG,107_0005_0121.JPG,6395,6236,591,321,0.5431472081218274,51.475304682488776,0.375,0.140625,0.7155616283416748,False,ok,0.08503280000877567
D1_154_building,rootsift-lightglue-r2048-k8192,rootsift,lightglue,2048,8192,1609,107_0005_0113.JPG,107_0005_0144.JPG,6395,6117,1363,1193,0.8752751283932502,195.03024358345596,0.421875,0.40625,0.8306279182434082,False,ok,0.16458109999075532
D1_154_building,rootsift-lightglue-r2048-k8192,rootsift,lightglue,2048,8192,1610,107_0005_0113.JPG,107_0005_0145.JPG,6395,6173,1167,1026,0.8791773778920309,166.2076786003564,0.3125,0.34375,0.8350925445556641,False,ok,0.4165840999921784
D1_154_building,rootsift-lightglue-r2048-k8192,rootsift,lightglue,2048,8192,1611,107_0005_0113.JPG,107_0005_0146.JPG,6395,6171,1120,871,0.7776785714285714,141.1440609301572,0.328125,0.375,0.7703098654747009,False,ok,0.38510949999908917
D1_154_building,rootsift-lightglue-r2048-k8192,rootsift,lightglue,2048,8192,1612,107_0005_0114.JPG,107_0005_0115.JPG,6327,6348,3191,2850,0.8931369476653087,450.45045045045043,0.96875,0.921875,0.7978930473327637,False,ok,0.6604175999818835
D1_154_building,rootsift-lightglue-r2048-k8192,rootsift,lightglue,2048,8192,1613,107_0005_0114.JPG,107_0005_0116.JPG,6327,6381,3073,2740,0.8916368369671331,433.0646435909594,0.96875,0.90625,0.7960993051528931,False,ok,0.5481197999906726
D1_154_building,rootsift-lightglue-r2048-k8192,rootsift,lightglue,2048,8192,1614,107_0005_0114.JPG,107_0005_0117.JPG,6327,6474,2360,1942,0.8228813559322034,306.93851746483324,0.9375,0.65625,0.8114441633224487,False,ok,0.44655839999904856
D1_154_building,rootsift-lightglue-r2048-k8192,rootsift,lightglue,2048,8192,1615,107_0005_0114.JPG,107_0005_0118.JPG,6327,6381,1756,1327,0.7556947608200456,209.736051841315,0.796875,0.515625,0.798770010471344,False,ok,0.6182586000068113
D1_154_building,rootsift-lightglue-r2048-k8192,rootsift,lightglue,2048,8192,1616,107_0005_0114.JPG,107_0005_0119.JPG,6327,6358,1418,999,0.7045133991537377,157.89473684210526,0.625,0.375,0.7792873978614807,False,ok,0.5375487999990582
D1_154_building,rootsift-lightglue-r2048-k8192,rootsift,lightglue,2048,8192,1617,107_0005_0114.JPG,107_0005_0120.JPG,6327,6334,931,644,0.6917293233082706,101.78599652283863,0.546875,0.28125,0.785321831703186,False,ok,0.4717129000055138
D1_154_building,rootsift-lightglue-r2048-k8192,rootsift,lightglue,2048,8192,1618,107_0005_0114.JPG,107_0005_0121.JPG,6327,6236,570,353,0.6192982456140351,56.60679923027582,0.375,0.15625,0.7531301379203796,False,ok,0.3698382999864407
D1_154_building,rootsift-lightglue-r2048-k8192,rootsift,lightglue,2048,8192,1619,107_0005_0114.JPG,107_0005_0122.JPG,6327,6249,241,126,0.5228215767634855,20.16322611617859,0.21875,0.078125,0.6056323051452637,False,ok,0.6229911000118591
D1_154_building,rootsift-lightglue-r2048-k8192,rootsift,lightglue,2048,8192,1620,107_0005_0114.JPG,107_0005_0142.JPG,6327,6118,1124,942,0.8380782918149466,153.97188623733246,0.40625,0.375,0.8015322685241699,False,ok,0.5347976999764796
D1_154_building,rootsift-lightglue-r2048-k8192,rootsift,lightglue,2048,8192,1621,107_0005_0114.JPG,107_0005_0143.JPG,6327,6166,1141,973,0.852760736196319,157.80084333441454,0.34375,0.34375,0.8083494901657104,False,ok,0.40521589998388663
D1_154_building,rootsift-lightglue-r2048-k8192,rootsift,lightglue,2048,8192,1622,107_0005_0114.JPG,107_0005_0144.JPG,6327,6117,952,826,0.8676470588235294,135.03351316004577,0.234375,0.296875,0.7941300868988037,False,ok,0.43905489999451675
D1_154_building,rootsift-lightglue-r2048-k8192,rootsift,lightglue,2048,8192,1623,107_0005_0115.JPG,107_0005_0116.JPG,6348,6381,4082,4014,0.9833414992650662,632.3251417769376,0.96875,0.953125,0.8654528260231018,False,ok,0.5717331000196282
D1_154_building,rootsift-lightglue-r2048-k8192,rootsift,lightglue,2048,8192,1624,107_0005_0115.JPG,107_0005_0117.JPG,6348,6474,2754,2370,0.8605664488017429,373.3459357277883,0.9375,0.734375,0.8311298489570618,False,ok,0.5057539999834262
D1_154_building,rootsift-lightglue-r2048-k8192,rootsift,lightglue,2048,8192,1625,107_0005_0115.JPG,107_0005_0118.JPG,6348,6381,1862,1506,0.8088077336197637,237.24007561436673,0.75,0.546875,0.8257846832275391,False,ok,0.4216168999846559
D1_154_building,rootsift-lightglue-r2048-k8192,rootsift,lightglue,2048,8192,1626,107_0005_0115.JPG,107_0005_0119.JPG,6348,6358,1328,977,0.7356927710843374,153.9067422810334,0.625,0.390625,0.8127617835998535,False,ok,0.596954899985576
D1_154_building,rootsift-lightglue-r2048-k8192,rootsift,lightglue,2048,8192,1627,107_0005_0115.JPG,107_0005_0120.JPG,6348,6334,853,591,0.6928487690504103,93.30596779286391,0.515625,0.234375,0.7973543405532837,False,ok,0.3768683999951463
D1_154_building,rootsift-lightglue-r2048-k8192,rootsift,lightglue,2048,8192,1628,107_0005_0115.JPG,107_0005_0121.JPG,6348,6236,501,310,0.6187624750499002,49.71135343168698,0.375,0.140625,0.7488368153572083,False,ok,0.3949264000111725
D1_154_building,rootsift-lightglue-r2048-k8192,rootsift,lightglue,2048,8192,1629,107_0005_0115.JPG,107_0005_0122.JPG,6348,6249,168,97,0.5773809523809523,15.52248359737558,0.21875,0.0625,0.5363772511482239,False,ok,0.5681994000042323
D1_154_building,rootsift-lightglue-r2048-k8192,rootsift,lightglue,2048,8192,1630,107_0005_0115.JPG,107_0005_0123.JPG,6348,6267,130,70,0.5384615384615384,11.169618637306526,0.171875,0.0625,0.5648451447486877,False,ok,0.4769719000032637
D1_154_building,rootsift-lightglue-r2048-k8192,rootsift,lightglue,2048,8192,1631,107_0005_0115.JPG,107_0005_0141.JPG,6348,6152,1143,926,0.8101487314085739,150.52015604681404,0.453125,0.390625,0.8023412227630615,False,ok,0.5065822000033222
D1_154_building,rootsift-lightglue-r2048-k8192,rootsift,lightglue,2048,8192,1632,107_0005_0115.JPG,107_0005_0142.JPG,6348,6118,968,809,0.8357438016528925,132.23275580254986,0.328125,0.328125,0.8294155597686768,False,ok,0.4281100999796763
D1_154_building,rootsift-lightglue-r2048-k8192,rootsift,lightglue,2048,8192,1633,107_0005_0115.JPG,107_0005_0143.JPG,6348,6166,764,641,0.8390052356020943,103.95718456049303,0.25,0.296875,0.7610914707183838,False,ok,0.5403432000020985
D1_154_building,rootsift-lightglue-r2048-k8192,rootsift,lightglue,2048,8192,1634,107_0005_0116.JPG,107_0005_0117.JPG,6381,6474,2778,2388,0.8596112311015118,374.2360131640809,0.921875,0.734375,0.8258011937141418,False,ok,0.5730205000145361
D1_154_building,rootsift-lightglue-r2048-k8192,rootsift,lightglue,2048,8192,1635,107_0005_0116.JPG,107_0005_0118.JPG,6381,6381,1905,1523,0.7994750656167979,238.67732330355744,0.78125,0.5625,0.8116522431373596,False,ok,0.33682550000958145
D1_154_building,rootsift-lightglue-r2048-k8192,rootsift,lightglue,2048,8192,1636,107_0005_0116.JPG,107_0005_0119.JPG,6381,6358,1336,1020,0.7634730538922155,160.42780748663102,0.65625,0.375,0.817100465297699,False,ok,0.6143691999895964
D1_154_building,rootsift-lightglue-r2048-k8192,rootsift,lightglue,2048,8192,1637,107_0005_0116.JPG,107_0005_0120.JPG,6381,6334,866,616,0.7113163972286374,97.25292074518472,0.53125,0.25,0.8023991584777832,False,ok,0.4509293000155594
D1_154_building,rootsift-lightglue-r2048-k8192,rootsift,lightglue,2048,8192,1638,107_0005_0116.JPG,107_0005_0121.JPG,6381,6236,505,322,0.6376237623762376,51.63566388710712,0.375,0.140625,0.7428709864616394,False,ok,0.3152578999870457
D1_154_building,rootsift-lightglue-r2048-k8192,rootsift,lightglue,2048,8192,1639,107_0005_0116.JPG,107_0005_0122.JPG,6381,6249,165,86,0.5212121212121212,13.76220195231237,0.171875,0.0625,0.5510201454162598,False,ok,0.1474805999896489
D1_154_building,rootsift-lightglue-r2048-k8192,rootsift,lightglue,2048,8192,1640,107_0005_0116.JPG,107_0005_0123.JPG,6381,6267,171,95,0.5555555555555556,15.158768150630285,0.171875,0.0625,0.5958721041679382,False,ok,0.16991409999900497
D1_154_building,rootsift-lightglue-r2048-k8192,rootsift,lightglue,2048,8192,1641,107_0005_0116.JPG,107_0005_0124.JPG,6381,6209,447,272,0.6085011185682326,43.80737638911258,0.40625,0.171875,0.7682592272758484,False,ok,0.44309939999948256
D1_154_building,rootsift-lightglue-r2048-k8192,rootsift,lightglue,2048,8192,1642,107_0005_0116.JPG,107_0005_0140.JPG,6381,6155,1329,1033,0.7772761474793077,167.8310316815597,0.546875,0.46875,0.7575768828392029,False,ok,0.5572208999947179
D1_154_building,rootsift-lightglue-r2048-k8192,rootsift,lightglue,2048,8192,1643,107_0005_0116.JPG,107_0005_0141.JPG,6381,6152,1176,960,0.8163265306122449,156.04681404421328,0.453125,0.390625,0.8030921816825867,False,ok,0.5268258000141941
D1_154_building,rootsift-lightglue-r2048-k8192,rootsift,lightglue,2048,8192,1644,107_0005_0116.JPG,107_0005_0142.JPG,6381,6118,1024,860,0.83984375,140.56881333769206,0.328125,0.34375,0.8281676769256592,False,ok,0.48510560000431724
D1_154_building,rootsift-lightglue-r2048-k8192,rootsift,lightglue,2048,8192,1645,107_0005_0116.JPG,107_0005_0143.JPG,6381,6166,792,658,0.8308080808080808,106.71423937722997,0.25,0.28125,0.7521310448646545,False,ok,0.44019999998272397
D1_154_building,rootsift-lightglue-r2048-k8192,rootsift,lightglue,2048,8192,1646,107_0005_0117.JPG,107_0005_0118.JPG,6474,6381,3068,2732,0.8904823989569752,428.1460586115029,0.953125,0.859375,0.8538975119590759,False,ok,0.5434805000259075
D1_154_building,rootsift-lightglue-r2048-k8192,rootsift,lightglue,2048,8192,1647,107_0005_0117.JPG,107_0005_0119.JPG,6474,6358,2129,1782,0.8370126820103335,280.2768166089965,0.84375,0.609375,0.8536533713340759,False,ok,0.5779229000036139
D1_154_building,rootsift-lightglue-r2048-k8192,rootsift,lightglue,2048,8192,1648,107_0005_0117.JPG,107_0005_0120.JPG,6474,6334,1440,1138,0.7902777777777777,179.6652983896432,0.6875,0.46875,0.8430643677711487,False,ok,0.4365747999981977
D1_154_building,rootsift-lightglue-r2048-k8192,rootsift,lightglue,2048,8192,1649,107_0005_0117.JPG,107_0005_0121.JPG,6474,6236,886,650,0.7336343115124153,104.23348300192431,0.59375,0.296875,0.8010252714157104,False,ok,0.4764564000070095
D1_154_building,rootsift-lightglue-r2048-k8192,rootsift,lightglue,2048,8192,1650,107_0005_0117.JPG,107_0005_0122.JPG,6474,6249,534,321,0.601123595505618,51.368218915026404,0.40625,0.171875,0.716701328754425,False,ok,0.5186070000054315
D1_154_building,rootsift-lightglue-r2048-k8192,rootsift,lightglue,2048,8192,1651,107_0005_0117.JPG,107_0005_0123.JPG,6474,6267,518,327,0.6312741312741312,52.17807563427477,0.40625,0.171875,0.7173207402229309,False,ok,0.3847055000078399
D1_154_building,rootsift-lightglue-r2048-k8192,rootsift,lightglue,2048,8192,1652,107_0005_0117.JPG,107_0005_0124.JPG,6474,6209,785,568,0.7235668789808917,91.48010951844097,0.5625,0.28125,0.8150514960289001,False,ok,0.48609670001314953
D1_154_building,rootsift-lightglue-r2048-k8192,rootsift,lightglue,2048,8192,1653,107_0005_0117.JPG,107_0005_0125.JPG,6474,6242,825,585,0.7090909090909091,93.719961550785,0.484375,0.296875,0.778091549873352,False,ok,0.48902010000892915
D1_154_building,rootsift-lightglue-r2048-k8192,rootsift,lightglue,2048,8192,1654,107_0005_0117.JPG,107_0005_0130.JPG,6474,6090,364,247,0.6785714285714286,40.558292282430216,0.234375,0.1875,0.6172219514846802,False,ok,0.5152999999991152
D1_154_building,rootsift-lightglue-r2048-k8192,rootsift,lightglue,2048,8192,1655,107_0005_0117.JPG,107_0005_0131.JPG,6474,6000,510,341,0.6686274509803921,56.833333333333336,0.265625,0.265625,0.7323977947235107,False,ok,0.3774316000053659
D1_154_building,rootsift-lightglue-r2048-k8192,rootsift,lightglue,2048,8192,1656,107_0005_0117.JPG,107_0005_0132.JPG,6474,6110,827,536,0.6481257557436517,87.72504091653028,0.359375,0.28125,0.7806229591369629,False,ok,0.5394225000054576
D1_154_building,rootsift-lightglue-r2048-k8192,rootsift,lightglue,2048,8192,1657,107_0005_0117.JPG,107_0005_0142.JPG,6474,6118,938,710,0.7569296375266524,116.05099705786205,0.375,0.40625,0.7561287879943848,False,ok,0.596512200019788
D1_154_building,rootsift-lightglue-r2048-k8192,rootsift,lightglue,2048,8192,1658,107_0005_0118.JPG,107_0005_0119.JPG,6381,6358,3097,2918,0.9422021310946077,458.94935514312675,0.96875,0.875,0.8779827952384949,False,ok,0.3643772999930661
D1_154_building,rootsift-lightglue-r2048-k8192,rootsift,lightglue,2048,8192,1659,107_0005_0118.JPG,107_0005_0120.JPG,6381,6334,2204,1899,0.8616152450090744,299.8105462582886,0.84375,0.625,0.8766422867774963,False,ok,0.46103420000872575
D1_154_building,rootsift-lightglue-r2048-k8192,rootsift,lightglue,2048,8192,1660,107_0005_0118.JPG,107_0005_0121.JPG,6381,6236,1528,1233,0.8069371727748691,197.7228992944195,0.703125,0.484375,0.8450378179550171,False,ok,0.550186999986181
D1_154_building,rootsift-lightglue-r2048-k8192,rootsift,lightglue,2048,8192,1661,107_0005_0118.JPG,107_0005_0122.JPG,6381,6249,1033,737,0.7134559535333979,117.93887021923507,0.59375,0.296875,0.7865829467773438,False,ok,0.3038265999930445
D1_154_building,rootsift-lightglue-r2048-k8192,rootsift,lightglue,2048,8192,1662,107_0005_0118.JPG,107_0005_0123.JPG,6381,6267,1025,729,0.7112195121951219,116.32359980852083,0.5625,0.296875,0.799793541431427,False,ok,0.5228126999863889
D1_154_building,rootsift-lightglue-r2048-k8192,rootsift,lightglue,2048,8192,1663,107_0005_0118.JPG,107_0005_0124.JPG,6381,6209,1314,1015,0.7724505327245054,163.47237880496053,0.6875,0.390625,0.8385761380195618,False,ok,0.5060150999925099
D1_154_building,rootsift-lightglue-r2048-k8192,rootsift,lightglue,2048,8192,1664,107_0005_0118.JPG,107_0005_0125.JPG,6381,6242,1285,995,0.77431906614786,159.4040371675745,0.609375,0.453125,0.8127527832984924,False,ok,0.30254259999492206
D1_154_building,rootsift-lightglue-r2048-k8192,rootsift,lightglue,2048,8192,1665,107_0005_0118.JPG,107_0005_0126.JPG,6381,6094,996,770,0.7730923694779116,126.35379061371842,0.390625,0.40625,0.7534271478652954,False,ok,0.46975730001577176
D1_154_building,rootsift-lightglue-r2048-k8192,rootsift,lightglue,2048,8192,1666,107_0005_0118.JPG,107_0005_0129.JPG,6381,6011,522,402,0.7701149425287356,66.87739144901015,0.171875,0.25,0.7415108680725098,False,ok,0.5866670999967027
D1_154_building,rootsift-lightglue-r2048-k8192,rootsift,lightglue,2048,8192,1667,107_0005_0118.JPG,107_0005_0130.JPG,6381,6090,774,665,0.8591731266149871,109.19540229885058,0.328125,0.34375,0.8141704797744751,False,ok,0.36486289999447763
D1_154_building,rootsift-lightglue-r2048-k8192,rootsift,lightglue,2048,8192,1668,107_0005_0118.JPG,107_0005_0131.JPG,6381,6000,992,844,0.8508064516129032,140.66666666666666,0.390625,0.40625,0.7953140735626221,False,ok,0.3505855000112206
D1_154_building,rootsift-lightglue-r2048-k8192,rootsift,lightglue,2048,8192,1669,107_0005_0118.JPG,107_0005_0132.JPG,6381,6110,1317,1055,0.8010630220197419,172.66775777414074,0.53125,0.453125,0.8035604953765869,False,ok,0.6239475000184029
D1_154_building,rootsift-lightglue-r2048-k8192,rootsift,lightglue,2048,8192,1670,107_0005_0118.JPG,107_0005_0133.JPG,6381,6083,1406,1060,0.7539118065433855,174.25612362321223,0.609375,0.484375,0.7686240673065186,False,ok,0.16208070001448505
D1_154_building,rootsift-lightglue-r2048-k8192,rootsift,lightglue,2048,8192,1671,107_0005_0119.JPG,107_0005_0120.JPG,6358,6334,3206,3129,0.9759825327510917,494.00063151247235,1.0,0.859375,0.8870686888694763,False,ok,0.16808520001359284
D1_154_building,rootsift-lightglue-r2048-k8192,rootsift,lightglue,2048,8192,1672,107_0005_0119.JPG,107_0005_0121.JPG,6358,6236,2304,2124,0.921875,340.602950609365,0.84375,0.625,0.8866109848022461,False,ok,0.4701556999934837
D1_154_building,rootsift-lightglue-r2048-k8192,rootsift,lightglue,2048,8192,1673,107_0005_0119.JPG,107_0005_0122.JPG,6358,6249,1694,1413,0.8341204250295159,226.11617858857417,0.734375,0.46875,0.8558645248413086,False,ok,0.37025189999258146
D1_154_building,rootsift-lightglue-r2048-k8192,rootsift,lightglue,2048,8192,1674,107_0005_0119.JPG,107_0005_0123.JPG,6358,6267,1652,1391,0.8420096852300242,221.95627892133396,0.734375,0.484375,0.8682765364646912,False,ok,0.5168526000052225
D1_154_building,rootsift-lightglue-r2048-k8192,rootsift,lightglue,2048,8192,1675,107_0005_0119.JPG,107_0005_0124.JPG,6358,6209,1967,1758,0.8937468225724453,283.1373812208085,0.8125,0.546875,0.875490665435791,False,ok,0.30381199999828823
D1_154_building,rootsift-lightglue-r2048-k8192,rootsift,lightglue,2048,8192,1676,107_0005_0119.JPG,107_0005_0125.JPG,6358,6242,1734,1542,0.889273356401384,247.03620634412047,0.609375,0.546875,0.8673986196517944,False,ok,0.45745099999476224
D1_154_building,rootsift-lightglue-r2048-k8192,rootsift,lightglue,2048,8192,1677,107_0005_0119.JPG,107_0005_0126.JPG,6358,6094,1342,1151,0.8576751117734724,188.87430259271414,0.4375,0.515625,0.8340374231338501,False,ok,0.4539591000066139
D1_154_building,rootsift-lightglue-r2048-k8192,rootsift,lightglue,2048,8192,1678,107_0005_0119.JPG,107_0005_0127.JPG,6358,6111,832,665,0.7992788461538461,108.82016036655212,0.265625,0.375,0.7977959513664246,False,ok,0.39415720000397414
D1_154_building,rootsift-lightglue-r2048-k8192,rootsift,lightglue,2048,8192,1679,107_0005_0119.JPG,107_0005_0129.JPG,6358,6011,756,561,0.7420634920634921,93.3288970221261,0.21875,0.28125,0.8317052721977234,False,ok,0.6382956999877933
D1_154_building,rootsift-lightglue-r2048-k8192,rootsift,lightglue,2048,8192,1680,107_0005_0119.JPG,107_0005_0130.JPG,6358,6090,1098,830,0.75591985428051,136.28899835796386,0.359375,0.375,0.8420621156692505,False,ok,0.4569187000161037
D1_154_building,rootsift-lightglue-r2048-k8192,rootsift,lightglue,2048,8192,1681,107_0005_0119.JPG,107_0005_0131.JPG,6358,6000,1315,1110,0.844106463878327,185.0,0.5,0.484375,0.8318741917610168,False,ok,0.4059121999889612
D1_154_building,rootsift-lightglue-r2048-k8192,rootsift,lightglue,2048,8192,1682,107_0005_0119.JPG,107_0005_0132.JPG,6358,6110,1694,1396,0.8240850059031877,228.47790507364977,0.609375,0.53125,0.824360191822052,False,ok,0.69310060000862
D1_154_building,rootsift-lightglue-r2048-k8192,rootsift,lightglue,2048,8192,1683,107_0005_0120.JPG,107_0005_0121.JPG,6334,6236,3445,3373,0.979100145137881,540.891597177678,1.0,0.875,0.904201865196228,False,ok,0.38398190002772026
D1_154_building,rootsift-lightglue-r2048-k8192,rootsift,lightglue,2048,8192,1684,107_0005_0120.JPG,107_0005_0122.JPG,6334,6249,2501,2304,0.9212315073970412,368.6989918386942,0.859375,0.625,0.8931980133056641,False,ok,0.4860290999931749
D1_154_building,rootsift-lightglue-r2048-k8192,rootsift,lightglue,2048,8192,1685,107_0005_0120.JPG,107_0005_0123.JPG,6334,6267,2467,2286,0.9266315362788813,364.76783149832454,0.859375,0.625,0.8968501687049866,False,ok,0.36499150001327507
D1_154_building,rootsift-lightglue-r2048-k8192,rootsift,lightglue,2048,8192,1686,107_0005_0120.JPG,107_0005_0124.JPG,6334,6209,2744,2657,0.9682944606413995,427.9272024480593,0.84375,0.75,0.9001067876815796,False,ok,0.26954249999835156
D1_154_building,rootsift-lightglue-r2048-k8192,rootsift,lightglue,2048,8192,1687,107_0005_0120.JPG,107_0005_0125.JPG,6334,6242,2104,2008,0.9543726235741445,321.69176545978854,0.671875,0.703125,0.8733235001564026,False,ok,0.39171389999683015
D1_154_building,rootsift-lightglue-r2048-k8192,rootsift,lightglue,2048,8192,1688,107_0005_0120.JPG,107_0005_0126.JPG,6334,6094,1451,1260,0.8683666436940042,206.76074827699375,0.453125,0.59375,0.8711432218551636,False,ok,0.4672716000059154
D1_154_building,rootsift-lightglue-r2048-k8192,rootsift,lightglue,2048,8192,1689,107_0005_0120.JPG,107_0005_0127.JPG,6334,6111,882,684,0.7755102040816326,111.92930780559647,0.296875,0.4375,0.8303056359291077,False,ok,0.6005351000057999
D1_154_building,rootsift-lightglue-r2048-k8192,rootsift,lightglue,2048,8192,1690,107_0005_0120.JPG,107_0005_0128.JPG,6334,5989,576,418,0.7256944444444444,69.79462347637335,0.1875,0.28125,0.7714605927467346,False,ok,0.567136900004698
D1_154_building,rootsift-lightglue-r2048-k8192,rootsift,lightglue,2048,8192,1691,107_0005_0120.JPG,107_0005_0130.JPG,6334,6090,1432,1072,0.7486033519553073,176.0262725779967,0.390625,0.421875,0.8439000248908997,False,ok,0.49836699999286793
D1_154_building,rootsift-lightglue-r2048-k8192,rootsift,lightglue,2048,8192,1692,107_0005_0120.JPG,107_0005_0131.JPG,6334,6000,1720,1277,0.7424418604651163,212.83333333333334,0.546875,0.546875,0.8042517304420471,False,ok,0.4959604000032414
D1_154_building,rootsift-lightglue-r2048-k8192,rootsift,lightglue,2048,8192,1693,107_0005_0121.JPG,107_0005_0122.JPG,6236,6249,3348,3291,0.9829749103942652,527.7421423989737,0.984375,0.875,0.903295636177063,False,ok,0.4467554000148084
D1_154_building,rootsift-lightglue-r2048-k8192,rootsift,lightglue,2048,8192,1694,107_0005_0121.JPG,107_0005_0123.JPG,6236,6267,3359,3304,0.9836260791902351,529.8268120590122,0.984375,0.875,0.9093952775001526,False,ok,0.31464570001116954
D1_154_building,rootsift-lightglue-r2048-k8192,rootsift,lightglue,2048,8192,1695,107_0005_0121.JPG,107_0005_0124.JPG,6236,6209,3262,3203,0.9819129368485592,515.8640682879691,0.859375,0.859375,0.9065550565719604,False,ok,0.4136520999891218
D1_154_building,rootsift-lightglue-r2048-k8192,rootsift,lightglue,2048,8192,1696,107_0005_0121.JPG,107_0005_0125.JPG,6236,6242,2100,1971,0.9385714285714286,316.06799230275817,0.609375,0.75,0.8661183714866638,False,ok,0.3640768999757711
D1_154_building,rootsift-lightglue-r2048-k8192,rootsift,lightglue,2048,8192,1697,107_0005_0121.JPG,107_0005_0126.JPG,6236,6094,1360,1125,0.8272058823529411,184.6078109616016,0.40625,0.609375,0.8566346764564514,False,ok,0.3930836000072304
D1_154_building,rootsift-lightglue-r2048-k8192,rootsift,lightglue,2048,8192,1698,107_0005_0121.JPG,107_0005_0127.JPG,6236,6111,889,663,0.7457817772778402,108.49288168875798,0.25,0.40625,0.8378024697303772,False,ok,0.6220074000011664
D1_154_building,rootsift-lightglue-r2048-k8192,rootsift,lightglue,2048,8192,1699,107_0005_0121.JPG,107_0005_0128.JPG,6236,5989,673,471,0.6998514115898959,78.64418099849725,0.203125,0.34375,0.7369508147239685,False,ok,0.5226206999795977
D1_154_building,rootsift-lightglue-r2048-k8192,rootsift,lightglue,2048,8192,1700,107_0005_0121.JPG,107_0005_0129.JPG,6236,6011,1069,691,0.646398503274088,114.95591415737815,0.3125,0.4375,0.7495900392532349,False,ok,0.45585819997359067
D1_154_building,rootsift-lightglue-r2048-k8192,rootsift,lightglue,2048,8192,1701,107_0005_0122.JPG,107_0005_0123.JPG,6249,6267,4601,4573,0.9939143664420778,731.7970875340054,0.984375,1.0,0.9009647369384766,False,ok,0.36481530001037754
D1_154_building,rootsift-lightglue-r2048-k8192,rootsift,lightglue,2048,8192,1702,107_0005_0122.JPG,107_0005_0124.JPG,6249,6209,2988,2843,0.9514725568942436,457.88371718473184,0.734375,0.890625,0.8998594284057617,False,ok,0.2720690999994986
D1_154_building,rootsift-lightglue-r2048-k8192,rootsift,lightglue,2048,8192,1703,107_0005_0122.JPG,107_0005_0125.JPG,6249,6242,1953,1712,0.8766001024065541,274.2710669657161,0.5,0.75,0.8733855485916138,False,ok,0.4457506000180729
D1_154_building,rootsift-lightglue-r2048-k8192,rootsift,lightglue,2048,8192,1704,107_0005_0122.JPG,107_0005_0126.JPG,6249,6094,1258,1018,0.809220985691574,167.04955694125368,0.328125,0.5625,0.8817212581634521,False,ok,0.10366209998028353
D1_154_building,rootsift-lightglue-r2048-k8192,rootsift,lightglue,2048,8192,1705,107_0005_0122.JPG,107_0005_0127.JPG,6249,6111,877,616,0.7023945267958951,100.80183276059564,0.203125,0.4375,0.8114835023880005,False,ok,0.12955850001890212
D1_154_building,rootsift-lightglue-r2048-k8192,rootsift,lightglue,2048,8192,1706,107_0005_0122.JPG,107_0005_0128.JPG,6249,5989,703,458,0.65149359886202,76.47353481382535,0.171875,0.359375,0.6438353657722473,False,ok,0.15862380000180565
D1_154_building,rootsift-lightglue-r2048-k8192,rootsift,lightglue,2048,8192,1707,107_0005_0122.JPG,107_0005_0129.JPG,6249,6011,1008,648,0.6428571428571429,107.80236233571785,0.234375,0.453125,0.659763514995575,False,ok,0.7017256000253838
D1_154_building,rootsift-lightglue-r2048-k8192,rootsift,lightglue,2048,8192,1708,107_0005_0122.JPG,107_0005_0130.JPG,6249,6090,1241,921,0.7421434327155519,151.23152709359607,0.328125,0.53125,0.6402507424354553,False,ok,0.6957530999789014
D1_154_building,rootsift-lightglue-r2048-k8192,rootsift,lightglue,2048,8192,1709,107_0005_0123.JPG,107_0005_0124.JPG,6267,6209,3043,2910,0.9562931317778508,468.67450475116766,0.734375,0.921875,0.9046850800514221,False,ok,0.22289450000971556
D1_154_building,rootsift-lightglue-r2048-k8192,rootsift,lightglue,2048,8192,1710,107_0005_0123.JPG,107_0005_0125.JPG,6267,6242,1955,1739,0.8895140664961637,278.5966036526754,0.46875,0.765625,0.88373863697052,False,ok,0.4465415999875404
D1_154_building,rootsift-lightglue-r2048-k8192,rootsift,lightglue,2048,8192,1711,107_0005_0123.JPG,107_0005_0126.JPG,6267,6094,1303,1058,0.8119723714504988,173.6133902198884,0.34375,0.5625,0.881737470626831,False,ok,0.4935766999842599
D1_154_building,rootsift-lightglue-r2048-k8192,rootsift,lightglue,2048,8192,1712,107_0005_0123.JPG,107_0005_0127.JPG,6267,6111,881,634,0.7196367763904654,103.74734086074292,0.21875,0.421875,0.8329800367355347,False,ok,0.3685354999906849
D1_154_building,rootsift-lightglue-r2048-k8192,rootsift,lightglue,2048,8192,1713,107_0005_0123.JPG,107_0005_0128.JPG,6267,5989,750,510,0.68,85.15611955251293,0.171875,0.390625,0.6825864911079407,False,ok,0.5368843000032939
D1_154_building,rootsift-lightglue-r2048-k8192,rootsift,lightglue,2048,8192,1714,107_0005_0123.JPG,107_0005_0129.JPG,6267,6011,995,729,0.7326633165829146,121.27765762768259,0.21875,0.453125,0.6620996594429016,False,ok,0.7001597999769729
D1_154_building,rootsift-lightglue-r2048-k8192,rootsift,lightglue,2048,8192,1715,107_0005_0123.JPG,107_0005_0130.JPG,6267,6090,1308,952,0.72782874617737,156.32183908045977,0.3125,0.5,0.6823875308036804,False,ok,0.5593081999977585
D1_154_building,rootsift-lightglue-r2048-k8192,rootsift,lightglue,2048,8192,1716,107_0005_0123.JPG,107_0005_0131.JPG,6267,6000,1669,1272,0.762133013780707,212.0,0.546875,0.671875,0.6511871218681335,False,ok,0.6486224999825936
D1_154_building,rootsift-lightglue-r2048-k8192,rootsift,lightglue,2048,8192,1717,107_0005_0124.JPG,107_0005_0125.JPG,6209,6242,3097,2945,0.950920245398773,474.3114833306491,0.734375,0.890625,0.8642398118972778,False,ok,0.33130620000883937
D1_154_building,rootsift-lightglue-r2048-k8192,rootsift,lightglue,2048,8192,1718,107_0005_0124.JPG,107_0005_0126.JPG,6209,6094,2157,1920,0.8901251738525731,315.0639973744667,0.515625,0.78125,0.8989216089248657,False,ok,0.38119049998931587
D1_154_building,rootsift-lightglue-r2048-k8192,rootsift,lightglue,2048,8192,1719,107_0005_0124.JPG,107_0005_0127.JPG,6209,6111,1515,1260,0.8316831683168316,206.18556701030928,0.375,0.609375,0.8909153938293457,False,ok,0.3841227999946568
D1_154_building,rootsift-lightglue-r2048-k8192,rootsift,lightglue,2048,8192,1720,107_0005_0124.JPG,107_0005_0128.JPG,6209,5989,1382,1056,0.76410998552822,176.32325930873267,0.296875,0.5625,0.8645528554916382,False,ok,0.6289105000032578
D1_154_building,rootsift-lightglue-r2048-k8192,rootsift,lightglue,2048,8192,1721,107_0005_0124.JPG,107_0005_0129.JPG,6209,6011,1863,1382,0.7418142780461621,229.9118283147563,0.453125,0.671875,0.850574791431427,False,ok,0.5550980000116397
D1_154_building,rootsift-lightglue-r2048-k8192,rootsift,lightglue,2048,8192,1722,107_0005_0124.JPG,107_0005_0130.JPG,6209,6090,2284,1793,0.7850262697022767,294.41707717569784,0.53125,0.6875,0.818962574005127,False,ok,0.5676487000018824
D1_154_building,rootsift-lightglue-r2048-k8192,rootsift,lightglue,2048,8192,1723,107_0005_0124.JPG,107_0005_0131.JPG,6209,6000,2424,2021,0.8337458745874587,336.8333333333333,0.6875,0.71875,0.7612330317497253,False,ok,0.5467255000257865
D1_154_building,rootsift-lightglue-r2048-k8192,rootsift,lightglue,2048,8192,1724,107_0005_0124.JPG,107_0005_0132.JPG,6209,6110,2511,2008,0.7996814018319395,328.64157119476266,0.8125,0.765625,0.690156102180481,False,ok,0.6892583000008017
D1_154_building,rootsift-lightglue-r2048-k8192,rootsift,lightglue,2048,8192,1725,107_0005_0125.JPG,107_0005_0126.JPG,6242,6094,3144,3054,0.9713740458015268,501.14867082376105,0.765625,0.90625,0.8572895526885986,False,ok,0.3645587000064552
D1_154_building,rootsift-lightglue-r2048-k8192,rootsift,lightglue,2048,8192,1726,107_0005_0125.JPG,107_0005_0127.JPG,6242,6111,2456,2228,0.9071661237785016,364.5884470626739,0.59375,0.8125,0.8975115418434143,False,ok,0.33400599999004044
D1_154_building,rootsift-lightglue-r2048-k8192,rootsift,lightglue,2048,8192,1727,107_0005_0125.JPG,107_0005_0128.JPG,6242,5989,2247,1877,0.8353360035603026,313.40791450993487,0.484375,0.734375,0.8728976845741272,False,ok,0.41060919998562895
D1_154_building,rootsift-lightglue-r2048-k8192,rootsift,lightglue,2048,8192,1728,107_0005_0125.JPG,107_0005_0129.JPG,6242,6011,2538,2037,0.8026004728132388,338.8787223423723,0.546875,0.703125,0.881691575050354,False,ok,0.6175099999818485
D1_154_building,rootsift-lightglue-r2048-k8192,rootsift,lightglue,2048,8192,1729,107_0005_0125.JPG,107_0005_0130.JPG,6242,6090,2812,2484,0.883357041251778,407.8817733990148,0.734375,0.765625,0.8814030289649963,False,ok,0.5453355000063311
D1_154_building,rootsift-lightglue-r2048-k8192,rootsift,lightglue,2048,8192,1730,107_0005_0125.JPG,107_0005_0131.JPG,6242,6000,2692,2344,0.8707280832095097,390.6666666666667,0.828125,0.765625,0.8593652248382568,False,ok,0.5685361000068951
D1_154_building,rootsift-lightglue-r2048-k8192,rootsift,lightglue,2048,8192,1731,107_0005_0125.JPG,107_0005_0132.JPG,6242,6110,2539,2147,0.8456085072863332,351.3911620294599,0.90625,0.75,0.8297919631004333,False,ok,0.48376319999806583
D1_154_building,rootsift-lightglue-r2048-k8192,rootsift,lightglue,2048,8192,1732,107_0005_0125.JPG,107_0005_0133.JPG,6242,6083,2003,1632,0.8147778332501248,268.2886733519645,0.828125,0.609375,0.7850236296653748,False,ok,0.5848703999945428
D1_154_building,rootsift-lightglue-r2048-k8192,rootsift,lightglue,2048,8192,1733,107_0005_0126.JPG,107_0005_0127.JPG,6094,6111,3315,3210,0.9683257918552036,526.7476206104365,0.78125,0.9375,0.8910601139068604,False,ok,0.4419683000014629
D1_154_building,rootsift-lightglue-r2048-k8192,rootsift,lightglue,2048,8192,1734,107_0005_0126.JPG,107_0005_0128.JPG,6094,5989,2895,2584,0.892573402417962,431.4576723993989,0.625,0.796875,0.9137088060379028,False,ok,0.31820629999856465
D1_154_building,rootsift-lightglue-r2048-k8192,rootsift,lightglue,2048,8192,1735,107_0005_0126.JPG,107_0005_0129.JPG,6094,6011,3102,2894,0.9329464861379755,481.4506737647646,0.765625,0.796875,0.9104753732681274,False,ok,0.16237139998702332
D1_154_building,rootsift-lightglue-r2048-k8192,rootsift,lightglue,2048,8192,1736,107_0005_0126.JPG,107_0005_0130.JPG,6094,6090,2922,2729,0.9339493497604381,448.11165845648605,0.90625,0.78125,0.9026689529418945,False,ok,0.1827525999979116
D1_154_building,rootsift-lightglue-r2048-k8192,rootsift,lightglue,2048,8192,1737,107_0005_0126.JPG,107_0005_0131.JPG,6094,6000,2461,2189,0.8894758228362454,364.8333333333333,0.890625,0.671875,0.8685015439987183,False,ok,0.6321869999810588
D1_154_building,rootsift-lightglue-r2048-k8192,rootsift,lightglue,2048,8192,1738,107_0005_0126.JPG,107_0005_0132.JPG,6094,6110,1964,1614,0.8217922606924644,264.85067279291104,0.796875,0.5,0.8468698263168335,False,ok,0.5364217999740504
D1_154_building,rootsift-lightglue-r2048-k8192,rootsift,lightglue,2048,8192,1739,107_0005_0126.JPG,107_0005_0133.JPG,6094,6083,1362,1043,0.7657856093979442,171.4614499424626,0.703125,0.390625,0.7939209342002869,False,ok,0.45562530000461265
D1_154_building,rootsift-lightglue-r2048-k8192,rootsift,lightglue,2048,8192,1740,107_0005_0126.JPG,107_0005_0134.JPG,6094,6036,877,609,0.6944127708095781,100.89463220675944,0.546875,0.3125,0.6702961325645447,False,ok,0.6692069999990053
D1_154_building,rootsift-lightglue-r2048-k8192,rootsift,lightglue,2048,8192,1741,107_0005_0127.JPG,107_0005_0128.JPG,6111,5989,3504,3433,0.9797374429223744,573.2175655368175,0.8125,0.921875,0.8913278579711914,False,ok,0.22432360000675544
D1_154_building,rootsift-lightglue-r2048-k8192,rootsift,lightglue,2048,8192,1742,107_0005_0127.JPG,107_0005_0129.JPG,6111,6011,3239,3155,0.9740660697746218,524.8710697055399,0.90625,0.8125,0.8987274169921875,False,ok,0.4184458999952767
D1_154_building,rootsift-lightglue-r2048-k8192,rootsift,lightglue,2048,8192,1743,107_0005_0127.JPG,107_0005_0130.JPG,6111,6090,2703,2508,0.9278579356270811,411.8226600985222,0.890625,0.625,0.8869456648826599,False,ok,0.26338570000370964
D1_154_building,rootsift-lightglue-r2048-k8192,rootsift,lightglue,2048,8192,1744,107_0005_0127.JPG,107_0005_0131.JPG,6111,6000,2026,1739,0.8583415597235933,289.8333333333333,0.796875,0.4375,0.8667388558387756,False,ok,0.5359547999978531
D1_154_building,rootsift-lightglue-r2048-k8192,rootsift,lightglue,2048,8192,1745,107_0005_0127.JPG,107_0005_0132.JPG,6111,6110,1442,1214,0.841886269070735,198.69067103109657,0.6875,0.328125,0.8370266556739807,False,ok,0.6120452999894042
D1_154_building,rootsift-lightglue-r2048-k8192,rootsift,lightglue,2048,8192,1746,107_0005_0127.JPG,107_0005_0133.JPG,6111,6083,856,656,0.7663551401869159,107.84152556304456,0.53125,0.25,0.812044084072113,False,ok,0.4251984999864362
D1_154_building,rootsift-lightglue-r2048-k8192,rootsift,lightglue,2048,8192,1747,107_0005_0127.JPG,107_0005_0134.JPG,6111,6036,29,24,0.8275862068965517,3.9761431411530817,0.09375,0.078125,0.42408668994903564,False,ok,0.3984301000018604
D1_154_building,rootsift-lightglue-r2048-k8192,rootsift,lightglue,2048,8192,1748,107_0005_0127.JPG,107_0005_0135.JPG,6111,6025,5,0,0.0,0.0,0.0,0.0,0.27454566955566406,True,too_few_matches,0.38575010001659393
D1_154_building,rootsift-lightglue-r2048-k8192,rootsift,lightglue,2048,8192,1749,107_0005_0128.JPG,107_0005_0129.JPG,5989,6011,3485,3427,0.9833572453371593,572.2157288361997,0.984375,0.78125,0.9099293947219849,False,ok,0.4384711000020616
D1_154_building,rootsift-lightglue-r2048-k8192,rootsift,lightglue,2048,8192,1750,107_0005_0128.JPG,107_0005_0130.JPG,5989,6090,2606,2485,0.9535686876438987,414.9273668392052,0.859375,0.59375,0.9086730480194092,False,ok,0.37818840000545606
D1_154_building,rootsift-lightglue-r2048-k8192,rootsift,lightglue,2048,8192,1751,107_0005_0128.JPG,107_0005_0131.JPG,5989,6000,1813,1653,0.9117484831770546,276.0060110202037,0.734375,0.421875,0.8742802143096924,False,ok,0.269826000003377
D1_154_building,rootsift-lightglue-r2048-k8192,rootsift,lightglue,2048,8192,1752,107_0005_0128.JPG,107_0005_0132.JPG,5989,6110,1230,1044,0.848780487804878,174.31958590749707,0.59375,0.265625,0.8631323575973511,False,ok,0.506905199988978
D1_154_building,rootsift-lightglue-r2048-k8192,rootsift,lightglue,2048,8192,1753,107_0005_0128.JPG,107_0005_0133.JPG,5989,6083,706,548,0.7762039660056658,91.50108532309234,0.46875,0.171875,0.7906336784362793,False,ok,0.46527960000094026
D1_154_building,rootsift-lightglue-r2048-k8192,rootsift,lightglue,2048,8192,1754,107_0005_0128.JPG,107_0005_0134.JPG,5989,6036,0,0,0.0,0.0,0.0,0.0,0.0,True,no_matches,0.28324140000040643
D1_154_building,rootsift-lightglue-r2048-k8192,rootsift,lightglue,2048,8192,1755,107_0005_0128.JPG,107_0005_0135.JPG,5989,6025,2,0,0.0,0.0,0.0,0.0,0.18755149841308594,True,too_few_matches,0.48669109999900684
D1_154_building,rootsift-lightglue-r2048-k8192,rootsift,lightglue,2048,8192,1756,107_0005_0128.JPG,107_0005_0136.JPG,5989,6031,3,0,0.0,0.0,0.0,0.0,0.19237329065799713,True,too_few_matches,0.4460774000035599
D1_154_building,rootsift-lightglue-r2048-k8192,rootsift,lightglue,2048,8192,1757,107_0005_0129.JPG,107_0005_0130.JPG,6011,6090,3527,3477,0.9858236461582081,578.4395275328565,1.0,0.859375,0.9089059829711914,False,ok,0.365287199994782
D1_154_building,rootsift-lightglue-r2048-k8192,rootsift,lightglue,2048,8192,1758,107_0005_0129.JPG,107_0005_0131.JPG,6011,6000,2508,2410,0.9609250398724083,401.6666666666667,0.875,0.59375,0.8846350908279419,False,ok,0.27761379998992197
D1_154_building,rootsift-lightglue-r2048-k8192,rootsift,lightglue,2048,8192,1759,107_0005_0129.JPG,107_0005_0132.JPG,6011,6110,1799,1652,0.9182879377431906,274.82947928797205,0.765625,0.453125,0.8799125552177429,False,ok,0.46356140001444146
D1_154_building,rootsift-lightglue-r2048-k8192,rootsift,lightglue,2048,8192,1760,107_0005_0129.JPG,107_0005_0133.JPG,6011,6083,1157,1004,0.867761452031115,167.0271169522542,0.625,0.3125,0.8774046897888184,False,ok,0.38783769999281503
D1_154_building,rootsift-lightglue-r2048-k8192,rootsift,lightglue,2048,8192,1761,107_0005_0129.JPG,107_0005_0134.JPG,6011,6036,693,540,0.7792207792207793,89.83530194643154,0.4375,0.171875,0.7361107468605042,False,ok,0.7306502000137698
D1_154_building,rootsift-lightglue-r2048-k8192,rootsift,lightglue,2048,8192,1762,107_0005_0129.JPG,107_0005_0135.JPG,6011,6025,7,0,0.0,0.0,0.0,0.0,0.6139477491378784,True,too_few_matches,0.353607800003374
D1_154_building,rootsift-lightglue-r2048-k8192,rootsift,lightglue,2048,8192,1763,107_0005_0129.JPG,107_0005_0136.JPG,6011,6031,1,0,0.0,0.0,0.0,0.0,0.3971777856349945,True,too_few_matches,0.435410599980969
D1_154_building,rootsift-lightglue-r2048-k8192,rootsift,lightglue,2048,8192,1764,107_0005_0129.JPG,107_0005_0137.JPG,6011,6056,2,0,0.0,0.0,0.0,0.0,0.6021109819412231,True,too_few_matches,0.34062090000952594
D1_154_building,rootsift-lightglue-r2048-k8192,rootsift,lightglue,2048,8192,1765,107_0005_0130.JPG,107_0005_0131.JPG,6090,6000,3488,3424,0.981651376146789,570.6666666666666,0.984375,0.875,0.9011780619621277,False,ok,0.30581759999040514
D1_154_building,rootsift-lightglue-r2048-k8192,rootsift,lightglue,2048,8192,1766,107_0005_0130.JPG,107_0005_0132.JPG,6090,6110,2495,2406,0.9643286573146292,395.0738916256158,0.859375,0.578125,0.8830444812774658,False,ok,0.37765850001596846
D1_154_building,rootsift-lightglue-r2048-k8192,rootsift,lightglue,2048,8192,1767,107_0005_0130.JPG,107_0005_0133.JPG,6090,6083,1815,1648,0.9079889807162534,270.9189544632583,0.734375,0.453125,0.8964877128601074,False,ok,0.47404860000824556
D1_154_building,rootsift-lightglue-r2048-k8192,rootsift,lightglue,2048,8192,1768,107_0005_0130.JPG,107_0005_0134.JPG,6090,6036,1236,1074,0.8689320388349514,177.9324055666004,0.59375,0.3125,0.8716387152671814,False,ok,0.5033447000023443
D1_154_building,rootsift-lightglue-r2048-k8192,rootsift,lightglue,2048,8192,1769,107_0005_0130.JPG,107_0005_0135.JPG,6090,6025,978,802,0.820040899795501,133.11203319502076,0.546875,0.21875,0.8431845903396606,False,ok,0.5624763999949209
D1_154_building,rootsift-lightglue-r2048-k8192,rootsift,lightglue,2048,8192,1770,107_0005_0130.JPG,107_0005_0136.JPG,6090,6031,911,736,0.8079034028540066,122.03614657602388,0.53125,0.1875,0.8356815576553345,False,ok,0.27677050000056624
D1_154_building,rootsift-lightglue-r2048-k8192,rootsift,lightglue,2048,8192,1771,107_0005_0130.JPG,107_0005_0137.JPG,6090,6056,840,652,0.7761904761904762,107.66182298546896,0.4375,0.125,0.8021703958511353,False,ok,0.22742680000374094
D1_154_building,rootsift-lightglue-r2048-k8192,rootsift,lightglue,2048,8192,1772,107_0005_0130.JPG,107_0005_0138.JPG,6090,6039,820,636,0.775609756097561,105.31544957774466,0.484375,0.15625,0.7939040064811707,False,ok,0.6596575000148732
D1_154_building,rootsift-lightglue-r2048-k8192,rootsift,lightglue,2048,8192,1773,107_0005_0131.JPG,107_0005_0132.JPG,6000,6110,3414,3366,0.9859402460456942,561.0,0.984375,0.84375,0.9046445488929749,False,ok,0.28354490001220256
D1_154_building,rootsift-lightglue-r2048-k8192,rootsift,lightglue,2048,8192,1774,107_0005_0131.JPG,107_0005_0133.JPG,6000,6083,2484,2354,0.9476650563607085,392.3333333333333,0.859375,0.609375,0.900276243686676,False,ok,0.46648000000277534
D1_154_building,rootsift-lightglue-r2048-k8192,rootsift,lightglue,2048,8192,1775,107_0005_0131.JPG,107_0005_0134.JPG,6000,6036,1844,1642,0.8904555314533622,273.6666666666667,0.703125,0.453125,0.8959512114524841,False,ok,0.4169895999948494
D1_154_building,rootsift-lightglue-r2048-k8192,rootsift,lightglue,2048,8192,1776,107_0005_0131.JPG,107_0005_0135.JPG,6000,6025,1492,1286,0.8619302949061662,214.33333333333334,0.6875,0.359375,0.882418692111969,False,ok,0.36588209998444654
D1_154_building,rootsift-lightglue-r2048-k8192,rootsift,lightglue,2048,8192,1777,107_0005_0131.JPG,107_0005_0136.JPG,6000,6031,1408,1192,0.8465909090909091,198.66666666666666,0.6875,0.28125,0.87945157289505,False,ok,0.5839272000011988
D1_154_building,rootsift-lightglue-r2048-k8192,rootsift,lightglue,2048,8192,1778,107_0005_0131.JPG,107_0005_0137.JPG,6000,6056,1269,1012,0.797478329393223,168.66666666666666,0.609375,0.265625,0.8744751811027527,False,ok,0.5808955999964382
D1_154_building,rootsift-lightglue-r2048-k8192,rootsift,lightglue,2048,8192,1779,107_0005_0131.JPG,107_0005_0138.JPG,6000,6039,1258,988,0.7853736089030207,164.66666666666666,0.609375,0.265625,0.874646008014679,False,ok,0.46893840000848286
D1_154_building,rootsift-lightglue-r2048-k8192,rootsift,lightglue,2048,8192,1780,107_0005_0131.JPG,107_0005_0139.JPG,6000,6096,1748,1497,0.8564073226544623,249.5,0.75,0.40625,0.8986194729804993,False,ok,0.39056410000193864
D1_154_building,rootsift-lightglue-r2048-k8192,rootsift,lightglue,2048,8192,1781,107_0005_0132.JPG,107_0005_0133.JPG,6110,6083,3453,3390,0.9817549956559514,557.2908104553674,0.984375,0.875,0.901168942451477,False,ok,0.42582029997720383
D1_154_building,rootsift-lightglue-r2048-k8192,rootsift,lightglue,2048,8192,1782,107_0005_0132.JPG,107_0005_0134.JPG,6110,6036,2563,2445,0.9539602028872415,405.0695825049702,0.84375,0.625,0.8733103275299072,False,ok,0.2848874000192154
D1_154_building,rootsift-lightglue-r2048-k8192,rootsift,lightglue,2048,8192,1783,107_0005_0132.JPG,107_0005_0135.JPG,6110,6025,2138,1935,0.9050514499532273,321.1618257261411,0.78125,0.46875,0.885578453540802,False,ok,0.4371955999813508
D1_154_building,rootsift-lightglue-r2048-k8192,rootsift,lightglue,2048,8192,1784,107_0005_0132.JPG,107_0005_0136.JPG,6110,6031,2023,1771,0.8754325259515571,293.64947769855746,0.796875,0.421875,0.8701260685920715,False,ok,0.35646720000659116
D1_154_building,rootsift-lightglue-r2048-k8192,rootsift,lightglue,2048,8192,1785,107_0005_0132.JPG,107_0005_0137.JPG,6110,6056,1797,1459,0.8119087367835282,240.91809775429326,0.6875,0.375,0.8779136538505554,False,ok,0.41821649999474175
D1_154_building,rootsift-lightglue-r2048-k8192,rootsift,lightglue,2048,8192,1786,107_0005_0132.JPG,107_0005_0138.JPG,6110,6039,1786,1485,0.8314669652855543,245.9016393442623,0.671875,0.375,0.8808646202087402,False,ok,0.5835130999912508
D1_154_building,rootsift-lightglue-r2048-k8192,rootsift,lightglue,2048,8192,1787,107_0005_0132.JPG,107_0005_0139.JPG,6110,6096,2260,2056,0.9097345132743363,337.2703412073491,0.71875,0.53125,0.8743869662284851,False,ok,0.44748810000601225
D1_154_building,rootsift-lightglue-r2048-k8192,rootsift,lightglue,2048,8192,1788,107_0005_0132.JPG,107_0005_0140.JPG,6110,6155,2810,2623,0.9334519572953737,429.2962356792144,0.78125,0.71875,0.8806326389312744,False,ok,0.36520189998554997
D1_154_building,rootsift-lightglue-r2048-k8192,rootsift,lightglue,2048,8192,1789,107_0005_0132.JPG,107_0005_0141.JPG,6110,6152,2807,2627,0.935874599216245,429.9509001636661,0.65625,0.75,0.8760358691215515,False,ok,0.49363950002589263
D1_154_building,rootsift-lightglue-r2048-k8192,rootsift,lightglue,2048,8192,1790,107_0005_0133.JPG,107_0005_0134.JPG,6083,6036,3498,3439,0.9831332189822756,569.7481776010603,1.0,0.875,0.9007365107536316,False,ok,0.31015580001985654
D1_154_building,rootsift-lightglue-r2048-k8192,rootsift,lightglue,2048,8192,1791,107_0005_0133.JPG,107_0005_0135.JPG,6083,6025,2845,2717,0.9550087873462214,450.95435684647305,0.921875,0.703125,0.8904011845588684,False,ok,0.32782310000038706
D1_154_building,rootsift-lightglue-r2048-k8192,rootsift,lightglue,2048,8192,1792,107_0005_0133.JPG,107_0005_0136.JPG,6083,6031,2577,2442,0.9476135040745053,404.9079754601227,0.859375,0.640625,0.8754545450210571,False,ok,0.4134494000172708
D1_154_building,rootsift-lightglue-r2048-k8192,rootsift,lightglue,2048,8192,1793,107_0005_0133.JPG,107_0005_0137.JPG,6083,6056,2161,1964,0.9088385006941231,324.30647291941875,0.75,0.5625,0.8731306195259094,False,ok,0.4077054000226781
D1_154_building,rootsift-lightglue-r2048-k8192,rootsift,lightglue,2048,8192,1794,107_0005_0133.JPG,107_0005_0138.JPG,6083,6039,2164,1983,0.916358595194085,328.3656234475907,0.734375,0.546875,0.8790048360824585,False,ok,0.421151499991538
D1_154_building,rootsift-lightglue-r2048-k8192,rootsift,lightglue,2048,8192,1795,107_0005_0133.JPG,107_0005_0139.JPG,6083,6096,2668,2507,0.9396551724137931,412.1321716258425,0.8125,0.734375,0.8833999037742615,False,ok,0.34378650001599453
D1_154_building,rootsift-lightglue-r2048-k8192,rootsift,lightglue,2048,8192,1796,107_0005_0133.JPG,107_0005_0140.JPG,6083,6155,2683,2486,0.9265747297800969,408.67992766726945,0.71875,0.796875,0.878667950630188,False,ok,0.48607139999512583
D1_154_building,rootsift-lightglue-r2048-k8192,rootsift,lightglue,2048,8192,1797,107_0005_0133.JPG,107_0005_0141.JPG,6083,6152,2226,1995,0.8962264150943396,327.9631760644419,0.5625,0.71875,0.8615792989730835,False,ok,0.3091908000060357
D1_154_building,rootsift-lightglue-r2048-k8192,rootsift,lightglue,2048,8192,1798,107_0005_0134.JPG,107_0005_0135.JPG,6036,6025,3849,3803,0.9880488438555469,631.2033195020747,1.0,0.90625,0.9159258008003235,False,ok,0.28016769999521784
D1_154_building,rootsift-lightglue-r2048-k8192,rootsift,lightglue,2048,8192,1799,107_0005_0134.JPG,107_0005_0136.JPG,6036,6031,3243,3188,0.9830403946962689,528.6022218537556,0.953125,0.765625,0.9079403877258301,False,ok,0.41254300001310185
D1_154_building,rootsift-lightglue-r2048-k8192,rootsift,lightglue,2048,8192,1800,107_0005_0134.JPG,107_0005_0137.JPG,6036,6056,2573,2466,0.9584143023707734,408.5487077534791,0.828125,0.671875,0.8667988777160645,False,ok,0.41430219999165274
D1_154_building,rootsift-lightglue-r2048-k8192,rootsift,lightglue,2048,8192,1801,107_0005_0134.JPG,107_0005_0138.JPG,6036,6039,2582,2475,0.9585592563903951,410.03976143141153,0.828125,0.671875,0.8624807596206665,False,ok,0.3763815999845974
D1_154_building,rootsift-lightglue-r2048-k8192,rootsift,lightglue,2048,8192,1802,107_0005_0134.JPG,107_0005_0139.JPG,6036,6096,2733,2575,0.9421880717160629,426.6070245195494,0.6875,0.796875,0.8842454552650452,False,ok,0.32420850000926293
D1_154_building,rootsift-lightglue-r2048-k8192,rootsift,lightglue,2048,8192,1803,107_0005_0134.JPG,107_0005_0140.JPG,6036,6155,2228,2021,0.9070915619389587,334.82438701126574,0.5625,0.75,0.8738874793052673,False,ok,0.46557870000833645
D1_154_building,rootsift-lightglue-r2048-k8192,rootsift,lightglue,2048,8192,1804,107_0005_0134.JPG,107_0005_0141.JPG,6036,6152,1756,1514,0.8621867881548975,250.8283631544069,0.421875,0.703125,0.824704110622406,False,ok,0.10778650001157075
D1_154_building,rootsift-lightglue-r2048-k8192,rootsift,lightglue,2048,8192,1805,107_0005_0134.JPG,107_0005_0142.JPG,6036,6118,1237,1020,0.824575586095392,168.98608349900596,0.28125,0.625,0.8564547896385193,False,ok,0.15634710001177154
D1_154_building,rootsift-lightglue-r2048-k8192,rootsift,lightglue,2048,8192,1806,107_0005_0135.JPG,107_0005_0136.JPG,6025,6031,3817,3774,0.9887346083311501,626.3900414937759,0.96875,0.953125,0.9005120992660522,False,ok,0.24322880001273006
D1_154_building,rootsift-lightglue-r2048-k8192,rootsift,lightglue,2048,8192,1807,107_0005_0135.JPG,107_0005_0137.JPG,6025,6056,2993,2890,0.965586368192449,479.6680497925311,0.84375,0.828125,0.857414722442627,False,ok,0.4357675999926869
D1_154_building,rootsift-lightglue-r2048-k8192,rootsift,lightglue,2048,8192,1808,107_0005_0135.JPG,107_0005_0138.JPG,6025,6039,2980,2865,0.9614093959731543,475.5186721991701,0.8125,0.8125,0.8507931232452393,False,ok,0.2638518000021577
D1_154_building,rootsift-lightglue-r2048-k8192,rootsift,lightglue,2048,8192,1809,107_0005_0135.JPG,107_0005_0139.JPG,6025,6096,2509,2335,0.9306496612196095,387.551867219917,0.59375,0.828125,0.884506106376648,False,ok,0.49710619999677874
D1_154_building,rootsift-lightglue-r2048-k8192,rootsift,lightglue,2048,8192,1810,107_0005_0135.JPG,107_0005_0140.JPG,6025,6155,1965,1747,0.889058524173028,289.9585062240664,0.484375,0.765625,0.85629802942276,False,ok,0.3435276999953203
D1_154_building,rootsift-lightglue-r2048-k8192,rootsift,lightglue,2048,8192,1811,107_0005_0135.JPG,107_0005_0141.JPG,6025,6152,1510,1270,0.8410596026490066,210.78838174273858,0.375,0.65625,0.8595592379570007,False,ok,0.32399330000043847
D1_154_building,rootsift-lightglue-r2048-k8192,rootsift,lightglue,2048,8192,1812,107_0005_0135.JPG,107_0005_0142.JPG,6025,6118,974,783,0.8039014373716632,129.95850622406638,0.25,0.5,0.805033802986145,False,ok,0.5697027000132948
D1_154_building,rootsift-lightglue-r2048-k8192,rootsift,lightglue,2048,8192,1813,107_0005_0135.JPG,107_0005_0143.JPG,6025,6166,138,95,0.6884057971014492,15.767634854771785,0.09375,0.203125,0.615898847579956,False,ok,0.4865033999958541
D1_154_building,rootsift-lightglue-r2048-k8192,rootsift,lightglue,2048,8192,1814,107_0005_0136.JPG,107_0005_0137.JPG,6031,6056,3706,3654,0.985968699406368,605.869673354336,0.953125,0.9375,0.9046827554702759,False,ok,0.25121410001884215
D1_154_building,rootsift-lightglue-r2048-k8192,rootsift,lightglue,2048,8192,1815,107_0005_0136.JPG,107_0005_0138.JPG,6031,6039,3655,3603,0.9857729138166894,597.41336428453,0.9375,0.9375,0.9017004370689392,False,ok,0.4728054000006523
D1_154_building,rootsift-lightglue-r2048-k8192,rootsift,lightglue,2048,8192,1816,107_0005_0136.JPG,107_0005_0139.JPG,6031,6096,2869,2770,0.9654932032066922,459.2936494776986,0.65625,0.96875,0.8925846815109253,False,ok,0.3748791000107303
D1_154_building,rootsift-lightglue-r2048-k8192,rootsift,lightglue,2048,8192,1817,107_0005_0136.JPG,107_0005_0140.JPG,6031,6155,2229,2018,0.905338716913414,334.60454319350026,0.53125,0.828125,0.8757617473602295,False,ok,0.34083169998484664
D1_154_building,rootsift-lightglue-r2048-k8192,rootsift,lightglue,2048,8192,1818,107_0005_0136.JPG,107_0005_0141.JPG,6031,6152,1558,1337,0.8581514762516046,221.68794561432597,0.4375,0.6875,0.8331035375595093,False,ok,0.2814721000031568
D1_154_building,rootsift-lightglue-r2048-k8192,rootsift,lightglue,2048,8192,1819,107_0005_0136.JPG,107_0005_0142.JPG,6031,6118,966,814,0.8426501035196687,134.96932515337423,0.296875,0.5,0.8273801207542419,False,ok,0.5878992000070866
D1_154_building,rootsift-lightglue-r2048-k8192,rootsift,lightglue,2048,8192,1820,107_0005_0136.JPG,107_0005_0143.JPG,6031,6166,450,336,0.7466666666666667,55.71215387166308,0.15625,0.375,0.6389707922935486,False,ok,0.5356513000151608
D1_154_building,rootsift-lightglue-r2048-k8192,rootsift,lightglue,2048,8192,1821,107_0005_0136.JPG,107_0005_0144.JPG,6031,6117,10,8,0.8,1.326479854087216,0.0625,0.09375,0.22212937474250793,True,ok,0.30387400000472553
D1_154_building,rootsift-lightglue-r2048-k8192,rootsift,lightglue,2048,8192,1822,107_0005_0137.JPG,107_0005_0138.JPG,6056,6039,4590,4557,0.9928104575163399,754.595131644312,1.0,1.0,0.9004297852516174,False,ok,0.33362610000767745
D1_154_building,rootsift-lightglue-r2048-k8192,rootsift,lightglue,2048,8192,1823,107_0005_0137.JPG,107_0005_0139.JPG,6056,6096,3147,3066,0.9742612011439467,506.2747688243065,0.75,0.96875,0.902568519115448,False,ok,0.263440399983665
D1_154_building,rootsift-lightglue-r2048-k8192,rootsift,lightglue,2048,8192,1824,107_0005_0137.JPG,107_0005_0140.JPG,6056,6155,2324,2135,0.9186746987951807,352.54293262879787,0.625,0.859375,0.886125922203064,False,ok,0.49645330000203103
D1_154_building,rootsift-lightglue-r2048-k8192,rootsift,lightglue,2048,8192,1825,107_0005_0137.JPG,107_0005_0141.JPG,6056,6152,1637,1394,0.851557727550397,230.18494055482165,0.4375,0.703125,0.8258460164070129,False,ok,0.35364049999043345
D1_154_building,rootsift-lightglue-r2048-k8192,rootsift,lightglue,2048,8192,1826,107_0005_0137.JPG,107_0005_0142.JPG,6056,6118,1055,868,0.8227488151658767,143.32892998678997,0.265625,0.53125,0.8413192629814148,False,ok,0.46076149999862537
D1_154_building,rootsift-lightglue-r2048-k8192,rootsift,lightglue,2048,8192,1827,107_0005_0137.JPG,107_0005_0143.JPG,6056,6166,594,435,0.7323232323232324,71.82959048877147,0.171875,0.390625,0.7344335317611694,False,ok,0.6988096999994013
D1_154_building,rootsift-lightglue-r2048-k8192,rootsift,lightglue,2048,8192,1828,107_0005_0137.JPG,107_0005_0144.JPG,6056,6117,15,8,0.5333333333333333,1.321003963011889,0.09375,0.109375,0.1951597034931183,True,ok,0.33845549999387003
D1_154_building,rootsift-lightglue-r2048-k8192,rootsift,lightglue,2048,8192,1829,107_0005_0137.JPG,107_0005_0145.JPG,6056,6173,7,0,0.0,0.0,0.0,0.0,0.23517267405986786,True,too_few_matches,0.4149753000237979
D1_154_building,rootsift-lightglue-r2048-k8192,rootsift,lightglue,2048,8192,1830,107_0005_0137.JPG,107_0005_0153.JPG,6056,6264,1826,1503,0.8231106243154436,248.18361955085865,0.484375,0.703125,0.8602233529090881,False,ok,0.42260510000051
D1_154_building,rootsift-lightglue-r2048-k8192,rootsift,lightglue,2048,8192,1831,107_0005_0137.JPG,107_0005_0154.JPG,6056,6185,2506,2200,0.8778930566640064,363.2760898282695,0.703125,0.796875,0.8782287836074829,False,ok,0.3445835000020452
D1_154_building,rootsift-lightglue-r2048-k8192,rootsift,lightglue,2048,8192,1832,107_0005_0138.JPG,107_0005_0139.JPG,6039,6096,3190,3113,0.9758620689655172,515.4826958105647,0.75,0.96875,0.9038078784942627,False,ok,0.4175600000016857
D1_154_building,rootsift-lightglue-r2048-k8192,rootsift,lightglue,2048,8192,1833,107_0005_0138.JPG,107_0005_0140.JPG,6039,6155,2343,2157,0.9206145966709347,357.1783407848982,0.625,0.859375,0.8864755630493164,False,ok,0.3042134999996051
D1_154_building,rootsift-lightglue-r2048-k8192,rootsift,lightglue,2048,8192,1834,107_0005_0138.JPG,107_0005_0141.JPG,6039,6152,1661,1431,0.8615291992775437,236.95976154992547,0.453125,0.6875,0.8425118327140808,False,ok,0.330107699992368
D1_154_building,rootsift-lightglue-r2048-k8192,rootsift,lightglue,2048,8192,1835,107_0005_0138.JPG,107_0005_0142.JPG,6039,6118,1057,883,0.8353831598864712,146.21626097035934,0.265625,0.484375,0.8443946242332458,False,ok,0.553683700010879
D1_154_building,rootsift-lightglue-r2048-k8192,rootsift,lightglue,2048,8192,1836,107_0005_0138.JPG,107_0005_0143.JPG,6039,6166,497,379,0.7625754527162978,62.75873488988243,0.171875,0.390625,0.6347305178642273,False,ok,0.526226999994833
D1_154_building,rootsift-lightglue-r2048-k8192,rootsift,lightglue,2048,8192,1837,107_0005_0138.JPG,107_0005_0144.JPG,6039,6117,5,0,0.0,0.0,0.0,0.0,0.2535521388053894,True,too_few_matches,0.30382420000387356
D1_154_building,rootsift-lightglue-r2048-k8192,rootsift,lightglue,2048,8192,1838,107_0005_0138.JPG,107_0005_0145.JPG,6039,6173,6,0,0.0,0.0,0.0,0.0,0.1988435834646225,True,too_few_matches,0.5068638999946415
D1_154_building,rootsift-lightglue-r2048-k8192,rootsift,lightglue,2048,8192,1839,107_0005_0138.JPG,107_0005_0146.JPG,6039,6171,9,7,0.7777777777777778,1.1591323066732904,0.078125,0.0625,0.2214621901512146,True,ok,0.09635870001511648
D1_154_building,rootsift-lightglue-r2048-k8192,rootsift,lightglue,2048,8192,1840,107_0005_0138.JPG,107_0005_0153.JPG,6039,6264,1874,1547,0.8255069370330843,256.16823977479714,0.46875,0.703125,0.8610616326332092,False,ok,0.2064787000126671
D1_154_building,rootsift-lightglue-r2048-k8192,rootsift,lightglue,2048,8192,1841,107_0005_0138.JPG,107_0005_0154.JPG,6039,6185,2566,2302,0.897116134060795,381.18893856598777,0.703125,0.78125,0.8841049671173096,False,ok,0.37991620000684634
D1_154_building,rootsift-lightglue-r2048-k8192,rootsift,lightglue,2048,8192,1842,107_0005_0139.JPG,107_0005_0140.JPG,6096,6155,3419,3313,0.9689967826849956,543.4711286089239,0.859375,0.984375,0.8814694881439209,False,ok,0.4259682999982033
D1_154_building,rootsift-lightglue-r2048-k8192,rootsift,lightglue,2048,8192,1843,107_0005_0139.JPG,107_0005_0141.JPG,6096,6152,2461,2288,0.929703372612759,375.3280839895013,0.625,0.828125,0.8736990690231323,False,ok,0.3566964000056032
D1_154_building,rootsift-lightglue-r2048-k8192,rootsift,lightglue,2048,8192,1844,107_0005_0139.JPG,107_0005_0142.JPG,6096,6118,1700,1503,0.8841176470588236,246.5551181102362,0.4375,0.671875,0.8535292744636536,False,ok,0.43639649997930974
D1_154_building,rootsift-lightglue-r2048-k8192,rootsift,lightglue,2048,8192,1845,107_0005_0139.JPG,107_0005_0143.JPG,6096,6166,1142,959,0.839754816112084,157.31627296587928,0.28125,0.5,0.8572076559066772,False,ok,0.4233820999797899
D1_154_building,rootsift-lightglue-r2048-k8192,rootsift,lightglue,2048,8192,1846,107_0005_0139.JPG,107_0005_0144.JPG,6096,6117,790,602,0.7620253164556962,98.75328083989501,0.171875,0.4375,0.8040386438369751,False,ok,0.41634649998741224
D1_154_building,rootsift-lightglue-r2048-k8192,rootsift,lightglue,2048,8192,1847,107_0005_0139.JPG,107_0005_0145.JPG,6096,6173,432,295,0.6828703703703703,48.39238845144357,0.125,0.328125,0.5109021067619324,False,ok,0.656905200012261
D1_154_building,rootsift-lightglue-r2048-k8192,rootsift,lightglue,2048,8192,1848,107_0005_0139.JPG,107_0005_0146.JPG,6096,6171,365,245,0.6712328767123288,40.19028871391076,0.09375,0.28125,0.5330538749694824,False,ok,0.7157281000108924
D1_154_building,rootsift-lightglue-r2048-k8192,rootsift,lightglue,2048,8192,1849,107_0005_0139.JPG,107_0005_0147.JPG,6096,6158,8,7,0.875,1.1482939632545932,0.046875,0.078125,0.4144849181175232,True,ok,0.33610670000780374
D1_154_building,rootsift-lightglue-r2048-k8192,rootsift,lightglue,2048,8192,1850,107_0005_0139.JPG,107_0005_0153.JPG,6096,6264,2486,2144,0.8624296057924377,351.70603674540683,0.703125,0.796875,0.8600090146064758,False,ok,0.5275745999824721
D1_154_building,rootsift-lightglue-r2048-k8192,rootsift,lightglue,2048,8192,1851,107_0005_0139.JPG,107_0005_0154.JPG,6096,6185,2594,2376,0.9159599074787972,389.76377952755905,0.8125,0.765625,0.8642666339874268,False,ok,0.40019529999699444
D1_154_building,rootsift-lightglue-r2048-k8192,rootsift,lightglue,2048,8192,1852,107_0005_0140.JPG,107_0005_0141.JPG,6155,6152,3318,3224,0.97166968053044,524.0572171651495,0.859375,0.9375,0.8799468874931335,False,ok,0.2633211999782361
D1_154_building,rootsift-lightglue-r2048-k8192,rootsift,lightglue,2048,8192,1853,107_0005_0140.JPG,107_0005_0142.JPG,6155,6118,2397,2233,0.9315811430955361,364.9885583524027,0.609375,0.78125,0.8887051939964294,False,ok,0.4645934000145644
D1_154_building,rootsift-lightglue-r2048-k8192,rootsift,lightglue,2048,8192,1854,107_0005_0140.JPG,107_0005_0143.JPG,6155,6166,1706,1502,0.88042203985932,244.02924451665314,0.40625,0.671875,0.8600839972496033,False,ok,0.3041965000156779
D1_154_building,rootsift-lightglue-r2048-k8192,rootsift,lightglue,2048,8192,1855,107_0005_0140.JPG,107_0005_0144.JPG,6155,6117,1266,1070,0.8451816745655608,174.9223475559915,0.28125,0.5625,0.8609133362770081,False,ok,0.40029629998025484
D1_154_building,rootsift-lightglue-r2048-k8192,rootsift,lightglue,2048,8192,1856,107_0005_0140.JPG,107_0005_0145.JPG,6155,6173,972,770,0.7921810699588477,125.10154346060114,0.1875,0.5625,0.8174080848693848,False,ok,0.5777213999826927
D1_154_building,rootsift-lightglue-r2048-k8192,rootsift,lightglue,2048,8192,1857,107_0005_0140.JPG,107_0005_0146.JPG,6155,6171,922,697,0.7559652928416486,113.2412672623883,0.1875,0.453125,0.8080794811248779,False,ok,0.4967502999934368
D1_154_building,rootsift-lightglue-r2048-k8192,rootsift,lightglue,2048,8192,1858,107_0005_0140.JPG,107_0005_0147.JPG,6155,6158,767,541,0.7053455019556715,87.89601949634444,0.15625,0.34375,0.7943542003631592,False,ok,0.4154549000086263
D1_154_building,rootsift-lightglue-r2048-k8192,rootsift,lightglue,2048,8192,1859,107_0005_0140.JPG,107_0005_0148.JPG,6155,6158,755,538,0.7125827814569536,87.40861088545897,0.15625,0.375,0.7979976534843445,False,ok,0.4948754000070039
D1_154_building,rootsift-lightglue-r2048-k8192,rootsift,lightglue,2048,8192,1860,107_0005_0140.JPG,107_0005_0153.JPG,6155,6264,2727,2402,0.8808214154748808,390.25182778229083,0.796875,0.734375,0.8759528994560242,False,ok,0.6030521999928169
D1_154_building,rootsift-lightglue-r2048-k8192,rootsift,lightglue,2048,8192,1861,107_0005_0140.JPG,107_0005_0154.JPG,6155,6185,2298,1944,0.8459530026109661,315.8407798537774,0.8125,0.515625,0.8650805354118347,False,ok,0.412781899998663
D1_154_building,rootsift-lightglue-r2048-k8192,rootsift,lightglue,2048,8192,1862,107_0005_0141.JPG,107_0005_0142.JPG,6152,6118,3300,3203,0.9706060606060606,523.5371036286368,0.8125,0.9375,0.8819886445999146,False,ok,0.41773980000289157
D1_154_building,rootsift-lightglue-r2048-k8192,rootsift,lightglue,2048,8192,1863,107_0005_0141.JPG,107_0005_0143.JPG,6152,6166,2405,2242,0.9322245322245323,364.4343302990897,0.5625,0.796875,0.8957881927490234,False,ok,0.3795856999931857
D1_154_building,rootsift-lightglue-r2048-k8192,rootsift,lightglue,2048,8192,1864,107_0005_0141.JPG,107_0005_0144.JPG,6152,6117,1823,1609,0.8826110806363138,263.03743665195356,0.421875,0.65625,0.8690423965454102,False,ok,0.23319299999275245
D1_154_building,rootsift-lightglue-r2048-k8192,rootsift,lightglue,2048,8192,1865,107_0005_0141.JPG,107_0005_0145.JPG,6152,6173,1470,1230,0.8367346938775511,199.93498049414825,0.3125,0.6875,0.8475973010063171,False,ok,0.5877156000060495
D1_154_building,rootsift-lightglue-r2048-k8192,rootsift,lightglue,2048,8192,1866,107_0005_0141.JPG,107_0005_0146.JPG,6152,6171,1373,1117,0.8135469774217043,181.56697009102731,0.28125,0.59375,0.8505476117134094,False,ok,0.48010670000803657
D1_154_building,rootsift-lightglue-r2048-k8192,rootsift,lightglue,2048,8192,1867,107_0005_0141.JPG,107_0005_0147.JPG,6152,6158,1184,948,0.8006756756756757,154.0962288686606,0.234375,0.46875,0.8392282724380493,False,ok,0.4564473999780603
D1_154_building,rootsift-lightglue-r2048-k8192,rootsift,lightglue,2048,8192,1868,107_0005_0141.JPG,107_0005_0148.JPG,6152,6158,1195,942,0.7882845188284519,153.12093628088425,0.234375,0.46875,0.8469915390014648,False,ok,0.3707396000099834
D1_154_building,rootsift-lightglue-r2048-k8192,rootsift,lightglue,2048,8192,1869,107_0005_0141.JPG,107_0005_0149.JPG,6152,6161,1448,1163,0.8031767955801105,189.0442132639792,0.328125,0.578125,0.8437691926956177,False,ok,0.431724199996097
D1_154_building,rootsift-lightglue-r2048-k8192,rootsift,lightglue,2048,8192,1870,107_0005_0142.JPG,107_0005_0143.JPG,6118,6166,3296,3212,0.9745145631067961,525.0081726054266,0.8125,0.953125,0.8858568668365479,False,ok,0.4099075999984052
D1_154_building,rootsift-lightglue-r2048-k8192,rootsift,lightglue,2048,8192,1871,107_0005_0142.JPG,107_0005_0144.JPG,6118,6117,2567,2395,0.9329957148422283,391.5317966323361,0.5625,0.828125,0.8849265575408936,False,ok,0.35516149998875335
D1_154_building,rootsift-lightglue-r2048-k8192,rootsift,lightglue,2048,8192,1872,107_0005_0142.JPG,107_0005_0145.JPG,6118,6173,2087,1832,0.877815045519885,299.4442628309905,0.4375,0.8125,0.8743284344673157,False,ok,0.16262930000084452
D1_154_building,rootsift-lightglue-r2048-k8192,rootsift,lightglue,2048,8192,1873,107_0005_0142.JPG,107_0005_0146.JPG,6118,6171,1956,1679,0.8583844580777096,274.43609022556393,0.390625,0.734375,0.8665263652801514,False,ok,0.18859420000808313
D1_154_building,rootsift-lightglue-r2048-k8192,rootsift,lightglue,2048,8192,1874,107_0005_0142.JPG,107_0005_0147.JPG,6118,6158,1699,1441,0.848145968216598,235.5344883949003,0.34375,0.59375,0.8573479652404785,False,ok,0.6071036999928765
D1_154_building,rootsift-lightglue-r2048-k8192,rootsift,lightglue,2048,8192,1875,107_0005_0142.JPG,107_0005_0148.JPG,6118,6158,1689,1426,0.8442865600947306,233.08270676691728,0.34375,0.5625,0.8678658604621887,False,ok,0.4472970000060741
D1_154_building,rootsift-lightglue-r2048-k8192,rootsift,lightglue,2048,8192,1876,107_0005_0142.JPG,107_0005_0149.JPG,6118,6161,1994,1715,0.8600802407221665,280.3203661327231,0.5,0.640625,0.8682636022567749,False,ok,0.5196347000019159
D1_154_building,rootsift-lightglue-r2048-k8192,rootsift,lightglue,2048,8192,1877,107_0005_0142.JPG,107_0005_0150.JPG,6118,6189,2387,2118,0.8873062421449518,346.1915658711997,0.625,0.71875,0.8672283887863159,False,ok,0.4769412000023294
D1_154_building,rootsift-lightglue-r2048-k8192,rootsift,lightglue,2048,8192,1878,107_0005_0143.JPG,107_0005_0144.JPG,6166,6117,3439,3375,0.9813899389357371,551.7410495340854,0.796875,0.96875,0.878859281539917,False,ok,0.244447900011437
D1_154_building,rootsift-lightglue-r2048-k8192,rootsift,lightglue,2048,8192,1879,107_0005_0143.JPG,107_0005_0145.JPG,6166,6173,2882,2717,0.9427480916030534,440.6422315926046,0.671875,0.859375,0.8826566338539124,False,ok,0.6281388999777846
D1_154_building,rootsift-lightglue-r2048-k8192,rootsift,lightglue,2048,8192,1880,107_0005_0143.JPG,107_0005_0146.JPG,6166,6171,2610,2340,0.896551724137931,379.50048653908533,0.53125,0.765625,0.8911240100860596,False,ok,0.4170419000147376
D1_154_building,rootsift-lightglue-r2048-k8192,rootsift,lightglue,2048,8192,1881,107_0005_0143.JPG,107_0005_0147.JPG,6166,6158,2199,1952,0.8876762164620282,316.98603442676193,0.46875,0.65625,0.8768854737281799,False,ok,0.42500409999047406
D1_154_building,rootsift-lightglue-r2048-k8192,rootsift,lightglue,2048,8192,1882,107_0005_0143.JPG,107_0005_0148.JPG,6166,6158,2200,1937,0.8804545454545455,314.55017862942515,0.46875,0.640625,0.8732666969299316,False,ok,0.5270960999769159
D1_154_building,rootsift-lightglue-r2048-k8192,rootsift,lightglue,2048,8192,1883,107_0005_0143.JPG,107_0005_0149.JPG,6166,6161,2468,2253,0.9128849270664505,365.68738841097223,0.65625,0.71875,0.8843665719032288,False,ok,0.45328950000111945
D1_154_building,rootsift-lightglue-r2048-k8192,rootsift,lightglue,2048,8192,1884,107_0005_0143.JPG,107_0005_0150.JPG,6166,6189,2656,2430,0.9149096385542169,394.0966590982809,0.75,0.71875,0.8712590932846069,False,ok,0.4251804999948945
D1_154_building,rootsift-lightglue-r2048-k8192,rootsift,lightglue,2048,8192,1885,107_0005_0143.JPG,107_0005_0151.JPG,6166,6268,2278,2008,0.8814749780509219,325.6568277651638,0.765625,0.484375,0.8816654086112976,False,ok,0.5375609000038821
D1_154_building,rootsift-lightglue-r2048-k8192,rootsift,lightglue,2048,8192,1886,107_0005_0144.JPG,107_0005_0145.JPG,6117,6173,3678,3622,0.9847743338771071,592.1203204185058,0.875,1.0,0.8869309425354004,False,ok,0.33008389998576604
D1_154_building,rootsift-lightglue-r2048-k8192,rootsift,lightglue,2048,8192,1887,107_0005_0144.JPG,107_0005_0146.JPG,6117,6171,3323,3118,0.9383087571471562,509.72699035474903,0.78125,0.921875,0.9020863175392151,False,ok,0.5067164999782108
D1_154_building,rootsift-lightglue-r2048-k8192,rootsift,lightglue,2048,8192,1888,107_0005_0144.JPG,107_0005_0147.JPG,6117,6158,2651,2462,0.928706148623161,402.48487820827205,0.703125,0.75,0.869926393032074,False,ok,0.497417000005953
D1_154_building,rootsift-lightglue-r2048-k8192,rootsift,lightglue,2048,8192,1889,107_0005_0144.JPG,107_0005_0148.JPG,6117,6158,2642,2449,0.9269492808478426,400.35965342488146,0.6875,0.75,0.867247462272644,False,ok,0.41020510002272204
D1_154_building,rootsift-lightglue-r2048-k8192,rootsift,lightglue,2048,8192,1890,107_0005_0144.JPG,107_0005_0149.JPG,6117,6161,2681,2444,0.9116001491980604,399.54225927742357,0.734375,0.640625,0.8683179616928101,False,ok,0.34457720001228154
D1_154_building,rootsift-lightglue-r2048-k8192,rootsift,lightglue,2048,8192,1891,107_0005_0144.JPG,107_0005_0150.JPG,6117,6189,2381,2112,0.887022259554809,345.26728788621875,0.8125,0.5,0.8744950890541077,False,ok,0.5248957999865524
D1_154_building,rootsift-lightglue-r2048-k8192,rootsift,lightglue,2048,8192,1892,107_0005_0144.JPG,107_0005_0151.JPG,6117,6268,1939,1576,0.812790097988654,257.6426352787314,0.640625,0.375,0.8628329038619995,False,ok,0.43700340000214055
D1_154_building,rootsift-lightglue-r2048-k8192,rootsift,lightglue,2048,8192,1893,107_0005_0144.JPG,107_0005_0152.JPG,6117,6335,1484,1157,0.7796495956873315,189.14500572175902,0.5625,0.28125,0.8594452738761902,False,ok,0.38508740000543185
D1_154_building,rootsift-lightglue-r2048-k8192,rootsift,lightglue,2048,8192,1894,107_0005_0145.JPG,107_0005_0146.JPG,6173,6171,3600,3515,0.9763888888888889,569.5997407227354,0.90625,0.890625,0.878974199295044,False,ok,0.46829330001492053
D1_154_building,rootsift-lightglue-r2048-k8192,rootsift,lightglue,2048,8192,1895,107_0005_0145.JPG,107_0005_0147.JPG,6173,6158,2936,2765,0.9417574931880109,449.0094186424164,0.828125,0.765625,0.8688164949417114,False,ok,0.4132208999944851
D1_154_building,rootsift-lightglue-r2048-k8192,rootsift,lightglue,2048,8192,1896,107_0005_0145.JPG,107_0005_0148.JPG,6173,6158,2867,2674,0.9326822462504359,434.23189347190646,0.8125,0.75,0.8610828518867493,False,ok,0.35493609998957254
D1_154_building,rootsift-lightglue-r2048-k8192,rootsift,lightglue,2048,8192,1897,107_0005_0145.JPG,107_0005_0149.JPG,6173,6161,2382,2154,0.9042821158690176,349.6185684142185,0.78125,0.53125,0.85969477891922,False,ok,0.5055814999795984
D1_154_building,rootsift-lightglue-r2048-k8192,rootsift,lightglue,2048,8192,1898,107_0005_0145.JPG,107_0005_0150.JPG,6173,6189,1977,1663,0.8411734951947395,269.39899562611373,0.671875,0.390625,0.8621354699134827,False,ok,0.38550030000624247
D1_154_building,rootsift-lightglue-r2048-k8192,rootsift,lightglue,2048,8192,1899,107_0005_0145.JPG,107_0005_0151.JPG,6173,6268,1597,1265,0.7921102066374452,204.92467195852907,0.5625,0.3125,0.8529999852180481,False,ok,0.40556389998528175
D1_154_building,rootsift-lightglue-r2048-k8192,rootsift,lightglue,2048,8192,1900,107_0005_0145.JPG,107_0005_0152.JPG,6173,6335,1164,885,0.7603092783505154,143.3662724769156,0.5,0.234375,0.8339061141014099,False,ok,0.5682234000123572
D1_154_building,rootsift-lightglue-r2048-k8192,rootsift,lightglue,2048,8192,1901,107_0005_0145.JPG,107_0005_0153.JPG,6173,6264,770,525,0.6818181818181818,85.0477887574923,0.4375,0.15625,0.7237147688865662,False,ok,0.5993768000043929
D1_154_building,rootsift-lightglue-r2048-k8192,rootsift,lightglue,2048,8192,1902,107_0005_0146.JPG,107_0005_0147.JPG,6171,6158,3552,3480,0.9797297297297297,565.1185449821371,0.953125,0.859375,0.8779805302619934,False,ok,0.31217640000977553
D1_154_building,rootsift-lightglue-r2048-k8192,rootsift,lightglue,2048,8192,1903,107_0005_0146.JPG,107_0005_0148.JPG,6171,6158,3459,3367,0.9734027175484244,546.7684313088665,0.9375,0.84375,0.8733324408531189,False,ok,0.45819139998639
D1_154_building,rootsift-lightglue-r2048-k8192,rootsift,lightglue,2048,8192,1904,107_0005_0146.JPG,107_0005_0149.JPG,6171,6161,2725,2553,0.9368807339449541,414.38078234052915,0.921875,0.625,0.8898428678512573,False,ok,0.11178880001534708
D1_154_building,rootsift-lightglue-r2048-k8192,rootsift,lightglue,2048,8192,1905,107_0005_0146.JPG,107_0005_0150.JPG,6171,6189,2170,1908,0.8792626728110599,309.1881380651434,0.75,0.421875,0.8806681036949158,False,ok,0.16210769998724572
D1_154_building,rootsift-lightglue-r2048-k8192,rootsift,lightglue,2048,8192,1906,107_0005_0146.JPG,107_0005_0151.JPG,6171,6268,1737,1427,0.8215313759355211,231.2429103872954,0.578125,0.3125,0.8636799454689026,False,ok,0.3815010000253096
D1_154_building,rootsift-lightglue-r2048-k8192,rootsift,lightglue,2048,8192,1907,107_0005_0146.JPG,107_0005_0152.JPG,6171,6335,1232,947,0.7686688311688312,153.45973099983794,0.484375,0.234375,0.8347373008728027,False,ok,0.3927473000076134
D1_154_building,rootsift-lightglue-r2048-k8192,rootsift,lightglue,2048,8192,1908,107_0005_0146.JPG,107_0005_0153.JPG,6171,6264,780,542,0.6948717948717948,87.83017339167071,0.390625,0.15625,0.7711732387542725,False,ok,0.5844057000067551
D1_154_building,rootsift-lightglue-r2048-k8192,rootsift,lightglue,2048,8192,1909,107_0005_0146.JPG,107_0005_0154.JPG,6171,6185,0,0,0.0,0.0,0.0,0.0,0.0,True,no_matches,0.31054830001085065
D1_154_building,rootsift-lightglue-r2048-k8192,rootsift,lightglue,2048,8192,1910,107_0005_0147.JPG,107_0005_0148.JPG,6158,6158,4350,4284,0.9848275862068966,695.6804157193894,0.953125,0.9375,0.8720123171806335,False,ok,0.5141819000127725
D1_154_building,rootsift-lightglue-r2048-k8192,rootsift,lightglue,2048,8192,1911,107_0005_0147.JPG,107_0005_0149.JPG,6158,6161,2861,2760,0.964697658161482,448.1974667099708,0.875,0.671875,0.8833408951759338,False,ok,0.2526009999855887
D1_154_building,rootsift-lightglue-r2048-k8192,rootsift,lightglue,2048,8192,1912,107_0005_0147.JPG,107_0005_0150.JPG,6158,6189,2153,1939,0.9006038086391083,314.87495940240336,0.59375,0.390625,0.8713513016700745,False,ok,0.4851628000033088
D1_154_building,rootsift-lightglue-r2048-k8192,rootsift,lightglue,2048,8192,1913,107_0005_0147.JPG,107_0005_0151.JPG,6158,6268,1627,1387,0.8524892440073756,225.23546606040924,0.515625,0.34375,0.8599566221237183,False,ok,0.4258593000122346
D1_154_building,rootsift-lightglue-r2048-k8192,rootsift,lightglue,2048,8192,1914,107_0005_0147.JPG,107_0005_0152.JPG,6158,6335,1112,895,0.8048561151079137,145.33939590776225,0.40625,0.234375,0.8441807627677917,False,ok,0.5887827999831643
D1_154_building,rootsift-lightglue-r2048-k8192,rootsift,lightglue,2048,8192,1915,107_0005_0147.JPG,107_0005_0153.JPG,6158,6264,660,480,0.7272727272727273,77.94738551477752,0.34375,0.125,0.7718814611434937,False,ok,0.5381739999866113
D1_154_building,rootsift-lightglue-r2048-k8192,rootsift,lightglue,2048,8192,1916,107_0005_0147.JPG,107_0005_0154.JPG,6158,6185,2,0,0.0,0.0,0.0,0.0,0.1547885537147522,True,too_few_matches,0.36515959998359904
D1_154_building,rootsift-lightglue-r2048-k8192,rootsift,lightglue,2048,8192,1917,107_0005_0148.JPG,107_0005_0149.JPG,6158,6161,2867,2796,0.9752354377397977,454.04352062357907,0.875,0.65625,0.8835790753364563,False,ok,0.4309986000007484
D1_154_building,rootsift-lightglue-r2048-k8192,rootsift,lightglue,2048,8192,1918,107_0005_0148.JPG,107_0005_0150.JPG,6158,6189,2176,1987,0.9131433823529411,322.66969795388115,0.640625,0.453125,0.8720157742500305,False,ok,0.34460959999705665
D1_154_building,rootsift-lightglue-r2048-k8192,rootsift,lightglue,2048,8192,1919,107_0005_0148.JPG,107_0005_0151.JPG,6158,6268,1653,1418,0.8578342407743497,230.26956804157194,0.5,0.34375,0.8644028306007385,False,ok,0.5265333999996074
D1_154_building,rootsift-lightglue-r2048-k8192,rootsift,lightglue,2048,8192,1920,107_0005_0148.JPG,107_0005_0152.JPG,6158,6335,1107,898,0.8112014453477868,145.82656706722963,0.40625,0.234375,0.8487655520439148,False,ok,0.4198327999911271
D1_154_building,rootsift-lightglue-r2048-k8192,rootsift,lightglue,2048,8192,1921,107_0005_0148.JPG,107_0005_0153.JPG,6158,6264,648,471,0.7268518518518519,76.48587203637544,0.296875,0.125,0.7703906297683716,False,ok,0.5387018000183161
D1_154_building,rootsift-lightglue-r2048-k8192,rootsift,lightglue,2048,8192,1922,107_0005_0148.JPG,107_0005_0154.JPG,6158,6185,9,7,0.7777777777777778,1.136732705423839,0.09375,0.078125,0.201917827129364,True,ok,0.48650160001125187
D1_154_building,rootsift-lightglue-r2048-k8192,rootsift,lightglue,2048,8192,1923,107_0005_0149.JPG,107_0005_0150.JPG,6161,6189,3094,2896,0.936005171299289,470.0535627333225,0.921875,0.828125,0.868818461894989,False,ok,0.46588409997639246
D1_154_building,rootsift-lightglue-r2048-k8192,rootsift,lightglue,2048,8192,1924,107_0005_0149.JPG,107_0005_0151.JPG,6161,6268,2185,1942,0.888787185354691,315.2085700373316,0.75,0.578125,0.8612570762634277,False,ok,0.3654386999842245
D1_154_building,rootsift-lightglue-r2048-k8192,rootsift,lightglue,2048,8192,1925,107_0005_0149.JPG,107_0005_0152.JPG,6161,6335,1530,1286,0.8405228758169935,208.73234864470052,0.5625,0.421875,0.858979344367981,False,ok,0.5066490000172053
D1_154_building,rootsift-lightglue-r2048-k8192,rootsift,lightglue,2048,8192,1926,107_0005_0149.JPG,107_0005_0153.JPG,6161,6264,955,738,0.7727748691099476,119.78574906670995,0.46875,0.265625,0.7905943393707275,False,ok,0.5040701999969315
D1_154_building,rootsift-lightglue-r2048-k8192,rootsift,lightglue,2048,8192,1927,107_0005_0149.JPG,107_0005_0154.JPG,6161,6185,529,345,0.6521739130434783,55.997403018990425,0.328125,0.15625,0.6839207410812378,False,ok,0.5264972999866586
D1_154_building,rootsift-lightglue-r2048-k8192,rootsift,lightglue,2048,8192,1928,107_0005_0150.JPG,107_0005_0151.JPG,6189,6268,2962,2744,0.9264010803511141,443.367264501535,0.921875,0.828125,0.858132541179657,False,ok,0.4139474999974482
D1_154_building,rootsift-lightglue-r2048-k8192,rootsift,lightglue,2048,8192,1929,107_0005_0150.JPG,107_0005_0152.JPG,6189,6335,2066,1793,0.8678606001936109,289.7075456455001,0.78125,0.59375,0.8504961133003235,False,ok,0.5561394000251312
D1_154_building,rootsift-lightglue-r2048-k8192,rootsift,lightglue,2048,8192,1930,107_0005_0150.JPG,107_0005_0153.JPG,6189,6264,1313,1080,0.8225437928408226,174.503150751333,0.65625,0.4375,0.8171981573104858,False,ok,0.4823294999951031
D1_154_building,rootsift-lightglue-r2048-k8192,rootsift,lightglue,2048,8192,1931,107_0005_0150.JPG,107_0005_0154.JPG,6189,6185,779,545,0.699614890885751,88.11641067097817,0.515625,0.25,0.7445418834686279,False,ok,0.3956424000207335
D1_154_building,rootsift-lightglue-r2048-k8192,rootsift,lightglue,2048,8192,1932,107_0005_0151.JPG,107_0005_0152.JPG,6268,6335,3256,2945,0.9044840294840295,469.8468410976388,0.96875,0.8125,0.8528151512145996,False,ok,0.5472802000003867
D1_154_building,rootsift-lightglue-r2048-k8192,rootsift,lightglue,2048,8192,1933,107_0005_0151.JPG,107_0005_0153.JPG,6268,6264,2127,1799,0.84579219558063,287.19667943805877,0.8125,0.609375,0.8297213912010193,False,ok,0.5746006999979727
D1_154_building,rootsift-lightglue-r2048-k8192,rootsift,lightglue,2048,8192,1934,107_0005_0151.JPG,107_0005_0154.JPG,6268,6185,1394,1021,0.7324246771879483,165.0767987065481,0.703125,0.46875,0.788519561290741,False,ok,0.3970211999840103
D1_154_building,rootsift-lightglue-r2048-k8192,rootsift,lightglue,2048,8192,1935,107_0005_0152.JPG,107_0005_0153.JPG,6335,6264,3153,2914,0.9241991753885189,465.19795657726695,0.984375,0.859375,0.8470885157585144,False,ok,0.4620336000225507
D1_154_building,rootsift-lightglue-r2048-k8192,rootsift,lightglue,2048,8192,1936,107_0005_0152.JPG,107_0005_0154.JPG,6335,6185,2182,1806,0.8276810265811182,291.9967663702506,0.828125,0.59375,0.8416613936424255,False,ok,0.5821815000090282
D1_154_building,rootsift-lightglue-r2048-k8192,rootsift,lightglue,2048,8192,1937,107_0005_0153.JPG,107_0005_0154.JPG,6264,6185,3150,2973,0.9438095238095238,480.67906224737266,0.984375,0.859375,0.868880569934845,False,ok,0.236375800013775
