dataset,config,front_end,matcher,working_resolution,keypoint_budget,pair_index,image1,image2,keypoints_image1,keypoints_image2,raw_matches,verified_inliers,inlier_ratio,inliers_per_1000_keypoints,coverage_image1,coverage_image2,mean_match_score,failed_pair,verification_status,seconds
D2_111_nadir,aliked-lightglue-r1024-k8192,aliked,lightglue,1024,8192,1,100_0010_0001.JPG,100_0010_0002.JPG,3155,3857,1976,1657,0.8385627530364372,525.1980982567353,0.78125,0.796875,0.9156385660171509,False,ok,0.09175739999773214
D2_111_nadir,aliked-lightglue-r1024-k8192,aliked,lightglue,1024,8192,2,100_0010_0001.JPG,100_0010_0003.JPG,3155,4727,1460,1161,0.7952054794520548,367.98732171156894,0.5,0.5,0.9189887642860413,False,ok,0.03478680000262102
D2_111_nadir,aliked-lightglue-r1024-k8192,aliked,lightglue,1024,8192,3,100_0010_0001.JPG,100_0010_0004.JPG,3155,5370,1160,872,0.7517241379310344,276.3866877971474,0.390625,0.40625,0.9099822044372559,False,ok,0.03832859999965876
D2_111_nadir,aliked-lightglue-r1024-k8192,aliked,lightglue,1024,8192,4,100_0010_0001.JPG,100_0010_0005.JPG,3155,5348,339,190,0.56047197640118,60.22187004754358,0.21875,0.203125,0.7851729989051819,False,ok,0.04564659999596188
D2_111_nadir,aliked-lightglue-r1024-k8192,aliked,lightglue,1024,8192,5,100_0010_0001.JPG,100_0010_0006.JPG,3155,5591,26,10,0.38461538461538464,3.1695721077654517,0.09375,0.078125,0.18142010271549225,True,ok,0.06548829999519512
D2_111_nadir,aliked-lightglue-r1024-k8192,aliked,lightglue,1024,8192,6,100_0010_0001.JPG,100_0010_0007.JPG,3155,5447,30,12,0.4,3.803486529318542,0.140625,0.125,0.24191540479660034,True,ok,0.052733800002897624
D2_111_nadir,aliked-lightglue-r1024-k8192,aliked,lightglue,1024,8192,7,100_0010_0001.JPG,100_0010_0008.JPG,3155,5191,37,10,0.2702702702702703,3.1695721077654517,0.078125,0.109375,0.23581808805465698,True,ok,0.06303209999896353
D2_111_nadir,aliked-lightglue-r1024-k8192,aliked,lightglue,1024,8192,8,100_0010_0001.JPG,100_0010_0009.JPG,3155,4955,46,13,0.2826086956521739,4.120443740095087,0.15625,0.109375,0.26398634910583496,True,ok,0.04975959999865154
D2_111_nadir,aliked-lightglue-r1024-k8192,aliked,lightglue,1024,8192,9,100_0010_0001.JPG,100_0010_0029.JPG,3155,5964,519,355,0.6840077071290944,112.51980982567353,0.203125,0.203125,0.8698209524154663,False,ok,0.0379670000038459
D2_111_nadir,aliked-lightglue-r1024-k8192,aliked,lightglue,1024,8192,10,100_0010_0001.JPG,100_0010_0030.JPG,3155,5495,1001,801,0.8001998001998002,253.88272583201268,0.328125,0.359375,0.9140203595161438,False,ok,0.038165600002685096
D2_111_nadir,aliked-lightglue-r1024-k8192,aliked,lightglue,1024,8192,11,100_0010_0001.JPG,100_0010_0031.JPG,3155,4712,1268,1057,0.833596214511041,335.02377179080827,0.484375,0.515625,0.909344494342804,False,ok,0.04128320000017993
D2_111_nadir,aliked-lightglue-r1024-k8192,aliked,lightglue,1024,8192,12,100_0010_0001.JPG,100_0010_0032.JPG,3155,4071,1654,1368,0.8270858524788391,433.5974643423138,0.640625,0.625,0.9029272198677063,False,ok,0.04566709999926388
D2_111_nadir,aliked-lightglue-r1024-k8192,aliked,lightglue,1024,8192,13,100_0010_0001.JPG,100_0010_0033.JPG,3155,3610,1858,1545,0.8315392895586652,489.6988906497623,0.734375,0.703125,0.8838381767272949,False,ok,0.04960139999457169
D2_111_nadir,aliked-lightglue-r1024-k8192,aliked,lightglue,1024,8192,14,100_0010_0001.JPG,100_0010_0034.JPG,3155,3617,1802,1495,0.8296337402885683,473.851030110935,0.71875,0.71875,0.8838954567909241,False,ok,0.04203550000238465
D2_111_nadir,aliked-lightglue-r1024-k8192,aliked,lightglue,1024,8192,15,100_0010_0001.JPG,100_0010_0035.JPG,3155,3618,1400,1143,0.8164285714285714,362.2820919175911,0.46875,0.515625,0.8841778635978699,False,ok,0.03225759999622824
D2_111_nadir,aliked-lightglue-r1024-k8192,aliked,lightglue,1024,8192,16,100_0010_0001.JPG,100_0010_0036.JPG,3155,3458,1023,891,0.8709677419354839,282.40887480190173,0.359375,0.421875,0.9241008162498474,False,ok,0.027575899999646936
D2_111_nadir,aliked-lightglue-r1024-k8192,aliked,lightglue,1024,8192,17,100_0010_0002.JPG,100_0010_0003.JPG,3857,4727,2860,2604,0.9104895104895104,675.1361161524501,0.796875,0.875,0.9271546006202698,False,ok,0.04520129999582423
D2_111_nadir,aliked-lightglue-r1024-k8192,aliked,lightglue,1024,8192,18,100_0010_0002.JPG,100_0010_0004.JPG,3857,5370,2315,2031,0.8773218142548597,526.575058335494,0.625,0.625,0.9169529676437378,False,ok,0.04966860000422457
D2_111_nadir,aliked-lightglue-r1024-k8192,aliked,lightglue,1024,8192,19,100_0010_0002.JPG,100_0010_0005.JPG,3857,5348,1453,1176,0.8093599449415003,304.90018148820326,0.484375,0.5,0.9229996204376221,False,ok,0.040932600000815
D2_111_nadir,aliked-lightglue-r1024-k8192,aliked,lightglue,1024,8192,20,100_0010_0002.JPG,100_0010_0006.JPG,3857,5591,971,818,0.8424304840370752,212.08192896033185,0.25,0.25,0.915759265422821,False,ok,0.04103390000091167
D2_111_nadir,aliked-lightglue-r1024-k8192,aliked,lightglue,1024,8192,21,100_0010_0002.JPG,100_0010_0007.JPG,3857,5447,38,11,0.2894736842105263,2.8519574799066634,0.140625,0.125,0.2162625938653946,True,ok,0.07552880000002915
D2_111_nadir,aliked-lightglue-r1024-k8192,aliked,lightglue,1024,8192,22,100_0010_0002.JPG,100_0010_0008.JPG,3857,5191,25,11,0.44,2.8519574799066634,0.109375,0.125,0.20524011552333832,True,ok,0.049762599999667145
D2_111_nadir,aliked-lightglue-r1024-k8192,aliked,lightglue,1024,8192,23,100_0010_0002.JPG,100_0010_0009.JPG,3857,4955,62,12,0.1935483870967742,3.11122634171636,0.125,0.140625,0.22018130123615265,True,ok,0.05484199999773409
D2_111_nadir,aliked-lightglue-r1024-k8192,aliked,lightglue,1024,8192,24,100_0010_0002.JPG,100_0010_0010.JPG,3857,4781,34,10,0.29411764705882354,2.5926886180969664,0.125,0.125,0.2098579853773117,True,ok,0.04163010000047507
D2_111_nadir,aliked-lightglue-r1024-k8192,aliked,lightglue,1024,8192,25,100_0010_0002.JPG,100_0010_0029.JPG,3857,5964,1323,1136,0.8586545729402872,294.5294270158154,0.375,0.375,0.9249060153961182,False,ok,0.038122500001918525
D2_111_nadir,aliked-lightglue-r1024-k8192,aliked,lightglue,1024,8192,26,100_0010_0002.JPG,100_0010_0030.JPG,3857,5495,1844,1671,0.9061822125813449,433.2382680840031,0.5,0.5625,0.9054356217384338,False,ok,0.057916099998692516
D2_111_nadir,aliked-lightglue-r1024-k8192,aliked,lightglue,1024,8192,27,100_0010_0002.JPG,100_0010_0031.JPG,3857,4712,2161,1990,0.9208699676075891,515.9450350012963,0.640625,0.65625,0.8989303112030029,False,ok,0.04079050000291318
D2_111_nadir,aliked-lightglue-r1024-k8192,aliked,lightglue,1024,8192,28,100_0010_0002.JPG,100_0010_0032.JPG,3857,4071,2240,2006,0.8955357142857143,520.0933367902514,0.734375,0.734375,0.9193758368492126,False,ok,0.04274530000111554
D2_111_nadir,aliked-lightglue-r1024-k8192,aliked,lightglue,1024,8192,29,100_0010_0002.JPG,100_0010_0033.JPG,3857,3610,1514,1270,0.8388375165125496,351.8005540166205,0.5625,0.578125,0.9107135534286499,False,ok,0.036484600001131184
D2_111_nadir,aliked-lightglue-r1024-k8192,aliked,lightglue,1024,8192,30,100_0010_0002.JPG,100_0010_0034.JPG,3857,3617,1478,1199,0.8112313937753721,331.49018523638375,0.53125,0.578125,0.9100739359855652,False,ok,0.04728820000309497
D2_111_nadir,aliked-lightglue-r1024-k8192,aliked,lightglue,1024,8192,31,100_0010_0002.JPG,100_0010_0035.JPG,3857,3618,1185,995,0.8396624472573839,275.0138197899392,0.4375,0.46875,0.9124898314476013,False,ok,0.03526649999548681
D2_111_nadir,aliked-lightglue-r1024-k8192,aliked,lightglue,1024,8192,32,100_0010_0003.JPG,100_0010_0004.JPG,4727,5370,3676,3407,0.926822633297062,720.7531203723291,0.84375,0.875,0.9302369356155396,False,ok,0.0704048999978113
D2_111_nadir,aliked-lightglue-r1024-k8192,aliked,lightglue,1024,8192,33,100_0010_0003.JPG,100_0010_0005.JPG,4727,5348,2659,2347,0.8826626551335088,496.5094140046541,0.625,0.625,0.9177900552749634,False,ok,0.046242399999755435
D2_111_nadir,aliked-lightglue-r1024-k8192,aliked,lightglue,1024,8192,34,100_0010_0003.JPG,100_0010_0006.JPG,4727,5591,2092,1829,0.874282982791587,386.9261688174318,0.5,0.5,0.92946457862854,False,ok,0.050099100000807084
D2_111_nadir,aliked-lightglue-r1024-k8192,aliked,lightglue,1024,8192,35,100_0010_0003.JPG,100_0010_0007.JPG,4727,5447,1137,950,0.8355321020228672,200.97313306536915,0.25,0.25,0.9072079658508301,False,ok,0.057402700003876816
D2_111_nadir,aliked-lightglue-r1024-k8192,aliked,lightglue,1024,8192,36,100_0010_0003.JPG,100_0010_0008.JPG,4727,5191,41,13,0.3170731707317073,2.7501586629997883,0.125,0.15625,0.1994471698999405,True,ok,0.0745225000064238
D2_111_nadir,aliked-lightglue-r1024-k8192,aliked,lightglue,1024,8192,37,100_0010_0003.JPG,100_0010_0009.JPG,4727,4955,83,14,0.1686746987951807,2.9617093293843877,0.125,0.125,0.23653221130371094,True,ok,0.053169300001172815
D2_111_nadir,aliked-lightglue-r1024-k8192,aliked,lightglue,1024,8192,38,100_0010_0003.JPG,100_0010_0010.JPG,4727,4781,37,13,0.35135135135135137,2.7501586629997883,0.078125,0.09375,0.20956197381019592,True,ok,0.05412320000323234
D2_111_nadir,aliked-lightglue-r1024-k8192,aliked,lightglue,1024,8192,39,100_0010_0003.JPG,100_0010_0011.JPG,4727,4440,45,13,0.28888888888888886,2.9279279279279278,0.125,0.09375,0.2077406942844391,True,ok,0.04704029999993509
D2_111_nadir,aliked-lightglue-r1024-k8192,aliked,lightglue,1024,8192,40,100_0010_0003.JPG,100_0010_0028.JPG,4727,6250,1599,1448,0.9055659787367104,306.32536492489953,0.375,0.375,0.912649393081665,False,ok,0.08002660000056494
D2_111_nadir,aliked-lightglue-r1024-k8192,aliked,lightglue,1024,8192,41,100_0010_0003.JPG,100_0010_0029.JPG,4727,5964,2156,1988,0.922077922077922,420.562724772583,0.5625,0.5625,0.8977270722389221,False,ok,0.05969390000245767
D2_111_nadir,aliked-lightglue-r1024-k8192,aliked,lightglue,1024,8192,42,100_0010_0003.JPG,100_0010_0030.JPG,4727,5495,2784,2620,0.9410919540229885,554.2627459276497,0.640625,0.65625,0.9108583331108093,False,ok,0.05900919999839971
D2_111_nadir,aliked-lightglue-r1024-k8192,aliked,lightglue,1024,8192,43,100_0010_0003.JPG,100_0010_0031.JPG,4727,4712,2747,2570,0.9355660720786312,545.4159592529711,0.734375,0.75,0.9186039566993713,False,ok,0.053706899998360313
D2_111_nadir,aliked-lightglue-r1024-k8192,aliked,lightglue,1024,8192,44,100_0010_0003.JPG,100_0010_0032.JPG,4727,4071,1820,1629,0.8950549450549451,400.1473839351511,0.546875,0.5625,0.9045836329460144,False,ok,0.04474379999737721
D2_111_nadir,aliked-lightglue-r1024-k8192,aliked,lightglue,1024,8192,45,100_0010_0003.JPG,100_0010_0033.JPG,4727,3610,1133,920,0.8120035304501324,254.84764542936287,0.453125,0.4375,0.9120587110519409,False,ok,0.04800329999852693
D2_111_nadir,aliked-lightglue-r1024-k8192,aliked,lightglue,1024,8192,46,100_0010_0003.JPG,100_0010_0034.JPG,4727,3617,1119,914,0.8168007149240393,252.69560409178877,0.4375,0.4375,0.9061281681060791,False,ok,0.043213099997956306
D2_111_nadir,aliked-lightglue-r1024-k8192,aliked,lightglue,1024,8192,47,100_0010_0004.JPG,100_0010_0005.JPG,5370,5348,3962,3663,0.9245330641090358,684.9289454001496,0.875,0.875,0.9304831624031067,False,ok,0.05986269999993965
D2_111_nadir,aliked-lightglue-r1024-k8192,aliked,lightglue,1024,8192,48,100_0010_0004.JPG,100_0010_0006.JPG,5370,5591,3234,2927,0.9050711193568336,545.0651769087523,0.625,0.625,0.9326945543289185,False,ok,0.05826369999704184
D2_111_nadir,aliked-lightglue-r1024-k8192,aliked,lightglue,1024,8192,49,100_0010_0004.JPG,100_0010_0007.JPG,5370,5447,2198,1895,0.862147406733394,352.88640595903166,0.5,0.5,0.9270680546760559,False,ok,0.058649899998272303
D2_111_nadir,aliked-lightglue-r1024-k8192,aliked,lightglue,1024,8192,50,100_0010_0004.JPG,100_0010_0008.JPG,5370,5191,1049,882,0.8408007626310772,169.909458678482,0.25,0.25,0.8759968876838684,False,ok,0.060486199996375944
D2_111_nadir,aliked-lightglue-r1024-k8192,aliked,lightglue,1024,8192,51,100_0010_0004.JPG,100_0010_0009.JPG,5370,4955,96,17,0.17708333333333334,3.43087790110999,0.109375,0.125,0.2632972002029419,False,ok,0.10758440000063274
D2_111_nadir,aliked-lightglue-r1024-k8192,aliked,lightglue,1024,8192,52,100_0010_0004.JPG,100_0010_0010.JPG,5370,4781,79,15,0.189873417721519,3.137418950010458,0.140625,0.140625,0.2710336744785309,False,ok,0.0767076000047382
D2_111_nadir,aliked-lightglue-r1024-k8192,aliked,lightglue,1024,8192,53,100_0010_0004.JPG,100_0010_0011.JPG,5370,4440,74,19,0.25675675675675674,4.2792792792792795,0.125,0.171875,0.2876701354980469,False,ok,0.07833599999867147
D2_111_nadir,aliked-lightglue-r1024-k8192,aliked,lightglue,1024,8192,54,100_0010_0004.JPG,100_0010_0012.JPG,5370,4384,35,11,0.3142857142857143,2.509124087591241,0.09375,0.09375,0.2552620768547058,True,ok,0.061173199996119365
D2_111_nadir,aliked-lightglue-r1024-k8192,aliked,lightglue,1024,8192,55,100_0010_0004.JPG,100_0010_0027.JPG,5370,6545,1824,1657,0.9084429824561403,308.5661080074488,0.375,0.375,0.9132794737815857,False,ok,0.08415100000274833
D2_111_nadir,aliked-lightglue-r1024-k8192,aliked,lightglue,1024,8192,56,100_0010_0004.JPG,100_0010_0028.JPG,5370,6250,2492,2335,0.9369983948635634,434.82309124767227,0.546875,0.5625,0.9171905517578125,False,ok,0.09631390000140527
D2_111_nadir,aliked-lightglue-r1024-k8192,aliked,lightglue,1024,8192,57,100_0010_0004.JPG,100_0010_0029.JPG,5370,5964,3081,2925,0.9493670886075949,544.6927374301677,0.65625,0.65625,0.9126085042953491,False,ok,0.0680036999983713
D2_111_nadir,aliked-lightglue-r1024-k8192,aliked,lightglue,1024,8192,58,100_0010_0004.JPG,100_0010_0030.JPG,5370,5495,3340,3182,0.9526946107784431,592.5512104283054,0.75,0.75,0.9201375842094421,False,ok,0.068250900003477
D2_111_nadir,aliked-lightglue-r1024-k8192,aliked,lightglue,1024,8192,59,100_0010_0004.JPG,100_0010_0031.JPG,5370,4712,2337,2162,0.9251176722293539,458.82852292020374,0.5625,0.5625,0.913661539554596,False,ok,0.06099510000058217
D2_111_nadir,aliked-lightglue-r1024-k8192,aliked,lightglue,1024,8192,60,100_0010_0004.JPG,100_0010_0032.JPG,5370,4071,1479,1272,0.8600405679513184,312.4539425202653,0.46875,0.46875,0.8916517496109009,False,ok,0.0574821999980486
D2_111_nadir,aliked-lightglue-r1024-k8192,aliked,lightglue,1024,8192,61,100_0010_0005.JPG,100_0010_0006.JPG,5348,5591,4222,3994,0.9459971577451445,746.8212415856395,0.875,0.875,0.9363275170326233,False,ok,0.07015399999363581
D2_111_nadir,aliked-lightglue-r1024-k8192,aliked,lightglue,1024,8192,62,100_0010_0005.JPG,100_0010_0007.JPG,5348,5447,3077,2773,0.9012024699382516,518.511593118923,0.625,0.625,0.9288053512573242,False,ok,0.06179390000033891
D2_111_nadir,aliked-lightglue-r1024-k8192,aliked,lightglue,1024,8192,63,100_0010_0005.JPG,100_0010_0008.JPG,5348,5191,1884,1635,0.8678343949044586,314.9682142169139,0.5,0.46875,0.8959879279136658,False,ok,0.06333790000644512
D2_111_nadir,aliked-lightglue-r1024-k8192,aliked,lightglue,1024,8192,64,100_0010_0005.JPG,100_0010_0009.JPG,5348,4955,877,721,0.82212086659065,145.5095862764884,0.25,0.25,0.9198939204216003,False,ok,0.05737210000370396
D2_111_nadir,aliked-lightglue-r1024-k8192,aliked,lightglue,1024,8192,65,100_0010_0005.JPG,100_0010_0010.JPG,5348,4781,82,21,0.25609756097560976,4.392386530014641,0.203125,0.1875,0.2642795145511627,False,ok,0.13196189999871422
D2_111_nadir,aliked-lightglue-r1024-k8192,aliked,lightglue,1024,8192,66,100_0010_0005.JPG,100_0010_0011.JPG,5348,4440,73,21,0.2876712328767123,4.72972972972973,0.125,0.125,0.2789222300052643,False,ok,0.1152213000023039
D2_111_nadir,aliked-lightglue-r1024-k8192,aliked,lightglue,1024,8192,67,100_0010_0005.JPG,100_0010_0012.JPG,5348,4384,48,14,0.2916666666666667,3.1934306569343067,0.125,0.09375,0.18971459567546844,True,ok,0.0720761999982642
D2_111_nadir,aliked-lightglue-r1024-k8192,aliked,lightglue,1024,8192,68,100_0010_0005.JPG,100_0010_0013.JPG,5348,4677,62,12,0.1935483870967742,2.5657472738935216,0.140625,0.109375,0.2178136259317398,True,ok,0.06474149999849033
D2_111_nadir,aliked-lightglue-r1024-k8192,aliked,lightglue,1024,8192,69,100_0010_0005.JPG,100_0010_0026.JPG,5348,6466,1798,1631,0.907119021134594,304.9738219895288,0.375,0.375,0.9096525311470032,False,ok,0.0684767999991891
D2_111_nadir,aliked-lightglue-r1024-k8192,aliked,lightglue,1024,8192,70,100_0010_0005.JPG,100_0010_0027.JPG,5348,6545,2589,2409,0.9304750869061413,450.4487658937921,0.5625,0.5625,0.9179002642631531,False,ok,0.09743290000187699
D2_111_nadir,aliked-lightglue-r1024-k8192,aliked,lightglue,1024,8192,71,100_0010_0005.JPG,100_0010_0028.JPG,5348,6250,3314,3137,0.9465902232951117,586.5744203440538,0.65625,0.65625,0.9182583689689636,False,ok,0.07157860000006622
D2_111_nadir,aliked-lightglue-r1024-k8192,aliked,lightglue,1024,8192,72,100_0010_0005.JPG,100_0010_0029.JPG,5348,5964,3458,3278,0.9479467900520532,612.939416604338,0.734375,0.75,0.9192303419113159,False,ok,0.07283560000360012
D2_111_nadir,aliked-lightglue-r1024-k8192,aliked,lightglue,1024,8192,73,100_0010_0005.JPG,100_0010_0030.JPG,5348,5495,2570,2410,0.9377431906614786,450.6357516828721,0.546875,0.5625,0.9180636405944824,False,ok,0.06802569999854313
D2_111_nadir,aliked-lightglue-r1024-k8192,aliked,lightglue,1024,8192,74,100_0010_0005.JPG,100_0010_0031.JPG,5348,4712,1598,1452,0.9086357947434293,308.14940577249575,0.46875,0.46875,0.9169815182685852,False,ok,0.05983099999866681
D2_111_nadir,aliked-lightglue-r1024-k8192,aliked,lightglue,1024,8192,75,100_0010_0006.JPG,100_0010_0007.JPG,5591,5447,4075,3822,0.9379141104294478,701.6706443914081,0.875,0.875,0.9376867413520813,False,ok,0.07103140000253916
D2_111_nadir,aliked-lightglue-r1024-k8192,aliked,lightglue,1024,8192,76,100_0010_0006.JPG,100_0010_0008.JPG,5591,5191,2783,2494,0.8961552281710384,480.44692737430165,0.625,0.625,0.9184840321540833,False,ok,0.06608430000051158
D2_111_nadir,aliked-lightglue-r1024-k8192,aliked,lightglue,1024,8192,77,100_0010_0006.JPG,100_0010_0009.JPG,5591,4955,1661,1436,0.8645394340758579,289.8082744702321,0.46875,0.46875,0.9136755466461182,False,ok,0.06403400000272086
D2_111_nadir,aliked-lightglue-r1024-k8192,aliked,lightglue,1024,8192,78,100_0010_0006.JPG,100_0010_0010.JPG,5591,4781,817,701,0.8580171358629131,146.62204559715542,0.203125,0.203125,0.8976028561592102,False,ok,0.06235430000378983
D2_111_nadir,aliked-lightglue-r1024-k8192,aliked,lightglue,1024,8192,79,100_0010_0006.JPG,100_0010_0011.JPG,5591,4440,154,27,0.17532467532467533,6.081081081081081,0.203125,0.15625,0.28509071469306946,False,ok,0.14413860000058776
D2_111_nadir,aliked-lightglue-r1024-k8192,aliked,lightglue,1024,8192,80,100_0010_0006.JPG,100_0010_0012.JPG,5591,4384,61,13,0.21311475409836064,2.9653284671532845,0.078125,0.0625,0.21990765631198883,True,ok,0.06344319999334402
D2_111_nadir,aliked-lightglue-r1024-k8192,aliked,lightglue,1024,8192,81,100_0010_0006.JPG,100_0010_0013.JPG,5591,4677,69,12,0.17391304347826086,2.5657472738935216,0.140625,0.078125,0.19404663145542145,True,ok,0.05593819999921834
D2_111_nadir,aliked-lightglue-r1024-k8192,aliked,lightglue,1024,8192,82,100_0010_0006.JPG,100_0010_0014.JPG,5591,4893,59,13,0.22033898305084745,2.656856734109953,0.140625,0.125,0.22028377652168274,True,ok,0.06901379999908386
D2_111_nadir,aliked-lightglue-r1024-k8192,aliked,lightglue,1024,8192,83,100_0010_0006.JPG,100_0010_0025.JPG,5591,6227,1754,1577,0.8990877993158495,282.0604543015561,0.375,0.375,0.9173296093940735,False,ok,0.08527550000144402
D2_111_nadir,aliked-lightglue-r1024-k8192,aliked,lightglue,1024,8192,84,100_0010_0006.JPG,100_0010_0026.JPG,5591,6466,2598,2419,0.9311008468052347,432.6596315507065,0.5625,0.5625,0.9193992018699646,False,ok,0.09073260000150185
D2_111_nadir,aliked-lightglue-r1024-k8192,aliked,lightglue,1024,8192,85,100_0010_0006.JPG,100_0010_0027.JPG,5591,6545,3433,3261,0.9498980483542091,583.2588087998569,0.65625,0.65625,0.921517550945282,False,ok,0.10439349999796832
D2_111_nadir,aliked-lightglue-r1024-k8192,aliked,lightglue,1024,8192,86,100_0010_0006.JPG,100_0010_0028.JPG,5591,6250,3813,3618,0.9488591660110149,647.1114290824539,0.75,0.75,0.9163995385169983,False,ok,0.05664259999321075
D2_111_nadir,aliked-lightglue-r1024-k8192,aliked,lightglue,1024,8192,87,100_0010_0006.JPG,100_0010_0029.JPG,5591,5964,2963,2784,0.9395882551468107,497.9431228760508,0.5625,0.5625,0.9210278987884521,False,ok,0.07956929999636486
D2_111_nadir,aliked-lightglue-r1024-k8192,aliked,lightglue,1024,8192,88,100_0010_0006.JPG,100_0010_0030.JPG,5591,5495,2125,1948,0.9167058823529411,354.50409463148316,0.46875,0.46875,0.9228026270866394,False,ok,0.06196550000458956
D2_111_nadir,aliked-lightglue-r1024-k8192,aliked,lightglue,1024,8192,89,100_0010_0007.JPG,100_0010_0008.JPG,5447,5191,3778,3547,0.9388565378507147,683.298015796571,0.875,0.859375,0.9231172800064087,False,ok,0.058264799998141825
D2_111_nadir,aliked-lightglue-r1024-k8192,aliked,lightglue,1024,8192,90,100_0010_0007.JPG,100_0010_0009.JPG,5447,4955,2555,2327,0.9107632093933464,469.6266397578204,0.625,0.609375,0.919711172580719,False,ok,0.05702480000036303
D2_111_nadir,aliked-lightglue-r1024-k8192,aliked,lightglue,1024,8192,91,100_0010_0007.JPG,100_0010_0010.JPG,5447,4781,1639,1419,0.8657718120805369,296.79983267098936,0.40625,0.390625,0.9137338995933533,False,ok,0.056801099999574944
D2_111_nadir,aliked-lightglue-r1024-k8192,aliked,lightglue,1024,8192,92,100_0010_0007.JPG,100_0010_0011.JPG,5447,4440,880,759,0.8625,170.94594594594594,0.203125,0.1875,0.8905306458473206,False,ok,0.05866919999971287
D2_111_nadir,aliked-lightglue-r1024-k8192,aliked,lightglue,1024,8192,93,100_0010_0007.JPG,100_0010_0012.JPG,5447,4384,55,13,0.23636363636363636,2.9653284671532845,0.140625,0.109375,0.21808119118213654,True,ok,0.08166370000253664
D2_111_nadir,aliked-lightglue-r1024-k8192,aliked,lightglue,1024,8192,94,100_0010_0007.JPG,100_0010_0013.JPG,5447,4677,42,11,0.2619047619047619,2.3519350010690614,0.140625,0.125,0.2075095921754837,True,ok,0.04742950000218116
D2_111_nadir,aliked-lightglue-r1024-k8192,aliked,lightglue,1024,8192,95,100_0010_0007.JPG,100_0010_0014.JPG,5447,4893,43,12,0.27906976744186046,2.452483139178418,0.109375,0.09375,0.15467014908790588,True,ok,0.06474509999679867
D2_111_nadir,aliked-lightglue-r1024-k8192,aliked,lightglue,1024,8192,96,100_0010_0007.JPG,100_0010_0015.JPG,5447,5081,46,13,0.2826086956521739,2.5585514662468016,0.109375,0.09375,0.20228804647922516,True,ok,0.06788549999328097
D2_111_nadir,aliked-lightglue-r1024-k8192,aliked,lightglue,1024,8192,97,100_0010_0007.JPG,100_0010_0024.JPG,5447,5986,1713,1552,0.9060128429655575,284.92748301817517,0.375,0.375,0.9147588014602661,False,ok,0.06821299999865005
D2_111_nadir,aliked-lightglue-r1024-k8192,aliked,lightglue,1024,8192,98,100_0010_0007.JPG,100_0010_0025.JPG,5447,6227,2508,2339,0.932615629984051,429.41068478061317,0.5625,0.5625,0.9211671352386475,False,ok,0.07234159999643452
D2_111_nadir,aliked-lightglue-r1024-k8192,aliked,lightglue,1024,8192,99,100_0010_0007.JPG,100_0010_0026.JPG,5447,6466,3405,3224,0.9468428781204111,591.8854415274463,0.65625,0.65625,0.9173704981803894,False,ok,0.07796650000091176
D2_111_nadir,aliked-lightglue-r1024-k8192,aliked,lightglue,1024,8192,100,100_0010_0007.JPG,100_0010_0027.JPG,5447,6545,3889,3675,0.9449730007714066,674.6833119148155,0.75,0.75,0.9265962839126587,False,ok,0.07434110000031069
D2_111_nadir,aliked-lightglue-r1024-k8192,aliked,lightglue,1024,8192,101,100_0010_0007.JPG,100_0010_0028.JPG,5447,6250,3054,2857,0.935494433529797,524.5089039838443,0.65625,0.578125,0.9234468936920166,False,ok,0.06912670000019716
D2_111_nadir,aliked-lightglue-r1024-k8192,aliked,lightglue,1024,8192,102,100_0010_0007.JPG,100_0010_0029.JPG,5447,5964,2203,2012,0.9133000453926464,369.37763906737655,0.46875,0.46875,0.9278832077980042,False,ok,0.06696160000137752
D2_111_nadir,aliked-lightglue-r1024-k8192,aliked,lightglue,1024,8192,103,100_0010_0008.JPG,100_0010_0009.JPG,5191,4955,3540,3306,0.9338983050847458,667.204843592331,0.875,0.84375,0.9190690517425537,False,ok,0.061613099998794496
D2_111_nadir,aliked-lightglue-r1024-k8192,aliked,lightglue,1024,8192,104,100_0010_0008.JPG,100_0010_0010.JPG,5191,4781,2446,2234,0.9133278822567457,467.2662622882242,0.59375,0.578125,0.9217534065246582,False,ok,0.061265299998922274
D2_111_nadir,aliked-lightglue-r1024-k8192,aliked,lightglue,1024,8192,105,100_0010_0008.JPG,100_0010_0011.JPG,5191,4440,1610,1391,0.8639751552795031,313.2882882882883,0.390625,0.375,0.9166883230209351,False,ok,0.051848199997039046
D2_111_nadir,aliked-lightglue-r1024-k8192,aliked,lightglue,1024,8192,106,100_0010_0008.JPG,100_0010_0012.JPG,5191,4384,802,686,0.8553615960099751,156.47810218978103,0.1875,0.1875,0.9201322197914124,False,ok,0.04807720000098925
D2_111_nadir,aliked-lightglue-r1024-k8192,aliked,lightglue,1024,8192,107,100_0010_0008.JPG,100_0010_0013.JPG,5191,4677,34,10,0.29411764705882354,2.138122728244601,0.109375,0.078125,0.2503824830055237,True,ok,0.0721138999942923
D2_111_nadir,aliked-lightglue-r1024-k8192,aliked,lightglue,1024,8192,108,100_0010_0008.JPG,100_0010_0014.JPG,5191,4893,29,10,0.3448275862068966,2.0437359493153484,0.09375,0.09375,0.17444069683551788,True,ok,0.06279019999783486
D2_111_nadir,aliked-lightglue-r1024-k8192,aliked,lightglue,1024,8192,109,100_0010_0008.JPG,100_0010_0015.JPG,5191,5081,29,11,0.3793103448275862,2.1649281637472937,0.125,0.09375,0.1542537659406662,True,ok,0.0694188999987091
D2_111_nadir,aliked-lightglue-r1024-k8192,aliked,lightglue,1024,8192,110,100_0010_0008.JPG,100_0010_0016.JPG,5191,5062,41,13,0.3170731707317073,2.568154879494271,0.109375,0.09375,0.1983635127544403,True,ok,0.0658839999960037
D2_111_nadir,aliked-lightglue-r1024-k8192,aliked,lightglue,1024,8192,111,100_0010_0008.JPG,100_0010_0023.JPG,5191,5285,1676,1495,0.8920047732696897,287.9984588711231,0.375,0.375,0.9083130955696106,False,ok,0.04924709999613697
D2_111_nadir,aliked-lightglue-r1024-k8192,aliked,lightglue,1024,8192,112,100_0010_0008.JPG,100_0010_0024.JPG,5191,5986,2431,2264,0.9313039901275195,436.13947216335964,0.5625,0.5625,0.9196949005126953,False,ok,0.06112909999501426
D2_111_nadir,aliked-lightglue-r1024-k8192,aliked,lightglue,1024,8192,113,100_0010_0008.JPG,100_0010_0025.JPG,5191,6227,3292,3118,0.9471445929526124,600.6549797726835,0.65625,0.65625,0.9190860986709595,False,ok,0.07269389999419218
D2_111_nadir,aliked-lightglue-r1024-k8192,aliked,lightglue,1024,8192,114,100_0010_0008.JPG,100_0010_0026.JPG,5191,6466,3838,3607,0.9398124022928609,694.8564823733385,0.75,0.75,0.9231752157211304,False,ok,0.08328220000112196
D2_111_nadir,aliked-lightglue-r1024-k8192,aliked,lightglue,1024,8192,115,100_0010_0008.JPG,100_0010_0027.JPG,5191,6545,2966,2769,0.9335805799055967,533.4232325178193,0.640625,0.59375,0.9214478731155396,False,ok,0.07891189999645576
D2_111_nadir,aliked-lightglue-r1024-k8192,aliked,lightglue,1024,8192,116,100_0010_0008.JPG,100_0010_0028.JPG,5191,6250,2167,1984,0.9155514536225197,382.19996147177807,0.46875,0.46875,0.9137048721313477,False,ok,0.07573640000191517
D2_111_nadir,aliked-lightglue-r1024-k8192,aliked,lightglue,1024,8192,117,100_0010_0009.JPG,100_0010_0010.JPG,4955,4781,3377,3134,0.9280426413976902,655.5113992888517,0.859375,0.84375,0.9228862524032593,False,ok,0.06037759999890113
D2_111_nadir,aliked-lightglue-r1024-k8192,aliked,lightglue,1024,8192,118,100_0010_0009.JPG,100_0010_0011.JPG,4955,4440,2415,2134,0.8836438923395445,480.6306306306306,0.625,0.59375,0.9235642552375793,False,ok,0.051582200001575984
D2_111_nadir,aliked-lightglue-r1024-k8192,aliked,lightglue,1024,8192,119,100_0010_0009.JPG,100_0010_0012.JPG,4955,4384,1574,1329,0.8443456162642948,303.1478102189781,0.4375,0.421875,0.9438502788543701,False,ok,0.05105149999872083
D2_111_nadir,aliked-lightglue-r1024-k8192,aliked,lightglue,1024,8192,120,100_0010_0009.JPG,100_0010_0013.JPG,4955,4677,886,695,0.7844243792325056,148.5995296129998,0.25,0.25,0.9219778776168823,False,ok,0.045849600006476976
D2_111_nadir,aliked-lightglue-r1024-k8192,aliked,lightglue,1024,8192,121,100_0010_0009.JPG,100_0010_0014.JPG,4955,4893,41,11,0.2682926829268293,2.2481095442468835,0.09375,0.09375,0.23349706828594208,True,ok,0.06672080000134883
D2_111_nadir,aliked-lightglue-r1024-k8192,aliked,lightglue,1024,8192,122,100_0010_0009.JPG,100_0010_0015.JPG,4955,5081,67,16,0.23880597014925373,3.229061553985873,0.15625,0.140625,0.2380266934633255,False,ok,0.07989819999784231
D2_111_nadir,aliked-lightglue-r1024-k8192,aliked,lightglue,1024,8192,123,100_0010_0009.JPG,100_0010_0016.JPG,4955,5062,46,13,0.2826086956521739,2.623612512613522,0.140625,0.125,0.22184361517429352,True,ok,0.06280669999978272
D2_111_nadir,aliked-lightglue-r1024-k8192,aliked,lightglue,1024,8192,124,100_0010_0009.JPG,100_0010_0017.JPG,4955,4931,66,15,0.22727272727272727,3.041979314540661,0.15625,0.109375,0.2107909917831421,False,ok,0.059617200000502635
D2_111_nadir,aliked-lightglue-r1024-k8192,aliked,lightglue,1024,8192,125,100_0010_0009.JPG,100_0010_0022.JPG,4955,4794,1638,1450,0.8852258852258852,302.4614100959533,0.375,0.375,0.9091503024101257,False,ok,0.04351740000129212
D2_111_nadir,aliked-lightglue-r1024-k8192,aliked,lightglue,1024,8192,126,100_0010_0009.JPG,100_0010_0023.JPG,4955,5285,2397,2215,0.9240717563621194,447.02320887991925,0.546875,0.5625,0.9145016670227051,False,ok,0.05526240000472171
D2_111_nadir,aliked-lightglue-r1024-k8192,aliked,lightglue,1024,8192,127,100_0010_0009.JPG,100_0010_0024.JPG,4955,5986,3198,3022,0.9449656035021888,609.8890010090818,0.65625,0.65625,0.921201229095459,False,ok,0.06518709999363637
D2_111_nadir,aliked-lightglue-r1024-k8192,aliked,lightglue,1024,8192,128,100_0010_0009.JPG,100_0010_0025.JPG,4955,6227,3737,3511,0.9395236820979396,708.577194752775,0.75,0.75,0.9274510145187378,False,ok,0.06549419999646489
D2_111_nadir,aliked-lightglue-r1024-k8192,aliked,lightglue,1024,8192,129,100_0010_0009.JPG,100_0010_0026.JPG,4955,6466,2952,2769,0.9380081300813008,558.8294651866801,0.640625,0.65625,0.9208177328109741,False,ok,0.06492399999842746
D2_111_nadir,aliked-lightglue-r1024-k8192,aliked,lightglue,1024,8192,130,100_0010_0009.JPG,100_0010_0027.JPG,4955,6545,2119,1932,0.9117508258612553,389.90918264379417,0.46875,0.46875,0.9215969443321228,False,ok,0.07561649999843212
D2_111_nadir,aliked-lightglue-r1024-k8192,aliked,lightglue,1024,8192,131,100_0010_0010.JPG,100_0010_0011.JPG,4781,4440,3486,3260,0.9351692484222605,734.2342342342342,0.859375,0.875,0.9335486888885498,False,ok,0.06114759999763919
D2_111_nadir,aliked-lightglue-r1024-k8192,aliked,lightglue,1024,8192,132,100_0010_0010.JPG,100_0010_0012.JPG,4781,4384,2516,2236,0.8887122416534181,510.036496350365,0.59375,0.59375,0.9329004287719727,False,ok,0.049912799993762746
D2_111_nadir,aliked-lightglue-r1024-k8192,aliked,lightglue,1024,8192,133,100_0010_0010.JPG,100_0010_0013.JPG,4781,4677,1750,1483,0.8474285714285714,317.08360059867437,0.5,0.484375,0.9507316946983337,False,ok,0.048623000002407935
D2_111_nadir,aliked-lightglue-r1024-k8192,aliked,lightglue,1024,8192,134,100_0010_0010.JPG,100_0010_0014.JPG,4781,4893,758,649,0.8562005277044855,135.74565990378582,0.265625,0.25,0.8489859104156494,False,ok,0.05425390000164043
D2_111_nadir,aliked-lightglue-r1024-k8192,aliked,lightglue,1024,8192,135,100_0010_0010.JPG,100_0010_0015.JPG,4781,5081,37,15,0.40540540540540543,3.137418950010458,0.078125,0.078125,0.4360545873641968,False,ok,0.06820120000338648
D2_111_nadir,aliked-lightglue-r1024-k8192,aliked,lightglue,1024,8192,136,100_0010_0010.JPG,100_0010_0016.JPG,4781,5062,31,15,0.4838709677419355,3.137418950010458,0.125,0.09375,0.41541755199432373,False,ok,0.06300470000132918
D2_111_nadir,aliked-lightglue-r1024-k8192,aliked,lightglue,1024,8192,137,100_0010_0010.JPG,100_0010_0017.JPG,4781,4931,35,13,0.37142857142857144,2.719096423342397,0.09375,0.09375,0.4247410297393799,True,ok,0.06727249999676133
D2_111_nadir,aliked-lightglue-r1024-k8192,aliked,lightglue,1024,8192,138,100_0010_0010.JPG,100_0010_0018.JPG,4781,4783,41,12,0.2926829268292683,2.5099351600083666,0.109375,0.09375,0.3893112242221832,True,ok,0.05892459999449784
D2_111_nadir,aliked-lightglue-r1024-k8192,aliked,lightglue,1024,8192,139,100_0010_0010.JPG,100_0010_0021.JPG,4781,4666,1522,1344,0.8830486202365309,288.0411487355336,0.375,0.375,0.9071028828620911,False,ok,0.05056019999756245
D2_111_nadir,aliked-lightglue-r1024-k8192,aliked,lightglue,1024,8192,140,100_0010_0010.JPG,100_0010_0022.JPG,4781,4794,2314,2136,0.9230769230769231,446.76845848148923,0.5625,0.5625,0.9217311143875122,False,ok,0.053067300003021955
D2_111_nadir,aliked-lightglue-r1024-k8192,aliked,lightglue,1024,8192,141,100_0010_0010.JPG,100_0010_0023.JPG,4781,5285,3076,2912,0.9466840052015605,609.077598828697,0.65625,0.65625,0.9289311766624451,False,ok,0.05888989999948535
D2_111_nadir,aliked-lightglue-r1024-k8192,aliked,lightglue,1024,8192,142,100_0010_0010.JPG,100_0010_0024.JPG,4781,5986,3620,3400,0.9392265193370166,711.1482953357038,0.75,0.75,0.9306166768074036,False,ok,0.06805410000379197
D2_111_nadir,aliked-lightglue-r1024-k8192,aliked,lightglue,1024,8192,143,100_0010_0010.JPG,100_0010_0025.JPG,4781,6227,2861,2682,0.9374344634743097,560.9705082618699,0.640625,0.625,0.9288778305053711,False,ok,0.06554040000628447
D2_111_nadir,aliked-lightglue-r1024-k8192,aliked,lightglue,1024,8192,144,100_0010_0010.JPG,100_0010_0026.JPG,4781,6466,2138,1964,0.9186155285313377,410.79272118803596,0.46875,0.46875,0.923128604888916,False,ok,0.06828310000128113
D2_111_nadir,aliked-lightglue-r1024-k8192,aliked,lightglue,1024,8192,145,100_0010_0011.JPG,100_0010_0012.JPG,4440,4384,3060,2777,0.907516339869281,633.4397810218978,0.84375,0.859375,0.9387779831886292,False,ok,0.05908050000289222
D2_111_nadir,aliked-lightglue-r1024-k8192,aliked,lightglue,1024,8192,146,100_0010_0011.JPG,100_0010_0013.JPG,4440,4677,2138,1855,0.8676333021515436,417.7927927927928,0.625,0.625,0.9351376295089722,False,ok,0.05133669999486301
D2_111_nadir,aliked-lightglue-r1024-k8192,aliked,lightglue,1024,8192,147,100_0010_0011.JPG,100_0010_0014.JPG,4440,4893,1136,966,0.8503521126760564,217.56756756756758,0.46875,0.46875,0.9292028546333313,False,ok,0.04744409999693744
D2_111_nadir,aliked-lightglue-r1024-k8192,aliked,lightglue,1024,8192,148,100_0010_0011.JPG,100_0010_0015.JPG,4440,5081,168,141,0.8392857142857143,31.756756756756758,0.234375,0.234375,0.8428934216499329,False,ok,0.055191500003274996
D2_111_nadir,aliked-lightglue-r1024-k8192,aliked,lightglue,1024,8192,149,100_0010_0011.JPG,100_0010_0016.JPG,4440,5062,123,98,0.7967479674796748,22.07207207207207,0.21875,0.21875,0.850407063961029,False,ok,0.06127279999782331
D2_111_nadir,aliked-lightglue-r1024-k8192,aliked,lightglue,1024,8192,150,100_0010_0011.JPG,100_0010_0017.JPG,4440,4931,152,111,0.7302631578947368,25.0,0.1875,0.1875,0.859936535358429,False,ok,0.057400700003199745
D2_111_nadir,aliked-lightglue-r1024-k8192,aliked,lightglue,1024,8192,151,100_0010_0011.JPG,100_0010_0018.JPG,4440,4783,146,122,0.8356164383561644,27.47747747747748,0.1875,0.1875,0.887450098991394,False,ok,0.055685500003164634
D2_111_nadir,aliked-lightglue-r1024-k8192,aliked,lightglue,1024,8192,152,100_0010_0011.JPG,100_0010_0019.JPG,4440,4797,172,121,0.7034883720930233,27.25225225225225,0.15625,0.140625,0.9239145517349243,False,ok,0.05524729999888223
D2_111_nadir,aliked-lightglue-r1024-k8192,aliked,lightglue,1024,8192,153,100_0010_0011.JPG,100_0010_0020.JPG,4440,4819,1107,965,0.8717253839205059,217.34234234234233,0.375,0.375,0.9313242435455322,False,ok,0.04749509999965085
D2_111_nadir,aliked-lightglue-r1024-k8192,aliked,lightglue,1024,8192,154,100_0010_0011.JPG,100_0010_0021.JPG,4440,4666,1787,1611,0.9015109121432568,362.8378378378378,0.5625,0.515625,0.9455090165138245,False,ok,0.044907199997396674
D2_111_nadir,aliked-lightglue-r1024-k8192,aliked,lightglue,1024,8192,155,100_0010_0011.JPG,100_0010_0022.JPG,4440,4794,2540,2405,0.9468503937007874,541.6666666666666,0.65625,0.65625,0.9236078262329102,False,ok,0.048252799999318086
D2_111_nadir,aliked-lightglue-r1024-k8192,aliked,lightglue,1024,8192,156,100_0010_0011.JPG,100_0010_0023.JPG,4440,5285,3121,2958,0.9477731496315284,666.2162162162163,0.75,0.75,0.928597092628479,False,ok,0.05182800000329735
D2_111_nadir,aliked-lightglue-r1024-k8192,aliked,lightglue,1024,8192,157,100_0010_0011.JPG,100_0010_0024.JPG,4440,5986,2828,2656,0.9391796322489392,598.1981981981982,0.625,0.65625,0.9269182085990906,False,ok,0.05883950000134064
D2_111_nadir,aliked-lightglue-r1024-k8192,aliked,lightglue,1024,8192,158,100_0010_0011.JPG,100_0010_0025.JPG,4440,6227,2113,1918,0.9077141504969238,431.98198198198196,0.46875,0.46875,0.9202645421028137,False,ok,0.06318920000194339
D2_111_nadir,aliked-lightglue-r1024-k8192,aliked,lightglue,1024,8192,159,100_0010_0012.JPG,100_0010_0013.JPG,4384,4677,3032,2753,0.9079815303430079,627.9653284671533,0.875,0.875,0.9201845526695251,False,ok,0.05409650000365218
D2_111_nadir,aliked-lightglue-r1024-k8192,aliked,lightglue,1024,8192,160,100_0010_0012.JPG,100_0010_0014.JPG,4384,4893,2007,1757,0.8754359740906826,400.7755474452555,0.625,0.625,0.932517409324646,False,ok,0.04745609999372391
D2_111_nadir,aliked-lightglue-r1024-k8192,aliked,lightglue,1024,8192,161,100_0010_0012.JPG,100_0010_0015.JPG,4384,5081,1041,867,0.8328530259365994,197.76459854014598,0.5,0.5,0.9138869047164917,False,ok,0.04527339999913238
D2_111_nadir,aliked-lightglue-r1024-k8192,aliked,lightglue,1024,8192,162,100_0010_0012.JPG,100_0010_0016.JPG,4384,5062,889,760,0.8548931383577053,173.35766423357666,0.4375,0.484375,0.8988983631134033,False,ok,0.04762530000152765
D2_111_nadir,aliked-lightglue-r1024-k8192,aliked,lightglue,1024,8192,163,100_0010_0012.JPG,100_0010_0017.JPG,4384,4931,890,759,0.852808988764045,173.12956204379563,0.4375,0.4375,0.9080139994621277,False,ok,0.04757499999686843
D2_111_nadir,aliked-lightglue-r1024-k8192,aliked,lightglue,1024,8192,164,100_0010_0012.JPG,100_0010_0018.JPG,4384,4783,739,664,0.8985115020297699,151.45985401459853,0.375,0.375,0.888658344745636,False,ok,0.04817940000066301
D2_111_nadir,aliked-lightglue-r1024-k8192,aliked,lightglue,1024,8192,165,100_0010_0012.JPG,100_0010_0019.JPG,4384,4797,798,702,0.8796992481203008,160.12773722627736,0.375,0.375,0.9264613389968872,False,ok,0.04643639999994775
D2_111_nadir,aliked-lightglue-r1024-k8192,aliked,lightglue,1024,8192,166,100_0010_0012.JPG,100_0010_0020.JPG,4384,4819,1681,1541,0.916716240333135,351.5054744525547,0.546875,0.5625,0.939778208732605,False,ok,0.04490729999815812
D2_111_nadir,aliked-lightglue-r1024-k8192,aliked,lightglue,1024,8192,167,100_0010_0012.JPG,100_0010_0021.JPG,4384,4666,2314,2198,0.9498703543647364,501.36861313868616,0.65625,0.65625,0.8987410664558411,False,ok,0.04640529999596765
D2_111_nadir,aliked-lightglue-r1024-k8192,aliked,lightglue,1024,8192,168,100_0010_0012.JPG,100_0010_0022.JPG,4384,4794,2772,2619,0.9448051948051948,597.3996350364963,0.75,0.75,0.9085956811904907,False,ok,0.048876900000323076
D2_111_nadir,aliked-lightglue-r1024-k8192,aliked,lightglue,1024,8192,169,100_0010_0012.JPG,100_0010_0023.JPG,4384,5285,2299,2116,0.9204001739886908,482.66423357664235,0.609375,0.65625,0.9181305766105652,False,ok,0.05279090000112774
D2_111_nadir,aliked-lightglue-r1024-k8192,aliked,lightglue,1024,8192,170,100_0010_0012.JPG,100_0010_0024.JPG,4384,5986,2046,1831,0.8949169110459433,417.6551094890511,0.46875,0.46875,0.9256232380867004,False,ok,0.05709760000172537
D2_111_nadir,aliked-lightglue-r1024-k8192,aliked,lightglue,1024,8192,171,100_0010_0013.JPG,100_0010_0014.JPG,4677,4893,3259,3014,0.924823565510893,644.4301902929228,0.84375,0.875,0.9343015551567078,False,ok,0.057190699997590855
D2_111_nadir,aliked-lightglue-r1024-k8192,aliked,lightglue,1024,8192,172,100_0010_0013.JPG,100_0010_0015.JPG,4677,5081,2183,1976,0.9051763628034815,422.49305110113323,0.625,0.625,0.9284983277320862,False,ok,0.0540097000048263
D2_111_nadir,aliked-lightglue-r1024-k8192,aliked,lightglue,1024,8192,173,100_0010_0013.JPG,100_0010_0016.JPG,4677,5062,2054,1861,0.9060370009737099,397.9046397263203,0.59375,0.59375,0.9387713670730591,False,ok,0.05638479999470292
D2_111_nadir,aliked-lightglue-r1024-k8192,aliked,lightglue,1024,8192,174,100_0010_0013.JPG,100_0010_0017.JPG,4677,4931,1820,1680,0.9230769230769231,359.204618345093,0.546875,0.546875,0.9240961670875549,False,ok,0.05009029999928316
D2_111_nadir,aliked-lightglue-r1024-k8192,aliked,lightglue,1024,8192,175,100_0010_0013.JPG,100_0010_0018.JPG,4677,4783,1548,1460,0.9431524547803618,312.16591832371176,0.46875,0.46875,0.9223926067352295,False,ok,0.05503870000393363
D2_111_nadir,aliked-lightglue-r1024-k8192,aliked,lightglue,1024,8192,176,100_0010_0013.JPG,100_0010_0019.JPG,4677,4797,1551,1470,0.9477756286266924,314.3040410519564,0.5,0.484375,0.9234763383865356,False,ok,0.05488849999528611
D2_111_nadir,aliked-lightglue-r1024-k8192,aliked,lightglue,1024,8192,177,100_0010_0013.JPG,100_0010_0020.JPG,4677,4819,2461,2352,0.9557090613571719,502.8864656831302,0.640625,0.65625,0.9188881516456604,False,ok,0.056171800002630334
D2_111_nadir,aliked-lightglue-r1024-k8192,aliked,lightglue,1024,8192,178,100_0010_0013.JPG,100_0010_0021.JPG,4677,4666,2935,2788,0.9499148211243612,597.5139305615088,0.75,0.75,0.9134329557418823,False,ok,0.05283729999791831
D2_111_nadir,aliked-lightglue-r1024-k8192,aliked,lightglue,1024,8192,179,100_0010_0013.JPG,100_0010_0022.JPG,4677,4794,2051,1890,0.9215017064846417,404.10519563822965,0.65625,0.65625,0.9519522786140442,False,ok,0.05713549999927636
D2_111_nadir,aliked-lightglue-r1024-k8192,aliked,lightglue,1024,8192,180,100_0010_0014.JPG,100_0010_0015.JPG,4893,5081,3465,3280,0.9466089466089466,670.3453913754342,0.875,0.875,0.9376624226570129,False,ok,0.055593699995370116
D2_111_nadir,aliked-lightglue-r1024-k8192,aliked,lightglue,1024,8192,181,100_0010_0014.JPG,100_0010_0016.JPG,4893,5062,3325,3149,0.9470676691729323,643.5724504394033,0.84375,0.859375,0.9482535123825073,False,ok,0.054265300001134165
D2_111_nadir,aliked-lightglue-r1024-k8192,aliked,lightglue,1024,8192,182,100_0010_0014.JPG,100_0010_0017.JPG,4893,4931,2852,2720,0.9537166900420757,555.8961782137748,0.765625,0.765625,0.9344742894172668,False,ok,0.056198500002210494
D2_111_nadir,aliked-lightglue-r1024-k8192,aliked,lightglue,1024,8192,183,100_0010_0014.JPG,100_0010_0018.JPG,4893,4783,2404,2300,0.956738768718802,480.8697470206983,0.65625,0.65625,0.9236258268356323,False,ok,0.05580389999522595
D2_111_nadir,aliked-lightglue-r1024-k8192,aliked,lightglue,1024,8192,184,100_0010_0014.JPG,100_0010_0019.JPG,4893,4797,2371,2273,0.9586672290172923,473.8378153012299,0.65625,0.65625,0.9259552955627441,False,ok,0.054592199994658586
D2_111_nadir,aliked-lightglue-r1024-k8192,aliked,lightglue,1024,8192,185,100_0010_0014.JPG,100_0010_0020.JPG,4893,4819,2975,2837,0.9536134453781513,588.7113509026769,0.75,0.75,0.9187051653862,False,ok,0.056941200004075654
D2_111_nadir,aliked-lightglue-r1024-k8192,aliked,lightglue,1024,8192,186,100_0010_0014.JPG,100_0010_0021.JPG,4893,4666,2182,2050,0.9395050412465628,439.3484783540506,0.65625,0.65625,0.9554666876792908,False,ok,0.05593689999659546
D2_111_nadir,aliked-lightglue-r1024-k8192,aliked,lightglue,1024,8192,187,100_0010_0014.JPG,100_0010_0022.JPG,4893,4794,1294,1161,0.8972179289026275,242.17772215269088,0.46875,0.46875,0.9403907060623169,False,ok,0.04862710000452353
D2_111_nadir,aliked-lightglue-r1024-k8192,aliked,lightglue,1024,8192,188,100_0010_0014.JPG,100_0010_0023.JPG,4893,5285,732,640,0.8743169398907104,130.7991007561823,0.28125,0.359375,0.8335239291191101,False,ok,0.05339869999443181
D2_111_nadir,aliked-lightglue-r1024-k8192,aliked,lightglue,1024,8192,189,100_0010_0015.JPG,100_0010_0016.JPG,5081,5062,4560,4463,0.9787280701754386,881.6673251679179,0.984375,0.984375,0.9470236301422119,False,ok,0.057463999997708015
D2_111_nadir,aliked-lightglue-r1024-k8192,aliked,lightglue,1024,8192,190,100_0010_0015.JPG,100_0010_0017.JPG,5081,4931,3920,3812,0.9724489795918367,773.0683431352667,0.875,0.875,0.9350136518478394,False,ok,0.055426500002795365
D2_111_nadir,aliked-lightglue-r1024-k8192,aliked,lightglue,1024,8192,191,100_0010_0015.JPG,100_0010_0018.JPG,5081,4783,3265,3143,0.9626339969372129,657.1189629939369,0.75,0.75,0.927141010761261,False,ok,0.05981389999942621
D2_111_nadir,aliked-lightglue-r1024-k8192,aliked,lightglue,1024,8192,192,100_0010_0015.JPG,100_0010_0019.JPG,5081,4797,3175,3034,0.9555905511811024,632.4786324786324,0.75,0.734375,0.92488032579422,False,ok,0.05910990000120364
D2_111_nadir,aliked-lightglue-r1024-k8192,aliked,lightglue,1024,8192,193,100_0010_0015.JPG,100_0010_0020.JPG,5081,4819,2157,2055,0.952712100139082,426.4370201286574,0.65625,0.640625,0.921249508857727,False,ok,0.054025400000682566
D2_111_nadir,aliked-lightglue-r1024-k8192,aliked,lightglue,1024,8192,194,100_0010_0015.JPG,100_0010_0021.JPG,5081,4666,1349,1255,0.9303187546330616,268.9669952850407,0.46875,0.46875,0.9178178310394287,False,ok,0.056287899999006186
D2_111_nadir,aliked-lightglue-r1024-k8192,aliked,lightglue,1024,8192,195,100_0010_0015.JPG,100_0010_0022.JPG,5081,4794,471,405,0.8598726114649682,84.48060075093868,0.359375,0.296875,0.8099466562271118,False,ok,0.0537627000012435
D2_111_nadir,aliked-lightglue-r1024-k8192,aliked,lightglue,1024,8192,196,100_0010_0015.JPG,100_0010_0023.JPG,5081,5285,80,62,0.775,12.202322377484746,0.15625,0.171875,0.8226693868637085,False,ok,0.07475390000035986
D2_111_nadir,aliked-lightglue-r1024-k8192,aliked,lightglue,1024,8192,197,100_0010_0015.JPG,100_0010_0051.JPG,5081,4556,1464,1341,0.9159836065573771,294.3371378402107,0.5,0.5,0.9314191937446594,False,ok,0.050310299993725494
D2_111_nadir,aliked-lightglue-r1024-k8192,aliked,lightglue,1024,8192,198,100_0010_0016.JPG,100_0010_0017.JPG,5062,4931,3995,3888,0.9732165206508135,788.4810383289393,0.875,0.875,0.9345876574516296,False,ok,0.057618300001195166
D2_111_nadir,aliked-lightglue-r1024-k8192,aliked,lightglue,1024,8192,199,100_0010_0016.JPG,100_0010_0018.JPG,5062,4783,3250,3123,0.9609230769230769,652.9374869328873,0.75,0.75,0.9279040098190308,False,ok,0.05514299999776995
D2_111_nadir,aliked-lightglue-r1024-k8192,aliked,lightglue,1024,8192,200,100_0010_0016.JPG,100_0010_0019.JPG,5062,4797,3137,3006,0.9582403570290086,626.641651031895,0.75,0.734375,0.9261960387229919,False,ok,0.049291199997242074
D2_111_nadir,aliked-lightglue-r1024-k8192,aliked,lightglue,1024,8192,201,100_0010_0016.JPG,100_0010_0020.JPG,5062,4819,2112,1989,0.9417613636363636,412.7412326208757,0.609375,0.546875,0.929275631904602,False,ok,0.05634280000231229
D2_111_nadir,aliked-lightglue-r1024-k8192,aliked,lightglue,1024,8192,202,100_0010_0016.JPG,100_0010_0021.JPG,5062,4666,1312,1200,0.9146341463414634,257.1795970852979,0.453125,0.453125,0.9269818663597107,False,ok,0.057962099999713246
D2_111_nadir,aliked-lightglue-r1024-k8192,aliked,lightglue,1024,8192,203,100_0010_0016.JPG,100_0010_0022.JPG,5062,4794,444,377,0.8490990990990991,78.63996662494785,0.25,0.265625,0.8026607036590576,False,ok,0.056056299996271264
D2_111_nadir,aliked-lightglue-r1024-k8192,aliked,lightglue,1024,8192,204,100_0010_0016.JPG,100_0010_0023.JPG,5062,5285,81,56,0.691358024691358,11.062821019359937,0.140625,0.140625,0.7358337044715881,False,ok,0.07189959999959683
D2_111_nadir,aliked-lightglue-r1024-k8192,aliked,lightglue,1024,8192,205,100_0010_0016.JPG,100_0010_0024.JPG,5062,5986,84,14,0.16666666666666666,2.7657052548399843,0.125,0.140625,0.25583261251449585,True,ok,0.06400240000220947
D2_111_nadir,aliked-lightglue-r1024-k8192,aliked,lightglue,1024,8192,206,100_0010_0016.JPG,100_0010_0051.JPG,5062,4556,1481,1372,0.9264010803511141,301.14135206321333,0.484375,0.484375,0.9377784132957458,False,ok,0.04654110000410583
D2_111_nadir,aliked-lightglue-r1024-k8192,aliked,lightglue,1024,8192,207,100_0010_0017.JPG,100_0010_0018.JPG,4931,4783,3907,3803,0.9733811108267213,795.1076730085721,0.9375,0.875,0.9338748455047607,False,ok,0.05469919999450212
D2_111_nadir,aliked-lightglue-r1024-k8192,aliked,lightglue,1024,8192,208,100_0010_0017.JPG,100_0010_0019.JPG,4931,4797,3766,3666,0.9734466277217206,764.2276422764228,0.875,0.875,0.9317871332168579,False,ok,0.05648369999835268
D2_111_nadir,aliked-lightglue-r1024-k8192,aliked,lightglue,1024,8192,209,100_0010_0017.JPG,100_0010_0020.JPG,4931,4819,2516,2374,0.9435612082670907,492.6333264162689,0.765625,0.75,0.9303454160690308,False,ok,0.0553728000013507
D2_111_nadir,aliked-lightglue-r1024-k8192,aliked,lightglue,1024,8192,210,100_0010_0017.JPG,100_0010_0021.JPG,4931,4666,1563,1421,0.909149072296865,304.5435062151736,0.546875,0.546875,0.9191254377365112,False,ok,0.05694199999561533
D2_111_nadir,aliked-lightglue-r1024-k8192,aliked,lightglue,1024,8192,211,100_0010_0017.JPG,100_0010_0022.JPG,4931,4794,602,498,0.8272425249169435,103.87984981226533,0.40625,0.359375,0.850944459438324,False,ok,0.054894200002308935
D2_111_nadir,aliked-lightglue-r1024-k8192,aliked,lightglue,1024,8192,212,100_0010_0017.JPG,100_0010_0023.JPG,4931,5285,124,92,0.7419354838709677,18.657473129182723,0.234375,0.21875,0.8474079370498657,False,ok,0.0759533000018564
D2_111_nadir,aliked-lightglue-r1024-k8192,aliked,lightglue,1024,8192,213,100_0010_0017.JPG,100_0010_0024.JPG,4931,5986,42,12,0.2857142857142857,2.4335834516325288,0.078125,0.09375,0.3392055034637451,True,ok,0.07853510000131791
D2_111_nadir,aliked-lightglue-r1024-k8192,aliked,lightglue,1024,8192,214,100_0010_0017.JPG,100_0010_0025.JPG,4931,6227,62,17,0.27419354838709675,3.447576556479416,0.109375,0.15625,0.17572557926177979,False,ok,0.07546200000069803
D2_111_nadir,aliked-lightglue-r1024-k8192,aliked,lightglue,1024,8192,215,100_0010_0017.JPG,100_0010_0050.JPG,4931,4652,1579,1484,0.9398353388220393,319.0025795356836,0.53125,0.546875,0.9317522644996643,False,ok,0.04674949999753153
D2_111_nadir,aliked-lightglue-r1024-k8192,aliked,lightglue,1024,8192,216,100_0010_0017.JPG,100_0010_0051.JPG,4931,4556,2036,1899,0.9327111984282908,416.81299385425814,0.625,0.625,0.927797794342041,False,ok,0.047188500000629574
D2_111_nadir,aliked-lightglue-r1024-k8192,aliked,lightglue,1024,8192,217,100_0010_0018.JPG,100_0010_0019.JPG,4783,4797,4374,4306,0.984453589391861,900.2717959439682,1.0,1.0,0.9402515292167664,False,ok,0.05306469999777619
D2_111_nadir,aliked-lightglue-r1024-k8192,aliked,lightglue,1024,8192,218,100_0010_0018.JPG,100_0010_0020.JPG,4783,4819,2888,2719,0.9414819944598338,568.4716704996864,0.859375,0.875,0.9375693202018738,False,ok,0.05595090000133496
D2_111_nadir,aliked-lightglue-r1024-k8192,aliked,lightglue,1024,8192,219,100_0010_0018.JPG,100_0010_0021.JPG,4783,4666,1822,1653,0.9072447859495061,354.26489498499785,0.625,0.625,0.9254588484764099,False,ok,0.05425070000637788
D2_111_nadir,aliked-lightglue-r1024-k8192,aliked,lightglue,1024,8192,220,100_0010_0018.JPG,100_0010_0022.JPG,4783,4794,805,659,0.8186335403726708,137.7796362115827,0.5,0.484375,0.9122613668441772,False,ok,0.04593360000581015
D2_111_nadir,aliked-lightglue-r1024-k8192,aliked,lightglue,1024,8192,221,100_0010_0018.JPG,100_0010_0023.JPG,4783,5285,181,152,0.8397790055248618,31.779218063976582,0.25,0.25,0.8908792734146118,False,ok,0.07090430000243941
D2_111_nadir,aliked-lightglue-r1024-k8192,aliked,lightglue,1024,8192,222,100_0010_0018.JPG,100_0010_0024.JPG,4783,5986,83,18,0.21686746987951808,3.7633284549445953,0.15625,0.171875,0.26371198892593384,False,ok,0.06502760000148555
D2_111_nadir,aliked-lightglue-r1024-k8192,aliked,lightglue,1024,8192,223,100_0010_0018.JPG,100_0010_0025.JPG,4783,6227,80,15,0.1875,3.136107045787163,0.15625,0.171875,0.21342888474464417,False,ok,0.07464639999670908
D2_111_nadir,aliked-lightglue-r1024-k8192,aliked,lightglue,1024,8192,224,100_0010_0018.JPG,100_0010_0026.JPG,4783,6466,69,14,0.2028985507246377,2.9270332427346855,0.140625,0.140625,0.20808665454387665,True,ok,0.07175599999754922
D2_111_nadir,aliked-lightglue-r1024-k8192,aliked,lightglue,1024,8192,225,100_0010_0018.JPG,100_0010_0049.JPG,4783,4624,1297,1202,0.9267540478026214,259.94809688581313,0.546875,0.546875,0.9237575531005859,False,ok,0.04498359999706736
D2_111_nadir,aliked-lightglue-r1024-k8192,aliked,lightglue,1024,8192,226,100_0010_0018.JPG,100_0010_0050.JPG,4783,4652,2011,1913,0.9512680258577823,411.22098022355976,0.640625,0.65625,0.9356642961502075,False,ok,0.049953400004596915
D2_111_nadir,aliked-lightglue-r1024-k8192,aliked,lightglue,1024,8192,227,100_0010_0018.JPG,100_0010_0051.JPG,4783,4556,2579,2465,0.9557968204730516,541.044776119403,0.75,0.75,0.93019700050354,False,ok,0.05300809999607736
D2_111_nadir,aliked-lightglue-r1024-k8192,aliked,lightglue,1024,8192,228,100_0010_0019.JPG,100_0010_0020.JPG,4797,4819,2988,2788,0.9330655957161981,581.1965811965812,0.875,0.875,0.9395875930786133,False,ok,0.04846620000171242
D2_111_nadir,aliked-lightglue-r1024-k8192,aliked,lightglue,1024,8192,229,100_0010_0019.JPG,100_0010_0021.JPG,4797,4666,1890,1719,0.9095238095238095,368.40977282468924,0.640625,0.625,0.9281229972839355,False,ok,0.04482350000034785
D2_111_nadir,aliked-lightglue-r1024-k8192,aliked,lightglue,1024,8192,230,100_0010_0019.JPG,100_0010_0022.JPG,4797,4794,851,686,0.8061104582843713,143.09553608677513,0.5,0.5,0.9182339906692505,False,ok,0.047147699995548464
D2_111_nadir,aliked-lightglue-r1024-k8192,aliked,lightglue,1024,8192,231,100_0010_0019.JPG,100_0010_0023.JPG,4797,5285,195,168,0.8615384615384616,35.02188868042526,0.25,0.25,0.9284316897392273,False,ok,0.06588129999727244
D2_111_nadir,aliked-lightglue-r1024-k8192,aliked,lightglue,1024,8192,232,100_0010_0019.JPG,100_0010_0024.JPG,4797,5986,68,17,0.25,3.5438815926620806,0.125,0.109375,0.2746886909008026,False,ok,0.05999090000113938
D2_111_nadir,aliked-lightglue-r1024-k8192,aliked,lightglue,1024,8192,233,100_0010_0019.JPG,100_0010_0025.JPG,4797,6227,79,14,0.17721518987341772,2.9184907233687722,0.125,0.15625,0.19501742720603943,True,ok,0.06945770000311313
D2_111_nadir,aliked-lightglue-r1024-k8192,aliked,lightglue,1024,8192,234,100_0010_0019.JPG,100_0010_0026.JPG,4797,6466,58,14,0.2413793103448276,2.9184907233687722,0.109375,0.15625,0.24563847482204437,True,ok,0.08331000000180211
D2_111_nadir,aliked-lightglue-r1024-k8192,aliked,lightglue,1024,8192,235,100_0010_0019.JPG,100_0010_0027.JPG,4797,6545,48,14,0.2916666666666667,2.9184907233687722,0.09375,0.109375,0.19944067299365997,True,ok,0.0794328999982099
D2_111_nadir,aliked-lightglue-r1024-k8192,aliked,lightglue,1024,8192,236,100_0010_0019.JPG,100_0010_0049.JPG,4797,4624,1338,1243,0.9289985052316891,268.8148788927336,0.546875,0.5625,0.9348195791244507,False,ok,0.045276700002432335
D2_111_nadir,aliked-lightglue-r1024-k8192,aliked,lightglue,1024,8192,237,100_0010_0019.JPG,100_0010_0050.JPG,4797,4652,2086,1973,0.9458293384467881,424.11865864144454,0.65625,0.65625,0.9390431642532349,False,ok,0.05696460000035586
D2_111_nadir,aliked-lightglue-r1024-k8192,aliked,lightglue,1024,8192,238,100_0010_0019.JPG,100_0010_0051.JPG,4797,4556,2678,2549,0.9518297236743839,559.4820017559263,0.75,0.75,0.9325007796287537,False,ok,0.05713689999538474
D2_111_nadir,aliked-lightglue-r1024-k8192,aliked,lightglue,1024,8192,239,100_0010_0019.JPG,100_0010_0052.JPG,4797,4676,2168,2042,0.9418819188191881,436.69803250641576,0.625,0.625,0.9355220794677734,False,ok,0.05489069999748608
D2_111_nadir,aliked-lightglue-r1024-k8192,aliked,lightglue,1024,8192,240,100_0010_0020.JPG,100_0010_0021.JPG,4819,4666,3316,3095,0.9333534378769602,663.3090441491642,0.875,0.875,0.9379528164863586,False,ok,0.05580940000072587
D2_111_nadir,aliked-lightglue-r1024-k8192,aliked,lightglue,1024,8192,241,100_0010_0020.JPG,100_0010_0022.JPG,4819,4794,2169,1898,0.8750576302443522,395.9115561118064,0.625,0.640625,0.9366057515144348,False,ok,0.05947269999887794
D2_111_nadir,aliked-lightglue-r1024-k8192,aliked,lightglue,1024,8192,242,100_0010_0020.JPG,100_0010_0023.JPG,4819,5285,1539,1309,0.8505523066926576,271.633118904337,0.484375,0.5,0.9424706697463989,False,ok,0.04670600000099512
D2_111_nadir,aliked-lightglue-r1024-k8192,aliked,lightglue,1024,8192,243,100_0010_0020.JPG,100_0010_0024.JPG,4819,5986,1129,948,0.8396811337466785,196.72131147540983,0.25,0.265625,0.9437721967697144,False,ok,0.05269129999942379
D2_111_nadir,aliked-lightglue-r1024-k8192,aliked,lightglue,1024,8192,244,100_0010_0020.JPG,100_0010_0025.JPG,4819,6227,67,16,0.23880597014925373,3.3201909109773813,0.078125,0.125,0.24214303493499756,False,ok,0.07649450000462821
D2_111_nadir,aliked-lightglue-r1024-k8192,aliked,lightglue,1024,8192,245,100_0010_0020.JPG,100_0010_0026.JPG,4819,6466,79,13,0.16455696202531644,2.6976551151691224,0.15625,0.171875,0.1828361600637436,True,ok,0.05691880000085803
D2_111_nadir,aliked-lightglue-r1024-k8192,aliked,lightglue,1024,8192,246,100_0010_0020.JPG,100_0010_0027.JPG,4819,6545,65,11,0.16923076923076924,2.2826312512969498,0.09375,0.125,0.19700077176094055,True,ok,0.07710019999649376
D2_111_nadir,aliked-lightglue-r1024-k8192,aliked,lightglue,1024,8192,247,100_0010_0020.JPG,100_0010_0028.JPG,4819,6250,78,17,0.21794871794871795,3.5277028429134676,0.125,0.15625,0.2340604066848755,False,ok,0.07380330000160029
D2_111_nadir,aliked-lightglue-r1024-k8192,aliked,lightglue,1024,8192,248,100_0010_0020.JPG,100_0010_0049.JPG,4819,4624,2391,2282,0.9544123797574237,493.5121107266436,0.6875,0.65625,0.9334450960159302,False,ok,0.04931819999910658
D2_111_nadir,aliked-lightglue-r1024-k8192,aliked,lightglue,1024,8192,249,100_0010_0020.JPG,100_0010_0050.JPG,4819,4652,2512,2400,0.9554140127388535,515.9071367153912,0.75,0.75,0.9308328032493591,False,ok,0.05188539999653585
D2_111_nadir,aliked-lightglue-r1024-k8192,aliked,lightglue,1024,8192,250,100_0010_0020.JPG,100_0010_0051.JPG,4819,4556,1884,1797,0.9538216560509554,394.42493415276556,0.640625,0.65625,0.9223899841308594,False,ok,0.05237279999710154
D2_111_nadir,aliked-lightglue-r1024-k8192,aliked,lightglue,1024,8192,251,100_0010_0021.JPG,100_0010_0022.JPG,4666,4794,3174,2965,0.9341524889729048,635.4479211315902,0.875,0.875,0.9333410859107971,False,ok,0.053026400004455354
D2_111_nadir,aliked-lightglue-r1024-k8192,aliked,lightglue,1024,8192,252,100_0010_0021.JPG,100_0010_0023.JPG,4666,5285,2540,2295,0.9035433070866141,491.85597942563226,0.625,0.625,0.9536796808242798,False,ok,0.056418599997414276
D2_111_nadir,aliked-lightglue-r1024-k8192,aliked,lightglue,1024,8192,253,100_0010_0021.JPG,100_0010_0024.JPG,4666,5986,2104,1838,0.873574144486692,393.91341620231464,0.5,0.5,0.9534580111503601,False,ok,0.05589799999870593
D2_111_nadir,aliked-lightglue-r1024-k8192,aliked,lightglue,1024,8192,254,100_0010_0021.JPG,100_0010_0025.JPG,4666,6227,1106,909,0.8218806509945751,194.81354479211316,0.25,0.25,0.9208927154541016,False,ok,0.05550139999832027
D2_111_nadir,aliked-lightglue-r1024-k8192,aliked,lightglue,1024,8192,255,100_0010_0021.JPG,100_0010_0026.JPG,4666,6466,79,13,0.16455696202531644,2.786112301757394,0.140625,0.15625,0.22721733152866364,True,ok,0.06250929999805521
D2_111_nadir,aliked-lightglue-r1024-k8192,aliked,lightglue,1024,8192,256,100_0010_0021.JPG,100_0010_0027.JPG,4666,6545,121,15,0.12396694214876033,3.2147449635662237,0.140625,0.171875,0.25809445977211,False,ok,0.05589229999895906
D2_111_nadir,aliked-lightglue-r1024-k8192,aliked,lightglue,1024,8192,257,100_0010_0021.JPG,100_0010_0028.JPG,4666,6250,64,12,0.1875,2.571795970852979,0.109375,0.15625,0.18879908323287964,True,ok,0.05192389999865554
D2_111_nadir,aliked-lightglue-r1024-k8192,aliked,lightglue,1024,8192,258,100_0010_0021.JPG,100_0010_0029.JPG,4666,5964,37,11,0.2972972972972973,2.357479639948564,0.078125,0.09375,0.2174500972032547,True,ok,0.06736199999431847
D2_111_nadir,aliked-lightglue-r1024-k8192,aliked,lightglue,1024,8192,259,100_0010_0021.JPG,100_0010_0047.JPG,4666,5136,1779,1624,0.9128724002248454,348.0497213887698,0.546875,0.5625,0.9587714076042175,False,ok,0.04419459999917308
D2_111_nadir,aliked-lightglue-r1024-k8192,aliked,lightglue,1024,8192,260,100_0010_0021.JPG,100_0010_0048.JPG,4666,4714,2368,2222,0.9383445945945946,476.21088726960994,0.65625,0.65625,0.9325322508811951,False,ok,0.05286070000147447
D2_111_nadir,aliked-lightglue-r1024-k8192,aliked,lightglue,1024,8192,261,100_0010_0021.JPG,100_0010_0049.JPG,4666,4624,2645,2530,0.9565217391304348,547.1453287197232,0.75,0.75,0.9355542659759521,False,ok,0.056984599999850616
D2_111_nadir,aliked-lightglue-r1024-k8192,aliked,lightglue,1024,8192,262,100_0010_0021.JPG,100_0010_0050.JPG,4666,4652,1910,1820,0.9528795811518325,391.22957867583835,0.5625,0.5625,0.9381317496299744,False,ok,0.051306699999258853
D2_111_nadir,aliked-lightglue-r1024-k8192,aliked,lightglue,1024,8192,263,100_0010_0021.JPG,100_0010_0051.JPG,4666,4556,1285,1205,0.9377431906614786,264.486391571554,0.46875,0.46875,0.9234943985939026,False,ok,0.052174900003592484
D2_111_nadir,aliked-lightglue-r1024-k8192,aliked,lightglue,1024,8192,264,100_0010_0022.JPG,100_0010_0023.JPG,4794,5285,3733,3535,0.9469595499598178,737.3800584063413,0.875,0.875,0.9410222172737122,False,ok,0.06576510000013513
D2_111_nadir,aliked-lightglue-r1024-k8192,aliked,lightglue,1024,8192,265,100_0010_0022.JPG,100_0010_0024.JPG,4794,5986,3190,2909,0.9119122257053291,606.8001668752607,0.625,0.625,0.9410796165466309,False,ok,0.06430070000351407
D2_111_nadir,aliked-lightglue-r1024-k8192,aliked,lightglue,1024,8192,266,100_0010_0022.JPG,100_0010_0025.JPG,4794,6227,2151,1886,0.8768014876801488,393.4084272006675,0.5,0.5,0.9341895580291748,False,ok,0.07844659999682335
D2_111_nadir,aliked-lightglue-r1024-k8192,aliked,lightglue,1024,8192,267,100_0010_0022.JPG,100_0010_0026.JPG,4794,6466,1203,1022,0.8495428096425602,213.183145598665,0.25,0.25,0.9363471865653992,False,ok,0.060510000002977904
D2_111_nadir,aliked-lightglue-r1024-k8192,aliked,lightglue,1024,8192,268,100_0010_0022.JPG,100_0010_0027.JPG,4794,6545,91,14,0.15384615384615385,2.920317062995411,0.125,0.171875,0.20145046710968018,True,ok,0.10682219999580411
D2_111_nadir,aliked-lightglue-r1024-k8192,aliked,lightglue,1024,8192,269,100_0010_0022.JPG,100_0010_0028.JPG,4794,6250,91,18,0.1978021978021978,3.7546933667083855,0.125,0.15625,0.23176105320453644,False,ok,0.08730899999500252
D2_111_nadir,aliked-lightglue-r1024-k8192,aliked,lightglue,1024,8192,270,100_0010_0022.JPG,100_0010_0029.JPG,4794,5964,89,19,0.21348314606741572,3.963287442636629,0.140625,0.125,0.25014281272888184,False,ok,0.07307389999914449
D2_111_nadir,aliked-lightglue-r1024-k8192,aliked,lightglue,1024,8192,271,100_0010_0022.JPG,100_0010_0030.JPG,4794,5495,42,14,0.3333333333333333,2.920317062995411,0.09375,0.09375,0.1993827372789383,True,ok,0.06731950000539655
D2_111_nadir,aliked-lightglue-r1024-k8192,aliked,lightglue,1024,8192,272,100_0010_0022.JPG,100_0010_0046.JPG,4794,5971,2324,2161,0.9298623063683304,450.7717980809345,0.5625,0.5625,0.9489978551864624,False,ok,0.05827639999915846
D2_111_nadir,aliked-lightglue-r1024-k8192,aliked,lightglue,1024,8192,273,100_0010_0022.JPG,100_0010_0047.JPG,4794,5136,2535,2394,0.9443786982248521,499.3742177722153,0.65625,0.65625,0.9415795803070068,False,ok,0.05251410000346368
D2_111_nadir,aliked-lightglue-r1024-k8192,aliked,lightglue,1024,8192,274,100_0010_0022.JPG,100_0010_0048.JPG,4794,4714,2638,2486,0.9423805913570887,527.3652948663555,0.75,0.75,0.9343490600585938,False,ok,0.05828569999721367
D2_111_nadir,aliked-lightglue-r1024-k8192,aliked,lightglue,1024,8192,275,100_0010_0022.JPG,100_0010_0049.JPG,4794,4624,1986,1876,0.9446122860020141,405.70934256055364,0.5625,0.5625,0.932619035243988,False,ok,0.05135209999571089
D2_111_nadir,aliked-lightglue-r1024-k8192,aliked,lightglue,1024,8192,276,100_0010_0023.JPG,100_0010_0024.JPG,5285,5986,4376,4139,0.9458409506398537,783.1598864711448,0.875,0.875,0.9358087778091431,False,ok,0.06751819999772124
D2_111_nadir,aliked-lightglue-r1024-k8192,aliked,lightglue,1024,8192,277,100_0010_0023.JPG,100_0010_0025.JPG,5285,6227,3265,2985,0.9142419601837672,564.80605487228,0.625,0.625,0.9253714680671692,False,ok,0.07422029999725055
D2_111_nadir,aliked-lightglue-r1024-k8192,aliked,lightglue,1024,8192,278,100_0010_0023.JPG,100_0010_0026.JPG,5285,6466,2220,1991,0.8968468468468469,376.7265846736045,0.5,0.5,0.9352548122406006,False,ok,0.06808409999939613
D2_111_nadir,aliked-lightglue-r1024-k8192,aliked,lightglue,1024,8192,279,100_0010_0023.JPG,100_0010_0027.JPG,5285,6545,1160,1001,0.8629310344827587,189.40397350993376,0.25,0.25,0.9099478721618652,False,ok,0.08270590000029188
D2_111_nadir,aliked-lightglue-r1024-k8192,aliked,lightglue,1024,8192,280,100_0010_0023.JPG,100_0010_0028.JPG,5285,6250,116,19,0.16379310344827586,3.595080416272469,0.140625,0.1875,0.24049578607082367,False,ok,0.1251062000010279
D2_111_nadir,aliked-lightglue-r1024-k8192,aliked,lightglue,1024,8192,281,100_0010_0023.JPG,100_0010_0029.JPG,5285,5964,96,17,0.17708333333333334,3.216650898770104,0.125,0.171875,0.2120867371559143,False,ok,0.06905440000264207
D2_111_nadir,aliked-lightglue-r1024-k8192,aliked,lightglue,1024,8192,282,100_0010_0023.JPG,100_0010_0030.JPG,5285,5495,80,17,0.2125,3.216650898770104,0.125,0.140625,0.24082574248313904,False,ok,0.056824600003892556
D2_111_nadir,aliked-lightglue-r1024-k8192,aliked,lightglue,1024,8192,283,100_0010_0023.JPG,100_0010_0031.JPG,5285,4712,45,14,0.3111111111111111,2.9711375212224107,0.109375,0.125,0.2539993226528168,True,ok,0.060948199999984354
D2_111_nadir,aliked-lightglue-r1024-k8192,aliked,lightglue,1024,8192,284,100_0010_0023.JPG,100_0010_0045.JPG,5285,6150,2489,2276,0.9144234632382483,430.65279091769156,0.546875,0.5625,0.9223613142967224,False,ok,0.05878909999591997
D2_111_nadir,aliked-lightglue-r1024-k8192,aliked,lightglue,1024,8192,285,100_0010_0023.JPG,100_0010_0046.JPG,5285,5971,3147,2953,0.9383539879250079,558.7511825922422,0.65625,0.65625,0.9390636086463928,False,ok,0.06843559999833815
D2_111_nadir,aliked-lightglue-r1024-k8192,aliked,lightglue,1024,8192,286,100_0010_0023.JPG,100_0010_0047.JPG,5285,5136,3103,2942,0.9481147276828875,572.8193146417445,0.734375,0.75,0.937559962272644,False,ok,0.062155299994628876
D2_111_nadir,aliked-lightglue-r1024-k8192,aliked,lightglue,1024,8192,287,100_0010_0023.JPG,100_0010_0048.JPG,5285,4714,2291,2162,0.943692710606722,458.6338565973695,0.59375,0.5625,0.9405523538589478,False,ok,0.06593070000235457
D2_111_nadir,aliked-lightglue-r1024-k8192,aliked,lightglue,1024,8192,288,100_0010_0024.JPG,100_0010_0025.JPG,5986,6227,4458,4234,0.9497532525796322,707.3170731707318,0.875,0.875,0.9338855147361755,False,ok,0.6030647000006866
D2_111_nadir,aliked-lightglue-r1024-k8192,aliked,lightglue,1024,8192,289,100_0010_0024.JPG,100_0010_0026.JPG,5986,6466,3329,3055,0.9176930009011716,510.35750083528234,0.625,0.625,0.9338015913963318,False,ok,0.6086847999977181
D2_111_nadir,aliked-lightglue-r1024-k8192,aliked,lightglue,1024,8192,290,100_0010_0024.JPG,100_0010_0027.JPG,5986,6545,2207,1967,0.8912550974173086,328.60006682258603,0.5,0.5,0.9285241961479187,False,ok,0.6065040000030422
D2_111_nadir,aliked-lightglue-r1024-k8192,aliked,lightglue,1024,8192,291,100_0010_0024.JPG,100_0010_0028.JPG,5986,6250,1128,970,0.8599290780141844,162.04477113264284,0.265625,0.25,0.9041657447814941,False,ok,0.04169959999853745
D2_111_nadir,aliked-lightglue-r1024-k8192,aliked,lightglue,1024,8192,292,100_0010_0024.JPG,100_0010_0029.JPG,5986,5964,107,20,0.18691588785046728,3.35345405767941,0.203125,0.203125,0.25510653853416443,False,ok,0.05106540000269888
D2_111_nadir,aliked-lightglue-r1024-k8192,aliked,lightglue,1024,8192,293,100_0010_0024.JPG,100_0010_0030.JPG,5986,5495,66,16,0.24242424242424243,2.911737943585077,0.109375,0.125,0.24217160046100616,False,ok,0.07045540000399342
D2_111_nadir,aliked-lightglue-r1024-k8192,aliked,lightglue,1024,8192,294,100_0010_0024.JPG,100_0010_0031.JPG,5986,4712,49,13,0.2653061224489796,2.7589134125636674,0.125,0.125,0.23054493963718414,True,ok,0.15139240000280552
D2_111_nadir,aliked-lightglue-r1024-k8192,aliked,lightglue,1024,8192,295,100_0010_0024.JPG,100_0010_0032.JPG,5986,4071,60,11,0.18333333333333332,2.702038811102923,0.140625,0.109375,0.25382912158966064,True,ok,0.04596849999506958
D2_111_nadir,aliked-lightglue-r1024-k8192,aliked,lightglue,1024,8192,296,100_0010_0024.JPG,100_0010_0044.JPG,5986,6275,2538,2375,0.9357762017336485,396.75910457734716,0.546875,0.5625,0.9373735189437866,False,ok,0.9493696999998065
D2_111_nadir,aliked-lightglue-r1024-k8192,aliked,lightglue,1024,8192,297,100_0010_0024.JPG,100_0010_0045.JPG,5986,6150,3310,3102,0.9371601208459215,518.2091546942867,0.65625,0.65625,0.9366902709007263,False,ok,0.04357019999588374
D2_111_nadir,aliked-lightglue-r1024-k8192,aliked,lightglue,1024,8192,298,100_0010_0024.JPG,100_0010_0046.JPG,5986,5971,3605,3403,0.9439667128987518,569.9212862167141,0.75,0.75,0.9398872256278992,False,ok,0.08043519999773707
D2_111_nadir,aliked-lightglue-r1024-k8192,aliked,lightglue,1024,8192,299,100_0010_0024.JPG,100_0010_0047.JPG,5986,5136,2812,2658,0.9452347083926032,517.5233644859813,0.578125,0.5625,0.9371423125267029,False,ok,0.09482220000063535
D2_111_nadir,aliked-lightglue-r1024-k8192,aliked,lightglue,1024,8192,300,100_0010_0025.JPG,100_0010_0026.JPG,6227,6466,4635,4406,0.9505933117583603,707.5638349124779,0.875,0.875,0.938063383102417,False,ok,0.7134329000036814
D2_111_nadir,aliked-lightglue-r1024-k8192,aliked,lightglue,1024,8192,301,100_0010_0025.JPG,100_0010_0027.JPG,6227,6545,3380,3121,0.9233727810650888,501.2044323109041,0.625,0.625,0.933709442615509,False,ok,0.6289882000055513
D2_111_nadir,aliked-lightglue-r1024-k8192,aliked,lightglue,1024,8192,302,100_0010_0025.JPG,100_0010_0028.JPG,6227,6250,2211,1970,0.8909995477159657,316.36422033081743,0.5,0.5,0.9282220005989075,False,ok,0.8926694999972824
D2_111_nadir,aliked-lightglue-r1024-k8192,aliked,lightglue,1024,8192,303,100_0010_0025.JPG,100_0010_0029.JPG,6227,5964,1126,991,0.8801065719360568,166.16364855801476,0.25,0.25,0.9296023845672607,False,ok,0.03283450000162702
D2_111_nadir,aliked-lightglue-r1024-k8192,aliked,lightglue,1024,8192,304,100_0010_0025.JPG,100_0010_0030.JPG,6227,5495,99,20,0.20202020202020202,3.6396724294813465,0.125,0.109375,0.23029451072216034,False,ok,0.09529700000712182
D2_111_nadir,aliked-lightglue-r1024-k8192,aliked,lightglue,1024,8192,305,100_0010_0025.JPG,100_0010_0031.JPG,6227,4712,75,12,0.16,2.5466893039049237,0.15625,0.09375,0.2079232633113861,True,ok,0.055811599995649885
D2_111_nadir,aliked-lightglue-r1024-k8192,aliked,lightglue,1024,8192,306,100_0010_0025.JPG,100_0010_0032.JPG,6227,4071,47,11,0.23404255319148937,2.702038811102923,0.125,0.109375,0.19878360629081726,True,ok,0.03663869999581948
D2_111_nadir,aliked-lightglue-r1024-k8192,aliked,lightglue,1024,8192,307,100_0010_0025.JPG,100_0010_0033.JPG,6227,3610,39,11,0.28205128205128205,3.0470914127423825,0.140625,0.109375,0.2687440812587738,True,ok,0.055620200000703335
D2_111_nadir,aliked-lightglue-r1024-k8192,aliked,lightglue,1024,8192,308,100_0010_0025.JPG,100_0010_0043.JPG,6227,6422,2686,2556,0.9516008935219658,410.47053155612656,0.53125,0.5625,0.939899206161499,False,ok,0.957188699998369
D2_111_nadir,aliked-lightglue-r1024-k8192,aliked,lightglue,1024,8192,309,100_0010_0025.JPG,100_0010_0044.JPG,6227,6275,3447,3277,0.9506817522483318,526.25662437771,0.65625,0.65625,0.9424367547035217,False,ok,0.9331758000043919
D2_111_nadir,aliked-lightglue-r1024-k8192,aliked,lightglue,1024,8192,310,100_0010_0025.JPG,100_0010_0045.JPG,6227,6150,3704,3492,0.9427645788336934,567.8048780487804,0.75,0.75,0.9378055334091187,False,ok,0.8812670999977854
D2_111_nadir,aliked-lightglue-r1024-k8192,aliked,lightglue,1024,8192,311,100_0010_0025.JPG,100_0010_0046.JPG,6227,5971,2829,2653,0.9377872039589961,444.3141852286049,0.5625,0.5625,0.9332525134086609,False,ok,0.05250939999677939
D2_111_nadir,aliked-lightglue-r1024-k8192,aliked,lightglue,1024,8192,312,100_0010_0026.JPG,100_0010_0027.JPG,6466,6545,4700,4453,0.9474468085106383,688.6792452830189,0.875,0.875,0.9340715408325195,False,ok,0.887302399998589
D2_111_nadir,aliked-lightglue-r1024-k8192,aliked,lightglue,1024,8192,313,100_0010_0026.JPG,100_0010_0028.JPG,6466,6250,3392,3127,0.921875,500.32,0.625,0.625,0.9300259351730347,False,ok,0.9067416999969282
D2_111_nadir,aliked-lightglue-r1024-k8192,aliked,lightglue,1024,8192,314,100_0010_0026.JPG,100_0010_0029.JPG,6466,5964,2213,1985,0.8969724356077723,332.83031522468144,0.5,0.5,0.9233946800231934,False,ok,0.04206339999655029
D2_111_nadir,aliked-lightglue-r1024-k8192,aliked,lightglue,1024,8192,315,100_0010_0026.JPG,100_0010_0030.JPG,6466,5495,1151,1002,0.8705473501303215,182.34758871701547,0.25,0.25,0.9380989074707031,False,ok,0.044756700001016725
D2_111_nadir,aliked-lightglue-r1024-k8192,aliked,lightglue,1024,8192,316,100_0010_0026.JPG,100_0010_0031.JPG,6466,4712,45,12,0.26666666666666666,2.5466893039049237,0.09375,0.0625,0.26218733191490173,True,ok,0.09844790000352077
D2_111_nadir,aliked-lightglue-r1024-k8192,aliked,lightglue,1024,8192,317,100_0010_0026.JPG,100_0010_0032.JPG,6466,4071,55,12,0.21818181818181817,2.9476787030213707,0.171875,0.109375,0.20190083980560303,True,ok,0.05342910000035772
D2_111_nadir,aliked-lightglue-r1024-k8192,aliked,lightglue,1024,8192,318,100_0010_0026.JPG,100_0010_0033.JPG,6466,3610,42,11,0.2619047619047619,3.0470914127423825,0.140625,0.125,0.1828790158033371,True,ok,0.06500709999818355
D2_111_nadir,aliked-lightglue-r1024-k8192,aliked,lightglue,1024,8192,319,100_0010_0026.JPG,100_0010_0034.JPG,6466,3617,35,10,0.2857142857142857,2.764722145424385,0.125,0.109375,0.19078995287418365,True,ok,0.0718159999960335
D2_111_nadir,aliked-lightglue-r1024-k8192,aliked,lightglue,1024,8192,320,100_0010_0026.JPG,100_0010_0042.JPG,6466,6475,2683,2552,0.9511740588893031,394.67986390349523,0.484375,0.5625,0.9374105334281921,False,ok,1.209926399998949
D2_111_nadir,aliked-lightglue-r1024-k8192,aliked,lightglue,1024,8192,321,100_0010_0026.JPG,100_0010_0043.JPG,6466,6422,3593,3439,0.9571388811578069,535.5029585798817,0.625,0.65625,0.936230480670929,False,ok,1.213647199998377
D2_111_nadir,aliked-lightglue-r1024-k8192,aliked,lightglue,1024,8192,322,100_0010_0026.JPG,100_0010_0044.JPG,6466,6275,3909,3726,0.953184957789716,593.784860557769,0.75,0.75,0.9361727237701416,False,ok,0.9388177000000724
D2_111_nadir,aliked-lightglue-r1024-k8192,aliked,lightglue,1024,8192,323,100_0010_0026.JPG,100_0010_0045.JPG,6466,6150,2949,2810,0.9528653780942692,456.9105691056911,0.5625,0.5625,0.9356688857078552,False,ok,0.9117019000041182
D2_111_nadir,aliked-lightglue-r1024-k8192,aliked,lightglue,1024,8192,324,100_0010_0027.JPG,100_0010_0028.JPG,6545,6250,4759,4540,0.9539819289766758,726.4,0.875,0.875,0.9327901601791382,False,ok,0.9290459999974701
D2_111_nadir,aliked-lightglue-r1024-k8192,aliked,lightglue,1024,8192,325,100_0010_0027.JPG,100_0010_0029.JPG,6545,5964,3491,3223,0.9232311658550558,540.4091213950369,0.625,0.625,0.9262191653251648,False,ok,0.046138400000927504
D2_111_nadir,aliked-lightglue-r1024-k8192,aliked,lightglue,1024,8192,326,100_0010_0027.JPG,100_0010_0030.JPG,6545,5495,2271,2042,0.8991633641567591,371.6105550500455,0.5,0.5,0.9274680614471436,False,ok,0.08307909999712138
D2_111_nadir,aliked-lightglue-r1024-k8192,aliked,lightglue,1024,8192,327,100_0010_0027.JPG,100_0010_0031.JPG,6545,4712,1105,966,0.8742081447963801,205.00848896434636,0.25,0.25,0.908392608165741,False,ok,0.07943729999533389
D2_111_nadir,aliked-lightglue-r1024-k8192,aliked,lightglue,1024,8192,328,100_0010_0027.JPG,100_0010_0032.JPG,6545,4071,57,15,0.2631578947368421,3.6845983787767134,0.109375,0.125,0.21122987568378448,False,ok,0.08848379999835743
D2_111_nadir,aliked-lightglue-r1024-k8192,aliked,lightglue,1024,8192,329,100_0010_0027.JPG,100_0010_0033.JPG,6545,3610,25,10,0.4,2.770083102493075,0.125,0.078125,0.18279699981212616,True,ok,0.054519400000572205
D2_111_nadir,aliked-lightglue-r1024-k8192,aliked,lightglue,1024,8192,330,100_0010_0027.JPG,100_0010_0034.JPG,6545,3617,14,8,0.5714285714285714,2.211777716339508,0.109375,0.078125,0.16087821125984192,True,ok,0.06116170000314014
D2_111_nadir,aliked-lightglue-r1024-k8192,aliked,lightglue,1024,8192,331,100_0010_0027.JPG,100_0010_0035.JPG,6545,3618,36,10,0.2777777777777778,2.7639579878385847,0.140625,0.09375,0.20053152740001678,True,ok,0.06886549999762792
D2_111_nadir,aliked-lightglue-r1024-k8192,aliked,lightglue,1024,8192,332,100_0010_0027.JPG,100_0010_0041.JPG,6545,5863,2687,2531,0.941942687011537,431.69026095855367,0.484375,0.5625,0.9321030974388123,False,ok,0.06636820000130683
D2_111_nadir,aliked-lightglue-r1024-k8192,aliked,lightglue,1024,8192,333,100_0010_0027.JPG,100_0010_0042.JPG,6545,6475,3641,3492,0.9590771765998352,539.3050193050193,0.625,0.65625,0.9343163371086121,False,ok,1.235187300000689
D2_111_nadir,aliked-lightglue-r1024-k8192,aliked,lightglue,1024,8192,334,100_0010_0027.JPG,100_0010_0043.JPG,6545,6422,3922,3747,0.9553799082100969,583.4630956088446,0.71875,0.75,0.933937132358551,False,ok,1.1950690999947255
D2_111_nadir,aliked-lightglue-r1024-k8192,aliked,lightglue,1024,8192,335,100_0010_0027.JPG,100_0010_0044.JPG,6545,6275,3052,2910,0.953473132372215,463.7450199203187,0.5625,0.5625,0.932280421257019,False,ok,0.9742219999970985
D2_111_nadir,aliked-lightglue-r1024-k8192,aliked,lightglue,1024,8192,336,100_0010_0028.JPG,100_0010_0029.JPG,6250,5964,4536,4340,0.9567901234567902,727.6995305164319,0.875,0.875,0.9385327696800232,False,ok,0.04455539999617031
D2_111_nadir,aliked-lightglue-r1024-k8192,aliked,lightglue,1024,8192,337,100_0010_0028.JPG,100_0010_0030.JPG,6250,5495,3167,2921,0.9223239658983264,531.5741583257507,0.625,0.625,0.9367378354072571,False,ok,0.10615169999800855
D2_111_nadir,aliked-lightglue-r1024-k8192,aliked,lightglue,1024,8192,338,100_0010_0028.JPG,100_0010_0031.JPG,6250,4712,1908,1709,0.8957023060796646,362.69100169779284,0.5,0.421875,0.9296362996101379,False,ok,0.07809959999576677
D2_111_nadir,aliked-lightglue-r1024-k8192,aliked,lightglue,1024,8192,339,100_0010_0028.JPG,100_0010_0032.JPG,6250,4071,723,631,0.8727524204702628,154.9987718005404,0.25,0.25,0.9242584705352783,False,ok,0.0734325000012177
D2_111_nadir,aliked-lightglue-r1024-k8192,aliked,lightglue,1024,8192,340,100_0010_0028.JPG,100_0010_0033.JPG,6250,3610,55,14,0.2545454545454545,3.8781163434903045,0.140625,0.125,0.2051672637462616,True,ok,0.10505480000574607
D2_111_nadir,aliked-lightglue-r1024-k8192,aliked,lightglue,1024,8192,341,100_0010_0028.JPG,100_0010_0034.JPG,6250,3617,56,12,0.21428571428571427,3.317666574509262,0.125,0.109375,0.1872069388628006,True,ok,0.05084029999852646
D2_111_nadir,aliked-lightglue-r1024-k8192,aliked,lightglue,1024,8192,342,100_0010_0028.JPG,100_0010_0035.JPG,6250,3618,45,12,0.26666666666666666,3.316749585406302,0.125,0.109375,0.20336970686912537,True,ok,0.07982100000663195
D2_111_nadir,aliked-lightglue-r1024-k8192,aliked,lightglue,1024,8192,343,100_0010_0028.JPG,100_0010_0036.JPG,6250,3458,20,9,0.45,2.6026604973973395,0.09375,0.09375,0.2500864863395691,True,ok,0.051466099997924175
D2_111_nadir,aliked-lightglue-r1024-k8192,aliked,lightglue,1024,8192,344,100_0010_0028.JPG,100_0010_0040.JPG,6250,5550,2414,2282,0.9453189726594863,411.1711711711712,0.484375,0.515625,0.9467563033103943,False,ok,0.07877680000092369
D2_111_nadir,aliked-lightglue-r1024-k8192,aliked,lightglue,1024,8192,345,100_0010_0028.JPG,100_0010_0041.JPG,6250,5863,3340,3199,0.9577844311377246,545.6251066007163,0.609375,0.65625,0.9436041116714478,False,ok,0.08710680000513094
D2_111_nadir,aliked-lightglue-r1024-k8192,aliked,lightglue,1024,8192,346,100_0010_0028.JPG,100_0010_0042.JPG,6250,6475,3845,3676,0.9560468140442132,588.16,0.734375,0.75,0.937290608882904,False,ok,0.9529784999976982
D2_111_nadir,aliked-lightglue-r1024-k8192,aliked,lightglue,1024,8192,347,100_0010_0028.JPG,100_0010_0043.JPG,6250,6422,2980,2859,0.9593959731543624,457.44,0.5625,0.5625,0.933424174785614,False,ok,0.8760855000000447
D2_111_nadir,aliked-lightglue-r1024-k8192,aliked,lightglue,1024,8192,348,100_0010_0029.JPG,100_0010_0030.JPG,5964,5495,4125,3852,0.9338181818181818,701.0009099181074,0.875,0.875,0.9261180758476257,False,ok,0.037248500004352536
D2_111_nadir,aliked-lightglue-r1024-k8192,aliked,lightglue,1024,8192,349,100_0010_0029.JPG,100_0010_0031.JPG,5964,4712,2642,2352,0.8902346707040121,499.151103565365,0.625,0.609375,0.9066031575202942,False,ok,0.04763990000355989
D2_111_nadir,aliked-lightglue-r1024-k8192,aliked,lightglue,1024,8192,350,100_0010_0029.JPG,100_0010_0032.JPG,5964,4071,1391,1123,0.807332854061826,275.8535986244166,0.5,0.46875,0.9146069288253784,False,ok,0.05121230000077048
D2_111_nadir,aliked-lightglue-r1024-k8192,aliked,lightglue,1024,8192,351,100_0010_0029.JPG,100_0010_0033.JPG,5964,3610,506,361,0.7134387351778656,100.0,0.1875,0.203125,0.8387157917022705,False,ok,0.0670421000031638
D2_111_nadir,aliked-lightglue-r1024-k8192,aliked,lightglue,1024,8192,352,100_0010_0029.JPG,100_0010_0034.JPG,5964,3617,502,317,0.6314741035856574,87.641692009953,0.203125,0.21875,0.8313949108123779,False,ok,0.05733219999819994
D2_111_nadir,aliked-lightglue-r1024-k8192,aliked,lightglue,1024,8192,353,100_0010_0029.JPG,100_0010_0035.JPG,5964,3618,414,294,0.7101449275362319,81.2603648424544,0.171875,0.171875,0.8605766892433167,False,ok,0.05419560000154888
D2_111_nadir,aliked-lightglue-r1024-k8192,aliked,lightglue,1024,8192,354,100_0010_0029.JPG,100_0010_0036.JPG,5964,3458,327,224,0.6850152905198776,64.77732793522267,0.109375,0.140625,0.8609201312065125,False,ok,0.06499230000190437
D2_111_nadir,aliked-lightglue-r1024-k8192,aliked,lightglue,1024,8192,355,100_0010_0029.JPG,100_0010_0037.JPG,5964,3415,333,224,0.6726726726726727,65.59297218155197,0.125,0.125,0.8065112233161926,False,ok,0.05547080000542337
D2_111_nadir,aliked-lightglue-r1024-k8192,aliked,lightglue,1024,8192,356,100_0010_0029.JPG,100_0010_0039.JPG,5964,4777,2064,1921,0.9307170542635659,402.135231316726,0.46875,0.53125,0.9258823394775391,False,ok,0.07992940000258386
D2_111_nadir,aliked-lightglue-r1024-k8192,aliked,lightglue,1024,8192,357,100_0010_0029.JPG,100_0010_0040.JPG,5964,5550,3011,2866,0.9518432414480239,516.3963963963964,0.5625,0.640625,0.9356909394264221,False,ok,0.08755199999723118
D2_111_nadir,aliked-lightglue-r1024-k8192,aliked,lightglue,1024,8192,358,100_0010_0029.JPG,100_0010_0041.JPG,5964,5863,3425,3278,0.9570802919708029,559.0994371482176,0.703125,0.75,0.9327717423439026,False,ok,0.07130120000510942
D2_111_nadir,aliked-lightglue-r1024-k8192,aliked,lightglue,1024,8192,359,100_0010_0029.JPG,100_0010_0042.JPG,5964,6475,3003,2844,0.9470529470529471,476.86116700201205,0.546875,0.5625,0.9333910942077637,False,ok,0.08613770000374643
D2_111_nadir,aliked-lightglue-r1024-k8192,aliked,lightglue,1024,8192,360,100_0010_0030.JPG,100_0010_0031.JPG,5495,4712,3569,3276,0.9179041748388904,695.2461799660441,0.875,0.828125,0.9245874285697937,False,ok,0.0667230000035488
D2_111_nadir,aliked-lightglue-r1024-k8192,aliked,lightglue,1024,8192,361,100_0010_0030.JPG,100_0010_0032.JPG,5495,4071,2131,1797,0.8432660722665415,441.41488577745025,0.625,0.625,0.9329607486724854,False,ok,0.06624500000179978
D2_111_nadir,aliked-lightglue-r1024-k8192,aliked,lightglue,1024,8192,362,100_0010_0030.JPG,100_0010_0033.JPG,5495,3610,1135,895,0.788546255506608,247.9224376731302,0.421875,0.46875,0.9052334427833557,False,ok,0.03941090000444092
D2_111_nadir,aliked-lightglue-r1024-k8192,aliked,lightglue,1024,8192,363,100_0010_0030.JPG,100_0010_0034.JPG,5495,3617,1128,872,0.7730496453900709,241.08377108100635,0.421875,0.453125,0.8989192843437195,False,ok,0.037309500003175344
D2_111_nadir,aliked-lightglue-r1024-k8192,aliked,lightglue,1024,8192,364,100_0010_0030.JPG,100_0010_0035.JPG,5495,3618,963,759,0.7881619937694704,209.7844112769486,0.34375,0.40625,0.8785592317581177,False,ok,0.048696099998778664
D2_111_nadir,aliked-lightglue-r1024-k8192,aliked,lightglue,1024,8192,365,100_0010_0030.JPG,100_0010_0036.JPG,5495,3458,809,625,0.7725587144622992,180.7403123192597,0.265625,0.34375,0.8869842886924744,False,ok,0.04274949999671662
D2_111_nadir,aliked-lightglue-r1024-k8192,aliked,lightglue,1024,8192,366,100_0010_0030.JPG,100_0010_0037.JPG,5495,3415,814,621,0.7628992628992629,181.84480234260616,0.265625,0.328125,0.8892145752906799,False,ok,0.047164299998257775
D2_111_nadir,aliked-lightglue-r1024-k8192,aliked,lightglue,1024,8192,367,100_0010_0030.JPG,100_0010_0038.JPG,5495,4271,1730,1545,0.8930635838150289,361.7419808007492,0.484375,0.546875,0.9223631620407104,False,ok,0.050940400004037656
D2_111_nadir,aliked-lightglue-r1024-k8192,aliked,lightglue,1024,8192,368,100_0010_0030.JPG,100_0010_0039.JPG,5495,4777,2704,2544,0.9408284023668639,532.5518107598912,0.578125,0.65625,0.9301429390907288,False,ok,0.057505199998558965
D2_111_nadir,aliked-lightglue-r1024-k8192,aliked,lightglue,1024,8192,369,100_0010_0030.JPG,100_0010_0040.JPG,5495,5550,3164,3003,0.9491150442477876,546.4968152866242,0.65625,0.75,0.9287437796592712,False,ok,0.0632261999999173
D2_111_nadir,aliked-lightglue-r1024-k8192,aliked,lightglue,1024,8192,370,100_0010_0030.JPG,100_0010_0041.JPG,5495,5863,2484,2340,0.9420289855072463,425.8416742493176,0.53125,0.5625,0.9283038377761841,False,ok,0.05651709999801824
D2_111_nadir,aliked-lightglue-r1024-k8192,aliked,lightglue,1024,8192,371,100_0010_0031.JPG,100_0010_0032.JPG,4712,4071,2760,2461,0.8916666666666667,604.5197740112994,0.875,0.875,0.9224334359169006,False,ok,0.04976860000169836
D2_111_nadir,aliked-lightglue-r1024-k8192,aliked,lightglue,1024,8192,372,100_0010_0031.JPG,100_0010_0033.JPG,4712,3610,1682,1377,0.8186682520808561,381.4404432132964,0.625,0.625,0.9172626733779907,False,ok,0.051954800001112744
D2_111_nadir,aliked-lightglue-r1024-k8192,aliked,lightglue,1024,8192,373,100_0010_0031.JPG,100_0010_0034.JPG,4712,3617,1656,1368,0.8260869565217391,378.21398949405585,0.625,0.625,0.9160953760147095,False,ok,0.04564100000425242
D2_111_nadir,aliked-lightglue-r1024-k8192,aliked,lightglue,1024,8192,374,100_0010_0031.JPG,100_0010_0035.JPG,4712,3618,1450,1210,0.8344827586206897,334.4389165284688,0.546875,0.546875,0.921617865562439,False,ok,0.05910310000035679
D2_111_nadir,aliked-lightglue-r1024-k8192,aliked,lightglue,1024,8192,375,100_0010_0031.JPG,100_0010_0036.JPG,4712,3458,1229,1000,0.8136696501220505,289.1844997108155,0.4375,0.46875,0.9142589569091797,False,ok,0.04223739999724785
D2_111_nadir,aliked-lightglue-r1024-k8192,aliked,lightglue,1024,8192,376,100_0010_0031.JPG,100_0010_0037.JPG,4712,3415,1226,994,0.8107667210440457,291.0688140556369,0.4375,0.53125,0.9109355807304382,False,ok,0.03620300000329735
D2_111_nadir,aliked-lightglue-r1024-k8192,aliked,lightglue,1024,8192,377,100_0010_0031.JPG,100_0010_0038.JPG,4712,4271,2129,1949,0.9154532644434007,456.33341137906814,0.59375,0.65625,0.914566695690155,False,ok,0.04484000000229571
D2_111_nadir,aliked-lightglue-r1024-k8192,aliked,lightglue,1024,8192,378,100_0010_0031.JPG,100_0010_0039.JPG,4712,4777,2652,2504,0.9441930618401206,531.409168081494,0.6875,0.75,0.9270089268684387,False,ok,0.05067640000197571
D2_111_nadir,aliked-lightglue-r1024-k8192,aliked,lightglue,1024,8192,379,100_0010_0031.JPG,100_0010_0040.JPG,4712,5550,2203,2045,0.9282796187017703,433.99830220713073,0.53125,0.5625,0.9204203486442566,False,ok,0.05760000000009313
D2_111_nadir,aliked-lightglue-r1024-k8192,aliked,lightglue,1024,8192,380,100_0010_0032.JPG,100_0010_0033.JPG,4071,3610,2450,2088,0.8522448979591837,578.393351800554,0.859375,0.84375,0.9294695854187012,False,ok,0.05242069999803789
D2_111_nadir,aliked-lightglue-r1024-k8192,aliked,lightglue,1024,8192,381,100_0010_0032.JPG,100_0010_0034.JPG,4071,3617,2401,2027,0.844231570179092,560.4091788775228,0.84375,0.828125,0.9291536808013916,False,ok,0.04118500000186032
D2_111_nadir,aliked-lightglue-r1024-k8192,aliked,lightglue,1024,8192,382,100_0010_0032.JPG,100_0010_0035.JPG,4071,3618,1994,1728,0.8665997993981945,477.6119402985075,0.734375,0.734375,0.9218088984489441,False,ok,0.039032200002111495
D2_111_nadir,aliked-lightglue-r1024-k8192,aliked,lightglue,1024,8192,383,100_0010_0032.JPG,100_0010_0036.JPG,4071,3458,1606,1398,0.8704856787048568,404.2799305957201,0.59375,0.609375,0.9225350618362427,False,ok,0.04636919999757083
D2_111_nadir,aliked-lightglue-r1024-k8192,aliked,lightglue,1024,8192,384,100_0010_0032.JPG,100_0010_0037.JPG,4071,3415,1573,1368,0.8696757787666879,400.5856515373353,0.59375,0.609375,0.9280394315719604,False,ok,0.052578599999833386
D2_111_nadir,aliked-lightglue-r1024-k8192,aliked,lightglue,1024,8192,385,100_0010_0032.JPG,100_0010_0038.JPG,4071,4271,2203,1982,0.899682251475261,486.85826578236305,0.703125,0.75,0.9226953983306885,False,ok,0.04374950000055833
D2_111_nadir,aliked-lightglue-r1024-k8192,aliked,lightglue,1024,8192,386,100_0010_0032.JPG,100_0010_0039.JPG,4071,4777,1668,1513,0.907074340527578,371.65315647261116,0.546875,0.5625,0.9234207272529602,False,ok,0.046172000002115965
D2_111_nadir,aliked-lightglue-r1024-k8192,aliked,lightglue,1024,8192,387,100_0010_0032.JPG,100_0010_0040.JPG,4071,5550,1239,1100,0.8878127522195319,270.2038811102923,0.4375,0.46875,0.902929961681366,False,ok,0.051006299996515736
D2_111_nadir,aliked-lightglue-r1024-k8192,aliked,lightglue,1024,8192,388,100_0010_0033.JPG,100_0010_0034.JPG,3610,3617,3231,3143,0.9727638502011761,870.6371191135734,1.0,1.0,0.9380418062210083,False,ok,0.033368799995514564
D2_111_nadir,aliked-lightglue-r1024-k8192,aliked,lightglue,1024,8192,389,100_0010_0033.JPG,100_0010_0035.JPG,3610,3618,2510,2257,0.899203187250996,625.207756232687,0.859375,0.84375,0.8867000937461853,False,ok,0.03709710000111954
D2_111_nadir,aliked-lightglue-r1024-k8192,aliked,lightglue,1024,8192,390,100_0010_0033.JPG,100_0010_0036.JPG,3610,3458,1915,1647,0.8600522193211488,476.2868710237131,0.640625,0.640625,0.914249062538147,False,ok,0.038921200000913814
D2_111_nadir,aliked-lightglue-r1024-k8192,aliked,lightglue,1024,8192,391,100_0010_0033.JPG,100_0010_0037.JPG,3610,3415,1877,1673,0.8913159296750133,489.89751098096633,0.703125,0.703125,0.9122840762138367,False,ok,0.039973899998585694
D2_111_nadir,aliked-lightglue-r1024-k8192,aliked,lightglue,1024,8192,392,100_0010_0033.JPG,100_0010_0038.JPG,3610,4271,1535,1325,0.8631921824104235,367.0360110803324,0.578125,0.59375,0.9152178168296814,False,ok,0.044587299998966046
D2_111_nadir,aliked-lightglue-r1024-k8192,aliked,lightglue,1024,8192,393,100_0010_0033.JPG,100_0010_0039.JPG,3610,4777,1099,884,0.8043676069153776,244.8753462603878,0.453125,0.421875,0.9159585237503052,False,ok,0.03826550000667339
D2_111_nadir,aliked-lightglue-r1024-k8192,aliked,lightglue,1024,8192,394,100_0010_0033.JPG,100_0010_0040.JPG,3610,5550,711,554,0.7791842475386779,153.46260387811634,0.28125,0.28125,0.8898902535438538,False,ok,0.04538250000041444
D2_111_nadir,aliked-lightglue-r1024-k8192,aliked,lightglue,1024,8192,395,100_0010_0033.JPG,100_0010_0041.JPG,3610,5863,163,98,0.6012269938650306,27.14681440443213,0.140625,0.125,0.7248572707176208,False,ok,0.06871749999845633
D2_111_nadir,aliked-lightglue-r1024-k8192,aliked,lightglue,1024,8192,396,100_0010_0034.JPG,100_0010_0035.JPG,3617,3618,2585,2355,0.9110251450676983,651.0920652474426,0.875,0.875,0.8931924104690552,False,ok,0.04090260000521084
D2_111_nadir,aliked-lightglue-r1024-k8192,aliked,lightglue,1024,8192,397,100_0010_0034.JPG,100_0010_0036.JPG,3617,3458,1987,1751,0.8812279818822345,506.36205899363796,0.734375,0.703125,0.9138460159301758,False,ok,0.04473130000405945
D2_111_nadir,aliked-lightglue-r1024-k8192,aliked,lightglue,1024,8192,398,100_0010_0034.JPG,100_0010_0037.JPG,3617,3415,1936,1721,0.8889462809917356,503.9531478770132,0.71875,0.71875,0.9120906591415405,False,ok,0.04342419999738922
D2_111_nadir,aliked-lightglue-r1024-k8192,aliked,lightglue,1024,8192,399,100_0010_0034.JPG,100_0010_0038.JPG,3617,4271,1549,1332,0.8599096191091027,368.26098977052806,0.59375,0.59375,0.9205639958381653,False,ok,0.04110180000134278
D2_111_nadir,aliked-lightglue-r1024-k8192,aliked,lightglue,1024,8192,400,100_0010_0034.JPG,100_0010_0039.JPG,3617,4777,1113,903,0.8113207547169812,249.65440973182194,0.46875,0.421875,0.9163382053375244,False,ok,0.036382600002980325
D2_111_nadir,aliked-lightglue-r1024-k8192,aliked,lightglue,1024,8192,401,100_0010_0034.JPG,100_0010_0040.JPG,3617,5550,723,556,0.7690179806362379,153.7185512855958,0.28125,0.28125,0.8814388513565063,False,ok,0.04213560000061989
D2_111_nadir,aliked-lightglue-r1024-k8192,aliked,lightglue,1024,8192,402,100_0010_0034.JPG,100_0010_0041.JPG,3617,5863,163,107,0.656441717791411,29.58252695604092,0.15625,0.125,0.7046590447425842,False,ok,0.0614038999992772
D2_111_nadir,aliked-lightglue-r1024-k8192,aliked,lightglue,1024,8192,403,100_0010_0034.JPG,100_0010_0042.JPG,3617,6475,35,9,0.2571428571428571,2.4882499308819463,0.0625,0.125,0.20892292261123657,True,ok,0.05319429999508429
D2_111_nadir,aliked-lightglue-r1024-k8192,aliked,lightglue,1024,8192,404,100_0010_0035.JPG,100_0010_0036.JPG,3618,3458,2495,2312,0.9266533066132264,668.5945633314054,0.890625,0.859375,0.9016190767288208,False,ok,0.029492100002244115
D2_111_nadir,aliked-lightglue-r1024-k8192,aliked,lightglue,1024,8192,405,100_0010_0035.JPG,100_0010_0037.JPG,3618,3415,2404,2221,0.9238768718801996,650.3660322108345,0.84375,0.875,0.9020802974700928,False,ok,0.031771699999808334
D2_111_nadir,aliked-lightglue-r1024-k8192,aliked,lightglue,1024,8192,406,100_0010_0035.JPG,100_0010_0038.JPG,3618,4271,1911,1627,0.8513867085295657,449.69596462133774,0.703125,0.671875,0.9213287234306335,False,ok,0.0320242000016151
D2_111_nadir,aliked-lightglue-r1024-k8192,aliked,lightglue,1024,8192,407,100_0010_0035.JPG,100_0010_0039.JPG,3618,4777,1264,993,0.7856012658227848,274.4610281923715,0.546875,0.515625,0.919955849647522,False,ok,0.03648310000426136
D2_111_nadir,aliked-lightglue-r1024-k8192,aliked,lightglue,1024,8192,408,100_0010_0035.JPG,100_0010_0040.JPG,3618,5550,811,600,0.7398273736128237,165.8374792703151,0.3125,0.3125,0.8823886513710022,False,ok,0.04507890000240877
D2_111_nadir,aliked-lightglue-r1024-k8192,aliked,lightglue,1024,8192,409,100_0010_0035.JPG,100_0010_0041.JPG,3618,5863,170,113,0.6647058823529411,31.232725262576007,0.1875,0.140625,0.7354571223258972,False,ok,0.05444809999607969
D2_111_nadir,aliked-lightglue-r1024-k8192,aliked,lightglue,1024,8192,410,100_0010_0035.JPG,100_0010_0042.JPG,3618,6475,26,9,0.34615384615384615,2.487562189054726,0.09375,0.140625,0.18565058708190918,True,ok,0.05238989999634214
D2_111_nadir,aliked-lightglue-r1024-k8192,aliked,lightglue,1024,8192,411,100_0010_0035.JPG,100_0010_0043.JPG,3618,6422,34,10,0.29411764705882354,2.7639579878385847,0.125,0.109375,0.18778683245182037,True,ok,0.03962129999854369
D2_111_nadir,aliked-lightglue-r1024-k8192,aliked,lightglue,1024,8192,412,100_0010_0035.JPG,100_0010_0067.JPG,3618,3763,995,817,0.821105527638191,225.8153676064124,0.484375,0.5,0.8692388534545898,False,ok,0.039139299995440524
D2_111_nadir,aliked-lightglue-r1024-k8192,aliked,lightglue,1024,8192,413,100_0010_0035.JPG,100_0010_0068.JPG,3618,3378,1071,894,0.834733893557423,264.65364120781527,0.546875,0.578125,0.8810481429100037,False,ok,0.04173370000353316
D2_111_nadir,aliked-lightglue-r1024-k8192,aliked,lightglue,1024,8192,414,100_0010_0036.JPG,100_0010_0037.JPG,3458,3415,3045,2944,0.9668308702791462,862.0790629575403,1.0,1.0,0.9261612892150879,False,ok,0.031120799998461735
D2_111_nadir,aliked-lightglue-r1024-k8192,aliked,lightglue,1024,8192,415,100_0010_0036.JPG,100_0010_0038.JPG,3458,4271,2241,1898,0.8469433288710397,548.8721804511279,0.796875,0.78125,0.9343472123146057,False,ok,0.04053769999882206
D2_111_nadir,aliked-lightglue-r1024-k8192,aliked,lightglue,1024,8192,416,100_0010_0036.JPG,100_0010_0039.JPG,3458,4777,1505,1193,0.7926910299003322,344.9971081550029,0.625,0.578125,0.9265103340148926,False,ok,0.037813099996128585
D2_111_nadir,aliked-lightglue-r1024-k8192,aliked,lightglue,1024,8192,417,100_0010_0036.JPG,100_0010_0040.JPG,3458,5550,940,696,0.7404255319148936,201.27241179872757,0.359375,0.359375,0.8985813856124878,False,ok,0.0393744000029983
D2_111_nadir,aliked-lightglue-r1024-k8192,aliked,lightglue,1024,8192,418,100_0010_0036.JPG,100_0010_0041.JPG,3458,5863,235,150,0.6382978723404256,43.37767495662232,0.21875,0.171875,0.733367383480072,False,ok,0.05165649999980815
D2_111_nadir,aliked-lightglue-r1024-k8192,aliked,lightglue,1024,8192,419,100_0010_0036.JPG,100_0010_0042.JPG,3458,6475,14,8,0.5714285714285714,2.313475997686524,0.0625,0.109375,0.15025965869426727,True,ok,0.07107829999586102
D2_111_nadir,aliked-lightglue-r1024-k8192,aliked,lightglue,1024,8192,420,100_0010_0036.JPG,100_0010_0043.JPG,3458,6422,19,9,0.47368421052631576,2.6026604973973395,0.125,0.140625,0.21710531413555145,True,ok,0.06939129999955185
D2_111_nadir,aliked-lightglue-r1024-k8192,aliked,lightglue,1024,8192,421,100_0010_0036.JPG,100_0010_0044.JPG,3458,6275,38,10,0.2631578947368421,2.891844997108155,0.125,0.125,0.1781718134880066,True,ok,0.051371599998674355
D2_111_nadir,aliked-lightglue-r1024-k8192,aliked,lightglue,1024,8192,422,100_0010_0036.JPG,100_0010_0066.JPG,3458,4516,1164,973,0.8359106529209622,281.37651821862346,0.5625,0.46875,0.9165332913398743,False,ok,0.041028100000403356
D2_111_nadir,aliked-lightglue-r1024-k8192,aliked,lightglue,1024,8192,423,100_0010_0036.JPG,100_0010_0067.JPG,3458,3763,1412,1171,0.8293201133144475,338.635049161365,0.59375,0.609375,0.8907768130302429,False,ok,0.04055320000043139
D2_111_nadir,aliked-lightglue-r1024-k8192,aliked,lightglue,1024,8192,424,100_0010_0036.JPG,100_0010_0068.JPG,3458,3378,1540,1332,0.8649350649350649,394.31616341030195,0.703125,0.734375,0.8915064334869385,False,ok,0.04100020000623772
D2_111_nadir,aliked-lightglue-r1024-k8192,aliked,lightglue,1024,8192,425,100_0010_0037.JPG,100_0010_0038.JPG,3415,4271,2257,1914,0.8480283562250776,560.4685212298682,0.78125,0.796875,0.9157863259315491,False,ok,0.03634590000001481
D2_111_nadir,aliked-lightglue-r1024-k8192,aliked,lightglue,1024,8192,426,100_0010_0037.JPG,100_0010_0039.JPG,3415,4777,1530,1229,0.8032679738562092,359.88286969253295,0.625,0.578125,0.9244100451469421,False,ok,0.033213599999726284
D2_111_nadir,aliked-lightglue-r1024-k8192,aliked,lightglue,1024,8192,427,100_0010_0037.JPG,100_0010_0040.JPG,3415,5550,972,715,0.73559670781893,209.37042459736458,0.375,0.359375,0.8873142600059509,False,ok,0.042305700000724755
D2_111_nadir,aliked-lightglue-r1024-k8192,aliked,lightglue,1024,8192,428,100_0010_0037.JPG,100_0010_0041.JPG,3415,5863,244,151,0.6188524590163934,44.21669106881406,0.21875,0.171875,0.7552812695503235,False,ok,0.05290160000004107
D2_111_nadir,aliked-lightglue-r1024-k8192,aliked,lightglue,1024,8192,429,100_0010_0037.JPG,100_0010_0042.JPG,3415,6475,39,10,0.2564102564102564,2.9282576866764276,0.109375,0.140625,0.17744086682796478,True,ok,0.056119199995009694
D2_111_nadir,aliked-lightglue-r1024-k8192,aliked,lightglue,1024,8192,430,100_0010_0037.JPG,100_0010_0043.JPG,3415,6422,22,9,0.4090909090909091,2.6354319180087846,0.125,0.140625,0.2182663530111313,True,ok,0.05191510000440758
D2_111_nadir,aliked-lightglue-r1024-k8192,aliked,lightglue,1024,8192,431,100_0010_0037.JPG,100_0010_0044.JPG,3415,6275,16,9,0.5625,2.6354319180087846,0.109375,0.125,0.18853819370269775,True,ok,0.05239349999465048
D2_111_nadir,aliked-lightglue-r1024-k8192,aliked,lightglue,1024,8192,432,100_0010_0037.JPG,100_0010_0045.JPG,3415,6150,50,10,0.2,2.9282576866764276,0.0625,0.125,0.22099390625953674,True,ok,0.046933900004660245
D2_111_nadir,aliked-lightglue-r1024-k8192,aliked,lightglue,1024,8192,433,100_0010_0037.JPG,100_0010_0066.JPG,3415,4516,1232,1017,0.825487012987013,297.8038067349927,0.5625,0.484375,0.897650957107544,False,ok,0.02952480000385549
D2_111_nadir,aliked-lightglue-r1024-k8192,aliked,lightglue,1024,8192,434,100_0010_0037.JPG,100_0010_0067.JPG,3415,3763,1441,1246,0.864677307425399,364.8609077598829,0.609375,0.625,0.8925879597663879,False,ok,0.03653689999919152
D2_111_nadir,aliked-lightglue-r1024-k8192,aliked,lightglue,1024,8192,435,100_0010_0037.JPG,100_0010_0068.JPG,3415,3378,1590,1380,0.8679245283018868,408.52575488454704,0.671875,0.71875,0.8950150012969971,False,ok,0.04674510000040755
D2_111_nadir,aliked-lightglue-r1024-k8192,aliked,lightglue,1024,8192,436,100_0010_0038.JPG,100_0010_0039.JPG,4271,4777,2954,2666,0.9025050778605281,624.2097869351439,0.875,0.875,0.9360784888267517,False,ok,0.042446200000995304
D2_111_nadir,aliked-lightglue-r1024-k8192,aliked,lightglue,1024,8192,437,100_0010_0038.JPG,100_0010_0040.JPG,4271,5550,2252,1937,0.8601243339253997,453.52376492624677,0.625,0.625,0.9193107485771179,False,ok,0.046005500000319444
D2_111_nadir,aliked-lightglue-r1024-k8192,aliked,lightglue,1024,8192,438,100_0010_0038.JPG,100_0010_0041.JPG,4271,5863,1416,1213,0.856638418079096,284.00842893935845,0.46875,0.484375,0.909162700176239,False,ok,0.05005330000130925
D2_111_nadir,aliked-lightglue-r1024-k8192,aliked,lightglue,1024,8192,439,100_0010_0038.JPG,100_0010_0042.JPG,4271,6475,1072,925,0.8628731343283582,216.57691407164597,0.25,0.25,0.9196022748947144,False,ok,0.059398900004453026
D2_111_nadir,aliked-lightglue-r1024-k8192,aliked,lightglue,1024,8192,440,100_0010_0038.JPG,100_0010_0043.JPG,4271,6422,54,10,0.18518518518518517,2.3413720440177945,0.109375,0.125,0.18639138340950012,True,ok,0.05967009999585571
D2_111_nadir,aliked-lightglue-r1024-k8192,aliked,lightglue,1024,8192,441,100_0010_0038.JPG,100_0010_0044.JPG,4271,6275,33,10,0.30303030303030304,2.3413720440177945,0.109375,0.125,0.21559594571590424,True,ok,0.044964400003664196
D2_111_nadir,aliked-lightglue-r1024-k8192,aliked,lightglue,1024,8192,442,100_0010_0038.JPG,100_0010_0045.JPG,4271,6150,47,10,0.2127659574468085,2.3413720440177945,0.125,0.125,0.19461143016815186,True,ok,0.04311320000124397
D2_111_nadir,aliked-lightglue-r1024-k8192,aliked,lightglue,1024,8192,443,100_0010_0038.JPG,100_0010_0046.JPG,4271,5971,22,10,0.45454545454545453,2.3413720440177945,0.078125,0.078125,0.22550128400325775,True,ok,0.05090809999819612
D2_111_nadir,aliked-lightglue-r1024-k8192,aliked,lightglue,1024,8192,444,100_0010_0038.JPG,100_0010_0066.JPG,4271,4516,2143,1944,0.9071395240317313,455.16272535705923,0.71875,0.734375,0.8922671675682068,False,ok,0.03728219999902649
D2_111_nadir,aliked-lightglue-r1024-k8192,aliked,lightglue,1024,8192,445,100_0010_0038.JPG,100_0010_0067.JPG,4271,3763,1840,1594,0.866304347826087,423.5981929311719,0.75,0.6875,0.9153178334236145,False,ok,0.05074170000443701
D2_111_nadir,aliked-lightglue-r1024-k8192,aliked,lightglue,1024,8192,446,100_0010_0038.JPG,100_0010_0068.JPG,4271,3378,1299,1065,0.8198614318706697,315.2753108348135,0.625,0.59375,0.8910492062568665,False,ok,0.050626500000362284
D2_111_nadir,aliked-lightglue-r1024-k8192,aliked,lightglue,1024,8192,447,100_0010_0039.JPG,100_0010_0040.JPG,4777,5550,3673,3419,0.9308467193030221,715.721163910404,0.875,0.875,0.9277414679527283,False,ok,0.05580770000233315
D2_111_nadir,aliked-lightglue-r1024-k8192,aliked,lightglue,1024,8192,448,100_0010_0039.JPG,100_0010_0041.JPG,4777,5863,2663,2418,0.9079984979346601,506.1754239062173,0.625,0.625,0.9219939708709717,False,ok,0.05090090000157943
D2_111_nadir,aliked-lightglue-r1024-k8192,aliked,lightglue,1024,8192,449,100_0010_0039.JPG,100_0010_0042.JPG,4777,6475,2176,1931,0.8874080882352942,404.2285953527318,0.484375,0.484375,0.9272383451461792,False,ok,0.06364860000030603
D2_111_nadir,aliked-lightglue-r1024-k8192,aliked,lightglue,1024,8192,450,100_0010_0039.JPG,100_0010_0043.JPG,4777,6422,1107,973,0.8789521228545619,203.6843207033703,0.25,0.25,0.9009832143783569,False,ok,0.0636196999985259
D2_111_nadir,aliked-lightglue-r1024-k8192,aliked,lightglue,1024,8192,451,100_0010_0039.JPG,100_0010_0044.JPG,4777,6275,50,11,0.22,2.3027004396064474,0.125,0.140625,0.1923474669456482,True,ok,0.06114240000169957
D2_111_nadir,aliked-lightglue-r1024-k8192,aliked,lightglue,1024,8192,452,100_0010_0039.JPG,100_0010_0045.JPG,4777,6150,47,12,0.2553191489361702,2.5120368432070337,0.078125,0.078125,0.18198636174201965,True,ok,0.06661799999710638
D2_111_nadir,aliked-lightglue-r1024-k8192,aliked,lightglue,1024,8192,453,100_0010_0039.JPG,100_0010_0046.JPG,4777,5971,40,11,0.275,2.3027004396064474,0.109375,0.125,0.20421576499938965,True,ok,0.06828769999992801
D2_111_nadir,aliked-lightglue-r1024-k8192,aliked,lightglue,1024,8192,454,100_0010_0039.JPG,100_0010_0047.JPG,4777,5136,36,11,0.3055555555555556,2.3027004396064474,0.109375,0.15625,0.17781783640384674,True,ok,0.05110059999424266
D2_111_nadir,aliked-lightglue-r1024-k8192,aliked,lightglue,1024,8192,455,100_0010_0039.JPG,100_0010_0064.JPG,4777,5789,2049,1898,0.9263055148853099,397.3204940339125,0.5625,0.5625,0.8850768804550171,False,ok,0.04829590000008466
D2_111_nadir,aliked-lightglue-r1024-k8192,aliked,lightglue,1024,8192,456,100_0010_0039.JPG,100_0010_0065.JPG,4777,5166,2647,2481,0.9372874952776729,519.3636173330542,0.71875,0.734375,0.9047123193740845,False,ok,0.050829200001317076
D2_111_nadir,aliked-lightglue-r1024-k8192,aliked,lightglue,1024,8192,457,100_0010_0039.JPG,100_0010_0066.JPG,4777,4516,2412,2221,0.9208126036484245,491.806908768822,0.75,0.75,0.9035865068435669,False,ok,0.04753129999880912
D2_111_nadir,aliked-lightglue-r1024-k8192,aliked,lightglue,1024,8192,458,100_0010_0039.JPG,100_0010_0067.JPG,4777,3763,1372,1151,0.8389212827988338,305.8729736912038,0.5625,0.5625,0.9177804589271545,False,ok,0.04242560000420781
D2_111_nadir,aliked-lightglue-r1024-k8192,aliked,lightglue,1024,8192,459,100_0010_0039.JPG,100_0010_0068.JPG,4777,3378,854,624,0.7306791569086651,184.7246891651865,0.46875,0.46875,0.8846485018730164,False,ok,0.04295780000393279
D2_111_nadir,aliked-lightglue-r1024-k8192,aliked,lightglue,1024,8192,460,100_0010_0040.JPG,100_0010_0041.JPG,5550,5863,4049,3827,0.945171647320326,689.5495495495495,0.875,0.875,0.9337670207023621,False,ok,0.06634050000138814
D2_111_nadir,aliked-lightglue-r1024-k8192,aliked,lightglue,1024,8192,461,100_0010_0040.JPG,100_0010_0042.JPG,5550,6475,3346,3094,0.9246861924686193,557.4774774774775,0.625,0.625,0.9387387037277222,False,ok,0.07236460000422085
D2_111_nadir,aliked-lightglue-r1024-k8192,aliked,lightglue,1024,8192,462,100_0010_0040.JPG,100_0010_0043.JPG,5550,6422,2187,1988,0.909007773205304,358.1981981981982,0.5,0.5,0.9238303899765015,False,ok,0.06490299999859417
D2_111_nadir,aliked-lightglue-r1024-k8192,aliked,lightglue,1024,8192,463,100_0010_0040.JPG,100_0010_0044.JPG,5550,6275,1088,952,0.875,171.53153153153153,0.25,0.25,0.9170210361480713,False,ok,0.07791560000623576
D2_111_nadir,aliked-lightglue-r1024-k8192,aliked,lightglue,1024,8192,464,100_0010_0040.JPG,100_0010_0045.JPG,5550,6150,81,14,0.1728395061728395,2.5225225225225225,0.0625,0.109375,0.2315056174993515,True,ok,0.10449309999967227
D2_111_nadir,aliked-lightglue-r1024-k8192,aliked,lightglue,1024,8192,465,100_0010_0040.JPG,100_0010_0046.JPG,5550,5971,102,13,0.12745098039215685,2.3423423423423424,0.171875,0.1875,0.23259477317333221,True,ok,0.07089909999922384
D2_111_nadir,aliked-lightglue-r1024-k8192,aliked,lightglue,1024,8192,466,100_0010_0040.JPG,100_0010_0047.JPG,5550,5136,104,14,0.1346153846153846,2.7258566978193146,0.09375,0.109375,0.22497664391994476,True,ok,0.06346969999867724
D2_111_nadir,aliked-lightglue-r1024-k8192,aliked,lightglue,1024,8192,467,100_0010_0040.JPG,100_0010_0048.JPG,5550,4714,62,14,0.22580645161290322,2.9698769622401358,0.171875,0.125,0.23478855192661285,True,ok,0.06963600000017323
D2_111_nadir,aliked-lightglue-r1024-k8192,aliked,lightglue,1024,8192,468,100_0010_0040.JPG,100_0010_0063.JPG,5550,6066,2446,2337,0.955437448896157,421.0810810810811,0.5,0.5625,0.9049684405326843,False,ok,0.05647719999979017
D2_111_nadir,aliked-lightglue-r1024-k8192,aliked,lightglue,1024,8192,469,100_0010_0040.JPG,100_0010_0064.JPG,5550,5789,3000,2866,0.9553333333333334,516.3963963963964,0.703125,0.703125,0.903105616569519,False,ok,0.06712059999699704
D2_111_nadir,aliked-lightglue-r1024-k8192,aliked,lightglue,1024,8192,470,100_0010_0040.JPG,100_0010_0065.JPG,5550,5166,2995,2807,0.937228714524207,543.3604336043361,0.75,0.75,0.9082021713256836,False,ok,0.06488279999757651
D2_111_nadir,aliked-lightglue-r1024-k8192,aliked,lightglue,1024,8192,471,100_0010_0040.JPG,100_0010_0066.JPG,5550,4516,1965,1782,0.9068702290076336,394.5969884853853,0.546875,0.5625,0.9089704751968384,False,ok,0.04764499999873806
D2_111_nadir,aliked-lightglue-r1024-k8192,aliked,lightglue,1024,8192,472,100_0010_0041.JPG,100_0010_0042.JPG,5863,6475,4610,4385,0.9511930585683297,747.9106259594065,0.875,0.875,0.9386634230613708,False,ok,0.08104350000212435
D2_111_nadir,aliked-lightglue-r1024-k8192,aliked,lightglue,1024,8192,473,100_0010_0041.JPG,100_0010_0043.JPG,5863,6422,3309,3075,0.929283771532185,524.4755244755245,0.625,0.625,0.9363271594047546,False,ok,0.07296299999870826
D2_111_nadir,aliked-lightglue-r1024-k8192,aliked,lightglue,1024,8192,474,100_0010_0041.JPG,100_0010_0044.JPG,5863,6275,2131,1943,0.9117785077428437,331.4003070100631,0.5,0.5,0.9365715980529785,False,ok,0.08050969999749213
D2_111_nadir,aliked-lightglue-r1024-k8192,aliked,lightglue,1024,8192,475,100_0010_0041.JPG,100_0010_0045.JPG,5863,6150,1085,982,0.9050691244239631,167.49104553982602,0.25,0.25,0.9224158525466919,False,ok,0.0825494999953662
D2_111_nadir,aliked-lightglue-r1024-k8192,aliked,lightglue,1024,8192,476,100_0010_0041.JPG,100_0010_0046.JPG,5863,5971,119,13,0.1092436974789916,2.2172949002217295,0.171875,0.15625,0.19719554483890533,True,ok,0.0943531000011717
D2_111_nadir,aliked-lightglue-r1024-k8192,aliked,lightglue,1024,8192,477,100_0010_0041.JPG,100_0010_0047.JPG,5863,5136,68,13,0.19117647058823528,2.5311526479750777,0.140625,0.140625,0.21168763935565948,True,ok,0.08102189999772236
D2_111_nadir,aliked-lightglue-r1024-k8192,aliked,lightglue,1024,8192,478,100_0010_0041.JPG,100_0010_0048.JPG,5863,4714,54,13,0.24074074074074073,2.7577428935086976,0.140625,0.125,0.20877094566822052,True,ok,0.08104249999450985
D2_111_nadir,aliked-lightglue-r1024-k8192,aliked,lightglue,1024,8192,479,100_0010_0041.JPG,100_0010_0049.JPG,5863,4624,54,11,0.2037037037037037,2.378892733564014,0.109375,0.140625,0.2138546109199524,True,ok,0.05710289999842644
D2_111_nadir,aliked-lightglue-r1024-k8192,aliked,lightglue,1024,8192,480,100_0010_0041.JPG,100_0010_0062.JPG,5863,6437,2804,2680,0.9557774607703281,457.1038717380181,0.5625,0.5625,0.9147758483886719,False,ok,0.07535639999696286
D2_111_nadir,aliked-lightglue-r1024-k8192,aliked,lightglue,1024,8192,481,100_0010_0041.JPG,100_0010_0063.JPG,5863,6066,3411,3285,0.9630606860158312,560.2933651714139,0.6875,0.71875,0.9161396026611328,False,ok,0.07407209999655606
D2_111_nadir,aliked-lightglue-r1024-k8192,aliked,lightglue,1024,8192,482,100_0010_0041.JPG,100_0010_0064.JPG,5863,5789,3354,3194,0.9522957662492546,551.7360511314562,0.75,0.75,0.9112677574157715,False,ok,0.08298590000049444
D2_111_nadir,aliked-lightglue-r1024-k8192,aliked,lightglue,1024,8192,483,100_0010_0041.JPG,100_0010_0109.JPG,5863,5384,63,15,0.23809523809523808,2.7860326894502228,0.140625,0.09375,0.23580706119537354,False,ok,0.11833640000259038
D2_111_nadir,aliked-lightglue-r1024-k8192,aliked,lightglue,1024,8192,484,100_0010_0041.JPG,100_0010_0110.JPG,5863,5541,59,10,0.1694915254237288,1.8047283883775491,0.109375,0.109375,0.22790931165218353,True,ok,0.08284160000039265
D2_111_nadir,aliked-lightglue-r1024-k8192,aliked,lightglue,1024,8192,485,100_0010_0042.JPG,100_0010_0043.JPG,6475,6422,4647,4418,0.9507208952012051,687.9476798505139,0.875,0.875,0.9351990818977356,False,ok,1.2850744999959716
D2_111_nadir,aliked-lightglue-r1024-k8192,aliked,lightglue,1024,8192,486,100_0010_0042.JPG,100_0010_0044.JPG,6475,6275,3345,3113,0.930642750373692,496.0956175298805,0.625,0.625,0.9427763819694519,False,ok,0.9785349000012502
D2_111_nadir,aliked-lightglue-r1024-k8192,aliked,lightglue,1024,8192,487,100_0010_0042.JPG,100_0010_0045.JPG,6475,6150,2211,2022,0.9145183175033921,328.780487804878,0.5,0.5,0.9446272253990173,False,ok,0.9130883000034373
D2_111_nadir,aliked-lightglue-r1024-k8192,aliked,lightglue,1024,8192,488,100_0010_0042.JPG,100_0010_0046.JPG,6475,5971,1222,1074,0.8788870703764321,179.86936861497236,0.25,0.25,0.9280722141265869,False,ok,0.887054699996952
D2_111_nadir,aliked-lightglue-r1024-k8192,aliked,lightglue,1024,8192,489,100_0010_0042.JPG,100_0010_0047.JPG,6475,5136,88,14,0.1590909090909091,2.7258566978193146,0.125,0.125,0.22223927080631256,True,ok,0.09355990000040038
D2_111_nadir,aliked-lightglue-r1024-k8192,aliked,lightglue,1024,8192,490,100_0010_0042.JPG,100_0010_0048.JPG,6475,4714,61,12,0.19672131147540983,2.545608824777259,0.09375,0.109375,0.20258577167987823,True,ok,0.1276410999998916
D2_111_nadir,aliked-lightglue-r1024-k8192,aliked,lightglue,1024,8192,491,100_0010_0042.JPG,100_0010_0049.JPG,6475,4624,44,10,0.22727272727272727,2.162629757785467,0.140625,0.09375,0.21406660974025726,True,ok,0.08513260000472656
D2_111_nadir,aliked-lightglue-r1024-k8192,aliked,lightglue,1024,8192,492,100_0010_0042.JPG,100_0010_0050.JPG,6475,4652,54,10,0.18518518518518517,2.1496130696474633,0.09375,0.0625,0.22962352633476257,True,ok,0.06943569999566535
D2_111_nadir,aliked-lightglue-r1024-k8192,aliked,lightglue,1024,8192,493,100_0010_0042.JPG,100_0010_0062.JPG,6475,6437,3696,3568,0.9653679653679653,554.2954792605251,0.734375,0.75,0.9131657481193542,False,ok,1.006659499995294
D2_111_nadir,aliked-lightglue-r1024-k8192,aliked,lightglue,1024,8192,494,100_0010_0042.JPG,100_0010_0063.JPG,6475,6066,3775,3630,0.9615894039735099,598.4174085064293,0.75,0.75,0.9080774188041687,False,ok,0.4438174999959301
D2_111_nadir,aliked-lightglue-r1024-k8192,aliked,lightglue,1024,8192,495,100_0010_0042.JPG,100_0010_0109.JPG,6475,5384,371,311,0.8382749326145552,57.76374442793462,0.09375,0.09375,0.7914593815803528,False,ok,0.06126159999985248
D2_111_nadir,aliked-lightglue-r1024-k8192,aliked,lightglue,1024,8192,496,100_0010_0042.JPG,100_0010_0110.JPG,6475,5541,67,12,0.1791044776119403,2.165674066053059,0.125,0.15625,0.20952680706977844,True,ok,0.11383009999553906
D2_111_nadir,aliked-lightglue-r1024-k8192,aliked,lightglue,1024,8192,497,100_0010_0042.JPG,100_0010_0111.JPG,6475,5584,70,11,0.15714285714285714,1.9699140401146131,0.109375,0.09375,0.22364011406898499,True,ok,0.06532460000016727
D2_111_nadir,aliked-lightglue-r1024-k8192,aliked,lightglue,1024,8192,498,100_0010_0043.JPG,100_0010_0044.JPG,6422,6275,4633,4419,0.9538096265918411,704.2231075697212,0.875,0.875,0.9332101345062256,False,ok,1.0183564999970258
D2_111_nadir,aliked-lightglue-r1024-k8192,aliked,lightglue,1024,8192,499,100_0010_0043.JPG,100_0010_0045.JPG,6422,6150,3373,3170,0.9398161873702935,515.4471544715448,0.625,0.625,0.9374762773513794,False,ok,0.8915015000020503
D2_111_nadir,aliked-lightglue-r1024-k8192,aliked,lightglue,1024,8192,500,100_0010_0043.JPG,100_0010_0046.JPG,6422,5971,2302,2084,0.9052997393570807,349.02026461229275,0.5,0.5,0.9305497407913208,False,ok,0.8607747999994899
D2_111_nadir,aliked-lightglue-r1024-k8192,aliked,lightglue,1024,8192,501,100_0010_0043.JPG,100_0010_0047.JPG,6422,5136,1259,1095,0.8697378872120731,213.20093457943926,0.25,0.25,0.9265463352203369,False,ok,0.040999099997861777
D2_111_nadir,aliked-lightglue-r1024-k8192,aliked,lightglue,1024,8192,502,100_0010_0043.JPG,100_0010_0048.JPG,6422,4714,67,12,0.1791044776119403,2.545608824777259,0.140625,0.140625,0.23363636434078217,True,ok,0.1163689999957569
D2_111_nadir,aliked-lightglue-r1024-k8192,aliked,lightglue,1024,8192,503,100_0010_0043.JPG,100_0010_0049.JPG,6422,4624,72,10,0.1388888888888889,2.162629757785467,0.125,0.09375,0.21033065021038055,True,ok,0.05748139999923296
D2_111_nadir,aliked-lightglue-r1024-k8192,aliked,lightglue,1024,8192,504,100_0010_0043.JPG,100_0010_0050.JPG,6422,4652,63,11,0.1746031746031746,2.3645743766122096,0.125,0.109375,0.18773427605628967,True,ok,0.047517300001345575
D2_111_nadir,aliked-lightglue-r1024-k8192,aliked,lightglue,1024,8192,505,100_0010_0043.JPG,100_0010_0051.JPG,6422,4556,67,10,0.14925373134328357,2.194907813871817,0.125,0.125,0.1875530481338501,True,ok,0.04636700000264682
D2_111_nadir,aliked-lightglue-r1024-k8192,aliked,lightglue,1024,8192,506,100_0010_0043.JPG,100_0010_0060.JPG,6422,5921,2754,2665,0.9676833696441539,450.0928897145752,0.5625,0.5625,0.9221216440200806,False,ok,0.6037150999982259
D2_111_nadir,aliked-lightglue-r1024-k8192,aliked,lightglue,1024,8192,507,100_0010_0043.JPG,100_0010_0061.JPG,6422,6233,3664,3543,0.9669759825327511,568.4261190437992,0.734375,0.75,0.9124616980552673,False,ok,0.9341649999987567
D2_111_nadir,aliked-lightglue-r1024-k8192,aliked,lightglue,1024,8192,508,100_0010_0043.JPG,100_0010_0062.JPG,6422,6437,3800,3658,0.9626315789473684,569.6044845842416,0.75,0.75,0.901201069355011,False,ok,0.948329200000444
D2_111_nadir,aliked-lightglue-r1024-k8192,aliked,lightglue,1024,8192,509,100_0010_0043.JPG,100_0010_0109.JPG,6422,5384,1205,953,0.7908713692946058,177.00594353640417,0.3125,0.28125,0.9218136072158813,False,ok,0.03685810000024503
D2_111_nadir,aliked-lightglue-r1024-k8192,aliked,lightglue,1024,8192,510,100_0010_0043.JPG,100_0010_0110.JPG,6422,5541,670,524,0.7820895522388059,94.56776755098358,0.203125,0.203125,0.880251944065094,False,ok,0.10323219999554567
D2_111_nadir,aliked-lightglue-r1024-k8192,aliked,lightglue,1024,8192,511,100_0010_0043.JPG,100_0010_0111.JPG,6422,5584,98,12,0.12244897959183673,2.1489971346704873,0.125,0.125,0.2144835889339447,True,ok,0.10071849999803817
D2_111_nadir,aliked-lightglue-r1024-k8192,aliked,lightglue,1024,8192,512,100_0010_0044.JPG,100_0010_0045.JPG,6275,6150,4505,4319,0.9587125416204217,702.2764227642276,0.875,0.875,0.9384516477584839,False,ok,0.9303945999999996
D2_111_nadir,aliked-lightglue-r1024-k8192,aliked,lightglue,1024,8192,513,100_0010_0044.JPG,100_0010_0046.JPG,6275,5971,3293,3074,0.9334952930458549,514.8216379165968,0.625,0.625,0.935340166091919,False,ok,0.8105754999996861
D2_111_nadir,aliked-lightglue-r1024-k8192,aliked,lightglue,1024,8192,514,100_0010_0044.JPG,100_0010_0047.JPG,6275,5136,2208,1998,0.904891304347826,389.01869158878503,0.5,0.484375,0.9381670951843262,False,ok,0.04447789999539964
D2_111_nadir,aliked-lightglue-r1024-k8192,aliked,lightglue,1024,8192,515,100_0010_0044.JPG,100_0010_0048.JPG,6275,4714,1093,927,0.848124428179323,196.64828171404326,0.25,0.25,0.9463699460029602,False,ok,0.09211469999718247
D2_111_nadir,aliked-lightglue-r1024-k8192,aliked,lightglue,1024,8192,516,100_0010_0044.JPG,100_0010_0049.JPG,6275,4624,67,12,0.1791044776119403,2.5951557093425603,0.140625,0.109375,0.23139265179634094,True,ok,0.07307500000024447
D2_111_nadir,aliked-lightglue-r1024-k8192,aliked,lightglue,1024,8192,517,100_0010_0044.JPG,100_0010_0050.JPG,6275,4652,19,9,0.47368421052631576,1.934651762682717,0.125,0.125,0.17045682668685913,True,ok,0.08033870000508614
D2_111_nadir,aliked-lightglue-r1024-k8192,aliked,lightglue,1024,8192,518,100_0010_0044.JPG,100_0010_0051.JPG,6275,4556,56,10,0.17857142857142858,2.194907813871817,0.109375,0.109375,0.1792256087064743,True,ok,0.06935969999904046
D2_111_nadir,aliked-lightglue-r1024-k8192,aliked,lightglue,1024,8192,519,100_0010_0044.JPG,100_0010_0052.JPG,6275,4676,76,11,0.14473684210526316,2.352437981180496,0.140625,0.140625,0.2042912244796753,True,ok,0.0551469000056386
D2_111_nadir,aliked-lightglue-r1024-k8192,aliked,lightglue,1024,8192,520,100_0010_0044.JPG,100_0010_0059.JPG,6275,5798,2680,2580,0.9626865671641791,444.9810279406692,0.5625,0.5625,0.9038734436035156,False,ok,0.07584700000006706
D2_111_nadir,aliked-lightglue-r1024-k8192,aliked,lightglue,1024,8192,521,100_0010_0044.JPG,100_0010_0060.JPG,6275,5921,3511,3394,0.9666761606379949,573.2139841243034,0.71875,0.703125,0.9058574438095093,False,ok,0.09694689999741968
D2_111_nadir,aliked-lightglue-r1024-k8192,aliked,lightglue,1024,8192,522,100_0010_0044.JPG,100_0010_0061.JPG,6275,6233,3747,3611,0.96370429677075,579.3357933579335,0.75,0.75,0.9043983817100525,False,ok,0.9250389000007999
D2_111_nadir,aliked-lightglue-r1024-k8192,aliked,lightglue,1024,8192,523,100_0010_0044.JPG,100_0010_0110.JPG,6275,5541,1404,1111,0.7913105413105413,200.5053239487457,0.34375,0.328125,0.9301548004150391,False,ok,0.034948599997733254
D2_111_nadir,aliked-lightglue-r1024-k8192,aliked,lightglue,1024,8192,524,100_0010_0044.JPG,100_0010_0111.JPG,6275,5584,923,696,0.7540628385698809,124.64183381088826,0.25,0.234375,0.9094406962394714,False,ok,0.07547590000467608
D2_111_nadir,aliked-lightglue-r1024-k8192,aliked,lightglue,1024,8192,525,100_0010_0045.JPG,100_0010_0046.JPG,6150,5971,4475,4257,0.9512849162011173,712.9459052085078,0.875,0.875,0.9247018098831177,False,ok,0.11153270000068005
D2_111_nadir,aliked-lightglue-r1024-k8192,aliked,lightglue,1024,8192,526,100_0010_0045.JPG,100_0010_0047.JPG,6150,5136,3286,3029,0.9217894096165551,589.7585669781931,0.625,0.625,0.9246886968612671,False,ok,0.05393329999787966
D2_111_nadir,aliked-lightglue-r1024-k8192,aliked,lightglue,1024,8192,527,100_0010_0045.JPG,100_0010_0048.JPG,6150,4714,2110,1849,0.876303317535545,392.23589308442934,0.5,0.5,0.9371947646141052,False,ok,0.09832029999961378
D2_111_nadir,aliked-lightglue-r1024-k8192,aliked,lightglue,1024,8192,528,100_0010_0045.JPG,100_0010_0049.JPG,6150,4624,1177,986,0.8377230246389125,213.23529411764707,0.25,0.25,0.9304113984107971,False,ok,0.08456959999602986
D2_111_nadir,aliked-lightglue-r1024-k8192,aliked,lightglue,1024,8192,529,100_0010_0045.JPG,100_0010_0050.JPG,6150,4652,59,13,0.22033898305084745,2.7944969905417025,0.109375,0.0625,0.2165466994047165,True,ok,0.10748079999757465
D2_111_nadir,aliked-lightglue-r1024-k8192,aliked,lightglue,1024,8192,530,100_0010_0045.JPG,100_0010_0051.JPG,6150,4556,29,9,0.3103448275862069,1.9754170324846356,0.125,0.078125,0.16684219241142273,True,ok,0.06617340000229888
D2_111_nadir,aliked-lightglue-r1024-k8192,aliked,lightglue,1024,8192,531,100_0010_0045.JPG,100_0010_0052.JPG,6150,4676,59,11,0.1864406779661017,2.352437981180496,0.109375,0.109375,0.22810611128807068,True,ok,0.0510710000016843
D2_111_nadir,aliked-lightglue-r1024-k8192,aliked,lightglue,1024,8192,532,100_0010_0045.JPG,100_0010_0053.JPG,6150,4604,49,9,0.1836734693877551,1.954821894005213,0.078125,0.109375,0.24321727454662323,True,ok,0.04923859999689739
D2_111_nadir,aliked-lightglue-r1024-k8192,aliked,lightglue,1024,8192,533,100_0010_0045.JPG,100_0010_0058.JPG,6150,5173,2693,2565,0.9524693650204233,495.8438043688382,0.5625,0.5625,0.884747326374054,False,ok,0.062005499996303115
D2_111_nadir,aliked-lightglue-r1024-k8192,aliked,lightglue,1024,8192,534,100_0010_0045.JPG,100_0010_0059.JPG,6150,5798,3489,3349,0.9598738893665807,577.6129699896516,0.734375,0.75,0.8874348402023315,False,ok,0.07478319999790983
D2_111_nadir,aliked-lightglue-r1024-k8192,aliked,lightglue,1024,8192,535,100_0010_0045.JPG,100_0010_0060.JPG,6150,5921,3637,3493,0.9604069287874621,589.9341327478467,0.75,0.75,0.905444860458374,False,ok,0.06975560000137193
D2_111_nadir,aliked-lightglue-r1024-k8192,aliked,lightglue,1024,8192,536,100_0010_0045.JPG,100_0010_0110.JPG,6150,5541,1948,1420,0.728952772073922,256.271431149612,0.578125,0.421875,0.929611325263977,False,ok,0.07800470000074711
D2_111_nadir,aliked-lightglue-r1024-k8192,aliked,lightglue,1024,8192,537,100_0010_0045.JPG,100_0010_0111.JPG,6150,5584,1635,1151,0.7039755351681957,206.1246418338109,0.484375,0.34375,0.9359899759292603,False,ok,0.05723109999962617
D2_111_nadir,aliked-lightglue-r1024-k8192,aliked,lightglue,1024,8192,538,100_0010_0046.JPG,100_0010_0047.JPG,5971,5136,4393,4163,0.9476439790575916,810.5529595015577,0.875,0.875,0.9370936155319214,False,ok,0.06304989999625832
D2_111_nadir,aliked-lightglue-r1024-k8192,aliked,lightglue,1024,8192,539,100_0010_0046.JPG,100_0010_0048.JPG,5971,4714,3111,2844,0.914175506268081,603.3092914722105,0.625,0.625,0.9513997435569763,False,ok,0.06173530000523897
D2_111_nadir,aliked-lightglue-r1024-k8192,aliked,lightglue,1024,8192,540,100_0010_0046.JPG,100_0010_0049.JPG,5971,4624,2128,1884,0.8853383458646616,407.439446366782,0.5,0.5,0.9582446813583374,False,ok,0.050865099998191
D2_111_nadir,aliked-lightglue-r1024-k8192,aliked,lightglue,1024,8192,541,100_0010_0046.JPG,100_0010_0050.JPG,5971,4652,1056,918,0.8693181818181818,197.33447979363714,0.25,0.25,0.9588953852653503,False,ok,0.05892100000346545
D2_111_nadir,aliked-lightglue-r1024-k8192,aliked,lightglue,1024,8192,542,100_0010_0046.JPG,100_0010_0051.JPG,5971,4556,151,94,0.6225165562913907,20.632133450395084,0.125,0.125,0.8148489594459534,False,ok,0.07423520000156714
D2_111_nadir,aliked-lightglue-r1024-k8192,aliked,lightglue,1024,8192,543,100_0010_0046.JPG,100_0010_0052.JPG,5971,4676,186,108,0.5806451612903226,23.09666381522669,0.09375,0.09375,0.6150535941123962,False,ok,0.05770470000425121
D2_111_nadir,aliked-lightglue-r1024-k8192,aliked,lightglue,1024,8192,544,100_0010_0046.JPG,100_0010_0053.JPG,5971,4604,172,113,0.6569767441860465,24.543874891398783,0.140625,0.125,0.6482132077217102,False,ok,0.05585119999886956
D2_111_nadir,aliked-lightglue-r1024-k8192,aliked,lightglue,1024,8192,545,100_0010_0046.JPG,100_0010_0054.JPG,5971,4557,215,130,0.6046511627906976,28.527540048277377,0.109375,0.09375,0.6653227806091309,False,ok,0.06234569999651285
D2_111_nadir,aliked-lightglue-r1024-k8192,aliked,lightglue,1024,8192,546,100_0010_0046.JPG,100_0010_0057.JPG,5971,4541,2673,2532,0.9472502805836139,557.5864347060119,0.5625,0.5625,0.8919422626495361,False,ok,0.06627180000214139
D2_111_nadir,aliked-lightglue-r1024-k8192,aliked,lightglue,1024,8192,547,100_0010_0046.JPG,100_0010_0058.JPG,5971,5173,3479,3352,0.9634952572578327,647.9798956118307,0.75,0.671875,0.9047878384590149,False,ok,0.06143289999454282
D2_111_nadir,aliked-lightglue-r1024-k8192,aliked,lightglue,1024,8192,548,100_0010_0046.JPG,100_0010_0059.JPG,5971,5798,3626,3473,0.9578047435190292,598.9996550534668,0.75,0.75,0.8832705020904541,False,ok,0.07319980000465875
D2_111_nadir,aliked-lightglue-r1024-k8192,aliked,lightglue,1024,8192,549,100_0010_0046.JPG,100_0010_0060.JPG,5971,5921,2768,2635,0.9519508670520231,445.0261780104712,0.5625,0.5625,0.8958484530448914,False,ok,0.0689111999963643
D2_111_nadir,aliked-lightglue-r1024-k8192,aliked,lightglue,1024,8192,550,100_0010_0046.JPG,100_0010_0111.JPG,5971,5584,2089,1525,0.730014360938248,273.1017191977077,0.609375,0.4375,0.9354101419448853,False,ok,0.06363749999582069
D2_111_nadir,aliked-lightglue-r1024-k8192,aliked,lightglue,1024,8192,551,100_0010_0047.JPG,100_0010_0048.JPG,5136,4714,3440,3265,0.9491279069767442,692.6177344081459,0.875,0.859375,0.9434035420417786,False,ok,0.0582529000021168
D2_111_nadir,aliked-lightglue-r1024-k8192,aliked,lightglue,1024,8192,552,100_0010_0047.JPG,100_0010_0049.JPG,5136,4624,2386,2188,0.9170159262363788,473.1833910034602,0.625,0.625,0.9500606656074524,False,ok,0.0551400000040303
D2_111_nadir,aliked-lightglue-r1024-k8192,aliked,lightglue,1024,8192,553,100_0010_0047.JPG,100_0010_0050.JPG,5136,4652,1282,1126,0.8783151326053042,242.04643164230438,0.5,0.46875,0.9451568126678467,False,ok,0.04526110000006156
D2_111_nadir,aliked-lightglue-r1024-k8192,aliked,lightglue,1024,8192,554,100_0010_0047.JPG,100_0010_0051.JPG,5136,4556,348,289,0.8304597701149425,63.43283582089552,0.359375,0.265625,0.9202383756637573,False,ok,0.05980829999316484
D2_111_nadir,aliked-lightglue-r1024-k8192,aliked,lightglue,1024,8192,555,100_0010_0047.JPG,100_0010_0052.JPG,5136,4676,356,316,0.8876404494382022,67.57912745936699,0.3125,0.234375,0.8310843706130981,False,ok,0.051175400003558025
D2_111_nadir,aliked-lightglue-r1024-k8192,aliked,lightglue,1024,8192,556,100_0010_0047.JPG,100_0010_0053.JPG,5136,4604,315,278,0.8825396825396825,60.382276281494356,0.296875,0.203125,0.8350109457969666,False,ok,0.051702800003113225
D2_111_nadir,aliked-lightglue-r1024-k8192,aliked,lightglue,1024,8192,557,100_0010_0047.JPG,100_0010_0054.JPG,5136,4557,336,295,0.8779761904761905,64.73557164801404,0.265625,0.203125,0.846714198589325,False,ok,0.055567399998835754
D2_111_nadir,aliked-lightglue-r1024-k8192,aliked,lightglue,1024,8192,558,100_0010_0047.JPG,100_0010_0055.JPG,5136,4653,1482,1322,0.8920377867746289,284.1177734794756,0.4375,0.390625,0.9375270009040833,False,ok,0.05133239999850048
D2_111_nadir,aliked-lightglue-r1024-k8192,aliked,lightglue,1024,8192,559,100_0010_0047.JPG,100_0010_0056.JPG,5136,4450,2066,1932,0.9351403678606002,434.1573033707865,0.5625,0.546875,0.9051473140716553,False,ok,0.049968100000114646
D2_111_nadir,aliked-lightglue-r1024-k8192,aliked,lightglue,1024,8192,560,100_0010_0047.JPG,100_0010_0057.JPG,5136,4541,2811,2682,0.9541088580576307,590.6188064303017,0.734375,0.65625,0.9003009796142578,False,ok,0.05368290000478737
D2_111_nadir,aliked-lightglue-r1024-k8192,aliked,lightglue,1024,8192,561,100_0010_0047.JPG,100_0010_0058.JPG,5136,5173,3199,3044,0.9515473585495468,592.6791277258567,0.75,0.75,0.911399781703949,False,ok,0.054642700000840705
D2_111_nadir,aliked-lightglue-r1024-k8192,aliked,lightglue,1024,8192,562,100_0010_0047.JPG,100_0010_0059.JPG,5136,5798,2809,2644,0.9412602349590602,514.797507788162,0.5625,0.5625,0.8685548901557922,False,ok,0.060942999996768776
D2_111_nadir,aliked-lightglue-r1024-k8192,aliked,lightglue,1024,8192,563,100_0010_0048.JPG,100_0010_0049.JPG,4714,4624,3252,3061,0.9412669126691267,661.9809688581315,0.875,0.875,0.9407658576965332,False,ok,0.055983300000661984
D2_111_nadir,aliked-lightglue-r1024-k8192,aliked,lightglue,1024,8192,564,100_0010_0048.JPG,100_0010_0050.JPG,4714,4652,2123,1898,0.8940178991992463,407.99656061908854,0.625,0.625,0.9464370608329773,False,ok,0.05318789999728324
D2_111_nadir,aliked-lightglue-r1024-k8192,aliked,lightglue,1024,8192,565,100_0010_0048.JPG,100_0010_0051.JPG,4714,4556,1229,1027,0.8356387306753458,225.41703248463566,0.5,0.5,0.9350743889808655,False,ok,0.04818540000269422
D2_111_nadir,aliked-lightglue-r1024-k8192,aliked,lightglue,1024,8192,566,100_0010_0048.JPG,100_0010_0052.JPG,4714,4676,1184,1029,0.8690878378378378,220.05988023952096,0.46875,0.4375,0.9387269020080566,False,ok,0.04777720000129193
D2_111_nadir,aliked-lightglue-r1024-k8192,aliked,lightglue,1024,8192,567,100_0010_0048.JPG,100_0010_0053.JPG,4714,4604,989,862,0.871587462082912,187.22849695916594,0.4375,0.375,0.9389562606811523,False,ok,0.045346999999310356
D2_111_nadir,aliked-lightglue-r1024-k8192,aliked,lightglue,1024,8192,568,100_0010_0048.JPG,100_0010_0054.JPG,4714,4557,986,848,0.8600405679513184,186.08733816107087,0.375,0.375,0.9372274279594421,False,ok,0.04430690000299364
D2_111_nadir,aliked-lightglue-r1024-k8192,aliked,lightglue,1024,8192,569,100_0010_0048.JPG,100_0010_0055.JPG,4714,4653,1930,1786,0.9253886010362694,383.83838383838383,0.5625,0.5625,0.9135372638702393,False,ok,0.049029499998141546
D2_111_nadir,aliked-lightglue-r1024-k8192,aliked,lightglue,1024,8192,570,100_0010_0048.JPG,100_0010_0056.JPG,4714,4450,2548,2409,0.945447409733124,541.3483146067416,0.703125,0.6875,0.9065738320350647,False,ok,0.05384770000091521
D2_111_nadir,aliked-lightglue-r1024-k8192,aliked,lightglue,1024,8192,571,100_0010_0048.JPG,100_0010_0057.JPG,4714,4541,2673,2548,0.9532360643471754,561.1098876899362,0.75,0.75,0.904361367225647,False,ok,0.052809099994192366
D2_111_nadir,aliked-lightglue-r1024-k8192,aliked,lightglue,1024,8192,572,100_0010_0048.JPG,100_0010_0058.JPG,4714,5173,2325,2181,0.9380645161290323,462.6644039032669,0.5625,0.5625,0.9133511781692505,False,ok,0.054932700004428625
D2_111_nadir,aliked-lightglue-r1024-k8192,aliked,lightglue,1024,8192,573,100_0010_0049.JPG,100_0010_0050.JPG,4624,4652,3120,2915,0.9342948717948718,630.4065743944636,0.875,0.875,0.9427282214164734,False,ok,0.05788770000071963
D2_111_nadir,aliked-lightglue-r1024-k8192,aliked,lightglue,1024,8192,574,100_0010_0049.JPG,100_0010_0051.JPG,4624,4556,2123,1909,0.8991992463495054,419.00790166812993,0.734375,0.75,0.9330030679702759,False,ok,0.05078729999513598
D2_111_nadir,aliked-lightglue-r1024-k8192,aliked,lightglue,1024,8192,575,100_0010_0049.JPG,100_0010_0052.JPG,4624,4676,1958,1800,0.9193054136874361,389.2733564013841,0.65625,0.65625,0.9245620369911194,False,ok,0.05325209999864455
D2_111_nadir,aliked-lightglue-r1024-k8192,aliked,lightglue,1024,8192,576,100_0010_0049.JPG,100_0010_0053.JPG,4624,4604,1591,1485,0.933375235700817,322.5456125108601,0.578125,0.5625,0.9186821579933167,False,ok,0.053854199999477714
D2_111_nadir,aliked-lightglue-r1024-k8192,aliked,lightglue,1024,8192,577,100_0010_0049.JPG,100_0010_0054.JPG,4624,4557,1567,1465,0.9349074664964901,321.48343208251043,0.5625,0.5625,0.9219602346420288,False,ok,0.04606240000430262
D2_111_nadir,aliked-lightglue-r1024-k8192,aliked,lightglue,1024,8192,578,100_0010_0049.JPG,100_0010_0055.JPG,4624,4653,2585,2474,0.9570599613152805,535.0346020761245,0.734375,0.71875,0.9167401790618896,False,ok,0.05346780000400031
D2_111_nadir,aliked-lightglue-r1024-k8192,aliked,lightglue,1024,8192,579,100_0010_0049.JPG,100_0010_0056.JPG,4624,4450,2633,2491,0.9460691226737562,559.7752808988764,0.75,0.75,0.9202360510826111,False,ok,0.054493099996761885
D2_111_nadir,aliked-lightglue-r1024-k8192,aliked,lightglue,1024,8192,580,100_0010_0049.JPG,100_0010_0057.JPG,4624,4541,1942,1792,0.9227600411946447,394.6267341995155,0.5625,0.5625,0.9050303101539612,False,ok,0.04944180000165943
D2_111_nadir,aliked-lightglue-r1024-k8192,aliked,lightglue,1024,8192,581,100_0010_0050.JPG,100_0010_0051.JPG,4652,4556,3285,3130,0.9528158295281582,687.0061457418789,0.875,0.875,0.9381647109985352,False,ok,0.052624800002377015
D2_111_nadir,aliked-lightglue-r1024-k8192,aliked,lightglue,1024,8192,582,100_0010_0050.JPG,100_0010_0052.JPG,4652,4676,2919,2801,0.9595751969852689,602.1066208082545,0.765625,0.765625,0.9311683773994446,False,ok,0.05221199999505188
D2_111_nadir,aliked-lightglue-r1024-k8192,aliked,lightglue,1024,8192,583,100_0010_0050.JPG,100_0010_0053.JPG,4652,4604,2393,2297,0.9598829920601755,498.91398783666375,0.65625,0.65625,0.9244377017021179,False,ok,0.04632970000238856
D2_111_nadir,aliked-lightglue-r1024-k8192,aliked,lightglue,1024,8192,584,100_0010_0050.JPG,100_0010_0054.JPG,4652,4557,2351,2256,0.9595916631220757,495.06254114549046,0.6875,0.65625,0.9240067601203918,False,ok,0.04777949999697739
D2_111_nadir,aliked-lightglue-r1024-k8192,aliked,lightglue,1024,8192,585,100_0010_0050.JPG,100_0010_0055.JPG,4652,4653,2620,2489,0.95,535.0386930352537,0.75,0.75,0.9276803135871887,False,ok,0.05105600000388222
D2_111_nadir,aliked-lightglue-r1024-k8192,aliked,lightglue,1024,8192,586,100_0010_0050.JPG,100_0010_0056.JPG,4652,4450,1832,1699,0.9274017467248908,381.7977528089888,0.5625,0.5625,0.9312523603439331,False,ok,0.052129400006379
D2_111_nadir,aliked-lightglue-r1024-k8192,aliked,lightglue,1024,8192,587,100_0010_0050.JPG,100_0010_0057.JPG,4652,4541,1225,1077,0.8791836734693877,237.17242898040078,0.46875,0.46875,0.9469654560089111,False,ok,0.048978000006172806
D2_111_nadir,aliked-lightglue-r1024-k8192,aliked,lightglue,1024,8192,588,100_0010_0050.JPG,100_0010_0058.JPG,4652,5173,849,730,0.8598351001177856,156.92175408426482,0.265625,0.28125,0.8869977593421936,False,ok,0.05082820000097854
D2_111_nadir,aliked-lightglue-r1024-k8192,aliked,lightglue,1024,8192,589,100_0010_0051.JPG,100_0010_0052.JPG,4556,4676,3676,3562,0.9689880304678999,781.8261633011414,0.875,0.875,0.9245308041572571,False,ok,0.053607199995894916
D2_111_nadir,aliked-lightglue-r1024-k8192,aliked,lightglue,1024,8192,590,100_0010_0051.JPG,100_0010_0053.JPG,4556,4604,2969,2825,0.951498821151903,620.0614574187885,0.75,0.75,0.9121590256690979,False,ok,0.05163149999862071
D2_111_nadir,aliked-lightglue-r1024-k8192,aliked,lightglue,1024,8192,591,100_0010_0051.JPG,100_0010_0054.JPG,4556,4557,2861,2715,0.9489688919958057,595.9174714661984,0.75,0.75,0.9107975959777832,False,ok,0.048470900001120754
D2_111_nadir,aliked-lightglue-r1024-k8192,aliked,lightglue,1024,8192,592,100_0010_0051.JPG,100_0010_0055.JPG,4556,4653,1896,1771,0.9340717299578059,388.71817383669884,0.65625,0.65625,0.9167184233665466,False,ok,0.05662809999921592
D2_111_nadir,aliked-lightglue-r1024-k8192,aliked,lightglue,1024,8192,593,100_0010_0051.JPG,100_0010_0056.JPG,4556,4450,1167,1066,0.9134532990574121,239.5505617977528,0.46875,0.46875,0.9029303789138794,False,ok,0.04907440000533825
D2_111_nadir,aliked-lightglue-r1024-k8192,aliked,lightglue,1024,8192,594,100_0010_0051.JPG,100_0010_0057.JPG,4556,4541,515,434,0.8427184466019417,95.57366218894516,0.375,0.375,0.8244198560714722,False,ok,0.04779720000078669
D2_111_nadir,aliked-lightglue-r1024-k8192,aliked,lightglue,1024,8192,595,100_0010_0051.JPG,100_0010_0058.JPG,4556,5173,210,166,0.7904761904761904,36.435469710272166,0.1875,0.1875,0.8957881927490234,False,ok,0.0724398000020301
D2_111_nadir,aliked-lightglue-r1024-k8192,aliked,lightglue,1024,8192,596,100_0010_0051.JPG,100_0010_0059.JPG,4556,5798,51,11,0.21568627450980393,2.4143985952589992,0.109375,0.125,0.2166225165128708,True,ok,0.09836379999615019
D2_111_nadir,aliked-lightglue-r1024-k8192,aliked,lightglue,1024,8192,597,100_0010_0052.JPG,100_0010_0053.JPG,4676,4604,3661,3564,0.97350450696531,774.1094700260643,0.953125,0.890625,0.9358978271484375,False,ok,0.05352850000053877
D2_111_nadir,aliked-lightglue-r1024-k8192,aliked,lightglue,1024,8192,598,100_0010_0052.JPG,100_0010_0054.JPG,4676,4557,3561,3450,0.9688289806234204,757.0770243581303,0.875,0.875,0.9324043989181519,False,ok,0.05475310000474565
D2_111_nadir,aliked-lightglue-r1024-k8192,aliked,lightglue,1024,8192,599,100_0010_0052.JPG,100_0010_0055.JPG,4676,4653,2425,2274,0.9377319587628866,488.7169568020632,0.765625,0.765625,0.9559616446495056,False,ok,0.05506040000182111
D2_111_nadir,aliked-lightglue-r1024-k8192,aliked,lightglue,1024,8192,600,100_0010_0052.JPG,100_0010_0056.JPG,4676,4450,1502,1347,0.8968042609853528,302.69662921348316,0.546875,0.546875,0.9478263258934021,False,ok,0.04634240000450518
D2_111_nadir,aliked-lightglue-r1024-k8192,aliked,lightglue,1024,8192,601,100_0010_0052.JPG,100_0010_0057.JPG,4676,4541,729,590,0.8093278463648834,129.92732878220656,0.4375,0.4375,0.9178545475006104,False,ok,0.044166699997731484
D2_111_nadir,aliked-lightglue-r1024-k8192,aliked,lightglue,1024,8192,602,100_0010_0052.JPG,100_0010_0058.JPG,4676,5173,311,262,0.842443729903537,56.030795551753634,0.203125,0.21875,0.9343887567520142,False,ok,0.06535109999822453
D2_111_nadir,aliked-lightglue-r1024-k8192,aliked,lightglue,1024,8192,603,100_0010_0052.JPG,100_0010_0059.JPG,4676,5798,51,12,0.23529411764705882,2.5662959794696323,0.125,0.125,0.21223318576812744,True,ok,0.09755549999681534
D2_111_nadir,aliked-lightglue-r1024-k8192,aliked,lightglue,1024,8192,604,100_0010_0052.JPG,100_0010_0060.JPG,4676,5921,58,10,0.1724137931034483,2.1385799828913603,0.125,0.125,0.1989581435918808,True,ok,0.05399710000347113
D2_111_nadir,aliked-lightglue-r1024-k8192,aliked,lightglue,1024,8192,605,100_0010_0052.JPG,100_0010_0084.JPG,4676,4370,2044,1906,0.9324853228962818,436.15560640732264,0.625,0.625,0.9263429045677185,False,ok,0.04564070000196807
D2_111_nadir,aliked-lightglue-r1024-k8192,aliked,lightglue,1024,8192,606,100_0010_0052.JPG,100_0010_0085.JPG,4676,4353,2275,2121,0.9323076923076923,487.250172294969,0.625,0.625,0.9296613335609436,False,ok,0.051715499997953884
D2_111_nadir,aliked-lightglue-r1024-k8192,aliked,lightglue,1024,8192,607,100_0010_0053.JPG,100_0010_0054.JPG,4604,4557,4155,4077,0.9812274368231046,894.6675444371297,1.0,1.0,0.9421233534812927,False,ok,0.0458848999987822
D2_111_nadir,aliked-lightglue-r1024-k8192,aliked,lightglue,1024,8192,608,100_0010_0053.JPG,100_0010_0055.JPG,4604,4653,2752,2541,0.923328488372093,551.9113814074717,0.875,0.875,0.9397201538085938,False,ok,0.05409380000492092
D2_111_nadir,aliked-lightglue-r1024-k8192,aliked,lightglue,1024,8192,609,100_0010_0053.JPG,100_0010_0056.JPG,4604,4450,1702,1480,0.8695652173913043,332.5842696629214,0.625,0.625,0.9464308023452759,False,ok,0.045303599996259436
D2_111_nadir,aliked-lightglue-r1024-k8192,aliked,lightglue,1024,8192,610,100_0010_0053.JPG,100_0010_0057.JPG,4604,4541,810,662,0.817283950617284,145.78286720986566,0.5,0.484375,0.9173552989959717,False,ok,0.04334349999408005
D2_111_nadir,aliked-lightglue-r1024-k8192,aliked,lightglue,1024,8192,611,100_0010_0053.JPG,100_0010_0058.JPG,4604,5173,369,308,0.8346883468834688,66.89834926151173,0.234375,0.25,0.926499605178833,False,ok,0.06466010000440292
D2_111_nadir,aliked-lightglue-r1024-k8192,aliked,lightglue,1024,8192,612,100_0010_0053.JPG,100_0010_0059.JPG,4604,5798,68,13,0.19117647058823528,2.823631624674196,0.140625,0.140625,0.23306551575660706,True,ok,0.09363960000337102
D2_111_nadir,aliked-lightglue-r1024-k8192,aliked,lightglue,1024,8192,613,100_0010_0053.JPG,100_0010_0060.JPG,4604,5921,58,10,0.1724137931034483,2.172024326672459,0.140625,0.15625,0.2208506464958191,True,ok,0.05836089999502292
D2_111_nadir,aliked-lightglue-r1024-k8192,aliked,lightglue,1024,8192,614,100_0010_0053.JPG,100_0010_0061.JPG,4604,6233,46,10,0.21739130434782608,2.172024326672459,0.125,0.078125,0.18718816339969635,True,ok,0.053559399995720014
D2_111_nadir,aliked-lightglue-r1024-k8192,aliked,lightglue,1024,8192,615,100_0010_0053.JPG,100_0010_0083.JPG,4604,4210,1725,1578,0.9147826086956522,374.82185273159143,0.5625,0.5625,0.9199466705322266,False,ok,0.03980500000034226
D2_111_nadir,aliked-lightglue-r1024-k8192,aliked,lightglue,1024,8192,616,100_0010_0053.JPG,100_0010_0084.JPG,4604,4370,2530,2399,0.9482213438735178,548.9702517162472,0.75,0.734375,0.9300381541252136,False,ok,0.04544549999991432
D2_111_nadir,aliked-lightglue-r1024-k8192,aliked,lightglue,1024,8192,617,100_0010_0053.JPG,100_0010_0085.JPG,4604,4353,2790,2634,0.9440860215053763,605.0999310820124,0.75,0.75,0.9248029589653015,False,ok,0.047067300001799595
D2_111_nadir,aliked-lightglue-r1024-k8192,aliked,lightglue,1024,8192,618,100_0010_0054.JPG,100_0010_0055.JPG,4557,4653,2810,2581,0.9185053380782918,566.3813912661839,0.875,0.875,0.9408280253410339,False,ok,0.05171580000023823
D2_111_nadir,aliked-lightglue-r1024-k8192,aliked,lightglue,1024,8192,619,100_0010_0054.JPG,100_0010_0056.JPG,4557,4450,1759,1514,0.8607163160886867,340.2247191011236,0.625,0.625,0.9479467868804932,False,ok,0.048192100002779625
D2_111_nadir,aliked-lightglue-r1024-k8192,aliked,lightglue,1024,8192,620,100_0010_0054.JPG,100_0010_0057.JPG,4557,4541,849,684,0.8056537102473498,150.6276150627615,0.5,0.484375,0.9094190001487732,False,ok,0.04444109999894863
D2_111_nadir,aliked-lightglue-r1024-k8192,aliked,lightglue,1024,8192,621,100_0010_0054.JPG,100_0010_0058.JPG,4557,5173,399,340,0.8521303258145363,74.61048935703313,0.25,0.25,0.9341443181037903,False,ok,0.05633490000036545
D2_111_nadir,aliked-lightglue-r1024-k8192,aliked,lightglue,1024,8192,622,100_0010_0054.JPG,100_0010_0059.JPG,4557,5798,56,13,0.23214285714285715,2.8527540048277373,0.09375,0.109375,0.21350622177124023,True,ok,0.0977673999950639
D2_111_nadir,aliked-lightglue-r1024-k8192,aliked,lightglue,1024,8192,623,100_0010_0054.JPG,100_0010_0060.JPG,4557,5921,78,11,0.14102564102564102,2.413868773315778,0.125,0.125,0.18651443719863892,True,ok,0.05056299999705516
D2_111_nadir,aliked-lightglue-r1024-k8192,aliked,lightglue,1024,8192,624,100_0010_0054.JPG,100_0010_0061.JPG,4557,6233,58,10,0.1724137931034483,2.194426157559798,0.140625,0.078125,0.20724573731422424,True,ok,0.051202599999669474
D2_111_nadir,aliked-lightglue-r1024-k8192,aliked,lightglue,1024,8192,625,100_0010_0054.JPG,100_0010_0062.JPG,4557,6437,66,11,0.16666666666666666,2.413868773315778,0.109375,0.125,0.24068549275398254,True,ok,0.053450100000191014
D2_111_nadir,aliked-lightglue-r1024-k8192,aliked,lightglue,1024,8192,626,100_0010_0054.JPG,100_0010_0083.JPG,4557,4210,1795,1635,0.9108635097493036,388.36104513064134,0.5625,0.578125,0.9210605025291443,False,ok,0.04644890000054147
D2_111_nadir,aliked-lightglue-r1024-k8192,aliked,lightglue,1024,8192,627,100_0010_0054.JPG,100_0010_0084.JPG,4557,4370,2603,2435,0.9354590856703804,557.20823798627,0.75,0.75,0.9297023415565491,False,ok,0.04510229999868898
D2_111_nadir,aliked-lightglue-r1024-k8192,aliked,lightglue,1024,8192,628,100_0010_0054.JPG,100_0010_0085.JPG,4557,4353,2859,2697,0.9433368310598111,619.5727084769125,0.75,0.75,0.9216545224189758,False,ok,0.04598149999947054
D2_111_nadir,aliked-lightglue-r1024-k8192,aliked,lightglue,1024,8192,629,100_0010_0054.JPG,100_0010_0086.JPG,4557,4127,2158,1971,0.9133456904541242,477.5866246668282,0.625,0.625,0.9294862151145935,False,ok,0.04522719999658875
D2_111_nadir,aliked-lightglue-r1024-k8192,aliked,lightglue,1024,8192,630,100_0010_0054.JPG,100_0010_0087.JPG,4557,3970,1632,1480,0.9068627450980392,372.79596977329976,0.5,0.5,0.9277124404907227,False,ok,0.044855799998913426
D2_111_nadir,aliked-lightglue-r1024-k8192,aliked,lightglue,1024,8192,631,100_0010_0054.JPG,100_0010_0088.JPG,4557,3862,1527,1364,0.8932547478716437,353.1848783013982,0.5,0.5,0.9293822050094604,False,ok,0.047224699999787845
D2_111_nadir,aliked-lightglue-r1024-k8192,aliked,lightglue,1024,8192,632,100_0010_0055.JPG,100_0010_0056.JPG,4653,4450,3116,2912,0.9345314505776636,654.3820224719101,0.875,0.875,0.9455851316452026,False,ok,0.05113290000008419
D2_111_nadir,aliked-lightglue-r1024-k8192,aliked,lightglue,1024,8192,633,100_0010_0055.JPG,100_0010_0057.JPG,4653,4541,2140,1899,0.8873831775700934,418.18982602950894,0.65625,0.65625,0.9409782290458679,False,ok,0.05610829999932321
D2_111_nadir,aliked-lightglue-r1024-k8192,aliked,lightglue,1024,8192,634,100_0010_0055.JPG,100_0010_0058.JPG,4653,5173,1726,1510,0.8748551564310545,324.521813883516,0.5,0.5,0.9431344866752625,False,ok,0.04843260000052396
D2_111_nadir,aliked-lightglue-r1024-k8192,aliked,lightglue,1024,8192,635,100_0010_0055.JPG,100_0010_0059.JPG,4653,5798,1306,1137,0.8705972434915773,244.3584784010316,0.28125,0.28125,0.9420197010040283,False,ok,0.05111979999492178
D2_111_nadir,aliked-lightglue-r1024-k8192,aliked,lightglue,1024,8192,636,100_0010_0055.JPG,100_0010_0060.JPG,4653,5921,69,23,0.3333333333333333,4.943047496238986,0.09375,0.09375,0.36535289883613586,False,ok,0.05906830000458285
D2_111_nadir,aliked-lightglue-r1024-k8192,aliked,lightglue,1024,8192,637,100_0010_0055.JPG,100_0010_0061.JPG,4653,6233,45,12,0.26666666666666666,2.5789813023855577,0.078125,0.046875,0.1927257776260376,True,ok,0.057280000000901055
D2_111_nadir,aliked-lightglue-r1024-k8192,aliked,lightglue,1024,8192,638,100_0010_0055.JPG,100_0010_0062.JPG,4653,6437,31,9,0.2903225806451613,1.9342359767891684,0.078125,0.125,0.19011090695858002,True,ok,0.05390169999736827
D2_111_nadir,aliked-lightglue-r1024-k8192,aliked,lightglue,1024,8192,639,100_0010_0055.JPG,100_0010_0063.JPG,4653,6066,53,10,0.18867924528301888,2.1491510853212983,0.09375,0.140625,0.2000967413187027,True,ok,0.05187540000042645
D2_111_nadir,aliked-lightglue-r1024-k8192,aliked,lightglue,1024,8192,640,100_0010_0055.JPG,100_0010_0082.JPG,4653,3959,1978,1821,0.9206268958543984,459.96463753473097,0.625,0.625,0.9462859630584717,False,ok,0.04635940000298433
D2_111_nadir,aliked-lightglue-r1024-k8192,aliked,lightglue,1024,8192,641,100_0010_0055.JPG,100_0010_0083.JPG,4653,4210,2795,2631,0.9413237924865832,624.9406175771971,0.75,0.75,0.921708881855011,False,ok,0.04791609999665525
D2_111_nadir,aliked-lightglue-r1024-k8192,aliked,lightglue,1024,8192,642,100_0010_0055.JPG,100_0010_0084.JPG,4653,4370,2352,2236,0.9506802721088435,511.6704805491991,0.65625,0.65625,0.9210366010665894,False,ok,0.048739699996076524
D2_111_nadir,aliked-lightglue-r1024-k8192,aliked,lightglue,1024,8192,643,100_0010_0055.JPG,100_0010_0085.JPG,4653,4353,1996,1865,0.9343687374749499,428.44015621410523,0.65625,0.65625,0.9213231801986694,False,ok,0.049864499997056555
D2_111_nadir,aliked-lightglue-r1024-k8192,aliked,lightglue,1024,8192,644,100_0010_0055.JPG,100_0010_0086.JPG,4653,4127,1556,1434,0.9215938303341902,347.4678943542525,0.53125,0.546875,0.9180131554603577,False,ok,0.0507971000042744
D2_111_nadir,aliked-lightglue-r1024-k8192,aliked,lightglue,1024,8192,645,100_0010_0056.JPG,100_0010_0057.JPG,4450,4541,3045,2844,0.9339901477832512,639.1011235955057,0.875,0.875,0.9308175444602966,False,ok,0.04599410000082571
D2_111_nadir,aliked-lightglue-r1024-k8192,aliked,lightglue,1024,8192,646,100_0010_0056.JPG,100_0010_0058.JPG,4450,5173,2584,2363,0.9144736842105263,531.0112359550562,0.625,0.625,0.9402309060096741,False,ok,0.05204239999875426
D2_111_nadir,aliked-lightglue-r1024-k8192,aliked,lightglue,1024,8192,647,100_0010_0056.JPG,100_0010_0059.JPG,4450,5798,2151,1913,0.8893537889353789,429.8876404494382,0.5,0.5,0.9324655532836914,False,ok,0.06060109999816632
D2_111_nadir,aliked-lightglue-r1024-k8192,aliked,lightglue,1024,8192,648,100_0010_0056.JPG,100_0010_0060.JPG,4450,5921,1140,957,0.8394736842105263,215.0561797752809,0.25,0.25,0.9364543557167053,False,ok,0.05296339999767952
D2_111_nadir,aliked-lightglue-r1024-k8192,aliked,lightglue,1024,8192,649,100_0010_0056.JPG,100_0010_0061.JPG,4450,6233,73,14,0.1917808219178082,3.146067415730337,0.109375,0.125,0.27185291051864624,True,ok,0.05983070000365842
D2_111_nadir,aliked-lightglue-r1024-k8192,aliked,lightglue,1024,8192,650,100_0010_0056.JPG,100_0010_0062.JPG,4450,6437,39,10,0.2564102564102564,2.247191011235955,0.09375,0.125,0.20155325531959534,True,ok,0.06060750000324333
D2_111_nadir,aliked-lightglue-r1024-k8192,aliked,lightglue,1024,8192,651,100_0010_0056.JPG,100_0010_0063.JPG,4450,6066,72,10,0.1388888888888889,2.247191011235955,0.125,0.109375,0.20461300015449524,True,ok,0.050855900000897236
D2_111_nadir,aliked-lightglue-r1024-k8192,aliked,lightglue,1024,8192,652,100_0010_0056.JPG,100_0010_0064.JPG,4450,5789,46,11,0.2391304347826087,2.4719101123595504,0.09375,0.078125,0.2423475980758667,True,ok,0.060611799999605864
D2_111_nadir,aliked-lightglue-r1024-k8192,aliked,lightglue,1024,8192,653,100_0010_0056.JPG,100_0010_0081.JPG,4450,3710,1849,1725,0.9329367225527312,464.9595687331536,0.5625,0.59375,0.9251469373703003,False,ok,0.03806350000377279
D2_111_nadir,aliked-lightglue-r1024-k8192,aliked,lightglue,1024,8192,654,100_0010_0056.JPG,100_0010_0082.JPG,4450,3959,2631,2466,0.9372862029646523,622.8845668098005,0.75,0.75,0.9090328216552734,False,ok,0.045630300002812874
D2_111_nadir,aliked-lightglue-r1024-k8192,aliked,lightglue,1024,8192,655,100_0010_0056.JPG,100_0010_0083.JPG,4450,4210,2388,2255,0.9443048576214406,535.6294536817102,0.65625,0.65625,0.9053850769996643,False,ok,0.04801620000216644
D2_111_nadir,aliked-lightglue-r1024-k8192,aliked,lightglue,1024,8192,656,100_0010_0056.JPG,100_0010_0084.JPG,4450,4370,1602,1457,0.9094881398252185,333.4096109839817,0.5625,0.5625,0.8943391442298889,False,ok,0.046615200000815094
D2_111_nadir,aliked-lightglue-r1024-k8192,aliked,lightglue,1024,8192,657,100_0010_0056.JPG,100_0010_0085.JPG,4450,4353,1282,1115,0.8697347893915757,256.14518722719964,0.46875,0.46875,0.9372038841247559,False,ok,0.046051199999055825
D2_111_nadir,aliked-lightglue-r1024-k8192,aliked,lightglue,1024,8192,658,100_0010_0057.JPG,100_0010_0058.JPG,4541,5173,3633,3434,0.9452243325075695,756.2210966747413,0.875,0.875,0.9378073811531067,False,ok,0.04806259999895701
D2_111_nadir,aliked-lightglue-r1024-k8192,aliked,lightglue,1024,8192,659,100_0010_0057.JPG,100_0010_0059.JPG,4541,5798,3098,2856,0.921885087153002,628.9363576304779,0.625,0.625,0.9222045540809631,False,ok,0.0599787999963155
D2_111_nadir,aliked-lightglue-r1024-k8192,aliked,lightglue,1024,8192,660,100_0010_0057.JPG,100_0010_0060.JPG,4541,5921,2068,1837,0.8882978723404256,404.53644571680246,0.5,0.5,0.9293259978294373,False,ok,0.06531679999898188
D2_111_nadir,aliked-lightglue-r1024-k8192,aliked,lightglue,1024,8192,661,100_0010_0057.JPG,100_0010_0061.JPG,4541,6233,1147,992,0.8648648648648649,218.45408500330325,0.25,0.25,0.924129843711853,False,ok,0.0632608000014443
D2_111_nadir,aliked-lightglue-r1024-k8192,aliked,lightglue,1024,8192,662,100_0010_0057.JPG,100_0010_0062.JPG,4541,6437,64,14,0.21875,3.083021360933715,0.140625,0.125,0.3143514394760132,True,ok,0.12619740000081947
D2_111_nadir,aliked-lightglue-r1024-k8192,aliked,lightglue,1024,8192,663,100_0010_0057.JPG,100_0010_0063.JPG,4541,6066,69,13,0.18840579710144928,2.8628055494384497,0.09375,0.078125,0.21312277019023895,True,ok,0.07298979999904986
D2_111_nadir,aliked-lightglue-r1024-k8192,aliked,lightglue,1024,8192,664,100_0010_0057.JPG,100_0010_0064.JPG,4541,5789,50,14,0.28,3.083021360933715,0.09375,0.078125,0.2377493679523468,True,ok,0.06233290000091074
D2_111_nadir,aliked-lightglue-r1024-k8192,aliked,lightglue,1024,8192,665,100_0010_0057.JPG,100_0010_0065.JPG,4541,5166,23,10,0.43478260869565216,2.2021581149526535,0.109375,0.109375,0.22765213251113892,True,ok,0.05992909999622498
D2_111_nadir,aliked-lightglue-r1024-k8192,aliked,lightglue,1024,8192,666,100_0010_0057.JPG,100_0010_0080.JPG,4541,4365,2368,2239,0.9455236486486487,512.9438717067583,0.5625,0.578125,0.9280252456665039,False,ok,0.04428310000366764
D2_111_nadir,aliked-lightglue-r1024-k8192,aliked,lightglue,1024,8192,667,100_0010_0057.JPG,100_0010_0081.JPG,4541,3710,2563,2449,0.9555208739758096,660.1078167115903,0.6875,0.75,0.9202414751052856,False,ok,0.04164599999785423
D2_111_nadir,aliked-lightglue-r1024-k8192,aliked,lightglue,1024,8192,668,100_0010_0057.JPG,100_0010_0082.JPG,4541,3959,2290,2172,0.948471615720524,548.6233897448851,0.671875,0.65625,0.9099103808403015,False,ok,0.046029000004637055
D2_111_nadir,aliked-lightglue-r1024-k8192,aliked,lightglue,1024,8192,669,100_0010_0057.JPG,100_0010_0083.JPG,4541,4210,1678,1549,0.9231227651966627,367.9334916864608,0.5625,0.5625,0.9396635890007019,False,ok,0.04715389999910258
D2_111_nadir,aliked-lightglue-r1024-k8192,aliked,lightglue,1024,8192,670,100_0010_0058.JPG,100_0010_0059.JPG,5173,5798,4232,4031,0.9525047258979206,779.2383529866615,0.875,0.875,0.9236845970153809,False,ok,0.06256920000305399
D2_111_nadir,aliked-lightglue-r1024-k8192,aliked,lightglue,1024,8192,671,100_0010_0058.JPG,100_0010_0060.JPG,5173,5921,3085,2866,0.9290113452188007,554.0305432051034,0.625,0.625,0.9238565564155579,False,ok,0.06608979999873554
D2_111_nadir,aliked-lightglue-r1024-k8192,aliked,lightglue,1024,8192,672,100_0010_0058.JPG,100_0010_0061.JPG,5173,6233,2111,1891,0.8957839886309806,365.55190411753335,0.5,0.5,0.9352751970291138,False,ok,0.06853760000376496
D2_111_nadir,aliked-lightglue-r1024-k8192,aliked,lightglue,1024,8192,673,100_0010_0058.JPG,100_0010_0062.JPG,5173,6437,1162,1007,0.8666092943201377,194.66460467813647,0.25,0.25,0.9202201962471008,False,ok,0.07014690000505652
D2_111_nadir,aliked-lightglue-r1024-k8192,aliked,lightglue,1024,8192,674,100_0010_0058.JPG,100_0010_0063.JPG,5173,6066,57,12,0.21052631578947367,2.319737096462401,0.109375,0.09375,0.2263118326663971,True,ok,0.09030499999789754
D2_111_nadir,aliked-lightglue-r1024-k8192,aliked,lightglue,1024,8192,675,100_0010_0058.JPG,100_0010_0064.JPG,5173,5789,40,12,0.3,2.319737096462401,0.15625,0.125,0.24377956986427307,True,ok,0.07138180000038119
D2_111_nadir,aliked-lightglue-r1024-k8192,aliked,lightglue,1024,8192,676,100_0010_0058.JPG,100_0010_0065.JPG,5173,5166,20,9,0.45,1.7421602787456445,0.09375,0.109375,0.19012776017189026,True,ok,0.05700129999604542
D2_111_nadir,aliked-lightglue-r1024-k8192,aliked,lightglue,1024,8192,677,100_0010_0058.JPG,100_0010_0066.JPG,5173,4516,28,10,0.35714285714285715,2.2143489813994686,0.15625,0.125,0.2874179184436798,True,ok,0.06484140000247862
D2_111_nadir,aliked-lightglue-r1024-k8192,aliked,lightglue,1024,8192,678,100_0010_0058.JPG,100_0010_0079.JPG,5173,4923,2627,2447,0.9314807765511991,497.0546414787731,0.578125,0.578125,0.9240765571594238,False,ok,0.05333270000119228
D2_111_nadir,aliked-lightglue-r1024-k8192,aliked,lightglue,1024,8192,679,100_0010_0058.JPG,100_0010_0080.JPG,5173,4365,3084,2946,0.9552529182879378,674.9140893470791,0.75,0.75,0.937309205532074,False,ok,0.04987270000128774
D2_111_nadir,aliked-lightglue-r1024-k8192,aliked,lightglue,1024,8192,680,100_0010_0058.JPG,100_0010_0081.JPG,5173,3710,2684,2583,0.9623695976154992,696.2264150943396,0.65625,0.65625,0.9364186525344849,False,ok,0.04409660000237636
D2_111_nadir,aliked-lightglue-r1024-k8192,aliked,lightglue,1024,8192,681,100_0010_0058.JPG,100_0010_0082.JPG,5173,3959,2064,1945,0.9423449612403101,491.28567820156604,0.5625,0.53125,0.9291152358055115,False,ok,0.044401200000720564
D2_111_nadir,aliked-lightglue-r1024-k8192,aliked,lightglue,1024,8192,682,100_0010_0059.JPG,100_0010_0060.JPG,5798,5921,4241,4029,0.9500117896722471,694.8947913073473,0.875,0.875,0.9376957416534424,False,ok,0.07853489999979502
D2_111_nadir,aliked-lightglue-r1024-k8192,aliked,lightglue,1024,8192,683,100_0010_0059.JPG,100_0010_0061.JPG,5798,6233,3197,2946,0.9214888958398498,508.1062435322525,0.625,0.625,0.9408581256866455,False,ok,0.07806819999677828
D2_111_nadir,aliked-lightglue-r1024-k8192,aliked,lightglue,1024,8192,684,100_0010_0059.JPG,100_0010_0062.JPG,5798,6437,2210,1967,0.8900452488687782,339.25491548809936,0.484375,0.5,0.9407032132148743,False,ok,0.6196301000018138
D2_111_nadir,aliked-lightglue-r1024-k8192,aliked,lightglue,1024,8192,685,100_0010_0059.JPG,100_0010_0063.JPG,5798,6066,1199,1057,0.8815679733110926,182.30424284235943,0.25,0.25,0.9219449162483215,False,ok,0.04377770000428427
D2_111_nadir,aliked-lightglue-r1024-k8192,aliked,lightglue,1024,8192,686,100_0010_0059.JPG,100_0010_0064.JPG,5798,5789,28,10,0.35714285714285715,1.7274140611504578,0.125,0.078125,0.24269606173038483,True,ok,0.06191490000492195
D2_111_nadir,aliked-lightglue-r1024-k8192,aliked,lightglue,1024,8192,687,100_0010_0059.JPG,100_0010_0065.JPG,5798,5166,54,11,0.2037037037037037,2.129307007355788,0.109375,0.109375,0.17505347728729248,True,ok,0.059392199997091666
D2_111_nadir,aliked-lightglue-r1024-k8192,aliked,lightglue,1024,8192,688,100_0010_0059.JPG,100_0010_0066.JPG,5798,4516,34,10,0.29411764705882354,2.2143489813994686,0.140625,0.125,0.17565825581550598,True,ok,0.040258500004711095
D2_111_nadir,aliked-lightglue-r1024-k8192,aliked,lightglue,1024,8192,689,100_0010_0059.JPG,100_0010_0067.JPG,5798,3763,28,10,0.35714285714285715,2.6574541589157588,0.140625,0.109375,0.19400739669799805,True,ok,0.04913020000094548
D2_111_nadir,aliked-lightglue-r1024-k8192,aliked,lightglue,1024,8192,690,100_0010_0059.JPG,100_0010_0078.JPG,5798,5052,2546,2408,0.9457973291437549,476.6429136975455,0.5625,0.5625,0.9497935175895691,False,ok,0.0531120000014198
D2_111_nadir,aliked-lightglue-r1024-k8192,aliked,lightglue,1024,8192,691,100_0010_0059.JPG,100_0010_0079.JPG,5798,4923,3398,3225,0.9490876986462625,655.0883607556368,0.75,0.75,0.9350597262382507,False,ok,0.06320720000076108
D2_111_nadir,aliked-lightglue-r1024-k8192,aliked,lightglue,1024,8192,692,100_0010_0059.JPG,100_0010_0080.JPG,5798,4365,3070,2920,0.9511400651465798,668.9576174112257,0.65625,0.671875,0.9189898371696472,False,ok,0.0558584999962477
D2_111_nadir,aliked-lightglue-r1024-k8192,aliked,lightglue,1024,8192,693,100_0010_0059.JPG,100_0010_0081.JPG,5798,3710,2380,2242,0.9420168067226891,604.3126684636119,0.5625,0.546875,0.9108068943023682,False,ok,0.05039389999728883
D2_111_nadir,aliked-lightglue-r1024-k8192,aliked,lightglue,1024,8192,694,100_0010_0059.JPG,100_0010_0110.JPG,5798,5541,2194,1542,0.7028258887876025,278.2891174878181,0.703125,0.453125,0.9414514303207397,False,ok,0.0765839000014239
D2_111_nadir,aliked-lightglue-r1024-k8192,aliked,lightglue,1024,8192,695,100_0010_0059.JPG,100_0010_0111.JPG,5798,5584,1718,1300,0.7566938300349243,232.8080229226361,0.46875,0.421875,0.9126894474029541,False,ok,0.06004350000148406
D2_111_nadir,aliked-lightglue-r1024-k8192,aliked,lightglue,1024,8192,696,100_0010_0060.JPG,100_0010_0061.JPG,5921,6233,4405,4192,0.9516458569807037,707.9885154534707,0.875,0.875,0.9407552480697632,False,ok,0.4885829000049853
D2_111_nadir,aliked-lightglue-r1024-k8192,aliked,lightglue,1024,8192,697,100_0010_0060.JPG,100_0010_0062.JPG,5921,6437,3256,3001,0.9216830466830467,506.84006080054047,0.625,0.625,0.9447386860847473,False,ok,0.8582000999958836
D2_111_nadir,aliked-lightglue-r1024-k8192,aliked,lightglue,1024,8192,698,100_0010_0060.JPG,100_0010_0063.JPG,5921,6066,2173,1974,0.9084215370455592,333.3896301300456,0.5,0.5,0.9378270506858826,False,ok,0.04125330000533722
D2_111_nadir,aliked-lightglue-r1024-k8192,aliked,lightglue,1024,8192,699,100_0010_0060.JPG,100_0010_0064.JPG,5921,5789,1107,985,0.8897922312556459,170.1502850233201,0.25,0.25,0.9144647717475891,False,ok,0.11435119999805465
D2_111_nadir,aliked-lightglue-r1024-k8192,aliked,lightglue,1024,8192,700,100_0010_0060.JPG,100_0010_0065.JPG,5921,5166,44,10,0.22727272727272727,1.9357336430507162,0.125,0.09375,0.21646003425121307,True,ok,0.08473819999926491
D2_111_nadir,aliked-lightglue-r1024-k8192,aliked,lightglue,1024,8192,701,100_0010_0060.JPG,100_0010_0066.JPG,5921,4516,30,9,0.3,1.9929140832595218,0.125,0.125,0.1997833102941513,True,ok,0.08049839999875985
D2_111_nadir,aliked-lightglue-r1024-k8192,aliked,lightglue,1024,8192,702,100_0010_0060.JPG,100_0010_0067.JPG,5921,3763,32,9,0.28125,2.391708743024183,0.125,0.0625,0.2275504171848297,True,ok,0.040263800001412164
D2_111_nadir,aliked-lightglue-r1024-k8192,aliked,lightglue,1024,8192,703,100_0010_0060.JPG,100_0010_0068.JPG,5921,3378,35,9,0.2571428571428571,2.664298401420959,0.125,0.09375,0.1872466504573822,True,ok,0.0505574000053457
D2_111_nadir,aliked-lightglue-r1024-k8192,aliked,lightglue,1024,8192,704,100_0010_0060.JPG,100_0010_0078.JPG,5921,5052,3293,3143,0.9544488308533252,622.1298495645289,0.75,0.75,0.938543438911438,False,ok,0.07348300000012387
D2_111_nadir,aliked-lightglue-r1024-k8192,aliked,lightglue,1024,8192,705,100_0010_0060.JPG,100_0010_0079.JPG,5921,4923,3092,2948,0.9534282018111255,598.8218565915092,0.65625,0.65625,0.9326320290565491,False,ok,0.07188329999917187
D2_111_nadir,aliked-lightglue-r1024-k8192,aliked,lightglue,1024,8192,706,100_0010_0060.JPG,100_0010_0080.JPG,5921,4365,2321,2212,0.953037483843171,506.75830469644904,0.5625,0.546875,0.9160212874412537,False,ok,0.07651050000276882
D2_111_nadir,aliked-lightglue-r1024-k8192,aliked,lightglue,1024,8192,707,100_0010_0060.JPG,100_0010_0109.JPG,5921,5384,2189,1520,0.6943809958885335,282.3179791976226,0.625,0.484375,0.9308161735534668,False,ok,0.10139720000006491
D2_111_nadir,aliked-lightglue-r1024-k8192,aliked,lightglue,1024,8192,708,100_0010_0060.JPG,100_0010_0110.JPG,5921,5541,1715,1214,0.707871720116618,219.09402634903446,0.46875,0.359375,0.936611533164978,False,ok,0.06159199999819975
D2_111_nadir,aliked-lightglue-r1024-k8192,aliked,lightglue,1024,8192,709,100_0010_0060.JPG,100_0010_0111.JPG,5921,5584,1189,939,0.7897392767031118,168.15902578796562,0.328125,0.328125,0.9387832283973694,False,ok,0.056474000004527625
D2_111_nadir,aliked-lightglue-r1024-k8192,aliked,lightglue,1024,8192,710,100_0010_0061.JPG,100_0010_0062.JPG,6233,6437,4607,4404,0.9559366181897113,706.561848227178,0.875,0.875,0.9424570798873901,False,ok,0.9830148000037298
D2_111_nadir,aliked-lightglue-r1024-k8192,aliked,lightglue,1024,8192,711,100_0010_0061.JPG,100_0010_0063.JPG,6233,6066,3390,3163,0.9330383480825959,521.4309264754369,0.625,0.625,0.939243495464325,False,ok,0.07418419999885373
D2_111_nadir,aliked-lightglue-r1024-k8192,aliked,lightglue,1024,8192,712,100_0010_0061.JPG,100_0010_0064.JPG,6233,5789,2251,1996,0.8867170146601511,344.79184660563135,0.5,0.5,0.9327185153961182,False,ok,0.06151800000225194
D2_111_nadir,aliked-lightglue-r1024-k8192,aliked,lightglue,1024,8192,713,100_0010_0061.JPG,100_0010_0065.JPG,6233,5166,1179,1037,0.8795589482612384,200.73557878435926,0.25,0.25,0.9245249032974243,False,ok,0.07732389999728184
D2_111_nadir,aliked-lightglue-r1024-k8192,aliked,lightglue,1024,8192,714,100_0010_0061.JPG,100_0010_0066.JPG,6233,4516,31,9,0.2903225806451613,1.9929140832595218,0.09375,0.109375,0.1658591777086258,True,ok,0.09067520000098739
D2_111_nadir,aliked-lightglue-r1024-k8192,aliked,lightglue,1024,8192,715,100_0010_0061.JPG,100_0010_0067.JPG,6233,3763,28,9,0.32142857142857145,2.391708743024183,0.09375,0.078125,0.2252470701932907,True,ok,0.04134909999993397
D2_111_nadir,aliked-lightglue-r1024-k8192,aliked,lightglue,1024,8192,716,100_0010_0061.JPG,100_0010_0068.JPG,6233,3378,27,9,0.3333333333333333,2.664298401420959,0.109375,0.125,0.19369614124298096,True,ok,0.043317499999830034
D2_111_nadir,aliked-lightglue-r1024-k8192,aliked,lightglue,1024,8192,717,100_0010_0061.JPG,100_0010_0069.JPG,6233,3423,33,9,0.2727272727272727,2.629272567922875,0.140625,0.09375,0.20442645251750946,True,ok,0.045816300000296906
D2_111_nadir,aliked-lightglue-r1024-k8192,aliked,lightglue,1024,8192,718,100_0010_0061.JPG,100_0010_0077.JPG,6233,5527,3514,3355,0.9547524188958452,607.0200832277908,0.75,0.75,0.9414611458778381,False,ok,0.07398339999781456
D2_111_nadir,aliked-lightglue-r1024-k8192,aliked,lightglue,1024,8192,719,100_0010_0061.JPG,100_0010_0078.JPG,6233,5052,3136,3011,0.9601403061224489,596.0015835312747,0.65625,0.65625,0.9368584156036377,False,ok,0.0774645000055898
D2_111_nadir,aliked-lightglue-r1024-k8192,aliked,lightglue,1024,8192,720,100_0010_0061.JPG,100_0010_0079.JPG,6233,4923,2426,2299,0.9476504534212696,466.99167174487104,0.5625,0.5625,0.9413796663284302,False,ok,0.0691307000015513
D2_111_nadir,aliked-lightglue-r1024-k8192,aliked,lightglue,1024,8192,721,100_0010_0061.JPG,100_0010_0108.JPG,6233,5308,2086,1553,0.7444870565675935,292.57724189902035,0.625,0.453125,0.9319917559623718,False,ok,0.08326579999993555
D2_111_nadir,aliked-lightglue-r1024-k8192,aliked,lightglue,1024,8192,722,100_0010_0061.JPG,100_0010_0109.JPG,6233,5384,1707,1244,0.7287639132981839,231.05497771173847,0.484375,0.359375,0.9345458745956421,False,ok,0.05935219999810215
D2_111_nadir,aliked-lightglue-r1024-k8192,aliked,lightglue,1024,8192,723,100_0010_0061.JPG,100_0010_0110.JPG,6233,5541,1120,883,0.7883928571428571,159.35751669373758,0.265625,0.234375,0.9327760934829712,False,ok,0.06158259999938309
D2_111_nadir,aliked-lightglue-r1024-k8192,aliked,lightglue,1024,8192,724,100_0010_0061.JPG,100_0010_0111.JPG,6233,5584,482,401,0.8319502074688797,71.81232091690545,0.109375,0.125,0.8458733558654785,False,ok,0.09212980000302196
D2_111_nadir,aliked-lightglue-r1024-k8192,aliked,lightglue,1024,8192,725,100_0010_0062.JPG,100_0010_0063.JPG,6437,6066,4756,4528,0.9520605550883096,746.4556544675239,0.875,0.875,0.9384331107139587,False,ok,0.8927533000023686
D2_111_nadir,aliked-lightglue-r1024-k8192,aliked,lightglue,1024,8192,726,100_0010_0062.JPG,100_0010_0064.JPG,6437,5789,3473,3194,0.9196659948171609,551.7360511314562,0.625,0.625,0.9364185333251953,False,ok,0.04367400000046473
D2_111_nadir,aliked-lightglue-r1024-k8192,aliked,lightglue,1024,8192,727,100_0010_0062.JPG,100_0010_0065.JPG,6437,5166,2298,2059,0.8959965187119234,398.56755710414245,0.5,0.5,0.9383119940757751,False,ok,0.05900919999839971
D2_111_nadir,aliked-lightglue-r1024-k8192,aliked,lightglue,1024,8192,728,100_0010_0062.JPG,100_0010_0066.JPG,6437,4516,1175,1036,0.8817021276595745,229.40655447298494,0.25,0.25,0.9265140891075134,False,ok,0.07030440000380622
D2_111_nadir,aliked-lightglue-r1024-k8192,aliked,lightglue,1024,8192,729,100_0010_0062.JPG,100_0010_0067.JPG,6437,3763,40,10,0.25,2.6574541589157588,0.140625,0.125,0.1768016219139099,True,ok,0.07542539999849396
D2_111_nadir,aliked-lightglue-r1024-k8192,aliked,lightglue,1024,8192,730,100_0010_0062.JPG,100_0010_0068.JPG,6437,3378,16,9,0.5625,2.664298401420959,0.109375,0.109375,0.20232979953289032,True,ok,0.06340890000137733
D2_111_nadir,aliked-lightglue-r1024-k8192,aliked,lightglue,1024,8192,731,100_0010_0062.JPG,100_0010_0069.JPG,6437,3423,44,10,0.22727272727272727,2.9214139643587496,0.09375,0.109375,0.1727185696363449,True,ok,0.07562580000376329
D2_111_nadir,aliked-lightglue-r1024-k8192,aliked,lightglue,1024,8192,732,100_0010_0062.JPG,100_0010_0070.JPG,6437,3359,41,10,0.24390243902439024,2.977076510866329,0.09375,0.09375,0.20153334736824036,True,ok,0.07364289999532048
D2_111_nadir,aliked-lightglue-r1024-k8192,aliked,lightglue,1024,8192,733,100_0010_0062.JPG,100_0010_0076.JPG,6437,5906,3708,3549,0.9571197411003236,600.9143244158483,0.75,0.75,0.9304776191711426,False,ok,0.9256629000010435
D2_111_nadir,aliked-lightglue-r1024-k8192,aliked,lightglue,1024,8192,734,100_0010_0062.JPG,100_0010_0077.JPG,6437,5527,3324,3185,0.9581829121540313,576.2619866111814,0.65625,0.65625,0.9369029402732849,False,ok,0.042400199999974575
D2_111_nadir,aliked-lightglue-r1024-k8192,aliked,lightglue,1024,8192,735,100_0010_0062.JPG,100_0010_0078.JPG,6437,5052,2438,2310,0.9474979491386383,457.24465558194777,0.5625,0.546875,0.9391916394233704,False,ok,0.08833210000011604
D2_111_nadir,aliked-lightglue-r1024-k8192,aliked,lightglue,1024,8192,736,100_0010_0062.JPG,100_0010_0107.JPG,6437,5317,1869,1401,0.7495987158908507,263.4944517585104,0.484375,0.421875,0.9335567951202393,False,ok,0.10775999999896158
D2_111_nadir,aliked-lightglue-r1024-k8192,aliked,lightglue,1024,8192,737,100_0010_0062.JPG,100_0010_0108.JPG,6437,5308,1578,1174,0.743979721166033,221.17558402411456,0.375,0.34375,0.934188187122345,False,ok,0.07587320000311593
D2_111_nadir,aliked-lightglue-r1024-k8192,aliked,lightglue,1024,8192,738,100_0010_0062.JPG,100_0010_0109.JPG,6437,5384,1019,807,0.7919528949950932,149.88855869242198,0.25,0.25,0.919306755065918,False,ok,0.07944629999838071
D2_111_nadir,aliked-lightglue-r1024-k8192,aliked,lightglue,1024,8192,739,100_0010_0062.JPG,100_0010_0110.JPG,6437,5541,60,12,0.2,2.165674066053059,0.125,0.125,0.21744418144226074,True,ok,0.09005649999744492
D2_111_nadir,aliked-lightglue-r1024-k8192,aliked,lightglue,1024,8192,740,100_0010_0062.JPG,100_0010_0111.JPG,6437,5584,45,10,0.2222222222222222,1.7908309455587392,0.109375,0.09375,0.23777230083942413,True,ok,0.07782159999624128
D2_111_nadir,aliked-lightglue-r1024-k8192,aliked,lightglue,1024,8192,741,100_0010_0063.JPG,100_0010_0064.JPG,6066,5789,4355,4150,0.9529276693455798,716.87683537744,0.875,0.828125,0.9370272755622864,False,ok,0.06299089999811258
D2_111_nadir,aliked-lightglue-r1024-k8192,aliked,lightglue,1024,8192,742,100_0010_0063.JPG,100_0010_0065.JPG,6066,5166,2983,2747,0.9208850150854844,531.7460317460317,0.625,0.625,0.9431563019752502,False,ok,0.07157889999507461
D2_111_nadir,aliked-lightglue-r1024-k8192,aliked,lightglue,1024,8192,743,100_0010_0063.JPG,100_0010_0066.JPG,6066,4516,1747,1547,0.8855180309101317,342.5597874224978,0.5,0.421875,0.947192370891571,False,ok,0.060761500004446134
D2_111_nadir,aliked-lightglue-r1024-k8192,aliked,lightglue,1024,8192,744,100_0010_0063.JPG,100_0010_0067.JPG,6066,3763,567,473,0.8342151675485009,125.69758171671539,0.25,0.234375,0.8997646570205688,False,ok,0.05691789999400498
D2_111_nadir,aliked-lightglue-r1024-k8192,aliked,lightglue,1024,8192,745,100_0010_0063.JPG,100_0010_0068.JPG,6066,3378,58,29,0.5,8.584961515689757,0.09375,0.09375,0.5246174931526184,False,ok,0.06835039999714354
D2_111_nadir,aliked-lightglue-r1024-k8192,aliked,lightglue,1024,8192,746,100_0010_0063.JPG,100_0010_0069.JPG,6066,3423,62,32,0.5161290322580645,9.348524685947998,0.09375,0.109375,0.6112792491912842,False,ok,0.06127089999790769
D2_111_nadir,aliked-lightglue-r1024-k8192,aliked,lightglue,1024,8192,747,100_0010_0063.JPG,100_0010_0070.JPG,6066,3359,87,30,0.3448275862068966,8.931229532598987,0.09375,0.078125,0.3511224687099457,False,ok,0.050415900004736613
D2_111_nadir,aliked-lightglue-r1024-k8192,aliked,lightglue,1024,8192,748,100_0010_0063.JPG,100_0010_0071.JPG,6066,3386,111,77,0.6936936936936937,22.740696987595985,0.09375,0.09375,0.7324047088623047,False,ok,0.04898690000118222
D2_111_nadir,aliked-lightglue-r1024-k8192,aliked,lightglue,1024,8192,749,100_0010_0063.JPG,100_0010_0075.JPG,6066,5677,3499,3380,0.9659902829379823,595.3848863836533,0.75,0.71875,0.9235343933105469,False,ok,0.0753575999988243
D2_111_nadir,aliked-lightglue-r1024-k8192,aliked,lightglue,1024,8192,750,100_0010_0063.JPG,100_0010_0076.JPG,6066,5906,3490,3370,0.9656160458452722,570.6061632238402,0.65625,0.65625,0.9206113219261169,False,ok,0.08369620000303257
D2_111_nadir,aliked-lightglue-r1024-k8192,aliked,lightglue,1024,8192,751,100_0010_0063.JPG,100_0010_0106.JPG,6066,5350,1577,1235,0.7831325301204819,230.84112149532712,0.4375,0.328125,0.9310002326965332,False,ok,0.06515639999997802
D2_111_nadir,aliked-lightglue-r1024-k8192,aliked,lightglue,1024,8192,752,100_0010_0063.JPG,100_0010_0107.JPG,6066,5317,1330,1072,0.806015037593985,201.61745345119428,0.34375,0.3125,0.9346310496330261,False,ok,0.05230180000216933
D2_111_nadir,aliked-lightglue-r1024-k8192,aliked,lightglue,1024,8192,753,100_0010_0063.JPG,100_0010_0108.JPG,6066,5308,792,603,0.7613636363636364,113.60211002260739,0.234375,0.234375,0.9252563118934631,False,ok,0.05805700000200886
D2_111_nadir,aliked-lightglue-r1024-k8192,aliked,lightglue,1024,8192,754,100_0010_0063.JPG,100_0010_0109.JPG,6066,5384,52,13,0.25,2.414561664190193,0.109375,0.078125,0.28597012162208557,True,ok,0.11352369999804068
D2_111_nadir,aliked-lightglue-r1024-k8192,aliked,lightglue,1024,8192,755,100_0010_0063.JPG,100_0010_0110.JPG,6066,5541,67,10,0.14925373134328357,1.8047283883775491,0.109375,0.078125,0.22137875854969025,True,ok,0.057064999993599486
D2_111_nadir,aliked-lightglue-r1024-k8192,aliked,lightglue,1024,8192,756,100_0010_0063.JPG,100_0010_0111.JPG,6066,5584,51,9,0.17647058823529413,1.6117478510028653,0.109375,0.078125,0.24502305686473846,True,ok,0.05894679999619257
D2_111_nadir,aliked-lightglue-r1024-k8192,aliked,lightglue,1024,8192,757,100_0010_0064.JPG,100_0010_0065.JPG,5789,5166,3826,3591,0.9385781495033978,695.1219512195122,0.875,0.875,0.9358601570129395,False,ok,0.06077319999894826
D2_111_nadir,aliked-lightglue-r1024-k8192,aliked,lightglue,1024,8192,758,100_0010_0064.JPG,100_0010_0066.JPG,5789,4516,2386,2101,0.8805532271584241,465.2347209920284,0.625,0.625,0.9298307299613953,False,ok,0.05219750000105705
D2_111_nadir,aliked-lightglue-r1024-k8192,aliked,lightglue,1024,8192,759,100_0010_0064.JPG,100_0010_0067.JPG,5789,3763,1108,868,0.7833935018050542,230.66702099388786,0.5,0.484375,0.9007942080497742,False,ok,0.04995249999774387
D2_111_nadir,aliked-lightglue-r1024-k8192,aliked,lightglue,1024,8192,760,100_0010_0064.JPG,100_0010_0068.JPG,5789,3378,515,351,0.6815533980582524,103.9076376554174,0.328125,0.375,0.7790414690971375,False,ok,0.04517889999988256
D2_111_nadir,aliked-lightglue-r1024-k8192,aliked,lightglue,1024,8192,761,100_0010_0064.JPG,100_0010_0069.JPG,5789,3423,431,303,0.703016241299304,88.51884312007012,0.21875,0.296875,0.8044313192367554,False,ok,0.04849549999926239
D2_111_nadir,aliked-lightglue-r1024-k8192,aliked,lightglue,1024,8192,762,100_0010_0064.JPG,100_0010_0070.JPG,5789,3359,404,300,0.7425742574257426,89.31229532598988,0.234375,0.265625,0.8079760074615479,False,ok,0.05001300000003539
D2_111_nadir,aliked-lightglue-r1024-k8192,aliked,lightglue,1024,8192,763,100_0010_0064.JPG,100_0010_0071.JPG,5789,3386,444,355,0.7995495495495496,104.84347312463083,0.25,0.28125,0.8255122303962708,False,ok,0.05151099999784492
D2_111_nadir,aliked-lightglue-r1024-k8192,aliked,lightglue,1024,8192,764,100_0010_0064.JPG,100_0010_0072.JPG,5789,3768,1310,1168,0.8916030534351145,309.9787685774947,0.4375,0.4375,0.9134455323219299,False,ok,0.05760129999544006
D2_111_nadir,aliked-lightglue-r1024-k8192,aliked,lightglue,1024,8192,765,100_0010_0064.JPG,100_0010_0074.JPG,5789,5065,3135,3001,0.9572567783094099,592.497532082922,0.75,0.75,0.9153577089309692,False,ok,0.06566939999902388
D2_111_nadir,aliked-lightglue-r1024-k8192,aliked,lightglue,1024,8192,766,100_0010_0064.JPG,100_0010_0075.JPG,5789,5677,3153,3022,0.9584522676815731,532.3234102518936,0.65625,0.65625,0.9136439561843872,False,ok,0.07319439999992028
D2_111_nadir,aliked-lightglue-r1024-k8192,aliked,lightglue,1024,8192,767,100_0010_0064.JPG,100_0010_0106.JPG,5789,5350,950,749,0.7884210526315789,140.0,0.234375,0.21875,0.8941325545310974,False,ok,0.06591609999304637
D2_111_nadir,aliked-lightglue-r1024-k8192,aliked,lightglue,1024,8192,768,100_0010_0064.JPG,100_0010_0107.JPG,5789,5317,478,377,0.7887029288702929,70.90464547677261,0.109375,0.109375,0.8617581725120544,False,ok,0.08761789999698522
D2_111_nadir,aliked-lightglue-r1024-k8192,aliked,lightglue,1024,8192,769,100_0010_0064.JPG,100_0010_0108.JPG,5789,5308,64,15,0.234375,2.825923134890731,0.09375,0.0625,0.24785129725933075,False,ok,0.09011240000108955
D2_111_nadir,aliked-lightglue-r1024-k8192,aliked,lightglue,1024,8192,770,100_0010_0064.JPG,100_0010_0109.JPG,5789,5384,82,10,0.12195121951219512,1.8573551263001487,0.109375,0.125,0.23685115575790405,True,ok,0.06231839999963995
D2_111_nadir,aliked-lightglue-r1024-k8192,aliked,lightglue,1024,8192,771,100_0010_0065.JPG,100_0010_0066.JPG,5166,4516,3289,2983,0.9069626026147766,660.5403011514614,0.875,0.859375,0.9428415298461914,False,ok,0.04738100000395207
D2_111_nadir,aliked-lightglue-r1024-k8192,aliked,lightglue,1024,8192,772,100_0010_0065.JPG,100_0010_0067.JPG,5166,3763,1806,1503,0.8322259136212624,399.4153600850385,0.625,0.625,0.9244892597198486,False,ok,0.048032899998361245
D2_111_nadir,aliked-lightglue-r1024-k8192,aliked,lightglue,1024,8192,773,100_0010_0065.JPG,100_0010_0068.JPG,5166,3378,1116,849,0.760752688172043,251.3321492007105,0.484375,0.484375,0.8961138725280762,False,ok,0.04071589999512071
D2_111_nadir,aliked-lightglue-r1024-k8192,aliked,lightglue,1024,8192,774,100_0010_0065.JPG,100_0010_0069.JPG,5166,3423,899,699,0.7775305895439377,204.2068361086766,0.4375,0.4375,0.8728641867637634,False,ok,0.04058640000585001
D2_111_nadir,aliked-lightglue-r1024-k8192,aliked,lightglue,1024,8192,775,100_0010_0065.JPG,100_0010_0070.JPG,5166,3359,789,628,0.7959442332065906,186.96040488240547,0.375,0.375,0.8815237283706665,False,ok,0.041703000002598856
D2_111_nadir,aliked-lightglue-r1024-k8192,aliked,lightglue,1024,8192,776,100_0010_0065.JPG,100_0010_0071.JPG,5166,3386,826,682,0.8256658595641646,201.41760189013584,0.453125,0.375,0.8907497525215149,False,ok,0.04583950000233017
D2_111_nadir,aliked-lightglue-r1024-k8192,aliked,lightglue,1024,8192,777,100_0010_0065.JPG,100_0010_0072.JPG,5166,3768,1782,1638,0.9191919191919192,434.71337579617835,0.5625,0.5625,0.9227458238601685,False,ok,0.045407100005832035
D2_111_nadir,aliked-lightglue-r1024-k8192,aliked,lightglue,1024,8192,778,100_0010_0065.JPG,100_0010_0073.JPG,5166,4464,2760,2579,0.9344202898550724,577.7329749103943,0.75,0.734375,0.924367368221283,False,ok,0.0491150000016205
D2_111_nadir,aliked-lightglue-r1024-k8192,aliked,lightglue,1024,8192,779,100_0010_0065.JPG,100_0010_0074.JPG,5166,5065,2751,2623,0.9534714649218466,517.8677196446199,0.65625,0.65625,0.9244035482406616,False,ok,0.057144400001561735
D2_111_nadir,aliked-lightglue-r1024-k8192,aliked,lightglue,1024,8192,780,100_0010_0065.JPG,100_0010_0105.JPG,5166,5231,755,625,0.8278145695364238,120.98335269066976,0.1875,0.1875,0.9214463829994202,False,ok,0.048857300003874116
D2_111_nadir,aliked-lightglue-r1024-k8192,aliked,lightglue,1024,8192,781,100_0010_0065.JPG,100_0010_0106.JPG,5166,5350,16,8,0.5,1.548586914440573,0.09375,0.078125,0.20736536383628845,True,ok,0.07602110000152607
D2_111_nadir,aliked-lightglue-r1024-k8192,aliked,lightglue,1024,8192,782,100_0010_0065.JPG,100_0010_0107.JPG,5166,5317,23,10,0.43478260869565216,1.9357336430507162,0.078125,0.03125,0.21554577350616455,True,ok,0.07595779999974184
D2_111_nadir,aliked-lightglue-r1024-k8192,aliked,lightglue,1024,8192,783,100_0010_0065.JPG,100_0010_0108.JPG,5166,5308,28,11,0.39285714285714285,2.129307007355788,0.109375,0.078125,0.22322700917720795,True,ok,0.07662839999829885
D2_111_nadir,aliked-lightglue-r1024-k8192,aliked,lightglue,1024,8192,784,100_0010_0066.JPG,100_0010_0067.JPG,4516,3763,2532,2249,0.8882306477093207,597.6614403401542,0.875,0.875,0.9302513003349304,False,ok,0.04119199999695411
D2_111_nadir,aliked-lightglue-r1024-k8192,aliked,lightglue,1024,8192,785,100_0010_0066.JPG,100_0010_0068.JPG,4516,3378,1797,1465,0.8152476349471341,433.68857312018946,0.71875,0.75,0.9193098545074463,False,ok,0.045455500003299676
D2_111_nadir,aliked-lightglue-r1024-k8192,aliked,lightglue,1024,8192,786,100_0010_0066.JPG,100_0010_0069.JPG,4516,3423,1491,1232,0.8262910798122066,359.91820040899796,0.640625,0.65625,0.9114192128181458,False,ok,0.03953609999734908
D2_111_nadir,aliked-lightglue-r1024-k8192,aliked,lightglue,1024,8192,787,100_0010_0066.JPG,100_0010_0070.JPG,4516,3359,1254,1041,0.8301435406698564,309.9136647811849,0.5625,0.5625,0.9140432476997375,False,ok,0.03704319999815198
D2_111_nadir,aliked-lightglue-r1024-k8192,aliked,lightglue,1024,8192,788,100_0010_0066.JPG,100_0010_0071.JPG,4516,3386,1279,1067,0.8342455043002346,315.1210868281158,0.5625,0.5625,0.9145639538764954,False,ok,0.038807099997939076
D2_111_nadir,aliked-lightglue-r1024-k8192,aliked,lightglue,1024,8192,789,100_0010_0066.JPG,100_0010_0072.JPG,4516,3768,2237,2078,0.9289226642825212,551.4861995753715,0.75,0.75,0.9173261523246765,False,ok,0.04197550000390038
D2_111_nadir,aliked-lightglue-r1024-k8192,aliked,lightglue,1024,8192,790,100_0010_0066.JPG,100_0010_0073.JPG,4516,4464,2273,2145,0.9436867575890893,480.51075268817203,0.65625,0.6875,0.9282411336898804,False,ok,0.04846689999976661
D2_111_nadir,aliked-lightglue-r1024-k8192,aliked,lightglue,1024,8192,791,100_0010_0066.JPG,100_0010_0074.JPG,4516,5065,1807,1687,0.9335915882678473,373.5606731620903,0.546875,0.5625,0.9368187189102173,False,ok,0.05325499999889871
D2_111_nadir,aliked-lightglue-r1024-k8192,aliked,lightglue,1024,8192,792,100_0010_0066.JPG,100_0010_0105.JPG,4516,5231,9,8,0.8888888888888888,1.7714791851195748,0.09375,0.109375,0.1936095505952835,True,ok,0.07436320000124397
D2_111_nadir,aliked-lightglue-r1024-k8192,aliked,lightglue,1024,8192,793,100_0010_0066.JPG,100_0010_0106.JPG,4516,5350,12,8,0.6666666666666666,1.7714791851195748,0.078125,0.078125,0.18158984184265137,True,ok,0.07359050000377465
D2_111_nadir,aliked-lightglue-r1024-k8192,aliked,lightglue,1024,8192,794,100_0010_0066.JPG,100_0010_0107.JPG,4516,5317,17,10,0.5882352941176471,2.2143489813994686,0.078125,0.078125,0.17945687472820282,True,ok,0.07133590000012191
D2_111_nadir,aliked-lightglue-r1024-k8192,aliked,lightglue,1024,8192,795,100_0010_0067.JPG,100_0010_0068.JPG,3763,3378,2535,2229,0.8792899408284024,659.8579040852576,0.90625,0.90625,0.9248017072677612,False,ok,0.040703600003325846
D2_111_nadir,aliked-lightglue-r1024-k8192,aliked,lightglue,1024,8192,796,100_0010_0067.JPG,100_0010_0069.JPG,3763,3423,2093,1814,0.8666985188724319,529.9444931346771,0.8125,0.828125,0.9202463030815125,False,ok,0.03992489999654936
D2_111_nadir,aliked-lightglue-r1024-k8192,aliked,lightglue,1024,8192,797,100_0010_0067.JPG,100_0010_0070.JPG,3763,3359,1723,1500,0.8705745792222868,446.56147662994937,0.75,0.71875,0.9131224751472473,False,ok,0.04300829999556299
D2_111_nadir,aliked-lightglue-r1024-k8192,aliked,lightglue,1024,8192,798,100_0010_0067.JPG,100_0010_0071.JPG,3763,3386,1736,1512,0.8709677419354839,446.54459539279384,0.734375,0.71875,0.9133836627006531,False,ok,0.0461901000016951
D2_111_nadir,aliked-lightglue-r1024-k8192,aliked,lightglue,1024,8192,799,100_0010_0067.JPG,100_0010_0072.JPG,3763,3768,1826,1630,0.8926615553121577,433.16502790326865,0.65625,0.671875,0.9182204604148865,False,ok,0.037809600005857646
D2_111_nadir,aliked-lightglue-r1024-k8192,aliked,lightglue,1024,8192,800,100_0010_0067.JPG,100_0010_0073.JPG,3763,4464,1337,1187,0.8878085265519821,315.43980866330054,0.5625,0.5625,0.9013587832450867,False,ok,0.04295780000393279
D2_111_nadir,aliked-lightglue-r1024-k8192,aliked,lightglue,1024,8192,801,100_0010_0067.JPG,100_0010_0074.JPG,3763,5065,931,827,0.8882921589688507,219.77145894233325,0.375,0.375,0.9141607284545898,False,ok,0.04889309999998659
D2_111_nadir,aliked-lightglue-r1024-k8192,aliked,lightglue,1024,8192,802,100_0010_0067.JPG,100_0010_0075.JPG,3763,5677,567,485,0.855379188712522,128.8865267074143,0.25,0.28125,0.9092320203781128,False,ok,0.050167299996246584
D2_111_nadir,aliked-lightglue-r1024-k8192,aliked,lightglue,1024,8192,803,100_0010_0068.JPG,100_0010_0069.JPG,3378,3423,2373,2143,0.9030762747576907,634.3990526939017,0.84375,0.875,0.9043577909469604,False,ok,0.03793059999588877
D2_111_nadir,aliked-lightglue-r1024-k8192,aliked,lightglue,1024,8192,804,100_0010_0068.JPG,100_0010_0070.JPG,3378,3359,1917,1678,0.8753260302556077,499.55343852337006,0.75,0.75,0.9133896827697754,False,ok,0.049862399995618034
D2_111_nadir,aliked-lightglue-r1024-k8192,aliked,lightglue,1024,8192,805,100_0010_0068.JPG,100_0010_0071.JPG,3378,3386,1851,1620,0.8752025931928687,479.57371225577265,0.71875,0.75,0.9129847884178162,False,ok,0.04828099999576807
D2_111_nadir,aliked-lightglue-r1024-k8192,aliked,lightglue,1024,8192,806,100_0010_0068.JPG,100_0010_0072.JPG,3378,3768,1381,1160,0.8399710354815351,343.3984606275903,0.578125,0.578125,0.9026510715484619,False,ok,0.03495919999841135
D2_111_nadir,aliked-lightglue-r1024-k8192,aliked,lightglue,1024,8192,807,100_0010_0068.JPG,100_0010_0073.JPG,3378,4464,944,761,0.8061440677966102,225.28123149792776,0.46875,0.4375,0.9040311574935913,False,ok,0.037219900004856754
D2_111_nadir,aliked-lightglue-r1024-k8192,aliked,lightglue,1024,8192,808,100_0010_0068.JPG,100_0010_0074.JPG,3378,5065,556,463,0.8327338129496403,137.06335109532267,0.28125,0.265625,0.8802180886268616,False,ok,0.040934000004199333
D2_111_nadir,aliked-lightglue-r1024-k8192,aliked,lightglue,1024,8192,809,100_0010_0068.JPG,100_0010_0075.JPG,3378,5677,205,142,0.6926829268292682,42.036708111308464,0.125,0.078125,0.8201078176498413,False,ok,0.05231600000115577
D2_111_nadir,aliked-lightglue-r1024-k8192,aliked,lightglue,1024,8192,810,100_0010_0068.JPG,100_0010_0076.JPG,3378,5906,14,8,0.5714285714285714,2.3682652457075193,0.125,0.109375,0.1851516216993332,True,ok,0.06180730000050971
D2_111_nadir,aliked-lightglue-r1024-k8192,aliked,lightglue,1024,8192,811,100_0010_0069.JPG,100_0010_0070.JPG,3423,3359,2610,2383,0.9130268199233716,709.4373325394463,0.875,0.875,0.9133821129798889,False,ok,0.03658200000063516
D2_111_nadir,aliked-lightglue-r1024-k8192,aliked,lightglue,1024,8192,812,100_0010_0069.JPG,100_0010_0071.JPG,3423,3386,2491,2269,0.9108791649939784,670.1122268163024,0.875,0.875,0.910005509853363,False,ok,0.03422370000043884
D2_111_nadir,aliked-lightglue-r1024-k8192,aliked,lightglue,1024,8192,813,100_0010_0069.JPG,100_0010_0072.JPG,3423,3768,1729,1493,0.863504916136495,436.16710487876134,0.671875,0.6875,0.9145756959915161,False,ok,0.037919300004432444
D2_111_nadir,aliked-lightglue-r1024-k8192,aliked,lightglue,1024,8192,814,100_0010_0069.JPG,100_0010_0073.JPG,3423,4464,1117,931,0.8334825425246195,271.9836400817996,0.546875,0.546875,0.914024293422699,False,ok,0.036968699998396914
D2_111_nadir,aliked-lightglue-r1024-k8192,aliked,lightglue,1024,8192,815,100_0010_0069.JPG,100_0010_0074.JPG,3423,5065,653,551,0.8437978560490046,160.96990943616711,0.328125,0.328125,0.8921442627906799,False,ok,0.04443870000250172
D2_111_nadir,aliked-lightglue-r1024-k8192,aliked,lightglue,1024,8192,816,100_0010_0069.JPG,100_0010_0075.JPG,3423,5677,263,197,0.7490494296577946,57.55185509786737,0.1875,0.15625,0.7557123303413391,False,ok,0.04617770000186283
D2_111_nadir,aliked-lightglue-r1024-k8192,aliked,lightglue,1024,8192,817,100_0010_0069.JPG,100_0010_0076.JPG,3423,5906,21,9,0.42857142857142855,2.629272567922875,0.109375,0.125,0.2003326416015625,True,ok,0.06527500000083819
D2_111_nadir,aliked-lightglue-r1024-k8192,aliked,lightglue,1024,8192,818,100_0010_0069.JPG,100_0010_0077.JPG,3423,5527,20,9,0.45,2.629272567922875,0.09375,0.09375,0.23723717033863068,True,ok,0.06276670000079321
D2_111_nadir,aliked-lightglue-r1024-k8192,aliked,lightglue,1024,8192,819,100_0010_0069.JPG,100_0010_0101.JPG,3423,3115,1318,1131,0.8581183611532626,363.0818619582665,0.625,0.515625,0.9010248780250549,False,ok,0.0474709999980405
D2_111_nadir,aliked-lightglue-r1024-k8192,aliked,lightglue,1024,8192,820,100_0010_0069.JPG,100_0010_0102.JPG,3423,3081,1401,1225,0.8743754461099215,397.598182408309,0.625,0.546875,0.8980682492256165,False,ok,0.038787899997259956
D2_111_nadir,aliked-lightglue-r1024-k8192,aliked,lightglue,1024,8192,821,100_0010_0069.JPG,100_0010_0103.JPG,3423,4941,23,9,0.391304347826087,2.629272567922875,0.109375,0.109375,0.2174282670021057,True,ok,0.052973599995311815
D2_111_nadir,aliked-lightglue-r1024-k8192,aliked,lightglue,1024,8192,822,100_0010_0069.JPG,100_0010_0104.JPG,3423,5180,61,10,0.16393442622950818,2.9214139643587496,0.109375,0.109375,0.2097800225019455,True,ok,0.04047419999551494
D2_111_nadir,aliked-lightglue-r1024-k8192,aliked,lightglue,1024,8192,823,100_0010_0069.JPG,100_0010_0105.JPG,3423,5231,16,9,0.5625,2.629272567922875,0.078125,0.0625,0.19752740859985352,True,ok,0.05299090000335127
D2_111_nadir,aliked-lightglue-r1024-k8192,aliked,lightglue,1024,8192,824,100_0010_0069.JPG,100_0010_0106.JPG,3423,5350,30,10,0.3333333333333333,2.9214139643587496,0.078125,0.109375,0.16181179881095886,True,ok,0.05803300000115996
D2_111_nadir,aliked-lightglue-r1024-k8192,aliked,lightglue,1024,8192,825,100_0010_0070.JPG,100_0010_0071.JPG,3359,3386,2960,2856,0.9648648648648649,850.2530515034236,1.0,1.0,0.913887619972229,False,ok,0.03333530000236351
D2_111_nadir,aliked-lightglue-r1024-k8192,aliked,lightglue,1024,8192,826,100_0010_0070.JPG,100_0010_0072.JPG,3359,3768,1866,1598,0.8563772775991425,475.7368264364394,0.75,0.8125,0.9025978446006775,False,ok,0.04165909999574069
D2_111_nadir,aliked-lightglue-r1024-k8192,aliked,lightglue,1024,8192,827,100_0010_0070.JPG,100_0010_0073.JPG,3359,4464,1198,970,0.8096828046744574,288.77642155403396,0.609375,0.625,0.8923962712287903,False,ok,0.039071599996532314
D2_111_nadir,aliked-lightglue-r1024-k8192,aliked,lightglue,1024,8192,828,100_0010_0070.JPG,100_0010_0074.JPG,3359,5065,676,544,0.8047337278106509,161.9529621911283,0.359375,0.34375,0.8870128989219666,False,ok,0.04228399999556132
D2_111_nadir,aliked-lightglue-r1024-k8192,aliked,lightglue,1024,8192,829,100_0010_0070.JPG,100_0010_0075.JPG,3359,5677,275,220,0.8,65.49568323905925,0.21875,0.21875,0.7830105423927307,False,ok,0.04759699999704026
D2_111_nadir,aliked-lightglue-r1024-k8192,aliked,lightglue,1024,8192,830,100_0010_0070.JPG,100_0010_0076.JPG,3359,5906,15,8,0.5333333333333333,2.3816612086930635,0.125,0.09375,0.22075434029102325,True,ok,0.0658423999993829
D2_111_nadir,aliked-lightglue-r1024-k8192,aliked,lightglue,1024,8192,831,100_0010_0070.JPG,100_0010_0077.JPG,3359,5527,14,8,0.5714285714285714,2.3816612086930635,0.09375,0.078125,0.2525846064090729,True,ok,0.0677741999970749
D2_111_nadir,aliked-lightglue-r1024-k8192,aliked,lightglue,1024,8192,832,100_0010_0070.JPG,100_0010_0078.JPG,3359,5052,22,9,0.4090909090909091,2.6793688597796965,0.125,0.09375,0.21413812041282654,True,ok,0.06037789999390952
D2_111_nadir,aliked-lightglue-r1024-k8192,aliked,lightglue,1024,8192,833,100_0010_0070.JPG,100_0010_0100.JPG,3359,3582,1093,932,0.8526989935956084,277.4635308127419,0.546875,0.46875,0.9012328386306763,False,ok,0.04770529999950668
D2_111_nadir,aliked-lightglue-r1024-k8192,aliked,lightglue,1024,8192,834,100_0010_0070.JPG,100_0010_0101.JPG,3359,3115,1493,1311,0.8780977896851976,420.86677367576243,0.75,0.65625,0.8915083408355713,False,ok,0.05939119999675313
D2_111_nadir,aliked-lightglue-r1024-k8192,aliked,lightglue,1024,8192,835,100_0010_0070.JPG,100_0010_0102.JPG,3359,3081,1593,1407,0.8832391713747646,456.6699123661149,0.75,0.640625,0.8882204294204712,False,ok,0.06092679999710526
D2_111_nadir,aliked-lightglue-r1024-k8192,aliked,lightglue,1024,8192,836,100_0010_0070.JPG,100_0010_0103.JPG,3359,4941,14,8,0.5714285714285714,2.3816612086930635,0.109375,0.125,0.18070609867572784,True,ok,0.05017529999895487
D2_111_nadir,aliked-lightglue-r1024-k8192,aliked,lightglue,1024,8192,837,100_0010_0070.JPG,100_0010_0104.JPG,3359,5180,56,11,0.19642857142857142,3.274784161952962,0.09375,0.125,0.19644473493099213,True,ok,0.04385030000412371
D2_111_nadir,aliked-lightglue-r1024-k8192,aliked,lightglue,1024,8192,838,100_0010_0070.JPG,100_0010_0105.JPG,3359,5231,12,8,0.6666666666666666,2.3816612086930635,0.09375,0.109375,0.16704070568084717,True,ok,0.052372800004377495
D2_111_nadir,aliked-lightglue-r1024-k8192,aliked,lightglue,1024,8192,839,100_0010_0071.JPG,100_0010_0072.JPG,3386,3768,1934,1573,0.8133402275077559,464.55995274660364,0.78125,0.78125,0.9034649729728699,False,ok,0.0354323000065051
D2_111_nadir,aliked-lightglue-r1024-k8192,aliked,lightglue,1024,8192,840,100_0010_0071.JPG,100_0010_0073.JPG,3386,4464,1234,1017,0.8241491085899514,300.35440047253394,0.609375,0.625,0.9045879244804382,False,ok,0.036772899999050424
D2_111_nadir,aliked-lightglue-r1024-k8192,aliked,lightglue,1024,8192,841,100_0010_0071.JPG,100_0010_0074.JPG,3386,5065,711,599,0.8424753867791842,176.90490253987005,0.359375,0.40625,0.8959473371505737,False,ok,0.040771899999526795
D2_111_nadir,aliked-lightglue-r1024-k8192,aliked,lightglue,1024,8192,842,100_0010_0071.JPG,100_0010_0075.JPG,3386,5677,308,239,0.775974025974026,70.58476077968103,0.203125,0.234375,0.8083882331848145,False,ok,0.049012000003131106
D2_111_nadir,aliked-lightglue-r1024-k8192,aliked,lightglue,1024,8192,843,100_0010_0071.JPG,100_0010_0076.JPG,3386,5906,25,10,0.4,2.9533372711163617,0.125,0.125,0.21004784107208252,True,ok,0.07517799999914132
D2_111_nadir,aliked-lightglue-r1024-k8192,aliked,lightglue,1024,8192,844,100_0010_0071.JPG,100_0010_0077.JPG,3386,5527,25,9,0.36,2.658003544004725,0.09375,0.09375,0.22683243453502655,True,ok,0.057036399994103704
D2_111_nadir,aliked-lightglue-r1024-k8192,aliked,lightglue,1024,8192,845,100_0010_0071.JPG,100_0010_0078.JPG,3386,5052,39,10,0.2564102564102564,2.9533372711163617,0.078125,0.09375,0.23108741641044617,True,ok,0.06363479999708943
D2_111_nadir,aliked-lightglue-r1024-k8192,aliked,lightglue,1024,8192,846,100_0010_0071.JPG,100_0010_0079.JPG,3386,4923,45,10,0.2222222222222222,2.9533372711163617,0.140625,0.140625,0.19823411107063293,True,ok,0.03197790000558598
D2_111_nadir,aliked-lightglue-r1024-k8192,aliked,lightglue,1024,8192,847,100_0010_0071.JPG,100_0010_0100.JPG,3386,3582,1131,925,0.8178603006189213,273.18369757826343,0.546875,0.46875,0.8982353210449219,False,ok,0.03696040000068024
D2_111_nadir,aliked-lightglue-r1024-k8192,aliked,lightglue,1024,8192,848,100_0010_0071.JPG,100_0010_0101.JPG,3386,3115,1544,1365,0.8840673575129534,438.2022471910112,0.75,0.671875,0.8934265971183777,False,ok,0.050953099998878315
D2_111_nadir,aliked-lightglue-r1024-k8192,aliked,lightglue,1024,8192,849,100_0010_0071.JPG,100_0010_0102.JPG,3386,3081,1677,1477,0.8807394156231365,479.3898085037326,0.75,0.65625,0.8852318525314331,False,ok,0.04721430000063265
D2_111_nadir,aliked-lightglue-r1024-k8192,aliked,lightglue,1024,8192,850,100_0010_0071.JPG,100_0010_0103.JPG,3386,4941,16,9,0.5625,2.658003544004725,0.09375,0.125,0.15958654880523682,True,ok,0.048724599997512996
D2_111_nadir,aliked-lightglue-r1024-k8192,aliked,lightglue,1024,8192,851,100_0010_0071.JPG,100_0010_0104.JPG,3386,5180,21,9,0.42857142857142855,2.658003544004725,0.109375,0.09375,0.22262516617774963,True,ok,0.05768849999731174
D2_111_nadir,aliked-lightglue-r1024-k8192,aliked,lightglue,1024,8192,852,100_0010_0071.JPG,100_0010_0105.JPG,3386,5231,14,8,0.5714285714285714,2.362669816893089,0.09375,0.09375,0.17278042435646057,True,ok,0.060587399995711166
D2_111_nadir,aliked-lightglue-r1024-k8192,aliked,lightglue,1024,8192,853,100_0010_0072.JPG,100_0010_0073.JPG,3768,4464,2596,2405,0.9264252696456087,638.2696390658174,0.859375,0.875,0.932803750038147,False,ok,0.040892500001064036
D2_111_nadir,aliked-lightglue-r1024-k8192,aliked,lightglue,1024,8192,854,100_0010_0072.JPG,100_0010_0074.JPG,3768,5065,1954,1753,0.8971340839303992,465.2335456475584,0.59375,0.59375,0.9324108958244324,False,ok,0.05035640000278363
D2_111_nadir,aliked-lightglue-r1024-k8192,aliked,lightglue,1024,8192,855,100_0010_0072.JPG,100_0010_0075.JPG,3768,5677,1420,1283,0.9035211267605634,340.49893842887474,0.46875,0.5,0.9361447691917419,False,ok,0.0496523999972851
D2_111_nadir,aliked-lightglue-r1024-k8192,aliked,lightglue,1024,8192,856,100_0010_0072.JPG,100_0010_0076.JPG,3768,5906,1053,934,0.8869895536562203,247.87685774946922,0.25,0.25,0.9240536093711853,False,ok,0.054466000001411885
D2_111_nadir,aliked-lightglue-r1024-k8192,aliked,lightglue,1024,8192,857,100_0010_0072.JPG,100_0010_0077.JPG,3768,5527,44,9,0.20454545454545456,2.388535031847134,0.109375,0.140625,0.19515596330165863,True,ok,0.05940099999861559
D2_111_nadir,aliked-lightglue-r1024-k8192,aliked,lightglue,1024,8192,858,100_0010_0072.JPG,100_0010_0078.JPG,3768,5052,20,8,0.4,2.1231422505307855,0.09375,0.125,0.20990529656410217,True,ok,0.042964000000210945
D2_111_nadir,aliked-lightglue-r1024-k8192,aliked,lightglue,1024,8192,859,100_0010_0072.JPG,100_0010_0079.JPG,3768,4923,18,8,0.4444444444444444,2.1231422505307855,0.125,0.125,0.21399252116680145,True,ok,0.041672299994388595
D2_111_nadir,aliked-lightglue-r1024-k8192,aliked,lightglue,1024,8192,860,100_0010_0072.JPG,100_0010_0080.JPG,3768,4365,20,9,0.45,2.388535031847134,0.09375,0.09375,0.19389966130256653,True,ok,0.05544470000313595
D2_111_nadir,aliked-lightglue-r1024-k8192,aliked,lightglue,1024,8192,861,100_0010_0072.JPG,100_0010_0099.JPG,3768,4091,1580,1456,0.9215189873417722,386.411889596603,0.546875,0.609375,0.9110328555107117,False,ok,0.04084669999429025
D2_111_nadir,aliked-lightglue-r1024-k8192,aliked,lightglue,1024,8192,862,100_0010_0072.JPG,100_0010_0100.JPG,3768,3582,2051,1901,0.9268649439297904,530.7091010608599,0.734375,0.671875,0.9192696809768677,False,ok,0.052994800003943965
D2_111_nadir,aliked-lightglue-r1024-k8192,aliked,lightglue,1024,8192,863,100_0010_0072.JPG,100_0010_0101.JPG,3768,3115,1315,1107,0.8418250950570342,355.37720706260035,0.609375,0.546875,0.9120081067085266,False,ok,0.050880999995570164
D2_111_nadir,aliked-lightglue-r1024-k8192,aliked,lightglue,1024,8192,864,100_0010_0072.JPG,100_0010_0102.JPG,3768,3081,1195,967,0.8092050209205021,313.8591366439468,0.59375,0.515625,0.8955971002578735,False,ok,0.047338399999716785
D2_111_nadir,aliked-lightglue-r1024-k8192,aliked,lightglue,1024,8192,865,100_0010_0072.JPG,100_0010_0103.JPG,3768,4941,847,746,0.8807556080283353,197.98301486199574,0.21875,0.21875,0.9135482311248779,False,ok,0.041030500004126225
D2_111_nadir,aliked-lightglue-r1024-k8192,aliked,lightglue,1024,8192,866,100_0010_0072.JPG,100_0010_0104.JPG,3768,5180,330,266,0.806060606060606,70.59447983014861,0.109375,0.125,0.8295824527740479,False,ok,0.05519099999946775
D2_111_nadir,aliked-lightglue-r1024-k8192,aliked,lightglue,1024,8192,867,100_0010_0072.JPG,100_0010_0105.JPG,3768,5231,16,9,0.5625,2.388535031847134,0.140625,0.109375,0.1570383608341217,True,ok,0.06381099999998696
D2_111_nadir,aliked-lightglue-r1024-k8192,aliked,lightglue,1024,8192,868,100_0010_0072.JPG,100_0010_0106.JPG,3768,5350,25,10,0.4,2.653927813163482,0.15625,0.109375,0.19551217555999756,True,ok,0.06291310000233352
D2_111_nadir,aliked-lightglue-r1024-k8192,aliked,lightglue,1024,8192,869,100_0010_0073.JPG,100_0010_0074.JPG,4464,5065,3378,3158,0.9348727057430433,707.4372759856631,0.859375,0.859375,0.9454687833786011,False,ok,0.0491662999993423
D2_111_nadir,aliked-lightglue-r1024-k8192,aliked,lightglue,1024,8192,870,100_0010_0073.JPG,100_0010_0075.JPG,4464,5677,2700,2481,0.9188888888888889,555.7795698924731,0.625,0.625,0.9459538459777832,False,ok,0.06262550000246847
D2_111_nadir,aliked-lightglue-r1024-k8192,aliked,lightglue,1024,8192,871,100_0010_0073.JPG,100_0010_0076.JPG,4464,5906,2198,2008,0.913557779799818,449.82078853046596,0.484375,0.5,0.9469950199127197,False,ok,0.0616844999967725
D2_111_nadir,aliked-lightglue-r1024-k8192,aliked,lightglue,1024,8192,872,100_0010_0073.JPG,100_0010_0077.JPG,4464,5527,1221,1106,0.9058149058149059,247.75985663082437,0.25,0.25,0.9355461597442627,False,ok,0.05428789999859873
D2_111_nadir,aliked-lightglue-r1024-k8192,aliked,lightglue,1024,8192,873,100_0010_0073.JPG,100_0010_0078.JPG,4464,5052,29,9,0.3103448275862069,2.0161290322580645,0.09375,0.109375,0.1833561509847641,True,ok,0.05135650000011083
D2_111_nadir,aliked-lightglue-r1024-k8192,aliked,lightglue,1024,8192,874,100_0010_0073.JPG,100_0010_0079.JPG,4464,4923,47,10,0.2127659574468085,2.240143369175627,0.109375,0.125,0.18359589576721191,True,ok,0.043934200002695434
D2_111_nadir,aliked-lightglue-r1024-k8192,aliked,lightglue,1024,8192,875,100_0010_0073.JPG,100_0010_0080.JPG,4464,4365,19,9,0.47368421052631576,2.0618556701030926,0.046875,0.046875,0.3142949640750885,True,ok,0.04887410000083037
D2_111_nadir,aliked-lightglue-r1024-k8192,aliked,lightglue,1024,8192,876,100_0010_0073.JPG,100_0010_0081.JPG,4464,3710,19,9,0.47368421052631576,2.4258760107816713,0.09375,0.078125,0.2707766890525818,True,ok,0.050538500006950926
D2_111_nadir,aliked-lightglue-r1024-k8192,aliked,lightglue,1024,8192,877,100_0010_0073.JPG,100_0010_0098.JPG,4464,4674,2222,2109,0.9491449144914491,472.4462365591398,0.609375,0.59375,0.9225314855575562,False,ok,0.051499900000635535
D2_111_nadir,aliked-lightglue-r1024-k8192,aliked,lightglue,1024,8192,878,100_0010_0073.JPG,100_0010_0099.JPG,4464,4091,2608,2470,0.9470858895705522,603.7643607919824,0.75,0.71875,0.9249764680862427,False,ok,0.04785290000290843
D2_111_nadir,aliked-lightglue-r1024-k8192,aliked,lightglue,1024,8192,879,100_0010_0073.JPG,100_0010_0100.JPG,4464,3582,1872,1707,0.9118589743589743,476.54941373534336,0.65625,0.578125,0.9425854682922363,False,ok,0.04891880000650417
D2_111_nadir,aliked-lightglue-r1024-k8192,aliked,lightglue,1024,8192,880,100_0010_0073.JPG,100_0010_0101.JPG,4464,3115,969,805,0.8307533539731682,258.4269662921348,0.53125,0.40625,0.9018838405609131,False,ok,0.03875580000021728
D2_111_nadir,aliked-lightglue-r1024-k8192,aliked,lightglue,1024,8192,881,100_0010_0073.JPG,100_0010_0102.JPG,4464,3081,836,694,0.8301435406698564,225.25154170723792,0.46875,0.390625,0.8949998021125793,False,ok,0.03588630000012927
D2_111_nadir,aliked-lightglue-r1024-k8192,aliked,lightglue,1024,8192,882,100_0010_0073.JPG,100_0010_0103.JPG,4464,4941,1507,1237,0.820836098208361,277.10573476702507,0.453125,0.34375,0.9034481048583984,False,ok,0.045252100004290696
D2_111_nadir,aliked-lightglue-r1024-k8192,aliked,lightglue,1024,8192,883,100_0010_0073.JPG,100_0010_0104.JPG,4464,5180,1250,1077,0.8616,241.26344086021504,0.34375,0.25,0.9105468988418579,False,ok,0.04806470000039553
D2_111_nadir,aliked-lightglue-r1024-k8192,aliked,lightglue,1024,8192,884,100_0010_0073.JPG,100_0010_0105.JPG,4464,5231,683,554,0.8111273792093704,124.10394265232975,0.125,0.125,0.913372278213501,False,ok,0.04700140000204556
D2_111_nadir,aliked-lightglue-r1024-k8192,aliked,lightglue,1024,8192,885,100_0010_0073.JPG,100_0010_0106.JPG,4464,5350,24,10,0.4166666666666667,2.240143369175627,0.078125,0.0625,0.1624228060245514,True,ok,0.07190129999798955
D2_111_nadir,aliked-lightglue-r1024-k8192,aliked,lightglue,1024,8192,886,100_0010_0073.JPG,100_0010_0107.JPG,4464,5317,11,8,0.7272727272727273,1.7921146953405018,0.046875,0.03125,0.20389007031917572,True,ok,0.06636340000113705
D2_111_nadir,aliked-lightglue-r1024-k8192,aliked,lightglue,1024,8192,887,100_0010_0074.JPG,100_0010_0075.JPG,5065,5677,3971,3791,0.9546713674137497,748.4698914116485,0.859375,0.875,0.9473173022270203,False,ok,0.06620109999494161
D2_111_nadir,aliked-lightglue-r1024-k8192,aliked,lightglue,1024,8192,888,100_0010_0074.JPG,100_0010_0076.JPG,5065,5906,3260,3024,0.9276073619631902,597.0384995064165,0.625,0.625,0.9460799694061279,False,ok,0.07269359999918379
D2_111_nadir,aliked-lightglue-r1024-k8192,aliked,lightglue,1024,8192,889,100_0010_0074.JPG,100_0010_0077.JPG,5065,5527,2214,2040,0.9214092140921409,402.7640671273445,0.5,0.5,0.9382233619689941,False,ok,0.0667715000017779
D2_111_nadir,aliked-lightglue-r1024-k8192,aliked,lightglue,1024,8192,890,100_0010_0074.JPG,100_0010_0078.JPG,5065,5052,1116,998,0.8942652329749103,197.54552652414884,0.25,0.25,0.9174773693084717,False,ok,0.05440850000013597
D2_111_nadir,aliked-lightglue-r1024-k8192,aliked,lightglue,1024,8192,891,100_0010_0074.JPG,100_0010_0079.JPG,5065,4923,44,13,0.29545454545454547,2.640666260410319,0.09375,0.09375,0.2665441632270813,True,ok,0.07690500000171596
D2_111_nadir,aliked-lightglue-r1024-k8192,aliked,lightglue,1024,8192,892,100_0010_0074.JPG,100_0010_0080.JPG,5065,4365,25,11,0.44,2.520045819014891,0.0625,0.109375,0.23760876059532166,True,ok,0.05575549999775831
D2_111_nadir,aliked-lightglue-r1024-k8192,aliked,lightglue,1024,8192,893,100_0010_0074.JPG,100_0010_0081.JPG,5065,3710,28,9,0.32142857142857145,2.4258760107816713,0.109375,0.09375,0.19581381976604462,True,ok,0.05918350000138162
D2_111_nadir,aliked-lightglue-r1024-k8192,aliked,lightglue,1024,8192,894,100_0010_0074.JPG,100_0010_0082.JPG,5065,3959,15,8,0.5333333333333333,2.020712301086133,0.109375,0.109375,0.2779648005962372,True,ok,0.055356799995934125
D2_111_nadir,aliked-lightglue-r1024-k8192,aliked,lightglue,1024,8192,895,100_0010_0074.JPG,100_0010_0096.JPG,5065,5260,2341,2209,0.943613840239214,436.1303060217177,0.46875,0.46875,0.9258647561073303,False,ok,0.05995280000206549
D2_111_nadir,aliked-lightglue-r1024-k8192,aliked,lightglue,1024,8192,896,100_0010_0074.JPG,100_0010_0097.JPG,5065,5165,2673,2571,0.9618406285072951,507.6011846001974,0.625,0.65625,0.9261526465415955,False,ok,0.059000300003390294
D2_111_nadir,aliked-lightglue-r1024-k8192,aliked,lightglue,1024,8192,897,100_0010_0074.JPG,100_0010_0098.JPG,5065,4674,3120,3006,0.9634615384615385,643.1322207958922,0.734375,0.71875,0.9198253750801086,False,ok,0.05351410000002943
D2_111_nadir,aliked-lightglue-r1024-k8192,aliked,lightglue,1024,8192,898,100_0010_0074.JPG,100_0010_0099.JPG,5065,4091,2461,2361,0.9593661113368549,577.1205084331459,0.640625,0.625,0.9463680386543274,False,ok,0.04961670000193408
D2_111_nadir,aliked-lightglue-r1024-k8192,aliked,lightglue,1024,8192,899,100_0010_0074.JPG,100_0010_0100.JPG,5065,3582,1503,1392,0.9261477045908184,388.60971524288107,0.546875,0.484375,0.9414168000221252,False,ok,0.04774189999443479
D2_111_nadir,aliked-lightglue-r1024-k8192,aliked,lightglue,1024,8192,900,100_0010_0074.JPG,100_0010_0104.JPG,5065,5180,1838,1393,0.7578890097932536,275.02467917077985,0.484375,0.421875,0.9057911038398743,False,ok,0.054038099995523226
D2_111_nadir,aliked-lightglue-r1024-k8192,aliked,lightglue,1024,8192,901,100_0010_0074.JPG,100_0010_0105.JPG,5065,5231,1480,1212,0.8189189189189189,239.28923988153997,0.375,0.375,0.9151619672775269,False,ok,0.054294699999445584
D2_111_nadir,aliked-lightglue-r1024-k8192,aliked,lightglue,1024,8192,902,100_0010_0074.JPG,100_0010_0106.JPG,5065,5350,847,674,0.7957497048406139,133.0700888450148,0.25,0.25,0.9156994223594666,False,ok,0.061529199992946815
D2_111_nadir,aliked-lightglue-r1024-k8192,aliked,lightglue,1024,8192,903,100_0010_0074.JPG,100_0010_0107.JPG,5065,5317,78,18,0.23076923076923078,3.5538005923000986,0.078125,0.078125,0.2504895329475403,False,ok,0.09661789999518078
D2_111_nadir,aliked-lightglue-r1024-k8192,aliked,lightglue,1024,8192,904,100_0010_0074.JPG,100_0010_0108.JPG,5065,5308,43,11,0.2558139534883721,2.1717670286278383,0.078125,0.0625,0.3049201965332031,True,ok,0.07508139999845298
D2_111_nadir,aliked-lightglue-r1024-k8192,aliked,lightglue,1024,8192,905,100_0010_0075.JPG,100_0010_0076.JPG,5677,5906,4537,4289,0.9453383292924841,755.5046679584287,0.859375,0.875,0.9403589963912964,False,ok,0.06216869999479968
D2_111_nadir,aliked-lightglue-r1024-k8192,aliked,lightglue,1024,8192,906,100_0010_0075.JPG,100_0010_0077.JPG,5677,5527,3360,3101,0.9229166666666667,561.0638682829745,0.625,0.625,0.9395506978034973,False,ok,0.06945680000353605
D2_111_nadir,aliked-lightglue-r1024-k8192,aliked,lightglue,1024,8192,907,100_0010_0075.JPG,100_0010_0078.JPG,5677,5052,2199,1949,0.8863119599818099,385.7878068091845,0.5,0.5,0.9342538714408875,False,ok,0.05485200000111945
D2_111_nadir,aliked-lightglue-r1024-k8192,aliked,lightglue,1024,8192,908,100_0010_0075.JPG,100_0010_0079.JPG,5677,4923,1208,1038,0.859271523178808,210.84704448507009,0.25,0.25,0.9250579476356506,False,ok,0.06243289999838453
D2_111_nadir,aliked-lightglue-r1024-k8192,aliked,lightglue,1024,8192,909,100_0010_0075.JPG,100_0010_0080.JPG,5677,4365,96,51,0.53125,11.683848797250858,0.0625,0.078125,0.6093583703041077,False,ok,0.08134250000148313
D2_111_nadir,aliked-lightglue-r1024-k8192,aliked,lightglue,1024,8192,910,100_0010_0075.JPG,100_0010_0081.JPG,5677,3710,39,11,0.28205128205128205,2.964959568733154,0.078125,0.09375,0.18876731395721436,True,ok,0.0633940000043367
D2_111_nadir,aliked-lightglue-r1024-k8192,aliked,lightglue,1024,8192,911,100_0010_0075.JPG,100_0010_0082.JPG,5677,3959,23,10,0.43478260869565216,2.525890376357666,0.109375,0.09375,0.21945731341838837,True,ok,0.06274549999943702
D2_111_nadir,aliked-lightglue-r1024-k8192,aliked,lightglue,1024,8192,912,100_0010_0075.JPG,100_0010_0083.JPG,5677,4210,56,11,0.19642857142857142,2.6128266033254155,0.171875,0.125,0.22196395695209503,True,ok,0.05318719999922905
D2_111_nadir,aliked-lightglue-r1024-k8192,aliked,lightglue,1024,8192,913,100_0010_0075.JPG,100_0010_0095.JPG,5677,4710,2392,2253,0.9418896321070234,478.343949044586,0.46875,0.46875,0.9256852865219116,False,ok,0.05734479999955511
D2_111_nadir,aliked-lightglue-r1024-k8192,aliked,lightglue,1024,8192,914,100_0010_0075.JPG,100_0010_0096.JPG,5677,5260,3197,3054,0.955270566155771,580.6083650190114,0.625,0.65625,0.9268560409545898,False,ok,0.060233900003368035
D2_111_nadir,aliked-lightglue-r1024-k8192,aliked,lightglue,1024,8192,915,100_0010_0075.JPG,100_0010_0097.JPG,5677,5165,3528,3415,0.9679705215419501,661.1810261374637,0.75,0.75,0.9316368699073792,False,ok,0.06571570000232896
D2_111_nadir,aliked-lightglue-r1024-k8192,aliked,lightglue,1024,8192,916,100_0010_0075.JPG,100_0010_0098.JPG,5677,4674,2918,2823,0.9674434544208362,603.97946084724,0.65625,0.625,0.9397859573364258,False,ok,0.06151300000055926
D2_111_nadir,aliked-lightglue-r1024-k8192,aliked,lightglue,1024,8192,917,100_0010_0075.JPG,100_0010_0105.JPG,5677,5231,2117,1569,0.7411431270666037,299.94264958898873,0.578125,0.453125,0.911761462688446,False,ok,0.06249469999602297
D2_111_nadir,aliked-lightglue-r1024-k8192,aliked,lightglue,1024,8192,918,100_0010_0075.JPG,100_0010_0106.JPG,5677,5350,1651,1299,0.7867958812840703,242.80373831775702,0.375,0.359375,0.916466474533081,False,ok,0.06520140000066021
D2_111_nadir,aliked-lightglue-r1024-k8192,aliked,lightglue,1024,8192,919,100_0010_0075.JPG,100_0010_0107.JPG,5677,5317,1016,828,0.8149606299212598,155.72691367312393,0.234375,0.21875,0.9144802689552307,False,ok,0.06093789999431465
D2_111_nadir,aliked-lightglue-r1024-k8192,aliked,lightglue,1024,8192,920,100_0010_0075.JPG,100_0010_0108.JPG,5677,5308,300,270,0.9,50.866616428033154,0.09375,0.109375,0.8091352581977844,False,ok,0.08805530000245199
D2_111_nadir,aliked-lightglue-r1024-k8192,aliked,lightglue,1024,8192,921,100_0010_0076.JPG,100_0010_0077.JPG,5906,5527,4301,4084,0.9495466170657987,738.9180387190157,0.859375,0.875,0.9446792602539062,False,ok,0.07047880000027362
D2_111_nadir,aliked-lightglue-r1024-k8192,aliked,lightglue,1024,8192,922,100_0010_0076.JPG,100_0010_0078.JPG,5906,5052,3041,2757,0.9066096678724104,545.7244655581948,0.609375,0.625,0.9395370483398438,False,ok,0.0645866000049864
D2_111_nadir,aliked-lightglue-r1024-k8192,aliked,lightglue,1024,8192,923,100_0010_0076.JPG,100_0010_0079.JPG,5906,4923,2005,1769,0.8822942643391521,359.3337395896811,0.484375,0.5,0.9349756836891174,False,ok,0.06986909999977797
D2_111_nadir,aliked-lightglue-r1024-k8192,aliked,lightglue,1024,8192,924,100_0010_0076.JPG,100_0010_0080.JPG,5906,4365,916,780,0.851528384279476,178.69415807560136,0.25,0.25,0.8959908485412598,False,ok,0.061035200000333134
D2_111_nadir,aliked-lightglue-r1024-k8192,aliked,lightglue,1024,8192,925,100_0010_0076.JPG,100_0010_0081.JPG,5906,3710,53,14,0.2641509433962264,3.7735849056603774,0.078125,0.078125,0.25712674856185913,True,ok,0.07420759999513393
D2_111_nadir,aliked-lightglue-r1024-k8192,aliked,lightglue,1024,8192,926,100_0010_0076.JPG,100_0010_0082.JPG,5906,3959,27,10,0.37037037037037035,2.525890376357666,0.125,0.140625,0.18859097361564636,True,ok,0.06465860000025714
D2_111_nadir,aliked-lightglue-r1024-k8192,aliked,lightglue,1024,8192,927,100_0010_0076.JPG,100_0010_0083.JPG,5906,4210,49,10,0.20408163265306123,2.375296912114014,0.09375,0.125,0.19711636006832123,True,ok,0.0524952999985544
D2_111_nadir,aliked-lightglue-r1024-k8192,aliked,lightglue,1024,8192,928,100_0010_0076.JPG,100_0010_0084.JPG,5906,4370,35,9,0.2571428571428571,2.059496567505721,0.125,0.109375,0.16838617622852325,True,ok,0.05358649999834597
D2_111_nadir,aliked-lightglue-r1024-k8192,aliked,lightglue,1024,8192,929,100_0010_0076.JPG,100_0010_0094.JPG,5906,4284,2051,1884,0.9185763042418332,439.77591036414566,0.453125,0.453125,0.938175618648529,False,ok,0.049952099994698074
D2_111_nadir,aliked-lightglue-r1024-k8192,aliked,lightglue,1024,8192,930,100_0010_0076.JPG,100_0010_0095.JPG,5906,4710,2873,2731,0.9505743125652628,579.8301486199575,0.640625,0.640625,0.9389432668685913,False,ok,0.06270889999723295
D2_111_nadir,aliked-lightglue-r1024-k8192,aliked,lightglue,1024,8192,931,100_0010_0076.JPG,100_0010_0096.JPG,5906,5260,3715,3556,0.9572005383580081,676.0456273764258,0.75,0.75,0.9352577924728394,False,ok,0.06994980000308715
D2_111_nadir,aliked-lightglue-r1024-k8192,aliked,lightglue,1024,8192,932,100_0010_0076.JPG,100_0010_0097.JPG,5906,5165,3333,3181,0.9543954395439544,615.8760890609874,0.65625,0.65625,0.9326562881469727,False,ok,0.06784419999894453
D2_111_nadir,aliked-lightglue-r1024-k8192,aliked,lightglue,1024,8192,933,100_0010_0076.JPG,100_0010_0106.JPG,5906,5350,2079,1399,0.6729196729196729,261.49532710280374,0.625,0.453125,0.9274969100952148,False,ok,0.07143160000123316
D2_111_nadir,aliked-lightglue-r1024-k8192,aliked,lightglue,1024,8192,934,100_0010_0076.JPG,100_0010_0107.JPG,5906,5317,1561,1192,0.763613068545804,224.18657137483544,0.453125,0.328125,0.9270304441452026,False,ok,0.06404689999908442
D2_111_nadir,aliked-lightglue-r1024-k8192,aliked,lightglue,1024,8192,935,100_0010_0076.JPG,100_0010_0108.JPG,5906,5308,994,834,0.8390342052313883,157.12132629992465,0.3125,0.265625,0.916591465473175,False,ok,0.07751719999941997
D2_111_nadir,aliked-lightglue-r1024-k8192,aliked,lightglue,1024,8192,936,100_0010_0076.JPG,100_0010_0109.JPG,5906,5384,460,399,0.8673913043478261,74.10846953937593,0.140625,0.15625,0.8827526569366455,False,ok,0.07578370000555879
D2_111_nadir,aliked-lightglue-r1024-k8192,aliked,lightglue,1024,8192,937,100_0010_0077.JPG,100_0010_0078.JPG,5527,5052,3827,3596,0.9396394042330808,711.797307996833,0.875,0.875,0.9433202147483826,False,ok,0.06358109999564476
D2_111_nadir,aliked-lightglue-r1024-k8192,aliked,lightglue,1024,8192,938,100_0010_0077.JPG,100_0010_0079.JPG,5527,4923,2699,2448,0.9070025935531678,497.25776965265084,0.625,0.625,0.9410451650619507,False,ok,0.06062060000112979
D2_111_nadir,aliked-lightglue-r1024-k8192,aliked,lightglue,1024,8192,939,100_0010_0077.JPG,100_0010_0080.JPG,5527,4365,1574,1403,0.8913595933926303,321.4203894616266,0.5,0.484375,0.9166421294212341,False,ok,0.0519782999981544
D2_111_nadir,aliked-lightglue-r1024-k8192,aliked,lightglue,1024,8192,940,100_0010_0077.JPG,100_0010_0081.JPG,5527,3710,787,688,0.8742058449809402,185.44474393531,0.25,0.25,0.9199820756912231,False,ok,0.05454759999702219
D2_111_nadir,aliked-lightglue-r1024-k8192,aliked,lightglue,1024,8192,941,100_0010_0077.JPG,100_0010_0082.JPG,5527,3959,101,62,0.6138613861386139,15.66052033341753,0.140625,0.125,0.5039963722229004,False,ok,0.09035440000297967
D2_111_nadir,aliked-lightglue-r1024-k8192,aliked,lightglue,1024,8192,942,100_0010_0077.JPG,100_0010_0083.JPG,5527,4210,40,10,0.25,2.375296912114014,0.15625,0.140625,0.19358780980110168,True,ok,0.05359570000291569
D2_111_nadir,aliked-lightglue-r1024-k8192,aliked,lightglue,1024,8192,943,100_0010_0077.JPG,100_0010_0084.JPG,5527,4370,34,10,0.29411764705882354,2.288329519450801,0.140625,0.140625,0.19666117429733276,True,ok,0.04573060000257101
D2_111_nadir,aliked-lightglue-r1024-k8192,aliked,lightglue,1024,8192,944,100_0010_0077.JPG,100_0010_0085.JPG,5527,4353,33,10,0.30303030303030304,2.297266253158741,0.09375,0.078125,0.18229112029075623,True,ok,0.04673529999854509
D2_111_nadir,aliked-lightglue-r1024-k8192,aliked,lightglue,1024,8192,945,100_0010_0077.JPG,100_0010_0093.JPG,5527,3967,1689,1490,0.8821788040260509,375.5986891857827,0.46875,0.4375,0.9230825304985046,False,ok,0.04908930000237888
D2_111_nadir,aliked-lightglue-r1024-k8192,aliked,lightglue,1024,8192,946,100_0010_0077.JPG,100_0010_0094.JPG,5527,4284,2457,2291,0.9324379324379325,534.7805788982259,0.65625,0.625,0.9345235824584961,False,ok,0.05614190000051167
D2_111_nadir,aliked-lightglue-r1024-k8192,aliked,lightglue,1024,8192,947,100_0010_0077.JPG,100_0010_0095.JPG,5527,4710,3299,3132,0.949378599575629,664.968152866242,0.75,0.734375,0.9380684494972229,False,ok,0.06233970000175759
D2_111_nadir,aliked-lightglue-r1024-k8192,aliked,lightglue,1024,8192,948,100_0010_0077.JPG,100_0010_0096.JPG,5527,5260,3100,2941,0.9487096774193549,559.1254752851711,0.65625,0.65625,0.9313903450965881,False,ok,0.06665829999838024
D2_111_nadir,aliked-lightglue-r1024-k8192,aliked,lightglue,1024,8192,949,100_0010_0077.JPG,100_0010_0097.JPG,5527,5165,2631,2439,0.927023945267959,472.216844143272,0.5625,0.5625,0.9313711524009705,False,ok,0.06102399999508634
D2_111_nadir,aliked-lightglue-r1024-k8192,aliked,lightglue,1024,8192,950,100_0010_0077.JPG,100_0010_0107.JPG,5527,5317,1875,1369,0.7301333333333333,257.4760203122061,0.5625,0.4375,0.9192575812339783,False,ok,0.06458700000075623
D2_111_nadir,aliked-lightglue-r1024-k8192,aliked,lightglue,1024,8192,951,100_0010_0077.JPG,100_0010_0108.JPG,5527,5308,1411,1096,0.7767540751240255,206.48078372268273,0.40625,0.375,0.9239799380302429,False,ok,0.06628429999545915
D2_111_nadir,aliked-lightglue-r1024-k8192,aliked,lightglue,1024,8192,952,100_0010_0077.JPG,100_0010_0109.JPG,5527,5384,964,851,0.8827800829875518,158.06092124814265,0.25,0.265625,0.9263828992843628,False,ok,0.06481580000399845
D2_111_nadir,aliked-lightglue-r1024-k8192,aliked,lightglue,1024,8192,953,100_0010_0078.JPG,100_0010_0079.JPG,5052,4923,3516,3293,0.9365756541524459,668.9010765793215,0.859375,0.84375,0.9374154806137085,False,ok,0.06377590000192868
D2_111_nadir,aliked-lightglue-r1024-k8192,aliked,lightglue,1024,8192,954,100_0010_0078.JPG,100_0010_0080.JPG,5052,4365,2284,2068,0.9054290718038529,473.76861397479956,0.609375,0.609375,0.9202678799629211,False,ok,0.0490667999983998
D2_111_nadir,aliked-lightglue-r1024-k8192,aliked,lightglue,1024,8192,955,100_0010_0078.JPG,100_0010_0081.JPG,5052,3710,1463,1289,0.8810663021189337,347.43935309973045,0.484375,0.484375,0.9327478408813477,False,ok,0.0481835000027786
D2_111_nadir,aliked-lightglue-r1024-k8192,aliked,lightglue,1024,8192,956,100_0010_0078.JPG,100_0010_0082.JPG,5052,3959,836,733,0.8767942583732058,185.14776458701692,0.25,0.265625,0.9191809892654419,False,ok,0.05070290000003297
D2_111_nadir,aliked-lightglue-r1024-k8192,aliked,lightglue,1024,8192,957,100_0010_0078.JPG,100_0010_0083.JPG,5052,4210,39,9,0.23076923076923078,2.137767220902613,0.140625,0.140625,0.2073264718055725,True,ok,0.05299139999988256
D2_111_nadir,aliked-lightglue-r1024-k8192,aliked,lightglue,1024,8192,958,100_0010_0078.JPG,100_0010_0084.JPG,5052,4370,40,10,0.25,2.288329519450801,0.125,0.09375,0.21585795283317566,True,ok,0.04441850000148406
D2_111_nadir,aliked-lightglue-r1024-k8192,aliked,lightglue,1024,8192,959,100_0010_0078.JPG,100_0010_0085.JPG,5052,4353,36,9,0.25,2.067539627842867,0.078125,0.078125,0.22249287366867065,True,ok,0.04991439999866998
D2_111_nadir,aliked-lightglue-r1024-k8192,aliked,lightglue,1024,8192,960,100_0010_0078.JPG,100_0010_0086.JPG,5052,4127,10,7,0.7,1.696147322510298,0.09375,0.09375,0.21393196284770966,True,ok,0.041514799995638896
D2_111_nadir,aliked-lightglue-r1024-k8192,aliked,lightglue,1024,8192,961,100_0010_0078.JPG,100_0010_0092.JPG,5052,3407,1358,1199,0.8829160530191458,351.92251247431756,0.453125,0.453125,0.9003578424453735,False,ok,0.04335960000025807
D2_111_nadir,aliked-lightglue-r1024-k8192,aliked,lightglue,1024,8192,962,100_0010_0078.JPG,100_0010_0093.JPG,5052,3967,2120,1940,0.9150943396226415,489.03453491303253,0.65625,0.625,0.9213538765907288,False,ok,0.05259910000313539
D2_111_nadir,aliked-lightglue-r1024-k8192,aliked,lightglue,1024,8192,963,100_0010_0078.JPG,100_0010_0094.JPG,5052,4284,2914,2753,0.9447494852436513,642.6237161531279,0.75,0.75,0.923343300819397,False,ok,0.05114039999898523
D2_111_nadir,aliked-lightglue-r1024-k8192,aliked,lightglue,1024,8192,964,100_0010_0078.JPG,100_0010_0095.JPG,5052,4710,2657,2474,0.9311253293187806,525.2653927813163,0.65625,0.65625,0.9287506341934204,False,ok,0.05383000000438187
D2_111_nadir,aliked-lightglue-r1024-k8192,aliked,lightglue,1024,8192,965,100_0010_0078.JPG,100_0010_0096.JPG,5052,5260,2210,2029,0.9180995475113122,401.62311955661124,0.53125,0.5625,0.9216294884681702,False,ok,0.06173110000236193
D2_111_nadir,aliked-lightglue-r1024-k8192,aliked,lightglue,1024,8192,966,100_0010_0078.JPG,100_0010_0109.JPG,5052,5384,1341,1132,0.8441461595824012,224.06967537608867,0.453125,0.359375,0.9233445525169373,False,ok,0.059469899999385234
D2_111_nadir,aliked-lightglue-r1024-k8192,aliked,lightglue,1024,8192,967,100_0010_0079.JPG,100_0010_0080.JPG,4923,4365,3226,2990,0.9268443893366398,684.9942726231386,0.875,0.859375,0.9143937230110168,False,ok,0.04855169999791542
D2_111_nadir,aliked-lightglue-r1024-k8192,aliked,lightglue,1024,8192,968,100_0010_0079.JPG,100_0010_0081.JPG,4923,3710,2315,2095,0.9049676025917927,564.6900269541779,0.625,0.625,0.9073547124862671,False,ok,0.0475114999935613
D2_111_nadir,aliked-lightglue-r1024-k8192,aliked,lightglue,1024,8192,969,100_0010_0079.JPG,100_0010_0082.JPG,4923,3959,1658,1446,0.8721351025331725,365.2437484213185,0.5,0.484375,0.9172068238258362,False,ok,0.04845010000281036
D2_111_nadir,aliked-lightglue-r1024-k8192,aliked,lightglue,1024,8192,970,100_0010_0079.JPG,100_0010_0083.JPG,4923,4210,983,802,0.8158697863682605,190.49881235154393,0.25,0.25,0.9144114255905151,False,ok,0.04957920000015292
D2_111_nadir,aliked-lightglue-r1024-k8192,aliked,lightglue,1024,8192,971,100_0010_0079.JPG,100_0010_0084.JPG,4923,4370,46,10,0.21739130434782608,2.288329519450801,0.125,0.140625,0.23016881942749023,True,ok,0.05136820000188891
D2_111_nadir,aliked-lightglue-r1024-k8192,aliked,lightglue,1024,8192,972,100_0010_0079.JPG,100_0010_0085.JPG,4923,4353,35,9,0.2571428571428571,2.067539627842867,0.09375,0.09375,0.1801217943429947,True,ok,0.04146190000028582
D2_111_nadir,aliked-lightglue-r1024-k8192,aliked,lightglue,1024,8192,973,100_0010_0079.JPG,100_0010_0086.JPG,4923,4127,20,9,0.45,2.180760843227526,0.109375,0.140625,0.18002262711524963,True,ok,0.04073630000493722
D2_111_nadir,aliked-lightglue-r1024-k8192,aliked,lightglue,1024,8192,974,100_0010_0079.JPG,100_0010_0087.JPG,4923,3970,16,8,0.5,2.0151133501259446,0.109375,0.109375,0.20201914012432098,True,ok,0.04713610000180779
D2_111_nadir,aliked-lightglue-r1024-k8192,aliked,lightglue,1024,8192,975,100_0010_0079.JPG,100_0010_0091.JPG,4923,2928,1335,1201,0.899625468164794,410.1775956284153,0.46875,0.4375,0.890606701374054,False,ok,0.04285900000104448
D2_111_nadir,aliked-lightglue-r1024-k8192,aliked,lightglue,1024,8192,976,100_0010_0079.JPG,100_0010_0092.JPG,4923,3407,1906,1730,0.9076600209863589,507.77810390372764,0.65625,0.625,0.922546923160553,False,ok,0.04545809999399353
D2_111_nadir,aliked-lightglue-r1024-k8192,aliked,lightglue,1024,8192,977,100_0010_0079.JPG,100_0010_0093.JPG,4923,3967,2712,2491,0.9185103244837758,627.9304260146206,0.75,0.75,0.9348340630531311,False,ok,0.049512900004629046
D2_111_nadir,aliked-lightglue-r1024-k8192,aliked,lightglue,1024,8192,978,100_0010_0079.JPG,100_0010_0094.JPG,4923,4284,2310,2113,0.9147186147186147,493.23062558356673,0.640625,0.640625,0.9001399278640747,False,ok,0.047057200004928745
D2_111_nadir,aliked-lightglue-r1024-k8192,aliked,lightglue,1024,8192,979,100_0010_0079.JPG,100_0010_0095.JPG,4923,4710,1861,1660,0.891993551853842,352.4416135881104,0.546875,0.546875,0.9155696034431458,False,ok,0.05383319999964442
D2_111_nadir,aliked-lightglue-r1024-k8192,aliked,lightglue,1024,8192,980,100_0010_0080.JPG,100_0010_0081.JPG,4365,3710,2996,2786,0.9299065420560748,750.9433962264151,0.875,0.84375,0.9243345856666565,False,ok,0.043711799997254275
D2_111_nadir,aliked-lightglue-r1024-k8192,aliked,lightglue,1024,8192,981,100_0010_0080.JPG,100_0010_0082.JPG,4365,3959,2247,2018,0.8980863373386738,509.724677948977,0.625,0.625,0.9357787370681763,False,ok,0.049446099998021964
D2_111_nadir,aliked-lightglue-r1024-k8192,aliked,lightglue,1024,8192,982,100_0010_0080.JPG,100_0010_0083.JPG,4365,4210,1515,1297,0.856105610561056,308.0760095011876,0.5,0.5,0.9195797443389893,False,ok,0.04091740000149002
D2_111_nadir,aliked-lightglue-r1024-k8192,aliked,lightglue,1024,8192,983,100_0010_0080.JPG,100_0010_0084.JPG,4365,4370,590,494,0.8372881355932204,113.1729667812142,0.21875,0.21875,0.8935839533805847,False,ok,0.044710599999234546
D2_111_nadir,aliked-lightglue-r1024-k8192,aliked,lightglue,1024,8192,984,100_0010_0080.JPG,100_0010_0085.JPG,4365,4353,227,174,0.7665198237885462,39.9724328049621,0.203125,0.125,0.9483256340026855,False,ok,0.05783230000088224
D2_111_nadir,aliked-lightglue-r1024-k8192,aliked,lightglue,1024,8192,985,100_0010_0080.JPG,100_0010_0086.JPG,4365,4127,226,168,0.7433628318584071,40.70753574024715,0.1875,0.15625,0.9307743906974792,False,ok,0.051240600005257875
D2_111_nadir,aliked-lightglue-r1024-k8192,aliked,lightglue,1024,8192,986,100_0010_0080.JPG,100_0010_0087.JPG,4365,3970,196,168,0.8571428571428571,42.31738035264484,0.171875,0.140625,0.9442870616912842,False,ok,0.05203349999646889
D2_111_nadir,aliked-lightglue-r1024-k8192,aliked,lightglue,1024,8192,987,100_0010_0080.JPG,100_0010_0088.JPG,4365,3862,216,183,0.8472222222222222,47.38477472812014,0.140625,0.140625,0.9355551600456238,False,ok,0.0504272000034689
D2_111_nadir,aliked-lightglue-r1024-k8192,aliked,lightglue,1024,8192,988,100_0010_0080.JPG,100_0010_0089.JPG,4365,3857,921,764,0.8295331161780674,198.08141042260826,0.34375,0.3125,0.8852784037590027,False,ok,0.04197790000034729
D2_111_nadir,aliked-lightglue-r1024-k8192,aliked,lightglue,1024,8192,989,100_0010_0080.JPG,100_0010_0090.JPG,4365,3430,1326,1166,0.8793363499245852,339.94169096209913,0.46875,0.453125,0.9136423468589783,False,ok,0.039787499998055864
D2_111_nadir,aliked-lightglue-r1024-k8192,aliked,lightglue,1024,8192,990,100_0010_0080.JPG,100_0010_0091.JPG,4365,2928,1792,1635,0.9123883928571429,558.4016393442623,0.65625,0.59375,0.9257554411888123,False,ok,0.04655060000368394
D2_111_nadir,aliked-lightglue-r1024-k8192,aliked,lightglue,1024,8192,991,100_0010_0080.JPG,100_0010_0092.JPG,4365,3407,2316,2139,0.9235751295336787,627.8250660405048,0.75,0.75,0.9155861735343933,False,ok,0.051983999997901265
D2_111_nadir,aliked-lightglue-r1024-k8192,aliked,lightglue,1024,8192,992,100_0010_0080.JPG,100_0010_0093.JPG,4365,3967,2045,1834,0.8968215158924205,462.3140912528359,0.65625,0.65625,0.925738513469696,False,ok,0.042298799999116454
D2_111_nadir,aliked-lightglue-r1024-k8192,aliked,lightglue,1024,8192,993,100_0010_0080.JPG,100_0010_0094.JPG,4365,4284,1412,1231,0.8718130311614731,287.34827264239027,0.546875,0.546875,0.8975651860237122,False,ok,0.04222390000359155
D2_111_nadir,aliked-lightglue-r1024-k8192,aliked,lightglue,1024,8192,994,100_0010_0080.JPG,100_0010_0095.JPG,4365,4710,995,847,0.8512562814070351,194.0435280641466,0.375,0.328125,0.8995987176895142,False,ok,0.049353800000972115
D2_111_nadir,aliked-lightglue-r1024-k8192,aliked,lightglue,1024,8192,995,100_0010_0081.JPG,100_0010_0082.JPG,3710,3959,2557,2329,0.9108330074305827,627.7628032345013,0.875,0.828125,0.9348893761634827,False,ok,0.04378369999903953
D2_111_nadir,aliked-lightglue-r1024-k8192,aliked,lightglue,1024,8192,996,100_0010_0081.JPG,100_0010_0083.JPG,3710,4210,1724,1492,0.8654292343387471,402.15633423180594,0.625,0.625,0.9143546223640442,False,ok,0.03627029999915976
D2_111_nadir,aliked-lightglue-r1024-k8192,aliked,lightglue,1024,8192,997,100_0010_0081.JPG,100_0010_0084.JPG,3710,4370,743,633,0.8519515477792732,170.6199460916442,0.46875,0.390625,0.920146107673645,False,ok,0.03674529999989318
D2_111_nadir,aliked-lightglue-r1024-k8192,aliked,lightglue,1024,8192,998,100_0010_0081.JPG,100_0010_0085.JPG,3710,4353,354,296,0.8361581920903954,79.78436657681941,0.328125,0.328125,0.8836874961853027,False,ok,0.03289049999875715
D2_111_nadir,aliked-lightglue-r1024-k8192,aliked,lightglue,1024,8192,999,100_0010_0081.JPG,100_0010_0086.JPG,3710,4127,339,283,0.8348082595870207,76.28032345013477,0.296875,0.28125,0.8454526662826538,False,ok,0.03483260000211885
D2_111_nadir,aliked-lightglue-r1024-k8192,aliked,lightglue,1024,8192,1000,100_0010_0081.JPG,100_0010_0087.JPG,3710,3970,295,232,0.7864406779661017,62.53369272237197,0.28125,0.265625,0.8247396945953369,False,ok,0.03695900000457186
D2_111_nadir,aliked-lightglue-r1024-k8192,aliked,lightglue,1024,8192,1001,100_0010_0081.JPG,100_0010_0088.JPG,3710,3862,298,234,0.785234899328859,63.07277628032345,0.25,0.25,0.8415241837501526,False,ok,0.03589260000444483
D2_111_nadir,aliked-lightglue-r1024-k8192,aliked,lightglue,1024,8192,1002,100_0010_0081.JPG,100_0010_0089.JPG,3710,3857,1089,909,0.8347107438016529,245.01347708894878,0.46875,0.46875,0.8803970217704773,False,ok,0.042765899997903034
D2_111_nadir,aliked-lightglue-r1024-k8192,aliked,lightglue,1024,8192,1003,100_0010_0081.JPG,100_0010_0090.JPG,3710,3430,1464,1320,0.9016393442622951,384.8396501457726,0.640625,0.5625,0.9160264730453491,False,ok,0.0439572000032058
D2_111_nadir,aliked-lightglue-r1024-k8192,aliked,lightglue,1024,8192,1004,100_0010_0081.JPG,100_0010_0091.JPG,3710,2928,1960,1841,0.9392857142857143,628.7568306010929,0.75,0.75,0.9177049398422241,False,ok,0.03258389999973588
D2_111_nadir,aliked-lightglue-r1024-k8192,aliked,lightglue,1024,8192,1005,100_0010_0081.JPG,100_0010_0092.JPG,3710,3407,1853,1709,0.922288181327577,501.61432345171704,0.65625,0.65625,0.9253467321395874,False,ok,0.04561110000213375
D2_111_nadir,aliked-lightglue-r1024-k8192,aliked,lightglue,1024,8192,1006,100_0010_0081.JPG,100_0010_0093.JPG,3710,3967,1420,1278,0.9,344.4743935309973,0.515625,0.53125,0.8990362286567688,False,ok,0.03548640000371961
D2_111_nadir,aliked-lightglue-r1024-k8192,aliked,lightglue,1024,8192,1007,100_0010_0081.JPG,100_0010_0094.JPG,3710,4284,936,788,0.8418803418803419,212.3989218328841,0.375,0.375,0.8985310196876526,False,ok,0.03670360000251094
D2_111_nadir,aliked-lightglue-r1024-k8192,aliked,lightglue,1024,8192,1008,100_0010_0082.JPG,100_0010_0083.JPG,3959,4210,2781,2508,0.9018338727076591,633.4933063905027,0.875,0.875,0.9416378140449524,False,ok,0.04931219999707537
D2_111_nadir,aliked-lightglue-r1024-k8192,aliked,lightglue,1024,8192,1009,100_0010_0082.JPG,100_0010_0084.JPG,3959,4370,1786,1527,0.85498320268757,385.7034604698156,0.625,0.625,0.9231790900230408,False,ok,0.04220030000578845
D2_111_nadir,aliked-lightglue-r1024-k8192,aliked,lightglue,1024,8192,1010,100_0010_0082.JPG,100_0010_0085.JPG,3959,4353,1391,1127,0.8102084831056794,284.66784541550896,0.578125,0.625,0.915620744228363,False,ok,0.04278659999545198
D2_111_nadir,aliked-lightglue-r1024-k8192,aliked,lightglue,1024,8192,1011,100_0010_0082.JPG,100_0010_0086.JPG,3959,4127,1242,1006,0.8099838969404187,254.1045718615812,0.5,0.53125,0.9203069806098938,False,ok,0.04402059999847552
D2_111_nadir,aliked-lightglue-r1024-k8192,aliked,lightglue,1024,8192,1012,100_0010_0082.JPG,100_0010_0087.JPG,3959,3970,1074,901,0.8389199255121043,227.58272290982572,0.453125,0.46875,0.9087797999382019,False,ok,0.032780200002889615
D2_111_nadir,aliked-lightglue-r1024-k8192,aliked,lightglue,1024,8192,1013,100_0010_0082.JPG,100_0010_0088.JPG,3959,3862,1047,897,0.8567335243553008,232.2630761263594,0.421875,0.46875,0.9090908169746399,False,ok,0.03633359999366803
D2_111_nadir,aliked-lightglue-r1024-k8192,aliked,lightglue,1024,8192,1014,100_0010_0082.JPG,100_0010_0089.JPG,3959,3857,1741,1564,0.8983342906375646,405.4964998703656,0.65625,0.640625,0.9245431423187256,False,ok,0.04641309999715304
D2_111_nadir,aliked-lightglue-r1024-k8192,aliked,lightglue,1024,8192,1015,100_0010_0082.JPG,100_0010_0090.JPG,3959,3430,2177,2014,0.9251263206247129,587.1720116618076,0.75,0.75,0.9286811351776123,False,ok,0.043247000001429114
D2_111_nadir,aliked-lightglue-r1024-k8192,aliked,lightglue,1024,8192,1016,100_0010_0082.JPG,100_0010_0091.JPG,3959,2928,1607,1467,0.9128811449906659,501.0245901639344,0.65625,0.65625,0.9210852980613708,False,ok,0.04330570000456646
D2_111_nadir,aliked-lightglue-r1024-k8192,aliked,lightglue,1024,8192,1017,100_0010_0082.JPG,100_0010_0092.JPG,3959,3407,1382,1221,0.8835021707670043,358.3798062811858,0.53125,0.546875,0.9178490042686462,False,ok,0.037878499999351334
D2_111_nadir,aliked-lightglue-r1024-k8192,aliked,lightglue,1024,8192,1018,100_0010_0082.JPG,100_0010_0093.JPG,3959,3967,1043,893,0.8561840843720039,225.56201060873957,0.359375,0.375,0.9008154273033142,False,ok,0.0329894999958924
D2_111_nadir,aliked-lightglue-r1024-k8192,aliked,lightglue,1024,8192,1019,100_0010_0083.JPG,100_0010_0084.JPG,4210,4370,2821,2558,0.9067706487061326,607.6009501187649,0.875,0.875,0.9306765198707581,False,ok,0.04478959999687504
D2_111_nadir,aliked-lightglue-r1024-k8192,aliked,lightglue,1024,8192,1020,100_0010_0083.JPG,100_0010_0085.JPG,4210,4353,2429,2122,0.8736105393165912,504.0380047505938,0.75,0.75,0.9422603845596313,False,ok,0.04467139999906067
D2_111_nadir,aliked-lightglue-r1024-k8192,aliked,lightglue,1024,8192,1021,100_0010_0083.JPG,100_0010_0086.JPG,4210,4127,2136,1912,0.8951310861423221,463.29052580567,0.65625,0.640625,0.9350124001502991,False,ok,0.039095499996619765
D2_111_nadir,aliked-lightglue-r1024-k8192,aliked,lightglue,1024,8192,1022,100_0010_0083.JPG,100_0010_0087.JPG,4210,3970,1798,1625,0.9037819799777531,409.3198992443325,0.5625,0.5625,0.9267451763153076,False,ok,0.037460299994563684
D2_111_nadir,aliked-lightglue-r1024-k8192,aliked,lightglue,1024,8192,1023,100_0010_0083.JPG,100_0010_0088.JPG,4210,3862,1748,1586,0.9073226544622426,410.66804764370795,0.59375,0.578125,0.9283391833305359,False,ok,0.038898700004210696
D2_111_nadir,aliked-lightglue-r1024-k8192,aliked,lightglue,1024,8192,1024,100_0010_0083.JPG,100_0010_0089.JPG,4210,3857,2418,2237,0.9251447477253929,579.9844438682915,0.75,0.75,0.9331256747245789,False,ok,0.04328460000397172
D2_111_nadir,aliked-lightglue-r1024-k8192,aliked,lightglue,1024,8192,1025,100_0010_0083.JPG,100_0010_0090.JPG,4210,3430,1965,1762,0.8966921119592876,513.7026239067055,0.65625,0.640625,0.9250099062919617,False,ok,0.03791520000231685
D2_111_nadir,aliked-lightglue-r1024-k8192,aliked,lightglue,1024,8192,1026,100_0010_0083.JPG,100_0010_0091.JPG,4210,2928,1135,992,0.8740088105726872,338.7978142076503,0.5625,0.53125,0.9074845910072327,False,ok,0.03241890000208514
D2_111_nadir,aliked-lightglue-r1024-k8192,aliked,lightglue,1024,8192,1027,100_0010_0083.JPG,100_0010_0092.JPG,4210,3407,936,774,0.8269230769230769,227.17933665981803,0.375,0.359375,0.8900923728942871,False,ok,0.03244129999802681
D2_111_nadir,aliked-lightglue-r1024-k8192,aliked,lightglue,1024,8192,1028,100_0010_0084.JPG,100_0010_0085.JPG,4370,4353,3572,3419,0.9571668533034714,785.4353319549735,0.96875,1.0,0.9422969818115234,False,ok,0.03930680000485154
D2_111_nadir,aliked-lightglue-r1024-k8192,aliked,lightglue,1024,8192,1029,100_0010_0084.JPG,100_0010_0086.JPG,4370,4127,2970,2829,0.9525252525252526,685.4858250545191,0.84375,0.875,0.9212760925292969,False,ok,0.037391600002592895
D2_111_nadir,aliked-lightglue-r1024-k8192,aliked,lightglue,1024,8192,1030,100_0010_0084.JPG,100_0010_0087.JPG,4370,3970,2487,2320,0.9328508242862887,584.3828715365239,0.734375,0.75,0.9063160419464111,False,ok,0.04061599999840837
D2_111_nadir,aliked-lightglue-r1024-k8192,aliked,lightglue,1024,8192,1031,100_0010_0084.JPG,100_0010_0088.JPG,4370,3862,2385,2231,0.9354297693920336,577.6799585706888,0.734375,0.75,0.906755268573761,False,ok,0.038238799999817275
D2_111_nadir,aliked-lightglue-r1024-k8192,aliked,lightglue,1024,8192,1032,100_0010_0084.JPG,100_0010_0089.JPG,4370,3857,2086,1865,0.8940556088207094,483.53642727508424,0.65625,0.65625,0.9353505969047546,False,ok,0.04627410000102827
D2_111_nadir,aliked-lightglue-r1024-k8192,aliked,lightglue,1024,8192,1033,100_0010_0084.JPG,100_0010_0090.JPG,4370,3430,1324,1163,0.8783987915407855,339.06705539358603,0.5625,0.546875,0.9338688850402832,False,ok,0.037890599996899255
D2_111_nadir,aliked-lightglue-r1024-k8192,aliked,lightglue,1024,8192,1034,100_0010_0084.JPG,100_0010_0091.JPG,4370,2928,550,454,0.8254545454545454,155.05464480874318,0.375,0.359375,0.8784607648849487,False,ok,0.038260699999227654
D2_111_nadir,aliked-lightglue-r1024-k8192,aliked,lightglue,1024,8192,1035,100_0010_0084.JPG,100_0010_0092.JPG,4370,3407,368,304,0.8260869565217391,89.22805987672439,0.1875,0.25,0.8506622314453125,False,ok,0.031297499997890554
D2_111_nadir,aliked-lightglue-r1024-k8192,aliked,lightglue,1024,8192,1036,100_0010_0085.JPG,100_0010_0086.JPG,4353,4127,3264,3102,0.9503676470588235,751.6355706324207,0.875,0.875,0.9216650128364563,False,ok,0.04559670000162441
D2_111_nadir,aliked-lightglue-r1024-k8192,aliked,lightglue,1024,8192,1037,100_0010_0085.JPG,100_0010_0087.JPG,4353,3970,2648,2431,0.9180513595166163,612.3425692695214,0.75,0.75,0.9052189588546753,False,ok,0.04648050000105286
D2_111_nadir,aliked-lightglue-r1024-k8192,aliked,lightglue,1024,8192,1038,100_0010_0085.JPG,100_0010_0088.JPG,4353,3862,2498,2295,0.9187349879903923,594.251683065769,0.75,0.75,0.9108888506889343,False,ok,0.04462929999863263
D2_111_nadir,aliked-lightglue-r1024-k8192,aliked,lightglue,1024,8192,1039,100_0010_0085.JPG,100_0010_0089.JPG,4353,3857,1852,1646,0.8887688984881209,426.7565465387607,0.65625,0.609375,0.9300370812416077,False,ok,0.03358640000078594
D2_111_nadir,aliked-lightglue-r1024-k8192,aliked,lightglue,1024,8192,1040,100_0010_0085.JPG,100_0010_0090.JPG,4353,3430,1099,947,0.8616924476797089,276.0932944606414,0.46875,0.46875,0.9233545064926147,False,ok,0.0354559999977937
D2_111_nadir,aliked-lightglue-r1024-k8192,aliked,lightglue,1024,8192,1041,100_0010_0085.JPG,100_0010_0091.JPG,4353,2928,335,253,0.755223880597015,86.40710382513662,0.34375,0.328125,0.8274720907211304,False,ok,0.03281609999976354
D2_111_nadir,aliked-lightglue-r1024-k8192,aliked,lightglue,1024,8192,1042,100_0010_0085.JPG,100_0010_0092.JPG,4353,3407,178,139,0.7808988764044944,40.798356325212794,0.1875,0.15625,0.8712324500083923,False,ok,0.04154420000122627
D2_111_nadir,aliked-lightglue-r1024-k8192,aliked,lightglue,1024,8192,1043,100_0010_0085.JPG,100_0010_0093.JPG,4353,3967,44,10,0.22727272727272727,2.5207965717166623,0.140625,0.109375,0.174017995595932,True,ok,0.03792780000367202
D2_111_nadir,aliked-lightglue-r1024-k8192,aliked,lightglue,1024,8192,1044,100_0010_0086.JPG,100_0010_0087.JPG,4127,3970,3208,3052,0.9513715710723192,768.7657430730478,0.953125,0.953125,0.9233441352844238,False,ok,0.03317129999777535
D2_111_nadir,aliked-lightglue-r1024-k8192,aliked,lightglue,1024,8192,1045,100_0010_0086.JPG,100_0010_0088.JPG,4127,3862,3052,2885,0.9452817824377457,747.0222682547902,0.875,0.875,0.9217754602432251,False,ok,0.03908260000025621
D2_111_nadir,aliked-lightglue-r1024-k8192,aliked,lightglue,1024,8192,1046,100_0010_0086.JPG,100_0010_0089.JPG,4127,3857,2218,1964,0.8854824165915239,509.20404459424424,0.765625,0.703125,0.930252194404602,False,ok,0.04302029999962542
D2_111_nadir,aliked-lightglue-r1024-k8192,aliked,lightglue,1024,8192,1047,100_0010_0086.JPG,100_0010_0090.JPG,4127,3430,1353,1127,0.8329637841832964,328.57142857142856,0.546875,0.546875,0.9099092483520508,False,ok,0.0351301999980933
D2_111_nadir,aliked-lightglue-r1024-k8192,aliked,lightglue,1024,8192,1048,100_0010_0086.JPG,100_0010_0091.JPG,4127,2928,434,314,0.7235023041474654,107.24043715846994,0.40625,0.375,0.8190773725509644,False,ok,0.02849900000001071
D2_111_nadir,aliked-lightglue-r1024-k8192,aliked,lightglue,1024,8192,1049,100_0010_0086.JPG,100_0010_0092.JPG,4127,3407,246,192,0.7804878048780488,56.35456413266804,0.21875,0.21875,0.8673575520515442,False,ok,0.03225650000240421
D2_111_nadir,aliked-lightglue-r1024-k8192,aliked,lightglue,1024,8192,1050,100_0010_0086.JPG,100_0010_0093.JPG,4127,3967,23,9,0.391304347826087,2.268716914544996,0.109375,0.09375,0.18143092095851898,True,ok,0.03439060000528116
D2_111_nadir,aliked-lightglue-r1024-k8192,aliked,lightglue,1024,8192,1051,100_0010_0086.JPG,100_0010_0094.JPG,4127,4284,23,9,0.391304347826087,2.180760843227526,0.109375,0.140625,0.1839805692434311,True,ok,0.037592200002109166
D2_111_nadir,aliked-lightglue-r1024-k8192,aliked,lightglue,1024,8192,1052,100_0010_0087.JPG,100_0010_0088.JPG,3970,3862,3556,3490,0.9814398200224972,903.6768513723459,1.0,1.0,0.9330124258995056,False,ok,0.03522530000191182
D2_111_nadir,aliked-lightglue-r1024-k8192,aliked,lightglue,1024,8192,1053,100_0010_0087.JPG,100_0010_0089.JPG,3970,3857,2451,2120,0.864953080375357,549.6499870365569,0.859375,0.796875,0.9292692542076111,False,ok,0.037338599999202415
D2_111_nadir,aliked-lightglue-r1024-k8192,aliked,lightglue,1024,8192,1054,100_0010_0087.JPG,100_0010_0090.JPG,3970,3430,1488,1229,0.8259408602150538,358.3090379008746,0.625,0.59375,0.9113368988037109,False,ok,0.03870840000308817
D2_111_nadir,aliked-lightglue-r1024-k8192,aliked,lightglue,1024,8192,1055,100_0010_0087.JPG,100_0010_0091.JPG,3970,2928,483,360,0.7453416149068323,122.95081967213115,0.453125,0.40625,0.8267695903778076,False,ok,0.02604569999675732
D2_111_nadir,aliked-lightglue-r1024-k8192,aliked,lightglue,1024,8192,1056,100_0010_0087.JPG,100_0010_0092.JPG,3970,3407,286,224,0.7832167832167832,65.74699148811271,0.25,0.21875,0.8783279657363892,False,ok,0.02949639999860665
D2_111_nadir,aliked-lightglue-r1024-k8192,aliked,lightglue,1024,8192,1057,100_0010_0087.JPG,100_0010_0093.JPG,3970,3967,25,9,0.36,2.268716914544996,0.125,0.109375,0.16833563148975372,True,ok,0.03673539999726927
D2_111_nadir,aliked-lightglue-r1024-k8192,aliked,lightglue,1024,8192,1058,100_0010_0087.JPG,100_0010_0094.JPG,3970,4284,23,9,0.391304347826087,2.2670025188916876,0.125,0.109375,0.19202029705047607,True,ok,0.03459619999921415
D2_111_nadir,aliked-lightglue-r1024-k8192,aliked,lightglue,1024,8192,1059,100_0010_0087.JPG,100_0010_0095.JPG,3970,4710,32,9,0.28125,2.2670025188916876,0.125,0.109375,0.17183637619018555,True,ok,0.03337150000152178
D2_111_nadir,aliked-lightglue-r1024-k8192,aliked,lightglue,1024,8192,1060,100_0010_0088.JPG,100_0010_0089.JPG,3862,3857,2470,2164,0.8761133603238866,561.0578169561836,0.875,0.796875,0.9385091662406921,False,ok,0.035768100002314895
D2_111_nadir,aliked-lightglue-r1024-k8192,aliked,lightglue,1024,8192,1061,100_0010_0088.JPG,100_0010_0090.JPG,3862,3430,1522,1222,0.8028909329829172,356.268221574344,0.625,0.625,0.909140408039093,False,ok,0.029337100000702776
D2_111_nadir,aliked-lightglue-r1024-k8192,aliked,lightglue,1024,8192,1062,100_0010_0088.JPG,100_0010_0091.JPG,3862,2928,513,384,0.7485380116959064,131.14754098360655,0.453125,0.40625,0.8181082010269165,False,ok,0.03107789999921806
D2_111_nadir,aliked-lightglue-r1024-k8192,aliked,lightglue,1024,8192,1063,100_0010_0088.JPG,100_0010_0092.JPG,3862,3407,313,252,0.805111821086262,73.9653654241268,0.25,0.25,0.8916040062904358,False,ok,0.02903189999778988
D2_111_nadir,aliked-lightglue-r1024-k8192,aliked,lightglue,1024,8192,1064,100_0010_0088.JPG,100_0010_0093.JPG,3862,3967,22,9,0.4090909090909091,2.330398757120663,0.125,0.140625,0.2004902958869934,True,ok,0.03510169999935897
D2_111_nadir,aliked-lightglue-r1024-k8192,aliked,lightglue,1024,8192,1065,100_0010_0088.JPG,100_0010_0094.JPG,3862,4284,25,11,0.44,2.8482651475919214,0.125,0.09375,0.1992165595293045,True,ok,0.03398830000514863
D2_111_nadir,aliked-lightglue-r1024-k8192,aliked,lightglue,1024,8192,1066,100_0010_0088.JPG,100_0010_0095.JPG,3862,4710,26,9,0.34615384615384615,2.330398757120663,0.140625,0.140625,0.18660184741020203,True,ok,0.042105200001969934
D2_111_nadir,aliked-lightglue-r1024-k8192,aliked,lightglue,1024,8192,1067,100_0010_0088.JPG,100_0010_0096.JPG,3862,5260,38,10,0.2631578947368421,2.589331952356292,0.109375,0.109375,0.20715434849262238,True,ok,0.03978040000220062
D2_111_nadir,aliked-lightglue-r1024-k8192,aliked,lightglue,1024,8192,1068,100_0010_0089.JPG,100_0010_0090.JPG,3857,3430,2486,2183,0.8781174577634755,636.4431486880467,0.875,0.875,0.9281815886497498,False,ok,0.031062699999893084
D2_111_nadir,aliked-lightglue-r1024-k8192,aliked,lightglue,1024,8192,1069,100_0010_0089.JPG,100_0010_0091.JPG,3857,2928,1411,1149,0.8143160878809355,392.41803278688525,0.671875,0.640625,0.883529782295227,False,ok,0.033281099997111596
D2_111_nadir,aliked-lightglue-r1024-k8192,aliked,lightglue,1024,8192,1070,100_0010_0089.JPG,100_0010_0092.JPG,3857,3407,1161,920,0.7924203273040482,270.0322864690343,0.484375,0.5,0.8696171045303345,False,ok,0.037602500000502914
D2_111_nadir,aliked-lightglue-r1024-k8192,aliked,lightglue,1024,8192,1071,100_0010_0089.JPG,100_0010_0093.JPG,3857,3967,716,540,0.7541899441340782,140.0051853772362,0.25,0.25,0.8709657788276672,False,ok,0.032233300000370946
D2_111_nadir,aliked-lightglue-r1024-k8192,aliked,lightglue,1024,8192,1072,100_0010_0089.JPG,100_0010_0094.JPG,3857,4284,63,15,0.23809523809523808,3.88903292714545,0.109375,0.109375,0.24572929739952087,False,ok,0.038579700005357154
D2_111_nadir,aliked-lightglue-r1024-k8192,aliked,lightglue,1024,8192,1073,100_0010_0089.JPG,100_0010_0095.JPG,3857,4710,26,9,0.34615384615384615,2.33341975628727,0.109375,0.125,0.1821420043706894,True,ok,0.036973599999328144
D2_111_nadir,aliked-lightglue-r1024-k8192,aliked,lightglue,1024,8192,1074,100_0010_0089.JPG,100_0010_0096.JPG,3857,5260,37,10,0.2702702702702703,2.5926886180969664,0.140625,0.125,0.21868225932121277,True,ok,0.04031869999744231
D2_111_nadir,aliked-lightglue-r1024-k8192,aliked,lightglue,1024,8192,1075,100_0010_0089.JPG,100_0010_0097.JPG,3857,5165,30,11,0.36666666666666664,2.8519574799066634,0.125,0.109375,0.23585698008537292,True,ok,0.05907570000272244
D2_111_nadir,aliked-lightglue-r1024-k8192,aliked,lightglue,1024,8192,1076,100_0010_0090.JPG,100_0010_0091.JPG,3430,2928,1986,1701,0.8564954682779456,580.9426229508197,0.859375,0.859375,0.9078181385993958,False,ok,0.029966499998408835
D2_111_nadir,aliked-lightglue-r1024-k8192,aliked,lightglue,1024,8192,1077,100_0010_0090.JPG,100_0010_0092.JPG,3430,3407,1668,1392,0.8345323741007195,408.57058996184327,0.640625,0.625,0.9048210382461548,False,ok,0.03635700000450015
D2_111_nadir,aliked-lightglue-r1024-k8192,aliked,lightglue,1024,8192,1078,100_0010_0090.JPG,100_0010_0093.JPG,3430,3967,1208,980,0.8112582781456954,285.7142857142857,0.5,0.484375,0.9110703468322754,False,ok,0.029316299995116424
D2_111_nadir,aliked-lightglue-r1024-k8192,aliked,lightglue,1024,8192,1079,100_0010_0090.JPG,100_0010_0094.JPG,3430,4284,600,444,0.74,129.44606413994168,0.25,0.25,0.8824024200439453,False,ok,0.02722100000391947
D2_111_nadir,aliked-lightglue-r1024-k8192,aliked,lightglue,1024,8192,1080,100_0010_0090.JPG,100_0010_0095.JPG,3430,4710,89,32,0.3595505617977528,9.329446064139942,0.125,0.109375,0.46855399012565613,False,ok,0.04776529999799095
D2_111_nadir,aliked-lightglue-r1024-k8192,aliked,lightglue,1024,8192,1081,100_0010_0090.JPG,100_0010_0096.JPG,3430,5260,49,10,0.20408163265306123,2.9154518950437316,0.125,0.09375,0.2001473307609558,True,ok,0.037058099995192606
D2_111_nadir,aliked-lightglue-r1024-k8192,aliked,lightglue,1024,8192,1082,100_0010_0090.JPG,100_0010_0097.JPG,3430,5165,63,11,0.1746031746031746,3.206997084548105,0.109375,0.09375,0.2309063971042633,True,ok,0.030503900001349393
D2_111_nadir,aliked-lightglue-r1024-k8192,aliked,lightglue,1024,8192,1083,100_0010_0090.JPG,100_0010_0098.JPG,3430,4674,49,10,0.20408163265306123,2.9154518950437316,0.125,0.109375,0.19493992626667023,True,ok,0.02783369999815477
D2_111_nadir,aliked-lightglue-r1024-k8192,aliked,lightglue,1024,8192,1084,100_0010_0091.JPG,100_0010_0092.JPG,2928,3407,2285,2004,0.8770240700218819,684.4262295081967,0.84375,0.84375,0.9224727749824524,False,ok,0.038354500000423286
D2_111_nadir,aliked-lightglue-r1024-k8192,aliked,lightglue,1024,8192,1085,100_0010_0091.JPG,100_0010_0093.JPG,2928,3967,1711,1448,0.8462887200467563,494.53551912568304,0.625,0.609375,0.9230152368545532,False,ok,0.035841299999447074
D2_111_nadir,aliked-lightglue-r1024-k8192,aliked,lightglue,1024,8192,1086,100_0010_0091.JPG,100_0010_0094.JPG,2928,4284,1042,825,0.791746641074856,281.76229508196724,0.5,0.5,0.9088550806045532,False,ok,0.03413229999569012
D2_111_nadir,aliked-lightglue-r1024-k8192,aliked,lightglue,1024,8192,1087,100_0010_0091.JPG,100_0010_0095.JPG,2928,4710,513,405,0.7894736842105263,138.31967213114754,0.21875,0.21875,0.8960445523262024,False,ok,0.035306099998706486
D2_111_nadir,aliked-lightglue-r1024-k8192,aliked,lightglue,1024,8192,1088,100_0010_0091.JPG,100_0010_0096.JPG,2928,5260,106,33,0.3113207547169811,11.270491803278688,0.125,0.140625,0.45267030596733093,False,ok,0.053684000005887356
D2_111_nadir,aliked-lightglue-r1024-k8192,aliked,lightglue,1024,8192,1089,100_0010_0091.JPG,100_0010_0097.JPG,2928,5165,28,10,0.35714285714285715,3.4153005464480874,0.09375,0.109375,0.1962459832429886,True,ok,0.03607989999727579
D2_111_nadir,aliked-lightglue-r1024-k8192,aliked,lightglue,1024,8192,1090,100_0010_0091.JPG,100_0010_0098.JPG,2928,4674,48,9,0.1875,3.0737704918032787,0.109375,0.125,0.1730402559041977,True,ok,0.028411200000846293
D2_111_nadir,aliked-lightglue-r1024-k8192,aliked,lightglue,1024,8192,1091,100_0010_0091.JPG,100_0010_0099.JPG,2928,4091,24,10,0.4166666666666667,3.4153005464480874,0.109375,0.09375,0.272107869386673,True,ok,0.0398605000009411
D2_111_nadir,aliked-lightglue-r1024-k8192,aliked,lightglue,1024,8192,1092,100_0010_0092.JPG,100_0010_0093.JPG,3407,3967,2393,2072,0.8658587547012119,608.1596712650426,0.875,0.875,0.9006849527359009,False,ok,0.030483899994578678
D2_111_nadir,aliked-lightglue-r1024-k8192,aliked,lightglue,1024,8192,1093,100_0010_0092.JPG,100_0010_0094.JPG,3407,4284,1643,1343,0.8174071819841753,394.1884355738186,0.625,0.625,0.9061825275421143,False,ok,0.033592600004340056
D2_111_nadir,aliked-lightglue-r1024-k8192,aliked,lightglue,1024,8192,1094,100_0010_0092.JPG,100_0010_0095.JPG,3407,4710,1045,824,0.7885167464114833,241.85500440270033,0.46875,0.46875,0.9023421406745911,False,ok,0.03917640000145184
D2_111_nadir,aliked-lightglue-r1024-k8192,aliked,lightglue,1024,8192,1095,100_0010_0092.JPG,100_0010_0096.JPG,3407,5260,617,472,0.7649918962722853,138.53830349280892,0.25,0.25,0.8962836861610413,False,ok,0.040363199994317256
D2_111_nadir,aliked-lightglue-r1024-k8192,aliked,lightglue,1024,8192,1096,100_0010_0092.JPG,100_0010_0097.JPG,3407,5165,103,68,0.6601941747572816,19.95890813031993,0.109375,0.109375,0.7100046873092651,False,ok,0.04764520000026096
D2_111_nadir,aliked-lightglue-r1024-k8192,aliked,lightglue,1024,8192,1097,100_0010_0092.JPG,100_0010_0098.JPG,3407,4674,39,10,0.2564102564102564,2.9351335485764602,0.109375,0.109375,0.21558499336242676,True,ok,0.03975730000092881
D2_111_nadir,aliked-lightglue-r1024-k8192,aliked,lightglue,1024,8192,1098,100_0010_0092.JPG,100_0010_0099.JPG,3407,4091,54,10,0.18518518518518517,2.9351335485764602,0.109375,0.125,0.2102537453174591,True,ok,0.025093700001889374
D2_111_nadir,aliked-lightglue-r1024-k8192,aliked,lightglue,1024,8192,1099,100_0010_0092.JPG,100_0010_0100.JPG,3407,3582,17,9,0.5294117647058824,2.6416201937188144,0.109375,0.078125,0.2592119574546814,True,ok,0.0307637000005343
D2_111_nadir,aliked-lightglue-r1024-k8192,aliked,lightglue,1024,8192,1100,100_0010_0093.JPG,100_0010_0094.JPG,3967,4284,2782,2458,0.8835370237239396,619.6117973279556,0.875,0.875,0.9154649376869202,False,ok,0.039702200003375765
D2_111_nadir,aliked-lightglue-r1024-k8192,aliked,lightglue,1024,8192,1101,100_0010_0093.JPG,100_0010_0095.JPG,3967,4710,2149,1852,0.8617961842717543,466.8515250819259,0.625,0.625,0.9386547803878784,False,ok,0.04256570000143256
D2_111_nadir,aliked-lightglue-r1024-k8192,aliked,lightglue,1024,8192,1102,100_0010_0093.JPG,100_0010_0096.JPG,3967,5260,1654,1376,0.8319226118500604,346.86160826821276,0.5,0.5,0.926228940486908,False,ok,0.04553479999594856
D2_111_nadir,aliked-lightglue-r1024-k8192,aliked,lightglue,1024,8192,1103,100_0010_0093.JPG,100_0010_0097.JPG,3967,5165,1188,953,0.8021885521885522,240.23191328459794,0.25,0.25,0.921862781047821,False,ok,0.04717009999876609
D2_111_nadir,aliked-lightglue-r1024-k8192,aliked,lightglue,1024,8192,1104,100_0010_0093.JPG,100_0010_0098.JPG,3967,4674,24,10,0.4166666666666667,2.5207965717166623,0.125,0.09375,0.19762271642684937,True,ok,0.04146929999842541
D2_111_nadir,aliked-lightglue-r1024-k8192,aliked,lightglue,1024,8192,1105,100_0010_0093.JPG,100_0010_0099.JPG,3967,4091,23,8,0.34782608695652173,2.01663725737333,0.109375,0.09375,0.16918028891086578,True,ok,0.03567209999891929
D2_111_nadir,aliked-lightglue-r1024-k8192,aliked,lightglue,1024,8192,1106,100_0010_0093.JPG,100_0010_0100.JPG,3967,3582,35,10,0.2857142857142857,2.7917364600781687,0.109375,0.09375,0.16402411460876465,True,ok,0.034541200002422556
D2_111_nadir,aliked-lightglue-r1024-k8192,aliked,lightglue,1024,8192,1107,100_0010_0093.JPG,100_0010_0101.JPG,3967,3115,27,9,0.3333333333333333,2.889245585874799,0.125,0.078125,0.1760491281747818,True,ok,0.029785899998387322
D2_111_nadir,aliked-lightglue-r1024-k8192,aliked,lightglue,1024,8192,1108,100_0010_0094.JPG,100_0010_0095.JPG,4284,4710,3235,2949,0.9115919629057188,688.3753501400561,0.875,0.875,0.9307387471199036,False,ok,0.03332750000117812
D2_111_nadir,aliked-lightglue-r1024-k8192,aliked,lightglue,1024,8192,1109,100_0010_0094.JPG,100_0010_0096.JPG,4284,5260,2655,2373,0.8937853107344633,553.9215686274509,0.625,0.625,0.9253913760185242,False,ok,0.04364499999792315
D2_111_nadir,aliked-lightglue-r1024-k8192,aliked,lightglue,1024,8192,1110,100_0010_0094.JPG,100_0010_0097.JPG,4284,5165,2120,1844,0.869811320754717,430.43884220354806,0.46875,0.5,0.9258431792259216,False,ok,0.04293920000054641
D2_111_nadir,aliked-lightglue-r1024-k8192,aliked,lightglue,1024,8192,1111,100_0010_0094.JPG,100_0010_0098.JPG,4284,4674,1104,960,0.8695652173913043,224.08963585434174,0.25,0.25,0.9155099987983704,False,ok,0.04058159999840427
D2_111_nadir,aliked-lightglue-r1024-k8192,aliked,lightglue,1024,8192,1112,100_0010_0094.JPG,100_0010_0099.JPG,4284,4091,30,10,0.3333333333333333,2.4443901246638964,0.109375,0.109375,0.19370584189891815,True,ok,0.05498129999614321
D2_111_nadir,aliked-lightglue-r1024-k8192,aliked,lightglue,1024,8192,1113,100_0010_0094.JPG,100_0010_0100.JPG,4284,3582,29,9,0.3103448275862069,2.512562814070352,0.125,0.109375,0.1860976666212082,True,ok,0.029802699995343573
D2_111_nadir,aliked-lightglue-r1024-k8192,aliked,lightglue,1024,8192,1114,100_0010_0094.JPG,100_0010_0101.JPG,4284,3115,24,9,0.375,2.889245585874799,0.109375,0.109375,0.1963927298784256,True,ok,0.027263799995125737
D2_111_nadir,aliked-lightglue-r1024-k8192,aliked,lightglue,1024,8192,1115,100_0010_0094.JPG,100_0010_0102.JPG,4284,3081,8,7,0.875,2.2719896137617654,0.09375,0.109375,0.2248183637857437,True,ok,0.04254419999779202
D2_111_nadir,aliked-lightglue-r1024-k8192,aliked,lightglue,1024,8192,1116,100_0010_0095.JPG,100_0010_0096.JPG,4710,5260,3742,3510,0.9380010689470871,745.2229299363057,0.875,0.875,0.9391484260559082,False,ok,0.053676900002756156
D2_111_nadir,aliked-lightglue-r1024-k8192,aliked,lightglue,1024,8192,1117,100_0010_0095.JPG,100_0010_0097.JPG,4710,5165,3151,2851,0.9047921294827039,605.307855626327,0.625,0.625,0.9324955344200134,False,ok,0.039588999999978114
D2_111_nadir,aliked-lightglue-r1024-k8192,aliked,lightglue,1024,8192,1118,100_0010_0095.JPG,100_0010_0098.JPG,4710,4674,2057,1827,0.8881866796305299,390.88575096277276,0.5,0.5,0.9309585690498352,False,ok,0.0496117000002414
D2_111_nadir,aliked-lightglue-r1024-k8192,aliked,lightglue,1024,8192,1119,100_0010_0095.JPG,100_0010_0099.JPG,4710,4091,1086,944,0.8692449355432781,230.7504277682718,0.265625,0.25,0.927333414554596,False,ok,0.04392109999753302
D2_111_nadir,aliked-lightglue-r1024-k8192,aliked,lightglue,1024,8192,1120,100_0010_0095.JPG,100_0010_0100.JPG,4710,3582,11,7,0.6363636363636364,1.954215522054718,0.078125,0.09375,0.18445104360580444,True,ok,0.060401199996704236
D2_111_nadir,aliked-lightglue-r1024-k8192,aliked,lightglue,1024,8192,1121,100_0010_0095.JPG,100_0010_0101.JPG,4710,3115,46,9,0.1956521739130435,2.889245585874799,0.09375,0.078125,0.22073841094970703,True,ok,0.04515239999454934
D2_111_nadir,aliked-lightglue-r1024-k8192,aliked,lightglue,1024,8192,1122,100_0010_0095.JPG,100_0010_0102.JPG,4710,3081,41,9,0.21951219512195122,2.9211295034079843,0.09375,0.078125,0.23587928712368011,True,ok,0.030898799996066373
D2_111_nadir,aliked-lightglue-r1024-k8192,aliked,lightglue,1024,8192,1123,100_0010_0095.JPG,100_0010_0103.JPG,4710,4941,1706,981,0.5750293083235639,208.28025477707007,0.90625,0.5,0.8789276480674744,False,ok,0.04450380000344012
D2_111_nadir,aliked-lightglue-r1024-k8192,aliked,lightglue,1024,8192,1124,100_0010_0096.JPG,100_0010_0097.JPG,5260,5165,4199,3937,0.9376041914741605,762.2458857696031,0.875,0.875,0.9369217157363892,False,ok,0.05627970000205096
D2_111_nadir,aliked-lightglue-r1024-k8192,aliked,lightglue,1024,8192,1125,100_0010_0096.JPG,100_0010_0098.JPG,5260,4674,3019,2713,0.8986419344153693,580.4450149764656,0.625,0.625,0.9322553873062134,False,ok,0.05335729999933392
D2_111_nadir,aliked-lightglue-r1024-k8192,aliked,lightglue,1024,8192,1126,100_0010_0096.JPG,100_0010_0099.JPG,5260,4091,1924,1713,0.8903326403326404,418.72402835492545,0.5,0.46875,0.9422207474708557,False,ok,0.04956049999600509
D2_111_nadir,aliked-lightglue-r1024-k8192,aliked,lightglue,1024,8192,1127,100_0010_0096.JPG,100_0010_0100.JPG,5260,3582,926,809,0.8736501079913607,225.85147962032383,0.25,0.25,0.928424060344696,False,ok,0.04942029999801889
D2_111_nadir,aliked-lightglue-r1024-k8192,aliked,lightglue,1024,8192,1128,100_0010_0096.JPG,100_0010_0101.JPG,5260,3115,19,9,0.47368421052631576,2.889245585874799,0.125,0.109375,0.17765086889266968,True,ok,0.05981220000103349
D2_111_nadir,aliked-lightglue-r1024-k8192,aliked,lightglue,1024,8192,1129,100_0010_0096.JPG,100_0010_0102.JPG,5260,3081,53,10,0.18867924528301888,3.2456994482310937,0.140625,0.125,0.20801664888858795,True,ok,0.04102559999591904
D2_111_nadir,aliked-lightglue-r1024-k8192,aliked,lightglue,1024,8192,1130,100_0010_0096.JPG,100_0010_0103.JPG,5260,4941,2284,1401,0.6133975481611208,283.5458409228901,0.9375,0.625,0.8923054337501526,False,ok,0.055191400002513546
D2_111_nadir,aliked-lightglue-r1024-k8192,aliked,lightglue,1024,8192,1131,100_0010_0096.JPG,100_0010_0104.JPG,5260,5180,2273,1531,0.673559172899252,295.55984555984554,0.84375,0.5,0.9123856425285339,False,ok,0.05388890000176616
D2_111_nadir,aliked-lightglue-r1024-k8192,aliked,lightglue,1024,8192,1132,100_0010_0096.JPG,100_0010_0106.JPG,5260,5350,1465,1102,0.7522184300341297,209.50570342205324,0.46875,0.359375,0.8958590030670166,False,ok,0.0547727999946801
D2_111_nadir,aliked-lightglue-r1024-k8192,aliked,lightglue,1024,8192,1133,100_0010_0097.JPG,100_0010_0098.JPG,5165,4674,3608,3382,0.9373614190687362,723.5772357723578,0.875,0.859375,0.9363827109336853,False,ok,0.05352730000595329
D2_111_nadir,aliked-lightglue-r1024-k8192,aliked,lightglue,1024,8192,1134,100_0010_0097.JPG,100_0010_0099.JPG,5165,4091,2388,2159,0.9041038525963149,527.7438279149352,0.625,0.625,0.9373266100883484,False,ok,0.04374889999598963
D2_111_nadir,aliked-lightglue-r1024-k8192,aliked,lightglue,1024,8192,1135,100_0010_0097.JPG,100_0010_0100.JPG,5165,3582,1271,1110,0.8733280881195908,309.88274706867674,0.5,0.46875,0.9197344183921814,False,ok,0.04425780000019586
D2_111_nadir,aliked-lightglue-r1024-k8192,aliked,lightglue,1024,8192,1136,100_0010_0097.JPG,100_0010_0101.JPG,5165,3115,316,259,0.819620253164557,83.14606741573034,0.21875,0.203125,0.853370189666748,False,ok,0.04171930000302382
D2_111_nadir,aliked-lightglue-r1024-k8192,aliked,lightglue,1024,8192,1137,100_0010_0097.JPG,100_0010_0102.JPG,5165,3081,202,163,0.806930693069307,52.90490100616683,0.203125,0.1875,0.8688378930091858,False,ok,0.05534539999644039
D2_111_nadir,aliked-lightglue-r1024-k8192,aliked,lightglue,1024,8192,1138,100_0010_0097.JPG,100_0010_0103.JPG,5165,4941,2158,1364,0.6320667284522706,276.05747824327057,0.84375,0.578125,0.8790521621704102,False,ok,0.05443030000606086
D2_111_nadir,aliked-lightglue-r1024-k8192,aliked,lightglue,1024,8192,1139,100_0010_0097.JPG,100_0010_0104.JPG,5165,5180,2066,1427,0.6907066795740562,276.2826718296225,0.703125,0.46875,0.9001431465148926,False,ok,0.06139120000443654
D2_111_nadir,aliked-lightglue-r1024-k8192,aliked,lightglue,1024,8192,1140,100_0010_0097.JPG,100_0010_0105.JPG,5165,5231,1662,1286,0.7737665463297232,248.9835430784124,0.515625,0.375,0.911794900894165,False,ok,0.05660139999963576
D2_111_nadir,aliked-lightglue-r1024-k8192,aliked,lightglue,1024,8192,1141,100_0010_0097.JPG,100_0010_0106.JPG,5165,5350,1215,1016,0.8362139917695474,196.7086156824782,0.359375,0.265625,0.907794713973999,False,ok,0.058417000000190455
D2_111_nadir,aliked-lightglue-r1024-k8192,aliked,lightglue,1024,8192,1142,100_0010_0098.JPG,100_0010_0099.JPG,4674,4091,3011,2807,0.9322484224510129,686.1403079931557,0.84375,0.8125,0.9400873780250549,False,ok,0.04558750000433065
D2_111_nadir,aliked-lightglue-r1024-k8192,aliked,lightglue,1024,8192,1143,100_0010_0098.JPG,100_0010_0100.JPG,4674,3582,1720,1515,0.8808139534883721,422.94807370184253,0.546875,0.546875,0.9306671619415283,False,ok,0.040975399999297224
D2_111_nadir,aliked-lightglue-r1024-k8192,aliked,lightglue,1024,8192,1144,100_0010_0098.JPG,100_0010_0101.JPG,4674,3115,649,549,0.8459167950693375,176.24398073836275,0.375,0.375,0.8817944526672363,False,ok,0.04527560000133235
D2_111_nadir,aliked-lightglue-r1024-k8192,aliked,lightglue,1024,8192,1145,100_0010_0098.JPG,100_0010_0102.JPG,4674,3081,522,446,0.8544061302681992,144.7581953911068,0.3125,0.3125,0.8649910688400269,False,ok,0.04165869999997085
D2_111_nadir,aliked-lightglue-r1024-k8192,aliked,lightglue,1024,8192,1146,100_0010_0098.JPG,100_0010_0103.JPG,4674,4941,1824,1293,0.7088815789473685,276.63671373555843,0.65625,0.46875,0.9115816354751587,False,ok,0.05285530000401195
D2_111_nadir,aliked-lightglue-r1024-k8192,aliked,lightglue,1024,8192,1147,100_0010_0098.JPG,100_0010_0104.JPG,4674,5180,1652,1318,0.7978208232445521,281.9854514334617,0.484375,0.421875,0.9233513474464417,False,ok,0.052980899999965914
D2_111_nadir,aliked-lightglue-r1024-k8192,aliked,lightglue,1024,8192,1148,100_0010_0098.JPG,100_0010_0105.JPG,4674,5231,1176,967,0.8222789115646258,206.88917415489945,0.3125,0.28125,0.9250034689903259,False,ok,0.05302780000056373
D2_111_nadir,aliked-lightglue-r1024-k8192,aliked,lightglue,1024,8192,1149,100_0010_0098.JPG,100_0010_0106.JPG,4674,5350,691,601,0.869753979739508,128.5836542575952,0.171875,0.171875,0.8995367288589478,False,ok,0.051797200001601595
D2_111_nadir,aliked-lightglue-r1024-k8192,aliked,lightglue,1024,8192,1150,100_0010_0099.JPG,100_0010_0100.JPG,4091,3582,2266,2023,0.8927625772285966,564.7682858738135,0.828125,0.78125,0.9282282590866089,False,ok,0.05016220000106841
D2_111_nadir,aliked-lightglue-r1024-k8192,aliked,lightglue,1024,8192,1151,100_0010_0099.JPG,100_0010_0101.JPG,4091,3115,1064,891,0.8374060150375939,286.0353130016051,0.578125,0.515625,0.8903765678405762,False,ok,0.043363299999327864
D2_111_nadir,aliked-lightglue-r1024-k8192,aliked,lightglue,1024,8192,1152,100_0010_0099.JPG,100_0010_0102.JPG,4091,3081,933,708,0.7588424437299035,229.79552093476144,0.515625,0.5,0.8799825310707092,False,ok,0.05128730000433279
D2_111_nadir,aliked-lightglue-r1024-k8192,aliked,lightglue,1024,8192,1153,100_0010_0099.JPG,100_0010_0103.JPG,4091,4941,1425,1122,0.7873684210526316,274.26057198728915,0.4375,0.390625,0.9251524806022644,False,ok,0.04291650000232039
D2_111_nadir,aliked-lightglue-r1024-k8192,aliked,lightglue,1024,8192,1154,100_0010_0099.JPG,100_0010_0104.JPG,4091,5180,1163,982,0.8443680137575237,240.03911024199462,0.328125,0.3125,0.9242968559265137,False,ok,0.04608469999948284
D2_111_nadir,aliked-lightglue-r1024-k8192,aliked,lightglue,1024,8192,1155,100_0010_0099.JPG,100_0010_0105.JPG,4091,5231,608,557,0.9161184210526315,136.15252994377903,0.1875,0.1875,0.9357650279998779,False,ok,0.04959519999829354
D2_111_nadir,aliked-lightglue-r1024-k8192,aliked,lightglue,1024,8192,1156,100_0010_0099.JPG,100_0010_0106.JPG,4091,5350,16,9,0.5625,2.199951112197507,0.09375,0.078125,0.15440979599952698,True,ok,0.06432710000080988
D2_111_nadir,aliked-lightglue-r1024-k8192,aliked,lightglue,1024,8192,1157,100_0010_0099.JPG,100_0010_0107.JPG,4091,5317,11,8,0.7272727272727273,1.955512099731117,0.09375,0.109375,0.22837229073047638,True,ok,0.06624020000163
D2_111_nadir,aliked-lightglue-r1024-k8192,aliked,lightglue,1024,8192,1158,100_0010_0100.JPG,100_0010_0101.JPG,3582,3115,1837,1468,0.799129014697877,471.2680577849117,0.84375,0.796875,0.8502669930458069,False,ok,0.07239969999500317
D2_111_nadir,aliked-lightglue-r1024-k8192,aliked,lightglue,1024,8192,1159,100_0010_0100.JPG,100_0010_0102.JPG,3582,3081,1562,1267,0.8111395646606914,411.2301200908796,0.75,0.71875,0.8628943562507629,False,ok,0.06085750000056578
D2_111_nadir,aliked-lightglue-r1024-k8192,aliked,lightglue,1024,8192,1160,100_0010_0100.JPG,100_0010_0103.JPG,3582,4941,845,693,0.8201183431952662,193.46733668341707,0.265625,0.25,0.9340322613716125,False,ok,0.039946199998667
D2_111_nadir,aliked-lightglue-r1024-k8192,aliked,lightglue,1024,8192,1161,100_0010_0100.JPG,100_0010_0104.JPG,3582,5180,428,379,0.8855140186915887,105.8068118369626,0.109375,0.109375,0.9339635372161865,False,ok,0.048100599997269455
D2_111_nadir,aliked-lightglue-r1024-k8192,aliked,lightglue,1024,8192,1162,100_0010_0100.JPG,100_0010_0105.JPG,3582,5231,16,8,0.5,2.233389168062535,0.109375,0.09375,0.18607541918754578,True,ok,0.05950079999456648
D2_111_nadir,aliked-lightglue-r1024-k8192,aliked,lightglue,1024,8192,1163,100_0010_0100.JPG,100_0010_0106.JPG,3582,5350,15,8,0.5333333333333333,2.233389168062535,0.109375,0.125,0.23847930133342743,True,ok,0.06669659999897704
D2_111_nadir,aliked-lightglue-r1024-k8192,aliked,lightglue,1024,8192,1164,100_0010_0100.JPG,100_0010_0107.JPG,3582,5317,32,9,0.28125,2.512562814070352,0.09375,0.109375,0.22342967987060547,True,ok,0.06462969999847701
D2_111_nadir,aliked-lightglue-r1024-k8192,aliked,lightglue,1024,8192,1165,100_0010_0100.JPG,100_0010_0108.JPG,3582,5308,40,11,0.275,3.0709101060859854,0.125,0.140625,0.1921318769454956,True,ok,0.05219579999538837
D2_111_nadir,aliked-lightglue-r1024-k8192,aliked,lightglue,1024,8192,1166,100_0010_0101.JPG,100_0010_0102.JPG,3115,3081,2535,2219,0.87534516765286,720.2207075624797,1.0,0.984375,0.8853455185890198,False,ok,0.044059500003641006
D2_111_nadir,aliked-lightglue-r1024-k8192,aliked,lightglue,1024,8192,1167,100_0010_0101.JPG,100_0010_0103.JPG,3115,4941,142,129,0.9084507042253521,41.41252006420546,0.078125,0.078125,0.8672904968261719,False,ok,0.04980119999527233
D2_111_nadir,aliked-lightglue-r1024-k8192,aliked,lightglue,1024,8192,1168,100_0010_0101.JPG,100_0010_0104.JPG,3115,5180,21,9,0.42857142857142855,2.889245585874799,0.109375,0.125,0.2299322634935379,True,ok,0.05849889999808511
D2_111_nadir,aliked-lightglue-r1024-k8192,aliked,lightglue,1024,8192,1169,100_0010_0101.JPG,100_0010_0105.JPG,3115,5231,30,10,0.3333333333333333,3.2102728731942216,0.125,0.140625,0.2053268551826477,True,ok,0.05651570000190986
D2_111_nadir,aliked-lightglue-r1024-k8192,aliked,lightglue,1024,8192,1170,100_0010_0101.JPG,100_0010_0106.JPG,3115,5350,26,11,0.4230769230769231,3.5313001605136436,0.078125,0.078125,0.2097141593694687,True,ok,0.04917929999646731
D2_111_nadir,aliked-lightglue-r1024-k8192,aliked,lightglue,1024,8192,1171,100_0010_0101.JPG,100_0010_0107.JPG,3115,5317,17,9,0.5294117647058824,2.889245585874799,0.09375,0.09375,0.23134447634220123,True,ok,0.05666880000353558
D2_111_nadir,aliked-lightglue-r1024-k8192,aliked,lightglue,1024,8192,1172,100_0010_0101.JPG,100_0010_0108.JPG,3115,5308,23,10,0.43478260869565216,3.2102728731942216,0.09375,0.09375,0.1739462912082672,True,ok,0.06098049999854993
D2_111_nadir,aliked-lightglue-r1024-k8192,aliked,lightglue,1024,8192,1173,100_0010_0101.JPG,100_0010_0109.JPG,3115,5384,31,10,0.3225806451612903,3.2102728731942216,0.078125,0.15625,0.21071551740169525,True,ok,0.06015240000124322
D2_111_nadir,aliked-lightglue-r1024-k8192,aliked,lightglue,1024,8192,1174,100_0010_0102.JPG,100_0010_0103.JPG,3081,4941,27,9,0.3333333333333333,2.9211295034079843,0.09375,0.09375,0.20435050129890442,True,ok,0.04405159999441821
D2_111_nadir,aliked-lightglue-r1024-k8192,aliked,lightglue,1024,8192,1175,100_0010_0102.JPG,100_0010_0104.JPG,3081,5180,17,8,0.47058823529411764,2.596559558584875,0.109375,0.109375,0.1615460216999054,True,ok,0.04774619999807328
D2_111_nadir,aliked-lightglue-r1024-k8192,aliked,lightglue,1024,8192,1176,100_0010_0102.JPG,100_0010_0105.JPG,3081,5231,23,9,0.391304347826087,2.9211295034079843,0.078125,0.125,0.20991173386573792,True,ok,0.05790479999996023
D2_111_nadir,aliked-lightglue-r1024-k8192,aliked,lightglue,1024,8192,1177,100_0010_0102.JPG,100_0010_0106.JPG,3081,5350,26,12,0.46153846153846156,3.8948393378773125,0.109375,0.09375,0.21795430779457092,True,ok,0.05505670000275131
D2_111_nadir,aliked-lightglue-r1024-k8192,aliked,lightglue,1024,8192,1178,100_0010_0102.JPG,100_0010_0107.JPG,3081,5317,20,10,0.5,3.2456994482310937,0.109375,0.09375,0.2205577790737152,True,ok,0.055871500000648666
D2_111_nadir,aliked-lightglue-r1024-k8192,aliked,lightglue,1024,8192,1179,100_0010_0102.JPG,100_0010_0108.JPG,3081,5308,27,10,0.37037037037037035,3.2456994482310937,0.09375,0.09375,0.20898018777370453,True,ok,0.055919999998877756
D2_111_nadir,aliked-lightglue-r1024-k8192,aliked,lightglue,1024,8192,1180,100_0010_0102.JPG,100_0010_0109.JPG,3081,5384,30,10,0.3333333333333333,3.2456994482310937,0.0625,0.09375,0.1904858499765396,True,ok,0.05540270000346936
D2_111_nadir,aliked-lightglue-r1024-k8192,aliked,lightglue,1024,8192,1181,100_0010_0102.JPG,100_0010_0110.JPG,3081,5541,12,8,0.6666666666666666,2.596559558584875,0.078125,0.109375,0.22867704927921295,True,ok,0.05047560000093654
D2_111_nadir,aliked-lightglue-r1024-k8192,aliked,lightglue,1024,8192,1182,100_0010_0103.JPG,100_0010_0104.JPG,4941,5180,3795,3373,0.8888010540184453,682.655332928557,0.875,1.0,0.9278379678726196,False,ok,0.059811099999933504
D2_111_nadir,aliked-lightglue-r1024-k8192,aliked,lightglue,1024,8192,1183,100_0010_0103.JPG,100_0010_0105.JPG,4941,5231,2964,2263,0.7634952766531714,458.0044525399717,0.6875,1.0,0.8952937126159668,False,ok,0.05735830000048736
D2_111_nadir,aliked-lightglue-r1024-k8192,aliked,lightglue,1024,8192,1184,100_0010_0103.JPG,100_0010_0106.JPG,4941,5350,2345,1611,0.6869936034115138,326.0473588342441,0.53125,1.0,0.8995622992515564,False,ok,0.06334939999942435
D2_111_nadir,aliked-lightglue-r1024-k8192,aliked,lightglue,1024,8192,1185,100_0010_0103.JPG,100_0010_0107.JPG,4941,5317,1886,1146,0.6076352067868505,231.93685488767457,0.5,0.96875,0.8772570490837097,False,ok,0.0720627000046079
D2_111_nadir,aliked-lightglue-r1024-k8192,aliked,lightglue,1024,8192,1186,100_0010_0103.JPG,100_0010_0108.JPG,4941,5308,1450,859,0.5924137931034483,173.8514470754908,0.359375,0.78125,0.8485172986984253,False,ok,0.0722338999985368
D2_111_nadir,aliked-lightglue-r1024-k8192,aliked,lightglue,1024,8192,1187,100_0010_0103.JPG,100_0010_0109.JPG,4941,5384,1135,624,0.5497797356828193,126.29022465088039,0.3125,0.765625,0.8151624202728271,False,ok,0.07893049999984214
D2_111_nadir,aliked-lightglue-r1024-k8192,aliked,lightglue,1024,8192,1188,100_0010_0103.JPG,100_0010_0110.JPG,4941,5541,877,461,0.5256556442417332,93.3009512244485,0.234375,0.796875,0.8031727075576782,False,ok,0.08694280000054277
D2_111_nadir,aliked-lightglue-r1024-k8192,aliked,lightglue,1024,8192,1189,100_0010_0103.JPG,100_0010_0111.JPG,4941,5584,681,336,0.4933920704845815,68.00242865816637,0.234375,0.71875,0.7399128079414368,False,ok,0.09766369999852031
D2_111_nadir,aliked-lightglue-r1024-k8192,aliked,lightglue,1024,8192,1190,100_0010_0104.JPG,100_0010_0105.JPG,5180,5231,3825,3427,0.8959477124183006,661.5830115830116,0.859375,1.0,0.9282137155532837,False,ok,0.05142820000037318
D2_111_nadir,aliked-lightglue-r1024-k8192,aliked,lightglue,1024,8192,1191,100_0010_0104.JPG,100_0010_0106.JPG,5180,5350,2907,2307,0.7936016511867905,445.3667953667954,0.671875,1.0,0.8934199810028076,False,ok,0.06262669999705395
D2_111_nadir,aliked-lightglue-r1024-k8192,aliked,lightglue,1024,8192,1192,100_0010_0104.JPG,100_0010_0107.JPG,5180,5317,2355,1657,0.7036093418259023,319.88416988416986,0.546875,1.0,0.9022956490516663,False,ok,0.059730799999670126
D2_111_nadir,aliked-lightglue-r1024-k8192,aliked,lightglue,1024,8192,1193,100_0010_0104.JPG,100_0010_0108.JPG,5180,5308,1827,1161,0.6354679802955665,224.13127413127413,0.4375,0.875,0.8765747547149658,False,ok,0.06984089999605203
D2_111_nadir,aliked-lightglue-r1024-k8192,aliked,lightglue,1024,8192,1194,100_0010_0104.JPG,100_0010_0109.JPG,5180,5384,1442,863,0.5984743411927878,166.6023166023166,0.34375,0.765625,0.8438763618469238,False,ok,0.0672606000007363
D2_111_nadir,aliked-lightglue-r1024-k8192,aliked,lightglue,1024,8192,1195,100_0010_0104.JPG,100_0010_0110.JPG,5180,5541,1132,632,0.558303886925795,122.00772200772201,0.3125,0.78125,0.8296573162078857,False,ok,0.07566829999996116
D2_111_nadir,aliked-lightglue-r1024-k8192,aliked,lightglue,1024,8192,1196,100_0010_0104.JPG,100_0010_0111.JPG,5180,5584,883,443,0.5016987542468856,85.52123552123552,0.234375,0.75,0.7840868830680847,False,ok,0.08613429999968503
D2_111_nadir,aliked-lightglue-r1024-k8192,aliked,lightglue,1024,8192,1197,100_0010_0105.JPG,100_0010_0106.JPG,5231,5350,3851,3437,0.8924954557257855,657.0445421525521,0.84375,1.0,0.9288790822029114,False,ok,0.0558627000064007
D2_111_nadir,aliked-lightglue-r1024-k8192,aliked,lightglue,1024,8192,1198,100_0010_0105.JPG,100_0010_0107.JPG,5231,5317,3002,2390,0.7961359093937375,456.89160772318866,0.6875,1.0,0.8951069712638855,False,ok,0.06455579999601468
D2_111_nadir,aliked-lightglue-r1024-k8192,aliked,lightglue,1024,8192,1199,100_0010_0105.JPG,100_0010_0108.JPG,5231,5308,2381,1733,0.7278454430911382,331.29420760848785,0.578125,0.984375,0.902588427066803,False,ok,0.058717100000649225
D2_111_nadir,aliked-lightglue-r1024-k8192,aliked,lightglue,1024,8192,1200,100_0010_0105.JPG,100_0010_0109.JPG,5231,5384,1885,1281,0.6795755968169761,244.88625501816097,0.46875,0.90625,0.8722637295722961,False,ok,0.0581982000003336
D2_111_nadir,aliked-lightglue-r1024-k8192,aliked,lightglue,1024,8192,1201,100_0010_0105.JPG,100_0010_0110.JPG,5231,5541,1516,939,0.6193931398416886,179.506786465303,0.34375,0.796875,0.8548994064331055,False,ok,0.07041069999831961
D2_111_nadir,aliked-lightglue-r1024-k8192,aliked,lightglue,1024,8192,1202,100_0010_0105.JPG,100_0010_0111.JPG,5231,5584,1180,672,0.5694915254237288,128.46492066526477,0.328125,0.75,0.8101063370704651,False,ok,0.06579630000487668
D2_111_nadir,aliked-lightglue-r1024-k8192,aliked,lightglue,1024,8192,1203,100_0010_0106.JPG,100_0010_0107.JPG,5350,5317,3944,3573,0.9059330628803245,671.9954861764153,0.84375,1.0,0.9340745806694031,False,ok,0.06053490000340389
D2_111_nadir,aliked-lightglue-r1024-k8192,aliked,lightglue,1024,8192,1204,100_0010_0106.JPG,100_0010_0108.JPG,5350,5308,3037,2457,0.8090220612446494,462.88620949510175,0.6875,1.0,0.9115514159202576,False,ok,0.059488799997780006
D2_111_nadir,aliked-lightglue-r1024-k8192,aliked,lightglue,1024,8192,1205,100_0010_0106.JPG,100_0010_0109.JPG,5350,5384,2419,1827,0.7552707730467135,341.49532710280374,0.59375,0.984375,0.9142017960548401,False,ok,0.06093719999626046
D2_111_nadir,aliked-lightglue-r1024-k8192,aliked,lightglue,1024,8192,1206,100_0010_0106.JPG,100_0010_0110.JPG,5350,5541,1965,1346,0.6849872773536896,251.58878504672896,0.484375,0.921875,0.870772123336792,False,ok,0.05371910000394564
D2_111_nadir,aliked-lightglue-r1024-k8192,aliked,lightglue,1024,8192,1207,100_0010_0106.JPG,100_0010_0111.JPG,5350,5584,1555,953,0.6128617363344051,178.13084112149534,0.359375,0.78125,0.8542168140411377,False,ok,0.06145970000216039
D2_111_nadir,aliked-lightglue-r1024-k8192,aliked,lightglue,1024,8192,1208,100_0010_0107.JPG,100_0010_0108.JPG,5317,5308,3897,3542,0.9089042853477034,667.2946495855313,0.84375,1.0,0.9363811016082764,False,ok,0.054708199997548945
D2_111_nadir,aliked-lightglue-r1024-k8192,aliked,lightglue,1024,8192,1209,100_0010_0107.JPG,100_0010_0109.JPG,5317,5384,3054,2568,0.8408644400785854,482.97912356592064,0.671875,1.0,0.9249730706214905,False,ok,0.06350770000426564
D2_111_nadir,aliked-lightglue-r1024-k8192,aliked,lightglue,1024,8192,1210,100_0010_0107.JPG,100_0010_0110.JPG,5317,5541,2499,1906,0.7627050820328132,358.4728230205003,0.578125,1.0,0.9173561930656433,False,ok,0.07539779999933671
D2_111_nadir,aliked-lightglue-r1024-k8192,aliked,lightglue,1024,8192,1211,100_0010_0107.JPG,100_0010_0111.JPG,5317,5584,1995,1401,0.7022556390977444,263.4944517585104,0.453125,0.859375,0.8840822577476501,False,ok,0.06291229999624193
D2_111_nadir,aliked-lightglue-r1024-k8192,aliked,lightglue,1024,8192,1212,100_0010_0108.JPG,100_0010_0109.JPG,5308,5384,3967,3674,0.9261406604487018,692.1627731725697,0.84375,1.0,0.9360255599021912,False,ok,0.05855099999462254
D2_111_nadir,aliked-lightglue-r1024-k8192,aliked,lightglue,1024,8192,1213,100_0010_0108.JPG,100_0010_0110.JPG,5308,5541,3147,2622,0.8331744518589133,493.9713639788998,0.671875,1.0,0.9193100929260254,False,ok,0.06204589999833843
D2_111_nadir,aliked-lightglue-r1024-k8192,aliked,lightglue,1024,8192,1214,100_0010_0108.JPG,100_0010_0111.JPG,5308,5584,2511,1857,0.7395459976105138,349.84928409947247,0.609375,0.984375,0.9187474250793457,False,ok,0.06506280000030529
D2_111_nadir,aliked-lightglue-r1024-k8192,aliked,lightglue,1024,8192,1215,100_0010_0109.JPG,100_0010_0110.JPG,5384,5541,4107,3797,0.9245191137083029,705.2377414561664,0.84375,1.0,0.9350579977035522,False,ok,0.06211800000164658
D2_111_nadir,aliked-lightglue-r1024-k8192,aliked,lightglue,1024,8192,1216,100_0010_0109.JPG,100_0010_0111.JPG,5384,5584,3245,2713,0.836055469953775,503.9004457652303,0.671875,1.0,0.9174962639808655,False,ok,0.06792080000013812
D2_111_nadir,aliked-lightglue-r1024-k8192,aliked,lightglue,1024,8192,1217,100_0010_0110.JPG,100_0010_0111.JPG,5541,5584,4172,3890,0.9324065196548418,702.0393430788666,0.84375,1.0,0.9324999451637268,False,ok,0.07141860000410816
