dataset,config,front_end,matcher,working_resolution,keypoint_budget,pair_index,image1,image2,keypoints_image1,keypoints_image2,raw_matches,verified_inliers,inlier_ratio,inliers_per_1000_keypoints,coverage_image1,coverage_image2,mean_match_score,failed_pair,verification_status,seconds
D2_111_nadir,aliked-lightglue-r2048-k8192,aliked,lightglue,2048,8192,1,100_0010_0001.JPG,100_0010_0002.JPG,8192,8192,4340,3973,0.9154377880184332,484.9853515625,0.78125,0.828125,0.9325094819068909,False,ok,0.44470750000618864
D2_111_nadir,aliked-lightglue-r2048-k8192,aliked,lightglue,2048,8192,2,100_0010_0001.JPG,100_0010_0003.JPG,8192,8192,2742,2511,0.9157549234135668,306.5185546875,0.546875,0.546875,0.9324886202812195,False,ok,0.16029850000631995
D2_111_nadir,aliked-lightglue-r2048-k8192,aliked,lightglue,2048,8192,3,100_0010_0001.JPG,100_0010_0004.JPG,8192,8192,1802,1597,0.8862375138734739,194.9462890625,0.40625,0.40625,0.9138680696487427,False,ok,0.12082870000449475
D2_111_nadir,aliked-lightglue-r2048-k8192,aliked,lightglue,2048,8192,4,100_0010_0001.JPG,100_0010_0005.JPG,8192,8192,549,392,0.7140255009107468,47.8515625,0.21875,0.203125,0.798958420753479,False,ok,0.12221680000948254
D2_111_nadir,aliked-lightglue-r2048-k8192,aliked,lightglue,2048,8192,5,100_0010_0001.JPG,100_0010_0006.JPG,8192,8192,217,15,0.06912442396313365,1.8310546875,0.125,0.140625,0.2608482539653778,False,ok,0.12806800000544172
D2_111_nadir,aliked-lightglue-r2048-k8192,aliked,lightglue,2048,8192,6,100_0010_0001.JPG,100_0010_0007.JPG,8192,8192,183,17,0.09289617486338798,2.0751953125,0.125,0.171875,0.27495265007019043,False,ok,0.12348239999846555
D2_111_nadir,aliked-lightglue-r2048-k8192,aliked,lightglue,2048,8192,7,100_0010_0001.JPG,100_0010_0008.JPG,8192,8192,171,12,0.07017543859649122,1.46484375,0.140625,0.140625,0.23938868939876556,True,ok,0.12945699998817872
D2_111_nadir,aliked-lightglue-r2048-k8192,aliked,lightglue,2048,8192,8,100_0010_0001.JPG,100_0010_0009.JPG,8192,8192,86,11,0.12790697674418605,1.3427734375,0.09375,0.09375,0.28027617931365967,True,ok,0.15624039999966044
D2_111_nadir,aliked-lightglue-r2048-k8192,aliked,lightglue,2048,8192,9,100_0010_0001.JPG,100_0010_0029.JPG,8192,8192,814,683,0.8390663390663391,83.3740234375,0.21875,0.203125,0.8991484642028809,False,ok,0.11536060000071302
D2_111_nadir,aliked-lightglue-r2048-k8192,aliked,lightglue,2048,8192,10,100_0010_0001.JPG,100_0010_0030.JPG,8192,8192,1609,1429,0.8881292728402734,174.4384765625,0.328125,0.359375,0.9117218255996704,False,ok,0.10807710001245141
D2_111_nadir,aliked-lightglue-r2048-k8192,aliked,lightglue,2048,8192,11,100_0010_0001.JPG,100_0010_0031.JPG,8192,8192,2282,2086,0.9141104294478528,254.638671875,0.5,0.515625,0.9216214418411255,False,ok,0.13510939999832772
D2_111_nadir,aliked-lightglue-r2048-k8192,aliked,lightglue,2048,8192,12,100_0010_0001.JPG,100_0010_0032.JPG,8192,8192,3380,3039,0.899112426035503,370.9716796875,0.65625,0.625,0.8998949527740479,False,ok,0.1884118000016315
D2_111_nadir,aliked-lightglue-r2048-k8192,aliked,lightglue,2048,8192,13,100_0010_0001.JPG,100_0010_0033.JPG,8192,8192,4201,3711,0.8833611044989288,453.0029296875,0.734375,0.71875,0.8971682190895081,False,ok,0.19457019999390468
D2_111_nadir,aliked-lightglue-r2048-k8192,aliked,lightglue,2048,8192,14,100_0010_0001.JPG,100_0010_0034.JPG,8192,8192,4087,3623,0.886469292879863,442.2607421875,0.734375,0.71875,0.8959740400314331,False,ok,0.2027749999979278
D2_111_nadir,aliked-lightglue-r2048-k8192,aliked,lightglue,2048,8192,15,100_0010_0001.JPG,100_0010_0035.JPG,8192,8192,2987,2600,0.8704385671242049,317.3828125,0.515625,0.5625,0.8889254331588745,False,ok,0.12371440000424627
D2_111_nadir,aliked-lightglue-r2048-k8192,aliked,lightglue,2048,8192,16,100_0010_0001.JPG,100_0010_0036.JPG,8192,8192,2230,2078,0.9318385650224216,253.662109375,0.375,0.421875,0.9203741550445557,False,ok,0.13722940000297967
D2_111_nadir,aliked-lightglue-r2048-k8192,aliked,lightglue,2048,8192,17,100_0010_0002.JPG,100_0010_0003.JPG,8192,8192,5053,4906,0.9709083712645953,598.876953125,0.828125,0.875,0.9646371603012085,False,ok,0.1310587000043597
D2_111_nadir,aliked-lightglue-r2048-k8192,aliked,lightglue,2048,8192,18,100_0010_0002.JPG,100_0010_0004.JPG,8192,8192,3718,3543,0.9529316837009145,432.4951171875,0.625,0.625,0.9596362113952637,False,ok,0.12782620001235045
D2_111_nadir,aliked-lightglue-r2048-k8192,aliked,lightglue,2048,8192,19,100_0010_0002.JPG,100_0010_0005.JPG,8192,8192,2296,2122,0.9242160278745645,259.033203125,0.5,0.5,0.9492405652999878,False,ok,0.12477309998939745
D2_111_nadir,aliked-lightglue-r2048-k8192,aliked,lightglue,2048,8192,20,100_0010_0002.JPG,100_0010_0006.JPG,8192,8192,1400,1287,0.9192857142857143,157.1044921875,0.25,0.265625,0.9552751779556274,False,ok,0.14452000000164844
D2_111_nadir,aliked-lightglue-r2048-k8192,aliked,lightglue,2048,8192,21,100_0010_0002.JPG,100_0010_0007.JPG,8192,8192,160,20,0.125,2.44140625,0.125,0.171875,0.25720494985580444,False,ok,0.1210609999980079
D2_111_nadir,aliked-lightglue-r2048-k8192,aliked,lightglue,2048,8192,22,100_0010_0002.JPG,100_0010_0008.JPG,8192,8192,90,14,0.15555555555555556,1.708984375,0.125,0.125,0.24066227674484253,True,ok,0.163689200009685
D2_111_nadir,aliked-lightglue-r2048-k8192,aliked,lightglue,2048,8192,23,100_0010_0002.JPG,100_0010_0009.JPG,8192,8192,106,17,0.16037735849056603,2.0751953125,0.1875,0.171875,0.2806231379508972,False,ok,0.1579390999977477
D2_111_nadir,aliked-lightglue-r2048-k8192,aliked,lightglue,2048,8192,24,100_0010_0002.JPG,100_0010_0010.JPG,8192,8192,104,11,0.10576923076923077,1.3427734375,0.140625,0.125,0.2603227496147156,True,ok,0.17287619999842718
D2_111_nadir,aliked-lightglue-r2048-k8192,aliked,lightglue,2048,8192,25,100_0010_0002.JPG,100_0010_0029.JPG,8192,8192,1994,1868,0.9368104312938816,228.02734375,0.375,0.375,0.9501015543937683,False,ok,0.11444289999781176
D2_111_nadir,aliked-lightglue-r2048-k8192,aliked,lightglue,2048,8192,26,100_0010_0002.JPG,100_0010_0030.JPG,8192,8192,2865,2770,0.9668411867364747,338.134765625,0.5,0.5625,0.9619160890579224,False,ok,0.13477240000793245
D2_111_nadir,aliked-lightglue-r2048-k8192,aliked,lightglue,2048,8192,27,100_0010_0002.JPG,100_0010_0031.JPG,8192,8192,3682,3557,0.9660510592069528,434.2041015625,0.65625,0.65625,0.9575042724609375,False,ok,0.15261450000980403
D2_111_nadir,aliked-lightglue-r2048-k8192,aliked,lightglue,2048,8192,28,100_0010_0002.JPG,100_0010_0032.JPG,8192,8192,4143,3943,0.9517258025585325,481.3232421875,0.734375,0.734375,0.9374979138374329,False,ok,0.15688899999076966
D2_111_nadir,aliked-lightglue-r2048-k8192,aliked,lightglue,2048,8192,29,100_0010_0002.JPG,100_0010_0033.JPG,8192,8192,3023,2722,0.9004300363876944,332.275390625,0.578125,0.59375,0.9119719862937927,False,ok,0.11793310000211932
D2_111_nadir,aliked-lightglue-r2048-k8192,aliked,lightglue,2048,8192,30,100_0010_0002.JPG,100_0010_0034.JPG,8192,8192,2949,2654,0.8999660902000678,323.974609375,0.578125,0.578125,0.908927857875824,False,ok,0.1107520000077784
D2_111_nadir,aliked-lightglue-r2048-k8192,aliked,lightglue,2048,8192,31,100_0010_0002.JPG,100_0010_0035.JPG,8192,8192,2279,2086,0.9153137340939008,254.638671875,0.453125,0.46875,0.9206189513206482,False,ok,0.12659489999350626
D2_111_nadir,aliked-lightglue-r2048-k8192,aliked,lightglue,2048,8192,32,100_0010_0003.JPG,100_0010_0004.JPG,8192,8192,5538,5444,0.9830263633080535,664.55078125,0.84375,0.875,0.9771047234535217,False,ok,0.13000200000533368
D2_111_nadir,aliked-lightglue-r2048-k8192,aliked,lightglue,2048,8192,33,100_0010_0003.JPG,100_0010_0005.JPG,8192,8192,4041,3892,0.9631279386290522,475.09765625,0.625,0.625,0.9686114192008972,False,ok,0.11558349999540951
D2_111_nadir,aliked-lightglue-r2048-k8192,aliked,lightglue,2048,8192,34,100_0010_0003.JPG,100_0010_0006.JPG,8192,8192,3032,2881,0.950197889182058,351.6845703125,0.5,0.5,0.975614607334137,False,ok,0.12006030000338797
D2_111_nadir,aliked-lightglue-r2048-k8192,aliked,lightglue,2048,8192,35,100_0010_0003.JPG,100_0010_0007.JPG,8192,8192,1550,1443,0.9309677419354838,176.1474609375,0.25,0.265625,0.9541740417480469,False,ok,0.1439371000014944
D2_111_nadir,aliked-lightglue-r2048-k8192,aliked,lightglue,2048,8192,36,100_0010_0003.JPG,100_0010_0008.JPG,8192,8192,196,16,0.08163265306122448,1.953125,0.203125,0.1875,0.24522726237773895,False,ok,0.14707880000059959
D2_111_nadir,aliked-lightglue-r2048-k8192,aliked,lightglue,2048,8192,37,100_0010_0003.JPG,100_0010_0009.JPG,8192,8192,211,16,0.07582938388625593,1.953125,0.15625,0.15625,0.2581663131713867,False,ok,0.10850860000937246
D2_111_nadir,aliked-lightglue-r2048-k8192,aliked,lightglue,2048,8192,38,100_0010_0003.JPG,100_0010_0010.JPG,8192,8192,79,12,0.1518987341772152,1.46484375,0.15625,0.15625,0.24811717867851257,True,ok,0.1703237000037916
D2_111_nadir,aliked-lightglue-r2048-k8192,aliked,lightglue,2048,8192,39,100_0010_0003.JPG,100_0010_0011.JPG,8192,8192,80,14,0.175,1.708984375,0.140625,0.125,0.2748630940914154,True,ok,0.15946930000791326
D2_111_nadir,aliked-lightglue-r2048-k8192,aliked,lightglue,2048,8192,40,100_0010_0003.JPG,100_0010_0028.JPG,8192,8192,2189,2084,0.9520328917313842,254.39453125,0.375,0.375,0.9802659749984741,False,ok,0.125111499990453
D2_111_nadir,aliked-lightglue-r2048-k8192,aliked,lightglue,2048,8192,41,100_0010_0003.JPG,100_0010_0029.JPG,8192,8192,3121,3028,0.9702018583787247,369.62890625,0.5625,0.5625,0.9705535769462585,False,ok,0.14163040000130422
D2_111_nadir,aliked-lightglue-r2048-k8192,aliked,lightglue,2048,8192,42,100_0010_0003.JPG,100_0010_0030.JPG,8192,8192,4092,4017,0.9816715542521994,490.3564453125,0.640625,0.65625,0.973439633846283,False,ok,0.15622750000329688
D2_111_nadir,aliked-lightglue-r2048-k8192,aliked,lightglue,2048,8192,43,100_0010_0003.JPG,100_0010_0031.JPG,8192,8192,4406,4307,0.9775306400363141,525.7568359375,0.734375,0.734375,0.969620406627655,False,ok,0.1332408000016585
D2_111_nadir,aliked-lightglue-r2048-k8192,aliked,lightglue,2048,8192,44,100_0010_0003.JPG,100_0010_0032.JPG,8192,8192,3105,2989,0.9626409017713365,364.8681640625,0.546875,0.5625,0.9578933119773865,False,ok,0.13745100000232924
D2_111_nadir,aliked-lightglue-r2048-k8192,aliked,lightglue,2048,8192,45,100_0010_0003.JPG,100_0010_0033.JPG,8192,8192,1995,1832,0.9182957393483709,223.6328125,0.421875,0.46875,0.9342925548553467,False,ok,0.13673470000503585
D2_111_nadir,aliked-lightglue-r2048-k8192,aliked,lightglue,2048,8192,46,100_0010_0003.JPG,100_0010_0034.JPG,8192,8192,1953,1783,0.9129544290834614,217.6513671875,0.421875,0.4375,0.9290114641189575,False,ok,0.13708040000346955
D2_111_nadir,aliked-lightglue-r2048-k8192,aliked,lightglue,2048,8192,47,100_0010_0004.JPG,100_0010_0005.JPG,8192,8192,5620,5555,0.9884341637010676,678.1005859375,0.875,0.875,0.9789705276489258,False,ok,0.11190390000410844
D2_111_nadir,aliked-lightglue-r2048-k8192,aliked,lightglue,2048,8192,48,100_0010_0004.JPG,100_0010_0006.JPG,8192,8192,4514,4380,0.9703145768719539,534.66796875,0.625,0.609375,0.9815192222595215,False,ok,0.12220480000542011
D2_111_nadir,aliked-lightglue-r2048-k8192,aliked,lightglue,2048,8192,49,100_0010_0004.JPG,100_0010_0007.JPG,8192,8192,3028,2905,0.9593791281373845,354.6142578125,0.5,0.484375,0.9755699038505554,False,ok,0.13877979999233503
D2_111_nadir,aliked-lightglue-r2048-k8192,aliked,lightglue,2048,8192,50,100_0010_0004.JPG,100_0010_0008.JPG,8192,8192,1524,1424,0.9343832020997376,173.828125,0.25,0.25,0.9514513611793518,False,ok,0.13747100000909995
D2_111_nadir,aliked-lightglue-r2048-k8192,aliked,lightglue,2048,8192,51,100_0010_0004.JPG,100_0010_0009.JPG,8192,8192,179,22,0.12290502793296089,2.685546875,0.203125,0.140625,0.23614735901355743,False,ok,0.1540571999939857
D2_111_nadir,aliked-lightglue-r2048-k8192,aliked,lightglue,2048,8192,52,100_0010_0004.JPG,100_0010_0010.JPG,8192,8192,92,18,0.1956521739130435,2.197265625,0.125,0.15625,0.24790863692760468,False,ok,0.1688869999925373
D2_111_nadir,aliked-lightglue-r2048-k8192,aliked,lightglue,2048,8192,53,100_0010_0004.JPG,100_0010_0011.JPG,8192,8192,84,23,0.27380952380952384,2.8076171875,0.140625,0.15625,0.2983314096927643,False,ok,0.19065629999386147
D2_111_nadir,aliked-lightglue-r2048-k8192,aliked,lightglue,2048,8192,54,100_0010_0004.JPG,100_0010_0012.JPG,8192,8192,149,12,0.08053691275167785,1.46484375,0.125,0.109375,0.23706571757793427,True,ok,0.12397849999251775
D2_111_nadir,aliked-lightglue-r2048-k8192,aliked,lightglue,2048,8192,55,100_0010_0004.JPG,100_0010_0027.JPG,8192,8192,2303,2240,0.9726443768996961,273.4375,0.375,0.375,0.9790267944335938,False,ok,0.12372699999832548
D2_111_nadir,aliked-lightglue-r2048-k8192,aliked,lightglue,2048,8192,56,100_0010_0004.JPG,100_0010_0028.JPG,8192,8192,3221,3157,0.9801303942874884,385.3759765625,0.5625,0.5625,0.9826605319976807,False,ok,0.11748959998658393
D2_111_nadir,aliked-lightglue-r2048-k8192,aliked,lightglue,2048,8192,57,100_0010_0004.JPG,100_0010_0029.JPG,8192,8192,4123,4082,0.9900557846228475,498.291015625,0.65625,0.65625,0.9789712429046631,False,ok,0.13165460000163876
D2_111_nadir,aliked-lightglue-r2048-k8192,aliked,lightglue,2048,8192,58,100_0010_0004.JPG,100_0010_0030.JPG,8192,8192,4680,4610,0.9850427350427351,562.744140625,0.75,0.75,0.9768847823143005,False,ok,0.12128870000015013
D2_111_nadir,aliked-lightglue-r2048-k8192,aliked,lightglue,2048,8192,59,100_0010_0004.JPG,100_0010_0031.JPG,8192,8192,3461,3388,0.9789078301069055,413.57421875,0.5625,0.5625,0.9702986478805542,False,ok,0.14679179999802727
D2_111_nadir,aliked-lightglue-r2048-k8192,aliked,lightglue,2048,8192,60,100_0010_0004.JPG,100_0010_0032.JPG,8192,8192,2340,2206,0.9427350427350427,269.287109375,0.46875,0.453125,0.9529845714569092,False,ok,0.11215699999593198
D2_111_nadir,aliked-lightglue-r2048-k8192,aliked,lightglue,2048,8192,61,100_0010_0005.JPG,100_0010_0006.JPG,8192,8192,5956,5893,0.9894224311618536,719.3603515625,0.875,0.875,0.9842105507850647,False,ok,0.1376317999965977
D2_111_nadir,aliked-lightglue-r2048-k8192,aliked,lightglue,2048,8192,62,100_0010_0005.JPG,100_0010_0007.JPG,8192,8192,4333,4207,0.9709208400646203,513.5498046875,0.625,0.625,0.9828271269798279,False,ok,0.12246469999081455
D2_111_nadir,aliked-lightglue-r2048-k8192,aliked,lightglue,2048,8192,63,100_0010_0005.JPG,100_0010_0008.JPG,8192,8192,2719,2603,0.9573372563442442,317.7490234375,0.5,0.484375,0.9733760356903076,False,ok,0.12527509999927133
D2_111_nadir,aliked-lightglue-r2048-k8192,aliked,lightglue,2048,8192,64,100_0010_0005.JPG,100_0010_0009.JPG,8192,8192,1212,1141,0.9414191419141914,139.2822265625,0.25,0.25,0.9545048475265503,False,ok,0.1338056999957189
D2_111_nadir,aliked-lightglue-r2048-k8192,aliked,lightglue,2048,8192,65,100_0010_0005.JPG,100_0010_0010.JPG,8192,8192,80,22,0.275,2.685546875,0.203125,0.25,0.25050148367881775,False,ok,0.22552960000757594
D2_111_nadir,aliked-lightglue-r2048-k8192,aliked,lightglue,2048,8192,66,100_0010_0005.JPG,100_0010_0011.JPG,8192,8192,82,19,0.23170731707317074,2.3193359375,0.125,0.171875,0.27681705355644226,False,ok,0.26318320000427775
D2_111_nadir,aliked-lightglue-r2048-k8192,aliked,lightglue,2048,8192,67,100_0010_0005.JPG,100_0010_0012.JPG,8192,8192,159,20,0.12578616352201258,2.44140625,0.109375,0.09375,0.2416505664587021,False,ok,0.12365259999933187
D2_111_nadir,aliked-lightglue-r2048-k8192,aliked,lightglue,2048,8192,68,100_0010_0005.JPG,100_0010_0013.JPG,8192,8192,99,11,0.1111111111111111,1.3427734375,0.125,0.140625,0.21291476488113403,True,ok,0.13010110000323039
D2_111_nadir,aliked-lightglue-r2048-k8192,aliked,lightglue,2048,8192,69,100_0010_0005.JPG,100_0010_0026.JPG,8192,8192,2292,2192,0.956369982547993,267.578125,0.375,0.375,0.9776206612586975,False,ok,0.14698829999542795
D2_111_nadir,aliked-lightglue-r2048-k8192,aliked,lightglue,2048,8192,70,100_0010_0005.JPG,100_0010_0027.JPG,8192,8192,3250,3196,0.9833846153846154,390.13671875,0.5625,0.5625,0.986078143119812,False,ok,0.12182070000562817
D2_111_nadir,aliked-lightglue-r2048-k8192,aliked,lightglue,2048,8192,71,100_0010_0005.JPG,100_0010_0028.JPG,8192,8192,4218,4180,0.990990990990991,510.25390625,0.65625,0.65625,0.986884355545044,False,ok,0.13683299999684095
D2_111_nadir,aliked-lightglue-r2048-k8192,aliked,lightglue,2048,8192,72,100_0010_0005.JPG,100_0010_0029.JPG,8192,8192,4582,4526,0.9877782627673505,552.490234375,0.75,0.75,0.9805853366851807,False,ok,0.12813769999775104
D2_111_nadir,aliked-lightglue-r2048-k8192,aliked,lightglue,2048,8192,73,100_0010_0005.JPG,100_0010_0030.JPG,8192,8192,3622,3558,0.9823302043070127,434.326171875,0.578125,0.5625,0.9750198721885681,False,ok,0.14851460000500083
D2_111_nadir,aliked-lightglue-r2048-k8192,aliked,lightglue,2048,8192,74,100_0010_0005.JPG,100_0010_0031.JPG,8192,8192,2461,2356,0.9573344169036977,287.59765625,0.46875,0.46875,0.9645177721977234,False,ok,0.13070309998875018
D2_111_nadir,aliked-lightglue-r2048-k8192,aliked,lightglue,2048,8192,75,100_0010_0006.JPG,100_0010_0007.JPG,8192,8192,5672,5625,0.9917136812411848,686.6455078125,0.875,0.875,0.984464704990387,False,ok,0.12536739998904523
D2_111_nadir,aliked-lightglue-r2048-k8192,aliked,lightglue,2048,8192,76,100_0010_0006.JPG,100_0010_0008.JPG,8192,8192,3980,3877,0.9741206030150754,473.2666015625,0.625,0.625,0.9813144207000732,False,ok,0.12456310000561643
D2_111_nadir,aliked-lightglue-r2048-k8192,aliked,lightglue,2048,8192,77,100_0010_0006.JPG,100_0010_0009.JPG,8192,8192,2416,2300,0.9519867549668874,280.76171875,0.5,0.46875,0.9650139212608337,False,ok,0.128980200010119
D2_111_nadir,aliked-lightglue-r2048-k8192,aliked,lightglue,2048,8192,78,100_0010_0006.JPG,100_0010_0010.JPG,8192,8192,1267,1194,0.9423835832675612,145.751953125,0.25,0.234375,0.9601702690124512,False,ok,0.1355288000049768
D2_111_nadir,aliked-lightglue-r2048-k8192,aliked,lightglue,2048,8192,79,100_0010_0006.JPG,100_0010_0011.JPG,8192,8192,296,153,0.5168918918918919,18.6767578125,0.109375,0.078125,0.6438119411468506,False,ok,0.1814615000039339
D2_111_nadir,aliked-lightglue-r2048-k8192,aliked,lightglue,2048,8192,80,100_0010_0006.JPG,100_0010_0012.JPG,8192,8192,168,18,0.10714285714285714,2.197265625,0.15625,0.109375,0.23660621047019958,False,ok,0.11314329999731854
D2_111_nadir,aliked-lightglue-r2048-k8192,aliked,lightglue,2048,8192,81,100_0010_0006.JPG,100_0010_0013.JPG,8192,8192,132,13,0.09848484848484848,1.5869140625,0.140625,0.09375,0.23746317625045776,True,ok,0.11571329999424051
D2_111_nadir,aliked-lightglue-r2048-k8192,aliked,lightglue,2048,8192,82,100_0010_0006.JPG,100_0010_0014.JPG,8192,8192,120,11,0.09166666666666666,1.3427734375,0.125,0.125,0.2249976247549057,True,ok,0.12194140000792686
D2_111_nadir,aliked-lightglue-r2048-k8192,aliked,lightglue,2048,8192,83,100_0010_0006.JPG,100_0010_0025.JPG,8192,8192,2213,2126,0.9606868504292815,259.521484375,0.375,0.375,0.9721320271492004,False,ok,0.13183399999979883
D2_111_nadir,aliked-lightglue-r2048-k8192,aliked,lightglue,2048,8192,84,100_0010_0006.JPG,100_0010_0026.JPG,8192,8192,3251,3181,0.9784681636419563,388.3056640625,0.5625,0.5625,0.9822220206260681,False,ok,0.1384732000005897
D2_111_nadir,aliked-lightglue-r2048-k8192,aliked,lightglue,2048,8192,85,100_0010_0006.JPG,100_0010_0027.JPG,8192,8192,4196,4155,0.9902287893231649,507.2021484375,0.65625,0.65625,0.9884092807769775,False,ok,0.12503759999526665
D2_111_nadir,aliked-lightglue-r2048-k8192,aliked,lightglue,2048,8192,86,100_0010_0006.JPG,100_0010_0028.JPG,8192,8192,4729,4668,0.9871008669909072,569.82421875,0.75,0.75,0.9873197674751282,False,ok,0.1259890999936033
D2_111_nadir,aliked-lightglue-r2048-k8192,aliked,lightglue,2048,8192,87,100_0010_0006.JPG,100_0010_0029.JPG,8192,8192,3890,3850,0.9897172236503856,469.970703125,0.578125,0.5625,0.9868921041488647,False,ok,0.15769510000245646
D2_111_nadir,aliked-lightglue-r2048-k8192,aliked,lightglue,2048,8192,88,100_0010_0006.JPG,100_0010_0030.JPG,8192,8192,2977,2915,0.9791736647631845,355.8349609375,0.46875,0.46875,0.9818282723426819,False,ok,0.1124920000002021
D2_111_nadir,aliked-lightglue-r2048-k8192,aliked,lightglue,2048,8192,89,100_0010_0007.JPG,100_0010_0008.JPG,8192,8192,5518,5456,0.9887640449438202,666.015625,0.875,0.84375,0.9768203496932983,False,ok,0.1400656999903731
D2_111_nadir,aliked-lightglue-r2048-k8192,aliked,lightglue,2048,8192,90,100_0010_0007.JPG,100_0010_0009.JPG,8192,8192,3833,3719,0.9702582833289851,453.9794921875,0.625,0.609375,0.9738565683364868,False,ok,0.11017569999967236
D2_111_nadir,aliked-lightglue-r2048-k8192,aliked,lightglue,2048,8192,91,100_0010_0007.JPG,100_0010_0010.JPG,8192,8192,2541,2429,0.9559228650137741,296.5087890625,0.484375,0.46875,0.9749354720115662,False,ok,0.15286080000805669
D2_111_nadir,aliked-lightglue-r2048-k8192,aliked,lightglue,2048,8192,92,100_0010_0007.JPG,100_0010_0011.JPG,8192,8192,1379,1292,0.9369108049311095,157.71484375,0.234375,0.234375,0.962395966053009,False,ok,0.14477159999660216
D2_111_nadir,aliked-lightglue-r2048-k8192,aliked,lightglue,2048,8192,93,100_0010_0007.JPG,100_0010_0012.JPG,8192,8192,252,163,0.6468253968253969,19.8974609375,0.09375,0.09375,0.7172043323516846,False,ok,0.1858823999937158
D2_111_nadir,aliked-lightglue-r2048-k8192,aliked,lightglue,2048,8192,94,100_0010_0007.JPG,100_0010_0013.JPG,8192,8192,124,12,0.0967741935483871,1.46484375,0.140625,0.09375,0.21321770548820496,True,ok,0.13753429999633227
D2_111_nadir,aliked-lightglue-r2048-k8192,aliked,lightglue,2048,8192,95,100_0010_0007.JPG,100_0010_0014.JPG,8192,8192,127,11,0.08661417322834646,1.3427734375,0.15625,0.109375,0.20636987686157227,True,ok,0.11445049999747425
D2_111_nadir,aliked-lightglue-r2048-k8192,aliked,lightglue,2048,8192,96,100_0010_0007.JPG,100_0010_0015.JPG,8192,8192,62,12,0.1935483870967742,1.46484375,0.109375,0.109375,0.2053140550851822,True,ok,0.17877800000132993
D2_111_nadir,aliked-lightglue-r2048-k8192,aliked,lightglue,2048,8192,97,100_0010_0007.JPG,100_0010_0024.JPG,8192,8192,2389,2324,0.972791963164504,283.69140625,0.375,0.375,0.9765633344650269,False,ok,0.10851849999744445
D2_111_nadir,aliked-lightglue-r2048-k8192,aliked,lightglue,2048,8192,98,100_0010_0007.JPG,100_0010_0025.JPG,8192,8192,3296,3242,0.9836165048543689,395.751953125,0.5625,0.5625,0.9820133447647095,False,ok,0.1414199999999255
D2_111_nadir,aliked-lightglue-r2048-k8192,aliked,lightglue,2048,8192,99,100_0010_0007.JPG,100_0010_0026.JPG,8192,8192,4381,4343,0.9913261812371604,530.1513671875,0.65625,0.65625,0.9845715761184692,False,ok,0.1161119000025792
D2_111_nadir,aliked-lightglue-r2048-k8192,aliked,lightglue,2048,8192,100,100_0010_0007.JPG,100_0010_0027.JPG,8192,8192,4856,4797,0.9878500823723229,585.5712890625,0.75,0.75,0.9854490756988525,False,ok,0.13167999999132007
D2_111_nadir,aliked-lightglue-r2048-k8192,aliked,lightglue,2048,8192,101,100_0010_0007.JPG,100_0010_0028.JPG,8192,8192,3860,3809,0.9867875647668394,464.9658203125,0.65625,0.59375,0.9845525026321411,False,ok,0.13788370000838768
D2_111_nadir,aliked-lightglue-r2048-k8192,aliked,lightglue,2048,8192,102,100_0010_0007.JPG,100_0010_0029.JPG,8192,8192,2940,2869,0.9758503401360544,350.2197265625,0.46875,0.46875,0.9776869416236877,False,ok,0.14557130000321195
D2_111_nadir,aliked-lightglue-r2048-k8192,aliked,lightglue,2048,8192,103,100_0010_0008.JPG,100_0010_0009.JPG,8192,8192,5433,5361,0.9867476532302595,654.4189453125,0.875,0.84375,0.973283052444458,False,ok,0.1454395999899134
D2_111_nadir,aliked-lightglue-r2048-k8192,aliked,lightglue,2048,8192,104,100_0010_0008.JPG,100_0010_0010.JPG,8192,8192,3926,3805,0.9691798267957208,464.4775390625,0.625,0.578125,0.9735161662101746,False,ok,0.11945009999908507
D2_111_nadir,aliked-lightglue-r2048-k8192,aliked,lightglue,2048,8192,105,100_0010_0008.JPG,100_0010_0011.JPG,8192,8192,2704,2554,0.9445266272189349,311.767578125,0.453125,0.421875,0.9605841040611267,False,ok,0.1288397000025725
D2_111_nadir,aliked-lightglue-r2048-k8192,aliked,lightglue,2048,8192,106,100_0010_0008.JPG,100_0010_0012.JPG,8192,8192,1434,1297,0.904463040446304,158.3251953125,0.1875,0.1875,0.9289840459823608,False,ok,0.12432049999188166
D2_111_nadir,aliked-lightglue-r2048-k8192,aliked,lightglue,2048,8192,107,100_0010_0008.JPG,100_0010_0013.JPG,8192,8192,128,11,0.0859375,1.3427734375,0.15625,0.109375,0.23534131050109863,True,ok,0.14092429999436717
D2_111_nadir,aliked-lightglue-r2048-k8192,aliked,lightglue,2048,8192,108,100_0010_0008.JPG,100_0010_0014.JPG,8192,8192,136,11,0.08088235294117647,1.3427734375,0.15625,0.140625,0.22095318138599396,True,ok,0.1152421000006143
D2_111_nadir,aliked-lightglue-r2048-k8192,aliked,lightglue,2048,8192,109,100_0010_0008.JPG,100_0010_0015.JPG,8192,8192,129,12,0.09302325581395349,1.46484375,0.09375,0.125,0.22741468250751495,True,ok,0.11088409999501891
D2_111_nadir,aliked-lightglue-r2048-k8192,aliked,lightglue,2048,8192,110,100_0010_0008.JPG,100_0010_0016.JPG,8192,8192,169,11,0.0650887573964497,1.3427734375,0.140625,0.125,0.26167014241218567,True,ok,0.11698430000978988
D2_111_nadir,aliked-lightglue-r2048-k8192,aliked,lightglue,2048,8192,111,100_0010_0008.JPG,100_0010_0023.JPG,8192,8192,2613,2516,0.9628779181017987,307.12890625,0.375,0.375,0.9675652980804443,False,ok,0.15622129999974277
D2_111_nadir,aliked-lightglue-r2048-k8192,aliked,lightglue,2048,8192,112,100_0010_0008.JPG,100_0010_0024.JPG,8192,8192,3463,3411,0.9849841178169217,416.3818359375,0.5625,0.5625,0.9783989191055298,False,ok,0.11291080000228249
D2_111_nadir,aliked-lightglue-r2048-k8192,aliked,lightglue,2048,8192,113,100_0010_0008.JPG,100_0010_0025.JPG,8192,8192,4384,4320,0.9854014598540146,527.34375,0.65625,0.65625,0.9810362458229065,False,ok,0.14083699999901
D2_111_nadir,aliked-lightglue-r2048-k8192,aliked,lightglue,2048,8192,114,100_0010_0008.JPG,100_0010_0026.JPG,8192,8192,4907,4820,0.9822702262074587,588.37890625,0.75,0.75,0.9828395843505859,False,ok,0.13199519999034237
D2_111_nadir,aliked-lightglue-r2048-k8192,aliked,lightglue,2048,8192,115,100_0010_0008.JPG,100_0010_0027.JPG,8192,8192,3799,3753,0.9878915504080021,458.1298828125,0.640625,0.609375,0.9837384223937988,False,ok,0.11162509999121539
D2_111_nadir,aliked-lightglue-r2048-k8192,aliked,lightglue,2048,8192,116,100_0010_0008.JPG,100_0010_0028.JPG,8192,8192,2785,2726,0.9788150807899462,332.763671875,0.46875,0.46875,0.979210615158081,False,ok,0.13842170000134502
D2_111_nadir,aliked-lightglue-r2048-k8192,aliked,lightglue,2048,8192,117,100_0010_0009.JPG,100_0010_0010.JPG,8192,8192,5502,5412,0.9836423118865867,660.64453125,0.875,0.84375,0.9730352163314819,False,ok,0.12998899999365676
D2_111_nadir,aliked-lightglue-r2048-k8192,aliked,lightglue,2048,8192,118,100_0010_0009.JPG,100_0010_0011.JPG,8192,8192,4206,4023,0.956490727532097,491.0888671875,0.625,0.625,0.9670349955558777,False,ok,0.2715113000012934
D2_111_nadir,aliked-lightglue-r2048-k8192,aliked,lightglue,2048,8192,119,100_0010_0009.JPG,100_0010_0012.JPG,8192,8192,2742,2556,0.9321663019693655,312.01171875,0.4375,0.4375,0.9514708518981934,False,ok,0.13716549999662675
D2_111_nadir,aliked-lightglue-r2048-k8192,aliked,lightglue,2048,8192,120,100_0010_0009.JPG,100_0010_0013.JPG,8192,8192,1370,1247,0.9102189781021898,152.2216796875,0.25,0.25,0.9359061121940613,False,ok,0.1313388999988092
D2_111_nadir,aliked-lightglue-r2048-k8192,aliked,lightglue,2048,8192,121,100_0010_0009.JPG,100_0010_0014.JPG,8192,8192,135,91,0.674074074074074,11.1083984375,0.09375,0.078125,0.6850863099098206,False,ok,0.1714537000079872
D2_111_nadir,aliked-lightglue-r2048-k8192,aliked,lightglue,2048,8192,122,100_0010_0009.JPG,100_0010_0015.JPG,8192,8192,140,10,0.07142857142857142,1.220703125,0.140625,0.125,0.22357207536697388,True,ok,0.13488900000811554
D2_111_nadir,aliked-lightglue-r2048-k8192,aliked,lightglue,2048,8192,123,100_0010_0009.JPG,100_0010_0016.JPG,8192,8192,155,11,0.07096774193548387,1.3427734375,0.140625,0.15625,0.22220799326896667,True,ok,0.10438930000236724
D2_111_nadir,aliked-lightglue-r2048-k8192,aliked,lightglue,2048,8192,124,100_0010_0009.JPG,100_0010_0017.JPG,8192,8192,150,10,0.06666666666666667,1.220703125,0.109375,0.140625,0.21452835202217102,True,ok,0.10534919999190606
D2_111_nadir,aliked-lightglue-r2048-k8192,aliked,lightglue,2048,8192,125,100_0010_0009.JPG,100_0010_0022.JPG,8192,8192,2700,2575,0.9537037037037037,314.3310546875,0.375,0.375,0.9606075286865234,False,ok,0.1145297000039136
D2_111_nadir,aliked-lightglue-r2048-k8192,aliked,lightglue,2048,8192,126,100_0010_0009.JPG,100_0010_0023.JPG,8192,8192,3738,3653,0.9772605671482076,445.9228515625,0.5625,0.5625,0.9727548956871033,False,ok,0.1493149000016274
D2_111_nadir,aliked-lightglue-r2048-k8192,aliked,lightglue,2048,8192,127,100_0010_0009.JPG,100_0010_0024.JPG,8192,8192,4498,4435,0.9859937750111161,541.3818359375,0.65625,0.65625,0.9793744087219238,False,ok,0.12163820001296699
D2_111_nadir,aliked-lightglue-r2048-k8192,aliked,lightglue,2048,8192,128,100_0010_0009.JPG,100_0010_0025.JPG,8192,8192,4954,4889,0.9868792894630601,596.8017578125,0.75,0.75,0.9787872433662415,False,ok,0.12353700000676326
D2_111_nadir,aliked-lightglue-r2048-k8192,aliked,lightglue,2048,8192,129,100_0010_0009.JPG,100_0010_0026.JPG,8192,8192,3865,3811,0.9860284605433376,465.2099609375,0.640625,0.65625,0.9808817505836487,False,ok,0.10932050000701565
D2_111_nadir,aliked-lightglue-r2048-k8192,aliked,lightglue,2048,8192,130,100_0010_0009.JPG,100_0010_0027.JPG,8192,8192,2750,2693,0.9792727272727273,328.7353515625,0.46875,0.46875,0.9797444939613342,False,ok,0.13598380000621546
D2_111_nadir,aliked-lightglue-r2048-k8192,aliked,lightglue,2048,8192,131,100_0010_0010.JPG,100_0010_0011.JPG,8192,8192,5929,5846,0.986001011975038,713.623046875,0.859375,0.875,0.9727610349655151,False,ok,0.11534790000587236
D2_111_nadir,aliked-lightglue-r2048-k8192,aliked,lightglue,2048,8192,132,100_0010_0010.JPG,100_0010_0012.JPG,8192,8192,4288,4109,0.9582555970149254,501.5869140625,0.59375,0.59375,0.9714626669883728,False,ok,0.14036950000445358
D2_111_nadir,aliked-lightglue-r2048-k8192,aliked,lightglue,2048,8192,133,100_0010_0010.JPG,100_0010_0013.JPG,8192,8192,2728,2575,0.9439149560117303,314.3310546875,0.5,0.5,0.9663369655609131,False,ok,0.11229879999882542
D2_111_nadir,aliked-lightglue-r2048-k8192,aliked,lightglue,2048,8192,134,100_0010_0010.JPG,100_0010_0014.JPG,8192,8192,1347,1263,0.9376391982182628,154.1748046875,0.25,0.25,0.9574281573295593,False,ok,0.1257982999959495
D2_111_nadir,aliked-lightglue-r2048-k8192,aliked,lightglue,2048,8192,135,100_0010_0010.JPG,100_0010_0015.JPG,8192,8192,223,149,0.6681614349775785,18.1884765625,0.125,0.125,0.7341082692146301,False,ok,0.15417490000254475
D2_111_nadir,aliked-lightglue-r2048-k8192,aliked,lightglue,2048,8192,136,100_0010_0010.JPG,100_0010_0016.JPG,8192,8192,148,14,0.0945945945945946,1.708984375,0.140625,0.125,0.2502421438694,True,ok,0.141073899998446
D2_111_nadir,aliked-lightglue-r2048-k8192,aliked,lightglue,2048,8192,137,100_0010_0010.JPG,100_0010_0017.JPG,8192,8192,138,49,0.35507246376811596,5.9814453125,0.140625,0.140625,0.40639081597328186,False,ok,0.14959339999768417
D2_111_nadir,aliked-lightglue-r2048-k8192,aliked,lightglue,2048,8192,138,100_0010_0010.JPG,100_0010_0018.JPG,8192,8192,185,109,0.5891891891891892,13.3056640625,0.109375,0.125,0.7208054065704346,False,ok,0.15643719999934547
D2_111_nadir,aliked-lightglue-r2048-k8192,aliked,lightglue,2048,8192,139,100_0010_0010.JPG,100_0010_0021.JPG,8192,8192,2456,2328,0.9478827361563518,284.1796875,0.375,0.375,0.9629793763160706,False,ok,0.1364192000037292
D2_111_nadir,aliked-lightglue-r2048-k8192,aliked,lightglue,2048,8192,140,100_0010_0010.JPG,100_0010_0022.JPG,8192,8192,3771,3682,0.9763988332007425,449.462890625,0.5625,0.5625,0.9730884432792664,False,ok,0.12679900000512134
D2_111_nadir,aliked-lightglue-r2048-k8192,aliked,lightglue,2048,8192,141,100_0010_0010.JPG,100_0010_0023.JPG,8192,8192,4736,4673,0.9866976351351351,570.4345703125,0.65625,0.65625,0.9768164157867432,False,ok,0.1407545999973081
D2_111_nadir,aliked-lightglue-r2048-k8192,aliked,lightglue,2048,8192,142,100_0010_0010.JPG,100_0010_0024.JPG,8192,8192,4989,4919,0.9859691320905993,600.4638671875,0.75,0.75,0.9793938994407654,False,ok,0.14067579999391455
D2_111_nadir,aliked-lightglue-r2048-k8192,aliked,lightglue,2048,8192,143,100_0010_0010.JPG,100_0010_0025.JPG,8192,8192,3941,3880,0.9845216950012687,473.6328125,0.65625,0.65625,0.976326584815979,False,ok,0.13315419999707956
D2_111_nadir,aliked-lightglue-r2048-k8192,aliked,lightglue,2048,8192,144,100_0010_0010.JPG,100_0010_0026.JPG,8192,8192,2878,2820,0.9798471160528145,344.23828125,0.46875,0.46875,0.9792154431343079,False,ok,0.12348560000828002
D2_111_nadir,aliked-lightglue-r2048-k8192,aliked,lightglue,2048,8192,145,100_0010_0011.JPG,100_0010_0012.JPG,8192,8192,5471,5344,0.9767866934746847,652.34375,0.84375,0.84375,0.967035710811615,False,ok,0.14543570000387263
D2_111_nadir,aliked-lightglue-r2048-k8192,aliked,lightglue,2048,8192,146,100_0010_0011.JPG,100_0010_0013.JPG,8192,8192,3596,3429,0.953559510567297,418.5791015625,0.625,0.625,0.9622220396995544,False,ok,0.11325290000240784
D2_111_nadir,aliked-lightglue-r2048-k8192,aliked,lightglue,2048,8192,147,100_0010_0011.JPG,100_0010_0014.JPG,8192,8192,2036,1893,0.9297642436149313,231.0791015625,0.453125,0.46875,0.9450740218162537,False,ok,0.12277370000083465
D2_111_nadir,aliked-lightglue-r2048-k8192,aliked,lightglue,2048,8192,148,100_0010_0011.JPG,100_0010_0015.JPG,8192,8192,530,476,0.8981132075471698,58.10546875,0.25,0.25,0.8041102886199951,False,ok,0.14358869999705348
D2_111_nadir,aliked-lightglue-r2048-k8192,aliked,lightglue,2048,8192,149,100_0010_0011.JPG,100_0010_0016.JPG,8192,8192,343,305,0.8892128279883382,37.2314453125,0.234375,0.25,0.7754508852958679,False,ok,0.14495889999670908
D2_111_nadir,aliked-lightglue-r2048-k8192,aliked,lightglue,2048,8192,150,100_0010_0011.JPG,100_0010_0017.JPG,8192,8192,425,382,0.8988235294117647,46.630859375,0.21875,0.21875,0.7680835723876953,False,ok,0.12570390000473708
D2_111_nadir,aliked-lightglue-r2048-k8192,aliked,lightglue,2048,8192,151,100_0010_0011.JPG,100_0010_0018.JPG,8192,8192,438,385,0.8789954337899544,46.9970703125,0.1875,0.1875,0.7846857905387878,False,ok,0.13723640001262538
D2_111_nadir,aliked-lightglue-r2048-k8192,aliked,lightglue,2048,8192,152,100_0010_0011.JPG,100_0010_0019.JPG,8192,8192,492,418,0.8495934959349594,51.025390625,0.1875,0.1875,0.7956367135047913,False,ok,0.14195640000980347
D2_111_nadir,aliked-lightglue-r2048-k8192,aliked,lightglue,2048,8192,153,100_0010_0011.JPG,100_0010_0020.JPG,8192,8192,1909,1777,0.9308538501833421,216.9189453125,0.375,0.375,0.9498668313026428,False,ok,0.14802370000688825
D2_111_nadir,aliked-lightglue-r2048-k8192,aliked,lightglue,2048,8192,154,100_0010_0011.JPG,100_0010_0021.JPG,8192,8192,3076,2958,0.9616384915474643,361.083984375,0.5625,0.515625,0.960188627243042,False,ok,0.1181936999928439
D2_111_nadir,aliked-lightglue-r2048-k8192,aliked,lightglue,2048,8192,155,100_0010_0011.JPG,100_0010_0022.JPG,8192,8192,4432,4336,0.9783393501805054,529.296875,0.65625,0.65625,0.9668982625007629,False,ok,0.1381495000096038
D2_111_nadir,aliked-lightglue-r2048-k8192,aliked,lightglue,2048,8192,156,100_0010_0011.JPG,100_0010_0023.JPG,8192,8192,5016,4913,0.9794657097288676,599.7314453125,0.75,0.75,0.9712396860122681,False,ok,0.12960790000215638
D2_111_nadir,aliked-lightglue-r2048-k8192,aliked,lightglue,2048,8192,157,100_0010_0011.JPG,100_0010_0024.JPG,8192,8192,4007,3949,0.9855253306713252,482.0556640625,0.640625,0.65625,0.9759510159492493,False,ok,0.1429811999987578
D2_111_nadir,aliked-lightglue-r2048-k8192,aliked,lightglue,2048,8192,158,100_0010_0011.JPG,100_0010_0025.JPG,8192,8192,2993,2907,0.9712662880053458,354.8583984375,0.46875,0.46875,0.9701761603355408,False,ok,0.12728260000585578
D2_111_nadir,aliked-lightglue-r2048-k8192,aliked,lightglue,2048,8192,159,100_0010_0012.JPG,100_0010_0013.JPG,8192,8192,5172,5058,0.9779582366589327,617.431640625,0.875,0.875,0.9705089926719666,False,ok,0.12494550000701565
D2_111_nadir,aliked-lightglue-r2048-k8192,aliked,lightglue,2048,8192,160,100_0010_0012.JPG,100_0010_0014.JPG,8192,8192,3464,3288,0.9491916859122402,401.3671875,0.625,0.625,0.9622374176979065,False,ok,0.12300049999612384
D2_111_nadir,aliked-lightglue-r2048-k8192,aliked,lightglue,2048,8192,161,100_0010_0012.JPG,100_0010_0015.JPG,8192,8192,1901,1751,0.9210941609679116,213.7451171875,0.5,0.5,0.9454402327537537,False,ok,0.13474249999853782
D2_111_nadir,aliked-lightglue-r2048-k8192,aliked,lightglue,2048,8192,162,100_0010_0012.JPG,100_0010_0016.JPG,8192,8192,1686,1553,0.9211150652431791,189.5751953125,0.453125,0.5,0.9423113465309143,False,ok,0.10991569999896456
D2_111_nadir,aliked-lightglue-r2048-k8192,aliked,lightglue,2048,8192,163,100_0010_0012.JPG,100_0010_0017.JPG,8192,8192,1657,1558,0.9402534701267351,190.185546875,0.4375,0.4375,0.9429052472114563,False,ok,0.14139689999865368
D2_111_nadir,aliked-lightglue-r2048-k8192,aliked,lightglue,2048,8192,164,100_0010_0012.JPG,100_0010_0018.JPG,8192,8192,1488,1386,0.9314516129032258,169.189453125,0.375,0.375,0.9322212934494019,False,ok,0.1407660999975633
D2_111_nadir,aliked-lightglue-r2048-k8192,aliked,lightglue,2048,8192,165,100_0010_0012.JPG,100_0010_0019.JPG,8192,8192,1509,1414,0.9370444002650762,172.607421875,0.375,0.375,0.9318059682846069,False,ok,0.151422899987665
D2_111_nadir,aliked-lightglue-r2048-k8192,aliked,lightglue,2048,8192,166,100_0010_0012.JPG,100_0010_0020.JPG,8192,8192,2928,2817,0.9620901639344263,343.8720703125,0.546875,0.5625,0.9596479535102844,False,ok,0.12897800000791904
D2_111_nadir,aliked-lightglue-r2048-k8192,aliked,lightglue,2048,8192,167,100_0010_0012.JPG,100_0010_0021.JPG,8192,8192,4077,3989,0.9784155015943096,486.9384765625,0.65625,0.65625,0.9642490148544312,False,ok,0.12377650001144502
D2_111_nadir,aliked-lightglue-r2048-k8192,aliked,lightglue,2048,8192,168,100_0010_0012.JPG,100_0010_0022.JPG,8192,8192,4898,4768,0.9734585545120458,582.03125,0.75,0.75,0.9664347767829895,False,ok,0.13041519999387674
D2_111_nadir,aliked-lightglue-r2048-k8192,aliked,lightglue,2048,8192,169,100_0010_0012.JPG,100_0010_0023.JPG,8192,8192,3776,3700,0.9798728813559322,451.66015625,0.625,0.65625,0.9679662585258484,False,ok,0.14434519999485929
D2_111_nadir,aliked-lightglue-r2048-k8192,aliked,lightglue,2048,8192,170,100_0010_0012.JPG,100_0010_0024.JPG,8192,8192,2893,2807,0.9702730729346699,342.6513671875,0.46875,0.46875,0.9670257568359375,False,ok,0.1292156999988947
D2_111_nadir,aliked-lightglue-r2048-k8192,aliked,lightglue,2048,8192,171,100_0010_0013.JPG,100_0010_0014.JPG,8192,8192,5381,5282,0.9816019327262591,644.775390625,0.84375,0.875,0.9763971567153931,False,ok,0.12427330001082737
D2_111_nadir,aliked-lightglue-r2048-k8192,aliked,lightglue,2048,8192,172,100_0010_0013.JPG,100_0010_0015.JPG,8192,8192,3637,3517,0.9670057739895518,429.3212890625,0.640625,0.671875,0.9745317697525024,False,ok,0.11999140000261832
D2_111_nadir,aliked-lightglue-r2048-k8192,aliked,lightglue,2048,8192,173,100_0010_0013.JPG,100_0010_0016.JPG,8192,8192,3428,3328,0.970828471411902,406.25,0.609375,0.625,0.9776468873023987,False,ok,0.1382859000004828
D2_111_nadir,aliked-lightglue-r2048-k8192,aliked,lightglue,2048,8192,174,100_0010_0013.JPG,100_0010_0017.JPG,8192,8192,3172,3081,0.9713114754098361,376.0986328125,0.546875,0.546875,0.9743926525115967,False,ok,0.12492210000345949
D2_111_nadir,aliked-lightglue-r2048-k8192,aliked,lightglue,2048,8192,175,100_0010_0013.JPG,100_0010_0018.JPG,8192,8192,2751,2681,0.9745547073791349,327.2705078125,0.46875,0.46875,0.9707871079444885,False,ok,0.135799900002894
D2_111_nadir,aliked-lightglue-r2048-k8192,aliked,lightglue,2048,8192,176,100_0010_0013.JPG,100_0010_0019.JPG,8192,8192,2713,2637,0.9719867305565795,321.8994140625,0.546875,0.515625,0.967429518699646,False,ok,0.1411740000039572
D2_111_nadir,aliked-lightglue-r2048-k8192,aliked,lightglue,2048,8192,177,100_0010_0013.JPG,100_0010_0020.JPG,8192,8192,4147,4082,0.9843260188087775,498.291015625,0.640625,0.65625,0.9722161293029785,False,ok,0.14851590000034776
D2_111_nadir,aliked-lightglue-r2048-k8192,aliked,lightglue,2048,8192,178,100_0010_0013.JPG,100_0010_0021.JPG,8192,8192,4936,4830,0.9785251215559158,589.599609375,0.75,0.75,0.9728930592536926,False,ok,0.13028310000663623
D2_111_nadir,aliked-lightglue-r2048-k8192,aliked,lightglue,2048,8192,179,100_0010_0013.JPG,100_0010_0022.JPG,8192,8192,3421,3334,0.974568839520608,406.982421875,0.65625,0.65625,0.9693847298622131,False,ok,0.12610860000131652
D2_111_nadir,aliked-lightglue-r2048-k8192,aliked,lightglue,2048,8192,180,100_0010_0014.JPG,100_0010_0015.JPG,8192,8192,5354,5298,0.9895405304445275,646.728515625,0.875,0.875,0.9799219369888306,False,ok,0.12434590001066681
D2_111_nadir,aliked-lightglue-r2048-k8192,aliked,lightglue,2048,8192,181,100_0010_0014.JPG,100_0010_0016.JPG,8192,8192,5129,5081,0.9906414505751608,620.2392578125,0.84375,0.875,0.980133056640625,False,ok,0.14089500000409316
D2_111_nadir,aliked-lightglue-r2048-k8192,aliked,lightglue,2048,8192,182,100_0010_0014.JPG,100_0010_0017.JPG,8192,8192,4635,4584,0.9889967637540453,559.5703125,0.765625,0.765625,0.9772765636444092,False,ok,0.12314979999791831
D2_111_nadir,aliked-lightglue-r2048-k8192,aliked,lightglue,2048,8192,183,100_0010_0014.JPG,100_0010_0018.JPG,8192,8192,3995,3939,0.9859824780976221,480.8349609375,0.65625,0.65625,0.9735246300697327,False,ok,0.12634089999482967
D2_111_nadir,aliked-lightglue-r2048-k8192,aliked,lightglue,2048,8192,184,100_0010_0014.JPG,100_0010_0019.JPG,8192,8192,3932,3872,0.9847405900305188,472.65625,0.65625,0.65625,0.9727112650871277,False,ok,0.12962900000275113
D2_111_nadir,aliked-lightglue-r2048-k8192,aliked,lightglue,2048,8192,185,100_0010_0014.JPG,100_0010_0020.JPG,8192,8192,4968,4888,0.9838969404186796,596.6796875,0.75,0.75,0.9713518023490906,False,ok,0.14237089999369346
D2_111_nadir,aliked-lightglue-r2048-k8192,aliked,lightglue,2048,8192,186,100_0010_0014.JPG,100_0010_0021.JPG,8192,8192,3574,3519,0.9846110800223838,429.5654296875,0.640625,0.65625,0.9713954329490662,False,ok,0.11690239999734331
D2_111_nadir,aliked-lightglue-r2048-k8192,aliked,lightglue,2048,8192,187,100_0010_0014.JPG,100_0010_0022.JPG,8192,8192,2181,2064,0.9463548830811555,251.953125,0.484375,0.484375,0.9534339308738708,False,ok,0.1319229000073392
D2_111_nadir,aliked-lightglue-r2048-k8192,aliked,lightglue,2048,8192,188,100_0010_0014.JPG,100_0010_0023.JPG,8192,8192,1336,1224,0.9161676646706587,149.4140625,0.3125,0.375,0.9379884600639343,False,ok,0.12230519999866374
D2_111_nadir,aliked-lightglue-r2048-k8192,aliked,lightglue,2048,8192,189,100_0010_0015.JPG,100_0010_0016.JPG,8192,8192,7087,7064,0.9967546211372936,862.3046875,1.0,1.0,0.9813195466995239,False,ok,0.15065989999857266
D2_111_nadir,aliked-lightglue-r2048-k8192,aliked,lightglue,2048,8192,190,100_0010_0015.JPG,100_0010_0017.JPG,8192,8192,6230,6189,0.9934189406099518,755.4931640625,0.875,0.875,0.9798663258552551,False,ok,0.13764990000345279
D2_111_nadir,aliked-lightglue-r2048-k8192,aliked,lightglue,2048,8192,191,100_0010_0015.JPG,100_0010_0018.JPG,8192,8192,5226,5158,0.9869881362418675,629.638671875,0.75,0.75,0.9798752665519714,False,ok,0.11784740000439342
D2_111_nadir,aliked-lightglue-r2048-k8192,aliked,lightglue,2048,8192,192,100_0010_0015.JPG,100_0010_0019.JPG,8192,8192,5034,4961,0.9854986094557012,605.5908203125,0.75,0.75,0.9787979125976562,False,ok,0.1275305000017397
D2_111_nadir,aliked-lightglue-r2048-k8192,aliked,lightglue,2048,8192,193,100_0010_0015.JPG,100_0010_0020.JPG,8192,8192,3477,3410,0.9807305148116192,416.259765625,0.65625,0.65625,0.9771826267242432,False,ok,0.13546210000640713
D2_111_nadir,aliked-lightglue-r2048-k8192,aliked,lightglue,2048,8192,194,100_0010_0015.JPG,100_0010_0021.JPG,8192,8192,2296,2210,0.9625435540069687,269.775390625,0.46875,0.46875,0.964911162853241,False,ok,0.12848459999077022
D2_111_nadir,aliked-lightglue-r2048-k8192,aliked,lightglue,2048,8192,195,100_0010_0015.JPG,100_0010_0022.JPG,8192,8192,997,915,0.917753259779338,111.6943359375,0.375,0.375,0.914924681186676,False,ok,0.1335001999977976
D2_111_nadir,aliked-lightglue-r2048-k8192,aliked,lightglue,2048,8192,196,100_0010_0015.JPG,100_0010_0023.JPG,8192,8192,259,214,0.8262548262548263,26.123046875,0.1875,0.1875,0.748631477355957,False,ok,0.1468108000117354
D2_111_nadir,aliked-lightglue-r2048-k8192,aliked,lightglue,2048,8192,197,100_0010_0015.JPG,100_0010_0051.JPG,8192,8192,2403,2321,0.9658759883478985,283.3251953125,0.5,0.5,0.9698898196220398,False,ok,0.11965409999538679
D2_111_nadir,aliked-lightglue-r2048-k8192,aliked,lightglue,2048,8192,198,100_0010_0016.JPG,100_0010_0017.JPG,8192,8192,6241,6197,0.9929498477808043,756.4697265625,0.890625,0.875,0.9802144169807434,False,ok,0.13315650000004098
D2_111_nadir,aliked-lightglue-r2048-k8192,aliked,lightglue,2048,8192,199,100_0010_0016.JPG,100_0010_0018.JPG,8192,8192,5184,5119,0.9874614197530864,624.8779296875,0.75,0.75,0.978655993938446,False,ok,0.1146796999964863
D2_111_nadir,aliked-lightglue-r2048-k8192,aliked,lightglue,2048,8192,200,100_0010_0016.JPG,100_0010_0019.JPG,8192,8192,4954,4887,0.9864755752926928,596.5576171875,0.75,0.734375,0.9778530597686768,False,ok,0.11911390000022948
D2_111_nadir,aliked-lightglue-r2048-k8192,aliked,lightglue,2048,8192,201,100_0010_0016.JPG,100_0010_0020.JPG,8192,8192,3366,3300,0.9803921568627451,402.83203125,0.640625,0.578125,0.9790493845939636,False,ok,0.1273010000004433
D2_111_nadir,aliked-lightglue-r2048-k8192,aliked,lightglue,2048,8192,202,100_0010_0016.JPG,100_0010_0021.JPG,8192,8192,2176,2104,0.9669117647058824,256.8359375,0.46875,0.453125,0.9671067595481873,False,ok,0.1374672000092687
D2_111_nadir,aliked-lightglue-r2048-k8192,aliked,lightglue,2048,8192,203,100_0010_0016.JPG,100_0010_0022.JPG,8192,8192,885,820,0.9265536723163842,100.09765625,0.296875,0.265625,0.924176812171936,False,ok,0.11182020000705961
D2_111_nadir,aliked-lightglue-r2048-k8192,aliked,lightglue,2048,8192,204,100_0010_0016.JPG,100_0010_0023.JPG,8192,8192,187,162,0.8663101604278075,19.775390625,0.1875,0.15625,0.7114826440811157,False,ok,0.13609420000284445
D2_111_nadir,aliked-lightglue-r2048-k8192,aliked,lightglue,2048,8192,205,100_0010_0016.JPG,100_0010_0024.JPG,8192,8192,133,16,0.12030075187969924,1.953125,0.078125,0.09375,0.2828448712825775,False,ok,0.14667519999784417
D2_111_nadir,aliked-lightglue-r2048-k8192,aliked,lightglue,2048,8192,206,100_0010_0016.JPG,100_0010_0051.JPG,8192,8192,2402,2316,0.9641965029142381,282.71484375,0.5,0.484375,0.9661768674850464,False,ok,0.13648790000297595
D2_111_nadir,aliked-lightglue-r2048-k8192,aliked,lightglue,2048,8192,207,100_0010_0017.JPG,100_0010_0018.JPG,8192,8192,6359,6330,0.9954395345180059,772.705078125,0.984375,0.9375,0.9792414307594299,False,ok,0.11211560000083409
D2_111_nadir,aliked-lightglue-r2048-k8192,aliked,lightglue,2048,8192,208,100_0010_0017.JPG,100_0010_0019.JPG,8192,8192,6154,6122,0.99480012999675,747.314453125,0.875,0.875,0.9798576235771179,False,ok,0.13043930000276305
D2_111_nadir,aliked-lightglue-r2048-k8192,aliked,lightglue,2048,8192,209,100_0010_0017.JPG,100_0010_0020.JPG,8192,8192,4138,4064,0.9821169647172547,496.09375,0.75,0.75,0.9781808853149414,False,ok,0.13008480001008138
D2_111_nadir,aliked-lightglue-r2048-k8192,aliked,lightglue,2048,8192,210,100_0010_0017.JPG,100_0010_0021.JPG,8192,8192,2645,2553,0.9652173913043478,311.6455078125,0.546875,0.546875,0.9724707007408142,False,ok,0.14090719999512658
D2_111_nadir,aliked-lightglue-r2048-k8192,aliked,lightglue,2048,8192,211,100_0010_0017.JPG,100_0010_0022.JPG,8192,8192,1223,1121,0.9165985282093213,136.8408203125,0.4375,0.421875,0.9336915612220764,False,ok,0.12332450000394601
D2_111_nadir,aliked-lightglue-r2048-k8192,aliked,lightglue,2048,8192,212,100_0010_0017.JPG,100_0010_0023.JPG,8192,8192,354,313,0.884180790960452,38.2080078125,0.21875,0.21875,0.8255932331085205,False,ok,0.14406489999964833
D2_111_nadir,aliked-lightglue-r2048-k8192,aliked,lightglue,2048,8192,213,100_0010_0017.JPG,100_0010_0024.JPG,8192,8192,129,13,0.10077519379844961,1.5869140625,0.140625,0.078125,0.28679466247558594,True,ok,0.13522850000299513
D2_111_nadir,aliked-lightglue-r2048-k8192,aliked,lightglue,2048,8192,214,100_0010_0017.JPG,100_0010_0025.JPG,8192,8192,105,11,0.10476190476190476,1.3427734375,0.109375,0.15625,0.22023510932922363,True,ok,0.11920180000015534
D2_111_nadir,aliked-lightglue-r2048-k8192,aliked,lightglue,2048,8192,215,100_0010_0017.JPG,100_0010_0050.JPG,8192,8192,2582,2514,0.9736638264910922,306.884765625,0.546875,0.546875,0.9715958833694458,False,ok,0.10571099999651778
D2_111_nadir,aliked-lightglue-r2048-k8192,aliked,lightglue,2048,8192,216,100_0010_0017.JPG,100_0010_0051.JPG,8192,8192,3338,3266,0.9784301977231875,398.681640625,0.625,0.625,0.972612202167511,False,ok,0.1442784999962896
D2_111_nadir,aliked-lightglue-r2048-k8192,aliked,lightglue,2048,8192,217,100_0010_0018.JPG,100_0010_0019.JPG,8192,8192,7255,7238,0.9976567884217781,883.544921875,1.0,1.0,0.979428231716156,False,ok,0.13556880000396632
D2_111_nadir,aliked-lightglue-r2048-k8192,aliked,lightglue,2048,8192,218,100_0010_0018.JPG,100_0010_0020.JPG,8192,8192,4797,4707,0.9812382739212008,574.5849609375,0.875,0.875,0.9778615236282349,False,ok,0.1378571999957785
D2_111_nadir,aliked-lightglue-r2048-k8192,aliked,lightglue,2048,8192,219,100_0010_0018.JPG,100_0010_0021.JPG,8192,8192,3117,3001,0.9627847289059993,366.3330078125,0.625,0.625,0.972649335861206,False,ok,0.12505309999687597
D2_111_nadir,aliked-lightglue-r2048-k8192,aliked,lightglue,2048,8192,220,100_0010_0018.JPG,100_0010_0022.JPG,8192,8192,1495,1358,0.9083612040133779,165.771484375,0.5,0.5,0.9423599243164062,False,ok,0.13438570000289474
D2_111_nadir,aliked-lightglue-r2048-k8192,aliked,lightglue,2048,8192,221,100_0010_0018.JPG,100_0010_0023.JPG,8192,8192,530,466,0.879245283018868,56.884765625,0.25,0.25,0.8564500212669373,False,ok,0.13771059999999125
D2_111_nadir,aliked-lightglue-r2048-k8192,aliked,lightglue,2048,8192,222,100_0010_0018.JPG,100_0010_0024.JPG,8192,8192,142,13,0.09154929577464789,1.5869140625,0.140625,0.09375,0.2671203017234802,True,ok,0.13197909999871626
D2_111_nadir,aliked-lightglue-r2048-k8192,aliked,lightglue,2048,8192,223,100_0010_0018.JPG,100_0010_0025.JPG,8192,8192,108,12,0.1111111111111111,1.46484375,0.125,0.140625,0.22095955908298492,True,ok,0.10594100000162143
D2_111_nadir,aliked-lightglue-r2048-k8192,aliked,lightglue,2048,8192,224,100_0010_0018.JPG,100_0010_0026.JPG,8192,8192,144,13,0.09027777777777778,1.5869140625,0.125,0.109375,0.23422697186470032,True,ok,0.119150600003195
D2_111_nadir,aliked-lightglue-r2048-k8192,aliked,lightglue,2048,8192,225,100_0010_0018.JPG,100_0010_0049.JPG,8192,8192,2223,2159,0.9712100764732343,263.5498046875,0.546875,0.546875,0.9696693420410156,False,ok,0.12054750000243075
D2_111_nadir,aliked-lightglue-r2048-k8192,aliked,lightglue,2048,8192,226,100_0010_0018.JPG,100_0010_0050.JPG,8192,8192,3308,3258,0.9848851269649335,397.705078125,0.65625,0.65625,0.975653886795044,False,ok,0.15176800001063384
D2_111_nadir,aliked-lightglue-r2048-k8192,aliked,lightglue,2048,8192,227,100_0010_0018.JPG,100_0010_0051.JPG,8192,8192,4311,4246,0.9849222918116446,518.310546875,0.75,0.75,0.9757218360900879,False,ok,0.14332719999947585
D2_111_nadir,aliked-lightglue-r2048-k8192,aliked,lightglue,2048,8192,228,100_0010_0019.JPG,100_0010_0020.JPG,8192,8192,4911,4833,0.9841172877214417,589.9658203125,0.875,0.875,0.9779117107391357,False,ok,0.13778269999602344
D2_111_nadir,aliked-lightglue-r2048-k8192,aliked,lightglue,2048,8192,229,100_0010_0019.JPG,100_0010_0021.JPG,8192,8192,3231,3113,0.9634787991333952,380.0048828125,0.640625,0.625,0.9698686003684998,False,ok,0.12285770000016782
D2_111_nadir,aliked-lightglue-r2048-k8192,aliked,lightglue,2048,8192,230,100_0010_0019.JPG,100_0010_0022.JPG,8192,8192,1599,1455,0.9099437148217636,177.6123046875,0.5,0.5,0.940872311592102,False,ok,0.12440880000940524
D2_111_nadir,aliked-lightglue-r2048-k8192,aliked,lightglue,2048,8192,231,100_0010_0019.JPG,100_0010_0023.JPG,8192,8192,585,517,0.8837606837606837,63.1103515625,0.25,0.25,0.8717917203903198,False,ok,0.14311720000114292
D2_111_nadir,aliked-lightglue-r2048-k8192,aliked,lightglue,2048,8192,232,100_0010_0019.JPG,100_0010_0024.JPG,8192,8192,146,14,0.0958904109589041,1.708984375,0.125,0.125,0.28188228607177734,True,ok,0.1251087999989977
D2_111_nadir,aliked-lightglue-r2048-k8192,aliked,lightglue,2048,8192,233,100_0010_0019.JPG,100_0010_0025.JPG,8192,8192,114,11,0.09649122807017543,1.3427734375,0.125,0.15625,0.20668576657772064,True,ok,0.12435389999882318
D2_111_nadir,aliked-lightglue-r2048-k8192,aliked,lightglue,2048,8192,234,100_0010_0019.JPG,100_0010_0026.JPG,8192,8192,146,15,0.10273972602739725,1.8310546875,0.125,0.1875,0.22826454043388367,False,ok,0.10736989999713842
D2_111_nadir,aliked-lightglue-r2048-k8192,aliked,lightglue,2048,8192,235,100_0010_0019.JPG,100_0010_0027.JPG,8192,8192,118,11,0.09322033898305085,1.3427734375,0.125,0.125,0.2096126824617386,True,ok,0.14562139999179635
D2_111_nadir,aliked-lightglue-r2048-k8192,aliked,lightglue,2048,8192,236,100_0010_0019.JPG,100_0010_0049.JPG,8192,8192,2311,2248,0.972739073993942,274.4140625,0.546875,0.5625,0.9699651002883911,False,ok,0.11921040000743233
D2_111_nadir,aliked-lightglue-r2048-k8192,aliked,lightglue,2048,8192,237,100_0010_0019.JPG,100_0010_0050.JPG,8192,8192,3442,3379,0.9816966879721093,412.4755859375,0.65625,0.65625,0.9730061292648315,False,ok,0.13031100000080187
D2_111_nadir,aliked-lightglue-r2048-k8192,aliked,lightglue,2048,8192,238,100_0010_0019.JPG,100_0010_0051.JPG,8192,8192,4471,4397,0.9834488928651308,536.7431640625,0.75,0.75,0.9768863320350647,False,ok,0.12701280000328552
D2_111_nadir,aliked-lightglue-r2048-k8192,aliked,lightglue,2048,8192,239,100_0010_0019.JPG,100_0010_0052.JPG,8192,8192,3508,3433,0.9786202964652223,419.0673828125,0.625,0.625,0.9742431044578552,False,ok,0.14411329998984002
D2_111_nadir,aliked-lightglue-r2048-k8192,aliked,lightglue,2048,8192,240,100_0010_0020.JPG,100_0010_0021.JPG,8192,8192,5367,5281,0.9839761505496553,644.6533203125,0.875,0.875,0.9768272638320923,False,ok,0.11773050000192598
D2_111_nadir,aliked-lightglue-r2048-k8192,aliked,lightglue,2048,8192,241,100_0010_0020.JPG,100_0010_0022.JPG,8192,8192,3510,3310,0.9430199430199431,404.052734375,0.640625,0.65625,0.9672738909721375,False,ok,0.12431199999991804
D2_111_nadir,aliked-lightglue-r2048-k8192,aliked,lightglue,2048,8192,242,100_0010_0020.JPG,100_0010_0023.JPG,8192,8192,2280,2136,0.9368421052631579,260.7421875,0.5,0.5,0.9664250016212463,False,ok,0.13109589999658056
D2_111_nadir,aliked-lightglue-r2048-k8192,aliked,lightglue,2048,8192,243,100_0010_0020.JPG,100_0010_0024.JPG,8192,8192,1475,1370,0.9288135593220339,167.236328125,0.25,0.265625,0.9630233645439148,False,ok,0.17393360000278335
D2_111_nadir,aliked-lightglue-r2048-k8192,aliked,lightglue,2048,8192,244,100_0010_0020.JPG,100_0010_0025.JPG,8192,8192,219,176,0.8036529680365296,21.484375,0.09375,0.09375,0.863747239112854,False,ok,0.16855190000205766
D2_111_nadir,aliked-lightglue-r2048-k8192,aliked,lightglue,2048,8192,245,100_0010_0020.JPG,100_0010_0026.JPG,8192,8192,111,11,0.0990990990990991,1.3427734375,0.078125,0.109375,0.2171279639005661,True,ok,0.13132749999931548
D2_111_nadir,aliked-lightglue-r2048-k8192,aliked,lightglue,2048,8192,246,100_0010_0020.JPG,100_0010_0027.JPG,8192,8192,117,12,0.10256410256410256,1.46484375,0.125,0.125,0.23840396106243134,True,ok,0.120605499992962
D2_111_nadir,aliked-lightglue-r2048-k8192,aliked,lightglue,2048,8192,247,100_0010_0020.JPG,100_0010_0028.JPG,8192,8192,47,11,0.23404255319148937,1.3427734375,0.109375,0.15625,0.20833587646484375,True,ok,0.14980680000735447
D2_111_nadir,aliked-lightglue-r2048-k8192,aliked,lightglue,2048,8192,248,100_0010_0020.JPG,100_0010_0049.JPG,8192,8192,3854,3780,0.9807991696938246,461.42578125,0.703125,0.6875,0.9748810529708862,False,ok,0.11385049999807961
D2_111_nadir,aliked-lightglue-r2048-k8192,aliked,lightglue,2048,8192,249,100_0010_0020.JPG,100_0010_0050.JPG,8192,8192,4120,4041,0.9808252427184466,493.2861328125,0.75,0.75,0.9712862372398376,False,ok,0.148424500002875
D2_111_nadir,aliked-lightglue-r2048-k8192,aliked,lightglue,2048,8192,250,100_0010_0020.JPG,100_0010_0051.JPG,8192,8192,3224,3161,0.9804590570719603,385.8642578125,0.640625,0.65625,0.9725669026374817,False,ok,0.14976829999068286
D2_111_nadir,aliked-lightglue-r2048-k8192,aliked,lightglue,2048,8192,251,100_0010_0021.JPG,100_0010_0022.JPG,8192,8192,5226,5136,0.9827784156142365,626.953125,0.875,0.875,0.9749547243118286,False,ok,0.12664869999571238
D2_111_nadir,aliked-lightglue-r2048-k8192,aliked,lightglue,2048,8192,252,100_0010_0021.JPG,100_0010_0023.JPG,8192,8192,3795,3653,0.9625823451910408,445.9228515625,0.625,0.625,0.9760298132896423,False,ok,0.10745549999410287
D2_111_nadir,aliked-lightglue-r2048-k8192,aliked,lightglue,2048,8192,253,100_0010_0021.JPG,100_0010_0024.JPG,8192,8192,2692,2550,0.9472511144130757,311.279296875,0.5,0.5,0.9741824269294739,False,ok,0.12772540000150912
D2_111_nadir,aliked-lightglue-r2048-k8192,aliked,lightglue,2048,8192,254,100_0010_0021.JPG,100_0010_0025.JPG,8192,8192,1415,1282,0.9060070671378092,156.494140625,0.25,0.25,0.9412050843238831,False,ok,0.1447088000131771
D2_111_nadir,aliked-lightglue-r2048-k8192,aliked,lightglue,2048,8192,255,100_0010_0021.JPG,100_0010_0026.JPG,8192,8192,193,49,0.2538860103626943,5.9814453125,0.109375,0.125,0.3521839678287506,False,ok,0.1335460999980569
D2_111_nadir,aliked-lightglue-r2048-k8192,aliked,lightglue,2048,8192,256,100_0010_0021.JPG,100_0010_0027.JPG,8192,8192,134,12,0.08955223880597014,1.46484375,0.09375,0.125,0.2388068288564682,True,ok,0.11327190000156406
D2_111_nadir,aliked-lightglue-r2048-k8192,aliked,lightglue,2048,8192,257,100_0010_0021.JPG,100_0010_0028.JPG,8192,8192,126,11,0.0873015873015873,1.3427734375,0.140625,0.171875,0.23212072253227234,True,ok,0.12874539999756962
D2_111_nadir,aliked-lightglue-r2048-k8192,aliked,lightglue,2048,8192,258,100_0010_0021.JPG,100_0010_0029.JPG,8192,8192,125,11,0.088,1.3427734375,0.109375,0.140625,0.23124633729457855,True,ok,0.11681219999445602
D2_111_nadir,aliked-lightglue-r2048-k8192,aliked,lightglue,2048,8192,259,100_0010_0021.JPG,100_0010_0047.JPG,8192,8192,2656,2570,0.9676204819277109,313.720703125,0.546875,0.5625,0.9673079252243042,False,ok,0.13412509999761824
D2_111_nadir,aliked-lightglue-r2048-k8192,aliked,lightglue,2048,8192,260,100_0010_0021.JPG,100_0010_0048.JPG,8192,8192,3817,3741,0.9800890751899397,456.6650390625,0.65625,0.65625,0.9714128971099854,False,ok,0.1278225999994902
D2_111_nadir,aliked-lightglue-r2048-k8192,aliked,lightglue,2048,8192,261,100_0010_0021.JPG,100_0010_0049.JPG,8192,8192,4271,4183,0.9793959260126434,510.6201171875,0.75,0.75,0.9762678742408752,False,ok,0.13647879999189172
D2_111_nadir,aliked-lightglue-r2048-k8192,aliked,lightglue,2048,8192,262,100_0010_0021.JPG,100_0010_0050.JPG,8192,8192,3090,3049,0.9867313915857605,372.1923828125,0.578125,0.5625,0.9739334583282471,False,ok,0.1381697000033455
D2_111_nadir,aliked-lightglue-r2048-k8192,aliked,lightglue,2048,8192,263,100_0010_0021.JPG,100_0010_0051.JPG,8192,8192,2210,2148,0.971945701357466,262.20703125,0.46875,0.46875,0.9720801711082458,False,ok,0.12487339999643154
D2_111_nadir,aliked-lightglue-r2048-k8192,aliked,lightglue,2048,8192,264,100_0010_0022.JPG,100_0010_0023.JPG,8192,8192,5692,5610,0.9855938158819396,684.814453125,0.875,0.875,0.9800447821617126,False,ok,0.1336513999995077
D2_111_nadir,aliked-lightglue-r2048-k8192,aliked,lightglue,2048,8192,265,100_0010_0022.JPG,100_0010_0024.JPG,8192,8192,4335,4192,0.9670126874279124,511.71875,0.625,0.625,0.9806725382804871,False,ok,0.1277626999944914
D2_111_nadir,aliked-lightglue-r2048-k8192,aliked,lightglue,2048,8192,266,100_0010_0022.JPG,100_0010_0025.JPG,8192,8192,2879,2724,0.9461618617575547,332.51953125,0.5,0.5,0.971871018409729,False,ok,0.1236508000001777
D2_111_nadir,aliked-lightglue-r2048-k8192,aliked,lightglue,2048,8192,267,100_0010_0022.JPG,100_0010_0026.JPG,8192,8192,1589,1459,0.9181875393329137,178.1005859375,0.25,0.25,0.9591734409332275,False,ok,0.1410288000042783
D2_111_nadir,aliked-lightglue-r2048-k8192,aliked,lightglue,2048,8192,268,100_0010_0022.JPG,100_0010_0027.JPG,8192,8192,235,75,0.3191489361702128,9.1552734375,0.1875,0.21875,0.31599122285842896,False,ok,0.13675159998820163
D2_111_nadir,aliked-lightglue-r2048-k8192,aliked,lightglue,2048,8192,269,100_0010_0022.JPG,100_0010_0028.JPG,8192,8192,178,17,0.09550561797752809,2.0751953125,0.109375,0.125,0.2526426911354065,False,ok,0.11453880000044592
D2_111_nadir,aliked-lightglue-r2048-k8192,aliked,lightglue,2048,8192,270,100_0010_0022.JPG,100_0010_0029.JPG,8192,8192,183,16,0.08743169398907104,1.953125,0.125,0.140625,0.2659858763217926,False,ok,0.111480899999151
D2_111_nadir,aliked-lightglue-r2048-k8192,aliked,lightglue,2048,8192,271,100_0010_0022.JPG,100_0010_0030.JPG,8192,8192,67,10,0.14925373134328357,1.220703125,0.140625,0.125,0.22524896264076233,True,ok,0.1779143000021577
D2_111_nadir,aliked-lightglue-r2048-k8192,aliked,lightglue,2048,8192,272,100_0010_0022.JPG,100_0010_0046.JPG,8192,8192,3128,3044,0.9731457800511509,371.58203125,0.546875,0.5625,0.9777872562408447,False,ok,0.12938240000221413
D2_111_nadir,aliked-lightglue-r2048-k8192,aliked,lightglue,2048,8192,273,100_0010_0022.JPG,100_0010_0047.JPG,8192,8192,3877,3796,0.9791075573897343,463.37890625,0.65625,0.65625,0.9751066565513611,False,ok,0.13704770000185817
D2_111_nadir,aliked-lightglue-r2048-k8192,aliked,lightglue,2048,8192,274,100_0010_0022.JPG,100_0010_0048.JPG,8192,8192,4277,4174,0.9759176993219546,509.521484375,0.75,0.75,0.9732445478439331,False,ok,0.13157009999849834
D2_111_nadir,aliked-lightglue-r2048-k8192,aliked,lightglue,2048,8192,275,100_0010_0022.JPG,100_0010_0049.JPG,8192,8192,3193,3138,0.9827748199185719,383.056640625,0.59375,0.5625,0.9713373780250549,False,ok,0.13356129999738187
D2_111_nadir,aliked-lightglue-r2048-k8192,aliked,lightglue,2048,8192,276,100_0010_0023.JPG,100_0010_0024.JPG,8192,8192,5889,5834,0.9906605535744608,712.158203125,0.875,0.875,0.9821173548698425,False,ok,0.1390106999897398
D2_111_nadir,aliked-lightglue-r2048-k8192,aliked,lightglue,2048,8192,277,100_0010_0023.JPG,100_0010_0025.JPG,8192,8192,4320,4213,0.9752314814814815,514.2822265625,0.625,0.640625,0.9811609387397766,False,ok,0.13432669999019708
D2_111_nadir,aliked-lightglue-r2048-k8192,aliked,lightglue,2048,8192,278,100_0010_0023.JPG,100_0010_0026.JPG,8192,8192,2908,2786,0.9580467675378267,340.087890625,0.5,0.5,0.9786750674247742,False,ok,0.1333881000027759
D2_111_nadir,aliked-lightglue-r2048-k8192,aliked,lightglue,2048,8192,279,100_0010_0023.JPG,100_0010_0027.JPG,8192,8192,1549,1469,0.9483537766300839,179.3212890625,0.25,0.25,0.9763252139091492,False,ok,0.13214780000271276
D2_111_nadir,aliked-lightglue-r2048-k8192,aliked,lightglue,2048,8192,280,100_0010_0023.JPG,100_0010_0028.JPG,8192,8192,230,22,0.09565217391304348,2.685546875,0.140625,0.15625,0.2549667954444885,False,ok,0.13473099999828264
D2_111_nadir,aliked-lightglue-r2048-k8192,aliked,lightglue,2048,8192,281,100_0010_0023.JPG,100_0010_0029.JPG,8192,8192,218,24,0.11009174311926606,2.9296875,0.171875,0.171875,0.23916694521903992,False,ok,0.12911540000641253
D2_111_nadir,aliked-lightglue-r2048-k8192,aliked,lightglue,2048,8192,282,100_0010_0023.JPG,100_0010_0030.JPG,8192,8192,72,19,0.2638888888888889,2.3193359375,0.15625,0.125,0.25911468267440796,False,ok,0.14949510000587907
D2_111_nadir,aliked-lightglue-r2048-k8192,aliked,lightglue,2048,8192,283,100_0010_0023.JPG,100_0010_0031.JPG,8192,8192,54,15,0.2777777777777778,1.8310546875,0.140625,0.125,0.22335350513458252,False,ok,0.1596343999990495
D2_111_nadir,aliked-lightglue-r2048-k8192,aliked,lightglue,2048,8192,284,100_0010_0023.JPG,100_0010_0045.JPG,8192,8192,3321,3249,0.978319783197832,396.6064453125,0.5625,0.5625,0.9796415567398071,False,ok,0.11974130000453442
D2_111_nadir,aliked-lightglue-r2048-k8192,aliked,lightglue,2048,8192,285,100_0010_0023.JPG,100_0010_0046.JPG,8192,8192,4208,4135,0.9826520912547528,504.7607421875,0.65625,0.65625,0.9835792183876038,False,ok,0.1406118000013521
D2_111_nadir,aliked-lightglue-r2048-k8192,aliked,lightglue,2048,8192,286,100_0010_0023.JPG,100_0010_0047.JPG,8192,8192,4529,4451,0.9827776551115036,543.3349609375,0.75,0.75,0.9801796078681946,False,ok,0.12956440000561997
D2_111_nadir,aliked-lightglue-r2048-k8192,aliked,lightglue,2048,8192,287,100_0010_0023.JPG,100_0010_0048.JPG,8192,8192,3428,3352,0.9778296382730455,409.1796875,0.609375,0.5625,0.9750180840492249,False,ok,0.14183279999997467
D2_111_nadir,aliked-lightglue-r2048-k8192,aliked,lightglue,2048,8192,288,100_0010_0024.JPG,100_0010_0025.JPG,8192,8192,5591,5555,0.9935610803076372,678.1005859375,0.875,0.875,0.9864248633384705,False,ok,0.1270920999959344
D2_111_nadir,aliked-lightglue-r2048-k8192,aliked,lightglue,2048,8192,289,100_0010_0024.JPG,100_0010_0026.JPG,8192,8192,4135,4057,0.981136638452237,495.2392578125,0.625,0.625,0.9849550127983093,False,ok,0.11737300000095274
D2_111_nadir,aliked-lightglue-r2048-k8192,aliked,lightglue,2048,8192,290,100_0010_0024.JPG,100_0010_0027.JPG,8192,8192,2748,2670,0.9716157205240175,325.927734375,0.5,0.5,0.9832140803337097,False,ok,0.1198442999884719
D2_111_nadir,aliked-lightglue-r2048-k8192,aliked,lightglue,2048,8192,291,100_0010_0024.JPG,100_0010_0028.JPG,8192,8192,1372,1289,0.9395043731778425,157.3486328125,0.25,0.25,0.9632376432418823,False,ok,0.13330339999811258
D2_111_nadir,aliked-lightglue-r2048-k8192,aliked,lightglue,2048,8192,292,100_0010_0024.JPG,100_0010_0029.JPG,8192,8192,188,13,0.06914893617021277,1.5869140625,0.140625,0.171875,0.218820720911026,True,ok,0.14632309999433346
D2_111_nadir,aliked-lightglue-r2048-k8192,aliked,lightglue,2048,8192,293,100_0010_0024.JPG,100_0010_0030.JPG,8192,8192,135,13,0.0962962962962963,1.5869140625,0.125,0.140625,0.2194380760192871,True,ok,0.11006340000312775
D2_111_nadir,aliked-lightglue-r2048-k8192,aliked,lightglue,2048,8192,294,100_0010_0024.JPG,100_0010_0031.JPG,8192,8192,130,12,0.09230769230769231,1.46484375,0.125,0.15625,0.22278280556201935,True,ok,0.12182169999869075
D2_111_nadir,aliked-lightglue-r2048-k8192,aliked,lightglue,2048,8192,295,100_0010_0024.JPG,100_0010_0032.JPG,8192,8192,121,11,0.09090909090909091,1.3427734375,0.140625,0.109375,0.23268669843673706,True,ok,0.12066190000041388
D2_111_nadir,aliked-lightglue-r2048-k8192,aliked,lightglue,2048,8192,296,100_0010_0024.JPG,100_0010_0044.JPG,8192,8192,3139,3095,0.9859827970691303,377.8076171875,0.53125,0.5625,0.9833232760429382,False,ok,0.1324338000122225
D2_111_nadir,aliked-lightglue-r2048-k8192,aliked,lightglue,2048,8192,297,100_0010_0024.JPG,100_0010_0045.JPG,8192,8192,4124,4069,0.9866634335596508,496.7041015625,0.65625,0.65625,0.9865869879722595,False,ok,0.1452930999948876
D2_111_nadir,aliked-lightglue-r2048-k8192,aliked,lightglue,2048,8192,298,100_0010_0024.JPG,100_0010_0046.JPG,8192,8192,4547,4474,0.983945458544095,546.142578125,0.75,0.75,0.9840813875198364,False,ok,0.12260719999903813
D2_111_nadir,aliked-lightglue-r2048-k8192,aliked,lightglue,2048,8192,299,100_0010_0024.JPG,100_0010_0047.JPG,8192,8192,3778,3741,0.990206458443621,456.6650390625,0.59375,0.5625,0.9802706241607666,False,ok,0.13181449999683537
D2_111_nadir,aliked-lightglue-r2048-k8192,aliked,lightglue,2048,8192,300,100_0010_0025.JPG,100_0010_0026.JPG,8192,8192,5551,5511,0.9927940911547469,672.7294921875,0.875,0.875,0.988048791885376,False,ok,0.12470400000165682
D2_111_nadir,aliked-lightglue-r2048-k8192,aliked,lightglue,2048,8192,301,100_0010_0025.JPG,100_0010_0027.JPG,8192,8192,4048,3974,0.9817193675889329,485.107421875,0.625,0.625,0.9872991442680359,False,ok,0.14022270000714343
D2_111_nadir,aliked-lightglue-r2048-k8192,aliked,lightglue,2048,8192,302,100_0010_0025.JPG,100_0010_0028.JPG,8192,8192,2607,2526,0.9689298043728424,308.349609375,0.5,0.5,0.9827699661254883,False,ok,0.1284668000007514
D2_111_nadir,aliked-lightglue-r2048-k8192,aliked,lightglue,2048,8192,303,100_0010_0025.JPG,100_0010_0029.JPG,8192,8192,1335,1274,0.954307116104869,155.517578125,0.25,0.25,0.9691386222839355,False,ok,0.1422061999910511
D2_111_nadir,aliked-lightglue-r2048-k8192,aliked,lightglue,2048,8192,304,100_0010_0025.JPG,100_0010_0030.JPG,8192,8192,149,16,0.10738255033557047,1.953125,0.15625,0.1875,0.233512744307518,False,ok,0.12722080000094138
D2_111_nadir,aliked-lightglue-r2048-k8192,aliked,lightglue,2048,8192,305,100_0010_0025.JPG,100_0010_0031.JPG,8192,8192,139,12,0.08633093525179857,1.46484375,0.109375,0.125,0.20437954366207123,True,ok,0.10500550000870135
D2_111_nadir,aliked-lightglue-r2048-k8192,aliked,lightglue,2048,8192,306,100_0010_0025.JPG,100_0010_0032.JPG,8192,8192,125,13,0.104,1.5869140625,0.140625,0.109375,0.23168614506721497,True,ok,0.12629470000683796
D2_111_nadir,aliked-lightglue-r2048-k8192,aliked,lightglue,2048,8192,307,100_0010_0025.JPG,100_0010_0033.JPG,8192,8192,132,13,0.09848484848484848,1.5869140625,0.140625,0.140625,0.24681918323040009,True,ok,0.12291469999763649
D2_111_nadir,aliked-lightglue-r2048-k8192,aliked,lightglue,2048,8192,308,100_0010_0025.JPG,100_0010_0043.JPG,8192,8192,3233,3196,0.9885555211877514,390.13671875,0.515625,0.5625,0.9871227741241455,False,ok,0.1237844999996014
D2_111_nadir,aliked-lightglue-r2048-k8192,aliked,lightglue,2048,8192,309,100_0010_0025.JPG,100_0010_0044.JPG,8192,8192,4138,4100,0.9908168197196714,500.48828125,0.625,0.65625,0.9855907559394836,False,ok,0.1289480999985244
D2_111_nadir,aliked-lightglue-r2048-k8192,aliked,lightglue,2048,8192,310,100_0010_0025.JPG,100_0010_0045.JPG,8192,8192,4499,4420,0.9824405423427428,539.55078125,0.734375,0.75,0.9866781234741211,False,ok,0.13944709999486804
D2_111_nadir,aliked-lightglue-r2048-k8192,aliked,lightglue,2048,8192,311,100_0010_0025.JPG,100_0010_0046.JPG,8192,8192,3686,3635,0.9861638632664135,443.7255859375,0.59375,0.5625,0.983660876750946,False,ok,0.1385937000013655
D2_111_nadir,aliked-lightglue-r2048-k8192,aliked,lightglue,2048,8192,312,100_0010_0026.JPG,100_0010_0027.JPG,8192,8192,5501,5465,0.9934557353208507,667.1142578125,0.875,0.875,0.9876975417137146,False,ok,0.12086749999434687
D2_111_nadir,aliked-lightglue-r2048-k8192,aliked,lightglue,2048,8192,313,100_0010_0026.JPG,100_0010_0028.JPG,8192,8192,4018,3933,0.9788451966152315,480.1025390625,0.625,0.625,0.9872791767120361,False,ok,0.12393100000917912
D2_111_nadir,aliked-lightglue-r2048-k8192,aliked,lightglue,2048,8192,314,100_0010_0026.JPG,100_0010_0029.JPG,8192,8192,2727,2641,0.9684635130179685,322.3876953125,0.5,0.5,0.9842442870140076,False,ok,0.1313501999975415
D2_111_nadir,aliked-lightglue-r2048-k8192,aliked,lightglue,2048,8192,315,100_0010_0026.JPG,100_0010_0030.JPG,8192,8192,1370,1307,0.954014598540146,159.5458984375,0.25,0.25,0.9670584201812744,False,ok,0.1455610999983037
D2_111_nadir,aliked-lightglue-r2048-k8192,aliked,lightglue,2048,8192,316,100_0010_0026.JPG,100_0010_0031.JPG,8192,8192,191,19,0.09947643979057591,2.3193359375,0.171875,0.171875,0.2542290687561035,False,ok,0.13835569999355357
D2_111_nadir,aliked-lightglue-r2048-k8192,aliked,lightglue,2048,8192,317,100_0010_0026.JPG,100_0010_0032.JPG,8192,8192,41,12,0.2926829268292683,1.46484375,0.109375,0.109375,0.19813401997089386,True,ok,0.16364850000536535
D2_111_nadir,aliked-lightglue-r2048-k8192,aliked,lightglue,2048,8192,318,100_0010_0026.JPG,100_0010_0033.JPG,8192,8192,140,11,0.07857142857142857,1.3427734375,0.171875,0.046875,0.2645432949066162,True,ok,0.11114939999242779
D2_111_nadir,aliked-lightglue-r2048-k8192,aliked,lightglue,2048,8192,319,100_0010_0026.JPG,100_0010_0034.JPG,8192,8192,125,12,0.096,1.46484375,0.15625,0.09375,0.24143296480178833,True,ok,0.12648379999154713
D2_111_nadir,aliked-lightglue-r2048-k8192,aliked,lightglue,2048,8192,320,100_0010_0026.JPG,100_0010_0042.JPG,8192,8192,3154,3115,0.9876347495244134,380.2490234375,0.5,0.5625,0.9874081015586853,False,ok,0.1332395999925211
D2_111_nadir,aliked-lightglue-r2048-k8192,aliked,lightglue,2048,8192,321,100_0010_0026.JPG,100_0010_0043.JPG,8192,8192,4215,4173,0.9900355871886121,509.3994140625,0.625,0.65625,0.9870994091033936,False,ok,0.1335914000082994
D2_111_nadir,aliked-lightglue-r2048-k8192,aliked,lightglue,2048,8192,322,100_0010_0026.JPG,100_0010_0044.JPG,8192,8192,4544,4483,0.9865757042253521,547.2412109375,0.71875,0.75,0.9867095947265625,False,ok,0.1361235999938799
D2_111_nadir,aliked-lightglue-r2048-k8192,aliked,lightglue,2048,8192,323,100_0010_0026.JPG,100_0010_0045.JPG,8192,8192,3589,3552,0.9896907216494846,433.59375,0.5625,0.5625,0.9879332184791565,False,ok,0.130137799991644
D2_111_nadir,aliked-lightglue-r2048-k8192,aliked,lightglue,2048,8192,324,100_0010_0027.JPG,100_0010_0028.JPG,8192,8192,5549,5508,0.9926112813119481,672.36328125,0.875,0.875,0.9904441833496094,False,ok,0.15079260000493377
D2_111_nadir,aliked-lightglue-r2048-k8192,aliked,lightglue,2048,8192,325,100_0010_0027.JPG,100_0010_0029.JPG,8192,8192,4205,4104,0.9759809750297265,500.9765625,0.625,0.625,0.9881833791732788,False,ok,0.12465319999319036
D2_111_nadir,aliked-lightglue-r2048-k8192,aliked,lightglue,2048,8192,326,100_0010_0027.JPG,100_0010_0030.JPG,8192,8192,2815,2717,0.9651865008880994,331.6650390625,0.5,0.5,0.9838693737983704,False,ok,0.12844500000937842
D2_111_nadir,aliked-lightglue-r2048-k8192,aliked,lightglue,2048,8192,327,100_0010_0027.JPG,100_0010_0031.JPG,8192,8192,1331,1256,0.9436513899323816,153.3203125,0.265625,0.25,0.9690064191818237,False,ok,0.10738889999629464
D2_111_nadir,aliked-lightglue-r2048-k8192,aliked,lightglue,2048,8192,328,100_0010_0027.JPG,100_0010_0032.JPG,8192,8192,52,14,0.2692307692307692,1.708984375,0.078125,0.109375,0.28909268975257874,True,ok,0.1941382000077283
D2_111_nadir,aliked-lightglue-r2048-k8192,aliked,lightglue,2048,8192,329,100_0010_0027.JPG,100_0010_0033.JPG,8192,8192,41,11,0.2682926829268293,1.3427734375,0.125,0.109375,0.20090003311634064,True,ok,0.16345500000170432
D2_111_nadir,aliked-lightglue-r2048-k8192,aliked,lightglue,2048,8192,330,100_0010_0027.JPG,100_0010_0034.JPG,8192,8192,153,14,0.0915032679738562,1.708984375,0.15625,0.078125,0.26570042967796326,True,ok,0.12556190000032075
D2_111_nadir,aliked-lightglue-r2048-k8192,aliked,lightglue,2048,8192,331,100_0010_0027.JPG,100_0010_0035.JPG,8192,8192,154,15,0.09740259740259741,1.8310546875,0.171875,0.140625,0.24954421818256378,False,ok,0.1349019000044791
D2_111_nadir,aliked-lightglue-r2048-k8192,aliked,lightglue,2048,8192,332,100_0010_0027.JPG,100_0010_0041.JPG,8192,8192,3226,3182,0.986360818350899,388.427734375,0.5,0.5625,0.9876465797424316,False,ok,0.12670920000527985
D2_111_nadir,aliked-lightglue-r2048-k8192,aliked,lightglue,2048,8192,333,100_0010_0027.JPG,100_0010_0042.JPG,8192,8192,4151,4123,0.9932546374367622,503.2958984375,0.625,0.65625,0.989474356174469,False,ok,0.12309880000248086
D2_111_nadir,aliked-lightglue-r2048-k8192,aliked,lightglue,2048,8192,334,100_0010_0027.JPG,100_0010_0043.JPG,8192,8192,4545,4508,0.9918591859185919,550.29296875,0.734375,0.75,0.988160252571106,False,ok,0.11799050000263378
D2_111_nadir,aliked-lightglue-r2048-k8192,aliked,lightglue,2048,8192,335,100_0010_0027.JPG,100_0010_0044.JPG,8192,8192,3596,3567,0.9919354838709677,435.4248046875,0.5625,0.5625,0.9872423410415649,False,ok,0.10832270000537392
D2_111_nadir,aliked-lightglue-r2048-k8192,aliked,lightglue,2048,8192,336,100_0010_0028.JPG,100_0010_0029.JPG,8192,8192,5610,5573,0.9934046345811052,680.2978515625,0.875,0.875,0.991085946559906,False,ok,0.1253534999996191
D2_111_nadir,aliked-lightglue-r2048-k8192,aliked,lightglue,2048,8192,337,100_0010_0028.JPG,100_0010_0030.JPG,8192,8192,4147,4056,0.9780564263322884,495.1171875,0.625,0.625,0.9891498684883118,False,ok,0.12154510000254959
D2_111_nadir,aliked-lightglue-r2048-k8192,aliked,lightglue,2048,8192,338,100_0010_0028.JPG,100_0010_0031.JPG,8192,8192,2552,2453,0.9612068965517241,299.4384765625,0.5,0.4375,0.9844716191291809,False,ok,0.1264597999979742
D2_111_nadir,aliked-lightglue-r2048-k8192,aliked,lightglue,2048,8192,339,100_0010_0028.JPG,100_0010_0032.JPG,8192,8192,993,903,0.9093655589123867,110.2294921875,0.25,0.25,0.9420183300971985,False,ok,0.12430349999340251
D2_111_nadir,aliked-lightglue-r2048-k8192,aliked,lightglue,2048,8192,340,100_0010_0028.JPG,100_0010_0033.JPG,8192,8192,151,11,0.0728476821192053,1.3427734375,0.171875,0.078125,0.22506627440452576,True,ok,0.14697299999534152
D2_111_nadir,aliked-lightglue-r2048-k8192,aliked,lightglue,2048,8192,341,100_0010_0028.JPG,100_0010_0034.JPG,8192,8192,123,12,0.0975609756097561,1.46484375,0.171875,0.078125,0.2529596984386444,True,ok,0.13280870000016876
D2_111_nadir,aliked-lightglue-r2048-k8192,aliked,lightglue,2048,8192,342,100_0010_0028.JPG,100_0010_0035.JPG,8192,8192,106,11,0.10377358490566038,1.3427734375,0.140625,0.09375,0.2319960743188858,True,ok,0.132192799996119
D2_111_nadir,aliked-lightglue-r2048-k8192,aliked,lightglue,2048,8192,343,100_0010_0028.JPG,100_0010_0036.JPG,8192,8192,137,11,0.08029197080291971,1.3427734375,0.15625,0.09375,0.228867769241333,True,ok,0.11120349999691825
D2_111_nadir,aliked-lightglue-r2048-k8192,aliked,lightglue,2048,8192,344,100_0010_0028.JPG,100_0010_0040.JPG,8192,8192,3046,3013,0.9891661195009849,367.7978515625,0.46875,0.515625,0.991084635257721,False,ok,0.11507120000896975
D2_111_nadir,aliked-lightglue-r2048-k8192,aliked,lightglue,2048,8192,345,100_0010_0028.JPG,100_0010_0041.JPG,8192,8192,4097,4062,0.9914571637783745,495.849609375,0.609375,0.65625,0.9913249015808105,False,ok,0.13629739999305457
D2_111_nadir,aliked-lightglue-r2048-k8192,aliked,lightglue,2048,8192,346,100_0010_0028.JPG,100_0010_0042.JPG,8192,8192,4515,4480,0.9922480620155039,546.875,0.71875,0.75,0.9904322028160095,False,ok,0.12798910000128672
D2_111_nadir,aliked-lightglue-r2048-k8192,aliked,lightglue,2048,8192,347,100_0010_0028.JPG,100_0010_0043.JPG,8192,8192,3588,3567,0.9941471571906354,435.4248046875,0.5625,0.5625,0.9895398616790771,False,ok,0.14076210001076106
D2_111_nadir,aliked-lightglue-r2048-k8192,aliked,lightglue,2048,8192,348,100_0010_0029.JPG,100_0010_0030.JPG,8192,8192,5487,5403,0.9846910880262438,659.5458984375,0.875,0.875,0.9825587272644043,False,ok,0.11394830000062939
D2_111_nadir,aliked-lightglue-r2048-k8192,aliked,lightglue,2048,8192,349,100_0010_0029.JPG,100_0010_0031.JPG,8192,8192,3780,3638,0.9624338624338624,444.091796875,0.625,0.625,0.9730511903762817,False,ok,0.11844080001174007
D2_111_nadir,aliked-lightglue-r2048-k8192,aliked,lightglue,2048,8192,350,100_0010_0029.JPG,100_0010_0032.JPG,8192,8192,2038,1854,0.9097154072620216,226.318359375,0.5,0.484375,0.9381096363067627,False,ok,0.13729749999765772
D2_111_nadir,aliked-lightglue-r2048-k8192,aliked,lightglue,2048,8192,351,100_0010_0029.JPG,100_0010_0033.JPG,8192,8192,802,640,0.7980049875311721,78.125,0.234375,0.25,0.8652060627937317,False,ok,0.11832929999218322
D2_111_nadir,aliked-lightglue-r2048-k8192,aliked,lightglue,2048,8192,352,100_0010_0029.JPG,100_0010_0034.JPG,8192,8192,789,629,0.7972116603295311,76.7822265625,0.234375,0.234375,0.8683160543441772,False,ok,0.10873360000550747
D2_111_nadir,aliked-lightglue-r2048-k8192,aliked,lightglue,2048,8192,353,100_0010_0029.JPG,100_0010_0035.JPG,8192,8192,660,540,0.8181818181818182,65.91796875,0.203125,0.203125,0.8579980134963989,False,ok,0.14523320000444073
D2_111_nadir,aliked-lightglue-r2048-k8192,aliked,lightglue,2048,8192,354,100_0010_0029.JPG,100_0010_0036.JPG,8192,8192,564,442,0.7836879432624113,53.955078125,0.15625,0.171875,0.8178896307945251,False,ok,0.13182779999624472
D2_111_nadir,aliked-lightglue-r2048-k8192,aliked,lightglue,2048,8192,355,100_0010_0029.JPG,100_0010_0037.JPG,8192,8192,567,444,0.783068783068783,54.19921875,0.15625,0.171875,0.8251310586929321,False,ok,0.12404959999548737
D2_111_nadir,aliked-lightglue-r2048-k8192,aliked,lightglue,2048,8192,356,100_0010_0029.JPG,100_0010_0039.JPG,8192,8192,2866,2807,0.979413817166783,342.6513671875,0.46875,0.546875,0.9794844388961792,False,ok,0.1169915999926161
D2_111_nadir,aliked-lightglue-r2048-k8192,aliked,lightglue,2048,8192,357,100_0010_0029.JPG,100_0010_0040.JPG,8192,8192,3934,3888,0.9883070665988816,474.609375,0.578125,0.640625,0.983180046081543,False,ok,0.1322573000070406
D2_111_nadir,aliked-lightglue-r2048-k8192,aliked,lightglue,2048,8192,358,100_0010_0029.JPG,100_0010_0041.JPG,8192,8192,4392,4346,0.9895264116575592,530.517578125,0.671875,0.75,0.9863176941871643,False,ok,0.14247390000673477
D2_111_nadir,aliked-lightglue-r2048-k8192,aliked,lightglue,2048,8192,359,100_0010_0029.JPG,100_0010_0042.JPG,8192,8192,3579,3550,0.9918971779826767,433.349609375,0.5625,0.5625,0.9902439117431641,False,ok,0.14830859999347012
D2_111_nadir,aliked-lightglue-r2048-k8192,aliked,lightglue,2048,8192,360,100_0010_0030.JPG,100_0010_0031.JPG,8192,8192,5233,5145,0.9831836422702083,628.0517578125,0.875,0.828125,0.9781638383865356,False,ok,0.12741909999749623
D2_111_nadir,aliked-lightglue-r2048-k8192,aliked,lightglue,2048,8192,361,100_0010_0030.JPG,100_0010_0032.JPG,8192,8192,3268,3087,0.9446144430844553,376.8310546875,0.625,0.609375,0.9559780955314636,False,ok,0.12396879999141674
D2_111_nadir,aliked-lightglue-r2048-k8192,aliked,lightglue,2048,8192,362,100_0010_0030.JPG,100_0010_0033.JPG,8192,8192,1813,1627,0.897407611693326,198.6083984375,0.4375,0.46875,0.9157453775405884,False,ok,0.12859789999492932
D2_111_nadir,aliked-lightglue-r2048-k8192,aliked,lightglue,2048,8192,363,100_0010_0030.JPG,100_0010_0034.JPG,8192,8192,1852,1633,0.8817494600431965,199.3408203125,0.4375,0.46875,0.9188307523727417,False,ok,0.12417900000582449
D2_111_nadir,aliked-lightglue-r2048-k8192,aliked,lightglue,2048,8192,364,100_0010_0030.JPG,100_0010_0035.JPG,8192,8192,1576,1433,0.9092639593908629,174.9267578125,0.390625,0.40625,0.9232208132743835,False,ok,0.12192960000538733
D2_111_nadir,aliked-lightglue-r2048-k8192,aliked,lightglue,2048,8192,365,100_0010_0030.JPG,100_0010_0036.JPG,8192,8192,1329,1200,0.9029345372460497,146.484375,0.296875,0.375,0.9159033894538879,False,ok,0.12667250000231434
D2_111_nadir,aliked-lightglue-r2048-k8192,aliked,lightglue,2048,8192,366,100_0010_0030.JPG,100_0010_0037.JPG,8192,8192,1340,1194,0.891044776119403,145.751953125,0.296875,0.359375,0.9107815623283386,False,ok,0.12700899998890236
D2_111_nadir,aliked-lightglue-r2048-k8192,aliked,lightglue,2048,8192,367,100_0010_0030.JPG,100_0010_0038.JPG,8192,8192,2600,2508,0.9646153846153847,306.15234375,0.5,0.5625,0.9644287824630737,False,ok,0.13773020000371616
D2_111_nadir,aliked-lightglue-r2048-k8192,aliked,lightglue,2048,8192,368,100_0010_0030.JPG,100_0010_0039.JPG,8192,8192,3898,3828,0.9820420728578758,467.28515625,0.578125,0.65625,0.9752642512321472,False,ok,0.12281519999669399
D2_111_nadir,aliked-lightglue-r2048-k8192,aliked,lightglue,2048,8192,369,100_0010_0030.JPG,100_0010_0040.JPG,8192,8192,4388,4326,0.9858705560619873,528.076171875,0.671875,0.75,0.9791783690452576,False,ok,0.15405270000337623
D2_111_nadir,aliked-lightglue-r2048-k8192,aliked,lightglue,2048,8192,370,100_0010_0030.JPG,100_0010_0041.JPG,8192,8192,3380,3327,0.9843195266272189,406.1279296875,0.53125,0.578125,0.9806877374649048,False,ok,0.12372430000687018
D2_111_nadir,aliked-lightglue-r2048-k8192,aliked,lightglue,2048,8192,371,100_0010_0031.JPG,100_0010_0032.JPG,8192,8192,4809,4639,0.9646496153046371,566.2841796875,0.875,0.875,0.9631739258766174,False,ok,0.1378441999986535
D2_111_nadir,aliked-lightglue-r2048-k8192,aliked,lightglue,2048,8192,372,100_0010_0031.JPG,100_0010_0033.JPG,8192,8192,3134,2868,0.9151244416081685,350.09765625,0.625,0.625,0.928770899772644,False,ok,0.1156421999912709
D2_111_nadir,aliked-lightglue-r2048-k8192,aliked,lightglue,2048,8192,373,100_0010_0031.JPG,100_0010_0034.JPG,8192,8192,3179,2873,0.9037433155080213,350.7080078125,0.625,0.625,0.9232012033462524,False,ok,0.14105109999945853
D2_111_nadir,aliked-lightglue-r2048-k8192,aliked,lightglue,2048,8192,374,100_0010_0031.JPG,100_0010_0035.JPG,8192,8192,2717,2541,0.9352226720647774,310.1806640625,0.546875,0.546875,0.9303227663040161,False,ok,0.12113100000715349
D2_111_nadir,aliked-lightglue-r2048-k8192,aliked,lightglue,2048,8192,375,100_0010_0031.JPG,100_0010_0036.JPG,8192,8192,2312,2163,0.9355536332179931,264.0380859375,0.453125,0.46875,0.934726893901825,False,ok,0.13896649998787325
D2_111_nadir,aliked-lightglue-r2048-k8192,aliked,lightglue,2048,8192,376,100_0010_0031.JPG,100_0010_0037.JPG,8192,8192,2325,2162,0.9298924731182796,263.916015625,0.484375,0.546875,0.9275317192077637,False,ok,0.13445890000730287
D2_111_nadir,aliked-lightglue-r2048-k8192,aliked,lightglue,2048,8192,377,100_0010_0031.JPG,100_0010_0038.JPG,8192,8192,3625,3530,0.9737931034482759,430.908203125,0.625,0.65625,0.9662039875984192,False,ok,0.13374960000510328
D2_111_nadir,aliked-lightglue-r2048-k8192,aliked,lightglue,2048,8192,378,100_0010_0031.JPG,100_0010_0039.JPG,8192,8192,4247,4176,0.9832823169295973,509.765625,0.734375,0.75,0.970727264881134,False,ok,0.12346989999059588
D2_111_nadir,aliked-lightglue-r2048-k8192,aliked,lightglue,2048,8192,379,100_0010_0031.JPG,100_0010_0040.JPG,8192,8192,3242,3161,0.9750154225786551,385.8642578125,0.5625,0.5625,0.9693572521209717,False,ok,0.13890779999201186
D2_111_nadir,aliked-lightglue-r2048-k8192,aliked,lightglue,2048,8192,380,100_0010_0032.JPG,100_0010_0033.JPG,8192,8192,4961,4637,0.9346905865752873,566.0400390625,0.875,0.84375,0.9476933479309082,False,ok,0.13311280000198167
D2_111_nadir,aliked-lightglue-r2048-k8192,aliked,lightglue,2048,8192,381,100_0010_0032.JPG,100_0010_0034.JPG,8192,8192,4910,4605,0.9378818737270875,562.1337890625,0.859375,0.828125,0.9466697573661804,False,ok,0.12937070000043605
D2_111_nadir,aliked-lightglue-r2048-k8192,aliked,lightglue,2048,8192,382,100_0010_0032.JPG,100_0010_0035.JPG,8192,8192,4232,3952,0.9338374291115312,482.421875,0.765625,0.734375,0.9315739274024963,False,ok,0.12623880000319332
D2_111_nadir,aliked-lightglue-r2048-k8192,aliked,lightglue,2048,8192,383,100_0010_0032.JPG,100_0010_0036.JPG,8192,8192,3315,3153,0.951131221719457,384.8876953125,0.65625,0.609375,0.9361055493354797,False,ok,0.12897350000275765
D2_111_nadir,aliked-lightglue-r2048-k8192,aliked,lightglue,2048,8192,384,100_0010_0032.JPG,100_0010_0037.JPG,8192,8192,3305,3143,0.950983358547655,383.6669921875,0.65625,0.59375,0.9334359765052795,False,ok,0.12701330000709277
D2_111_nadir,aliked-lightglue-r2048-k8192,aliked,lightglue,2048,8192,385,100_0010_0032.JPG,100_0010_0038.JPG,8192,8192,3987,3853,0.9663907700025082,470.3369140625,0.71875,0.75,0.9506193399429321,False,ok,0.13237979999394156
D2_111_nadir,aliked-lightglue-r2048-k8192,aliked,lightglue,2048,8192,386,100_0010_0032.JPG,100_0010_0039.JPG,8192,8192,2932,2808,0.9577080491132333,342.7734375,0.546875,0.5625,0.952294647693634,False,ok,0.11954179999884218
D2_111_nadir,aliked-lightglue-r2048-k8192,aliked,lightglue,2048,8192,387,100_0010_0032.JPG,100_0010_0040.JPG,8192,8192,2034,1903,0.9355948869223205,232.2998046875,0.46875,0.46875,0.9435127973556519,False,ok,0.14596540000638925
D2_111_nadir,aliked-lightglue-r2048-k8192,aliked,lightglue,2048,8192,388,100_0010_0033.JPG,100_0010_0034.JPG,8192,8192,6966,6923,0.9938271604938271,845.0927734375,1.0,1.0,0.9665424823760986,False,ok,0.14112080000631977
D2_111_nadir,aliked-lightglue-r2048-k8192,aliked,lightglue,2048,8192,389,100_0010_0033.JPG,100_0010_0035.JPG,8192,8192,5331,5123,0.960982930031889,625.3662109375,0.875,0.859375,0.9273262619972229,False,ok,0.10615490000054706
D2_111_nadir,aliked-lightglue-r2048-k8192,aliked,lightglue,2048,8192,390,100_0010_0033.JPG,100_0010_0036.JPG,8192,8192,4069,3879,0.95330548046203,473.5107421875,0.71875,0.6875,0.9188132882118225,False,ok,0.12894329999107867
D2_111_nadir,aliked-lightglue-r2048-k8192,aliked,lightglue,2048,8192,391,100_0010_0033.JPG,100_0010_0037.JPG,8192,8192,3940,3772,0.9573604060913705,460.44921875,0.703125,0.671875,0.9209792613983154,False,ok,0.1489780999982031
D2_111_nadir,aliked-lightglue-r2048-k8192,aliked,lightglue,2048,8192,392,100_0010_0033.JPG,100_0010_0038.JPG,8192,8192,2975,2837,0.9536134453781513,346.3134765625,0.59375,0.578125,0.9388742446899414,False,ok,0.11984600000141654
D2_111_nadir,aliked-lightglue-r2048-k8192,aliked,lightglue,2048,8192,393,100_0010_0033.JPG,100_0010_0039.JPG,8192,8192,2068,1865,0.9018375241779497,227.6611328125,0.4375,0.421875,0.930190920829773,False,ok,0.11427059999550693
D2_111_nadir,aliked-lightglue-r2048-k8192,aliked,lightglue,2048,8192,394,100_0010_0033.JPG,100_0010_0040.JPG,8192,8192,1118,988,0.8837209302325582,120.60546875,0.28125,0.28125,0.9016820192337036,False,ok,0.12424460001057014
D2_111_nadir,aliked-lightglue-r2048-k8192,aliked,lightglue,2048,8192,395,100_0010_0033.JPG,100_0010_0041.JPG,8192,8192,291,199,0.6838487972508591,24.2919921875,0.15625,0.09375,0.7658827900886536,False,ok,0.1279054000042379
D2_111_nadir,aliked-lightglue-r2048-k8192,aliked,lightglue,2048,8192,396,100_0010_0034.JPG,100_0010_0035.JPG,8192,8192,5426,5241,0.9659049023221526,639.7705078125,0.875,0.859375,0.9363133907318115,False,ok,0.12722199999552686
D2_111_nadir,aliked-lightglue-r2048-k8192,aliked,lightglue,2048,8192,397,100_0010_0034.JPG,100_0010_0036.JPG,8192,8192,4185,4012,0.9586618876941457,489.74609375,0.734375,0.703125,0.9202329516410828,False,ok,0.11947540000255685
D2_111_nadir,aliked-lightglue-r2048-k8192,aliked,lightglue,2048,8192,398,100_0010_0034.JPG,100_0010_0037.JPG,8192,8192,4041,3843,0.9510022271714922,469.1162109375,0.65625,0.640625,0.9209296107292175,False,ok,0.1174304000014672
D2_111_nadir,aliked-lightglue-r2048-k8192,aliked,lightglue,2048,8192,399,100_0010_0034.JPG,100_0010_0038.JPG,8192,8192,3054,2912,0.9535036018336608,355.46875,0.609375,0.578125,0.9367099404335022,False,ok,0.143900000010035
D2_111_nadir,aliked-lightglue-r2048-k8192,aliked,lightglue,2048,8192,400,100_0010_0034.JPG,100_0010_0039.JPG,8192,8192,2095,1887,0.9007159904534606,230.3466796875,0.46875,0.421875,0.9243823885917664,False,ok,0.10464949999004602
D2_111_nadir,aliked-lightglue-r2048-k8192,aliked,lightglue,2048,8192,401,100_0010_0034.JPG,100_0010_0040.JPG,8192,8192,1105,982,0.8886877828054298,119.873046875,0.28125,0.28125,0.9023938775062561,False,ok,0.11602989998937119
D2_111_nadir,aliked-lightglue-r2048-k8192,aliked,lightglue,2048,8192,402,100_0010_0034.JPG,100_0010_0041.JPG,8192,8192,296,194,0.6554054054054054,23.681640625,0.15625,0.125,0.7729018330574036,False,ok,0.1436280999914743
D2_111_nadir,aliked-lightglue-r2048-k8192,aliked,lightglue,2048,8192,403,100_0010_0034.JPG,100_0010_0042.JPG,8192,8192,81,10,0.12345679012345678,1.220703125,0.109375,0.140625,0.24028725922107697,True,ok,0.1360634000011487
D2_111_nadir,aliked-lightglue-r2048-k8192,aliked,lightglue,2048,8192,404,100_0010_0035.JPG,100_0010_0036.JPG,8192,8192,5405,5257,0.972617946345976,641.7236328125,0.875,0.859375,0.9412683248519897,False,ok,0.11642920000304002
D2_111_nadir,aliked-lightglue-r2048-k8192,aliked,lightglue,2048,8192,405,100_0010_0035.JPG,100_0010_0037.JPG,8192,8192,5211,5058,0.9706390328151986,617.431640625,0.859375,0.859375,0.9379054307937622,False,ok,0.12946670000383165
D2_111_nadir,aliked-lightglue-r2048-k8192,aliked,lightglue,2048,8192,406,100_0010_0035.JPG,100_0010_0038.JPG,8192,8192,3766,3540,0.9399893786510887,432.12890625,0.703125,0.6875,0.9404445290565491,False,ok,0.11340430000564083
D2_111_nadir,aliked-lightglue-r2048-k8192,aliked,lightglue,2048,8192,407,100_0010_0035.JPG,100_0010_0039.JPG,8192,8192,2443,2170,0.8882521489971347,264.892578125,0.546875,0.515625,0.9194767475128174,False,ok,0.11485100000572857
D2_111_nadir,aliked-lightglue-r2048-k8192,aliked,lightglue,2048,8192,408,100_0010_0035.JPG,100_0010_0040.JPG,8192,8192,1323,1111,0.8397581254724111,135.6201171875,0.328125,0.328125,0.8854309916496277,False,ok,0.11056660000758711
D2_111_nadir,aliked-lightglue-r2048-k8192,aliked,lightglue,2048,8192,409,100_0010_0035.JPG,100_0010_0041.JPG,8192,8192,301,213,0.707641196013289,26.0009765625,0.203125,0.171875,0.7328142523765564,False,ok,0.1393642000039108
D2_111_nadir,aliked-lightglue-r2048-k8192,aliked,lightglue,2048,8192,410,100_0010_0035.JPG,100_0010_0042.JPG,8192,8192,113,11,0.09734513274336283,1.3427734375,0.125,0.140625,0.22486187517642975,True,ok,0.1487555999920005
D2_111_nadir,aliked-lightglue-r2048-k8192,aliked,lightglue,2048,8192,411,100_0010_0035.JPG,100_0010_0043.JPG,8192,8192,115,12,0.10434782608695652,1.46484375,0.109375,0.140625,0.23377598822116852,True,ok,0.10293110000202432
D2_111_nadir,aliked-lightglue-r2048-k8192,aliked,lightglue,2048,8192,412,100_0010_0035.JPG,100_0010_0067.JPG,8192,8192,2444,2149,0.8792962356792144,262.3291015625,0.46875,0.46875,0.9018842577934265,False,ok,0.12189059999946039
D2_111_nadir,aliked-lightglue-r2048-k8192,aliked,lightglue,2048,8192,413,100_0010_0035.JPG,100_0010_0068.JPG,8192,8192,2715,2459,0.9057090239410681,300.1708984375,0.515625,0.5625,0.8988057374954224,False,ok,0.14978630001132842
D2_111_nadir,aliked-lightglue-r2048-k8192,aliked,lightglue,2048,8192,414,100_0010_0036.JPG,100_0010_0037.JPG,8192,8192,6817,6736,0.9881179404430102,822.265625,0.984375,0.984375,0.9587244987487793,False,ok,0.12456879999081139
D2_111_nadir,aliked-lightglue-r2048-k8192,aliked,lightglue,2048,8192,415,100_0010_0036.JPG,100_0010_0038.JPG,8192,8192,4443,4202,0.9457573711456223,512.939453125,0.78125,0.78125,0.9487971663475037,False,ok,0.11991920000582468
D2_111_nadir,aliked-lightglue-r2048-k8192,aliked,lightglue,2048,8192,416,100_0010_0036.JPG,100_0010_0039.JPG,8192,8192,2871,2594,0.9035179380006966,316.650390625,0.625,0.59375,0.929370641708374,False,ok,0.13059149999753572
D2_111_nadir,aliked-lightglue-r2048-k8192,aliked,lightglue,2048,8192,417,100_0010_0036.JPG,100_0010_0040.JPG,8192,8192,1552,1319,0.8498711340206185,161.0107421875,0.375,0.375,0.8919327855110168,False,ok,0.10726360000262503
D2_111_nadir,aliked-lightglue-r2048-k8192,aliked,lightglue,2048,8192,418,100_0010_0036.JPG,100_0010_0041.JPG,8192,8192,396,274,0.6919191919191919,33.447265625,0.25,0.1875,0.7459417581558228,False,ok,0.11688549999962561
D2_111_nadir,aliked-lightglue-r2048-k8192,aliked,lightglue,2048,8192,419,100_0010_0036.JPG,100_0010_0042.JPG,8192,8192,126,13,0.10317460317460317,1.5869140625,0.140625,0.171875,0.24393877387046814,True,ok,0.10516120000102092
D2_111_nadir,aliked-lightglue-r2048-k8192,aliked,lightglue,2048,8192,420,100_0010_0036.JPG,100_0010_0043.JPG,8192,8192,164,15,0.09146341463414634,1.8310546875,0.140625,0.1875,0.23737318813800812,False,ok,0.11786929999652784
D2_111_nadir,aliked-lightglue-r2048-k8192,aliked,lightglue,2048,8192,421,100_0010_0036.JPG,100_0010_0044.JPG,8192,8192,160,14,0.0875,1.708984375,0.09375,0.140625,0.23775359988212585,True,ok,0.13516089999757241
D2_111_nadir,aliked-lightglue-r2048-k8192,aliked,lightglue,2048,8192,422,100_0010_0036.JPG,100_0010_0066.JPG,8192,8192,2495,2277,0.912625250501002,277.9541015625,0.5625,0.46875,0.9204365611076355,False,ok,0.10672300000442192
D2_111_nadir,aliked-lightglue-r2048-k8192,aliked,lightglue,2048,8192,423,100_0010_0036.JPG,100_0010_0067.JPG,8192,8192,3317,3088,0.9309617123907145,376.953125,0.59375,0.625,0.9225243330001831,False,ok,0.13210170000093058
D2_111_nadir,aliked-lightglue-r2048-k8192,aliked,lightglue,2048,8192,424,100_0010_0036.JPG,100_0010_0068.JPG,8192,8192,3564,3357,0.9419191919191919,409.7900390625,0.65625,0.734375,0.9020702838897705,False,ok,0.12768530000175815
D2_111_nadir,aliked-lightglue-r2048-k8192,aliked,lightglue,2048,8192,425,100_0010_0037.JPG,100_0010_0038.JPG,8192,8192,4514,4270,0.9459459459459459,521.240234375,0.796875,0.796875,0.9482012987136841,False,ok,0.13227370000095107
D2_111_nadir,aliked-lightglue-r2048-k8192,aliked,lightglue,2048,8192,426,100_0010_0037.JPG,100_0010_0039.JPG,8192,8192,2914,2645,0.9076870281400137,322.8759765625,0.625,0.625,0.9289199113845825,False,ok,0.12265910000132862
D2_111_nadir,aliked-lightglue-r2048-k8192,aliked,lightglue,2048,8192,427,100_0010_0037.JPG,100_0010_0040.JPG,8192,8192,1572,1327,0.844147582697201,161.9873046875,0.390625,0.375,0.8944224715232849,False,ok,0.12067959998967126
D2_111_nadir,aliked-lightglue-r2048-k8192,aliked,lightglue,2048,8192,428,100_0010_0037.JPG,100_0010_0041.JPG,8192,8192,418,281,0.6722488038277512,34.3017578125,0.234375,0.1875,0.7484269738197327,False,ok,0.1028500999964308
D2_111_nadir,aliked-lightglue-r2048-k8192,aliked,lightglue,2048,8192,429,100_0010_0037.JPG,100_0010_0042.JPG,8192,8192,80,11,0.1375,1.3427734375,0.109375,0.171875,0.22877803444862366,True,ok,0.13311850000172853
D2_111_nadir,aliked-lightglue-r2048-k8192,aliked,lightglue,2048,8192,430,100_0010_0037.JPG,100_0010_0043.JPG,8192,8192,187,15,0.08021390374331551,1.8310546875,0.09375,0.15625,0.22730757296085358,False,ok,0.10663639999984298
D2_111_nadir,aliked-lightglue-r2048-k8192,aliked,lightglue,2048,8192,431,100_0010_0037.JPG,100_0010_0044.JPG,8192,8192,155,14,0.09032258064516129,1.708984375,0.09375,0.15625,0.23788772523403168,True,ok,0.10903989999496844
D2_111_nadir,aliked-lightglue-r2048-k8192,aliked,lightglue,2048,8192,432,100_0010_0037.JPG,100_0010_0045.JPG,8192,8192,138,12,0.08695652173913043,1.46484375,0.0625,0.125,0.24180787801742554,True,ok,0.12263209999946412
D2_111_nadir,aliked-lightglue-r2048-k8192,aliked,lightglue,2048,8192,433,100_0010_0037.JPG,100_0010_0066.JPG,8192,8192,2584,2359,0.9129256965944272,287.9638671875,0.5625,0.484375,0.9225685000419617,False,ok,0.12709549999271985
D2_111_nadir,aliked-lightglue-r2048-k8192,aliked,lightglue,2048,8192,434,100_0010_0037.JPG,100_0010_0067.JPG,8192,8192,3412,3189,0.9346424384525205,389.2822265625,0.609375,0.625,0.9290008544921875,False,ok,0.14010119999875315
D2_111_nadir,aliked-lightglue-r2048-k8192,aliked,lightglue,2048,8192,435,100_0010_0037.JPG,100_0010_0068.JPG,8192,8192,3656,3408,0.9321663019693655,416.015625,0.625,0.671875,0.9092041850090027,False,ok,0.12573060000431724
D2_111_nadir,aliked-lightglue-r2048-k8192,aliked,lightglue,2048,8192,436,100_0010_0038.JPG,100_0010_0039.JPG,8192,8192,4937,4804,0.973060563094997,586.42578125,0.875,0.875,0.9751264452934265,False,ok,0.13829830000759102
D2_111_nadir,aliked-lightglue-r2048-k8192,aliked,lightglue,2048,8192,437,100_0010_0038.JPG,100_0010_0040.JPG,8192,8192,3415,3223,0.9437774524158126,393.4326171875,0.625,0.625,0.9641517996788025,False,ok,0.1393328999984078
D2_111_nadir,aliked-lightglue-r2048-k8192,aliked,lightglue,2048,8192,438,100_0010_0038.JPG,100_0010_0041.JPG,8192,8192,2104,1975,0.9386882129277566,241.0888671875,0.5,0.484375,0.9575394988059998,False,ok,0.13452370000595693
D2_111_nadir,aliked-lightglue-r2048-k8192,aliked,lightglue,2048,8192,439,100_0010_0038.JPG,100_0010_0042.JPG,8192,8192,1293,1211,0.9365815931941222,147.8271484375,0.25,0.25,0.9662982821464539,False,ok,0.12767109999549575
D2_111_nadir,aliked-lightglue-r2048-k8192,aliked,lightglue,2048,8192,440,100_0010_0038.JPG,100_0010_0043.JPG,8192,8192,133,60,0.45112781954887216,7.32421875,0.125,0.125,0.47919535636901855,False,ok,0.18072040000697598
D2_111_nadir,aliked-lightglue-r2048-k8192,aliked,lightglue,2048,8192,441,100_0010_0038.JPG,100_0010_0044.JPG,8192,8192,164,14,0.08536585365853659,1.708984375,0.125,0.1875,0.2577475905418396,True,ok,0.12833379999210592
D2_111_nadir,aliked-lightglue-r2048-k8192,aliked,lightglue,2048,8192,442,100_0010_0038.JPG,100_0010_0045.JPG,8192,8192,126,14,0.1111111111111111,1.708984375,0.109375,0.15625,0.23174431920051575,True,ok,0.13258059999498073
D2_111_nadir,aliked-lightglue-r2048-k8192,aliked,lightglue,2048,8192,443,100_0010_0038.JPG,100_0010_0046.JPG,8192,8192,53,12,0.22641509433962265,1.46484375,0.078125,0.140625,0.26598623394966125,True,ok,0.17187630000989884
D2_111_nadir,aliked-lightglue-r2048-k8192,aliked,lightglue,2048,8192,444,100_0010_0038.JPG,100_0010_0066.JPG,8192,8192,3792,3658,0.9646624472573839,446.533203125,0.734375,0.734375,0.9487685561180115,False,ok,0.1283536999981152
D2_111_nadir,aliked-lightglue-r2048-k8192,aliked,lightglue,2048,8192,445,100_0010_0038.JPG,100_0010_0067.JPG,8192,8192,3557,3371,0.947708743323025,411.4990234375,0.75,0.671875,0.9385542869567871,False,ok,0.11275180001393892
D2_111_nadir,aliked-lightglue-r2048-k8192,aliked,lightglue,2048,8192,446,100_0010_0038.JPG,100_0010_0068.JPG,8192,8192,2759,2547,0.9231605654222544,310.9130859375,0.640625,0.59375,0.9210704565048218,False,ok,0.1357813999929931
D2_111_nadir,aliked-lightglue-r2048-k8192,aliked,lightglue,2048,8192,447,100_0010_0039.JPG,100_0010_0040.JPG,8192,8192,5257,5165,0.982499524443599,630.4931640625,0.875,0.875,0.9802387952804565,False,ok,0.1311126999935368
D2_111_nadir,aliked-lightglue-r2048-k8192,aliked,lightglue,2048,8192,448,100_0010_0039.JPG,100_0010_0041.JPG,8192,8192,3790,3688,0.9730870712401055,450.1953125,0.625,0.625,0.9766337275505066,False,ok,0.1420808999973815
D2_111_nadir,aliked-lightglue-r2048-k8192,aliked,lightglue,2048,8192,449,100_0010_0039.JPG,100_0010_0042.JPG,8192,8192,2777,2700,0.9722722362261433,329.58984375,0.5,0.5,0.9849306344985962,False,ok,0.12102709998725913
D2_111_nadir,aliked-lightglue-r2048-k8192,aliked,lightglue,2048,8192,450,100_0010_0039.JPG,100_0010_0043.JPG,8192,8192,1413,1353,0.9575371549893843,165.1611328125,0.25,0.25,0.9687615633010864,False,ok,0.13178830000106245
D2_111_nadir,aliked-lightglue-r2048-k8192,aliked,lightglue,2048,8192,451,100_0010_0039.JPG,100_0010_0044.JPG,8192,8192,160,16,0.1,1.953125,0.140625,0.1875,0.21148748695850372,False,ok,0.13643400000000838
D2_111_nadir,aliked-lightglue-r2048-k8192,aliked,lightglue,2048,8192,452,100_0010_0039.JPG,100_0010_0045.JPG,8192,8192,153,15,0.09803921568627451,1.8310546875,0.109375,0.125,0.21725162863731384,False,ok,0.12532210000790656
D2_111_nadir,aliked-lightglue-r2048-k8192,aliked,lightglue,2048,8192,453,100_0010_0039.JPG,100_0010_0046.JPG,8192,8192,170,19,0.11176470588235295,2.3193359375,0.125,0.15625,0.25577419996261597,False,ok,0.10901830000511836
D2_111_nadir,aliked-lightglue-r2048-k8192,aliked,lightglue,2048,8192,454,100_0010_0039.JPG,100_0010_0047.JPG,8192,8192,102,19,0.18627450980392157,2.3193359375,0.125,0.125,0.2541283667087555,False,ok,0.1708879999932833
D2_111_nadir,aliked-lightglue-r2048-k8192,aliked,lightglue,2048,8192,455,100_0010_0039.JPG,100_0010_0064.JPG,8192,8192,3005,2932,0.9757071547420965,357.91015625,0.5625,0.5625,0.9660080671310425,False,ok,0.11334289998922031
D2_111_nadir,aliked-lightglue-r2048-k8192,aliked,lightglue,2048,8192,456,100_0010_0039.JPG,100_0010_0065.JPG,8192,8192,4013,3901,0.9720907052080737,476.1962890625,0.75,0.734375,0.9638671875,False,ok,0.135010499987402
D2_111_nadir,aliked-lightglue-r2048-k8192,aliked,lightglue,2048,8192,457,100_0010_0039.JPG,100_0010_0066.JPG,8192,8192,3962,3841,0.9694598687531549,468.8720703125,0.75,0.75,0.9563241004943848,False,ok,0.14357909999671392
D2_111_nadir,aliked-lightglue-r2048-k8192,aliked,lightglue,2048,8192,458,100_0010_0039.JPG,100_0010_0067.JPG,8192,8192,2523,2319,0.9191438763376932,283.0810546875,0.5625,0.5625,0.9262256026268005,False,ok,0.11785139999119565
D2_111_nadir,aliked-lightglue-r2048-k8192,aliked,lightglue,2048,8192,459,100_0010_0039.JPG,100_0010_0068.JPG,8192,8192,1776,1562,0.8795045045045045,190.673828125,0.46875,0.46875,0.9009692072868347,False,ok,0.11254430000553839
D2_111_nadir,aliked-lightglue-r2048-k8192,aliked,lightglue,2048,8192,460,100_0010_0040.JPG,100_0010_0041.JPG,8192,8192,5425,5367,0.9893087557603687,655.1513671875,0.875,0.875,0.9839779138565063,False,ok,0.12416819999634754
D2_111_nadir,aliked-lightglue-r2048-k8192,aliked,lightglue,2048,8192,461,100_0010_0040.JPG,100_0010_0042.JPG,8192,8192,4246,4184,0.9853980216674517,510.7421875,0.625,0.625,0.9896382093429565,False,ok,0.1337478000059491
D2_111_nadir,aliked-lightglue-r2048-k8192,aliked,lightglue,2048,8192,462,100_0010_0040.JPG,100_0010_0043.JPG,8192,8192,2843,2776,0.9764333450580372,338.8671875,0.5,0.5,0.9875186681747437,False,ok,0.12359699999797158
D2_111_nadir,aliked-lightglue-r2048-k8192,aliked,lightglue,2048,8192,463,100_0010_0040.JPG,100_0010_0044.JPG,8192,8192,1451,1379,0.9503790489317712,168.3349609375,0.25,0.25,0.9704217910766602,False,ok,0.12909259999287315
D2_111_nadir,aliked-lightglue-r2048-k8192,aliked,lightglue,2048,8192,464,100_0010_0040.JPG,100_0010_0045.JPG,8192,8192,200,18,0.09,2.197265625,0.140625,0.15625,0.2244120091199875,False,ok,0.1353850000014063
D2_111_nadir,aliked-lightglue-r2048-k8192,aliked,lightglue,2048,8192,465,100_0010_0040.JPG,100_0010_0046.JPG,8192,8192,185,17,0.0918918918918919,2.0751953125,0.1875,0.171875,0.23197758197784424,False,ok,0.12640149999060668
D2_111_nadir,aliked-lightglue-r2048-k8192,aliked,lightglue,2048,8192,466,100_0010_0040.JPG,100_0010_0047.JPG,8192,8192,104,21,0.20192307692307693,2.5634765625,0.140625,0.171875,0.2666725814342499,False,ok,0.19473120001202915
D2_111_nadir,aliked-lightglue-r2048-k8192,aliked,lightglue,2048,8192,467,100_0010_0040.JPG,100_0010_0048.JPG,8192,8192,195,15,0.07692307692307693,1.8310546875,0.125,0.109375,0.2420550286769867,False,ok,0.12972240000090096
D2_111_nadir,aliked-lightglue-r2048-k8192,aliked,lightglue,2048,8192,468,100_0010_0040.JPG,100_0010_0063.JPG,8192,8192,3287,3267,0.9939154243991482,398.8037109375,0.546875,0.5625,0.9901682734489441,False,ok,0.09819390000484418
D2_111_nadir,aliked-lightglue-r2048-k8192,aliked,lightglue,2048,8192,469,100_0010_0040.JPG,100_0010_0064.JPG,8192,8192,4086,4023,0.9845814977973568,491.0888671875,0.71875,0.75,0.9769576191902161,False,ok,0.13362569999299012
D2_111_nadir,aliked-lightglue-r2048-k8192,aliked,lightglue,2048,8192,470,100_0010_0040.JPG,100_0010_0065.JPG,8192,8192,4102,4001,0.9753778644563628,488.4033203125,0.75,0.75,0.9714704155921936,False,ok,0.14573469999595545
D2_111_nadir,aliked-lightglue-r2048-k8192,aliked,lightglue,2048,8192,471,100_0010_0040.JPG,100_0010_0066.JPG,8192,8192,2815,2711,0.9630550621669627,330.9326171875,0.5625,0.5625,0.9589506983757019,False,ok,0.15479630000481848
D2_111_nadir,aliked-lightglue-r2048-k8192,aliked,lightglue,2048,8192,472,100_0010_0041.JPG,100_0010_0042.JPG,8192,8192,5620,5595,0.9955516014234875,682.9833984375,0.875,0.875,0.9889834523200989,False,ok,0.13077470001007896
D2_111_nadir,aliked-lightglue-r2048-k8192,aliked,lightglue,2048,8192,473,100_0010_0041.JPG,100_0010_0043.JPG,8192,8192,4193,4123,0.9833055091819699,503.2958984375,0.625,0.625,0.9886524677276611,False,ok,0.09689429998979904
D2_111_nadir,aliked-lightglue-r2048-k8192,aliked,lightglue,2048,8192,474,100_0010_0041.JPG,100_0010_0044.JPG,8192,8192,2771,2706,0.9765427643450018,330.322265625,0.5,0.5,0.9868038892745972,False,ok,0.12709239999821875
D2_111_nadir,aliked-lightglue-r2048-k8192,aliked,lightglue,2048,8192,475,100_0010_0041.JPG,100_0010_0045.JPG,8192,8192,1305,1251,0.9586206896551724,152.7099609375,0.25,0.25,0.9743980765342712,False,ok,0.12878009999985807
D2_111_nadir,aliked-lightglue-r2048-k8192,aliked,lightglue,2048,8192,476,100_0010_0041.JPG,100_0010_0046.JPG,8192,8192,211,105,0.4976303317535545,12.8173828125,0.15625,0.140625,0.5549151301383972,False,ok,0.1806676999985939
D2_111_nadir,aliked-lightglue-r2048-k8192,aliked,lightglue,2048,8192,477,100_0010_0041.JPG,100_0010_0047.JPG,8192,8192,144,16,0.1111111111111111,1.953125,0.140625,0.171875,0.23207569122314453,False,ok,0.23785180000413675
D2_111_nadir,aliked-lightglue-r2048-k8192,aliked,lightglue,2048,8192,478,100_0010_0041.JPG,100_0010_0048.JPG,8192,8192,178,15,0.08426966292134831,1.8310546875,0.140625,0.140625,0.24189826846122742,False,ok,0.11328839999623597
D2_111_nadir,aliked-lightglue-r2048-k8192,aliked,lightglue,2048,8192,479,100_0010_0041.JPG,100_0010_0049.JPG,8192,8192,132,11,0.08333333333333333,1.3427734375,0.140625,0.125,0.23126806318759918,True,ok,0.13138900000194553
D2_111_nadir,aliked-lightglue-r2048-k8192,aliked,lightglue,2048,8192,480,100_0010_0041.JPG,100_0010_0062.JPG,8192,8192,3536,3521,0.9957579185520362,429.8095703125,0.5625,0.5625,0.9880644083023071,False,ok,0.11035480001010001
D2_111_nadir,aliked-lightglue-r2048-k8192,aliked,lightglue,2048,8192,481,100_0010_0041.JPG,100_0010_0063.JPG,8192,8192,4297,4282,0.9965091924598557,522.705078125,0.6875,0.75,0.9894323348999023,False,ok,0.13381060000392608
D2_111_nadir,aliked-lightglue-r2048-k8192,aliked,lightglue,2048,8192,482,100_0010_0041.JPG,100_0010_0064.JPG,8192,8192,4401,4363,0.9913655987275619,532.5927734375,0.75,0.75,0.9819747805595398,False,ok,0.13581360000534914
D2_111_nadir,aliked-lightglue-r2048-k8192,aliked,lightglue,2048,8192,483,100_0010_0041.JPG,100_0010_0109.JPG,8192,8192,83,10,0.12048192771084337,1.220703125,0.125,0.140625,0.20644326508045197,True,ok,0.13282459999027196
D2_111_nadir,aliked-lightglue-r2048-k8192,aliked,lightglue,2048,8192,484,100_0010_0041.JPG,100_0010_0110.JPG,8192,8192,65,9,0.13846153846153847,1.0986328125,0.125,0.125,0.2234422117471695,True,ok,0.10630269999091979
D2_111_nadir,aliked-lightglue-r2048-k8192,aliked,lightglue,2048,8192,485,100_0010_0042.JPG,100_0010_0043.JPG,8192,8192,5501,5464,0.9932739501908744,666.9921875,0.875,0.875,0.9884458184242249,False,ok,0.12033110001357272
D2_111_nadir,aliked-lightglue-r2048-k8192,aliked,lightglue,2048,8192,486,100_0010_0042.JPG,100_0010_0044.JPG,8192,8192,4058,3994,0.984228684080828,487.548828125,0.640625,0.625,0.9894704222679138,False,ok,0.13382369998726062
D2_111_nadir,aliked-lightglue-r2048-k8192,aliked,lightglue,2048,8192,487,100_0010_0042.JPG,100_0010_0045.JPG,8192,8192,2663,2606,0.9785955689072474,318.115234375,0.515625,0.5,0.9890828728675842,False,ok,0.15433600000687875
D2_111_nadir,aliked-lightglue-r2048-k8192,aliked,lightglue,2048,8192,488,100_0010_0042.JPG,100_0010_0046.JPG,8192,8192,1519,1478,0.9730085582620145,180.419921875,0.25,0.25,0.980101466178894,False,ok,0.13554319999821018
D2_111_nadir,aliked-lightglue-r2048-k8192,aliked,lightglue,2048,8192,489,100_0010_0042.JPG,100_0010_0047.JPG,8192,8192,330,226,0.6848484848484848,27.587890625,0.125,0.109375,0.7828096151351929,False,ok,0.1735259999986738
D2_111_nadir,aliked-lightglue-r2048-k8192,aliked,lightglue,2048,8192,490,100_0010_0042.JPG,100_0010_0048.JPG,8192,8192,191,19,0.09947643979057591,2.3193359375,0.15625,0.125,0.24905817210674286,False,ok,0.13449539999419358
D2_111_nadir,aliked-lightglue-r2048-k8192,aliked,lightglue,2048,8192,491,100_0010_0042.JPG,100_0010_0049.JPG,8192,8192,94,11,0.11702127659574468,1.3427734375,0.109375,0.078125,0.23486430943012238,True,ok,0.11438519999501295
D2_111_nadir,aliked-lightglue-r2048-k8192,aliked,lightglue,2048,8192,492,100_0010_0042.JPG,100_0010_0050.JPG,8192,8192,75,9,0.12,1.0986328125,0.140625,0.125,0.2127021998167038,True,ok,0.1232336000102805
D2_111_nadir,aliked-lightglue-r2048-k8192,aliked,lightglue,2048,8192,493,100_0010_0042.JPG,100_0010_0062.JPG,8192,8192,4348,4321,0.9937902483900644,527.4658203125,0.75,0.75,0.9887412190437317,False,ok,0.11155829999188427
D2_111_nadir,aliked-lightglue-r2048-k8192,aliked,lightglue,2048,8192,494,100_0010_0042.JPG,100_0010_0063.JPG,8192,8192,4508,4474,0.9924578527062999,546.142578125,0.75,0.75,0.9865812659263611,False,ok,0.13958610000554472
D2_111_nadir,aliked-lightglue-r2048-k8192,aliked,lightglue,2048,8192,495,100_0010_0042.JPG,100_0010_0109.JPG,8192,8192,582,533,0.915807560137457,65.0634765625,0.09375,0.09375,0.9448553919792175,False,ok,0.11607760000333656
D2_111_nadir,aliked-lightglue-r2048-k8192,aliked,lightglue,2048,8192,496,100_0010_0042.JPG,100_0010_0110.JPG,8192,8192,46,9,0.1956521739130435,1.0986328125,0.140625,0.140625,0.22742977738380432,True,ok,0.1376520000048913
D2_111_nadir,aliked-lightglue-r2048-k8192,aliked,lightglue,2048,8192,497,100_0010_0042.JPG,100_0010_0111.JPG,8192,8192,55,9,0.16363636363636364,1.0986328125,0.140625,0.140625,0.21520952880382538,True,ok,0.10777109999617096
D2_111_nadir,aliked-lightglue-r2048-k8192,aliked,lightglue,2048,8192,498,100_0010_0043.JPG,100_0010_0044.JPG,8192,8192,5577,5556,0.9962345346960731,678.22265625,0.875,0.875,0.9871231317520142,False,ok,0.1145268000109354
D2_111_nadir,aliked-lightglue-r2048-k8192,aliked,lightglue,2048,8192,499,100_0010_0043.JPG,100_0010_0045.JPG,8192,8192,4097,4025,0.9824261654869416,491.3330078125,0.625,0.625,0.9871403574943542,False,ok,0.13185930000327062
D2_111_nadir,aliked-lightglue-r2048-k8192,aliked,lightglue,2048,8192,500,100_0010_0043.JPG,100_0010_0046.JPG,8192,8192,2931,2859,0.9754350051177073,348.9990234375,0.5,0.5,0.98468416929245,False,ok,0.14491499999712687
D2_111_nadir,aliked-lightglue-r2048-k8192,aliked,lightglue,2048,8192,501,100_0010_0043.JPG,100_0010_0047.JPG,8192,8192,1718,1665,0.9691501746216531,203.2470703125,0.25,0.234375,0.9792912602424622,False,ok,0.1187602000136394
D2_111_nadir,aliked-lightglue-r2048-k8192,aliked,lightglue,2048,8192,502,100_0010_0043.JPG,100_0010_0048.JPG,8192,8192,320,208,0.65,25.390625,0.125,0.125,0.7572439908981323,False,ok,0.1561546000011731
D2_111_nadir,aliked-lightglue-r2048-k8192,aliked,lightglue,2048,8192,503,100_0010_0043.JPG,100_0010_0049.JPG,8192,8192,106,10,0.09433962264150944,1.220703125,0.140625,0.09375,0.24149596691131592,True,ok,0.1428186000121059
D2_111_nadir,aliked-lightglue-r2048-k8192,aliked,lightglue,2048,8192,504,100_0010_0043.JPG,100_0010_0050.JPG,8192,8192,95,10,0.10526315789473684,1.220703125,0.140625,0.125,0.22570918500423431,True,ok,0.113560800004052
D2_111_nadir,aliked-lightglue-r2048-k8192,aliked,lightglue,2048,8192,505,100_0010_0043.JPG,100_0010_0051.JPG,8192,8192,108,11,0.10185185185185185,1.3427734375,0.140625,0.125,0.22686265408992767,True,ok,0.1357451000076253
D2_111_nadir,aliked-lightglue-r2048-k8192,aliked,lightglue,2048,8192,506,100_0010_0043.JPG,100_0010_0060.JPG,8192,8192,3538,3528,0.9971735443753533,430.6640625,0.5625,0.5625,0.9891482591629028,False,ok,0.11698589999286924
D2_111_nadir,aliked-lightglue-r2048-k8192,aliked,lightglue,2048,8192,507,100_0010_0043.JPG,100_0010_0061.JPG,8192,8192,4446,4426,0.9955015744489428,540.283203125,0.75,0.75,0.9892180562019348,False,ok,0.1299899000005098
D2_111_nadir,aliked-lightglue-r2048-k8192,aliked,lightglue,2048,8192,508,100_0010_0043.JPG,100_0010_0062.JPG,8192,8192,4474,4435,0.9912829682610639,541.3818359375,0.75,0.75,0.9878286719322205,False,ok,0.12623780001013074
D2_111_nadir,aliked-lightglue-r2048-k8192,aliked,lightglue,2048,8192,509,100_0010_0043.JPG,100_0010_0109.JPG,8192,8192,1579,1254,0.7941735275490817,153.076171875,0.3125,0.25,0.952745258808136,False,ok,0.14128830000117887
D2_111_nadir,aliked-lightglue-r2048-k8192,aliked,lightglue,2048,8192,510,100_0010_0043.JPG,100_0010_0110.JPG,8192,8192,914,790,0.8643326039387309,96.435546875,0.21875,0.203125,0.9249095320701599,False,ok,0.12348629999905825
D2_111_nadir,aliked-lightglue-r2048-k8192,aliked,lightglue,2048,8192,511,100_0010_0043.JPG,100_0010_0111.JPG,8192,8192,68,10,0.14705882352941177,1.220703125,0.125,0.140625,0.20926670730113983,True,ok,0.13027570000849664
D2_111_nadir,aliked-lightglue-r2048-k8192,aliked,lightglue,2048,8192,512,100_0010_0044.JPG,100_0010_0045.JPG,8192,8192,5508,5472,0.9934640522875817,667.96875,0.875,0.875,0.9885041117668152,False,ok,0.11685709998710081
D2_111_nadir,aliked-lightglue-r2048-k8192,aliked,lightglue,2048,8192,513,100_0010_0044.JPG,100_0010_0046.JPG,8192,8192,4273,4182,0.9787034870114674,510.498046875,0.625,0.640625,0.9848076105117798,False,ok,0.1464269999996759
D2_111_nadir,aliked-lightglue-r2048-k8192,aliked,lightglue,2048,8192,514,100_0010_0044.JPG,100_0010_0047.JPG,8192,8192,2965,2872,0.9686340640809443,350.5859375,0.5,0.5,0.9804322719573975,False,ok,0.12369480000052135
D2_111_nadir,aliked-lightglue-r2048-k8192,aliked,lightglue,2048,8192,515,100_0010_0044.JPG,100_0010_0048.JPG,8192,8192,1493,1383,0.9263228399196249,168.8232421875,0.25,0.25,0.9568053483963013,False,ok,0.13219120001303963
D2_111_nadir,aliked-lightglue-r2048-k8192,aliked,lightglue,2048,8192,516,100_0010_0044.JPG,100_0010_0049.JPG,8192,8192,314,193,0.6146496815286624,23.5595703125,0.125,0.125,0.7131925225257874,False,ok,0.1807083000021521
D2_111_nadir,aliked-lightglue-r2048-k8192,aliked,lightglue,2048,8192,517,100_0010_0044.JPG,100_0010_0050.JPG,8192,8192,89,12,0.1348314606741573,1.46484375,0.140625,0.140625,0.2213759869337082,True,ok,0.13287190000119153
D2_111_nadir,aliked-lightglue-r2048-k8192,aliked,lightglue,2048,8192,518,100_0010_0044.JPG,100_0010_0051.JPG,8192,8192,107,12,0.11214953271028037,1.46484375,0.109375,0.125,0.2473696768283844,True,ok,0.12830419999954756
D2_111_nadir,aliked-lightglue-r2048-k8192,aliked,lightglue,2048,8192,519,100_0010_0044.JPG,100_0010_0052.JPG,8192,8192,70,10,0.14285714285714285,1.220703125,0.140625,0.09375,0.24414917826652527,True,ok,0.10552040000038687
D2_111_nadir,aliked-lightglue-r2048-k8192,aliked,lightglue,2048,8192,520,100_0010_0044.JPG,100_0010_0059.JPG,8192,8192,3531,3498,0.9906542056074766,427.001953125,0.5625,0.5625,0.985076904296875,False,ok,0.12059979999321513
D2_111_nadir,aliked-lightglue-r2048-k8192,aliked,lightglue,2048,8192,521,100_0010_0044.JPG,100_0010_0060.JPG,8192,8192,4388,4353,0.9920237010027347,531.3720703125,0.75,0.75,0.9887450337409973,False,ok,0.13376260000222828
D2_111_nadir,aliked-lightglue-r2048-k8192,aliked,lightglue,2048,8192,522,100_0010_0044.JPG,100_0010_0061.JPG,8192,8192,4521,4488,0.9927007299270073,547.8515625,0.75,0.75,0.9869858622550964,False,ok,0.1492178999906173
D2_111_nadir,aliked-lightglue-r2048-k8192,aliked,lightglue,2048,8192,523,100_0010_0044.JPG,100_0010_0110.JPG,8192,8192,1792,1586,0.8850446428571429,193.603515625,0.34375,0.328125,0.964981734752655,False,ok,0.09418600000208244
D2_111_nadir,aliked-lightglue-r2048-k8192,aliked,lightglue,2048,8192,524,100_0010_0044.JPG,100_0010_0111.JPG,8192,8192,1190,1039,0.873109243697479,126.8310546875,0.25,0.234375,0.9607623815536499,False,ok,0.09745509999629576
D2_111_nadir,aliked-lightglue-r2048-k8192,aliked,lightglue,2048,8192,525,100_0010_0045.JPG,100_0010_0046.JPG,8192,8192,5794,5767,0.9953400069036935,703.9794921875,0.875,0.875,0.9859753847122192,False,ok,0.13692489999812096
D2_111_nadir,aliked-lightglue-r2048-k8192,aliked,lightglue,2048,8192,526,100_0010_0045.JPG,100_0010_0047.JPG,8192,8192,4446,4346,0.9775078722447144,530.517578125,0.625,0.625,0.9838409423828125,False,ok,0.12413890000607353
D2_111_nadir,aliked-lightglue-r2048-k8192,aliked,lightglue,2048,8192,527,100_0010_0045.JPG,100_0010_0048.JPG,8192,8192,2862,2715,0.9486373165618449,331.4208984375,0.5,0.5,0.9756971597671509,False,ok,0.12057430000277236
D2_111_nadir,aliked-lightglue-r2048-k8192,aliked,lightglue,2048,8192,528,100_0010_0045.JPG,100_0010_0049.JPG,8192,8192,1528,1410,0.9227748691099477,172.119140625,0.265625,0.25,0.9603239297866821,False,ok,0.12643290001142304
D2_111_nadir,aliked-lightglue-r2048-k8192,aliked,lightglue,2048,8192,529,100_0010_0045.JPG,100_0010_0050.JPG,8192,8192,279,228,0.8172043010752689,27.83203125,0.125,0.109375,0.8500780463218689,False,ok,0.1924730000027921
D2_111_nadir,aliked-lightglue-r2048-k8192,aliked,lightglue,2048,8192,530,100_0010_0045.JPG,100_0010_0051.JPG,8192,8192,135,17,0.1259259259259259,2.0751953125,0.171875,0.140625,0.24075685441493988,False,ok,0.14931560000695754
D2_111_nadir,aliked-lightglue-r2048-k8192,aliked,lightglue,2048,8192,531,100_0010_0045.JPG,100_0010_0052.JPG,8192,8192,70,10,0.14285714285714285,1.220703125,0.140625,0.15625,0.2327428013086319,True,ok,0.10696010000538081
D2_111_nadir,aliked-lightglue-r2048-k8192,aliked,lightglue,2048,8192,532,100_0010_0045.JPG,100_0010_0053.JPG,8192,8192,69,10,0.14492753623188406,1.220703125,0.125,0.09375,0.22210893034934998,True,ok,0.12533729999267962
D2_111_nadir,aliked-lightglue-r2048-k8192,aliked,lightglue,2048,8192,533,100_0010_0045.JPG,100_0010_0058.JPG,8192,8192,3789,3741,0.9873317498020586,456.6650390625,0.5625,0.5625,0.9796279668807983,False,ok,0.12383369999588467
D2_111_nadir,aliked-lightglue-r2048-k8192,aliked,lightglue,2048,8192,534,100_0010_0045.JPG,100_0010_0059.JPG,8192,8192,4487,4444,0.990416759527524,542.48046875,0.75,0.75,0.9864996075630188,False,ok,0.1439271999988705
D2_111_nadir,aliked-lightglue-r2048-k8192,aliked,lightglue,2048,8192,535,100_0010_0045.JPG,100_0010_0060.JPG,8192,8192,4481,4440,0.9908502566391431,541.9921875,0.75,0.75,0.988549530506134,False,ok,0.11930570000549778
D2_111_nadir,aliked-lightglue-r2048-k8192,aliked,lightglue,2048,8192,536,100_0010_0045.JPG,100_0010_0110.JPG,8192,8192,2594,2278,0.8781804163454124,278.076171875,0.578125,0.421875,0.967048704624176,False,ok,0.09348989999853075
D2_111_nadir,aliked-lightglue-r2048-k8192,aliked,lightglue,2048,8192,537,100_0010_0045.JPG,100_0010_0111.JPG,8192,8192,2073,1783,0.8601061263868789,217.6513671875,0.5,0.34375,0.9609081149101257,False,ok,0.1257493000011891
D2_111_nadir,aliked-lightglue-r2048-k8192,aliked,lightglue,2048,8192,538,100_0010_0046.JPG,100_0010_0047.JPG,8192,8192,5923,5879,0.992571332095222,717.6513671875,0.875,0.875,0.9841561317443848,False,ok,0.13924720000068191
D2_111_nadir,aliked-lightglue-r2048-k8192,aliked,lightglue,2048,8192,539,100_0010_0046.JPG,100_0010_0048.JPG,8192,8192,4172,4053,0.9714765100671141,494.7509765625,0.625,0.625,0.9816277623176575,False,ok,0.13472360000014305
D2_111_nadir,aliked-lightglue-r2048-k8192,aliked,lightglue,2048,8192,540,100_0010_0046.JPG,100_0010_0049.JPG,8192,8192,2650,2517,0.949811320754717,307.2509765625,0.5,0.5,0.9790427088737488,False,ok,0.12691439999616705
D2_111_nadir,aliked-lightglue-r2048-k8192,aliked,lightglue,2048,8192,541,100_0010_0046.JPG,100_0010_0050.JPG,8192,8192,1319,1228,0.931008339651251,149.90234375,0.25,0.25,0.9636291265487671,False,ok,0.1338577999995323
D2_111_nadir,aliked-lightglue-r2048-k8192,aliked,lightglue,2048,8192,542,100_0010_0046.JPG,100_0010_0051.JPG,8192,8192,391,307,0.7851662404092071,37.4755859375,0.140625,0.140625,0.8771291971206665,False,ok,0.1623775000043679
D2_111_nadir,aliked-lightglue-r2048-k8192,aliked,lightglue,2048,8192,543,100_0010_0046.JPG,100_0010_0052.JPG,8192,8192,418,351,0.8397129186602871,42.8466796875,0.109375,0.125,0.8240149021148682,False,ok,0.13110969999979716
D2_111_nadir,aliked-lightglue-r2048-k8192,aliked,lightglue,2048,8192,544,100_0010_0046.JPG,100_0010_0053.JPG,8192,8192,393,328,0.8346055979643766,40.0390625,0.109375,0.109375,0.8544577360153198,False,ok,0.13333739999507088
D2_111_nadir,aliked-lightglue-r2048-k8192,aliked,lightglue,2048,8192,545,100_0010_0046.JPG,100_0010_0054.JPG,8192,8192,414,362,0.8743961352657005,44.189453125,0.109375,0.09375,0.8771638870239258,False,ok,0.13367169999401085
D2_111_nadir,aliked-lightglue-r2048-k8192,aliked,lightglue,2048,8192,546,100_0010_0046.JPG,100_0010_0057.JPG,8192,8192,3592,3551,0.9885857461024499,433.4716796875,0.5625,0.5625,0.9822794795036316,False,ok,0.13768860000709537
D2_111_nadir,aliked-lightglue-r2048-k8192,aliked,lightglue,2048,8192,547,100_0010_0046.JPG,100_0010_0058.JPG,8192,8192,4683,4644,0.9916720051249199,566.89453125,0.75,0.671875,0.9838194847106934,False,ok,0.13238760000967886
D2_111_nadir,aliked-lightglue-r2048-k8192,aliked,lightglue,2048,8192,548,100_0010_0046.JPG,100_0010_0059.JPG,8192,8192,4658,4609,0.9894804637183341,562.6220703125,0.75,0.75,0.9845022559165955,False,ok,0.11743230000138283
D2_111_nadir,aliked-lightglue-r2048-k8192,aliked,lightglue,2048,8192,549,100_0010_0046.JPG,100_0010_0060.JPG,8192,8192,3613,3574,0.9892056462773319,436.279296875,0.5625,0.5625,0.9856083989143372,False,ok,0.14734239999961574
D2_111_nadir,aliked-lightglue-r2048-k8192,aliked,lightglue,2048,8192,550,100_0010_0046.JPG,100_0010_0111.JPG,8192,8192,2804,2399,0.8555634807417974,292.8466796875,0.625,0.453125,0.9536331295967102,False,ok,0.12268140001106076
D2_111_nadir,aliked-lightglue-r2048-k8192,aliked,lightglue,2048,8192,551,100_0010_0047.JPG,100_0010_0048.JPG,8192,8192,5431,5344,0.9839808506720678,652.34375,0.875,0.859375,0.9748578667640686,False,ok,0.14964069999405183
D2_111_nadir,aliked-lightglue-r2048-k8192,aliked,lightglue,2048,8192,552,100_0010_0047.JPG,100_0010_0049.JPG,8192,8192,3622,3494,0.9646604086140254,426.513671875,0.625,0.625,0.9722907543182373,False,ok,0.12865090000559576
D2_111_nadir,aliked-lightglue-r2048-k8192,aliked,lightglue,2048,8192,553,100_0010_0047.JPG,100_0010_0050.JPG,8192,8192,1985,1838,0.9259445843828715,224.365234375,0.5,0.484375,0.9545930624008179,False,ok,0.10903019999386743
D2_111_nadir,aliked-lightglue-r2048-k8192,aliked,lightglue,2048,8192,554,100_0010_0047.JPG,100_0010_0051.JPG,8192,8192,810,692,0.854320987654321,84.47265625,0.390625,0.328125,0.8836784362792969,False,ok,0.13066120000439696
D2_111_nadir,aliked-lightglue-r2048-k8192,aliked,lightglue,2048,8192,555,100_0010_0047.JPG,100_0010_0052.JPG,8192,8192,801,709,0.885143570536829,86.5478515625,0.34375,0.328125,0.8933855295181274,False,ok,0.1525582000031136
D2_111_nadir,aliked-lightglue-r2048-k8192,aliked,lightglue,2048,8192,556,100_0010_0047.JPG,100_0010_0053.JPG,8192,8192,730,653,0.8945205479452055,79.7119140625,0.328125,0.265625,0.8995936512947083,False,ok,0.13150909999967553
D2_111_nadir,aliked-lightglue-r2048-k8192,aliked,lightglue,2048,8192,557,100_0010_0047.JPG,100_0010_0054.JPG,8192,8192,746,661,0.886058981233244,80.6884765625,0.3125,0.25,0.9070640802383423,False,ok,0.13540680000733119
D2_111_nadir,aliked-lightglue-r2048-k8192,aliked,lightglue,2048,8192,558,100_0010_0047.JPG,100_0010_0055.JPG,8192,8192,2088,1973,0.9449233716475096,240.8447265625,0.4375,0.390625,0.9622447490692139,False,ok,0.13720359999570064
D2_111_nadir,aliked-lightglue-r2048-k8192,aliked,lightglue,2048,8192,559,100_0010_0047.JPG,100_0010_0056.JPG,8192,8192,3122,3055,0.978539397821909,372.9248046875,0.5625,0.5625,0.9731006026268005,False,ok,0.15309979999437928
D2_111_nadir,aliked-lightglue-r2048-k8192,aliked,lightglue,2048,8192,560,100_0010_0047.JPG,100_0010_0057.JPG,8192,8192,4410,4358,0.9882086167800453,531.982421875,0.75,0.65625,0.9782994985580444,False,ok,0.13073000000440516
D2_111_nadir,aliked-lightglue-r2048-k8192,aliked,lightglue,2048,8192,561,100_0010_0047.JPG,100_0010_0058.JPG,8192,8192,4736,4680,0.9881756756756757,571.2890625,0.75,0.75,0.9829685091972351,False,ok,0.1214932000002591
D2_111_nadir,aliked-lightglue-r2048-k8192,aliked,lightglue,2048,8192,562,100_0010_0047.JPG,100_0010_0059.JPG,8192,8192,3879,3825,0.9860788863109049,466.9189453125,0.5625,0.5625,0.9819294214248657,False,ok,0.12563029999728315
D2_111_nadir,aliked-lightglue-r2048-k8192,aliked,lightglue,2048,8192,563,100_0010_0048.JPG,100_0010_0049.JPG,8192,8192,5419,5325,0.9826536261302823,650.0244140625,0.875,0.875,0.9729853272438049,False,ok,0.1244072999979835
D2_111_nadir,aliked-lightglue-r2048-k8192,aliked,lightglue,2048,8192,564,100_0010_0048.JPG,100_0010_0050.JPG,8192,8192,3490,3302,0.9461318051575931,403.076171875,0.625,0.625,0.9705464839935303,False,ok,0.13044940000690985
D2_111_nadir,aliked-lightglue-r2048-k8192,aliked,lightglue,2048,8192,565,100_0010_0048.JPG,100_0010_0051.JPG,8192,8192,2145,1988,0.9268065268065268,242.67578125,0.5,0.5,0.9574413299560547,False,ok,0.1389532000030158
D2_111_nadir,aliked-lightglue-r2048-k8192,aliked,lightglue,2048,8192,566,100_0010_0048.JPG,100_0010_0052.JPG,8192,8192,2048,1921,0.93798828125,234.4970703125,0.453125,0.453125,0.9578857421875,False,ok,0.13782699999865144
D2_111_nadir,aliked-lightglue-r2048-k8192,aliked,lightglue,2048,8192,567,100_0010_0048.JPG,100_0010_0053.JPG,8192,8192,1716,1600,0.9324009324009324,195.3125,0.421875,0.390625,0.9496309757232666,False,ok,0.13383729998895433
D2_111_nadir,aliked-lightglue-r2048-k8192,aliked,lightglue,2048,8192,568,100_0010_0048.JPG,100_0010_0054.JPG,8192,8192,1683,1573,0.934640522875817,192.0166015625,0.375,0.375,0.952172577381134,False,ok,0.12408500000310596
D2_111_nadir,aliked-lightglue-r2048-k8192,aliked,lightglue,2048,8192,569,100_0010_0048.JPG,100_0010_0055.JPG,8192,8192,3077,3016,0.9801754956126096,368.1640625,0.578125,0.578125,0.9692717790603638,False,ok,0.13114569999743253
D2_111_nadir,aliked-lightglue-r2048-k8192,aliked,lightglue,2048,8192,570,100_0010_0048.JPG,100_0010_0056.JPG,8192,8192,4227,4174,0.9874615566595695,509.521484375,0.734375,0.71875,0.9720695614814758,False,ok,0.1307366999972146
D2_111_nadir,aliked-lightglue-r2048-k8192,aliked,lightglue,2048,8192,571,100_0010_0048.JPG,100_0010_0057.JPG,8192,8192,4462,4363,0.9778126400717168,532.5927734375,0.75,0.75,0.9696983098983765,False,ok,0.11031540000112727
D2_111_nadir,aliked-lightglue-r2048-k8192,aliked,lightglue,2048,8192,572,100_0010_0048.JPG,100_0010_0058.JPG,8192,8192,3455,3385,0.9797395079594791,413.2080078125,0.5625,0.5625,0.9771955013275146,False,ok,0.135459199998877
D2_111_nadir,aliked-lightglue-r2048-k8192,aliked,lightglue,2048,8192,573,100_0010_0049.JPG,100_0010_0050.JPG,8192,8192,5212,5135,0.9852264006139677,626.8310546875,0.875,0.875,0.9768449664115906,False,ok,0.13013030000729486
D2_111_nadir,aliked-lightglue-r2048-k8192,aliked,lightglue,2048,8192,574,100_0010_0049.JPG,100_0010_0051.JPG,8192,8192,3751,3598,0.9592108770994402,439.208984375,0.75,0.75,0.9718679189682007,False,ok,0.12120670000149403
D2_111_nadir,aliked-lightglue-r2048-k8192,aliked,lightglue,2048,8192,575,100_0010_0049.JPG,100_0010_0052.JPG,8192,8192,3412,3290,0.9642438452520515,401.611328125,0.65625,0.65625,0.9689317345619202,False,ok,0.12341079999168869
D2_111_nadir,aliked-lightglue-r2048-k8192,aliked,lightglue,2048,8192,576,100_0010_0049.JPG,100_0010_0053.JPG,8192,8192,2735,2654,0.9703839122486289,323.974609375,0.609375,0.5625,0.9652235507965088,False,ok,0.1289156999991974
D2_111_nadir,aliked-lightglue-r2048-k8192,aliked,lightglue,2048,8192,577,100_0010_0049.JPG,100_0010_0054.JPG,8192,8192,2719,2648,0.9738874586244943,323.2421875,0.5625,0.5625,0.966474175453186,False,ok,0.14580430000205524
D2_111_nadir,aliked-lightglue-r2048-k8192,aliked,lightglue,2048,8192,578,100_0010_0049.JPG,100_0010_0055.JPG,8192,8192,4152,4097,0.9867533718689788,500.1220703125,0.734375,0.734375,0.9715691208839417,False,ok,0.12276640000345651
D2_111_nadir,aliked-lightglue-r2048-k8192,aliked,lightglue,2048,8192,579,100_0010_0049.JPG,100_0010_0056.JPG,8192,8192,4379,4305,0.9831011646494634,525.5126953125,0.75,0.75,0.9710965156555176,False,ok,0.1322037000063574
D2_111_nadir,aliked-lightglue-r2048-k8192,aliked,lightglue,2048,8192,580,100_0010_0049.JPG,100_0010_0057.JPG,8192,8192,3257,3156,0.9689898679766656,385.25390625,0.5625,0.5625,0.9653154611587524,False,ok,0.14032469999801833
D2_111_nadir,aliked-lightglue-r2048-k8192,aliked,lightglue,2048,8192,581,100_0010_0050.JPG,100_0010_0051.JPG,8192,8192,5719,5643,0.9867109634551495,688.8427734375,0.875,0.875,0.9772047400474548,False,ok,0.12960020000173245
D2_111_nadir,aliked-lightglue-r2048-k8192,aliked,lightglue,2048,8192,582,100_0010_0050.JPG,100_0010_0052.JPG,8192,8192,4981,4930,0.9897610921501706,601.806640625,0.765625,0.765625,0.9741132259368896,False,ok,0.12419780000345781
D2_111_nadir,aliked-lightglue-r2048-k8192,aliked,lightglue,2048,8192,583,100_0010_0050.JPG,100_0010_0053.JPG,8192,8192,4011,3948,0.9842931937172775,481.93359375,0.65625,0.65625,0.9734700322151184,False,ok,0.12190060000284575
D2_111_nadir,aliked-lightglue-r2048-k8192,aliked,lightglue,2048,8192,584,100_0010_0050.JPG,100_0010_0054.JPG,8192,8192,3954,3893,0.9845725847243298,475.2197265625,0.703125,0.65625,0.9737735390663147,False,ok,0.12750569998752326
D2_111_nadir,aliked-lightglue-r2048-k8192,aliked,lightglue,2048,8192,585,100_0010_0050.JPG,100_0010_0055.JPG,8192,8192,4237,4156,0.9808827000236016,507.32421875,0.75,0.75,0.9736860394477844,False,ok,0.1413094000017736
D2_111_nadir,aliked-lightglue-r2048-k8192,aliked,lightglue,2048,8192,586,100_0010_0050.JPG,100_0010_0056.JPG,8192,8192,3045,2967,0.9743842364532019,362.1826171875,0.5625,0.5625,0.9708578586578369,False,ok,0.12691829999675974
D2_111_nadir,aliked-lightglue-r2048-k8192,aliked,lightglue,2048,8192,587,100_0010_0050.JPG,100_0010_0057.JPG,8192,8192,2000,1874,0.937,228.759765625,0.46875,0.46875,0.9481164216995239,False,ok,0.13154430000577122
D2_111_nadir,aliked-lightglue-r2048-k8192,aliked,lightglue,2048,8192,588,100_0010_0050.JPG,100_0010_0058.JPG,8192,8192,1225,1125,0.9183673469387755,137.3291015625,0.28125,0.28125,0.9494962692260742,False,ok,0.13383530000282917
D2_111_nadir,aliked-lightglue-r2048-k8192,aliked,lightglue,2048,8192,589,100_0010_0051.JPG,100_0010_0052.JPG,8192,8192,6242,6185,0.9908683114386415,755.0048828125,0.875,0.875,0.9758803248405457,False,ok,0.14147270000830758
D2_111_nadir,aliked-lightglue-r2048-k8192,aliked,lightglue,2048,8192,590,100_0010_0051.JPG,100_0010_0053.JPG,8192,8192,4999,4897,0.9795959191838368,597.7783203125,0.75,0.75,0.9735584855079651,False,ok,0.11958359999698587
D2_111_nadir,aliked-lightglue-r2048-k8192,aliked,lightglue,2048,8192,591,100_0010_0051.JPG,100_0010_0054.JPG,8192,8192,4788,4695,0.9805764411027569,573.1201171875,0.75,0.75,0.9746041893959045,False,ok,0.12047350000648294
D2_111_nadir,aliked-lightglue-r2048-k8192,aliked,lightglue,2048,8192,592,100_0010_0051.JPG,100_0010_0055.JPG,8192,8192,3234,3151,0.974335188620903,384.6435546875,0.65625,0.65625,0.9680980443954468,False,ok,0.12655119999544695
D2_111_nadir,aliked-lightglue-r2048-k8192,aliked,lightglue,2048,8192,593,100_0010_0051.JPG,100_0010_0056.JPG,8192,8192,2084,1992,0.9558541266794626,243.1640625,0.46875,0.46875,0.9601734280586243,False,ok,0.13872509999782778
D2_111_nadir,aliked-lightglue-r2048-k8192,aliked,lightglue,2048,8192,594,100_0010_0051.JPG,100_0010_0057.JPG,8192,8192,1121,954,0.8510258697591436,116.455078125,0.375,0.375,0.8855730295181274,False,ok,0.13776040000084322
D2_111_nadir,aliked-lightglue-r2048-k8192,aliked,lightglue,2048,8192,595,100_0010_0051.JPG,100_0010_0058.JPG,8192,8192,442,376,0.8506787330316742,45.8984375,0.1875,0.1875,0.8347259163856506,False,ok,0.13564279999991413
D2_111_nadir,aliked-lightglue-r2048-k8192,aliked,lightglue,2048,8192,596,100_0010_0051.JPG,100_0010_0059.JPG,8192,8192,58,9,0.15517241379310345,1.0986328125,0.140625,0.140625,0.1954510509967804,True,ok,0.12752029999683145
D2_111_nadir,aliked-lightglue-r2048-k8192,aliked,lightglue,2048,8192,597,100_0010_0052.JPG,100_0010_0053.JPG,8192,8192,6208,6167,0.993395618556701,752.8076171875,0.96875,0.9375,0.9783037304878235,False,ok,0.14000420000229497
D2_111_nadir,aliked-lightglue-r2048-k8192,aliked,lightglue,2048,8192,598,100_0010_0052.JPG,100_0010_0054.JPG,8192,8192,6043,5990,0.9912295217607149,731.201171875,0.875,0.875,0.9779829978942871,False,ok,0.11637350000091828
D2_111_nadir,aliked-lightglue-r2048-k8192,aliked,lightglue,2048,8192,599,100_0010_0052.JPG,100_0010_0055.JPG,8192,8192,4067,3978,0.9781165478239489,485.595703125,0.765625,0.765625,0.9731118679046631,False,ok,0.12562500000058208
D2_111_nadir,aliked-lightglue-r2048-k8192,aliked,lightglue,2048,8192,600,100_0010_0052.JPG,100_0010_0056.JPG,8192,8192,2656,2515,0.9469126506024096,307.0068359375,0.546875,0.546875,0.9589049816131592,False,ok,0.13513809999858495
D2_111_nadir,aliked-lightglue-r2048-k8192,aliked,lightglue,2048,8192,601,100_0010_0052.JPG,100_0010_0057.JPG,8192,8192,1404,1228,0.8746438746438746,149.90234375,0.4375,0.4375,0.9103186726570129,False,ok,0.13938939999206923
D2_111_nadir,aliked-lightglue-r2048-k8192,aliked,lightglue,2048,8192,602,100_0010_0052.JPG,100_0010_0058.JPG,8192,8192,621,539,0.8679549114331723,65.7958984375,0.21875,0.21875,0.8833354711532593,False,ok,0.13388259999919683
D2_111_nadir,aliked-lightglue-r2048-k8192,aliked,lightglue,2048,8192,603,100_0010_0052.JPG,100_0010_0059.JPG,8192,8192,93,33,0.3548387096774194,4.0283203125,0.0625,0.09375,0.3483958840370178,False,ok,0.13485009998839814
D2_111_nadir,aliked-lightglue-r2048-k8192,aliked,lightglue,2048,8192,604,100_0010_0052.JPG,100_0010_0060.JPG,8192,8192,62,10,0.16129032258064516,1.220703125,0.140625,0.15625,0.23398926854133606,True,ok,0.11139710000134073
D2_111_nadir,aliked-lightglue-r2048-k8192,aliked,lightglue,2048,8192,605,100_0010_0052.JPG,100_0010_0084.JPG,8192,8192,3496,3394,0.9708237986270023,414.306640625,0.625,0.625,0.9684359431266785,False,ok,0.12235929998860229
D2_111_nadir,aliked-lightglue-r2048-k8192,aliked,lightglue,2048,8192,606,100_0010_0052.JPG,100_0010_0085.JPG,8192,8192,3830,3736,0.9754569190600523,456.0546875,0.625,0.625,0.975823163986206,False,ok,0.12063920000218786
D2_111_nadir,aliked-lightglue-r2048-k8192,aliked,lightglue,2048,8192,607,100_0010_0053.JPG,100_0010_0054.JPG,8192,8192,7181,7163,0.9974933853223785,874.3896484375,1.0,1.0,0.9804887175559998,False,ok,0.14163659999030642
D2_111_nadir,aliked-lightglue-r2048-k8192,aliked,lightglue,2048,8192,608,100_0010_0053.JPG,100_0010_0055.JPG,8192,8192,4768,4660,0.9773489932885906,568.84765625,0.875,0.875,0.9743260145187378,False,ok,0.11996460000227671
D2_111_nadir,aliked-lightglue-r2048-k8192,aliked,lightglue,2048,8192,609,100_0010_0053.JPG,100_0010_0056.JPG,8192,8192,3082,2888,0.9370538611291369,352.5390625,0.625,0.625,0.9581423401832581,False,ok,0.11662559999967925
D2_111_nadir,aliked-lightglue-r2048-k8192,aliked,lightglue,2048,8192,610,100_0010_0053.JPG,100_0010_0057.JPG,8192,8192,1577,1399,0.8871274571972099,170.7763671875,0.5,0.5,0.9156106114387512,False,ok,0.12091650000365917
D2_111_nadir,aliked-lightglue-r2048-k8192,aliked,lightglue,2048,8192,611,100_0010_0053.JPG,100_0010_0058.JPG,8192,8192,704,638,0.90625,77.880859375,0.25,0.25,0.9118499755859375,False,ok,0.13106250000419095
D2_111_nadir,aliked-lightglue-r2048-k8192,aliked,lightglue,2048,8192,612,100_0010_0053.JPG,100_0010_0059.JPG,8192,8192,55,11,0.2,1.3427734375,0.109375,0.078125,0.2113635540008545,True,ok,0.1340937000059057
D2_111_nadir,aliked-lightglue-r2048-k8192,aliked,lightglue,2048,8192,613,100_0010_0053.JPG,100_0010_0060.JPG,8192,8192,78,10,0.1282051282051282,1.220703125,0.140625,0.140625,0.1960771083831787,True,ok,0.12341320000996348
D2_111_nadir,aliked-lightglue-r2048-k8192,aliked,lightglue,2048,8192,614,100_0010_0053.JPG,100_0010_0061.JPG,8192,8192,73,9,0.1232876712328767,1.0986328125,0.109375,0.109375,0.23855462670326233,True,ok,0.10369099999661557
D2_111_nadir,aliked-lightglue-r2048-k8192,aliked,lightglue,2048,8192,615,100_0010_0053.JPG,100_0010_0083.JPG,8192,8192,3080,2994,0.9720779220779221,365.478515625,0.5625,0.5625,0.9587901830673218,False,ok,0.12419439999212045
D2_111_nadir,aliked-lightglue-r2048-k8192,aliked,lightglue,2048,8192,616,100_0010_0053.JPG,100_0010_0084.JPG,8192,8192,4407,4327,0.9818470614930792,528.1982421875,0.75,0.75,0.9741746187210083,False,ok,0.1413443999917945
D2_111_nadir,aliked-lightglue-r2048-k8192,aliked,lightglue,2048,8192,617,100_0010_0053.JPG,100_0010_0085.JPG,8192,8192,4830,4738,0.9809523809523809,578.369140625,0.75,0.75,0.9762856960296631,False,ok,0.15221159999782685
D2_111_nadir,aliked-lightglue-r2048-k8192,aliked,lightglue,2048,8192,618,100_0010_0054.JPG,100_0010_0055.JPG,8192,8192,4904,4790,0.9767536704730831,584.716796875,0.875,0.875,0.9761943817138672,False,ok,0.13140510000812355
D2_111_nadir,aliked-lightglue-r2048-k8192,aliked,lightglue,2048,8192,619,100_0010_0054.JPG,100_0010_0056.JPG,8192,8192,3176,2968,0.9345088161209067,362.3046875,0.625,0.625,0.9618967175483704,False,ok,0.13117910000437405
D2_111_nadir,aliked-lightglue-r2048-k8192,aliked,lightglue,2048,8192,620,100_0010_0054.JPG,100_0010_0057.JPG,8192,8192,1607,1426,0.8873677660236465,174.072265625,0.5,0.5,0.918545663356781,False,ok,0.1425197000062326
D2_111_nadir,aliked-lightglue-r2048-k8192,aliked,lightglue,2048,8192,621,100_0010_0054.JPG,100_0010_0058.JPG,8192,8192,749,673,0.8985313751668892,82.1533203125,0.25,0.25,0.9175306558609009,False,ok,0.1038000000116881
D2_111_nadir,aliked-lightglue-r2048-k8192,aliked,lightglue,2048,8192,622,100_0010_0054.JPG,100_0010_0059.JPG,8192,8192,127,65,0.5118110236220472,7.9345703125,0.125,0.109375,0.383024662733078,False,ok,0.1418478999985382
D2_111_nadir,aliked-lightglue-r2048-k8192,aliked,lightglue,2048,8192,623,100_0010_0054.JPG,100_0010_0060.JPG,8192,8192,67,10,0.14925373134328357,1.220703125,0.109375,0.09375,0.18197597563266754,True,ok,0.13249040000664536
D2_111_nadir,aliked-lightglue-r2048-k8192,aliked,lightglue,2048,8192,624,100_0010_0054.JPG,100_0010_0061.JPG,8192,8192,64,9,0.140625,1.0986328125,0.109375,0.109375,0.22416478395462036,True,ok,0.12714229999983218
D2_111_nadir,aliked-lightglue-r2048-k8192,aliked,lightglue,2048,8192,625,100_0010_0054.JPG,100_0010_0062.JPG,8192,8192,79,10,0.12658227848101267,1.220703125,0.125,0.140625,0.2124301791191101,True,ok,0.11249070000485517
D2_111_nadir,aliked-lightglue-r2048-k8192,aliked,lightglue,2048,8192,626,100_0010_0054.JPG,100_0010_0083.JPG,8192,8192,3209,3116,0.9710190090370832,380.37109375,0.5625,0.5625,0.9597753882408142,False,ok,0.13764630000514444
D2_111_nadir,aliked-lightglue-r2048-k8192,aliked,lightglue,2048,8192,627,100_0010_0054.JPG,100_0010_0084.JPG,8192,8192,4556,4476,0.9824407374890255,546.38671875,0.75,0.75,0.9747545123100281,False,ok,0.13869390000763815
D2_111_nadir,aliked-lightglue-r2048-k8192,aliked,lightglue,2048,8192,628,100_0010_0054.JPG,100_0010_0085.JPG,8192,8192,4970,4864,0.9786720321931589,593.75,0.75,0.75,0.976060688495636,False,ok,0.1331441999936942
D2_111_nadir,aliked-lightglue-r2048-k8192,aliked,lightglue,2048,8192,629,100_0010_0054.JPG,100_0010_0086.JPG,8192,8192,3822,3713,0.9714809000523287,453.2470703125,0.625,0.625,0.9697986841201782,False,ok,0.12562659999821335
D2_111_nadir,aliked-lightglue-r2048-k8192,aliked,lightglue,2048,8192,630,100_0010_0054.JPG,100_0010_0087.JPG,8192,8192,2978,2855,0.9586971121558092,348.5107421875,0.5,0.5,0.9588804841041565,False,ok,0.13963710000098217
D2_111_nadir,aliked-lightglue-r2048-k8192,aliked,lightglue,2048,8192,631,100_0010_0054.JPG,100_0010_0088.JPG,8192,8192,2829,2698,0.9536938847649346,329.345703125,0.5,0.5,0.9569278359413147,False,ok,0.14359420000982936
D2_111_nadir,aliked-lightglue-r2048-k8192,aliked,lightglue,2048,8192,632,100_0010_0055.JPG,100_0010_0056.JPG,8192,8192,5264,5159,0.9800531914893617,629.7607421875,0.875,0.875,0.9729272127151489,False,ok,0.14082929999858607
D2_111_nadir,aliked-lightglue-r2048-k8192,aliked,lightglue,2048,8192,633,100_0010_0055.JPG,100_0010_0057.JPG,8192,8192,3445,3272,0.9497822931785196,399.4140625,0.671875,0.671875,0.9612196683883667,False,ok,0.12685459999192972
D2_111_nadir,aliked-lightglue-r2048-k8192,aliked,lightglue,2048,8192,634,100_0010_0055.JPG,100_0010_0058.JPG,8192,8192,2354,2243,0.9528462192013594,273.8037109375,0.5,0.5,0.9722610116004944,False,ok,0.12662990001263097
D2_111_nadir,aliked-lightglue-r2048-k8192,aliked,lightglue,2048,8192,635,100_0010_0055.JPG,100_0010_0059.JPG,8192,8192,1630,1516,0.9300613496932515,185.05859375,0.296875,0.28125,0.9659967422485352,False,ok,0.1660361000103876
D2_111_nadir,aliked-lightglue-r2048-k8192,aliked,lightglue,2048,8192,636,100_0010_0055.JPG,100_0010_0060.JPG,8192,8192,395,320,0.810126582278481,39.0625,0.125,0.125,0.8976268768310547,False,ok,0.11900520000199322
D2_111_nadir,aliked-lightglue-r2048-k8192,aliked,lightglue,2048,8192,637,100_0010_0055.JPG,100_0010_0061.JPG,8192,8192,68,9,0.1323529411764706,1.0986328125,0.140625,0.125,0.2087019979953766,True,ok,0.12859670000034384
D2_111_nadir,aliked-lightglue-r2048-k8192,aliked,lightglue,2048,8192,638,100_0010_0055.JPG,100_0010_0062.JPG,8192,8192,83,10,0.12048192771084337,1.220703125,0.109375,0.15625,0.19927601516246796,True,ok,0.11835180000343826
D2_111_nadir,aliked-lightglue-r2048-k8192,aliked,lightglue,2048,8192,639,100_0010_0055.JPG,100_0010_0063.JPG,8192,8192,72,9,0.125,1.0986328125,0.109375,0.09375,0.25521978735923767,True,ok,0.13129340000159573
D2_111_nadir,aliked-lightglue-r2048-k8192,aliked,lightglue,2048,8192,640,100_0010_0055.JPG,100_0010_0082.JPG,8192,8192,3389,3294,0.9719681321923871,402.099609375,0.625,0.625,0.9613072276115417,False,ok,0.11217120000219438
D2_111_nadir,aliked-lightglue-r2048-k8192,aliked,lightglue,2048,8192,641,100_0010_0055.JPG,100_0010_0083.JPG,8192,8192,4742,4637,0.9778574441164066,566.0400390625,0.75,0.75,0.9659529328346252,False,ok,0.1375127000064822
D2_111_nadir,aliked-lightglue-r2048-k8192,aliked,lightglue,2048,8192,642,100_0010_0055.JPG,100_0010_0084.JPG,8192,8192,4183,4096,0.9792015300023906,500.0,0.671875,0.65625,0.9653764963150024,False,ok,0.13167750000138767
D2_111_nadir,aliked-lightglue-r2048-k8192,aliked,lightglue,2048,8192,643,100_0010_0055.JPG,100_0010_0085.JPG,8192,8192,3611,3513,0.9728607034062586,428.8330078125,0.65625,0.65625,0.9675257205963135,False,ok,0.14269789999525528
D2_111_nadir,aliked-lightglue-r2048-k8192,aliked,lightglue,2048,8192,644,100_0010_0055.JPG,100_0010_0086.JPG,8192,8192,2902,2779,0.9576154376292212,339.2333984375,0.546875,0.546875,0.9510986804962158,False,ok,0.13366389999282546
D2_111_nadir,aliked-lightglue-r2048-k8192,aliked,lightglue,2048,8192,645,100_0010_0056.JPG,100_0010_0057.JPG,8192,8192,5228,5112,0.9778117827084928,624.0234375,0.875,0.875,0.9686918258666992,False,ok,0.12801809998927638
D2_111_nadir,aliked-lightglue-r2048-k8192,aliked,lightglue,2048,8192,646,100_0010_0056.JPG,100_0010_0058.JPG,8192,8192,3846,3747,0.9742589703588144,457.3974609375,0.625,0.625,0.9763860106468201,False,ok,0.12445760000264272
D2_111_nadir,aliked-lightglue-r2048-k8192,aliked,lightglue,2048,8192,647,100_0010_0056.JPG,100_0010_0059.JPG,8192,8192,2852,2721,0.9540673211781207,332.1533203125,0.5,0.5,0.9743712544441223,False,ok,0.13981379999313504
D2_111_nadir,aliked-lightglue-r2048-k8192,aliked,lightglue,2048,8192,648,100_0010_0056.JPG,100_0010_0060.JPG,8192,8192,1502,1405,0.9354194407456724,171.5087890625,0.25,0.25,0.9589334726333618,False,ok,0.14781750000838656
D2_111_nadir,aliked-lightglue-r2048-k8192,aliked,lightglue,2048,8192,649,100_0010_0056.JPG,100_0010_0061.JPG,8192,8192,292,227,0.7773972602739726,27.7099609375,0.125,0.125,0.8316947221755981,False,ok,0.15438809999614023
D2_111_nadir,aliked-lightglue-r2048-k8192,aliked,lightglue,2048,8192,650,100_0010_0056.JPG,100_0010_0062.JPG,8192,8192,80,10,0.125,1.220703125,0.125,0.15625,0.20816731452941895,True,ok,0.118050699995365
D2_111_nadir,aliked-lightglue-r2048-k8192,aliked,lightglue,2048,8192,651,100_0010_0056.JPG,100_0010_0063.JPG,8192,8192,87,10,0.11494252873563218,1.220703125,0.109375,0.140625,0.2302020937204361,True,ok,0.10560890000488143
D2_111_nadir,aliked-lightglue-r2048-k8192,aliked,lightglue,2048,8192,652,100_0010_0056.JPG,100_0010_0064.JPG,8192,8192,108,9,0.08333333333333333,1.0986328125,0.125,0.140625,0.22169004380702972,True,ok,0.12467560000368394
D2_111_nadir,aliked-lightglue-r2048-k8192,aliked,lightglue,2048,8192,653,100_0010_0056.JPG,100_0010_0081.JPG,8192,8192,3442,3363,0.9770482277745497,410.5224609375,0.5625,0.609375,0.9592102766036987,False,ok,0.13308080000570044
D2_111_nadir,aliked-lightglue-r2048-k8192,aliked,lightglue,2048,8192,654,100_0010_0056.JPG,100_0010_0082.JPG,8192,8192,4709,4618,0.9806753026120195,563.720703125,0.75,0.75,0.9624509811401367,False,ok,0.12380809999012854
D2_111_nadir,aliked-lightglue-r2048-k8192,aliked,lightglue,2048,8192,655,100_0010_0056.JPG,100_0010_0083.JPG,8192,8192,4111,4029,0.9800535149598638,491.8212890625,0.6875,0.671875,0.9658546447753906,False,ok,0.1327536000026157
D2_111_nadir,aliked-lightglue-r2048-k8192,aliked,lightglue,2048,8192,656,100_0010_0056.JPG,100_0010_0084.JPG,8192,8192,2936,2820,0.9604904632152589,344.23828125,0.5625,0.5625,0.9530119299888611,False,ok,0.1399572999944212
D2_111_nadir,aliked-lightglue-r2048-k8192,aliked,lightglue,2048,8192,657,100_0010_0056.JPG,100_0010_0085.JPG,8192,8192,2410,2260,0.9377593360995851,275.87890625,0.46875,0.46875,0.9459373354911804,False,ok,0.14375780000409577
D2_111_nadir,aliked-lightglue-r2048-k8192,aliked,lightglue,2048,8192,658,100_0010_0057.JPG,100_0010_0058.JPG,8192,8192,5658,5589,0.9878048780487805,682.2509765625,0.875,0.875,0.9767694473266602,False,ok,0.13191969999752473
D2_111_nadir,aliked-lightglue-r2048-k8192,aliked,lightglue,2048,8192,659,100_0010_0057.JPG,100_0010_0059.JPG,8192,8192,4336,4230,0.9755535055350554,516.357421875,0.625,0.625,0.9799849987030029,False,ok,0.12443680000433233
D2_111_nadir,aliked-lightglue-r2048-k8192,aliked,lightglue,2048,8192,660,100_0010_0057.JPG,100_0010_0060.JPG,8192,8192,2860,2761,0.9653846153846154,337.0361328125,0.5,0.5,0.9801501631736755,False,ok,0.12363499999628402
D2_111_nadir,aliked-lightglue-r2048-k8192,aliked,lightglue,2048,8192,661,100_0010_0057.JPG,100_0010_0061.JPG,8192,8192,1529,1465,0.9581425768476128,178.8330078125,0.25,0.265625,0.9732414484024048,False,ok,0.1327515000011772
D2_111_nadir,aliked-lightglue-r2048-k8192,aliked,lightglue,2048,8192,662,100_0010_0057.JPG,100_0010_0062.JPG,8192,8192,302,246,0.8145695364238411,30.029296875,0.125,0.125,0.8666995167732239,False,ok,0.17629180000221822
D2_111_nadir,aliked-lightglue-r2048-k8192,aliked,lightglue,2048,8192,663,100_0010_0057.JPG,100_0010_0063.JPG,8192,8192,108,10,0.09259259259259259,1.220703125,0.140625,0.140625,0.2187098264694214,True,ok,0.13469839999743272
D2_111_nadir,aliked-lightglue-r2048-k8192,aliked,lightglue,2048,8192,664,100_0010_0057.JPG,100_0010_0064.JPG,8192,8192,104,10,0.09615384615384616,1.220703125,0.125,0.15625,0.2365775853395462,True,ok,0.12330110000038985
D2_111_nadir,aliked-lightglue-r2048-k8192,aliked,lightglue,2048,8192,665,100_0010_0057.JPG,100_0010_0065.JPG,8192,8192,102,10,0.09803921568627451,1.220703125,0.140625,0.15625,0.2321426421403885,True,ok,0.12230590000399388
D2_111_nadir,aliked-lightglue-r2048-k8192,aliked,lightglue,2048,8192,666,100_0010_0057.JPG,100_0010_0080.JPG,8192,8192,3970,3907,0.9841309823677582,476.9287109375,0.5625,0.578125,0.9756020307540894,False,ok,0.12760779999371152
D2_111_nadir,aliked-lightglue-r2048-k8192,aliked,lightglue,2048,8192,667,100_0010_0057.JPG,100_0010_0081.JPG,8192,8192,4669,4591,0.9832940672520882,560.4248046875,0.71875,0.75,0.9639803171157837,False,ok,0.15953029999218415
D2_111_nadir,aliked-lightglue-r2048-k8192,aliked,lightglue,2048,8192,668,100_0010_0057.JPG,100_0010_0082.JPG,8192,8192,4066,4006,0.985243482538121,489.013671875,0.671875,0.671875,0.962279736995697,False,ok,0.12928219999594148
D2_111_nadir,aliked-lightglue-r2048-k8192,aliked,lightglue,2048,8192,669,100_0010_0057.JPG,100_0010_0083.JPG,8192,8192,2806,2720,0.9693513898788311,332.03125,0.5625,0.5625,0.9536178112030029,False,ok,0.13585320000129286
D2_111_nadir,aliked-lightglue-r2048-k8192,aliked,lightglue,2048,8192,670,100_0010_0058.JPG,100_0010_0059.JPG,8192,8192,6008,5961,0.9921770972037284,727.6611328125,0.875,0.875,0.9806320071220398,False,ok,0.12341090000700206
D2_111_nadir,aliked-lightglue-r2048-k8192,aliked,lightglue,2048,8192,671,100_0010_0058.JPG,100_0010_0060.JPG,8192,8192,4352,4254,0.9774816176470589,519.287109375,0.625,0.625,0.984100341796875,False,ok,0.1202802000043448
D2_111_nadir,aliked-lightglue-r2048-k8192,aliked,lightglue,2048,8192,672,100_0010_0058.JPG,100_0010_0061.JPG,8192,8192,2900,2810,0.9689655172413794,343.017578125,0.5,0.5,0.9834171533584595,False,ok,0.13444019999587908
D2_111_nadir,aliked-lightglue-r2048-k8192,aliked,lightglue,2048,8192,673,100_0010_0058.JPG,100_0010_0062.JPG,8192,8192,1639,1569,0.9572910311165345,191.5283203125,0.265625,0.25,0.9766932725906372,False,ok,0.12400759999582078
D2_111_nadir,aliked-lightglue-r2048-k8192,aliked,lightglue,2048,8192,674,100_0010_0058.JPG,100_0010_0063.JPG,8192,8192,296,237,0.8006756756756757,28.9306640625,0.125,0.125,0.8612074255943298,False,ok,0.17535030000726692
D2_111_nadir,aliked-lightglue-r2048-k8192,aliked,lightglue,2048,8192,675,100_0010_0058.JPG,100_0010_0064.JPG,8192,8192,131,10,0.07633587786259542,1.220703125,0.140625,0.125,0.2244810163974762,True,ok,0.1428711999906227
D2_111_nadir,aliked-lightglue-r2048-k8192,aliked,lightglue,2048,8192,676,100_0010_0058.JPG,100_0010_0065.JPG,8192,8192,130,11,0.08461538461538462,1.3427734375,0.140625,0.15625,0.23037420213222504,True,ok,0.12249819999851752
D2_111_nadir,aliked-lightglue-r2048-k8192,aliked,lightglue,2048,8192,677,100_0010_0058.JPG,100_0010_0066.JPG,8192,8192,105,10,0.09523809523809523,1.220703125,0.140625,0.125,0.22923456132411957,True,ok,0.13032270000257995
D2_111_nadir,aliked-lightglue-r2048-k8192,aliked,lightglue,2048,8192,678,100_0010_0058.JPG,100_0010_0079.JPG,8192,8192,3899,3841,0.9851243908694537,468.8720703125,0.59375,0.578125,0.9769030809402466,False,ok,0.12064049999753479
D2_111_nadir,aliked-lightglue-r2048-k8192,aliked,lightglue,2048,8192,679,100_0010_0058.JPG,100_0010_0080.JPG,8192,8192,4992,4931,0.9877804487179487,601.9287109375,0.71875,0.75,0.9779717922210693,False,ok,0.1321070999983931
D2_111_nadir,aliked-lightglue-r2048-k8192,aliked,lightglue,2048,8192,680,100_0010_0058.JPG,100_0010_0081.JPG,8192,8192,4427,4388,0.9911904224079512,535.64453125,0.671875,0.65625,0.9735705852508545,False,ok,0.1314418999972986
D2_111_nadir,aliked-lightglue-r2048-k8192,aliked,lightglue,2048,8192,681,100_0010_0058.JPG,100_0010_0082.JPG,8192,8192,3181,3125,0.9823954731216599,381.4697265625,0.5625,0.546875,0.9721351265907288,False,ok,0.12152540001261514
D2_111_nadir,aliked-lightglue-r2048-k8192,aliked,lightglue,2048,8192,682,100_0010_0059.JPG,100_0010_0060.JPG,8192,8192,5620,5578,0.992526690391459,680.908203125,0.875,0.875,0.9870816469192505,False,ok,0.1369223000074271
D2_111_nadir,aliked-lightglue-r2048-k8192,aliked,lightglue,2048,8192,683,100_0010_0059.JPG,100_0010_0061.JPG,8192,8192,4107,4032,0.9817384952520087,492.1875,0.625,0.625,0.9880476593971252,False,ok,0.10988410000572912
D2_111_nadir,aliked-lightglue-r2048-k8192,aliked,lightglue,2048,8192,684,100_0010_0059.JPG,100_0010_0062.JPG,8192,8192,2776,2689,0.9686599423631124,328.2470703125,0.5,0.5,0.985567569732666,False,ok,0.12936799999442883
D2_111_nadir,aliked-lightglue-r2048-k8192,aliked,lightglue,2048,8192,685,100_0010_0059.JPG,100_0010_0063.JPG,8192,8192,1519,1446,0.9519420671494404,176.513671875,0.25,0.25,0.9694473147392273,False,ok,0.1311128999950597
D2_111_nadir,aliked-lightglue-r2048-k8192,aliked,lightglue,2048,8192,686,100_0010_0059.JPG,100_0010_0064.JPG,8192,8192,234,115,0.49145299145299143,14.0380859375,0.125,0.140625,0.4543921947479248,False,ok,0.15181790001224726
D2_111_nadir,aliked-lightglue-r2048-k8192,aliked,lightglue,2048,8192,687,100_0010_0059.JPG,100_0010_0065.JPG,8192,8192,104,11,0.10576923076923077,1.3427734375,0.125,0.09375,0.21029523015022278,True,ok,0.11905149999074638
D2_111_nadir,aliked-lightglue-r2048-k8192,aliked,lightglue,2048,8192,688,100_0010_0059.JPG,100_0010_0066.JPG,8192,8192,90,10,0.1111111111111111,1.220703125,0.125,0.109375,0.22568662464618683,True,ok,0.12062789998890366
D2_111_nadir,aliked-lightglue-r2048-k8192,aliked,lightglue,2048,8192,689,100_0010_0059.JPG,100_0010_0067.JPG,8192,8192,54,9,0.16666666666666666,1.0986328125,0.109375,0.140625,0.21741172671318054,True,ok,0.11990590000641532
D2_111_nadir,aliked-lightglue-r2048-k8192,aliked,lightglue,2048,8192,690,100_0010_0059.JPG,100_0010_0078.JPG,8192,8192,3526,3468,0.9835507657402155,423.33984375,0.5625,0.5625,0.9866642355918884,False,ok,0.11143689999880735
D2_111_nadir,aliked-lightglue-r2048-k8192,aliked,lightglue,2048,8192,691,100_0010_0059.JPG,100_0010_0079.JPG,8192,8192,4666,4597,0.9852121731675954,561.1572265625,0.75,0.75,0.9850181341171265,False,ok,0.13945469999453053
D2_111_nadir,aliked-lightglue-r2048-k8192,aliked,lightglue,2048,8192,692,100_0010_0059.JPG,100_0010_0080.JPG,8192,8192,4595,4543,0.988683351468988,554.5654296875,0.6875,0.6875,0.9792991280555725,False,ok,0.14016690000426024
D2_111_nadir,aliked-lightglue-r2048-k8192,aliked,lightglue,2048,8192,693,100_0010_0059.JPG,100_0010_0081.JPG,8192,8192,3569,3508,0.9829083776968338,428.22265625,0.5625,0.546875,0.9763816595077515,False,ok,0.13097779999952763
D2_111_nadir,aliked-lightglue-r2048-k8192,aliked,lightglue,2048,8192,694,100_0010_0059.JPG,100_0010_0110.JPG,8192,8192,2907,2541,0.8740970072239422,310.1806640625,0.71875,0.46875,0.9609744548797607,False,ok,0.11669859998801257
D2_111_nadir,aliked-lightglue-r2048-k8192,aliked,lightglue,2048,8192,695,100_0010_0059.JPG,100_0010_0111.JPG,8192,8192,2164,1968,0.9094269870609981,240.234375,0.5,0.421875,0.9716617465019226,False,ok,0.15339429999585263
D2_111_nadir,aliked-lightglue-r2048-k8192,aliked,lightglue,2048,8192,696,100_0010_0060.JPG,100_0010_0061.JPG,8192,8192,5585,5546,0.9930170098478066,677.001953125,0.875,0.875,0.9884957075119019,False,ok,0.13806729999487288
D2_111_nadir,aliked-lightglue-r2048-k8192,aliked,lightglue,2048,8192,697,100_0010_0060.JPG,100_0010_0062.JPG,8192,8192,4162,4064,0.9764536280634311,496.09375,0.625,0.625,0.9895204901695251,False,ok,0.10548699999344535
D2_111_nadir,aliked-lightglue-r2048-k8192,aliked,lightglue,2048,8192,698,100_0010_0060.JPG,100_0010_0063.JPG,8192,8192,2871,2763,0.9623824451410659,337.2802734375,0.5,0.5,0.9861653447151184,False,ok,0.13180760000250302
D2_111_nadir,aliked-lightglue-r2048-k8192,aliked,lightglue,2048,8192,699,100_0010_0060.JPG,100_0010_0064.JPG,8192,8192,1552,1474,0.9497422680412371,179.931640625,0.25,0.25,0.9772975444793701,False,ok,0.1398380000027828
D2_111_nadir,aliked-lightglue-r2048-k8192,aliked,lightglue,2048,8192,700,100_0010_0060.JPG,100_0010_0065.JPG,8192,8192,95,12,0.12631578947368421,1.46484375,0.09375,0.09375,0.24784329533576965,True,ok,0.1375523000024259
D2_111_nadir,aliked-lightglue-r2048-k8192,aliked,lightglue,2048,8192,701,100_0010_0060.JPG,100_0010_0066.JPG,8192,8192,64,9,0.140625,1.0986328125,0.109375,0.125,0.18908822536468506,True,ok,0.1153407999954652
D2_111_nadir,aliked-lightglue-r2048-k8192,aliked,lightglue,2048,8192,702,100_0010_0060.JPG,100_0010_0067.JPG,8192,8192,39,9,0.23076923076923078,1.0986328125,0.125,0.109375,0.16699765622615814,True,ok,0.12388350001128856
D2_111_nadir,aliked-lightglue-r2048-k8192,aliked,lightglue,2048,8192,703,100_0010_0060.JPG,100_0010_0068.JPG,8192,8192,65,10,0.15384615384615385,1.220703125,0.140625,0.125,0.20666839182376862,True,ok,0.11942269999417476
D2_111_nadir,aliked-lightglue-r2048-k8192,aliked,lightglue,2048,8192,704,100_0010_0060.JPG,100_0010_0078.JPG,8192,8192,4495,4442,0.9882091212458287,542.236328125,0.75,0.75,0.9855326414108276,False,ok,0.14564960000279825
D2_111_nadir,aliked-lightglue-r2048-k8192,aliked,lightglue,2048,8192,705,100_0010_0060.JPG,100_0010_0079.JPG,8192,8192,4281,4240,0.9904227984115861,517.578125,0.65625,0.65625,0.9853442907333374,False,ok,0.1175336000014795
D2_111_nadir,aliked-lightglue-r2048-k8192,aliked,lightglue,2048,8192,706,100_0010_0060.JPG,100_0010_0080.JPG,8192,8192,3416,3375,0.9879976580796253,411.9873046875,0.5625,0.5625,0.9822972416877747,False,ok,0.13177279999945313
D2_111_nadir,aliked-lightglue-r2048-k8192,aliked,lightglue,2048,8192,707,100_0010_0060.JPG,100_0010_0109.JPG,8192,8192,2967,2573,0.8672059319177621,314.0869140625,0.625,0.46875,0.9602818489074707,False,ok,0.12644999999611173
D2_111_nadir,aliked-lightglue-r2048-k8192,aliked,lightglue,2048,8192,708,100_0010_0060.JPG,100_0010_0110.JPG,8192,8192,2232,1984,0.8888888888888888,242.1875,0.484375,0.390625,0.9673142433166504,False,ok,0.1460707999940496
D2_111_nadir,aliked-lightglue-r2048-k8192,aliked,lightglue,2048,8192,709,100_0010_0060.JPG,100_0010_0111.JPG,8192,8192,1450,1227,0.8462068965517241,149.7802734375,0.328125,0.328125,0.9615002274513245,False,ok,0.12930420000338927
D2_111_nadir,aliked-lightglue-r2048-k8192,aliked,lightglue,2048,8192,710,100_0010_0061.JPG,100_0010_0062.JPG,8192,8192,5623,5589,0.9939534056553441,682.2509765625,0.875,0.875,0.9881883263587952,False,ok,0.132015200011665
D2_111_nadir,aliked-lightglue-r2048-k8192,aliked,lightglue,2048,8192,711,100_0010_0061.JPG,100_0010_0063.JPG,8192,8192,4317,4244,0.9830901088719017,518.06640625,0.625,0.625,0.98908931016922,False,ok,0.12184479999996256
D2_111_nadir,aliked-lightglue-r2048-k8192,aliked,lightglue,2048,8192,712,100_0010_0061.JPG,100_0010_0064.JPG,8192,8192,2991,2899,0.9692410565028419,353.8818359375,0.5,0.5,0.9876524209976196,False,ok,0.1509550000046147
D2_111_nadir,aliked-lightglue-r2048-k8192,aliked,lightglue,2048,8192,713,100_0010_0061.JPG,100_0010_0065.JPG,8192,8192,1545,1489,0.9637540453074434,181.7626953125,0.25,0.25,0.9765185713768005,False,ok,0.0998152999964077
D2_111_nadir,aliked-lightglue-r2048-k8192,aliked,lightglue,2048,8192,714,100_0010_0061.JPG,100_0010_0066.JPG,8192,8192,77,10,0.12987012987012986,1.220703125,0.140625,0.078125,0.1885598599910736,True,ok,0.1428386000043247
D2_111_nadir,aliked-lightglue-r2048-k8192,aliked,lightglue,2048,8192,715,100_0010_0061.JPG,100_0010_0067.JPG,8192,8192,50,9,0.18,1.0986328125,0.125,0.125,0.19351811707019806,True,ok,0.12248959999124054
D2_111_nadir,aliked-lightglue-r2048-k8192,aliked,lightglue,2048,8192,716,100_0010_0061.JPG,100_0010_0068.JPG,8192,8192,37,9,0.24324324324324326,1.0986328125,0.140625,0.09375,0.1846143901348114,True,ok,0.13588159999926575
D2_111_nadir,aliked-lightglue-r2048-k8192,aliked,lightglue,2048,8192,717,100_0010_0061.JPG,100_0010_0069.JPG,8192,8192,45,9,0.2,1.0986328125,0.109375,0.109375,0.1913362294435501,True,ok,0.12170030000561383
D2_111_nadir,aliked-lightglue-r2048-k8192,aliked,lightglue,2048,8192,718,100_0010_0061.JPG,100_0010_0077.JPG,8192,8192,4445,4395,0.9887514060742407,536.4990234375,0.75,0.75,0.9895247220993042,False,ok,0.12188510000123642
D2_111_nadir,aliked-lightglue-r2048-k8192,aliked,lightglue,2048,8192,719,100_0010_0061.JPG,100_0010_0078.JPG,8192,8192,4257,4224,0.9922480620155039,515.625,0.65625,0.65625,0.987536609172821,False,ok,0.13497869999264367
D2_111_nadir,aliked-lightglue-r2048-k8192,aliked,lightglue,2048,8192,720,100_0010_0061.JPG,100_0010_0079.JPG,8192,8192,3285,3242,0.986910197869102,395.751953125,0.5625,0.5625,0.9851664900779724,False,ok,0.11649519999627955
D2_111_nadir,aliked-lightglue-r2048-k8192,aliked,lightglue,2048,8192,721,100_0010_0061.JPG,100_0010_0108.JPG,8192,8192,2846,2455,0.8626141953619114,299.6826171875,0.625,0.4375,0.9645839333534241,False,ok,0.13165009999647737
D2_111_nadir,aliked-lightglue-r2048-k8192,aliked,lightglue,2048,8192,722,100_0010_0061.JPG,100_0010_0109.JPG,8192,8192,2243,1997,0.8903254569772626,243.7744140625,0.484375,0.359375,0.9638291001319885,False,ok,0.13326899999810848
D2_111_nadir,aliked-lightglue-r2048-k8192,aliked,lightglue,2048,8192,723,100_0010_0061.JPG,100_0010_0110.JPG,8192,8192,1377,1277,0.9273783587509078,155.8837890625,0.28125,0.234375,0.9647460579872131,False,ok,0.11045819999708328
D2_111_nadir,aliked-lightglue-r2048-k8192,aliked,lightglue,2048,8192,724,100_0010_0061.JPG,100_0010_0111.JPG,8192,8192,600,525,0.875,64.0869140625,0.125,0.140625,0.9560555219650269,False,ok,0.1593375000084052
D2_111_nadir,aliked-lightglue-r2048-k8192,aliked,lightglue,2048,8192,725,100_0010_0062.JPG,100_0010_0063.JPG,8192,8192,5765,5738,0.9953165654813529,700.439453125,0.875,0.875,0.9877559542655945,False,ok,0.11449799999536481
D2_111_nadir,aliked-lightglue-r2048-k8192,aliked,lightglue,2048,8192,726,100_0010_0062.JPG,100_0010_0064.JPG,8192,8192,4440,4360,0.9819819819819819,532.2265625,0.625,0.625,0.9879660606384277,False,ok,0.11535449999792036
D2_111_nadir,aliked-lightglue-r2048-k8192,aliked,lightglue,2048,8192,727,100_0010_0062.JPG,100_0010_0065.JPG,8192,8192,2977,2894,0.9721195834732953,353.271484375,0.5,0.5,0.9873347282409668,False,ok,0.12300819999654777
D2_111_nadir,aliked-lightglue-r2048-k8192,aliked,lightglue,2048,8192,728,100_0010_0062.JPG,100_0010_0066.JPG,8192,8192,1459,1411,0.9671007539410555,172.2412109375,0.265625,0.25,0.9772356748580933,False,ok,0.10949499999696855
D2_111_nadir,aliked-lightglue-r2048-k8192,aliked,lightglue,2048,8192,729,100_0010_0062.JPG,100_0010_0067.JPG,8192,8192,47,9,0.19148936170212766,1.0986328125,0.125,0.09375,0.19960875809192657,True,ok,0.12042749999091029
D2_111_nadir,aliked-lightglue-r2048-k8192,aliked,lightglue,2048,8192,730,100_0010_0062.JPG,100_0010_0068.JPG,8192,8192,36,8,0.2222222222222222,0.9765625,0.109375,0.109375,0.19967027008533478,True,ok,0.12224009999772534
D2_111_nadir,aliked-lightglue-r2048-k8192,aliked,lightglue,2048,8192,731,100_0010_0062.JPG,100_0010_0069.JPG,8192,8192,47,9,0.19148936170212766,1.0986328125,0.140625,0.109375,0.20062947273254395,True,ok,0.12105739999969956
D2_111_nadir,aliked-lightglue-r2048-k8192,aliked,lightglue,2048,8192,732,100_0010_0062.JPG,100_0010_0070.JPG,8192,8192,42,9,0.21428571428571427,1.0986328125,0.125,0.109375,0.19038407504558563,True,ok,0.12740169999597128
D2_111_nadir,aliked-lightglue-r2048-k8192,aliked,lightglue,2048,8192,733,100_0010_0062.JPG,100_0010_0076.JPG,8192,8192,4490,4431,0.9868596881959911,540.8935546875,0.75,0.75,0.9883161783218384,False,ok,0.14259669999592006
D2_111_nadir,aliked-lightglue-r2048-k8192,aliked,lightglue,2048,8192,734,100_0010_0062.JPG,100_0010_0077.JPG,8192,8192,4209,4174,0.9916844856260394,509.521484375,0.671875,0.65625,0.9902626872062683,False,ok,0.11094220000086352
D2_111_nadir,aliked-lightglue-r2048-k8192,aliked,lightglue,2048,8192,735,100_0010_0062.JPG,100_0010_0078.JPG,8192,8192,3359,3322,0.9889848169097946,405.517578125,0.5625,0.5625,0.9874985814094543,False,ok,0.10919609999109525
D2_111_nadir,aliked-lightglue-r2048-k8192,aliked,lightglue,2048,8192,736,100_0010_0062.JPG,100_0010_0107.JPG,8192,8192,2551,2294,0.8992551940415523,280.029296875,0.484375,0.421875,0.974011242389679,False,ok,0.1074293999990914
D2_111_nadir,aliked-lightglue-r2048-k8192,aliked,lightglue,2048,8192,737,100_0010_0062.JPG,100_0010_0108.JPG,8192,8192,2079,1881,0.9047619047619048,229.6142578125,0.375,0.34375,0.9685128927230835,False,ok,0.12079149999772198
D2_111_nadir,aliked-lightglue-r2048-k8192,aliked,lightglue,2048,8192,738,100_0010_0062.JPG,100_0010_0109.JPG,8192,8192,1380,1298,0.9405797101449276,158.447265625,0.25,0.25,0.9629002809524536,False,ok,0.1308053000102518
D2_111_nadir,aliked-lightglue-r2048-k8192,aliked,lightglue,2048,8192,739,100_0010_0062.JPG,100_0010_0110.JPG,8192,8192,388,329,0.8479381443298969,40.1611328125,0.109375,0.125,0.902836263179779,False,ok,0.12646070000482723
D2_111_nadir,aliked-lightglue-r2048-k8192,aliked,lightglue,2048,8192,740,100_0010_0062.JPG,100_0010_0111.JPG,8192,8192,68,9,0.1323529411764706,1.0986328125,0.125,0.109375,0.21705327928066254,True,ok,0.14049530000193045
D2_111_nadir,aliked-lightglue-r2048-k8192,aliked,lightglue,2048,8192,741,100_0010_0063.JPG,100_0010_0064.JPG,8192,8192,5633,5599,0.9939641398899343,683.4716796875,0.875,0.8125,0.9889363050460815,False,ok,0.11806950000755023
D2_111_nadir,aliked-lightglue-r2048-k8192,aliked,lightglue,2048,8192,742,100_0010_0063.JPG,100_0010_0065.JPG,8192,8192,4057,3982,0.9815134335716046,486.083984375,0.625,0.625,0.9904963970184326,False,ok,0.1494418000074802
D2_111_nadir,aliked-lightglue-r2048-k8192,aliked,lightglue,2048,8192,743,100_0010_0063.JPG,100_0010_0066.JPG,8192,8192,2442,2343,0.9594594594594594,286.0107421875,0.5,0.4375,0.9864774942398071,False,ok,0.12036200000147801
D2_111_nadir,aliked-lightglue-r2048-k8192,aliked,lightglue,2048,8192,744,100_0010_0063.JPG,100_0010_0067.JPG,8192,8192,756,688,0.91005291005291,83.984375,0.265625,0.25,0.944785475730896,False,ok,0.13799160000053234
D2_111_nadir,aliked-lightglue-r2048-k8192,aliked,lightglue,2048,8192,745,100_0010_0063.JPG,100_0010_0068.JPG,8192,8192,109,45,0.41284403669724773,5.4931640625,0.125,0.125,0.4867479205131531,False,ok,0.13270860000920948
D2_111_nadir,aliked-lightglue-r2048-k8192,aliked,lightglue,2048,8192,746,100_0010_0063.JPG,100_0010_0069.JPG,8192,8192,102,55,0.5392156862745098,6.7138671875,0.109375,0.09375,0.5766720771789551,False,ok,0.13965050000115298
D2_111_nadir,aliked-lightglue-r2048-k8192,aliked,lightglue,2048,8192,747,100_0010_0063.JPG,100_0010_0070.JPG,8192,8192,116,45,0.3879310344827586,5.4931640625,0.125,0.109375,0.4489903151988983,False,ok,0.1258594999962952
D2_111_nadir,aliked-lightglue-r2048-k8192,aliked,lightglue,2048,8192,748,100_0010_0063.JPG,100_0010_0071.JPG,8192,8192,162,82,0.5061728395061729,10.009765625,0.109375,0.078125,0.5680552124977112,False,ok,0.11798020001151599
D2_111_nadir,aliked-lightglue-r2048-k8192,aliked,lightglue,2048,8192,749,100_0010_0063.JPG,100_0010_0075.JPG,8192,8192,4454,4422,0.9928154467894028,539.794921875,0.75,0.71875,0.9885532259941101,False,ok,0.12948279999545775
D2_111_nadir,aliked-lightglue-r2048-k8192,aliked,lightglue,2048,8192,750,100_0010_0063.JPG,100_0010_0076.JPG,8192,8192,4482,4455,0.9939759036144579,543.8232421875,0.65625,0.65625,0.9872444272041321,False,ok,0.14891329999954905
D2_111_nadir,aliked-lightglue-r2048-k8192,aliked,lightglue,2048,8192,751,100_0010_0063.JPG,100_0010_0106.JPG,8192,8192,2234,2026,0.9068934646374217,247.314453125,0.4375,0.3125,0.976463258266449,False,ok,0.1010826999990968
D2_111_nadir,aliked-lightglue-r2048-k8192,aliked,lightglue,2048,8192,752,100_0010_0063.JPG,100_0010_0107.JPG,8192,8192,1789,1576,0.8809390721073225,192.3828125,0.359375,0.3125,0.9565925002098083,False,ok,0.13062840000202414
D2_111_nadir,aliked-lightglue-r2048-k8192,aliked,lightglue,2048,8192,753,100_0010_0063.JPG,100_0010_0108.JPG,8192,8192,1062,945,0.8898305084745762,115.3564453125,0.25,0.21875,0.9719403982162476,False,ok,0.1131801000010455
D2_111_nadir,aliked-lightglue-r2048-k8192,aliked,lightglue,2048,8192,754,100_0010_0063.JPG,100_0010_0109.JPG,8192,8192,98,10,0.10204081632653061,1.220703125,0.125,0.15625,0.20365789532661438,True,ok,0.1288018000050215
D2_111_nadir,aliked-lightglue-r2048-k8192,aliked,lightglue,2048,8192,755,100_0010_0063.JPG,100_0010_0110.JPG,8192,8192,52,10,0.19230769230769232,1.220703125,0.140625,0.15625,0.21041661500930786,True,ok,0.1207863999879919
D2_111_nadir,aliked-lightglue-r2048-k8192,aliked,lightglue,2048,8192,756,100_0010_0063.JPG,100_0010_0111.JPG,8192,8192,47,9,0.19148936170212766,1.0986328125,0.125,0.109375,0.2126915454864502,True,ok,0.11614820000249892
D2_111_nadir,aliked-lightglue-r2048-k8192,aliked,lightglue,2048,8192,757,100_0010_0064.JPG,100_0010_0065.JPG,8192,8192,5293,5212,0.9846967693179671,636.23046875,0.875,0.875,0.9815707802772522,False,ok,0.13508890000230167
D2_111_nadir,aliked-lightglue-r2048-k8192,aliked,lightglue,2048,8192,758,100_0010_0064.JPG,100_0010_0066.JPG,8192,8192,3555,3397,0.9555555555555556,414.6728515625,0.625,0.625,0.9689849615097046,False,ok,0.13657729999977164
D2_111_nadir,aliked-lightglue-r2048-k8192,aliked,lightglue,2048,8192,759,100_0010_0064.JPG,100_0010_0067.JPG,8192,8192,1674,1509,0.9014336917562724,184.2041015625,0.515625,0.5,0.92525315284729,False,ok,0.12096329999621958
D2_111_nadir,aliked-lightglue-r2048-k8192,aliked,lightglue,2048,8192,760,100_0010_0064.JPG,100_0010_0068.JPG,8192,8192,776,636,0.8195876288659794,77.63671875,0.34375,0.375,0.8317050933837891,False,ok,0.127462700009346
D2_111_nadir,aliked-lightglue-r2048-k8192,aliked,lightglue,2048,8192,761,100_0010_0064.JPG,100_0010_0069.JPG,8192,8192,683,579,0.8477306002928258,70.6787109375,0.3125,0.328125,0.8557307720184326,False,ok,0.13994090000051074
D2_111_nadir,aliked-lightglue-r2048-k8192,aliked,lightglue,2048,8192,762,100_0010_0064.JPG,100_0010_0070.JPG,8192,8192,627,544,0.8676236044657097,66.40625,0.28125,0.28125,0.8589231371879578,False,ok,0.14028029999462888
D2_111_nadir,aliked-lightglue-r2048-k8192,aliked,lightglue,2048,8192,763,100_0010_0064.JPG,100_0010_0071.JPG,8192,8192,668,586,0.8772455089820359,71.533203125,0.296875,0.28125,0.8745881915092468,False,ok,0.13392649999877904
D2_111_nadir,aliked-lightglue-r2048-k8192,aliked,lightglue,2048,8192,764,100_0010_0064.JPG,100_0010_0072.JPG,8192,8192,1997,1929,0.9659489233850777,235.4736328125,0.46875,0.46875,0.9693819880485535,False,ok,0.14492570000584237
D2_111_nadir,aliked-lightglue-r2048-k8192,aliked,lightglue,2048,8192,765,100_0010_0064.JPG,100_0010_0074.JPG,8192,8192,4381,4319,0.9858479799132618,527.2216796875,0.75,0.75,0.9816904067993164,False,ok,0.11733370000729337
D2_111_nadir,aliked-lightglue-r2048-k8192,aliked,lightglue,2048,8192,766,100_0010_0064.JPG,100_0010_0075.JPG,8192,8192,4191,4159,0.9923645907897877,507.6904296875,0.65625,0.6875,0.987548291683197,False,ok,0.1367438999877777
D2_111_nadir,aliked-lightglue-r2048-k8192,aliked,lightglue,2048,8192,767,100_0010_0064.JPG,100_0010_0106.JPG,8192,8192,1425,1185,0.8315789473684211,144.6533203125,0.25,0.21875,0.9503936171531677,False,ok,0.105274699992151
D2_111_nadir,aliked-lightglue-r2048-k8192,aliked,lightglue,2048,8192,768,100_0010_0064.JPG,100_0010_0107.JPG,8192,8192,718,675,0.9401114206128134,82.3974609375,0.109375,0.109375,0.9546114206314087,False,ok,0.11299580000923015
D2_111_nadir,aliked-lightglue-r2048-k8192,aliked,lightglue,2048,8192,769,100_0010_0064.JPG,100_0010_0108.JPG,8192,8192,131,10,0.07633587786259542,1.220703125,0.140625,0.140625,0.22258493304252625,True,ok,0.1381962999876123
D2_111_nadir,aliked-lightglue-r2048-k8192,aliked,lightglue,2048,8192,770,100_0010_0064.JPG,100_0010_0109.JPG,8192,8192,98,11,0.11224489795918367,1.3427734375,0.15625,0.15625,0.21204178035259247,True,ok,0.12901720000081696
D2_111_nadir,aliked-lightglue-r2048-k8192,aliked,lightglue,2048,8192,771,100_0010_0065.JPG,100_0010_0066.JPG,8192,8192,5079,4950,0.9746012994683992,604.248046875,0.875,0.859375,0.9772158265113831,False,ok,0.10827989999961574
D2_111_nadir,aliked-lightglue-r2048-k8192,aliked,lightglue,2048,8192,772,100_0010_0065.JPG,100_0010_0067.JPG,8192,8192,2999,2775,0.9253084361453818,338.7451171875,0.625,0.625,0.9443506598472595,False,ok,0.1290883999899961
D2_111_nadir,aliked-lightglue-r2048-k8192,aliked,lightglue,2048,8192,773,100_0010_0065.JPG,100_0010_0068.JPG,8192,8192,2051,1811,0.8829839102876645,221.0693359375,0.5,0.5,0.9030269980430603,False,ok,0.12402000000292901
D2_111_nadir,aliked-lightglue-r2048-k8192,aliked,lightglue,2048,8192,774,100_0010_0065.JPG,100_0010_0069.JPG,8192,8192,1687,1486,0.8808535862477771,181.396484375,0.4375,0.4375,0.9118659496307373,False,ok,0.11080360000778455
D2_111_nadir,aliked-lightglue-r2048-k8192,aliked,lightglue,2048,8192,775,100_0010_0065.JPG,100_0010_0070.JPG,8192,8192,1420,1272,0.895774647887324,155.2734375,0.375,0.375,0.910236656665802,False,ok,0.13104589999420568
D2_111_nadir,aliked-lightglue-r2048-k8192,aliked,lightglue,2048,8192,776,100_0010_0065.JPG,100_0010_0071.JPG,8192,8192,1437,1313,0.9137091162143354,160.2783203125,0.46875,0.375,0.9184691905975342,False,ok,0.13288950000423938
D2_111_nadir,aliked-lightglue-r2048-k8192,aliked,lightglue,2048,8192,777,100_0010_0065.JPG,100_0010_0072.JPG,8192,8192,2885,2778,0.9629116117850953,339.111328125,0.5625,0.5625,0.962675154209137,False,ok,0.13724360000924207
D2_111_nadir,aliked-lightglue-r2048-k8192,aliked,lightglue,2048,8192,778,100_0010_0065.JPG,100_0010_0073.JPG,8192,8192,4305,4229,0.9823461091753775,516.2353515625,0.75,0.75,0.9735488891601562,False,ok,0.12355910000042059
D2_111_nadir,aliked-lightglue-r2048-k8192,aliked,lightglue,2048,8192,779,100_0010_0065.JPG,100_0010_0074.JPG,8192,8192,4130,4076,0.9869249394673123,497.55859375,0.65625,0.671875,0.9808319211006165,False,ok,0.134813500000746
D2_111_nadir,aliked-lightglue-r2048-k8192,aliked,lightglue,2048,8192,780,100_0010_0065.JPG,100_0010_0105.JPG,8192,8192,1134,1043,0.9197530864197531,127.3193359375,0.1875,0.1875,0.9314683675765991,False,ok,0.11459050000121351
D2_111_nadir,aliked-lightglue-r2048-k8192,aliked,lightglue,2048,8192,781,100_0010_0065.JPG,100_0010_0106.JPG,8192,8192,300,244,0.8133333333333334,29.78515625,0.109375,0.109375,0.8786641359329224,False,ok,0.18426429999817628
D2_111_nadir,aliked-lightglue-r2048-k8192,aliked,lightglue,2048,8192,782,100_0010_0065.JPG,100_0010_0107.JPG,8192,8192,89,10,0.11235955056179775,1.220703125,0.125,0.15625,0.22367043793201447,True,ok,0.13324640000064392
D2_111_nadir,aliked-lightglue-r2048-k8192,aliked,lightglue,2048,8192,783,100_0010_0065.JPG,100_0010_0108.JPG,8192,8192,106,11,0.10377358490566038,1.3427734375,0.15625,0.125,0.24705693125724792,True,ok,0.12979180000547785
D2_111_nadir,aliked-lightglue-r2048-k8192,aliked,lightglue,2048,8192,784,100_0010_0066.JPG,100_0010_0067.JPG,8192,8192,4680,4474,0.955982905982906,546.142578125,0.875,0.875,0.961896538734436,False,ok,0.1117861999955494
D2_111_nadir,aliked-lightglue-r2048-k8192,aliked,lightglue,2048,8192,785,100_0010_0066.JPG,100_0010_0068.JPG,8192,8192,3591,3335,0.9287106655527708,407.1044921875,0.734375,0.75,0.9365960359573364,False,ok,0.12587489999714307
D2_111_nadir,aliked-lightglue-r2048-k8192,aliked,lightglue,2048,8192,786,100_0010_0066.JPG,100_0010_0069.JPG,8192,8192,2916,2725,0.9344993141289437,332.6416015625,0.640625,0.65625,0.9402021169662476,False,ok,0.12274199999228586
D2_111_nadir,aliked-lightglue-r2048-k8192,aliked,lightglue,2048,8192,787,100_0010_0066.JPG,100_0010_0070.JPG,8192,8192,2399,2228,0.9287203001250521,271.97265625,0.5625,0.5625,0.9332642555236816,False,ok,0.11481529999582563
D2_111_nadir,aliked-lightglue-r2048-k8192,aliked,lightglue,2048,8192,788,100_0010_0066.JPG,100_0010_0071.JPG,8192,8192,2377,2210,0.9297433740008414,269.775390625,0.5625,0.5625,0.9201316833496094,False,ok,0.12779959999897983
D2_111_nadir,aliked-lightglue-r2048-k8192,aliked,lightglue,2048,8192,789,100_0010_0066.JPG,100_0010_0072.JPG,8192,8192,4016,3886,0.9676294820717132,474.365234375,0.75,0.75,0.9583930969238281,False,ok,0.11387599998852238
D2_111_nadir,aliked-lightglue-r2048-k8192,aliked,lightglue,2048,8192,790,100_0010_0066.JPG,100_0010_0073.JPG,8192,8192,3937,3843,0.9761239522479045,469.1162109375,0.6875,0.703125,0.9666470289230347,False,ok,0.14349820000643376
D2_111_nadir,aliked-lightglue-r2048-k8192,aliked,lightglue,2048,8192,791,100_0010_0066.JPG,100_0010_0074.JPG,8192,8192,3002,2941,0.9796802131912059,359.0087890625,0.5625,0.5625,0.9751536846160889,False,ok,0.12491329999465961
D2_111_nadir,aliked-lightglue-r2048-k8192,aliked,lightglue,2048,8192,792,100_0010_0066.JPG,100_0010_0105.JPG,8192,8192,80,9,0.1125,1.0986328125,0.140625,0.125,0.18955203890800476,True,ok,0.14534469999489374
D2_111_nadir,aliked-lightglue-r2048-k8192,aliked,lightglue,2048,8192,793,100_0010_0066.JPG,100_0010_0106.JPG,8192,8192,74,10,0.13513513513513514,1.220703125,0.140625,0.15625,0.18975090980529785,True,ok,0.11770560000149999
D2_111_nadir,aliked-lightglue-r2048-k8192,aliked,lightglue,2048,8192,794,100_0010_0066.JPG,100_0010_0107.JPG,8192,8192,69,10,0.14492753623188406,1.220703125,0.140625,0.140625,0.1870255470275879,True,ok,0.11096879999968223
D2_111_nadir,aliked-lightglue-r2048-k8192,aliked,lightglue,2048,8192,795,100_0010_0067.JPG,100_0010_0068.JPG,8192,8192,5566,5321,0.9559827524254402,649.5361328125,0.96875,0.90625,0.9568061232566833,False,ok,0.1287430999946082
D2_111_nadir,aliked-lightglue-r2048-k8192,aliked,lightglue,2048,8192,796,100_0010_0067.JPG,100_0010_0069.JPG,8192,8192,4427,4237,0.9570815450643777,517.2119140625,0.84375,0.828125,0.940609335899353,False,ok,0.1453921999927843
D2_111_nadir,aliked-lightglue-r2048-k8192,aliked,lightglue,2048,8192,797,100_0010_0067.JPG,100_0010_0070.JPG,8192,8192,3660,3433,0.9379781420765028,419.0673828125,0.734375,0.71875,0.9324097633361816,False,ok,0.1178416000038851
D2_111_nadir,aliked-lightglue-r2048-k8192,aliked,lightglue,2048,8192,798,100_0010_0067.JPG,100_0010_0071.JPG,8192,8192,3642,3405,0.9349258649093904,415.6494140625,0.734375,0.734375,0.9294885396957397,False,ok,0.12443080000230111
D2_111_nadir,aliked-lightglue-r2048-k8192,aliked,lightglue,2048,8192,799,100_0010_0067.JPG,100_0010_0072.JPG,8192,8192,3697,3516,0.9510413849066811,429.19921875,0.65625,0.6875,0.9407146573066711,False,ok,0.14394270000047982
D2_111_nadir,aliked-lightglue-r2048-k8192,aliked,lightglue,2048,8192,800,100_0010_0067.JPG,100_0010_0073.JPG,8192,8192,2632,2517,0.956306990881459,307.2509765625,0.5625,0.5625,0.9465226531028748,False,ok,0.13414239999838173
D2_111_nadir,aliked-lightglue-r2048-k8192,aliked,lightglue,2048,8192,801,100_0010_0067.JPG,100_0010_0074.JPG,8192,8192,1727,1641,0.9502026635784597,200.3173828125,0.375,0.375,0.956134557723999,False,ok,0.15335710000363179
D2_111_nadir,aliked-lightglue-r2048-k8192,aliked,lightglue,2048,8192,802,100_0010_0067.JPG,100_0010_0075.JPG,8192,8192,860,792,0.9209302325581395,96.6796875,0.25,0.25,0.9507516026496887,False,ok,0.14099529999657534
D2_111_nadir,aliked-lightglue-r2048-k8192,aliked,lightglue,2048,8192,803,100_0010_0068.JPG,100_0010_0069.JPG,8192,8192,5325,5140,0.9652582159624413,627.44140625,0.875,0.875,0.9371033310890198,False,ok,0.12593690000358038
D2_111_nadir,aliked-lightglue-r2048-k8192,aliked,lightglue,2048,8192,804,100_0010_0068.JPG,100_0010_0070.JPG,8192,8192,4420,4105,0.9287330316742082,501.0986328125,0.734375,0.75,0.9284754991531372,False,ok,0.11559159999887925
D2_111_nadir,aliked-lightglue-r2048-k8192,aliked,lightglue,2048,8192,805,100_0010_0068.JPG,100_0010_0071.JPG,8192,8192,4274,3958,0.926064576509125,483.154296875,0.734375,0.75,0.926875114440918,False,ok,0.1282970999891404
D2_111_nadir,aliked-lightglue-r2048-k8192,aliked,lightglue,2048,8192,806,100_0010_0068.JPG,100_0010_0072.JPG,8192,8192,3169,2934,0.9258441148627328,358.154296875,0.578125,0.59375,0.9272827506065369,False,ok,0.12865890000830404
D2_111_nadir,aliked-lightglue-r2048-k8192,aliked,lightglue,2048,8192,807,100_0010_0068.JPG,100_0010_0073.JPG,8192,8192,1999,1836,0.9184592296148074,224.12109375,0.46875,0.453125,0.9172331690788269,False,ok,0.11679739999817684
D2_111_nadir,aliked-lightglue-r2048-k8192,aliked,lightglue,2048,8192,808,100_0010_0068.JPG,100_0010_0074.JPG,8192,8192,1059,978,0.9235127478753541,119.384765625,0.28125,0.28125,0.9279529452323914,False,ok,0.11793720000423491
D2_111_nadir,aliked-lightglue-r2048-k8192,aliked,lightglue,2048,8192,809,100_0010_0068.JPG,100_0010_0075.JPG,8192,8192,307,233,0.758957654723127,28.4423828125,0.15625,0.125,0.8010626435279846,False,ok,0.13983139999618288
D2_111_nadir,aliked-lightglue-r2048-k8192,aliked,lightglue,2048,8192,810,100_0010_0068.JPG,100_0010_0076.JPG,8192,8192,62,10,0.16129032258064516,1.220703125,0.140625,0.15625,0.18126007914543152,True,ok,0.15146350000577513
D2_111_nadir,aliked-lightglue-r2048-k8192,aliked,lightglue,2048,8192,811,100_0010_0069.JPG,100_0010_0070.JPG,8192,8192,5904,5737,0.9717140921409214,700.3173828125,0.875,0.875,0.9464908838272095,False,ok,0.10420820000581443
D2_111_nadir,aliked-lightglue-r2048-k8192,aliked,lightglue,2048,8192,812,100_0010_0069.JPG,100_0010_0071.JPG,8192,8192,5648,5483,0.97078611898017,669.3115234375,0.875,0.875,0.9435967803001404,False,ok,0.14300149999326095
D2_111_nadir,aliked-lightglue-r2048-k8192,aliked,lightglue,2048,8192,813,100_0010_0069.JPG,100_0010_0072.JPG,8192,8192,3871,3620,0.9351588736760527,441.89453125,0.71875,0.6875,0.9375548958778381,False,ok,0.12901760000386275
D2_111_nadir,aliked-lightglue-r2048-k8192,aliked,lightglue,2048,8192,814,100_0010_0069.JPG,100_0010_0073.JPG,8192,8192,2429,2214,0.9114862083161795,270.263671875,0.546875,0.53125,0.9337689280509949,False,ok,0.1458003000007011
D2_111_nadir,aliked-lightglue-r2048-k8192,aliked,lightglue,2048,8192,815,100_0010_0069.JPG,100_0010_0074.JPG,8192,8192,1282,1192,0.9297971918876755,145.5078125,0.328125,0.328125,0.9361540079116821,False,ok,0.1486118000029819
D2_111_nadir,aliked-lightglue-r2048-k8192,aliked,lightglue,2048,8192,816,100_0010_0069.JPG,100_0010_0075.JPG,8192,8192,368,314,0.8532608695652174,38.330078125,0.203125,0.1875,0.8716486096382141,False,ok,0.1453987999993842
D2_111_nadir,aliked-lightglue-r2048-k8192,aliked,lightglue,2048,8192,817,100_0010_0069.JPG,100_0010_0076.JPG,8192,8192,74,9,0.12162162162162163,1.0986328125,0.140625,0.109375,0.19788438081741333,True,ok,0.1244217000057688
D2_111_nadir,aliked-lightglue-r2048-k8192,aliked,lightglue,2048,8192,818,100_0010_0069.JPG,100_0010_0077.JPG,8192,8192,67,9,0.13432835820895522,1.0986328125,0.125,0.125,0.2158292531967163,True,ok,0.111758800005191
D2_111_nadir,aliked-lightglue-r2048-k8192,aliked,lightglue,2048,8192,819,100_0010_0069.JPG,100_0010_0101.JPG,8192,8192,3274,3022,0.9230299328039095,368.896484375,0.625,0.53125,0.9192047119140625,False,ok,0.11333790000935551
D2_111_nadir,aliked-lightglue-r2048-k8192,aliked,lightglue,2048,8192,820,100_0010_0069.JPG,100_0010_0102.JPG,8192,8192,3425,3155,0.9211678832116789,385.1318359375,0.625,0.546875,0.9193776845932007,False,ok,0.1195231000019703
D2_111_nadir,aliked-lightglue-r2048-k8192,aliked,lightglue,2048,8192,821,100_0010_0069.JPG,100_0010_0103.JPG,8192,8192,70,10,0.14285714285714285,1.220703125,0.109375,0.140625,0.21833834052085876,True,ok,0.12495810000109486
D2_111_nadir,aliked-lightglue-r2048-k8192,aliked,lightglue,2048,8192,822,100_0010_0069.JPG,100_0010_0104.JPG,8192,8192,72,9,0.125,1.0986328125,0.125,0.125,0.20317453145980835,True,ok,0.12209319999965373
D2_111_nadir,aliked-lightglue-r2048-k8192,aliked,lightglue,2048,8192,823,100_0010_0069.JPG,100_0010_0105.JPG,8192,8192,71,10,0.14084507042253522,1.220703125,0.125,0.15625,0.18576312065124512,True,ok,0.1365053000045009
D2_111_nadir,aliked-lightglue-r2048-k8192,aliked,lightglue,2048,8192,824,100_0010_0069.JPG,100_0010_0106.JPG,8192,8192,89,10,0.11235955056179775,1.220703125,0.109375,0.140625,0.21136914193630219,True,ok,0.12684799999988172
D2_111_nadir,aliked-lightglue-r2048-k8192,aliked,lightglue,2048,8192,825,100_0010_0070.JPG,100_0010_0071.JPG,8192,8192,6873,6796,0.9887967408700713,829.58984375,1.0,1.0,0.9546383023262024,False,ok,0.11858589999610558
D2_111_nadir,aliked-lightglue-r2048-k8192,aliked,lightglue,2048,8192,826,100_0010_0070.JPG,100_0010_0072.JPG,8192,8192,4233,3980,0.940231514292464,485.83984375,0.84375,0.828125,0.931310772895813,False,ok,0.12775959999999031
D2_111_nadir,aliked-lightglue-r2048-k8192,aliked,lightglue,2048,8192,827,100_0010_0070.JPG,100_0010_0073.JPG,8192,8192,2565,2353,0.9173489278752437,287.2314453125,0.609375,0.625,0.9382027983665466,False,ok,0.12049770000157878
D2_111_nadir,aliked-lightglue-r2048-k8192,aliked,lightglue,2048,8192,828,100_0010_0070.JPG,100_0010_0074.JPG,8192,8192,1344,1228,0.9136904761904762,149.90234375,0.359375,0.375,0.9278375506401062,False,ok,0.1104448000114644
D2_111_nadir,aliked-lightglue-r2048-k8192,aliked,lightglue,2048,8192,829,100_0010_0070.JPG,100_0010_0075.JPG,8192,8192,390,334,0.8564102564102564,40.771484375,0.21875,0.234375,0.8705912232398987,False,ok,0.13771230001293588
D2_111_nadir,aliked-lightglue-r2048-k8192,aliked,lightglue,2048,8192,830,100_0010_0070.JPG,100_0010_0076.JPG,8192,8192,66,10,0.15151515151515152,1.220703125,0.109375,0.125,0.22473594546318054,True,ok,0.13698209999711253
D2_111_nadir,aliked-lightglue-r2048-k8192,aliked,lightglue,2048,8192,831,100_0010_0070.JPG,100_0010_0077.JPG,8192,8192,47,10,0.2127659574468085,1.220703125,0.125,0.09375,0.19424432516098022,True,ok,0.14669870000216179
D2_111_nadir,aliked-lightglue-r2048-k8192,aliked,lightglue,2048,8192,832,100_0010_0070.JPG,100_0010_0078.JPG,8192,8192,70,9,0.12857142857142856,1.0986328125,0.109375,0.109375,0.18397362530231476,True,ok,0.12076779999188147
D2_111_nadir,aliked-lightglue-r2048-k8192,aliked,lightglue,2048,8192,833,100_0010_0070.JPG,100_0010_0100.JPG,8192,8192,2631,2448,0.9304446978335233,298.828125,0.5625,0.5,0.9203973412513733,False,ok,0.10762330000579823
D2_111_nadir,aliked-lightglue-r2048-k8192,aliked,lightglue,2048,8192,834,100_0010_0070.JPG,100_0010_0101.JPG,8192,8192,3819,3569,0.9345378371301388,435.6689453125,0.734375,0.6875,0.9112573266029358,False,ok,0.14720609999494627
D2_111_nadir,aliked-lightglue-r2048-k8192,aliked,lightglue,2048,8192,835,100_0010_0070.JPG,100_0010_0102.JPG,8192,8192,4005,3729,0.9310861423220974,455.2001953125,0.734375,0.671875,0.9118672013282776,False,ok,0.15110860001004767
D2_111_nadir,aliked-lightglue-r2048-k8192,aliked,lightglue,2048,8192,836,100_0010_0070.JPG,100_0010_0103.JPG,8192,8192,101,10,0.09900990099009901,1.220703125,0.109375,0.15625,0.19729651510715485,True,ok,0.1319350999983726
D2_111_nadir,aliked-lightglue-r2048-k8192,aliked,lightglue,2048,8192,837,100_0010_0070.JPG,100_0010_0104.JPG,8192,8192,101,11,0.10891089108910891,1.3427734375,0.140625,0.171875,0.2171427309513092,True,ok,0.10909290000563487
D2_111_nadir,aliked-lightglue-r2048-k8192,aliked,lightglue,2048,8192,838,100_0010_0070.JPG,100_0010_0105.JPG,8192,8192,81,10,0.12345679012345678,1.220703125,0.140625,0.15625,0.19971266388893127,True,ok,0.09637240000301972
D2_111_nadir,aliked-lightglue-r2048-k8192,aliked,lightglue,2048,8192,839,100_0010_0071.JPG,100_0010_0072.JPG,8192,8192,4295,4061,0.9455180442374854,495.7275390625,0.84375,0.84375,0.9340790510177612,False,ok,0.1244449999940116
D2_111_nadir,aliked-lightglue-r2048-k8192,aliked,lightglue,2048,8192,840,100_0010_0071.JPG,100_0010_0073.JPG,8192,8192,2634,2406,0.9134396355353075,293.701171875,0.609375,0.625,0.9292429685592651,False,ok,0.14383859999361448
D2_111_nadir,aliked-lightglue-r2048-k8192,aliked,lightglue,2048,8192,841,100_0010_0071.JPG,100_0010_0074.JPG,8192,8192,1407,1295,0.9203980099502488,158.0810546875,0.375,0.4375,0.9294365644454956,False,ok,0.15207399999781046
D2_111_nadir,aliked-lightglue-r2048-k8192,aliked,lightglue,2048,8192,842,100_0010_0071.JPG,100_0010_0075.JPG,8192,8192,441,383,0.8684807256235828,46.7529296875,0.21875,0.21875,0.8720852732658386,False,ok,0.12154450001253281
D2_111_nadir,aliked-lightglue-r2048-k8192,aliked,lightglue,2048,8192,843,100_0010_0071.JPG,100_0010_0076.JPG,8192,8192,62,9,0.14516129032258066,1.0986328125,0.109375,0.125,0.2021995335817337,True,ok,0.15670619999582414
D2_111_nadir,aliked-lightglue-r2048-k8192,aliked,lightglue,2048,8192,844,100_0010_0071.JPG,100_0010_0077.JPG,8192,8192,58,10,0.1724137931034483,1.220703125,0.15625,0.125,0.19390054047107697,True,ok,0.11825440000393428
D2_111_nadir,aliked-lightglue-r2048-k8192,aliked,lightglue,2048,8192,845,100_0010_0071.JPG,100_0010_0078.JPG,8192,8192,62,9,0.14516129032258066,1.0986328125,0.109375,0.125,0.20403890311717987,True,ok,0.10342210000089835
D2_111_nadir,aliked-lightglue-r2048-k8192,aliked,lightglue,2048,8192,846,100_0010_0071.JPG,100_0010_0079.JPG,8192,8192,52,10,0.19230769230769232,1.220703125,0.125,0.109375,0.18013222515583038,True,ok,0.11873230000492185
D2_111_nadir,aliked-lightglue-r2048-k8192,aliked,lightglue,2048,8192,847,100_0010_0071.JPG,100_0010_0100.JPG,8192,8192,2729,2545,0.9325760351777208,310.6689453125,0.5625,0.53125,0.914970874786377,False,ok,0.12887260000570677
D2_111_nadir,aliked-lightglue-r2048-k8192,aliked,lightglue,2048,8192,848,100_0010_0071.JPG,100_0010_0101.JPG,8192,8192,3919,3665,0.9351875478438377,447.3876953125,0.75,0.703125,0.9102596640586853,False,ok,0.13264100000378676
D2_111_nadir,aliked-lightglue-r2048-k8192,aliked,lightglue,2048,8192,849,100_0010_0071.JPG,100_0010_0102.JPG,8192,8192,4122,3846,0.9330422125181951,469.482421875,0.75,0.703125,0.9101585149765015,False,ok,0.1362204000033671
D2_111_nadir,aliked-lightglue-r2048-k8192,aliked,lightglue,2048,8192,850,100_0010_0071.JPG,100_0010_0103.JPG,8192,8192,102,13,0.12745098039215685,1.5869140625,0.09375,0.09375,0.2394702136516571,True,ok,0.12193850000039674
D2_111_nadir,aliked-lightglue-r2048-k8192,aliked,lightglue,2048,8192,851,100_0010_0071.JPG,100_0010_0104.JPG,8192,8192,85,10,0.11764705882352941,1.220703125,0.15625,0.15625,0.20470201969146729,True,ok,0.10392890000366606
D2_111_nadir,aliked-lightglue-r2048-k8192,aliked,lightglue,2048,8192,852,100_0010_0071.JPG,100_0010_0105.JPG,8192,8192,84,10,0.11904761904761904,1.220703125,0.125,0.140625,0.18542732298374176,True,ok,0.1118990999966627
D2_111_nadir,aliked-lightglue-r2048-k8192,aliked,lightglue,2048,8192,853,100_0010_0072.JPG,100_0010_0073.JPG,8192,8192,4957,4828,0.9739761952794028,589.35546875,0.875,0.875,0.971954882144928,False,ok,0.1131471000117017
D2_111_nadir,aliked-lightglue-r2048-k8192,aliked,lightglue,2048,8192,854,100_0010_0072.JPG,100_0010_0074.JPG,8192,8192,3484,3334,0.9569460390355913,406.982421875,0.59375,0.59375,0.9738731980323792,False,ok,0.18614869999873918
D2_111_nadir,aliked-lightglue-r2048-k8192,aliked,lightglue,2048,8192,855,100_0010_0072.JPG,100_0010_0075.JPG,8192,8192,2297,2220,0.9664780148019155,270.99609375,0.453125,0.484375,0.9800360798835754,False,ok,0.14353499999560881
D2_111_nadir,aliked-lightglue-r2048-k8192,aliked,lightglue,2048,8192,856,100_0010_0072.JPG,100_0010_0076.JPG,8192,8192,1475,1414,0.9586440677966102,172.607421875,0.25,0.25,0.9739708304405212,False,ok,0.13810149999335408
D2_111_nadir,aliked-lightglue-r2048-k8192,aliked,lightglue,2048,8192,857,100_0010_0072.JPG,100_0010_0077.JPG,8192,8192,187,75,0.40106951871657753,9.1552734375,0.0625,0.046875,0.49472764134407043,False,ok,0.10862310000811704
D2_111_nadir,aliked-lightglue-r2048-k8192,aliked,lightglue,2048,8192,858,100_0010_0072.JPG,100_0010_0078.JPG,8192,8192,63,10,0.15873015873015872,1.220703125,0.15625,0.109375,0.1925687938928604,True,ok,0.12494090000109281
D2_111_nadir,aliked-lightglue-r2048-k8192,aliked,lightglue,2048,8192,859,100_0010_0072.JPG,100_0010_0079.JPG,8192,8192,54,9,0.16666666666666666,1.0986328125,0.09375,0.140625,0.1864219754934311,True,ok,0.167863299997407
D2_111_nadir,aliked-lightglue-r2048-k8192,aliked,lightglue,2048,8192,860,100_0010_0072.JPG,100_0010_0080.JPG,8192,8192,100,9,0.09,1.0986328125,0.125,0.125,0.21116581559181213,True,ok,0.12587580000399612
D2_111_nadir,aliked-lightglue-r2048-k8192,aliked,lightglue,2048,8192,861,100_0010_0072.JPG,100_0010_0099.JPG,8192,8192,3348,3276,0.978494623655914,399.90234375,0.625,0.640625,0.9629037380218506,False,ok,0.1396066999877803
D2_111_nadir,aliked-lightglue-r2048-k8192,aliked,lightglue,2048,8192,862,100_0010_0072.JPG,100_0010_0100.JPG,8192,8192,4394,4239,0.964724624487938,517.4560546875,0.75,0.703125,0.9446486234664917,False,ok,0.12176490000274498
D2_111_nadir,aliked-lightglue-r2048-k8192,aliked,lightglue,2048,8192,863,100_0010_0072.JPG,100_0010_0101.JPG,8192,8192,3002,2821,0.9397068620919387,344.3603515625,0.65625,0.609375,0.9292101263999939,False,ok,0.09879629999340978
D2_111_nadir,aliked-lightglue-r2048-k8192,aliked,lightglue,2048,8192,864,100_0010_0072.JPG,100_0010_0102.JPG,8192,8192,2742,2544,0.9277899343544858,310.546875,0.640625,0.578125,0.9211565852165222,False,ok,0.12553940000361763
D2_111_nadir,aliked-lightglue-r2048-k8192,aliked,lightglue,2048,8192,865,100_0010_0072.JPG,100_0010_0103.JPG,8192,8192,1374,1303,0.9483260553129549,159.0576171875,0.21875,0.21875,0.9528863430023193,False,ok,0.188492999994196
D2_111_nadir,aliked-lightglue-r2048-k8192,aliked,lightglue,2048,8192,866,100_0010_0072.JPG,100_0010_0104.JPG,8192,8192,608,560,0.9210526315789473,68.359375,0.125,0.125,0.9555957317352295,False,ok,0.09549210000841413
D2_111_nadir,aliked-lightglue-r2048-k8192,aliked,lightglue,2048,8192,867,100_0010_0072.JPG,100_0010_0105.JPG,8192,8192,93,9,0.0967741935483871,1.0986328125,0.125,0.09375,0.20267662405967712,True,ok,0.11943279999832157
D2_111_nadir,aliked-lightglue-r2048-k8192,aliked,lightglue,2048,8192,868,100_0010_0072.JPG,100_0010_0106.JPG,8192,8192,90,10,0.1111111111111111,1.220703125,0.140625,0.140625,0.2014419287443161,True,ok,0.10943229999975301
D2_111_nadir,aliked-lightglue-r2048-k8192,aliked,lightglue,2048,8192,869,100_0010_0073.JPG,100_0010_0074.JPG,8192,8192,5394,5318,0.985910270671116,649.169921875,0.859375,0.875,0.9842870235443115,False,ok,0.14128680000430904
D2_111_nadir,aliked-lightglue-r2048-k8192,aliked,lightglue,2048,8192,870,100_0010_0073.JPG,100_0010_0075.JPG,8192,8192,4067,3977,0.9778706663388247,485.4736328125,0.625,0.625,0.9860529899597168,False,ok,0.11706379998940974
D2_111_nadir,aliked-lightglue-r2048-k8192,aliked,lightglue,2048,8192,871,100_0010_0073.JPG,100_0010_0076.JPG,8192,8192,3171,3087,0.9735099337748344,376.8310546875,0.484375,0.5,0.9844051003456116,False,ok,0.12779620000219438
D2_111_nadir,aliked-lightglue-r2048-k8192,aliked,lightglue,2048,8192,872,100_0010_0073.JPG,100_0010_0077.JPG,8192,8192,1841,1778,0.9657794676806084,217.041015625,0.25,0.25,0.9784685373306274,False,ok,0.13186349999159575
D2_111_nadir,aliked-lightglue-r2048-k8192,aliked,lightglue,2048,8192,873,100_0010_0073.JPG,100_0010_0078.JPG,8192,8192,177,145,0.8192090395480226,17.7001953125,0.09375,0.078125,0.7856176495552063,False,ok,0.18289219999860507
D2_111_nadir,aliked-lightglue-r2048-k8192,aliked,lightglue,2048,8192,874,100_0010_0073.JPG,100_0010_0079.JPG,8192,8192,51,9,0.17647058823529413,1.0986328125,0.140625,0.125,0.23268002271652222,True,ok,0.1448880999960238
D2_111_nadir,aliked-lightglue-r2048-k8192,aliked,lightglue,2048,8192,875,100_0010_0073.JPG,100_0010_0080.JPG,8192,8192,95,9,0.09473684210526316,1.0986328125,0.09375,0.109375,0.2271503508090973,True,ok,0.10955680000188295
D2_111_nadir,aliked-lightglue-r2048-k8192,aliked,lightglue,2048,8192,876,100_0010_0073.JPG,100_0010_0081.JPG,8192,8192,87,10,0.11494252873563218,1.220703125,0.140625,0.125,0.2073267102241516,True,ok,0.11514809999789577
D2_111_nadir,aliked-lightglue-r2048-k8192,aliked,lightglue,2048,8192,877,100_0010_0073.JPG,100_0010_0098.JPG,8192,8192,3803,3775,0.9926373915330002,460.8154296875,0.640625,0.65625,0.9826540946960449,False,ok,0.1170702999952482
D2_111_nadir,aliked-lightglue-r2048-k8192,aliked,lightglue,2048,8192,878,100_0010_0073.JPG,100_0010_0099.JPG,8192,8192,4752,4639,0.9762205387205387,566.2841796875,0.703125,0.65625,0.9725313186645508,False,ok,0.1361971000005724
D2_111_nadir,aliked-lightglue-r2048-k8192,aliked,lightglue,2048,8192,879,100_0010_0073.JPG,100_0010_0100.JPG,8192,8192,3610,3532,0.978393351800554,431.15234375,0.65625,0.59375,0.969802737236023,False,ok,0.11773629998788238
D2_111_nadir,aliked-lightglue-r2048-k8192,aliked,lightglue,2048,8192,880,100_0010_0073.JPG,100_0010_0101.JPG,8192,8192,2010,1894,0.9422885572139303,231.201171875,0.546875,0.453125,0.9379827976226807,False,ok,0.13752319999912288
D2_111_nadir,aliked-lightglue-r2048-k8192,aliked,lightglue,2048,8192,881,100_0010_0073.JPG,100_0010_0102.JPG,8192,8192,1761,1656,0.9403747870528109,202.1484375,0.46875,0.40625,0.9387588500976562,False,ok,0.13974280000547878
D2_111_nadir,aliked-lightglue-r2048-k8192,aliked,lightglue,2048,8192,882,100_0010_0073.JPG,100_0010_0103.JPG,8192,8192,2469,2223,0.9003645200486027,271.3623046875,0.4375,0.34375,0.9661744832992554,False,ok,0.13108949999150354
D2_111_nadir,aliked-lightglue-r2048-k8192,aliked,lightglue,2048,8192,883,100_0010_0073.JPG,100_0010_0104.JPG,8192,8192,1930,1743,0.9031088082901555,212.7685546875,0.34375,0.28125,0.9612553715705872,False,ok,0.12733120001212228
D2_111_nadir,aliked-lightglue-r2048-k8192,aliked,lightglue,2048,8192,884,100_0010_0073.JPG,100_0010_0105.JPG,8192,8192,1011,901,0.8911968348170128,109.9853515625,0.125,0.125,0.9445496797561646,False,ok,0.1326913999946555
D2_111_nadir,aliked-lightglue-r2048-k8192,aliked,lightglue,2048,8192,885,100_0010_0073.JPG,100_0010_0106.JPG,8192,8192,101,10,0.09900990099009901,1.220703125,0.109375,0.140625,0.1830238550901413,True,ok,0.12480600000708364
D2_111_nadir,aliked-lightglue-r2048-k8192,aliked,lightglue,2048,8192,886,100_0010_0073.JPG,100_0010_0107.JPG,8192,8192,100,9,0.09,1.0986328125,0.140625,0.140625,0.18116822838783264,True,ok,0.12831299999379553
D2_111_nadir,aliked-lightglue-r2048-k8192,aliked,lightglue,2048,8192,887,100_0010_0074.JPG,100_0010_0075.JPG,8192,8192,5628,5584,0.992181947405828,681.640625,0.859375,0.875,0.9869685173034668,False,ok,0.10709629999473691
D2_111_nadir,aliked-lightglue-r2048-k8192,aliked,lightglue,2048,8192,888,100_0010_0074.JPG,100_0010_0076.JPG,8192,8192,4591,4499,0.979960792855587,549.1943359375,0.625,0.625,0.987476110458374,False,ok,0.1295137999986764
D2_111_nadir,aliked-lightglue-r2048-k8192,aliked,lightglue,2048,8192,889,100_0010_0074.JPG,100_0010_0077.JPG,8192,8192,3351,3253,0.9707549985079081,397.0947265625,0.5,0.5,0.9852919578552246,False,ok,0.13827609999862034
D2_111_nadir,aliked-lightglue-r2048-k8192,aliked,lightglue,2048,8192,890,100_0010_0074.JPG,100_0010_0078.JPG,8192,8192,1778,1720,0.9673790776152981,209.9609375,0.25,0.25,0.974459171295166,False,ok,0.15708669999730773
D2_111_nadir,aliked-lightglue-r2048-k8192,aliked,lightglue,2048,8192,891,100_0010_0074.JPG,100_0010_0079.JPG,8192,8192,204,110,0.5392156862745098,13.427734375,0.109375,0.109375,0.5519359707832336,False,ok,0.140861700012465
D2_111_nadir,aliked-lightglue-r2048-k8192,aliked,lightglue,2048,8192,892,100_0010_0074.JPG,100_0010_0080.JPG,8192,8192,87,9,0.10344827586206896,1.0986328125,0.125,0.125,0.18781238794326782,True,ok,0.13267989999440033
D2_111_nadir,aliked-lightglue-r2048-k8192,aliked,lightglue,2048,8192,893,100_0010_0074.JPG,100_0010_0081.JPG,8192,8192,81,9,0.1111111111111111,1.0986328125,0.125,0.109375,0.2168218344449997,True,ok,0.11193790000106674
D2_111_nadir,aliked-lightglue-r2048-k8192,aliked,lightglue,2048,8192,894,100_0010_0074.JPG,100_0010_0082.JPG,8192,8192,67,9,0.13432835820895522,1.0986328125,0.109375,0.140625,0.20693141222000122,True,ok,0.12874610000289977
D2_111_nadir,aliked-lightglue-r2048-k8192,aliked,lightglue,2048,8192,895,100_0010_0074.JPG,100_0010_0096.JPG,8192,8192,3559,3520,0.9890418656926103,429.6875,0.46875,0.46875,0.986417829990387,False,ok,0.11796390000381507
D2_111_nadir,aliked-lightglue-r2048-k8192,aliked,lightglue,2048,8192,896,100_0010_0074.JPG,100_0010_0097.JPG,8192,8192,3996,3965,0.9922422422422422,484.0087890625,0.640625,0.65625,0.9870093464851379,False,ok,0.1269386000058148
D2_111_nadir,aliked-lightglue-r2048-k8192,aliked,lightglue,2048,8192,897,100_0010_0074.JPG,100_0010_0098.JPG,8192,8192,4916,4865,0.9896257119609438,593.8720703125,0.75,0.75,0.9846635460853577,False,ok,0.13685179999447428
D2_111_nadir,aliked-lightglue-r2048-k8192,aliked,lightglue,2048,8192,898,100_0010_0074.JPG,100_0010_0099.JPG,8192,8192,4024,3976,0.9880715705765407,485.3515625,0.65625,0.640625,0.9829367995262146,False,ok,0.13056210000650026
D2_111_nadir,aliked-lightglue-r2048-k8192,aliked,lightglue,2048,8192,899,100_0010_0074.JPG,100_0010_0100.JPG,8192,8192,2712,2650,0.9771386430678466,323.486328125,0.5625,0.5,0.9716816544532776,False,ok,0.13126159999228548
D2_111_nadir,aliked-lightglue-r2048-k8192,aliked,lightglue,2048,8192,900,100_0010_0074.JPG,100_0010_0104.JPG,8192,8192,2872,2539,0.8840529247910863,309.9365234375,0.484375,0.421875,0.9645885825157166,False,ok,0.1451919000101043
D2_111_nadir,aliked-lightglue-r2048-k8192,aliked,lightglue,2048,8192,901,100_0010_0074.JPG,100_0010_0105.JPG,8192,8192,2174,1927,0.8863845446182153,235.2294921875,0.375,0.375,0.9656780362129211,False,ok,0.13325470000563655
D2_111_nadir,aliked-lightglue-r2048-k8192,aliked,lightglue,2048,8192,902,100_0010_0074.JPG,100_0010_0106.JPG,8192,8192,1247,1100,0.8821170809943866,134.27734375,0.25,0.25,0.9482846856117249,False,ok,0.13458270000410266
D2_111_nadir,aliked-lightglue-r2048-k8192,aliked,lightglue,2048,8192,903,100_0010_0074.JPG,100_0010_0107.JPG,8192,8192,102,11,0.10784313725490197,1.3427734375,0.109375,0.09375,0.23154079914093018,True,ok,0.13505589999840595
D2_111_nadir,aliked-lightglue-r2048-k8192,aliked,lightglue,2048,8192,904,100_0010_0074.JPG,100_0010_0108.JPG,8192,8192,95,10,0.10526315789473684,1.220703125,0.140625,0.15625,0.2247442603111267,True,ok,0.1357756000070367
D2_111_nadir,aliked-lightglue-r2048-k8192,aliked,lightglue,2048,8192,905,100_0010_0075.JPG,100_0010_0076.JPG,8192,8192,6073,6033,0.9934134694549646,736.4501953125,0.859375,0.875,0.9867064356803894,False,ok,0.133261399998446
D2_111_nadir,aliked-lightglue-r2048-k8192,aliked,lightglue,2048,8192,906,100_0010_0075.JPG,100_0010_0077.JPG,8192,8192,4810,4716,0.9804573804573805,575.68359375,0.625,0.625,0.985148549079895,False,ok,0.12468039999657776
D2_111_nadir,aliked-lightglue-r2048-k8192,aliked,lightglue,2048,8192,907,100_0010_0075.JPG,100_0010_0078.JPG,8192,8192,3258,3162,0.9705340699815838,385.986328125,0.5,0.5,0.9809680581092834,False,ok,0.12198899999202695
D2_111_nadir,aliked-lightglue-r2048-k8192,aliked,lightglue,2048,8192,908,100_0010_0075.JPG,100_0010_0079.JPG,8192,8192,1797,1710,0.9515859766277128,208.740234375,0.25,0.25,0.969820499420166,False,ok,0.13068509999720845
D2_111_nadir,aliked-lightglue-r2048-k8192,aliked,lightglue,2048,8192,909,100_0010_0075.JPG,100_0010_0080.JPG,8192,8192,365,222,0.6082191780821918,27.099609375,0.125,0.125,0.6964973211288452,False,ok,0.17632870000670664
D2_111_nadir,aliked-lightglue-r2048-k8192,aliked,lightglue,2048,8192,910,100_0010_0075.JPG,100_0010_0081.JPG,8192,8192,123,11,0.08943089430894309,1.3427734375,0.125,0.109375,0.2528424859046936,True,ok,0.1362243000039598
D2_111_nadir,aliked-lightglue-r2048-k8192,aliked,lightglue,2048,8192,911,100_0010_0075.JPG,100_0010_0082.JPG,8192,8192,73,9,0.1232876712328767,1.0986328125,0.09375,0.109375,0.2564520835876465,True,ok,0.10190379999403376
D2_111_nadir,aliked-lightglue-r2048-k8192,aliked,lightglue,2048,8192,912,100_0010_0075.JPG,100_0010_0083.JPG,8192,8192,80,10,0.125,1.220703125,0.15625,0.140625,0.20858223736286163,True,ok,0.12442019999434706
D2_111_nadir,aliked-lightglue-r2048-k8192,aliked,lightglue,2048,8192,913,100_0010_0075.JPG,100_0010_0095.JPG,8192,8192,3564,3505,0.9834455667789002,427.8564453125,0.46875,0.46875,0.9800909161567688,False,ok,0.13131650000286754
D2_111_nadir,aliked-lightglue-r2048-k8192,aliked,lightglue,2048,8192,914,100_0010_0075.JPG,100_0010_0096.JPG,8192,8192,4524,4498,0.9942528735632183,549.072265625,0.640625,0.65625,0.9855133295059204,False,ok,0.1574389000015799
D2_111_nadir,aliked-lightglue-r2048-k8192,aliked,lightglue,2048,8192,915,100_0010_0075.JPG,100_0010_0097.JPG,8192,8192,4953,4904,0.9901070058550373,598.6328125,0.75,0.75,0.9864740371704102,False,ok,0.12107259999902453
D2_111_nadir,aliked-lightglue-r2048-k8192,aliked,lightglue,2048,8192,916,100_0010_0075.JPG,100_0010_0098.JPG,8192,8192,4195,4164,0.9926102502979738,508.30078125,0.65625,0.640625,0.9871733784675598,False,ok,0.1380150000040885
D2_111_nadir,aliked-lightglue-r2048-k8192,aliked,lightglue,2048,8192,917,100_0010_0075.JPG,100_0010_0105.JPG,8192,8192,3101,2742,0.8842308932602386,334.716796875,0.578125,0.484375,0.9658383131027222,False,ok,0.12868799999705516
D2_111_nadir,aliked-lightglue-r2048-k8192,aliked,lightglue,2048,8192,918,100_0010_0075.JPG,100_0010_0106.JPG,8192,8192,2334,2154,0.922879177377892,262.939453125,0.375,0.375,0.971066951751709,False,ok,0.13909599999897182
D2_111_nadir,aliked-lightglue-r2048-k8192,aliked,lightglue,2048,8192,919,100_0010_0075.JPG,100_0010_0107.JPG,8192,8192,1419,1305,0.919661733615222,159.3017578125,0.234375,0.21875,0.9669288992881775,False,ok,0.1376996000035433
D2_111_nadir,aliked-lightglue-r2048-k8192,aliked,lightglue,2048,8192,920,100_0010_0075.JPG,100_0010_0108.JPG,8192,8192,440,400,0.9090909090909091,48.828125,0.109375,0.109375,0.9362725019454956,False,ok,0.10921469998720568
D2_111_nadir,aliked-lightglue-r2048-k8192,aliked,lightglue,2048,8192,921,100_0010_0076.JPG,100_0010_0077.JPG,8192,8192,5907,5867,0.9932283731166412,716.1865234375,0.875,0.875,0.9861535429954529,False,ok,0.12721560000500176
D2_111_nadir,aliked-lightglue-r2048-k8192,aliked,lightglue,2048,8192,922,100_0010_0076.JPG,100_0010_0078.JPG,8192,8192,4358,4271,0.9800367140890317,521.3623046875,0.625,0.625,0.9833975434303284,False,ok,0.13277030001336243
D2_111_nadir,aliked-lightglue-r2048-k8192,aliked,lightglue,2048,8192,923,100_0010_0076.JPG,100_0010_0079.JPG,8192,8192,2890,2765,0.9567474048442907,337.5244140625,0.484375,0.5,0.9781246781349182,False,ok,0.13067030000092927
D2_111_nadir,aliked-lightglue-r2048-k8192,aliked,lightglue,2048,8192,924,100_0010_0076.JPG,100_0010_0080.JPG,8192,8192,1443,1355,0.939015939015939,165.4052734375,0.25,0.25,0.9642696976661682,False,ok,0.12804909999249503
D2_111_nadir,aliked-lightglue-r2048-k8192,aliked,lightglue,2048,8192,925,100_0010_0076.JPG,100_0010_0081.JPG,8192,8192,284,195,0.6866197183098591,23.8037109375,0.109375,0.109375,0.7823456525802612,False,ok,0.1795189999975264
D2_111_nadir,aliked-lightglue-r2048-k8192,aliked,lightglue,2048,8192,926,100_0010_0076.JPG,100_0010_0082.JPG,8192,8192,79,10,0.12658227848101267,1.220703125,0.140625,0.140625,0.19829505681991577,True,ok,0.14053399999102112
D2_111_nadir,aliked-lightglue-r2048-k8192,aliked,lightglue,2048,8192,927,100_0010_0076.JPG,100_0010_0083.JPG,8192,8192,74,9,0.12162162162162163,1.0986328125,0.125,0.125,0.21024662256240845,True,ok,0.13053400001081172
D2_111_nadir,aliked-lightglue-r2048-k8192,aliked,lightglue,2048,8192,928,100_0010_0076.JPG,100_0010_0084.JPG,8192,8192,90,10,0.1111111111111111,1.220703125,0.109375,0.140625,0.2163456827402115,True,ok,0.12283200000820216
D2_111_nadir,aliked-lightglue-r2048-k8192,aliked,lightglue,2048,8192,929,100_0010_0076.JPG,100_0010_0094.JPG,8192,8192,3091,3020,0.977030087350372,368.65234375,0.46875,0.46875,0.9768046736717224,False,ok,0.12934159999713302
D2_111_nadir,aliked-lightglue-r2048-k8192,aliked,lightglue,2048,8192,930,100_0010_0076.JPG,100_0010_0095.JPG,8192,8192,4150,4103,0.9886746987951808,500.8544921875,0.65625,0.640625,0.9830713272094727,False,ok,0.1209112000069581
D2_111_nadir,aliked-lightglue-r2048-k8192,aliked,lightglue,2048,8192,931,100_0010_0076.JPG,100_0010_0096.JPG,8192,8192,4997,4943,0.9891935161096658,603.3935546875,0.75,0.75,0.9865008592605591,False,ok,0.14599879999877885
D2_111_nadir,aliked-lightglue-r2048-k8192,aliked,lightglue,2048,8192,932,100_0010_0076.JPG,100_0010_0097.JPG,8192,8192,4604,4567,0.9919635099913119,557.4951171875,0.65625,0.65625,0.986857533454895,False,ok,0.12031209999986459
D2_111_nadir,aliked-lightglue-r2048-k8192,aliked,lightglue,2048,8192,933,100_0010_0076.JPG,100_0010_0106.JPG,8192,8192,2946,2523,0.8564154786150713,307.9833984375,0.609375,0.453125,0.9675481915473938,False,ok,0.1145161000022199
D2_111_nadir,aliked-lightglue-r2048-k8192,aliked,lightglue,2048,8192,934,100_0010_0076.JPG,100_0010_0107.JPG,8192,8192,2167,1958,0.9035532994923858,239.013671875,0.453125,0.3125,0.9755344390869141,False,ok,0.1272140000073705
D2_111_nadir,aliked-lightglue-r2048-k8192,aliked,lightglue,2048,8192,935,100_0010_0076.JPG,100_0010_0108.JPG,8192,8192,1295,1233,0.9521235521235522,150.5126953125,0.3125,0.265625,0.9712068438529968,False,ok,0.1340829999971902
D2_111_nadir,aliked-lightglue-r2048-k8192,aliked,lightglue,2048,8192,936,100_0010_0076.JPG,100_0010_0109.JPG,8192,8192,627,538,0.8580542264752791,65.673828125,0.140625,0.15625,0.9329686164855957,False,ok,0.1405436000059126
D2_111_nadir,aliked-lightglue-r2048-k8192,aliked,lightglue,2048,8192,937,100_0010_0077.JPG,100_0010_0078.JPG,8192,8192,5653,5586,0.9881478860781886,681.884765625,0.859375,0.859375,0.9812702536582947,False,ok,0.13106349999725353
D2_111_nadir,aliked-lightglue-r2048-k8192,aliked,lightglue,2048,8192,938,100_0010_0077.JPG,100_0010_0079.JPG,8192,8192,3989,3855,0.9664076209576334,470.5810546875,0.609375,0.609375,0.9753342866897583,False,ok,0.13056849999702536
D2_111_nadir,aliked-lightglue-r2048-k8192,aliked,lightglue,2048,8192,939,100_0010_0077.JPG,100_0010_0080.JPG,8192,8192,2468,2348,0.9513776337115073,286.62109375,0.484375,0.484375,0.9669382572174072,False,ok,0.12698259999160655
D2_111_nadir,aliked-lightglue-r2048-k8192,aliked,lightglue,2048,8192,940,100_0010_0077.JPG,100_0010_0081.JPG,8192,8192,1231,1160,0.942323314378554,141.6015625,0.25,0.25,0.9558312892913818,False,ok,0.1351027999917278
D2_111_nadir,aliked-lightglue-r2048-k8192,aliked,lightglue,2048,8192,941,100_0010_0077.JPG,100_0010_0082.JPG,8192,8192,246,168,0.6829268292682927,20.5078125,0.109375,0.109375,0.7885028719902039,False,ok,0.1834316000022227
D2_111_nadir,aliked-lightglue-r2048-k8192,aliked,lightglue,2048,8192,942,100_0010_0077.JPG,100_0010_0083.JPG,8192,8192,100,10,0.1,1.220703125,0.109375,0.140625,0.19110792875289917,True,ok,0.15761379999457859
D2_111_nadir,aliked-lightglue-r2048-k8192,aliked,lightglue,2048,8192,943,100_0010_0077.JPG,100_0010_0084.JPG,8192,8192,85,9,0.10588235294117647,1.0986328125,0.125,0.109375,0.22329220175743103,True,ok,0.1087790000019595
D2_111_nadir,aliked-lightglue-r2048-k8192,aliked,lightglue,2048,8192,944,100_0010_0077.JPG,100_0010_0085.JPG,8192,8192,82,10,0.12195121951219512,1.220703125,0.109375,0.078125,0.2200215458869934,True,ok,0.13775940000778064
D2_111_nadir,aliked-lightglue-r2048-k8192,aliked,lightglue,2048,8192,945,100_0010_0077.JPG,100_0010_0093.JPG,8192,8192,2701,2600,0.9626064420584969,317.3828125,0.46875,0.453125,0.9627628326416016,False,ok,0.11990049999440089
D2_111_nadir,aliked-lightglue-r2048-k8192,aliked,lightglue,2048,8192,946,100_0010_0077.JPG,100_0010_0094.JPG,8192,8192,3845,3784,0.9841352405721716,461.9140625,0.65625,0.609375,0.9751498699188232,False,ok,0.1332980999868596
D2_111_nadir,aliked-lightglue-r2048-k8192,aliked,lightglue,2048,8192,947,100_0010_0077.JPG,100_0010_0095.JPG,8192,8192,4865,4801,0.9868448098663926,586.0595703125,0.75,0.734375,0.9807291030883789,False,ok,0.14258699999481905
D2_111_nadir,aliked-lightglue-r2048-k8192,aliked,lightglue,2048,8192,948,100_0010_0077.JPG,100_0010_0096.JPG,8192,8192,4380,4340,0.9908675799086758,529.78515625,0.65625,0.65625,0.9849380850791931,False,ok,0.11849389999406412
D2_111_nadir,aliked-lightglue-r2048-k8192,aliked,lightglue,2048,8192,949,100_0010_0077.JPG,100_0010_0097.JPG,8192,8192,3745,3692,0.9858477970627504,450.68359375,0.5625,0.5625,0.9827002286911011,False,ok,0.1266197000077227
D2_111_nadir,aliked-lightglue-r2048-k8192,aliked,lightglue,2048,8192,950,100_0010_0077.JPG,100_0010_0107.JPG,8192,8192,2732,2385,0.87298682284041,291.1376953125,0.5625,0.4375,0.9560030102729797,False,ok,0.1317784999992
D2_111_nadir,aliked-lightglue-r2048-k8192,aliked,lightglue,2048,8192,951,100_0010_0077.JPG,100_0010_0108.JPG,8192,8192,1882,1749,0.9293304994686503,213.5009765625,0.421875,0.375,0.9621092677116394,False,ok,0.14231629999994766
D2_111_nadir,aliked-lightglue-r2048-k8192,aliked,lightglue,2048,8192,952,100_0010_0077.JPG,100_0010_0109.JPG,8192,8192,1244,1168,0.9389067524115756,142.578125,0.265625,0.28125,0.960843026638031,False,ok,0.13423840000177734
D2_111_nadir,aliked-lightglue-r2048-k8192,aliked,lightglue,2048,8192,953,100_0010_0078.JPG,100_0010_0079.JPG,8192,8192,5479,5420,0.9892316116079577,661.62109375,0.859375,0.828125,0.975680947303772,False,ok,0.13551490000099875
D2_111_nadir,aliked-lightglue-r2048-k8192,aliked,lightglue,2048,8192,954,100_0010_0078.JPG,100_0010_0080.JPG,8192,8192,3835,3693,0.9629726205997392,450.8056640625,0.609375,0.609375,0.9707362055778503,False,ok,0.1298802999954205
D2_111_nadir,aliked-lightglue-r2048-k8192,aliked,lightglue,2048,8192,955,100_0010_0078.JPG,100_0010_0081.JPG,8192,8192,2410,2290,0.950207468879668,279.541015625,0.484375,0.46875,0.9684621691703796,False,ok,0.12826429998676758
D2_111_nadir,aliked-lightglue-r2048-k8192,aliked,lightglue,2048,8192,956,100_0010_0078.JPG,100_0010_0082.JPG,8192,8192,1231,1150,0.934199837530463,140.380859375,0.234375,0.234375,0.9572115540504456,False,ok,0.12871439999435097
D2_111_nadir,aliked-lightglue-r2048-k8192,aliked,lightglue,2048,8192,957,100_0010_0078.JPG,100_0010_0083.JPG,8192,8192,251,195,0.7768924302788844,23.8037109375,0.09375,0.109375,0.8559176325798035,False,ok,0.1853283999953419
D2_111_nadir,aliked-lightglue-r2048-k8192,aliked,lightglue,2048,8192,958,100_0010_0078.JPG,100_0010_0084.JPG,8192,8192,78,9,0.11538461538461539,1.0986328125,0.125,0.140625,0.18200580775737762,True,ok,0.14253610000014305
D2_111_nadir,aliked-lightglue-r2048-k8192,aliked,lightglue,2048,8192,959,100_0010_0078.JPG,100_0010_0085.JPG,8192,8192,80,10,0.125,1.220703125,0.109375,0.125,0.18358080089092255,True,ok,0.12244310000096448
D2_111_nadir,aliked-lightglue-r2048-k8192,aliked,lightglue,2048,8192,960,100_0010_0078.JPG,100_0010_0086.JPG,8192,8192,55,10,0.18181818181818182,1.220703125,0.140625,0.125,0.18252648413181305,True,ok,0.12413609999930486
D2_111_nadir,aliked-lightglue-r2048-k8192,aliked,lightglue,2048,8192,961,100_0010_0078.JPG,100_0010_0092.JPG,8192,8192,2338,2228,0.9529512403763901,271.97265625,0.46875,0.453125,0.9447186589241028,False,ok,0.11575230000016745
D2_111_nadir,aliked-lightglue-r2048-k8192,aliked,lightglue,2048,8192,962,100_0010_0078.JPG,100_0010_0093.JPG,8192,8192,3614,3530,0.9767570558937465,430.908203125,0.65625,0.609375,0.9633240103721619,False,ok,0.1340658999979496
D2_111_nadir,aliked-lightglue-r2048-k8192,aliked,lightglue,2048,8192,963,100_0010_0078.JPG,100_0010_0094.JPG,8192,8192,4744,4667,0.9837689713322091,569.7021484375,0.75,0.734375,0.9715747237205505,False,ok,0.13772809998772573
D2_111_nadir,aliked-lightglue-r2048-k8192,aliked,lightglue,2048,8192,964,100_0010_0078.JPG,100_0010_0095.JPG,8192,8192,4211,4154,0.9864640227974353,507.080078125,0.65625,0.640625,0.9767700433731079,False,ok,0.12808479998784605
D2_111_nadir,aliked-lightglue-r2048-k8192,aliked,lightglue,2048,8192,965,100_0010_0078.JPG,100_0010_0096.JPG,8192,8192,3326,3264,0.9813589897775106,398.4375,0.546875,0.5625,0.9781206250190735,False,ok,0.13152929999341723
D2_111_nadir,aliked-lightglue-r2048-k8192,aliked,lightglue,2048,8192,966,100_0010_0078.JPG,100_0010_0109.JPG,8192,8192,1850,1709,0.9237837837837838,208.6181640625,0.453125,0.359375,0.9596491456031799,False,ok,0.12852830000338145
D2_111_nadir,aliked-lightglue-r2048-k8192,aliked,lightglue,2048,8192,967,100_0010_0079.JPG,100_0010_0080.JPG,8192,8192,5471,5383,0.9839151891793091,657.1044921875,0.875,0.875,0.9649117588996887,False,ok,0.14301060000434518
D2_111_nadir,aliked-lightglue-r2048-k8192,aliked,lightglue,2048,8192,968,100_0010_0079.JPG,100_0010_0081.JPG,8192,8192,3984,3825,0.9600903614457831,466.9189453125,0.625,0.625,0.9624306559562683,False,ok,0.11974769999505952
D2_111_nadir,aliked-lightglue-r2048-k8192,aliked,lightglue,2048,8192,969,100_0010_0079.JPG,100_0010_0082.JPG,8192,8192,2610,2443,0.936015325670498,298.2177734375,0.484375,0.5,0.9605481028556824,False,ok,0.16082859999733046
D2_111_nadir,aliked-lightglue-r2048-k8192,aliked,lightglue,2048,8192,970,100_0010_0079.JPG,100_0010_0083.JPG,8192,8192,1459,1348,0.9239204934886909,164.55078125,0.25,0.25,0.9321394562721252,False,ok,0.10794859999441542
D2_111_nadir,aliked-lightglue-r2048-k8192,aliked,lightglue,2048,8192,971,100_0010_0079.JPG,100_0010_0084.JPG,8192,8192,295,227,0.7694915254237288,27.7099609375,0.109375,0.140625,0.7829758524894714,False,ok,0.17591160000301898
D2_111_nadir,aliked-lightglue-r2048-k8192,aliked,lightglue,2048,8192,972,100_0010_0079.JPG,100_0010_0085.JPG,8192,8192,55,10,0.18181818181818182,1.220703125,0.140625,0.15625,0.20530731976032257,True,ok,0.13654190000670496
D2_111_nadir,aliked-lightglue-r2048-k8192,aliked,lightglue,2048,8192,973,100_0010_0079.JPG,100_0010_0086.JPG,8192,8192,62,10,0.16129032258064516,1.220703125,0.125,0.125,0.20185357332229614,True,ok,0.12842730000556912
D2_111_nadir,aliked-lightglue-r2048-k8192,aliked,lightglue,2048,8192,974,100_0010_0079.JPG,100_0010_0087.JPG,8192,8192,67,10,0.14925373134328357,1.220703125,0.078125,0.125,0.21366751194000244,True,ok,0.12172709999140352
D2_111_nadir,aliked-lightglue-r2048-k8192,aliked,lightglue,2048,8192,975,100_0010_0079.JPG,100_0010_0091.JPG,8192,8192,2420,2301,0.9508264462809918,280.8837890625,0.46875,0.46875,0.9319905042648315,False,ok,0.11210769999888726
D2_111_nadir,aliked-lightglue-r2048-k8192,aliked,lightglue,2048,8192,976,100_0010_0079.JPG,100_0010_0092.JPG,8192,8192,3353,3237,0.9654041157172681,395.1416015625,0.65625,0.640625,0.9368903636932373,False,ok,0.13729510000848677
D2_111_nadir,aliked-lightglue-r2048-k8192,aliked,lightglue,2048,8192,977,100_0010_0079.JPG,100_0010_0093.JPG,8192,8192,4603,4480,0.9732782967629806,546.875,0.75,0.75,0.9552634358406067,False,ok,0.1252532000071369
D2_111_nadir,aliked-lightglue-r2048-k8192,aliked,lightglue,2048,8192,978,100_0010_0079.JPG,100_0010_0094.JPG,8192,8192,3875,3776,0.9744516129032258,460.9375,0.65625,0.65625,0.9566888809204102,False,ok,0.10910359999979846
D2_111_nadir,aliked-lightglue-r2048-k8192,aliked,lightglue,2048,8192,979,100_0010_0079.JPG,100_0010_0095.JPG,8192,8192,3009,2907,0.9661016949152542,354.8583984375,0.546875,0.53125,0.9602094888687134,False,ok,0.10973749999538995
D2_111_nadir,aliked-lightglue-r2048-k8192,aliked,lightglue,2048,8192,980,100_0010_0080.JPG,100_0010_0081.JPG,8192,8192,5766,5674,0.9840443981963233,692.626953125,0.875,0.84375,0.9638367295265198,False,ok,0.13790899999730755
D2_111_nadir,aliked-lightglue-r2048-k8192,aliked,lightglue,2048,8192,981,100_0010_0080.JPG,100_0010_0082.JPG,8192,8192,4046,3888,0.9609490855165596,474.609375,0.625,0.625,0.9660294651985168,False,ok,0.11874400000669993
D2_111_nadir,aliked-lightglue-r2048-k8192,aliked,lightglue,2048,8192,982,100_0010_0080.JPG,100_0010_0083.JPG,8192,8192,2582,2432,0.9419054996127033,296.875,0.5,0.4375,0.9593004584312439,False,ok,0.13660290000552777
D2_111_nadir,aliked-lightglue-r2048-k8192,aliked,lightglue,2048,8192,983,100_0010_0080.JPG,100_0010_0084.JPG,8192,8192,1223,1099,0.8986099754701553,134.1552734375,0.25,0.25,0.9397405982017517,False,ok,0.1288644000014756
D2_111_nadir,aliked-lightglue-r2048-k8192,aliked,lightglue,2048,8192,984,100_0010_0080.JPG,100_0010_0085.JPG,8192,8192,679,599,0.882179675994109,73.1201171875,0.21875,0.171875,0.9425560235977173,False,ok,0.11558699999295641
D2_111_nadir,aliked-lightglue-r2048-k8192,aliked,lightglue,2048,8192,985,100_0010_0080.JPG,100_0010_0086.JPG,8192,8192,687,605,0.8806404657933042,73.8525390625,0.234375,0.203125,0.941399872303009,False,ok,0.11775910000142176
D2_111_nadir,aliked-lightglue-r2048-k8192,aliked,lightglue,2048,8192,986,100_0010_0080.JPG,100_0010_0087.JPG,8192,8192,635,565,0.889763779527559,68.9697265625,0.203125,0.203125,0.9368342161178589,False,ok,0.07392919999256264
D2_111_nadir,aliked-lightglue-r2048-k8192,aliked,lightglue,2048,8192,987,100_0010_0080.JPG,100_0010_0088.JPG,8192,8192,650,570,0.8769230769230769,69.580078125,0.171875,0.1875,0.9369099140167236,False,ok,0.09013159999449272
D2_111_nadir,aliked-lightglue-r2048-k8192,aliked,lightglue,2048,8192,988,100_0010_0080.JPG,100_0010_0089.JPG,8192,8192,1788,1642,0.9183445190156599,200.439453125,0.375,0.28125,0.9376256465911865,False,ok,0.1280755999905523
D2_111_nadir,aliked-lightglue-r2048-k8192,aliked,lightglue,2048,8192,989,100_0010_0080.JPG,100_0010_0090.JPG,8192,8192,2637,2502,0.9488054607508533,305.419921875,0.46875,0.46875,0.9439390301704407,False,ok,0.09868569999525789
D2_111_nadir,aliked-lightglue-r2048-k8192,aliked,lightglue,2048,8192,990,100_0010_0080.JPG,100_0010_0091.JPG,8192,8192,3619,3508,0.9693285437966289,428.22265625,0.65625,0.5625,0.9412813186645508,False,ok,0.15693219999957364
D2_111_nadir,aliked-lightglue-r2048-k8192,aliked,lightglue,2048,8192,991,100_0010_0080.JPG,100_0010_0092.JPG,8192,8192,4594,4454,0.9695254680017414,543.701171875,0.75,0.75,0.9412699937820435,False,ok,0.13054660000489093
D2_111_nadir,aliked-lightglue-r2048-k8192,aliked,lightglue,2048,8192,992,100_0010_0080.JPG,100_0010_0093.JPG,8192,8192,3771,3655,0.9692389286661363,446.1669921875,0.65625,0.65625,0.9490620493888855,False,ok,0.13288940000347793
D2_111_nadir,aliked-lightglue-r2048-k8192,aliked,lightglue,2048,8192,993,100_0010_0080.JPG,100_0010_0094.JPG,8192,8192,2596,2465,0.949537750385208,300.9033203125,0.5625,0.5625,0.9442667365074158,False,ok,0.19477260000712704
D2_111_nadir,aliked-lightglue-r2048-k8192,aliked,lightglue,2048,8192,994,100_0010_0080.JPG,100_0010_0095.JPG,8192,8192,1737,1634,0.9407023603914796,199.462890625,0.375,0.375,0.9473083019256592,False,ok,0.10886500000196975
D2_111_nadir,aliked-lightglue-r2048-k8192,aliked,lightglue,2048,8192,995,100_0010_0081.JPG,100_0010_0082.JPG,8192,8192,5157,5015,0.9724646112080667,612.1826171875,0.875,0.84375,0.95429927110672,False,ok,0.12784109999483917
D2_111_nadir,aliked-lightglue-r2048-k8192,aliked,lightglue,2048,8192,996,100_0010_0081.JPG,100_0010_0083.JPG,8192,8192,3350,3185,0.9507462686567164,388.7939453125,0.625,0.625,0.9423573017120361,False,ok,0.15395269999862649
D2_111_nadir,aliked-lightglue-r2048-k8192,aliked,lightglue,2048,8192,997,100_0010_0081.JPG,100_0010_0084.JPG,8192,8192,1825,1638,0.8975342465753424,199.951171875,0.5,0.46875,0.9224305152893066,False,ok,0.09876579999399837
D2_111_nadir,aliked-lightglue-r2048-k8192,aliked,lightglue,2048,8192,998,100_0010_0081.JPG,100_0010_0085.JPG,8192,8192,1184,1013,0.8555743243243243,123.6572265625,0.375,0.375,0.9018270373344421,False,ok,0.08754039999621455
D2_111_nadir,aliked-lightglue-r2048-k8192,aliked,lightglue,2048,8192,999,100_0010_0081.JPG,100_0010_0086.JPG,8192,8192,1148,975,0.8493031358885017,119.0185546875,0.34375,0.34375,0.8869841694831848,False,ok,0.10565999998652842
D2_111_nadir,aliked-lightglue-r2048-k8192,aliked,lightglue,2048,8192,1000,100_0010_0081.JPG,100_0010_0087.JPG,8192,8192,1067,909,0.851921274601687,110.9619140625,0.296875,0.3125,0.8867546916007996,False,ok,0.0889074000006076
D2_111_nadir,aliked-lightglue-r2048-k8192,aliked,lightglue,2048,8192,1001,100_0010_0081.JPG,100_0010_0088.JPG,8192,8192,1064,848,0.7969924812030075,103.515625,0.28125,0.28125,0.8935184478759766,False,ok,0.17570629999681842
D2_111_nadir,aliked-lightglue-r2048-k8192,aliked,lightglue,2048,8192,1002,100_0010_0081.JPG,100_0010_0089.JPG,8192,8192,2402,2220,0.9242298084929226,270.99609375,0.46875,0.46875,0.935496985912323,False,ok,0.12303960000281222
D2_111_nadir,aliked-lightglue-r2048-k8192,aliked,lightglue,2048,8192,1003,100_0010_0081.JPG,100_0010_0090.JPG,8192,8192,3417,3260,0.9540532630962832,397.94921875,0.65625,0.578125,0.9387235641479492,False,ok,0.12016960000619292
D2_111_nadir,aliked-lightglue-r2048-k8192,aliked,lightglue,2048,8192,1004,100_0010_0081.JPG,100_0010_0091.JPG,8192,8192,4605,4449,0.9661237785016287,543.0908203125,0.75,0.75,0.9390424489974976,False,ok,0.19375609999406151
D2_111_nadir,aliked-lightglue-r2048-k8192,aliked,lightglue,2048,8192,1005,100_0010_0081.JPG,100_0010_0092.JPG,8192,8192,4069,3932,0.9663307938068322,479.98046875,0.65625,0.65625,0.9369895458221436,False,ok,0.11492720000387635
D2_111_nadir,aliked-lightglue-r2048-k8192,aliked,lightglue,2048,8192,1006,100_0010_0081.JPG,100_0010_0093.JPG,8192,8192,2817,2694,0.9563365282215123,328.857421875,0.546875,0.53125,0.9436997771263123,False,ok,0.11010620000888593
D2_111_nadir,aliked-lightglue-r2048-k8192,aliked,lightglue,2048,8192,1007,100_0010_0081.JPG,100_0010_0094.JPG,8192,8192,1674,1528,0.9127837514934289,186.5234375,0.375,0.375,0.9360318183898926,False,ok,0.12102380000578705
D2_111_nadir,aliked-lightglue-r2048-k8192,aliked,lightglue,2048,8192,1008,100_0010_0082.JPG,100_0010_0083.JPG,8192,8192,5212,5058,0.9704528012279355,617.431640625,0.875,0.875,0.9620810151100159,False,ok,0.13812329999927897
D2_111_nadir,aliked-lightglue-r2048-k8192,aliked,lightglue,2048,8192,1009,100_0010_0082.JPG,100_0010_0084.JPG,8192,8192,3508,3224,0.9190421892816419,393.5546875,0.625,0.640625,0.9475516676902771,False,ok,0.14179569999396335
D2_111_nadir,aliked-lightglue-r2048-k8192,aliked,lightglue,2048,8192,1010,100_0010_0082.JPG,100_0010_0085.JPG,8192,8192,2884,2617,0.9074202496532594,319.4580078125,0.59375,0.625,0.9517919421195984,False,ok,0.11585380000178702
D2_111_nadir,aliked-lightglue-r2048-k8192,aliked,lightglue,2048,8192,1011,100_0010_0082.JPG,100_0010_0086.JPG,8192,8192,2741,2419,0.8825246260488873,295.2880859375,0.53125,0.546875,0.9461387395858765,False,ok,0.11773470000480302
D2_111_nadir,aliked-lightglue-r2048-k8192,aliked,lightglue,2048,8192,1012,100_0010_0082.JPG,100_0010_0087.JPG,8192,8192,2440,2232,0.9147540983606557,272.4609375,0.484375,0.484375,0.9373937249183655,False,ok,0.11941529999603517
D2_111_nadir,aliked-lightglue-r2048-k8192,aliked,lightglue,2048,8192,1013,100_0010_0082.JPG,100_0010_0088.JPG,8192,8192,2425,2214,0.9129896907216495,270.263671875,0.453125,0.46875,0.938759446144104,False,ok,0.10526440000103321
D2_111_nadir,aliked-lightglue-r2048-k8192,aliked,lightglue,2048,8192,1014,100_0010_0082.JPG,100_0010_0089.JPG,8192,8192,3608,3452,0.9567627494456763,421.38671875,0.65625,0.65625,0.9388994574546814,False,ok,0.1254812000115635
D2_111_nadir,aliked-lightglue-r2048-k8192,aliked,lightglue,2048,8192,1015,100_0010_0082.JPG,100_0010_0090.JPG,8192,8192,4630,4474,0.9663066954643629,546.142578125,0.75,0.75,0.9401090741157532,False,ok,0.13731730000290554
D2_111_nadir,aliked-lightglue-r2048-k8192,aliked,lightglue,2048,8192,1016,100_0010_0082.JPG,100_0010_0091.JPG,8192,8192,3621,3487,0.9629936481634908,425.6591796875,0.65625,0.65625,0.9430544972419739,False,ok,0.1134973999869544
D2_111_nadir,aliked-lightglue-r2048-k8192,aliked,lightglue,2048,8192,1017,100_0010_0082.JPG,100_0010_0092.JPG,8192,8192,2832,2705,0.9551553672316384,330.2001953125,0.484375,0.53125,0.9446318745613098,False,ok,0.12763360000099055
D2_111_nadir,aliked-lightglue-r2048-k8192,aliked,lightglue,2048,8192,1018,100_0010_0082.JPG,100_0010_0093.JPG,8192,8192,1869,1747,0.9347244515783841,213.2568359375,0.375,0.375,0.9431390762329102,False,ok,0.1410087999975076
D2_111_nadir,aliked-lightglue-r2048-k8192,aliked,lightglue,2048,8192,1019,100_0010_0083.JPG,100_0010_0084.JPG,8192,8192,5249,5082,0.9681844160792532,620.361328125,0.875,0.875,0.9676939845085144,False,ok,0.14464120000775438
D2_111_nadir,aliked-lightglue-r2048-k8192,aliked,lightglue,2048,8192,1020,100_0010_0083.JPG,100_0010_0085.JPG,8192,8192,4562,4338,0.9508987286277948,529.541015625,0.75,0.75,0.9633347988128662,False,ok,0.10626209998736158
D2_111_nadir,aliked-lightglue-r2048-k8192,aliked,lightglue,2048,8192,1021,100_0010_0083.JPG,100_0010_0086.JPG,8192,8192,4117,3945,0.9582220063152781,481.5673828125,0.65625,0.65625,0.9584428668022156,False,ok,0.12560519999533426
D2_111_nadir,aliked-lightglue-r2048-k8192,aliked,lightglue,2048,8192,1022,100_0010_0083.JPG,100_0010_0087.JPG,8192,8192,3576,3415,0.9549776286353467,416.8701171875,0.5625,0.5625,0.947844386100769,False,ok,0.12347439999575727
D2_111_nadir,aliked-lightglue-r2048-k8192,aliked,lightglue,2048,8192,1023,100_0010_0083.JPG,100_0010_0088.JPG,8192,8192,3524,3358,0.952894438138479,409.912109375,0.609375,0.5625,0.9471445679664612,False,ok,0.1341653999988921
D2_111_nadir,aliked-lightglue-r2048-k8192,aliked,lightglue,2048,8192,1024,100_0010_0083.JPG,100_0010_0089.JPG,8192,8192,4645,4497,0.9681377825618945,548.9501953125,0.75,0.75,0.9558743238449097,False,ok,0.13000150000152644
D2_111_nadir,aliked-lightglue-r2048-k8192,aliked,lightglue,2048,8192,1025,100_0010_0083.JPG,100_0010_0090.JPG,8192,8192,3990,3814,0.9558897243107769,465.576171875,0.65625,0.65625,0.9436171054840088,False,ok,0.13033529999665916
D2_111_nadir,aliked-lightglue-r2048-k8192,aliked,lightglue,2048,8192,1026,100_0010_0083.JPG,100_0010_0091.JPG,8192,8192,2464,2320,0.9415584415584416,283.203125,0.5625,0.515625,0.9300984740257263,False,ok,0.120320999994874
D2_111_nadir,aliked-lightglue-r2048-k8192,aliked,lightglue,2048,8192,1027,100_0010_0083.JPG,100_0010_0092.JPG,8192,8192,1838,1717,0.9341675734494015,209.5947265625,0.375,0.359375,0.9338430166244507,False,ok,0.13304729999799747
D2_111_nadir,aliked-lightglue-r2048-k8192,aliked,lightglue,2048,8192,1028,100_0010_0084.JPG,100_0010_0085.JPG,8192,8192,6529,6444,0.9869811609741155,786.62109375,0.984375,1.0,0.9791899919509888,False,ok,0.12799429999722634
D2_111_nadir,aliked-lightglue-r2048-k8192,aliked,lightglue,2048,8192,1029,100_0010_0084.JPG,100_0010_0086.JPG,8192,8192,5566,5483,0.9850880344951491,669.3115234375,0.859375,0.875,0.9702004790306091,False,ok,0.11742619999859016
D2_111_nadir,aliked-lightglue-r2048-k8192,aliked,lightglue,2048,8192,1030,100_0010_0084.JPG,100_0010_0087.JPG,8192,8192,4670,4563,0.9770877944325482,557.0068359375,0.75,0.75,0.9603605270385742,False,ok,0.11573190000490285
D2_111_nadir,aliked-lightglue-r2048-k8192,aliked,lightglue,2048,8192,1031,100_0010_0084.JPG,100_0010_0088.JPG,8192,8192,4566,4456,0.9759088918090232,543.9453125,0.75,0.75,0.9592994451522827,False,ok,0.13550849999592174
D2_111_nadir,aliked-lightglue-r2048-k8192,aliked,lightglue,2048,8192,1032,100_0010_0084.JPG,100_0010_0089.JPG,8192,8192,3948,3805,0.9637791286727457,464.4775390625,0.65625,0.65625,0.9558231830596924,False,ok,0.12592370000493247
D2_111_nadir,aliked-lightglue-r2048-k8192,aliked,lightglue,2048,8192,1033,100_0010_0084.JPG,100_0010_0090.JPG,8192,8192,2826,2657,0.9401981599433828,324.3408203125,0.5625,0.546875,0.9467388987541199,False,ok,0.10756470001069829
D2_111_nadir,aliked-lightglue-r2048-k8192,aliked,lightglue,2048,8192,1034,100_0010_0084.JPG,100_0010_0091.JPG,8192,8192,1396,1237,0.8861031518624641,151.0009765625,0.375,0.375,0.8990358114242554,False,ok,0.10678800000459887
D2_111_nadir,aliked-lightglue-r2048-k8192,aliked,lightglue,2048,8192,1035,100_0010_0084.JPG,100_0010_0092.JPG,8192,8192,865,771,0.8913294797687862,94.1162109375,0.21875,0.25,0.9094775915145874,False,ok,0.11287789999914821
D2_111_nadir,aliked-lightglue-r2048-k8192,aliked,lightglue,2048,8192,1036,100_0010_0085.JPG,100_0010_0086.JPG,8192,8192,6024,5932,0.9847277556440903,724.12109375,0.875,0.875,0.9730611443519592,False,ok,0.13337169999431353
D2_111_nadir,aliked-lightglue-r2048-k8192,aliked,lightglue,2048,8192,1037,100_0010_0085.JPG,100_0010_0087.JPG,8192,8192,4929,4775,0.9687563400284033,582.8857421875,0.75,0.75,0.9629288911819458,False,ok,0.12862250000762288
D2_111_nadir,aliked-lightglue-r2048-k8192,aliked,lightglue,2048,8192,1038,100_0010_0085.JPG,100_0010_0088.JPG,8192,8192,4767,4603,0.9655968114117894,561.8896484375,0.75,0.75,0.9609360694885254,False,ok,0.1522720999928424
D2_111_nadir,aliked-lightglue-r2048-k8192,aliked,lightglue,2048,8192,1039,100_0010_0085.JPG,100_0010_0089.JPG,8192,8192,3578,3435,0.9600335382895472,419.3115234375,0.65625,0.609375,0.9512885808944702,False,ok,0.1445910000038566
D2_111_nadir,aliked-lightglue-r2048-k8192,aliked,lightglue,2048,8192,1040,100_0010_0085.JPG,100_0010_0090.JPG,8192,8192,2462,2272,0.9228269699431356,277.34375,0.46875,0.46875,0.9442840814590454,False,ok,0.11314810000476427
D2_111_nadir,aliked-lightglue-r2048-k8192,aliked,lightglue,2048,8192,1041,100_0010_0085.JPG,100_0010_0091.JPG,8192,8192,1024,851,0.8310546875,103.8818359375,0.375,0.328125,0.871424674987793,False,ok,0.11346120000234805
D2_111_nadir,aliked-lightglue-r2048-k8192,aliked,lightglue,2048,8192,1042,100_0010_0085.JPG,100_0010_0092.JPG,8192,8192,523,434,0.8298279158699808,52.978515625,0.15625,0.1875,0.8742210268974304,False,ok,0.12911880000319798
D2_111_nadir,aliked-lightglue-r2048-k8192,aliked,lightglue,2048,8192,1043,100_0010_0085.JPG,100_0010_0093.JPG,8192,8192,43,9,0.20930232558139536,1.0986328125,0.125,0.140625,0.19837605953216553,True,ok,0.13277969999762718
D2_111_nadir,aliked-lightglue-r2048-k8192,aliked,lightglue,2048,8192,1044,100_0010_0086.JPG,100_0010_0087.JPG,8192,8192,6201,6112,0.9856474762135139,746.09375,0.953125,0.9375,0.9678522348403931,False,ok,0.1150941999949282
D2_111_nadir,aliked-lightglue-r2048-k8192,aliked,lightglue,2048,8192,1045,100_0010_0086.JPG,100_0010_0088.JPG,8192,8192,5999,5901,0.9836639439906651,720.3369140625,0.875,0.875,0.9664293527603149,False,ok,0.12208520001149736
D2_111_nadir,aliked-lightglue-r2048-k8192,aliked,lightglue,2048,8192,1046,100_0010_0086.JPG,100_0010_0089.JPG,8192,8192,4379,4217,0.9630052523407171,514.7705078125,0.765625,0.703125,0.9555104374885559,False,ok,0.15884079999523237
D2_111_nadir,aliked-lightglue-r2048-k8192,aliked,lightglue,2048,8192,1047,100_0010_0086.JPG,100_0010_0090.JPG,8192,8192,3021,2796,0.9255213505461768,341.30859375,0.546875,0.546875,0.9496086835861206,False,ok,0.11747979999927338
D2_111_nadir,aliked-lightglue-r2048-k8192,aliked,lightglue,2048,8192,1048,100_0010_0086.JPG,100_0010_0091.JPG,8192,8192,1268,1061,0.8367507886435331,129.5166015625,0.4375,0.375,0.8776836395263672,False,ok,0.10793159999593627
D2_111_nadir,aliked-lightglue-r2048-k8192,aliked,lightglue,2048,8192,1049,100_0010_0086.JPG,100_0010_0092.JPG,8192,8192,685,583,0.8510948905109489,71.1669921875,0.21875,0.21875,0.8801364898681641,False,ok,0.11803820000204723
D2_111_nadir,aliked-lightglue-r2048-k8192,aliked,lightglue,2048,8192,1050,100_0010_0086.JPG,100_0010_0093.JPG,8192,8192,49,9,0.1836734693877551,1.0986328125,0.125,0.125,0.18289993703365326,True,ok,0.13781569999991916
D2_111_nadir,aliked-lightglue-r2048-k8192,aliked,lightglue,2048,8192,1051,100_0010_0086.JPG,100_0010_0094.JPG,8192,8192,66,9,0.13636363636363635,1.0986328125,0.140625,0.140625,0.20976273715496063,True,ok,0.1273802999930922
D2_111_nadir,aliked-lightglue-r2048-k8192,aliked,lightglue,2048,8192,1052,100_0010_0087.JPG,100_0010_0088.JPG,8192,8192,7127,7108,0.997334081661288,867.67578125,1.0,1.0,0.9775357842445374,False,ok,0.11420259998703841
D2_111_nadir,aliked-lightglue-r2048-k8192,aliked,lightglue,2048,8192,1053,100_0010_0087.JPG,100_0010_0089.JPG,8192,8192,4997,4777,0.9559735841504903,583.1298828125,0.859375,0.796875,0.9595347046852112,False,ok,0.1149273000046378
D2_111_nadir,aliked-lightglue-r2048-k8192,aliked,lightglue,2048,8192,1054,100_0010_0087.JPG,100_0010_0090.JPG,8192,8192,3437,3111,0.9051498399767239,379.7607421875,0.625,0.625,0.94374680519104,False,ok,0.11556340000242926
D2_111_nadir,aliked-lightglue-r2048-k8192,aliked,lightglue,2048,8192,1055,100_0010_0087.JPG,100_0010_0091.JPG,8192,8192,1461,1208,0.8268309377138946,147.4609375,0.484375,0.4375,0.8768000602722168,False,ok,0.11694320000242442
D2_111_nadir,aliked-lightglue-r2048-k8192,aliked,lightglue,2048,8192,1056,100_0010_0087.JPG,100_0010_0092.JPG,8192,8192,851,709,0.8331374853113983,86.5478515625,0.234375,0.25,0.8794806003570557,False,ok,0.12839050000184216
D2_111_nadir,aliked-lightglue-r2048-k8192,aliked,lightglue,2048,8192,1057,100_0010_0087.JPG,100_0010_0093.JPG,8192,8192,86,18,0.20930232558139536,2.197265625,0.046875,0.078125,0.258230060338974,False,ok,0.14290920000348706
D2_111_nadir,aliked-lightglue-r2048-k8192,aliked,lightglue,2048,8192,1058,100_0010_0087.JPG,100_0010_0094.JPG,8192,8192,81,9,0.1111111111111111,1.0986328125,0.140625,0.09375,0.21033531427383423,True,ok,0.1336927999946056
D2_111_nadir,aliked-lightglue-r2048-k8192,aliked,lightglue,2048,8192,1059,100_0010_0087.JPG,100_0010_0095.JPG,8192,8192,82,9,0.10975609756097561,1.0986328125,0.09375,0.140625,0.21871203184127808,True,ok,0.12974540000141133
D2_111_nadir,aliked-lightglue-r2048-k8192,aliked,lightglue,2048,8192,1060,100_0010_0088.JPG,100_0010_0089.JPG,8192,8192,5087,4844,0.9522311775113034,591.30859375,0.859375,0.8125,0.961719810962677,False,ok,0.11368829999992158
D2_111_nadir,aliked-lightglue-r2048-k8192,aliked,lightglue,2048,8192,1061,100_0010_0088.JPG,100_0010_0090.JPG,8192,8192,3505,3171,0.9047075606276748,387.0849609375,0.625,0.625,0.9453782439231873,False,ok,0.11758210000698455
D2_111_nadir,aliked-lightglue-r2048-k8192,aliked,lightglue,2048,8192,1062,100_0010_0088.JPG,100_0010_0091.JPG,8192,8192,1515,1269,0.8376237623762376,154.9072265625,0.484375,0.46875,0.8802089691162109,False,ok,0.11233109999739099
D2_111_nadir,aliked-lightglue-r2048-k8192,aliked,lightglue,2048,8192,1063,100_0010_0088.JPG,100_0010_0092.JPG,8192,8192,881,746,0.8467650397275823,91.064453125,0.265625,0.25,0.88950115442276,False,ok,0.12703679999685846
D2_111_nadir,aliked-lightglue-r2048-k8192,aliked,lightglue,2048,8192,1064,100_0010_0088.JPG,100_0010_0093.JPG,8192,8192,155,76,0.49032258064516127,9.27734375,0.0625,0.0625,0.5223967432975769,False,ok,0.13477259999490343
D2_111_nadir,aliked-lightglue-r2048-k8192,aliked,lightglue,2048,8192,1065,100_0010_0088.JPG,100_0010_0094.JPG,8192,8192,73,10,0.136986301369863,1.220703125,0.140625,0.109375,0.20409230887889862,True,ok,0.1266914000007091
D2_111_nadir,aliked-lightglue-r2048-k8192,aliked,lightglue,2048,8192,1066,100_0010_0088.JPG,100_0010_0095.JPG,8192,8192,70,11,0.15714285714285714,1.3427734375,0.140625,0.109375,0.23743557929992676,True,ok,0.1213454999960959
D2_111_nadir,aliked-lightglue-r2048-k8192,aliked,lightglue,2048,8192,1067,100_0010_0088.JPG,100_0010_0096.JPG,8192,8192,95,9,0.09473684210526316,1.0986328125,0.125,0.125,0.20390543341636658,True,ok,0.1429061999951955
D2_111_nadir,aliked-lightglue-r2048-k8192,aliked,lightglue,2048,8192,1068,100_0010_0089.JPG,100_0010_0090.JPG,8192,8192,5353,5141,0.9603960396039604,627.5634765625,0.875,0.875,0.9538218975067139,False,ok,0.1166735000006156
D2_111_nadir,aliked-lightglue-r2048-k8192,aliked,lightglue,2048,8192,1069,100_0010_0089.JPG,100_0010_0091.JPG,8192,8192,3316,3056,0.9215922798552473,373.046875,0.671875,0.65625,0.932157576084137,False,ok,0.1275333999947179
D2_111_nadir,aliked-lightglue-r2048-k8192,aliked,lightglue,2048,8192,1070,100_0010_0089.JPG,100_0010_0092.JPG,8192,8192,2447,2229,0.9109113199836535,272.0947265625,0.5,0.5,0.9416086673736572,False,ok,0.10911639999540057
D2_111_nadir,aliked-lightglue-r2048-k8192,aliked,lightglue,2048,8192,1071,100_0010_0089.JPG,100_0010_0093.JPG,8192,8192,1332,1186,0.8903903903903904,144.775390625,0.265625,0.28125,0.934687614440918,False,ok,0.10333329999411944
D2_111_nadir,aliked-lightglue-r2048-k8192,aliked,lightglue,2048,8192,1072,100_0010_0089.JPG,100_0010_0094.JPG,8192,8192,208,119,0.5721153846153846,14.5263671875,0.125,0.125,0.6630626320838928,False,ok,0.1668599999975413
D2_111_nadir,aliked-lightglue-r2048-k8192,aliked,lightglue,2048,8192,1073,100_0010_0089.JPG,100_0010_0095.JPG,8192,8192,107,9,0.08411214953271028,1.0986328125,0.125,0.109375,0.20966239273548126,True,ok,0.1336449999944307
D2_111_nadir,aliked-lightglue-r2048-k8192,aliked,lightglue,2048,8192,1074,100_0010_0089.JPG,100_0010_0096.JPG,8192,8192,86,9,0.10465116279069768,1.0986328125,0.109375,0.125,0.2273329645395279,True,ok,0.12048589999903925
D2_111_nadir,aliked-lightglue-r2048-k8192,aliked,lightglue,2048,8192,1075,100_0010_0089.JPG,100_0010_0097.JPG,8192,8192,60,9,0.15,1.0986328125,0.125,0.140625,0.20045335590839386,True,ok,0.1291648000042187
D2_111_nadir,aliked-lightglue-r2048-k8192,aliked,lightglue,2048,8192,1076,100_0010_0090.JPG,100_0010_0091.JPG,8192,8192,4813,4588,0.9532516102223145,560.05859375,0.875,0.875,0.9324654340744019,False,ok,0.108240499990643
D2_111_nadir,aliked-lightglue-r2048-k8192,aliked,lightglue,2048,8192,1077,100_0010_0090.JPG,100_0010_0092.JPG,8192,8192,3717,3477,0.9354317998385795,424.4384765625,0.625,0.625,0.9325780272483826,False,ok,0.12694880001072306
D2_111_nadir,aliked-lightglue-r2048-k8192,aliked,lightglue,2048,8192,1078,100_0010_0090.JPG,100_0010_0093.JPG,8192,8192,2295,2099,0.9145969498910675,256.2255859375,0.5,0.5,0.9338557720184326,False,ok,0.12731009999697562
D2_111_nadir,aliked-lightglue-r2048-k8192,aliked,lightglue,2048,8192,1079,100_0010_0090.JPG,100_0010_0094.JPG,8192,8192,913,769,0.8422782037239869,93.8720703125,0.25,0.265625,0.8990582823753357,False,ok,0.16054779999831226
D2_111_nadir,aliked-lightglue-r2048-k8192,aliked,lightglue,2048,8192,1080,100_0010_0090.JPG,100_0010_0095.JPG,8192,8192,213,124,0.5821596244131455,15.13671875,0.171875,0.1875,0.6891210675239563,False,ok,0.19215499999700114
D2_111_nadir,aliked-lightglue-r2048-k8192,aliked,lightglue,2048,8192,1081,100_0010_0090.JPG,100_0010_0096.JPG,8192,8192,129,11,0.08527131782945736,1.3427734375,0.09375,0.140625,0.2536983788013458,True,ok,0.1466783000068972
D2_111_nadir,aliked-lightglue-r2048-k8192,aliked,lightglue,2048,8192,1082,100_0010_0090.JPG,100_0010_0097.JPG,8192,8192,55,10,0.18181818181818182,1.220703125,0.140625,0.125,0.19639110565185547,True,ok,0.11110639999969862
D2_111_nadir,aliked-lightglue-r2048-k8192,aliked,lightglue,2048,8192,1083,100_0010_0090.JPG,100_0010_0098.JPG,8192,8192,80,12,0.15,1.46484375,0.140625,0.125,0.20622225105762482,True,ok,0.129989499997464
D2_111_nadir,aliked-lightglue-r2048-k8192,aliked,lightglue,2048,8192,1084,100_0010_0091.JPG,100_0010_0092.JPG,8192,8192,5444,5216,0.9581190301249082,636.71875,0.859375,0.875,0.9346163868904114,False,ok,0.12716390000423416
D2_111_nadir,aliked-lightglue-r2048-k8192,aliked,lightglue,2048,8192,1085,100_0010_0091.JPG,100_0010_0093.JPG,8192,8192,3469,3223,0.9290861919861632,393.4326171875,0.625,0.625,0.9422339200973511,False,ok,0.1220173000037903
D2_111_nadir,aliked-lightglue-r2048-k8192,aliked,lightglue,2048,8192,1086,100_0010_0091.JPG,100_0010_0094.JPG,8192,8192,1823,1607,0.8815139879319802,196.1669921875,0.484375,0.46875,0.9172918796539307,False,ok,0.133698399993591
D2_111_nadir,aliked-lightglue-r2048-k8192,aliked,lightglue,2048,8192,1087,100_0010_0091.JPG,100_0010_0095.JPG,8192,8192,856,752,0.8785046728971962,91.796875,0.265625,0.25,0.9122461080551147,False,ok,0.1471945999946911
D2_111_nadir,aliked-lightglue-r2048-k8192,aliked,lightglue,2048,8192,1088,100_0010_0091.JPG,100_0010_0096.JPG,8192,8192,178,114,0.6404494382022472,13.916015625,0.125,0.109375,0.687785267829895,False,ok,0.16686029999982566
D2_111_nadir,aliked-lightglue-r2048-k8192,aliked,lightglue,2048,8192,1089,100_0010_0091.JPG,100_0010_0097.JPG,8192,8192,95,10,0.10526315789473684,1.220703125,0.109375,0.09375,0.197782963514328,True,ok,0.1260511000000406
D2_111_nadir,aliked-lightglue-r2048-k8192,aliked,lightglue,2048,8192,1090,100_0010_0091.JPG,100_0010_0098.JPG,8192,8192,100,10,0.1,1.220703125,0.125,0.140625,0.2143203169107437,True,ok,0.13115519999701064
D2_111_nadir,aliked-lightglue-r2048-k8192,aliked,lightglue,2048,8192,1091,100_0010_0091.JPG,100_0010_0099.JPG,8192,8192,79,9,0.11392405063291139,1.0986328125,0.140625,0.125,0.20637476444244385,True,ok,0.11946280000847764
D2_111_nadir,aliked-lightglue-r2048-k8192,aliked,lightglue,2048,8192,1092,100_0010_0092.JPG,100_0010_0093.JPG,8192,8192,4906,4694,0.9567876070118223,572.998046875,0.875,0.875,0.9365739226341248,False,ok,0.13413439999567345
D2_111_nadir,aliked-lightglue-r2048-k8192,aliked,lightglue,2048,8192,1093,100_0010_0092.JPG,100_0010_0094.JPG,8192,8192,3043,2783,0.9145580019717384,339.7216796875,0.625,0.625,0.9267837405204773,False,ok,0.1253560000041034
D2_111_nadir,aliked-lightglue-r2048-k8192,aliked,lightglue,2048,8192,1094,100_0010_0092.JPG,100_0010_0095.JPG,8192,8192,1880,1701,0.9047872340425532,207.6416015625,0.5,0.5,0.9330207705497742,False,ok,0.11118810001062229
D2_111_nadir,aliked-lightglue-r2048-k8192,aliked,lightglue,2048,8192,1095,100_0010_0092.JPG,100_0010_0096.JPG,8192,8192,1042,907,0.8704414587332053,110.7177734375,0.234375,0.234375,0.9073972105979919,False,ok,0.13553689999389462
D2_111_nadir,aliked-lightglue-r2048-k8192,aliked,lightglue,2048,8192,1096,100_0010_0092.JPG,100_0010_0097.JPG,8192,8192,402,279,0.6940298507462687,34.0576171875,0.109375,0.09375,0.7822718620300293,False,ok,0.16185819999373052
D2_111_nadir,aliked-lightglue-r2048-k8192,aliked,lightglue,2048,8192,1097,100_0010_0092.JPG,100_0010_0098.JPG,8192,8192,90,10,0.1111111111111111,1.220703125,0.125,0.109375,0.2132834792137146,True,ok,0.13419719999365043
D2_111_nadir,aliked-lightglue-r2048-k8192,aliked,lightglue,2048,8192,1098,100_0010_0092.JPG,100_0010_0099.JPG,8192,8192,76,11,0.14473684210526316,1.3427734375,0.140625,0.125,0.19931389391422272,True,ok,0.11492630001157522
D2_111_nadir,aliked-lightglue-r2048-k8192,aliked,lightglue,2048,8192,1099,100_0010_0092.JPG,100_0010_0100.JPG,8192,8192,68,9,0.1323529411764706,1.0986328125,0.09375,0.109375,0.19959264993667603,True,ok,0.1205852999992203
D2_111_nadir,aliked-lightglue-r2048-k8192,aliked,lightglue,2048,8192,1100,100_0010_0093.JPG,100_0010_0094.JPG,8192,8192,5211,5048,0.9687200153521397,616.2109375,0.875,0.875,0.9518318176269531,False,ok,0.13347850000718608
D2_111_nadir,aliked-lightglue-r2048-k8192,aliked,lightglue,2048,8192,1101,100_0010_0093.JPG,100_0010_0095.JPG,8192,8192,3832,3640,0.9498956158663883,444.3359375,0.625,0.625,0.9607571959495544,False,ok,0.12817559999530204
D2_111_nadir,aliked-lightglue-r2048-k8192,aliked,lightglue,2048,8192,1102,100_0010_0093.JPG,100_0010_0096.JPG,8192,8192,2752,2586,0.9396802325581395,315.673828125,0.484375,0.5,0.9626166820526123,False,ok,0.13833620000514202
D2_111_nadir,aliked-lightglue-r2048-k8192,aliked,lightglue,2048,8192,1103,100_0010_0093.JPG,100_0010_0097.JPG,8192,8192,2040,1913,0.9377450980392157,233.5205078125,0.25,0.25,0.9629814624786377,False,ok,0.1356691000110004
D2_111_nadir,aliked-lightglue-r2048-k8192,aliked,lightglue,2048,8192,1104,100_0010_0093.JPG,100_0010_0098.JPG,8192,8192,396,297,0.75,36.2548828125,0.125,0.125,0.8138235807418823,False,ok,0.18086079999920912
D2_111_nadir,aliked-lightglue-r2048-k8192,aliked,lightglue,2048,8192,1105,100_0010_0093.JPG,100_0010_0099.JPG,8192,8192,69,10,0.14492753623188406,1.220703125,0.078125,0.09375,0.20006714761257172,True,ok,0.14235650000046007
D2_111_nadir,aliked-lightglue-r2048-k8192,aliked,lightglue,2048,8192,1106,100_0010_0093.JPG,100_0010_0100.JPG,8192,8192,80,9,0.1125,1.0986328125,0.125,0.140625,0.1868489682674408,True,ok,0.11663270001008641
D2_111_nadir,aliked-lightglue-r2048-k8192,aliked,lightglue,2048,8192,1107,100_0010_0093.JPG,100_0010_0101.JPG,8192,8192,61,10,0.16393442622950818,1.220703125,0.109375,0.078125,0.16957439482212067,True,ok,0.1206603000027826
D2_111_nadir,aliked-lightglue-r2048-k8192,aliked,lightglue,2048,8192,1108,100_0010_0094.JPG,100_0010_0095.JPG,8192,8192,5697,5582,0.9798139371599087,681.396484375,0.875,0.875,0.9690688252449036,False,ok,0.11121550000098068
D2_111_nadir,aliked-lightglue-r2048-k8192,aliked,lightglue,2048,8192,1109,100_0010_0094.JPG,100_0010_0096.JPG,8192,8192,4350,4210,0.967816091954023,513.916015625,0.625,0.625,0.9758164882659912,False,ok,0.13455980000435375
D2_111_nadir,aliked-lightglue-r2048-k8192,aliked,lightglue,2048,8192,1110,100_0010_0094.JPG,100_0010_0097.JPG,8192,8192,3542,3388,0.9565217391304348,413.57421875,0.484375,0.5,0.973965048789978,False,ok,0.1290175000031013
D2_111_nadir,aliked-lightglue-r2048-k8192,aliked,lightglue,2048,8192,1111,100_0010_0094.JPG,100_0010_0098.JPG,8192,8192,1969,1875,0.952260030472321,228.8818359375,0.25,0.25,0.9662712812423706,False,ok,0.13276989999576472
D2_111_nadir,aliked-lightglue-r2048-k8192,aliked,lightglue,2048,8192,1112,100_0010_0094.JPG,100_0010_0099.JPG,8192,8192,298,245,0.8221476510067114,29.9072265625,0.125,0.125,0.8103569746017456,False,ok,0.18016040000657085
D2_111_nadir,aliked-lightglue-r2048-k8192,aliked,lightglue,2048,8192,1113,100_0010_0094.JPG,100_0010_0100.JPG,8192,8192,89,9,0.10112359550561797,1.0986328125,0.140625,0.125,0.19509916007518768,True,ok,0.13876719999825582
D2_111_nadir,aliked-lightglue-r2048-k8192,aliked,lightglue,2048,8192,1114,100_0010_0094.JPG,100_0010_0101.JPG,8192,8192,84,10,0.11904761904761904,1.220703125,0.125,0.125,0.21409039199352264,True,ok,0.12907130000530742
D2_111_nadir,aliked-lightglue-r2048-k8192,aliked,lightglue,2048,8192,1115,100_0010_0094.JPG,100_0010_0102.JPG,8192,8192,105,10,0.09523809523809523,1.220703125,0.109375,0.09375,0.19628731906414032,True,ok,0.12013160000788048
D2_111_nadir,aliked-lightglue-r2048-k8192,aliked,lightglue,2048,8192,1116,100_0010_0095.JPG,100_0010_0096.JPG,8192,8192,5905,5816,0.9849280270956816,709.9609375,0.875,0.875,0.9797716736793518,False,ok,0.11831879999954253
D2_111_nadir,aliked-lightglue-r2048-k8192,aliked,lightglue,2048,8192,1117,100_0010_0095.JPG,100_0010_0097.JPG,8192,8192,4991,4850,0.971749148467241,592.041015625,0.625,0.625,0.979144275188446,False,ok,0.12905449999379925
D2_111_nadir,aliked-lightglue-r2048-k8192,aliked,lightglue,2048,8192,1118,100_0010_0095.JPG,100_0010_0098.JPG,8192,8192,3419,3293,0.9631471190406552,401.9775390625,0.5,0.5,0.97725909948349,False,ok,0.1534933000075398
D2_111_nadir,aliked-lightglue-r2048-k8192,aliked,lightglue,2048,8192,1119,100_0010_0095.JPG,100_0010_0099.JPG,8192,8192,1841,1755,0.9532862574687669,214.2333984375,0.25,0.25,0.965633749961853,False,ok,0.11539569999149535
D2_111_nadir,aliked-lightglue-r2048-k8192,aliked,lightglue,2048,8192,1120,100_0010_0095.JPG,100_0010_0100.JPG,8192,8192,134,82,0.6119402985074627,10.009765625,0.078125,0.09375,0.6912268996238708,False,ok,0.17912540001270827
D2_111_nadir,aliked-lightglue-r2048-k8192,aliked,lightglue,2048,8192,1121,100_0010_0095.JPG,100_0010_0101.JPG,8192,8192,87,10,0.11494252873563218,1.220703125,0.140625,0.140625,0.21751493215560913,True,ok,0.13138259999686852
D2_111_nadir,aliked-lightglue-r2048-k8192,aliked,lightglue,2048,8192,1122,100_0010_0095.JPG,100_0010_0102.JPG,8192,8192,107,10,0.09345794392523364,1.220703125,0.109375,0.09375,0.19613245129585266,True,ok,0.11149040001328103
D2_111_nadir,aliked-lightglue-r2048-k8192,aliked,lightglue,2048,8192,1123,100_0010_0095.JPG,100_0010_0103.JPG,8192,8192,2904,2278,0.7844352617079889,278.076171875,0.953125,0.5,0.9243028163909912,False,ok,0.12008890000288375
D2_111_nadir,aliked-lightglue-r2048-k8192,aliked,lightglue,2048,8192,1124,100_0010_0096.JPG,100_0010_0097.JPG,8192,8192,6312,6251,0.9903358681875792,763.0615234375,0.875,0.859375,0.9829172492027283,False,ok,0.13072359999932814
D2_111_nadir,aliked-lightglue-r2048-k8192,aliked,lightglue,2048,8192,1125,100_0010_0096.JPG,100_0010_0098.JPG,8192,8192,4738,4630,0.9772055719712959,565.185546875,0.625,0.625,0.983342170715332,False,ok,0.11850910000794102
D2_111_nadir,aliked-lightglue-r2048-k8192,aliked,lightglue,2048,8192,1126,100_0010_0096.JPG,100_0010_0099.JPG,8192,8192,3167,3052,0.9636880328386486,372.55859375,0.5,0.46875,0.9786489605903625,False,ok,0.13910880000912584
D2_111_nadir,aliked-lightglue-r2048-k8192,aliked,lightglue,2048,8192,1127,100_0010_0096.JPG,100_0010_0100.JPG,8192,8192,1555,1472,0.9466237942122186,179.6875,0.25,0.25,0.9674601554870605,False,ok,0.13459339999826625
D2_111_nadir,aliked-lightglue-r2048-k8192,aliked,lightglue,2048,8192,1128,100_0010_0096.JPG,100_0010_0101.JPG,8192,8192,108,10,0.09259259259259259,1.220703125,0.109375,0.109375,0.208776593208313,True,ok,0.11747610000020359
D2_111_nadir,aliked-lightglue-r2048-k8192,aliked,lightglue,2048,8192,1129,100_0010_0096.JPG,100_0010_0102.JPG,8192,8192,101,11,0.10891089108910891,1.3427734375,0.109375,0.125,0.2225402444601059,True,ok,0.11784069999703206
D2_111_nadir,aliked-lightglue-r2048-k8192,aliked,lightglue,2048,8192,1130,100_0010_0096.JPG,100_0010_0103.JPG,8192,8192,3593,3013,0.8385750069579738,367.7978515625,0.953125,0.625,0.9496327042579651,False,ok,0.15803249999589752
D2_111_nadir,aliked-lightglue-r2048-k8192,aliked,lightglue,2048,8192,1131,100_0010_0096.JPG,100_0010_0104.JPG,8192,8192,3451,2988,0.865835989568241,364.74609375,0.875,0.515625,0.9571475386619568,False,ok,0.23987429999397136
D2_111_nadir,aliked-lightglue-r2048-k8192,aliked,lightglue,2048,8192,1132,100_0010_0096.JPG,100_0010_0106.JPG,8192,8192,2141,1909,0.8916394208313873,233.0322265625,0.46875,0.34375,0.9552060961723328,False,ok,0.12857960000110324
D2_111_nadir,aliked-lightglue-r2048-k8192,aliked,lightglue,2048,8192,1133,100_0010_0097.JPG,100_0010_0098.JPG,8192,8192,5640,5578,0.9890070921985815,680.908203125,0.875,0.859375,0.9828181862831116,False,ok,0.14012280000315513
D2_111_nadir,aliked-lightglue-r2048-k8192,aliked,lightglue,2048,8192,1134,100_0010_0097.JPG,100_0010_0099.JPG,8192,8192,4025,3908,0.9709316770186336,477.05078125,0.625,0.625,0.980728805065155,False,ok,0.10774159998982213
D2_111_nadir,aliked-lightglue-r2048-k8192,aliked,lightglue,2048,8192,1135,100_0010_0097.JPG,100_0010_0100.JPG,8192,8192,2365,2267,0.9585623678646934,276.7333984375,0.5,0.46875,0.9733022451400757,False,ok,0.0871435000008205
D2_111_nadir,aliked-lightglue-r2048-k8192,aliked,lightglue,2048,8192,1136,100_0010_0097.JPG,100_0010_0101.JPG,8192,8192,613,543,0.8858075040783034,66.2841796875,0.265625,0.21875,0.869225263595581,False,ok,0.13418769999407232
D2_111_nadir,aliked-lightglue-r2048-k8192,aliked,lightglue,2048,8192,1137,100_0010_0097.JPG,100_0010_0102.JPG,8192,8192,440,365,0.8295454545454546,44.5556640625,0.234375,0.21875,0.8667937517166138,False,ok,0.12249989999691024
D2_111_nadir,aliked-lightglue-r2048-k8192,aliked,lightglue,2048,8192,1138,100_0010_0097.JPG,100_0010_0103.JPG,8192,8192,3555,3089,0.868917018284107,377.0751953125,0.859375,0.546875,0.9461532235145569,False,ok,0.12296720000449568
D2_111_nadir,aliked-lightglue-r2048-k8192,aliked,lightglue,2048,8192,1139,100_0010_0097.JPG,100_0010_0104.JPG,8192,8192,3201,2830,0.8840987191502655,345.458984375,0.671875,0.453125,0.9599291086196899,False,ok,0.1251341000024695
D2_111_nadir,aliked-lightglue-r2048-k8192,aliked,lightglue,2048,8192,1140,100_0010_0097.JPG,100_0010_0105.JPG,8192,8192,2501,2242,0.8964414234306277,273.681640625,0.515625,0.375,0.9645362496376038,False,ok,0.11671570000180509
D2_111_nadir,aliked-lightglue-r2048-k8192,aliked,lightglue,2048,8192,1141,100_0010_0097.JPG,100_0010_0106.JPG,8192,8192,1804,1696,0.9401330376940134,207.03125,0.359375,0.28125,0.9650757312774658,False,ok,0.11017410000204109
D2_111_nadir,aliked-lightglue-r2048-k8192,aliked,lightglue,2048,8192,1142,100_0010_0098.JPG,100_0010_0099.JPG,8192,8192,5324,5235,0.9832832456799399,639.0380859375,0.875,0.828125,0.9761218428611755,False,ok,0.13144119999196846
D2_111_nadir,aliked-lightglue-r2048-k8192,aliked,lightglue,2048,8192,1143,100_0010_0098.JPG,100_0010_0100.JPG,8192,8192,3477,3334,0.9588725913143514,406.982421875,0.609375,0.578125,0.9705994725227356,False,ok,0.09114970000518952
D2_111_nadir,aliked-lightglue-r2048-k8192,aliked,lightglue,2048,8192,1144,100_0010_0098.JPG,100_0010_0101.JPG,8192,8192,1531,1414,0.9235793598954931,172.607421875,0.421875,0.390625,0.9454782605171204,False,ok,0.19040999999560881
D2_111_nadir,aliked-lightglue-r2048-k8192,aliked,lightglue,2048,8192,1145,100_0010_0098.JPG,100_0010_0102.JPG,8192,8192,1246,1150,0.9229534510433387,140.380859375,0.375,0.34375,0.9263719320297241,False,ok,0.09553829999640584
D2_111_nadir,aliked-lightglue-r2048-k8192,aliked,lightglue,2048,8192,1146,100_0010_0098.JPG,100_0010_0103.JPG,8192,8192,3043,2738,0.8997699638514624,334.228515625,0.65625,0.46875,0.9628997445106506,False,ok,0.1319767000095453
D2_111_nadir,aliked-lightglue-r2048-k8192,aliked,lightglue,2048,8192,1147,100_0010_0098.JPG,100_0010_0104.JPG,8192,8192,2549,2242,0.8795606120047077,273.681640625,0.484375,0.421875,0.9696236252784729,False,ok,0.08906630000274163
D2_111_nadir,aliked-lightglue-r2048-k8192,aliked,lightglue,2048,8192,1148,100_0010_0098.JPG,100_0010_0105.JPG,8192,8192,1735,1487,0.8570605187319885,181.5185546875,0.3125,0.28125,0.9665243029594421,False,ok,0.11476009999751113
D2_111_nadir,aliked-lightglue-r2048-k8192,aliked,lightglue,2048,8192,1149,100_0010_0098.JPG,100_0010_0106.JPG,8192,8192,1033,977,0.9457889641819942,119.2626953125,0.171875,0.1875,0.9572100639343262,False,ok,0.11320839999825694
D2_111_nadir,aliked-lightglue-r2048-k8192,aliked,lightglue,2048,8192,1150,100_0010_0099.JPG,100_0010_0100.JPG,8192,8192,4797,4657,0.9708150927663123,568.4814453125,0.875,0.8125,0.9605407118797302,False,ok,0.14007999999739695
D2_111_nadir,aliked-lightglue-r2048-k8192,aliked,lightglue,2048,8192,1151,100_0010_0099.JPG,100_0010_0101.JPG,8192,8192,2507,2239,0.8930993218986837,273.3154296875,0.46875,0.4375,0.9397865533828735,False,ok,0.1000754999986384
D2_111_nadir,aliked-lightglue-r2048-k8192,aliked,lightglue,2048,8192,1152,100_0010_0099.JPG,100_0010_0102.JPG,8192,8192,2219,2065,0.9305993690851735,252.0751953125,0.609375,0.5625,0.9308300018310547,False,ok,0.09568909999507014
D2_111_nadir,aliked-lightglue-r2048-k8192,aliked,lightglue,2048,8192,1153,100_0010_0099.JPG,100_0010_0103.JPG,8192,8192,2332,2180,0.934819897084048,266.11328125,0.453125,0.390625,0.9706834554672241,False,ok,0.11750919999030884
D2_111_nadir,aliked-lightglue-r2048-k8192,aliked,lightglue,2048,8192,1154,100_0010_0099.JPG,100_0010_0104.JPG,8192,8192,1711,1510,0.8825248392752776,184.326171875,0.296875,0.296875,0.9652602672576904,False,ok,0.14105729998846073
D2_111_nadir,aliked-lightglue-r2048-k8192,aliked,lightglue,2048,8192,1155,100_0010_0099.JPG,100_0010_0105.JPG,8192,8192,867,795,0.916955017301038,97.0458984375,0.1875,0.203125,0.9340826869010925,False,ok,0.14518870000028983
D2_111_nadir,aliked-lightglue-r2048-k8192,aliked,lightglue,2048,8192,1156,100_0010_0099.JPG,100_0010_0106.JPG,8192,8192,103,9,0.08737864077669903,1.0986328125,0.125,0.109375,0.19640563428401947,True,ok,0.14633689999755006
D2_111_nadir,aliked-lightglue-r2048-k8192,aliked,lightglue,2048,8192,1157,100_0010_0099.JPG,100_0010_0107.JPG,8192,8192,92,10,0.10869565217391304,1.220703125,0.125,0.15625,0.20089201629161835,True,ok,0.11630870000226423
D2_111_nadir,aliked-lightglue-r2048-k8192,aliked,lightglue,2048,8192,1158,100_0010_0100.JPG,100_0010_0101.JPG,8192,8192,4138,3868,0.9347510874818753,472.16796875,0.84375,0.8125,0.9169426560401917,False,ok,0.1495543000055477
D2_111_nadir,aliked-lightglue-r2048-k8192,aliked,lightglue,2048,8192,1159,100_0010_0100.JPG,100_0010_0102.JPG,8192,8192,3673,3414,0.9294854342499319,416.748046875,0.765625,0.734375,0.9126461744308472,False,ok,0.12820409999403637
D2_111_nadir,aliked-lightglue-r2048-k8192,aliked,lightglue,2048,8192,1160,100_0010_0100.JPG,100_0010_0103.JPG,8192,8192,1371,1263,0.9212253829321663,154.1748046875,0.265625,0.25,0.9602081179618835,False,ok,0.11544160000630654
D2_111_nadir,aliked-lightglue-r2048-k8192,aliked,lightglue,2048,8192,1161,100_0010_0100.JPG,100_0010_0104.JPG,8192,8192,714,646,0.9047619047619048,78.857421875,0.109375,0.109375,0.9003360867500305,False,ok,0.13524289999622852
D2_111_nadir,aliked-lightglue-r2048-k8192,aliked,lightglue,2048,8192,1162,100_0010_0100.JPG,100_0010_0105.JPG,8192,8192,74,9,0.12162162162162163,1.0986328125,0.09375,0.140625,0.20294132828712463,True,ok,0.15250209999794606
D2_111_nadir,aliked-lightglue-r2048-k8192,aliked,lightglue,2048,8192,1163,100_0010_0100.JPG,100_0010_0106.JPG,8192,8192,22,9,0.4090909090909091,1.0986328125,0.125,0.125,0.2127905786037445,True,ok,0.16391669999575242
D2_111_nadir,aliked-lightglue-r2048-k8192,aliked,lightglue,2048,8192,1164,100_0010_0100.JPG,100_0010_0107.JPG,8192,8192,88,9,0.10227272727272728,1.0986328125,0.125,0.109375,0.1999838799238205,True,ok,0.10984229999303352
D2_111_nadir,aliked-lightglue-r2048-k8192,aliked,lightglue,2048,8192,1165,100_0010_0100.JPG,100_0010_0108.JPG,8192,8192,31,9,0.2903225806451613,1.0986328125,0.09375,0.109375,0.20690247416496277,True,ok,0.16778450000856537
D2_111_nadir,aliked-lightglue-r2048-k8192,aliked,lightglue,2048,8192,1166,100_0010_0101.JPG,100_0010_0102.JPG,8192,8192,6346,6107,0.9623384809328711,745.4833984375,1.0,1.0,0.919440507888794,False,ok,0.12113650000537746
D2_111_nadir,aliked-lightglue-r2048-k8192,aliked,lightglue,2048,8192,1167,100_0010_0101.JPG,100_0010_0103.JPG,8192,8192,279,245,0.8781362007168458,29.9072265625,0.0625,0.078125,0.9101574420928955,False,ok,0.143707600000198
D2_111_nadir,aliked-lightglue-r2048-k8192,aliked,lightglue,2048,8192,1168,100_0010_0101.JPG,100_0010_0104.JPG,8192,8192,101,10,0.09900990099009901,1.220703125,0.125,0.140625,0.19086097180843353,True,ok,0.1486983000067994
D2_111_nadir,aliked-lightglue-r2048-k8192,aliked,lightglue,2048,8192,1169,100_0010_0101.JPG,100_0010_0105.JPG,8192,8192,99,12,0.12121212121212122,1.46484375,0.109375,0.171875,0.2030215859413147,True,ok,0.12556210000184365
D2_111_nadir,aliked-lightglue-r2048-k8192,aliked,lightglue,2048,8192,1170,100_0010_0101.JPG,100_0010_0106.JPG,8192,8192,127,11,0.08661417322834646,1.3427734375,0.140625,0.140625,0.21722480654716492,True,ok,0.11521199998969678
D2_111_nadir,aliked-lightglue-r2048-k8192,aliked,lightglue,2048,8192,1171,100_0010_0101.JPG,100_0010_0107.JPG,8192,8192,92,12,0.13043478260869565,1.46484375,0.109375,0.140625,0.21240535378456116,True,ok,0.11941479999222793
D2_111_nadir,aliked-lightglue-r2048-k8192,aliked,lightglue,2048,8192,1172,100_0010_0101.JPG,100_0010_0108.JPG,8192,8192,102,11,0.10784313725490197,1.3427734375,0.09375,0.125,0.21932540833950043,True,ok,0.1255444999987958
D2_111_nadir,aliked-lightglue-r2048-k8192,aliked,lightglue,2048,8192,1173,100_0010_0101.JPG,100_0010_0109.JPG,8192,8192,89,11,0.12359550561797752,1.3427734375,0.09375,0.140625,0.19224515557289124,True,ok,0.12961960000393447
D2_111_nadir,aliked-lightglue-r2048-k8192,aliked,lightglue,2048,8192,1174,100_0010_0102.JPG,100_0010_0103.JPG,8192,8192,82,9,0.10975609756097561,1.0986328125,0.109375,0.125,0.18820510804653168,True,ok,0.1087342999962857
D2_111_nadir,aliked-lightglue-r2048-k8192,aliked,lightglue,2048,8192,1175,100_0010_0102.JPG,100_0010_0104.JPG,8192,8192,92,10,0.10869565217391304,1.220703125,0.140625,0.15625,0.20738603174686432,True,ok,0.1153414000000339
D2_111_nadir,aliked-lightglue-r2048-k8192,aliked,lightglue,2048,8192,1176,100_0010_0102.JPG,100_0010_0105.JPG,8192,8192,78,10,0.1282051282051282,1.220703125,0.125,0.140625,0.2047949880361557,True,ok,0.12901879999844823
D2_111_nadir,aliked-lightglue-r2048-k8192,aliked,lightglue,2048,8192,1177,100_0010_0102.JPG,100_0010_0106.JPG,8192,8192,109,11,0.10091743119266056,1.3427734375,0.125,0.109375,0.21129730343818665,True,ok,0.13555769999220502
D2_111_nadir,aliked-lightglue-r2048-k8192,aliked,lightglue,2048,8192,1178,100_0010_0102.JPG,100_0010_0107.JPG,8192,8192,73,10,0.136986301369863,1.220703125,0.109375,0.125,0.21157966554164886,True,ok,0.11231080000288785
D2_111_nadir,aliked-lightglue-r2048-k8192,aliked,lightglue,2048,8192,1179,100_0010_0102.JPG,100_0010_0108.JPG,8192,8192,86,10,0.11627906976744186,1.220703125,0.09375,0.09375,0.20129075646400452,True,ok,0.11718509999627713
D2_111_nadir,aliked-lightglue-r2048-k8192,aliked,lightglue,2048,8192,1180,100_0010_0102.JPG,100_0010_0109.JPG,8192,8192,47,10,0.2127659574468085,1.220703125,0.140625,0.125,0.22257350385189056,True,ok,0.12492360000032932
D2_111_nadir,aliked-lightglue-r2048-k8192,aliked,lightglue,2048,8192,1181,100_0010_0102.JPG,100_0010_0110.JPG,8192,8192,59,9,0.15254237288135594,1.0986328125,0.109375,0.109375,0.17747007310390472,True,ok,0.1348976000008406
D2_111_nadir,aliked-lightglue-r2048-k8192,aliked,lightglue,2048,8192,1182,100_0010_0103.JPG,100_0010_0104.JPG,8192,8192,5963,5798,0.9723293644138856,707.763671875,0.875,1.0,0.9740839004516602,False,ok,0.12551260000327602
D2_111_nadir,aliked-lightglue-r2048-k8192,aliked,lightglue,2048,8192,1183,100_0010_0103.JPG,100_0010_0105.JPG,8192,8192,4613,4188,0.9078690656839367,511.23046875,0.6875,1.0,0.9599944949150085,False,ok,0.12461819998861756
D2_111_nadir,aliked-lightglue-r2048-k8192,aliked,lightglue,2048,8192,1184,100_0010_0103.JPG,100_0010_0106.JPG,8192,8192,3539,3075,0.8688895168126589,375.3662109375,0.546875,1.0,0.9498698115348816,False,ok,0.09830919999512844
D2_111_nadir,aliked-lightglue-r2048-k8192,aliked,lightglue,2048,8192,1185,100_0010_0103.JPG,100_0010_0107.JPG,8192,8192,2751,2140,0.7778989458378771,261.23046875,0.5,1.0,0.9181273579597473,False,ok,0.12118960000225343
D2_111_nadir,aliked-lightglue-r2048-k8192,aliked,lightglue,2048,8192,1186,100_0010_0103.JPG,100_0010_0108.JPG,8192,8192,2075,1543,0.7436144578313253,188.3544921875,0.375,0.859375,0.881216824054718,False,ok,0.1209097999962978
D2_111_nadir,aliked-lightglue-r2048-k8192,aliked,lightglue,2048,8192,1187,100_0010_0103.JPG,100_0010_0109.JPG,8192,8192,1612,1142,0.7084367245657568,139.404296875,0.3125,0.796875,0.862292468547821,False,ok,0.12784889999602456
D2_111_nadir,aliked-lightglue-r2048-k8192,aliked,lightglue,2048,8192,1188,100_0010_0103.JPG,100_0010_0110.JPG,8192,8192,1305,859,0.6582375478927203,104.8583984375,0.234375,0.8125,0.8313871026039124,False,ok,0.14433600001211744
D2_111_nadir,aliked-lightglue-r2048-k8192,aliked,lightglue,2048,8192,1189,100_0010_0103.JPG,100_0010_0111.JPG,8192,8192,1032,635,0.6153100775193798,77.5146484375,0.234375,0.703125,0.7833042144775391,False,ok,0.15796310000587255
D2_111_nadir,aliked-lightglue-r2048-k8192,aliked,lightglue,2048,8192,1190,100_0010_0104.JPG,100_0010_0105.JPG,8192,8192,5754,5629,0.9782759819256169,687.1337890625,0.859375,1.0,0.9769408106803894,False,ok,0.13143459999992047
D2_111_nadir,aliked-lightglue-r2048-k8192,aliked,lightglue,2048,8192,1191,100_0010_0104.JPG,100_0010_0106.JPG,8192,8192,4383,4034,0.9203741729409081,492.431640625,0.6875,1.0,0.9596059918403625,False,ok,0.12669580000510905
D2_111_nadir,aliked-lightglue-r2048-k8192,aliked,lightglue,2048,8192,1192,100_0010_0104.JPG,100_0010_0107.JPG,8192,8192,3385,2924,0.863810930576071,356.93359375,0.59375,1.0,0.9474261999130249,False,ok,0.1364525999961188
D2_111_nadir,aliked-lightglue-r2048-k8192,aliked,lightglue,2048,8192,1193,100_0010_0104.JPG,100_0010_0108.JPG,8192,8192,2524,2045,0.8102218700475435,249.6337890625,0.453125,0.96875,0.9287657141685486,False,ok,0.11331309999513905
D2_111_nadir,aliked-lightglue-r2048-k8192,aliked,lightglue,2048,8192,1194,100_0010_0104.JPG,100_0010_0109.JPG,8192,8192,1979,1515,0.7655381505811015,184.9365234375,0.34375,0.796875,0.8932039737701416,False,ok,0.1240715000021737
D2_111_nadir,aliked-lightglue-r2048-k8192,aliked,lightglue,2048,8192,1195,100_0010_0104.JPG,100_0010_0110.JPG,8192,8192,1540,1123,0.7292207792207792,137.0849609375,0.3125,0.78125,0.87159663438797,False,ok,0.11345830000936985
D2_111_nadir,aliked-lightglue-r2048-k8192,aliked,lightglue,2048,8192,1196,100_0010_0104.JPG,100_0010_0111.JPG,8192,8192,1233,864,0.7007299270072993,105.46875,0.234375,0.734375,0.8502094149589539,False,ok,0.1411694999987958
D2_111_nadir,aliked-lightglue-r2048-k8192,aliked,lightglue,2048,8192,1197,100_0010_0105.JPG,100_0010_0106.JPG,8192,8192,5734,5582,0.973491454482037,681.396484375,0.859375,1.0,0.9747505784034729,False,ok,0.1324486999947112
D2_111_nadir,aliked-lightglue-r2048-k8192,aliked,lightglue,2048,8192,1198,100_0010_0105.JPG,100_0010_0107.JPG,8192,8192,4363,4017,0.9206967682787073,490.3564453125,0.6875,1.0,0.9563631415367126,False,ok,0.11848629999440163
D2_111_nadir,aliked-lightglue-r2048-k8192,aliked,lightglue,2048,8192,1199,100_0010_0105.JPG,100_0010_0108.JPG,8192,8192,3289,2888,0.8780784432958346,352.5390625,0.59375,1.0,0.9527847170829773,False,ok,0.10612369999580551
D2_111_nadir,aliked-lightglue-r2048-k8192,aliked,lightglue,2048,8192,1200,100_0010_0105.JPG,100_0010_0109.JPG,8192,8192,2566,2156,0.8402182385035074,263.18359375,0.46875,0.96875,0.9275472164154053,False,ok,0.12446269999782089
D2_111_nadir,aliked-lightglue-r2048-k8192,aliked,lightglue,2048,8192,1201,100_0010_0105.JPG,100_0010_0110.JPG,8192,8192,2028,1540,0.7593688362919132,187.98828125,0.34375,0.8125,0.8912768363952637,False,ok,0.12659689999418333
D2_111_nadir,aliked-lightglue-r2048-k8192,aliked,lightglue,2048,8192,1202,100_0010_0105.JPG,100_0010_0111.JPG,8192,8192,1583,1119,0.7068856601389766,136.5966796875,0.328125,0.765625,0.8716757297515869,False,ok,0.1507430000056047
D2_111_nadir,aliked-lightglue-r2048-k8192,aliked,lightglue,2048,8192,1203,100_0010_0106.JPG,100_0010_0107.JPG,8192,8192,5721,5604,0.9795490298898794,684.08203125,0.875,1.0,0.9736278653144836,False,ok,0.09481370000867173
D2_111_nadir,aliked-lightglue-r2048-k8192,aliked,lightglue,2048,8192,1204,100_0010_0106.JPG,100_0010_0108.JPG,8192,8192,4290,4040,0.9417249417249417,493.1640625,0.6875,1.0,0.9635940194129944,False,ok,0.1207155000010971
D2_111_nadir,aliked-lightglue-r2048-k8192,aliked,lightglue,2048,8192,1205,100_0010_0106.JPG,100_0010_0109.JPG,8192,8192,3315,3005,0.9064856711915535,366.8212890625,0.578125,1.0,0.9454764127731323,False,ok,0.12916659998882096
D2_111_nadir,aliked-lightglue-r2048-k8192,aliked,lightglue,2048,8192,1206,100_0010_0106.JPG,100_0010_0110.JPG,8192,8192,2580,2184,0.8465116279069768,266.6015625,0.46875,0.9375,0.9329139590263367,False,ok,0.11460090000764467
D2_111_nadir,aliked-lightglue-r2048-k8192,aliked,lightglue,2048,8192,1207,100_0010_0106.JPG,100_0010_0111.JPG,8192,8192,2065,1569,0.7598062953995157,191.5283203125,0.359375,0.859375,0.895880937576294,False,ok,0.13546530000166968
D2_111_nadir,aliked-lightglue-r2048-k8192,aliked,lightglue,2048,8192,1208,100_0010_0107.JPG,100_0010_0108.JPG,8192,8192,5636,5517,0.9788857345635202,673.4619140625,0.84375,1.0,0.9766752123832703,False,ok,0.11115989999962039
D2_111_nadir,aliked-lightglue-r2048-k8192,aliked,lightglue,2048,8192,1209,100_0010_0107.JPG,100_0010_0109.JPG,8192,8192,4371,4152,0.9498970487302677,506.8359375,0.65625,1.0,0.9666220545768738,False,ok,0.12757359999523032
D2_111_nadir,aliked-lightglue-r2048-k8192,aliked,lightglue,2048,8192,1210,100_0010_0107.JPG,100_0010_0110.JPG,8192,8192,3363,3036,0.9027653880463872,370.60546875,0.59375,0.984375,0.9461022019386292,False,ok,0.14470920000167098
D2_111_nadir,aliked-lightglue-r2048-k8192,aliked,lightglue,2048,8192,1211,100_0010_0107.JPG,100_0010_0111.JPG,8192,8192,2670,2236,0.8374531835205993,272.94921875,0.453125,0.90625,0.936028003692627,False,ok,0.1186840000009397
D2_111_nadir,aliked-lightglue-r2048-k8192,aliked,lightglue,2048,8192,1212,100_0010_0108.JPG,100_0010_0109.JPG,8192,8192,5808,5714,0.9838154269972452,697.509765625,0.84375,1.0,0.9779836535453796,False,ok,0.13049010001122952
D2_111_nadir,aliked-lightglue-r2048-k8192,aliked,lightglue,2048,8192,1213,100_0010_0108.JPG,100_0010_0110.JPG,8192,8192,4507,4313,0.9569558464610606,526.4892578125,0.640625,1.0,0.967585563659668,False,ok,0.11227850000432227
D2_111_nadir,aliked-lightglue-r2048-k8192,aliked,lightglue,2048,8192,1214,100_0010_0108.JPG,100_0010_0111.JPG,8192,8192,3499,3171,0.906258931123178,387.0849609375,0.609375,1.0,0.9523738026618958,False,ok,0.13894530000106897
D2_111_nadir,aliked-lightglue-r2048-k8192,aliked,lightglue,2048,8192,1215,100_0010_0109.JPG,100_0010_0110.JPG,8192,8192,5769,5681,0.984746056508927,693.4814453125,0.828125,1.0,0.9766143560409546,False,ok,0.13684369999100454
D2_111_nadir,aliked-lightglue-r2048-k8192,aliked,lightglue,2048,8192,1216,100_0010_0109.JPG,100_0010_0111.JPG,8192,8192,4479,4152,0.926992632283992,506.8359375,0.671875,1.0,0.9661853909492493,False,ok,0.10851360000378918
D2_111_nadir,aliked-lightglue-r2048-k8192,aliked,lightglue,2048,8192,1217,100_0010_0110.JPG,100_0010_0111.JPG,8192,8192,5781,5693,0.9847777201176267,694.9462890625,0.84375,1.0,0.9764300584793091,False,ok,0.1300924999959534
