dataset,config,front_end,matcher,working_resolution,keypoint_budget,pair_index,image1,image2,keypoints_image1,keypoints_image2,raw_matches,verified_inliers,inlier_ratio,inliers_per_1000_keypoints,coverage_image1,coverage_image2,mean_match_score,failed_pair,verification_status,seconds
D2_111_nadir,aliked-lightglue-native-k8192,aliked,lightglue,native,8192,1,100_0010_0001.JPG,100_0010_0002.JPG,8192,8192,2662,2309,0.8673929376408716,281.8603515625,0.71875,0.765625,0.885156512260437,False,ok,0.38275430000794586
D2_111_nadir,aliked-lightglue-native-k8192,aliked,lightglue,native,8192,2,100_0010_0001.JPG,100_0010_0003.JPG,8192,8192,1918,1547,0.8065693430656934,188.8427734375,0.5,0.5,0.8678263425827026,False,ok,0.09606959999655373
D2_111_nadir,aliked-lightglue-native-k8192,aliked,lightglue,native,8192,3,100_0010_0001.JPG,100_0010_0004.JPG,8192,8192,1502,1078,0.7177097203728362,131.591796875,0.40625,0.40625,0.8235520124435425,False,ok,0.08445209999626968
D2_111_nadir,aliked-lightglue-native-k8192,aliked,lightglue,native,8192,4,100_0010_0001.JPG,100_0010_0005.JPG,8192,8192,661,371,0.5612708018154312,45.2880859375,0.203125,0.1875,0.7711345553398132,False,ok,0.08697670001129154
D2_111_nadir,aliked-lightglue-native-k8192,aliked,lightglue,native,8192,5,100_0010_0001.JPG,100_0010_0006.JPG,8192,8192,15,8,0.5333333333333333,0.9765625,0.09375,0.09375,0.1630292534828186,True,ok,0.16788870000164025
D2_111_nadir,aliked-lightglue-native-k8192,aliked,lightglue,native,8192,6,100_0010_0001.JPG,100_0010_0007.JPG,8192,8192,22,9,0.4090909090909091,1.0986328125,0.125,0.140625,0.23865528404712677,True,ok,0.11449919998995028
D2_111_nadir,aliked-lightglue-native-k8192,aliked,lightglue,native,8192,7,100_0010_0001.JPG,100_0010_0008.JPG,8192,8192,15,9,0.6,1.0986328125,0.109375,0.09375,0.20904463529586792,True,ok,0.11469339999894146
D2_111_nadir,aliked-lightglue-native-k8192,aliked,lightglue,native,8192,8,100_0010_0001.JPG,100_0010_0009.JPG,8192,8192,30,10,0.3333333333333333,1.220703125,0.15625,0.109375,0.2232385128736496,True,ok,0.11429860000498593
D2_111_nadir,aliked-lightglue-native-k8192,aliked,lightglue,native,8192,9,100_0010_0001.JPG,100_0010_0029.JPG,8192,8192,761,474,0.6228646517739816,57.861328125,0.203125,0.203125,0.7668644785881042,False,ok,0.06657120000454597
D2_111_nadir,aliked-lightglue-native-k8192,aliked,lightglue,native,8192,10,100_0010_0001.JPG,100_0010_0030.JPG,8192,8192,1296,963,0.7430555555555556,117.5537109375,0.328125,0.359375,0.8351091742515564,False,ok,0.06976969999959692
D2_111_nadir,aliked-lightglue-native-k8192,aliked,lightglue,native,8192,11,100_0010_0001.JPG,100_0010_0031.JPG,8192,8192,1631,1269,0.7780502759043532,154.9072265625,0.484375,0.515625,0.8323015570640564,False,ok,0.06780969999090303
D2_111_nadir,aliked-lightglue-native-k8192,aliked,lightglue,native,8192,12,100_0010_0001.JPG,100_0010_0032.JPG,8192,8192,2071,1724,0.8324480927088364,210.44921875,0.640625,0.609375,0.8648949861526489,False,ok,0.07451800000853837
D2_111_nadir,aliked-lightglue-native-k8192,aliked,lightglue,native,8192,13,100_0010_0001.JPG,100_0010_0033.JPG,8192,8192,2560,2040,0.796875,249.0234375,0.71875,0.734375,0.8384721875190735,False,ok,0.09476449999783654
D2_111_nadir,aliked-lightglue-native-k8192,aliked,lightglue,native,8192,14,100_0010_0001.JPG,100_0010_0034.JPG,8192,8192,2487,1990,0.8001608363490149,242.919921875,0.734375,0.703125,0.8486610054969788,False,ok,0.09468809999816585
D2_111_nadir,aliked-lightglue-native-k8192,aliked,lightglue,native,8192,15,100_0010_0001.JPG,100_0010_0035.JPG,8192,8192,1796,1508,0.8396436525612472,184.08203125,0.515625,0.546875,0.8708381056785583,False,ok,0.07495159999234602
D2_111_nadir,aliked-lightglue-native-k8192,aliked,lightglue,native,8192,16,100_0010_0001.JPG,100_0010_0036.JPG,8192,8192,1549,1268,0.8185926404131698,154.78515625,0.421875,0.421875,0.8607503175735474,False,ok,0.06494330000714399
D2_111_nadir,aliked-lightglue-native-k8192,aliked,lightglue,native,8192,17,100_0010_0002.JPG,100_0010_0003.JPG,8192,8192,3276,3074,0.9383394383394383,375.244140625,0.8125,0.859375,0.9470556378364563,False,ok,0.07242960001167376
D2_111_nadir,aliked-lightglue-native-k8192,aliked,lightglue,native,8192,18,100_0010_0002.JPG,100_0010_0004.JPG,8192,8192,2589,2279,0.8802626496716879,278.1982421875,0.625,0.625,0.9147996306419373,False,ok,0.06974259999697097
D2_111_nadir,aliked-lightglue-native-k8192,aliked,lightglue,native,8192,19,100_0010_0002.JPG,100_0010_0005.JPG,8192,8192,1820,1415,0.7774725274725275,172.7294921875,0.484375,0.5,0.8694098591804504,False,ok,0.07126929999503773
D2_111_nadir,aliked-lightglue-native-k8192,aliked,lightglue,native,8192,20,100_0010_0002.JPG,100_0010_0006.JPG,8192,8192,927,747,0.8058252427184466,91.1865234375,0.25,0.25,0.8531835675239563,False,ok,0.0633491999906255
D2_111_nadir,aliked-lightglue-native-k8192,aliked,lightglue,native,8192,21,100_0010_0002.JPG,100_0010_0007.JPG,8192,8192,25,13,0.52,1.5869140625,0.09375,0.125,0.2211804986000061,True,ok,0.11159960000077263
D2_111_nadir,aliked-lightglue-native-k8192,aliked,lightglue,native,8192,22,100_0010_0002.JPG,100_0010_0008.JPG,8192,8192,26,14,0.5384615384615384,1.708984375,0.140625,0.140625,0.2190764993429184,True,ok,0.12437180000415538
D2_111_nadir,aliked-lightglue-native-k8192,aliked,lightglue,native,8192,23,100_0010_0002.JPG,100_0010_0009.JPG,8192,8192,20,8,0.4,0.9765625,0.125,0.125,0.29406246542930603,True,ok,0.12462930000037886
D2_111_nadir,aliked-lightglue-native-k8192,aliked,lightglue,native,8192,24,100_0010_0002.JPG,100_0010_0010.JPG,8192,8192,23,9,0.391304347826087,1.0986328125,0.125,0.140625,0.22995337843894958,True,ok,0.11563470000692178
D2_111_nadir,aliked-lightglue-native-k8192,aliked,lightglue,native,8192,25,100_0010_0002.JPG,100_0010_0029.JPG,8192,8192,1552,1239,0.7983247422680413,151.2451171875,0.375,0.375,0.8664989471435547,False,ok,0.06620349999866448
D2_111_nadir,aliked-lightglue-native-k8192,aliked,lightglue,native,8192,26,100_0010_0002.JPG,100_0010_0030.JPG,8192,8192,1975,1696,0.8587341772151899,207.03125,0.5,0.5625,0.8949574828147888,False,ok,0.06783739999809768
D2_111_nadir,aliked-lightglue-native-k8192,aliked,lightglue,native,8192,27,100_0010_0002.JPG,100_0010_0031.JPG,8192,8192,2332,2050,0.8790737564322469,250.244140625,0.640625,0.65625,0.9053088426589966,False,ok,0.07426360000681598
D2_111_nadir,aliked-lightglue-native-k8192,aliked,lightglue,native,8192,28,100_0010_0002.JPG,100_0010_0032.JPG,8192,8192,2560,2247,0.877734375,274.2919921875,0.71875,0.734375,0.8922092318534851,False,ok,0.07589160000497941
D2_111_nadir,aliked-lightglue-native-k8192,aliked,lightglue,native,8192,29,100_0010_0002.JPG,100_0010_0033.JPG,8192,8192,1913,1572,0.821745948771563,191.89453125,0.578125,0.5625,0.8584886193275452,False,ok,0.07004360000428278
D2_111_nadir,aliked-lightglue-native-k8192,aliked,lightglue,native,8192,30,100_0010_0002.JPG,100_0010_0034.JPG,8192,8192,1904,1561,0.8198529411764706,190.5517578125,0.578125,0.59375,0.8555917143821716,False,ok,0.07128030000603758
D2_111_nadir,aliked-lightglue-native-k8192,aliked,lightglue,native,8192,31,100_0010_0002.JPG,100_0010_0035.JPG,8192,8192,1543,1277,0.8276085547634479,155.8837890625,0.46875,0.453125,0.8695166707038879,False,ok,0.06641559999843594
D2_111_nadir,aliked-lightglue-native-k8192,aliked,lightglue,native,8192,32,100_0010_0003.JPG,100_0010_0004.JPG,8192,8192,3356,3211,0.9567938021454112,391.9677734375,0.84375,0.875,0.9625950455665588,False,ok,0.06824920000508428
D2_111_nadir,aliked-lightglue-native-k8192,aliked,lightglue,native,8192,33,100_0010_0003.JPG,100_0010_0005.JPG,8192,8192,2459,2192,0.8914192761285076,267.578125,0.625,0.625,0.9260713458061218,False,ok,0.07185190000745934
D2_111_nadir,aliked-lightglue-native-k8192,aliked,lightglue,native,8192,34,100_0010_0003.JPG,100_0010_0006.JPG,8192,8192,1617,1429,0.8837353123067409,174.4384765625,0.5,0.5,0.9267054200172424,False,ok,0.06573230000503827
D2_111_nadir,aliked-lightglue-native-k8192,aliked,lightglue,native,8192,35,100_0010_0003.JPG,100_0010_0007.JPG,8192,8192,925,724,0.7827027027027027,88.37890625,0.25,0.25,0.8458946347236633,False,ok,0.06232029999955557
D2_111_nadir,aliked-lightglue-native-k8192,aliked,lightglue,native,8192,36,100_0010_0003.JPG,100_0010_0008.JPG,8192,8192,39,15,0.38461538461538464,1.8310546875,0.140625,0.125,0.24589450657367706,False,ok,0.11392060000798665
D2_111_nadir,aliked-lightglue-native-k8192,aliked,lightglue,native,8192,37,100_0010_0003.JPG,100_0010_0009.JPG,8192,8192,16,8,0.5,0.9765625,0.09375,0.109375,0.19625206291675568,True,ok,0.1267018999933498
D2_111_nadir,aliked-lightglue-native-k8192,aliked,lightglue,native,8192,38,100_0010_0003.JPG,100_0010_0010.JPG,8192,8192,14,8,0.5714285714285714,0.9765625,0.109375,0.109375,0.1731015294790268,True,ok,0.12125229999946896
D2_111_nadir,aliked-lightglue-native-k8192,aliked,lightglue,native,8192,39,100_0010_0003.JPG,100_0010_0011.JPG,8192,8192,19,9,0.47368421052631576,1.0986328125,0.09375,0.109375,0.20254042744636536,True,ok,0.11951190000399947
D2_111_nadir,aliked-lightglue-native-k8192,aliked,lightglue,native,8192,40,100_0010_0003.JPG,100_0010_0028.JPG,8192,8192,1359,1156,0.8506254598969831,141.11328125,0.375,0.375,0.8930619359016418,False,ok,0.06745640000735875
D2_111_nadir,aliked-lightglue-native-k8192,aliked,lightglue,native,8192,41,100_0010_0003.JPG,100_0010_0029.JPG,8192,8192,1926,1644,0.8535825545171339,200.68359375,0.5625,0.5625,0.8890634179115295,False,ok,0.07380249998823274
D2_111_nadir,aliked-lightglue-native-k8192,aliked,lightglue,native,8192,42,100_0010_0003.JPG,100_0010_0030.JPG,8192,8192,2382,2149,0.9021830394626364,262.3291015625,0.640625,0.65625,0.9163637757301331,False,ok,0.07475119999435265
D2_111_nadir,aliked-lightglue-native-k8192,aliked,lightglue,native,8192,43,100_0010_0003.JPG,100_0010_0031.JPG,8192,8192,2489,2251,0.9043792687826436,274.7802734375,0.734375,0.734375,0.918091356754303,False,ok,0.07386759998917114
D2_111_nadir,aliked-lightglue-native-k8192,aliked,lightglue,native,8192,44,100_0010_0003.JPG,100_0010_0032.JPG,8192,8192,1965,1685,0.8575063613231552,205.6884765625,0.5625,0.5625,0.8868232369422913,False,ok,0.0704190000105882
D2_111_nadir,aliked-lightglue-native-k8192,aliked,lightglue,native,8192,45,100_0010_0003.JPG,100_0010_0033.JPG,8192,8192,1381,1090,0.7892831281679942,133.056640625,0.421875,0.421875,0.8597692251205444,False,ok,0.06351470001391135
D2_111_nadir,aliked-lightglue-native-k8192,aliked,lightglue,native,8192,46,100_0010_0003.JPG,100_0010_0034.JPG,8192,8192,1367,1047,0.7659107534747622,127.8076171875,0.40625,0.453125,0.8435308337211609,False,ok,0.06314899999415502
D2_111_nadir,aliked-lightglue-native-k8192,aliked,lightglue,native,8192,47,100_0010_0004.JPG,100_0010_0005.JPG,8192,8192,3237,3098,0.9570590052517763,378.173828125,0.859375,0.890625,0.9629071354866028,False,ok,0.06869520001055207
D2_111_nadir,aliked-lightglue-native-k8192,aliked,lightglue,native,8192,48,100_0010_0004.JPG,100_0010_0006.JPG,8192,8192,2287,2111,0.9230432881504154,257.6904296875,0.609375,0.609375,0.9530274271965027,False,ok,0.06709749999572523
D2_111_nadir,aliked-lightglue-native-k8192,aliked,lightglue,native,8192,49,100_0010_0004.JPG,100_0010_0007.JPG,8192,8192,1528,1304,0.8534031413612565,159.1796875,0.484375,0.46875,0.9020456075668335,False,ok,0.06416979999630712
D2_111_nadir,aliked-lightglue-native-k8192,aliked,lightglue,native,8192,50,100_0010_0004.JPG,100_0010_0008.JPG,8192,8192,844,628,0.7440758293838863,76.66015625,0.234375,0.234375,0.8133332133293152,False,ok,0.05922120000468567
D2_111_nadir,aliked-lightglue-native-k8192,aliked,lightglue,native,8192,51,100_0010_0004.JPG,100_0010_0009.JPG,8192,8192,35,17,0.4857142857142857,2.0751953125,0.125,0.15625,0.218341663479805,False,ok,0.10913620000064839
D2_111_nadir,aliked-lightglue-native-k8192,aliked,lightglue,native,8192,52,100_0010_0004.JPG,100_0010_0010.JPG,8192,8192,24,12,0.5,1.46484375,0.125,0.109375,0.22839240729808807,True,ok,0.11152390000643209
D2_111_nadir,aliked-lightglue-native-k8192,aliked,lightglue,native,8192,53,100_0010_0004.JPG,100_0010_0011.JPG,8192,8192,15,8,0.5333333333333333,0.9765625,0.09375,0.109375,0.1952405869960785,True,ok,0.12489130000176374
D2_111_nadir,aliked-lightglue-native-k8192,aliked,lightglue,native,8192,54,100_0010_0004.JPG,100_0010_0012.JPG,8192,8192,9,7,0.7777777777777778,0.8544921875,0.09375,0.09375,0.214074045419693,True,ok,0.11538279999513179
D2_111_nadir,aliked-lightglue-native-k8192,aliked,lightglue,native,8192,55,100_0010_0004.JPG,100_0010_0027.JPG,8192,8192,1274,1005,0.7888540031397174,122.6806640625,0.375,0.375,0.865419864654541,False,ok,0.07573559999582358
D2_111_nadir,aliked-lightglue-native-k8192,aliked,lightglue,native,8192,56,100_0010_0004.JPG,100_0010_0028.JPG,8192,8192,1680,1528,0.9095238095238095,186.5234375,0.5625,0.5625,0.9325606822967529,False,ok,0.06964489999518264
D2_111_nadir,aliked-lightglue-native-k8192,aliked,lightglue,native,8192,57,100_0010_0004.JPG,100_0010_0029.JPG,8192,8192,2215,1985,0.8961625282167043,242.3095703125,0.65625,0.65625,0.9185875058174133,False,ok,0.07589520000328775
D2_111_nadir,aliked-lightglue-native-k8192,aliked,lightglue,native,8192,58,100_0010_0004.JPG,100_0010_0030.JPG,8192,8192,2465,2235,0.9066937119675457,272.8271484375,0.75,0.75,0.9212888479232788,False,ok,0.07305060001090169
D2_111_nadir,aliked-lightglue-native-k8192,aliked,lightglue,native,8192,59,100_0010_0004.JPG,100_0010_0031.JPG,8192,8192,1951,1697,0.8698103536647873,207.1533203125,0.5625,0.5625,0.8994861245155334,False,ok,0.07479040000180248
D2_111_nadir,aliked-lightglue-native-k8192,aliked,lightglue,native,8192,60,100_0010_0004.JPG,100_0010_0032.JPG,8192,8192,1519,1241,0.8169848584595129,151.4892578125,0.46875,0.453125,0.8698574304580688,False,ok,0.06845710000197869
D2_111_nadir,aliked-lightglue-native-k8192,aliked,lightglue,native,8192,61,100_0010_0005.JPG,100_0010_0006.JPG,8192,8192,3300,3194,0.9678787878787879,389.892578125,0.875,0.828125,0.9769483208656311,False,ok,0.06826370001363102
D2_111_nadir,aliked-lightglue-native-k8192,aliked,lightglue,native,8192,62,100_0010_0005.JPG,100_0010_0007.JPG,8192,8192,2267,2104,0.9280988089986767,256.8359375,0.609375,0.625,0.9496474862098694,False,ok,0.06850310000299942
D2_111_nadir,aliked-lightglue-native-k8192,aliked,lightglue,native,8192,63,100_0010_0005.JPG,100_0010_0008.JPG,8192,8192,1374,1185,0.8624454148471615,144.6533203125,0.46875,0.453125,0.9132758975028992,False,ok,0.06117870000889525
D2_111_nadir,aliked-lightglue-native-k8192,aliked,lightglue,native,8192,64,100_0010_0005.JPG,100_0010_0009.JPG,8192,8192,637,476,0.7472527472527473,58.10546875,0.21875,0.21875,0.81977379322052,False,ok,0.0567120000050636
D2_111_nadir,aliked-lightglue-native-k8192,aliked,lightglue,native,8192,65,100_0010_0005.JPG,100_0010_0010.JPG,8192,8192,30,12,0.4,1.46484375,0.140625,0.09375,0.21333061158657074,True,ok,0.10633540000708308
D2_111_nadir,aliked-lightglue-native-k8192,aliked,lightglue,native,8192,66,100_0010_0005.JPG,100_0010_0011.JPG,8192,8192,9,7,0.7777777777777778,0.8544921875,0.078125,0.09375,0.2516123652458191,True,ok,0.11312579999503214
D2_111_nadir,aliked-lightglue-native-k8192,aliked,lightglue,native,8192,67,100_0010_0005.JPG,100_0010_0012.JPG,8192,8192,18,9,0.5,1.0986328125,0.125,0.125,0.26209914684295654,True,ok,0.12214219999441411
D2_111_nadir,aliked-lightglue-native-k8192,aliked,lightglue,native,8192,68,100_0010_0005.JPG,100_0010_0013.JPG,8192,8192,12,7,0.5833333333333334,0.8544921875,0.09375,0.09375,0.2417537420988083,True,ok,0.12183049999293871
D2_111_nadir,aliked-lightglue-native-k8192,aliked,lightglue,native,8192,69,100_0010_0005.JPG,100_0010_0026.JPG,8192,8192,1198,975,0.8138564273789649,119.0185546875,0.375,0.375,0.8812557458877563,False,ok,0.08215119999658782
D2_111_nadir,aliked-lightglue-native-k8192,aliked,lightglue,native,8192,70,100_0010_0005.JPG,100_0010_0027.JPG,8192,8192,1710,1554,0.9087719298245615,189.697265625,0.5625,0.5625,0.9279740452766418,False,ok,0.07041129999561235
D2_111_nadir,aliked-lightglue-native-k8192,aliked,lightglue,native,8192,71,100_0010_0005.JPG,100_0010_0028.JPG,8192,8192,2145,2034,0.9482517482517483,248.291015625,0.65625,0.65625,0.9611364603042603,False,ok,0.07284680000157095
D2_111_nadir,aliked-lightglue-native-k8192,aliked,lightglue,native,8192,72,100_0010_0005.JPG,100_0010_0029.JPG,8192,8192,2382,2203,0.9248530646515534,268.9208984375,0.75,0.75,0.94316565990448,False,ok,0.07387269999890123
D2_111_nadir,aliked-lightglue-native-k8192,aliked,lightglue,native,8192,73,100_0010_0005.JPG,100_0010_0030.JPG,8192,8192,1829,1622,0.8868234007654456,197.998046875,0.5625,0.5625,0.9143330454826355,False,ok,0.07225889999244828
D2_111_nadir,aliked-lightglue-native-k8192,aliked,lightglue,native,8192,74,100_0010_0005.JPG,100_0010_0031.JPG,8192,8192,1415,1160,0.8197879858657244,141.6015625,0.46875,0.46875,0.8767791986465454,False,ok,0.06679040000017267
D2_111_nadir,aliked-lightglue-native-k8192,aliked,lightglue,native,8192,75,100_0010_0006.JPG,100_0010_0007.JPG,8192,8192,3354,3218,0.9594514013118665,392.822265625,0.84375,0.84375,0.9709922671318054,False,ok,0.06888780000736006
D2_111_nadir,aliked-lightglue-native-k8192,aliked,lightglue,native,8192,76,100_0010_0006.JPG,100_0010_0008.JPG,8192,8192,2091,1941,0.9282639885222381,236.9384765625,0.59375,0.625,0.9516416192054749,False,ok,0.06467539998993743
D2_111_nadir,aliked-lightglue-native-k8192,aliked,lightglue,native,8192,77,100_0010_0006.JPG,100_0010_0009.JPG,8192,8192,1240,1030,0.8306451612903226,125.732421875,0.453125,0.453125,0.8869386911392212,False,ok,0.05862150000757538
D2_111_nadir,aliked-lightglue-native-k8192,aliked,lightglue,native,8192,78,100_0010_0006.JPG,100_0010_0010.JPG,8192,8192,711,468,0.6582278481012658,57.12890625,0.171875,0.171875,0.8030305504798889,False,ok,0.0605438999918988
D2_111_nadir,aliked-lightglue-native-k8192,aliked,lightglue,native,8192,79,100_0010_0006.JPG,100_0010_0011.JPG,8192,8192,136,41,0.3014705882352941,5.0048828125,0.078125,0.078125,0.48726698756217957,False,ok,0.11632960000133608
D2_111_nadir,aliked-lightglue-native-k8192,aliked,lightglue,native,8192,80,100_0010_0006.JPG,100_0010_0012.JPG,8192,8192,35,9,0.2571428571428571,1.0986328125,0.09375,0.109375,0.2229948341846466,True,ok,0.10592069999256637
D2_111_nadir,aliked-lightglue-native-k8192,aliked,lightglue,native,8192,81,100_0010_0006.JPG,100_0010_0013.JPG,8192,8192,40,9,0.225,1.0986328125,0.078125,0.140625,0.22495527565479279,True,ok,0.10796710000431631
D2_111_nadir,aliked-lightglue-native-k8192,aliked,lightglue,native,8192,82,100_0010_0006.JPG,100_0010_0014.JPG,8192,8192,24,9,0.375,1.0986328125,0.109375,0.109375,0.28579947352409363,True,ok,0.10874889999104198
D2_111_nadir,aliked-lightglue-native-k8192,aliked,lightglue,native,8192,83,100_0010_0006.JPG,100_0010_0025.JPG,8192,8192,1126,917,0.8143872113676732,111.9384765625,0.375,0.375,0.8635026216506958,False,ok,0.06686890000128187
D2_111_nadir,aliked-lightglue-native-k8192,aliked,lightglue,native,8192,84,100_0010_0006.JPG,100_0010_0026.JPG,8192,8192,1655,1472,0.8894259818731118,179.6875,0.5625,0.5625,0.9200891852378845,False,ok,0.07146360000479035
D2_111_nadir,aliked-lightglue-native-k8192,aliked,lightglue,native,8192,85,100_0010_0006.JPG,100_0010_0027.JPG,8192,8192,2243,2104,0.9380294248773964,256.8359375,0.65625,0.65625,0.9479883313179016,False,ok,0.07150550000369549
D2_111_nadir,aliked-lightglue-native-k8192,aliked,lightglue,native,8192,86,100_0010_0006.JPG,100_0010_0028.JPG,8192,8192,2426,2305,0.950123660346249,281.3720703125,0.75,0.75,0.9649152755737305,False,ok,0.07295329999760725
D2_111_nadir,aliked-lightglue-native-k8192,aliked,lightglue,native,8192,87,100_0010_0006.JPG,100_0010_0029.JPG,8192,8192,1800,1693,0.9405555555555556,206.6650390625,0.578125,0.5625,0.9572844505310059,False,ok,0.0709894999890821
D2_111_nadir,aliked-lightglue-native-k8192,aliked,lightglue,native,8192,88,100_0010_0006.JPG,100_0010_0030.JPG,8192,8192,1320,1141,0.8643939393939394,139.2822265625,0.46875,0.46875,0.905708372592926,False,ok,0.0693749000056414
D2_111_nadir,aliked-lightglue-native-k8192,aliked,lightglue,native,8192,89,100_0010_0007.JPG,100_0010_0008.JPG,8192,8192,3161,3042,0.9623536855425499,371.337890625,0.859375,0.859375,0.9677175283432007,False,ok,0.06845379999140278
D2_111_nadir,aliked-lightglue-native-k8192,aliked,lightglue,native,8192,90,100_0010_0007.JPG,100_0010_0009.JPG,8192,8192,1973,1806,0.9153573238722758,220.458984375,0.625,0.609375,0.9412285685539246,False,ok,0.062021600009757094
D2_111_nadir,aliked-lightglue-native-k8192,aliked,lightglue,native,8192,91,100_0010_0007.JPG,100_0010_0010.JPG,8192,8192,1282,1070,0.8346333853354134,130.615234375,0.46875,0.46875,0.8910349011421204,False,ok,0.05810399999609217
D2_111_nadir,aliked-lightglue-native-k8192,aliked,lightglue,native,8192,92,100_0010_0007.JPG,100_0010_0011.JPG,8192,8192,771,550,0.7133592736705577,67.138671875,0.203125,0.1875,0.7982949018478394,False,ok,0.05483740000636317
D2_111_nadir,aliked-lightglue-native-k8192,aliked,lightglue,native,8192,93,100_0010_0007.JPG,100_0010_0012.JPG,8192,8192,176,64,0.36363636363636365,7.8125,0.078125,0.078125,0.5577483177185059,False,ok,0.09065500000724569
D2_111_nadir,aliked-lightglue-native-k8192,aliked,lightglue,native,8192,94,100_0010_0007.JPG,100_0010_0013.JPG,8192,8192,46,9,0.1956521739130435,1.0986328125,0.125,0.109375,0.23832066357135773,True,ok,0.10663639999984298
D2_111_nadir,aliked-lightglue-native-k8192,aliked,lightglue,native,8192,95,100_0010_0007.JPG,100_0010_0014.JPG,8192,8192,37,9,0.24324324324324326,1.0986328125,0.09375,0.09375,0.2303917557001114,True,ok,0.10678010000265203
D2_111_nadir,aliked-lightglue-native-k8192,aliked,lightglue,native,8192,96,100_0010_0007.JPG,100_0010_0015.JPG,8192,8192,27,9,0.3333333333333333,1.0986328125,0.109375,0.109375,0.24976034462451935,True,ok,0.10749650000070687
D2_111_nadir,aliked-lightglue-native-k8192,aliked,lightglue,native,8192,97,100_0010_0007.JPG,100_0010_0024.JPG,8192,8192,1252,1044,0.8338658146964856,127.44140625,0.375,0.375,0.8785451054573059,False,ok,0.06451999999990221
D2_111_nadir,aliked-lightglue-native-k8192,aliked,lightglue,native,8192,98,100_0010_0007.JPG,100_0010_0025.JPG,8192,8192,1636,1458,0.89119804400978,177.978515625,0.5625,0.5625,0.917952835559845,False,ok,0.06761209999967832
D2_111_nadir,aliked-lightglue-native-k8192,aliked,lightglue,native,8192,99,100_0010_0007.JPG,100_0010_0026.JPG,8192,8192,2254,2117,0.9392191659272404,258.4228515625,0.65625,0.65625,0.9509982466697693,False,ok,0.07194219999655616
D2_111_nadir,aliked-lightglue-native-k8192,aliked,lightglue,native,8192,100,100_0010_0007.JPG,100_0010_0027.JPG,8192,8192,2537,2399,0.9456050453291289,292.8466796875,0.75,0.75,0.9611048698425293,False,ok,0.07353080000029877
D2_111_nadir,aliked-lightglue-native-k8192,aliked,lightglue,native,8192,101,100_0010_0007.JPG,100_0010_0028.JPG,8192,8192,1872,1706,0.9113247863247863,208.251953125,0.640625,0.59375,0.9339505434036255,False,ok,0.07151999999769032
D2_111_nadir,aliked-lightglue-native-k8192,aliked,lightglue,native,8192,102,100_0010_0007.JPG,100_0010_0029.JPG,8192,8192,1284,1115,0.868380062305296,136.1083984375,0.46875,0.46875,0.9055829644203186,False,ok,0.06922239999403246
D2_111_nadir,aliked-lightglue-native-k8192,aliked,lightglue,native,8192,103,100_0010_0008.JPG,100_0010_0009.JPG,8192,8192,3136,2977,0.9492984693877551,363.4033203125,0.875,0.828125,0.9549626111984253,False,ok,0.06775339999876451
D2_111_nadir,aliked-lightglue-native-k8192,aliked,lightglue,native,8192,104,100_0010_0008.JPG,100_0010_0010.JPG,8192,8192,2121,1897,0.8943894389438944,231.5673828125,0.609375,0.578125,0.9245650172233582,False,ok,0.06481849998817779
D2_111_nadir,aliked-lightglue-native-k8192,aliked,lightglue,native,8192,105,100_0010_0008.JPG,100_0010_0011.JPG,8192,8192,1497,1219,0.8142952571810287,148.8037109375,0.453125,0.421875,0.8725402355194092,False,ok,0.059902000008150935
D2_111_nadir,aliked-lightglue-native-k8192,aliked,lightglue,native,8192,106,100_0010_0008.JPG,100_0010_0012.JPG,8192,8192,795,572,0.7194968553459119,69.82421875,0.1875,0.171875,0.7831263542175293,False,ok,0.061627899995073676
D2_111_nadir,aliked-lightglue-native-k8192,aliked,lightglue,native,8192,107,100_0010_0008.JPG,100_0010_0013.JPG,8192,8192,145,69,0.47586206896551725,8.4228515625,0.109375,0.09375,0.5635824203491211,False,ok,0.12627869998686947
D2_111_nadir,aliked-lightglue-native-k8192,aliked,lightglue,native,8192,108,100_0010_0008.JPG,100_0010_0014.JPG,8192,8192,29,9,0.3103448275862069,1.0986328125,0.125,0.09375,0.24022197723388672,True,ok,0.10671260001254268
D2_111_nadir,aliked-lightglue-native-k8192,aliked,lightglue,native,8192,109,100_0010_0008.JPG,100_0010_0015.JPG,8192,8192,31,9,0.2903225806451613,1.0986328125,0.140625,0.09375,0.21605941653251648,True,ok,0.10577579999517184
D2_111_nadir,aliked-lightglue-native-k8192,aliked,lightglue,native,8192,110,100_0010_0008.JPG,100_0010_0016.JPG,8192,8192,41,9,0.21951219512195122,1.0986328125,0.109375,0.125,0.24848420917987823,True,ok,0.10571479999634903
D2_111_nadir,aliked-lightglue-native-k8192,aliked,lightglue,native,8192,111,100_0010_0008.JPG,100_0010_0023.JPG,8192,8192,1446,1200,0.8298755186721992,146.484375,0.375,0.375,0.8688950538635254,False,ok,0.06466979999095201
D2_111_nadir,aliked-lightglue-native-k8192,aliked,lightglue,native,8192,112,100_0010_0008.JPG,100_0010_0024.JPG,8192,8192,1867,1674,0.8966256025709695,204.345703125,0.5625,0.5625,0.9225809574127197,False,ok,0.06978710000112187
D2_111_nadir,aliked-lightglue-native-k8192,aliked,lightglue,native,8192,113,100_0010_0008.JPG,100_0010_0025.JPG,8192,8192,2289,2134,0.9322848405417212,260.498046875,0.65625,0.65625,0.9428595900535583,False,ok,0.07341649998852517
D2_111_nadir,aliked-lightglue-native-k8192,aliked,lightglue,native,8192,114,100_0010_0008.JPG,100_0010_0026.JPG,8192,8192,2608,2442,0.9363496932515337,298.095703125,0.75,0.75,0.955665647983551,False,ok,0.07398809998994693
D2_111_nadir,aliked-lightglue-native-k8192,aliked,lightglue,native,8192,115,100_0010_0008.JPG,100_0010_0027.JPG,8192,8192,1912,1745,0.9126569037656904,213.0126953125,0.640625,0.59375,0.9405711889266968,False,ok,0.07063089999428485
D2_111_nadir,aliked-lightglue-native-k8192,aliked,lightglue,native,8192,116,100_0010_0008.JPG,100_0010_0028.JPG,8192,8192,1328,1128,0.8493975903614458,137.6953125,0.46875,0.46875,0.9001531004905701,False,ok,0.06773099998827092
D2_111_nadir,aliked-lightglue-native-k8192,aliked,lightglue,native,8192,117,100_0010_0009.JPG,100_0010_0010.JPG,8192,8192,3286,3128,0.9519172245891662,381.8359375,0.859375,0.84375,0.9492751955986023,False,ok,0.0683668999990914
D2_111_nadir,aliked-lightglue-native-k8192,aliked,lightglue,native,8192,118,100_0010_0009.JPG,100_0010_0011.JPG,8192,8192,2295,2071,0.90239651416122,252.8076171875,0.625,0.609375,0.9241690635681152,False,ok,0.06645519999437965
D2_111_nadir,aliked-lightglue-native-k8192,aliked,lightglue,native,8192,119,100_0010_0009.JPG,100_0010_0012.JPG,8192,8192,1584,1293,0.8162878787878788,157.8369140625,0.453125,0.421875,0.8747434616088867,False,ok,0.062455699997371994
D2_111_nadir,aliked-lightglue-native-k8192,aliked,lightglue,native,8192,120,100_0010_0009.JPG,100_0010_0013.JPG,8192,8192,938,700,0.746268656716418,85.44921875,0.25,0.234375,0.8071296811103821,False,ok,0.0650171000015689
D2_111_nadir,aliked-lightglue-native-k8192,aliked,lightglue,native,8192,121,100_0010_0009.JPG,100_0010_0014.JPG,8192,8192,100,48,0.48,5.859375,0.09375,0.078125,0.5107705593109131,False,ok,0.10574820000329055
D2_111_nadir,aliked-lightglue-native-k8192,aliked,lightglue,native,8192,122,100_0010_0009.JPG,100_0010_0015.JPG,8192,8192,26,10,0.38461538461538464,1.220703125,0.109375,0.125,0.204997718334198,True,ok,0.10618099999555852
D2_111_nadir,aliked-lightglue-native-k8192,aliked,lightglue,native,8192,123,100_0010_0009.JPG,100_0010_0016.JPG,8192,8192,20,8,0.4,0.9765625,0.078125,0.09375,0.1907767951488495,True,ok,0.10575909999897704
D2_111_nadir,aliked-lightglue-native-k8192,aliked,lightglue,native,8192,124,100_0010_0009.JPG,100_0010_0017.JPG,8192,8192,18,8,0.4444444444444444,0.9765625,0.125,0.109375,0.17845624685287476,True,ok,0.10577049999847077
D2_111_nadir,aliked-lightglue-native-k8192,aliked,lightglue,native,8192,125,100_0010_0009.JPG,100_0010_0022.JPG,8192,8192,1502,1195,0.7956058588548602,145.8740234375,0.375,0.375,0.847067654132843,False,ok,0.06653559999540448
D2_111_nadir,aliked-lightglue-native-k8192,aliked,lightglue,native,8192,126,100_0010_0009.JPG,100_0010_0023.JPG,8192,8192,2013,1792,0.8902136115250869,218.75,0.5625,0.5625,0.9164870381355286,False,ok,0.06912779998674523
D2_111_nadir,aliked-lightglue-native-k8192,aliked,lightglue,native,8192,127,100_0010_0009.JPG,100_0010_0024.JPG,8192,8192,2492,2318,0.9301765650080257,282.958984375,0.65625,0.65625,0.9404259920120239,False,ok,0.07244210000499152
D2_111_nadir,aliked-lightglue-native-k8192,aliked,lightglue,native,8192,128,100_0010_0009.JPG,100_0010_0025.JPG,8192,8192,2643,2461,0.9311388573590617,300.4150390625,0.75,0.75,0.9467988014221191,False,ok,0.07360640000842977
D2_111_nadir,aliked-lightglue-native-k8192,aliked,lightglue,native,8192,129,100_0010_0009.JPG,100_0010_0026.JPG,8192,8192,1881,1695,0.9011164274322169,206.9091796875,0.65625,0.640625,0.9260551333427429,False,ok,0.06876119998923969
D2_111_nadir,aliked-lightglue-native-k8192,aliked,lightglue,native,8192,130,100_0010_0009.JPG,100_0010_0027.JPG,8192,8192,1278,1078,0.8435054773082942,131.591796875,0.46875,0.46875,0.8894198536872864,False,ok,0.0673638000007486
D2_111_nadir,aliked-lightglue-native-k8192,aliked,lightglue,native,8192,131,100_0010_0010.JPG,100_0010_0011.JPG,8192,8192,3547,3403,0.9594023118127996,415.4052734375,0.859375,0.875,0.9614542722702026,False,ok,0.06879209999169689
D2_111_nadir,aliked-lightglue-native-k8192,aliked,lightglue,native,8192,132,100_0010_0010.JPG,100_0010_0012.JPG,8192,8192,2545,2351,0.9237721021611002,286.9873046875,0.59375,0.59375,0.9488196969032288,False,ok,0.06775010000274051
D2_111_nadir,aliked-lightglue-native-k8192,aliked,lightglue,native,8192,133,100_0010_0010.JPG,100_0010_0013.JPG,8192,8192,1878,1595,0.849307774227902,194.7021484375,0.5,0.5,0.8977670669555664,False,ok,0.061903699999675155
D2_111_nadir,aliked-lightglue-native-k8192,aliked,lightglue,native,8192,134,100_0010_0010.JPG,100_0010_0014.JPG,8192,8192,1162,933,0.8029259896729777,113.8916015625,0.25,0.25,0.8651226162910461,False,ok,0.05878219999431167
D2_111_nadir,aliked-lightglue-native-k8192,aliked,lightglue,native,8192,135,100_0010_0010.JPG,100_0010_0015.JPG,8192,8192,201,100,0.4975124378109453,12.20703125,0.125,0.125,0.6867323517799377,False,ok,0.06848860000900459
D2_111_nadir,aliked-lightglue-native-k8192,aliked,lightglue,native,8192,136,100_0010_0010.JPG,100_0010_0016.JPG,8192,8192,42,11,0.2619047619047619,1.3427734375,0.09375,0.09375,0.2869560718536377,True,ok,0.10664359999645967
D2_111_nadir,aliked-lightglue-native-k8192,aliked,lightglue,native,8192,137,100_0010_0010.JPG,100_0010_0017.JPG,8192,8192,161,60,0.37267080745341613,7.32421875,0.109375,0.125,0.5476078987121582,False,ok,0.07075700000859797
D2_111_nadir,aliked-lightglue-native-k8192,aliked,lightglue,native,8192,138,100_0010_0010.JPG,100_0010_0018.JPG,8192,8192,177,91,0.5141242937853108,11.1083984375,0.109375,0.109375,0.6914921998977661,False,ok,0.06866879999870434
D2_111_nadir,aliked-lightglue-native-k8192,aliked,lightglue,native,8192,139,100_0010_0010.JPG,100_0010_0021.JPG,8192,8192,1680,1396,0.830952380952381,170.41015625,0.375,0.375,0.8863658905029297,False,ok,0.06564490000891965
D2_111_nadir,aliked-lightglue-native-k8192,aliked,lightglue,native,8192,140,100_0010_0010.JPG,100_0010_0022.JPG,8192,8192,2135,1910,0.8946135831381733,233.154296875,0.5625,0.5625,0.9159831404685974,False,ok,0.06851250000181608
D2_111_nadir,aliked-lightglue-native-k8192,aliked,lightglue,native,8192,141,100_0010_0010.JPG,100_0010_0023.JPG,8192,8192,2621,2465,0.9404807325448302,300.9033203125,0.65625,0.65625,0.9481726884841919,False,ok,0.0706964999990305
D2_111_nadir,aliked-lightglue-native-k8192,aliked,lightglue,native,8192,142,100_0010_0010.JPG,100_0010_0024.JPG,8192,8192,2750,2579,0.9378181818181818,314.8193359375,0.75,0.75,0.9513006210327148,False,ok,0.07125160000578035
D2_111_nadir,aliked-lightglue-native-k8192,aliked,lightglue,native,8192,143,100_0010_0010.JPG,100_0010_0025.JPG,8192,8192,2041,1832,0.8975992160705536,223.6328125,0.640625,0.625,0.9247632026672363,False,ok,0.06825660000322387
D2_111_nadir,aliked-lightglue-native-k8192,aliked,lightglue,native,8192,144,100_0010_0010.JPG,100_0010_0026.JPG,8192,8192,1347,1135,0.8426132145508537,138.5498046875,0.46875,0.46875,0.8877381086349487,False,ok,0.06449860001157504
D2_111_nadir,aliked-lightglue-native-k8192,aliked,lightglue,native,8192,145,100_0010_0011.JPG,100_0010_0012.JPG,8192,8192,3541,3391,0.9576390850042361,413.9404296875,0.84375,0.828125,0.9615499377250671,False,ok,0.06818990000465419
D2_111_nadir,aliked-lightglue-native-k8192,aliked,lightglue,native,8192,146,100_0010_0011.JPG,100_0010_0013.JPG,8192,8192,2690,2430,0.9033457249070632,296.630859375,0.625,0.625,0.9308225512504578,False,ok,0.0666551000031177
D2_111_nadir,aliked-lightglue-native-k8192,aliked,lightglue,native,8192,147,100_0010_0011.JPG,100_0010_0014.JPG,8192,8192,1937,1568,0.8094992256066081,191.40625,0.46875,0.453125,0.8779066205024719,False,ok,0.06329950000508688
D2_111_nadir,aliked-lightglue-native-k8192,aliked,lightglue,native,8192,148,100_0010_0011.JPG,100_0010_0015.JPG,8192,8192,900,605,0.6722222222222223,73.8525390625,0.25,0.25,0.8127423524856567,False,ok,0.05896710000524763
D2_111_nadir,aliked-lightglue-native-k8192,aliked,lightglue,native,8192,149,100_0010_0011.JPG,100_0010_0016.JPG,8192,8192,719,427,0.5938803894297635,52.1240234375,0.25,0.25,0.7540634870529175,False,ok,0.06620689999544993
D2_111_nadir,aliked-lightglue-native-k8192,aliked,lightglue,native,8192,150,100_0010_0011.JPG,100_0010_0017.JPG,8192,8192,802,528,0.6583541147132169,64.453125,0.21875,0.21875,0.7921504974365234,False,ok,0.0582317999942461
D2_111_nadir,aliked-lightglue-native-k8192,aliked,lightglue,native,8192,151,100_0010_0011.JPG,100_0010_0018.JPG,8192,8192,759,485,0.6389986824769434,59.2041015625,0.203125,0.1875,0.7981293201446533,False,ok,0.05764210000052117
D2_111_nadir,aliked-lightglue-native-k8192,aliked,lightglue,native,8192,152,100_0010_0011.JPG,100_0010_0019.JPG,8192,8192,768,523,0.6809895833333334,63.8427734375,0.1875,0.1875,0.8045889735221863,False,ok,0.05846590000146534
D2_111_nadir,aliked-lightglue-native-k8192,aliked,lightglue,native,8192,153,100_0010_0011.JPG,100_0010_0020.JPG,8192,8192,1627,1330,0.8174554394591272,162.353515625,0.375,0.359375,0.8808996081352234,False,ok,0.06303659999684896
D2_111_nadir,aliked-lightglue-native-k8192,aliked,lightglue,native,8192,154,100_0010_0011.JPG,100_0010_0021.JPG,8192,8192,2183,1868,0.8557031607879065,228.02734375,0.5625,0.515625,0.8923689723014832,False,ok,0.06845829999656416
D2_111_nadir,aliked-lightglue-native-k8192,aliked,lightglue,native,8192,155,100_0010_0011.JPG,100_0010_0022.JPG,8192,8192,2669,2432,0.9112026976395654,296.875,0.65625,0.65625,0.926569402217865,False,ok,0.07143209999776445
D2_111_nadir,aliked-lightglue-native-k8192,aliked,lightglue,native,8192,156,100_0010_0011.JPG,100_0010_0023.JPG,8192,8192,2897,2684,0.9264756644804971,327.63671875,0.75,0.75,0.9443860054016113,False,ok,0.07038499999907799
D2_111_nadir,aliked-lightglue-native-k8192,aliked,lightglue,native,8192,157,100_0010_0011.JPG,100_0010_0024.JPG,8192,8192,2173,1941,0.893235158766682,236.9384765625,0.640625,0.65625,0.9254319667816162,False,ok,0.06702729999960866
D2_111_nadir,aliked-lightglue-native-k8192,aliked,lightglue,native,8192,158,100_0010_0011.JPG,100_0010_0025.JPG,8192,8192,1495,1209,0.808695652173913,147.5830078125,0.453125,0.46875,0.8626348376274109,False,ok,0.0653877000004286
D2_111_nadir,aliked-lightglue-native-k8192,aliked,lightglue,native,8192,159,100_0010_0012.JPG,100_0010_0013.JPG,8192,8192,3497,3332,0.952816700028596,406.73828125,0.875,0.875,0.9570935368537903,False,ok,0.06783309999445919
D2_111_nadir,aliked-lightglue-native-k8192,aliked,lightglue,native,8192,160,100_0010_0012.JPG,100_0010_0014.JPG,8192,8192,2643,2390,0.9042754445705637,291.748046875,0.625,0.625,0.9356273412704468,False,ok,0.06630379999114666
D2_111_nadir,aliked-lightglue-native-k8192,aliked,lightglue,native,8192,161,100_0010_0012.JPG,100_0010_0015.JPG,8192,8192,1603,1335,0.8328134747348721,162.9638671875,0.5,0.5,0.8853762745857239,False,ok,0.06129250000230968
D2_111_nadir,aliked-lightglue-native-k8192,aliked,lightglue,native,8192,162,100_0010_0012.JPG,100_0010_0016.JPG,8192,8192,1457,1132,0.7769389155799589,138.18359375,0.5,0.5,0.8588957786560059,False,ok,0.05875180001021363
D2_111_nadir,aliked-lightglue-native-k8192,aliked,lightglue,native,8192,163,100_0010_0012.JPG,100_0010_0017.JPG,8192,8192,1400,1123,0.8021428571428572,137.0849609375,0.4375,0.4375,0.8672133088111877,False,ok,0.05979519999527838
D2_111_nadir,aliked-lightglue-native-k8192,aliked,lightglue,native,8192,164,100_0010_0012.JPG,100_0010_0018.JPG,8192,8192,1256,956,0.7611464968152867,116.69921875,0.375,0.375,0.8516826033592224,False,ok,0.05912840001110453
D2_111_nadir,aliked-lightglue-native-k8192,aliked,lightglue,native,8192,165,100_0010_0012.JPG,100_0010_0019.JPG,8192,8192,1250,993,0.7944,121.2158203125,0.375,0.375,0.8682986497879028,False,ok,0.0588590999977896
D2_111_nadir,aliked-lightglue-native-k8192,aliked,lightglue,native,8192,166,100_0010_0012.JPG,100_0010_0020.JPG,8192,8192,2075,1819,0.8766265060240964,222.0458984375,0.546875,0.5625,0.9043691158294678,False,ok,0.06787320000876207
D2_111_nadir,aliked-lightglue-native-k8192,aliked,lightglue,native,8192,167,100_0010_0012.JPG,100_0010_0021.JPG,8192,8192,2613,2397,0.9173363949483353,292.6025390625,0.65625,0.65625,0.9342443943023682,False,ok,0.07180620000872295
D2_111_nadir,aliked-lightglue-native-k8192,aliked,lightglue,native,8192,168,100_0010_0012.JPG,100_0010_0022.JPG,8192,8192,2872,2663,0.9272284122562674,325.0732421875,0.75,0.75,0.9350404143333435,False,ok,0.07239319999644067
D2_111_nadir,aliked-lightglue-native-k8192,aliked,lightglue,native,8192,169,100_0010_0012.JPG,100_0010_0023.JPG,8192,8192,2247,2004,0.8918558077436582,244.62890625,0.609375,0.65625,0.9162307381629944,False,ok,0.0697916999924928
D2_111_nadir,aliked-lightglue-native-k8192,aliked,lightglue,native,8192,170,100_0010_0012.JPG,100_0010_0024.JPG,8192,8192,1610,1360,0.84472049689441,166.015625,0.46875,0.46875,0.8854386806488037,False,ok,0.06473889999324456
D2_111_nadir,aliked-lightglue-native-k8192,aliked,lightglue,native,8192,171,100_0010_0013.JPG,100_0010_0014.JPG,8192,8192,3530,3381,0.9577903682719546,412.7197265625,0.828125,0.875,0.9612784385681152,False,ok,0.06886459999077488
D2_111_nadir,aliked-lightglue-native-k8192,aliked,lightglue,native,8192,172,100_0010_0013.JPG,100_0010_0015.JPG,8192,8192,2282,2047,0.8970201577563541,249.8779296875,0.65625,0.640625,0.9255056381225586,False,ok,0.06476029999612365
D2_111_nadir,aliked-lightglue-native-k8192,aliked,lightglue,native,8192,173,100_0010_0013.JPG,100_0010_0016.JPG,8192,8192,2072,1846,0.890926640926641,225.341796875,0.625,0.625,0.9273627400398254,False,ok,0.0626965000119526
D2_111_nadir,aliked-lightglue-native-k8192,aliked,lightglue,native,8192,174,100_0010_0013.JPG,100_0010_0017.JPG,8192,8192,1959,1686,0.8606431852986217,205.810546875,0.546875,0.546875,0.9068700075149536,False,ok,0.06458180000481661
D2_111_nadir,aliked-lightglue-native-k8192,aliked,lightglue,native,8192,175,100_0010_0013.JPG,100_0010_0018.JPG,8192,8192,1724,1438,0.834106728538283,175.537109375,0.484375,0.484375,0.8826949596405029,False,ok,0.06348959999741055
D2_111_nadir,aliked-lightglue-native-k8192,aliked,lightglue,native,8192,176,100_0010_0013.JPG,100_0010_0019.JPG,8192,8192,1709,1449,0.8478642480983031,176.8798828125,0.546875,0.46875,0.8920072913169861,False,ok,0.06268790000467561
D2_111_nadir,aliked-lightglue-native-k8192,aliked,lightglue,native,8192,177,100_0010_0013.JPG,100_0010_0020.JPG,8192,8192,2587,2388,0.9230769230769231,291.50390625,0.640625,0.65625,0.9388444423675537,False,ok,0.0709835000016028
D2_111_nadir,aliked-lightglue-native-k8192,aliked,lightglue,native,8192,178,100_0010_0013.JPG,100_0010_0021.JPG,8192,8192,2924,2704,0.9247606019151847,330.078125,0.75,0.75,0.9452810883522034,False,ok,0.07254209999518935
D2_111_nadir,aliked-lightglue-native-k8192,aliked,lightglue,native,8192,179,100_0010_0013.JPG,100_0010_0022.JPG,8192,8192,2323,2045,0.8803271631510977,249.6337890625,0.65625,0.65625,0.9118371605873108,False,ok,0.0721964999975171
D2_111_nadir,aliked-lightglue-native-k8192,aliked,lightglue,native,8192,180,100_0010_0014.JPG,100_0010_0015.JPG,8192,8192,3251,3124,0.9609350968932636,381.34765625,0.875,0.875,0.9636553525924683,False,ok,0.06810219999169931
D2_111_nadir,aliked-lightglue-native-k8192,aliked,lightglue,native,8192,181,100_0010_0014.JPG,100_0010_0016.JPG,8192,8192,2990,2847,0.9521739130434783,347.5341796875,0.859375,0.875,0.9579086899757385,False,ok,0.06770549999782816
D2_111_nadir,aliked-lightglue-native-k8192,aliked,lightglue,native,8192,182,100_0010_0014.JPG,100_0010_0017.JPG,8192,8192,2649,2492,0.9407323518308796,304.19921875,0.765625,0.765625,0.949250340461731,False,ok,0.06969689999823458
D2_111_nadir,aliked-lightglue-native-k8192,aliked,lightglue,native,8192,183,100_0010_0014.JPG,100_0010_0018.JPG,8192,8192,2257,2044,0.9056269384138237,249.51171875,0.65625,0.65625,0.9296481013298035,False,ok,0.06818299999576993
D2_111_nadir,aliked-lightglue-native-k8192,aliked,lightglue,native,8192,184,100_0010_0014.JPG,100_0010_0019.JPG,8192,8192,2241,2051,0.9152164212405176,250.3662109375,0.65625,0.65625,0.9337465167045593,False,ok,0.0675271999934921
D2_111_nadir,aliked-lightglue-native-k8192,aliked,lightglue,native,8192,185,100_0010_0014.JPG,100_0010_0020.JPG,8192,8192,2871,2691,0.9373040752351097,328.4912109375,0.75,0.75,0.9468355178833008,False,ok,0.07117129999096505
D2_111_nadir,aliked-lightglue-native-k8192,aliked,lightglue,native,8192,186,100_0010_0014.JPG,100_0010_0021.JPG,8192,8192,2252,1991,0.8841030195381883,243.0419921875,0.65625,0.640625,0.9148767590522766,False,ok,0.07064080001146067
D2_111_nadir,aliked-lightglue-native-k8192,aliked,lightglue,native,8192,187,100_0010_0014.JPG,100_0010_0022.JPG,8192,8192,1643,1401,0.8527084601339014,171.0205078125,0.46875,0.46875,0.9001209735870361,False,ok,0.06479739998758305
D2_111_nadir,aliked-lightglue-native-k8192,aliked,lightglue,native,8192,188,100_0010_0014.JPG,100_0010_0023.JPG,8192,8192,1183,895,0.7565511411665258,109.2529296875,0.3125,0.359375,0.8336907625198364,False,ok,0.06376920000184327
D2_111_nadir,aliked-lightglue-native-k8192,aliked,lightglue,native,8192,189,100_0010_0015.JPG,100_0010_0016.JPG,8192,8192,4572,4517,0.9879702537182852,551.3916015625,1.0,1.0,0.9877989292144775,False,ok,0.06861819999176078
D2_111_nadir,aliked-lightglue-native-k8192,aliked,lightglue,native,8192,190,100_0010_0015.JPG,100_0010_0017.JPG,8192,8192,3730,3626,0.972117962466488,442.626953125,0.875,0.875,0.9665749669075012,False,ok,0.06762990000424907
D2_111_nadir,aliked-lightglue-native-k8192,aliked,lightglue,native,8192,191,100_0010_0015.JPG,100_0010_0018.JPG,8192,8192,2962,2811,0.949020931802836,343.1396484375,0.765625,0.75,0.9535088539123535,False,ok,0.07016640000801999
D2_111_nadir,aliked-lightglue-native-k8192,aliked,lightglue,native,8192,192,100_0010_0015.JPG,100_0010_0019.JPG,8192,8192,2844,2680,0.9423347398030942,327.1484375,0.75,0.75,0.9501012563705444,False,ok,0.0697029000002658
D2_111_nadir,aliked-lightglue-native-k8192,aliked,lightglue,native,8192,193,100_0010_0015.JPG,100_0010_0020.JPG,8192,8192,2007,1798,0.8958644743398106,219.482421875,0.65625,0.65625,0.9220941066741943,False,ok,0.06939340000099037
D2_111_nadir,aliked-lightglue-native-k8192,aliked,lightglue,native,8192,194,100_0010_0015.JPG,100_0010_0021.JPG,8192,8192,1410,1188,0.8425531914893617,145.01953125,0.46875,0.46875,0.8932772874832153,False,ok,0.06330479998723604
D2_111_nadir,aliked-lightglue-native-k8192,aliked,lightglue,native,8192,195,100_0010_0015.JPG,100_0010_0022.JPG,8192,8192,996,727,0.7299196787148594,88.7451171875,0.375,0.34375,0.8221564292907715,False,ok,0.058772500007762574
D2_111_nadir,aliked-lightglue-native-k8192,aliked,lightglue,native,8192,196,100_0010_0015.JPG,100_0010_0023.JPG,8192,8192,478,289,0.604602510460251,35.2783203125,0.1875,0.1875,0.7578449249267578,False,ok,0.05989029999182094
D2_111_nadir,aliked-lightglue-native-k8192,aliked,lightglue,native,8192,197,100_0010_0015.JPG,100_0010_0051.JPG,8192,8192,1510,1300,0.8609271523178808,158.69140625,0.5,0.5,0.8804972171783447,False,ok,0.06618179999350104
D2_111_nadir,aliked-lightglue-native-k8192,aliked,lightglue,native,8192,198,100_0010_0016.JPG,100_0010_0017.JPG,8192,8192,3752,3675,0.9794776119402985,448.6083984375,0.90625,0.875,0.9707009196281433,False,ok,0.06783109999378212
D2_111_nadir,aliked-lightglue-native-k8192,aliked,lightglue,native,8192,199,100_0010_0016.JPG,100_0010_0018.JPG,8192,8192,2871,2707,0.9428770463253222,330.4443359375,0.75,0.75,0.9442436099052429,False,ok,0.06809659999271389
D2_111_nadir,aliked-lightglue-native-k8192,aliked,lightglue,native,8192,200,100_0010_0016.JPG,100_0010_0019.JPG,8192,8192,2782,2646,0.9511143062544932,322.998046875,0.75,0.75,0.9574005603790283,False,ok,0.07092750001174863
D2_111_nadir,aliked-lightglue-native-k8192,aliked,lightglue,native,8192,201,100_0010_0016.JPG,100_0010_0020.JPG,8192,8192,1952,1755,0.899077868852459,214.2333984375,0.640625,0.609375,0.9180131554603577,False,ok,0.0668666999990819
D2_111_nadir,aliked-lightglue-native-k8192,aliked,lightglue,native,8192,202,100_0010_0016.JPG,100_0010_0021.JPG,8192,8192,1335,1128,0.8449438202247191,137.6953125,0.46875,0.46875,0.8852956295013428,False,ok,0.06121739999798592
D2_111_nadir,aliked-lightglue-native-k8192,aliked,lightglue,native,8192,203,100_0010_0016.JPG,100_0010_0022.JPG,8192,8192,950,658,0.6926315789473684,80.322265625,0.296875,0.265625,0.805571436882019,False,ok,0.057148500010953285
D2_111_nadir,aliked-lightglue-native-k8192,aliked,lightglue,native,8192,204,100_0010_0016.JPG,100_0010_0023.JPG,8192,8192,390,237,0.6076923076923076,28.9306640625,0.1875,0.171875,0.7410032749176025,False,ok,0.0659789999917848
D2_111_nadir,aliked-lightglue-native-k8192,aliked,lightglue,native,8192,205,100_0010_0016.JPG,100_0010_0024.JPG,8192,8192,17,8,0.47058823529411764,0.9765625,0.078125,0.109375,0.1788310408592224,True,ok,0.10633809999853838
D2_111_nadir,aliked-lightglue-native-k8192,aliked,lightglue,native,8192,206,100_0010_0016.JPG,100_0010_0051.JPG,8192,8192,1509,1300,0.8614976805831677,158.69140625,0.5,0.484375,0.8879831433296204,False,ok,0.06482830000459217
D2_111_nadir,aliked-lightglue-native-k8192,aliked,lightglue,native,8192,207,100_0010_0017.JPG,100_0010_0018.JPG,8192,8192,3975,3893,0.9793710691823899,475.2197265625,0.921875,0.875,0.9725537896156311,False,ok,0.06811569999263156
D2_111_nadir,aliked-lightglue-native-k8192,aliked,lightglue,native,8192,208,100_0010_0017.JPG,100_0010_0019.JPG,8192,8192,3792,3693,0.9738924050632911,450.8056640625,0.875,0.875,0.9694743156433105,False,ok,0.0681339000002481
D2_111_nadir,aliked-lightglue-native-k8192,aliked,lightglue,native,8192,209,100_0010_0017.JPG,100_0010_0020.JPG,8192,8192,2560,2381,0.930078125,290.6494140625,0.765625,0.75,0.9454401731491089,False,ok,0.07024909999745432
D2_111_nadir,aliked-lightglue-native-k8192,aliked,lightglue,native,8192,210,100_0010_0017.JPG,100_0010_0021.JPG,8192,8192,1773,1521,0.8578680203045685,185.6689453125,0.546875,0.546875,0.8990837931632996,False,ok,0.06307880001259036
D2_111_nadir,aliked-lightglue-native-k8192,aliked,lightglue,native,8192,211,100_0010_0017.JPG,100_0010_0022.JPG,8192,8192,1252,958,0.7651757188498403,116.943359375,0.421875,0.390625,0.8592002987861633,False,ok,0.060108699995907955
D2_111_nadir,aliked-lightglue-native-k8192,aliked,lightglue,native,8192,212,100_0010_0017.JPG,100_0010_0023.JPG,8192,8192,634,440,0.694006309148265,53.7109375,0.21875,0.21875,0.7986018657684326,False,ok,0.05771540000569075
D2_111_nadir,aliked-lightglue-native-k8192,aliked,lightglue,native,8192,213,100_0010_0017.JPG,100_0010_0024.JPG,8192,8192,18,8,0.4444444444444444,0.9765625,0.125,0.109375,0.24795562028884888,True,ok,0.10578009999881033
D2_111_nadir,aliked-lightglue-native-k8192,aliked,lightglue,native,8192,214,100_0010_0017.JPG,100_0010_0025.JPG,8192,8192,12,8,0.6666666666666666,0.9765625,0.078125,0.109375,0.17428237199783325,True,ok,0.10610309999901801
D2_111_nadir,aliked-lightglue-native-k8192,aliked,lightglue,native,8192,215,100_0010_0017.JPG,100_0010_0050.JPG,8192,8192,1712,1515,0.884929906542056,184.9365234375,0.546875,0.546875,0.9097887277603149,False,ok,0.07283409999217838
D2_111_nadir,aliked-lightglue-native-k8192,aliked,lightglue,native,8192,216,100_0010_0017.JPG,100_0010_0051.JPG,8192,8192,2086,1871,0.8969319271332694,228.3935546875,0.625,0.625,0.9127589464187622,False,ok,0.06932249999954365
D2_111_nadir,aliked-lightglue-native-k8192,aliked,lightglue,native,8192,217,100_0010_0018.JPG,100_0010_0019.JPG,8192,8192,4711,4673,0.9919337720229251,570.4345703125,1.0,1.0,0.9894754886627197,False,ok,0.06979700000374578
D2_111_nadir,aliked-lightglue-native-k8192,aliked,lightglue,native,8192,218,100_0010_0018.JPG,100_0010_0020.JPG,8192,8192,2954,2801,0.9482058226134056,341.9189453125,0.875,0.875,0.959816575050354,False,ok,0.06818080000812188
D2_111_nadir,aliked-lightglue-native-k8192,aliked,lightglue,native,8192,219,100_0010_0018.JPG,100_0010_0021.JPG,8192,8192,2058,1826,0.8872691933916423,222.900390625,0.625,0.625,0.9219933748245239,False,ok,0.062140800000634044
D2_111_nadir,aliked-lightglue-native-k8192,aliked,lightglue,native,8192,220,100_0010_0018.JPG,100_0010_0022.JPG,8192,8192,1535,1212,0.7895765472312704,147.94921875,0.484375,0.484375,0.8746063709259033,False,ok,0.05889700000989251
D2_111_nadir,aliked-lightglue-native-k8192,aliked,lightglue,native,8192,221,100_0010_0018.JPG,100_0010_0023.JPG,8192,8192,788,578,0.733502538071066,70.556640625,0.25,0.25,0.8424549102783203,False,ok,0.05442080000648275
D2_111_nadir,aliked-lightglue-native-k8192,aliked,lightglue,native,8192,222,100_0010_0018.JPG,100_0010_0024.JPG,8192,8192,17,8,0.47058823529411764,0.9765625,0.125,0.125,0.21509778499603271,True,ok,0.10546530000283383
D2_111_nadir,aliked-lightglue-native-k8192,aliked,lightglue,native,8192,223,100_0010_0018.JPG,100_0010_0025.JPG,8192,8192,12,8,0.6666666666666666,0.9765625,0.09375,0.09375,0.2020500898361206,True,ok,0.10574670000642072
D2_111_nadir,aliked-lightglue-native-k8192,aliked,lightglue,native,8192,224,100_0010_0018.JPG,100_0010_0026.JPG,8192,8192,14,8,0.5714285714285714,0.9765625,0.125,0.109375,0.2460976541042328,True,ok,0.10664090000500437
D2_111_nadir,aliked-lightglue-native-k8192,aliked,lightglue,native,8192,225,100_0010_0018.JPG,100_0010_0049.JPG,8192,8192,1571,1325,0.8434118395926161,161.7431640625,0.546875,0.546875,0.8834344148635864,False,ok,0.06865030000335537
D2_111_nadir,aliked-lightglue-native-k8192,aliked,lightglue,native,8192,226,100_0010_0018.JPG,100_0010_0050.JPG,8192,8192,2109,1893,0.8975817923186344,231.0791015625,0.65625,0.65625,0.9226530194282532,False,ok,0.07417379999242257
D2_111_nadir,aliked-lightglue-native-k8192,aliked,lightglue,native,8192,227,100_0010_0018.JPG,100_0010_0051.JPG,8192,8192,2633,2459,0.9339156855298139,300.1708984375,0.75,0.75,0.9396079778671265,False,ok,0.07342699999571778
D2_111_nadir,aliked-lightglue-native-k8192,aliked,lightglue,native,8192,228,100_0010_0019.JPG,100_0010_0020.JPG,8192,8192,3055,2919,0.9554828150572832,356.3232421875,0.875,0.875,0.9635526537895203,False,ok,0.06786759999522474
D2_111_nadir,aliked-lightglue-native-k8192,aliked,lightglue,native,8192,229,100_0010_0019.JPG,100_0010_0021.JPG,8192,8192,2165,1905,0.8799076212471132,232.5439453125,0.640625,0.625,0.9215601682662964,False,ok,0.06205109998700209
D2_111_nadir,aliked-lightglue-native-k8192,aliked,lightglue,native,8192,230,100_0010_0019.JPG,100_0010_0022.JPG,8192,8192,1623,1304,0.8034504004929144,159.1796875,0.5,0.5,0.8792566657066345,False,ok,0.05930130000342615
D2_111_nadir,aliked-lightglue-native-k8192,aliked,lightglue,native,8192,231,100_0010_0019.JPG,100_0010_0023.JPG,8192,8192,873,643,0.736540664375716,78.4912109375,0.25,0.25,0.8296973705291748,False,ok,0.05518619999929797
D2_111_nadir,aliked-lightglue-native-k8192,aliked,lightglue,native,8192,232,100_0010_0019.JPG,100_0010_0024.JPG,8192,8192,17,9,0.5294117647058824,1.0986328125,0.125,0.125,0.27065587043762207,True,ok,0.10681120000663213
D2_111_nadir,aliked-lightglue-native-k8192,aliked,lightglue,native,8192,233,100_0010_0019.JPG,100_0010_0025.JPG,8192,8192,15,9,0.6,1.0986328125,0.09375,0.125,0.2344338744878769,True,ok,0.1064741000009235
D2_111_nadir,aliked-lightglue-native-k8192,aliked,lightglue,native,8192,234,100_0010_0019.JPG,100_0010_0026.JPG,8192,8192,18,10,0.5555555555555556,1.220703125,0.109375,0.09375,0.26369377970695496,True,ok,0.1077237999998033
D2_111_nadir,aliked-lightglue-native-k8192,aliked,lightglue,native,8192,235,100_0010_0019.JPG,100_0010_0027.JPG,8192,8192,18,9,0.5,1.0986328125,0.109375,0.125,0.221080482006073,True,ok,0.10597520000010263
D2_111_nadir,aliked-lightglue-native-k8192,aliked,lightglue,native,8192,236,100_0010_0019.JPG,100_0010_0049.JPG,8192,8192,1636,1373,0.839242053789731,167.6025390625,0.546875,0.5625,0.8890946507453918,False,ok,0.06530669999483507
D2_111_nadir,aliked-lightglue-native-k8192,aliked,lightglue,native,8192,237,100_0010_0019.JPG,100_0010_0050.JPG,8192,8192,2206,2009,0.9106980961015413,245.2392578125,0.65625,0.65625,0.9332443475723267,False,ok,0.0729152999992948
D2_111_nadir,aliked-lightglue-native-k8192,aliked,lightglue,native,8192,238,100_0010_0019.JPG,100_0010_0051.JPG,8192,8192,2688,2519,0.9371279761904762,307.4951171875,0.75,0.75,0.9483450055122375,False,ok,0.07311280000430997
D2_111_nadir,aliked-lightglue-native-k8192,aliked,lightglue,native,8192,239,100_0010_0019.JPG,100_0010_0052.JPG,8192,8192,2092,1880,0.8986615678776291,229.4921875,0.640625,0.625,0.9167047739028931,False,ok,0.0691067000007024
D2_111_nadir,aliked-lightglue-native-k8192,aliked,lightglue,native,8192,240,100_0010_0020.JPG,100_0010_0021.JPG,8192,8192,3518,3411,0.9695849914724275,416.3818359375,0.875,0.875,0.9742491841316223,False,ok,0.0683184999943478
D2_111_nadir,aliked-lightglue-native-k8192,aliked,lightglue,native,8192,241,100_0010_0020.JPG,100_0010_0022.JPG,8192,8192,2597,2354,0.9064304967269927,287.353515625,0.640625,0.65625,0.935981035232544,False,ok,0.06874580000294372
D2_111_nadir,aliked-lightglue-native-k8192,aliked,lightglue,native,8192,242,100_0010_0020.JPG,100_0010_0023.JPG,8192,8192,1851,1579,0.8530524041058887,192.7490234375,0.484375,0.5,0.9011384844779968,False,ok,0.06280630000401288
D2_111_nadir,aliked-lightglue-native-k8192,aliked,lightglue,native,8192,243,100_0010_0020.JPG,100_0010_0024.JPG,8192,8192,990,756,0.7636363636363637,92.28515625,0.25,0.28125,0.8450016379356384,False,ok,0.060355299996444955
D2_111_nadir,aliked-lightglue-native-k8192,aliked,lightglue,native,8192,244,100_0010_0020.JPG,100_0010_0025.JPG,8192,8192,211,92,0.43601895734597157,11.23046875,0.109375,0.125,0.6327870488166809,False,ok,0.0885718000063207
D2_111_nadir,aliked-lightglue-native-k8192,aliked,lightglue,native,8192,245,100_0010_0020.JPG,100_0010_0026.JPG,8192,8192,24,10,0.4166666666666667,1.220703125,0.140625,0.140625,0.2337503880262375,True,ok,0.10631689999718219
D2_111_nadir,aliked-lightglue-native-k8192,aliked,lightglue,native,8192,246,100_0010_0020.JPG,100_0010_0027.JPG,8192,8192,22,10,0.45454545454545453,1.220703125,0.109375,0.109375,0.22604502737522125,True,ok,0.1061760000011418
D2_111_nadir,aliked-lightglue-native-k8192,aliked,lightglue,native,8192,247,100_0010_0020.JPG,100_0010_0028.JPG,8192,8192,18,9,0.5,1.0986328125,0.09375,0.09375,0.24070803821086884,True,ok,0.10588679999636952
D2_111_nadir,aliked-lightglue-native-k8192,aliked,lightglue,native,8192,248,100_0010_0020.JPG,100_0010_0049.JPG,8192,8192,2517,2318,0.920937624155741,282.958984375,0.6875,0.6875,0.932466447353363,False,ok,0.07332069998665247
D2_111_nadir,aliked-lightglue-native-k8192,aliked,lightglue,native,8192,249,100_0010_0020.JPG,100_0010_0050.JPG,8192,8192,2638,2457,0.9313874147081123,299.9267578125,0.75,0.75,0.9428809285163879,False,ok,0.07425059999513905
D2_111_nadir,aliked-lightglue-native-k8192,aliked,lightglue,native,8192,250,100_0010_0020.JPG,100_0010_0051.JPG,8192,8192,2085,1875,0.8992805755395683,228.8818359375,0.65625,0.65625,0.9228366017341614,False,ok,0.06847530000959523
D2_111_nadir,aliked-lightglue-native-k8192,aliked,lightglue,native,8192,251,100_0010_0021.JPG,100_0010_0022.JPG,8192,8192,3476,3355,0.9651898734177216,409.5458984375,0.875,0.875,0.9703971147537231,False,ok,0.06896720000077039
D2_111_nadir,aliked-lightglue-native-k8192,aliked,lightglue,native,8192,252,100_0010_0021.JPG,100_0010_0023.JPG,8192,8192,2529,2306,0.9118228548833531,281.494140625,0.625,0.625,0.941624641418457,False,ok,0.06710409998777322
D2_111_nadir,aliked-lightglue-native-k8192,aliked,lightglue,native,8192,253,100_0010_0021.JPG,100_0010_0024.JPG,8192,8192,1626,1360,0.8364083640836408,166.015625,0.5,0.5,0.8892073035240173,False,ok,0.06350099999690428
D2_111_nadir,aliked-lightglue-native-k8192,aliked,lightglue,native,8192,254,100_0010_0021.JPG,100_0010_0025.JPG,8192,8192,883,647,0.7327293318233296,78.9794921875,0.25,0.25,0.8078013062477112,False,ok,0.06193379999604076
D2_111_nadir,aliked-lightglue-native-k8192,aliked,lightglue,native,8192,255,100_0010_0021.JPG,100_0010_0026.JPG,8192,8192,213,73,0.3427230046948357,8.9111328125,0.125,0.171875,0.49556469917297363,False,ok,0.14376249999622814
D2_111_nadir,aliked-lightglue-native-k8192,aliked,lightglue,native,8192,256,100_0010_0021.JPG,100_0010_0027.JPG,8192,8192,24,10,0.4166666666666667,1.220703125,0.109375,0.109375,0.23651450872421265,True,ok,0.107481099999859
D2_111_nadir,aliked-lightglue-native-k8192,aliked,lightglue,native,8192,257,100_0010_0021.JPG,100_0010_0028.JPG,8192,8192,15,9,0.6,1.0986328125,0.078125,0.09375,0.20136556029319763,True,ok,0.10639509999600705
D2_111_nadir,aliked-lightglue-native-k8192,aliked,lightglue,native,8192,258,100_0010_0021.JPG,100_0010_0029.JPG,8192,8192,30,9,0.3,1.0986328125,0.125,0.109375,0.2529906928539276,True,ok,0.10585540000465699
D2_111_nadir,aliked-lightglue-native-k8192,aliked,lightglue,native,8192,259,100_0010_0021.JPG,100_0010_0047.JPG,8192,8192,1689,1439,0.85198342214328,175.6591796875,0.53125,0.5625,0.8845783472061157,False,ok,0.06932209999649785
D2_111_nadir,aliked-lightglue-native-k8192,aliked,lightglue,native,8192,260,100_0010_0021.JPG,100_0010_0048.JPG,8192,8192,2430,2221,0.9139917695473251,271.1181640625,0.65625,0.65625,0.9332727789878845,False,ok,0.07531220000237226
D2_111_nadir,aliked-lightglue-native-k8192,aliked,lightglue,native,8192,261,100_0010_0021.JPG,100_0010_0049.JPG,8192,8192,2653,2457,0.9261213720316622,299.9267578125,0.75,0.75,0.9426463842391968,False,ok,0.07391779999306891
D2_111_nadir,aliked-lightglue-native-k8192,aliked,lightglue,native,8192,262,100_0010_0021.JPG,100_0010_0050.JPG,8192,8192,2109,1887,0.8947368421052632,230.3466796875,0.5625,0.5625,0.9238491654396057,False,ok,0.06932779999624472
D2_111_nadir,aliked-lightglue-native-k8192,aliked,lightglue,native,8192,263,100_0010_0021.JPG,100_0010_0051.JPG,8192,8192,1597,1349,0.8447088290544772,164.6728515625,0.46875,0.46875,0.8933401107788086,False,ok,0.06322809999983292
D2_111_nadir,aliked-lightglue-native-k8192,aliked,lightglue,native,8192,264,100_0010_0022.JPG,100_0010_0023.JPG,8192,8192,3452,3337,0.9666859791425261,407.3486328125,0.875,0.875,0.9719688296318054,False,ok,0.06818329999805428
D2_111_nadir,aliked-lightglue-native-k8192,aliked,lightglue,native,8192,265,100_0010_0022.JPG,100_0010_0024.JPG,8192,8192,2304,2103,0.9127604166666666,256.7138671875,0.625,0.625,0.9434743523597717,False,ok,0.06568349999724887
D2_111_nadir,aliked-lightglue-native-k8192,aliked,lightglue,native,8192,266,100_0010_0022.JPG,100_0010_0025.JPG,8192,8192,1543,1248,0.8088139987038238,152.34375,0.5,0.5,0.8716999292373657,False,ok,0.06131029999232851
D2_111_nadir,aliked-lightglue-native-k8192,aliked,lightglue,native,8192,267,100_0010_0022.JPG,100_0010_0026.JPG,8192,8192,851,594,0.6980023501762632,72.509765625,0.25,0.25,0.7950007915496826,False,ok,0.057480899995425716
D2_111_nadir,aliked-lightglue-native-k8192,aliked,lightglue,native,8192,268,100_0010_0022.JPG,100_0010_0027.JPG,8192,8192,92,50,0.5434782608695652,6.103515625,0.140625,0.140625,0.5418768525123596,False,ok,0.10609939999994822
D2_111_nadir,aliked-lightglue-native-k8192,aliked,lightglue,native,8192,269,100_0010_0022.JPG,100_0010_0028.JPG,8192,8192,26,10,0.38461538461538464,1.220703125,0.078125,0.09375,0.216628298163414,True,ok,0.10651330000837334
D2_111_nadir,aliked-lightglue-native-k8192,aliked,lightglue,native,8192,270,100_0010_0022.JPG,100_0010_0029.JPG,8192,8192,27,9,0.3333333333333333,1.0986328125,0.109375,0.09375,0.22718408703804016,True,ok,0.10615310000139289
D2_111_nadir,aliked-lightglue-native-k8192,aliked,lightglue,native,8192,271,100_0010_0022.JPG,100_0010_0030.JPG,8192,8192,36,9,0.25,1.0986328125,0.109375,0.109375,0.2603197395801544,True,ok,0.10639839999203105
D2_111_nadir,aliked-lightglue-native-k8192,aliked,lightglue,native,8192,272,100_0010_0022.JPG,100_0010_0046.JPG,8192,8192,1658,1422,0.8576598311218335,173.583984375,0.5625,0.5625,0.898225724697113,False,ok,0.06927680000080727
D2_111_nadir,aliked-lightglue-native-k8192,aliked,lightglue,native,8192,273,100_0010_0022.JPG,100_0010_0047.JPG,8192,8192,2350,2112,0.8987234042553192,257.8125,0.65625,0.65625,0.9195643663406372,False,ok,0.07178840000415221
D2_111_nadir,aliked-lightglue-native-k8192,aliked,lightglue,native,8192,274,100_0010_0022.JPG,100_0010_0048.JPG,8192,8192,2663,2459,0.9233946676680436,300.1708984375,0.75,0.75,0.9367777705192566,False,ok,0.07590190001064911
D2_111_nadir,aliked-lightglue-native-k8192,aliked,lightglue,native,8192,275,100_0010_0022.JPG,100_0010_0049.JPG,8192,8192,2229,1966,0.8820098698968147,239.990234375,0.59375,0.5625,0.9095448851585388,False,ok,0.07083069998770952
D2_111_nadir,aliked-lightglue-native-k8192,aliked,lightglue,native,8192,276,100_0010_0023.JPG,100_0010_0024.JPG,8192,8192,3336,3238,0.9706235011990407,395.263671875,0.875,0.875,0.9788077473640442,False,ok,0.06847090000519529
D2_111_nadir,aliked-lightglue-native-k8192,aliked,lightglue,native,8192,277,100_0010_0023.JPG,100_0010_0025.JPG,8192,8192,2224,2044,0.9190647482014388,249.51171875,0.625,0.625,0.9470449686050415,False,ok,0.06518209999194369
D2_111_nadir,aliked-lightglue-native-k8192,aliked,lightglue,native,8192,278,100_0010_0023.JPG,100_0010_0026.JPG,8192,8192,1431,1215,0.8490566037735849,148.3154296875,0.5,0.5,0.902965247631073,False,ok,0.060335899994242936
D2_111_nadir,aliked-lightglue-native-k8192,aliked,lightglue,native,8192,279,100_0010_0023.JPG,100_0010_0027.JPG,8192,8192,798,612,0.7669172932330827,74.70703125,0.25,0.25,0.8295555114746094,False,ok,0.056737200007773936
D2_111_nadir,aliked-lightglue-native-k8192,aliked,lightglue,native,8192,280,100_0010_0023.JPG,100_0010_0028.JPG,8192,8192,14,10,0.7142857142857143,1.220703125,0.078125,0.109375,0.18615269660949707,True,ok,0.12423779998789541
D2_111_nadir,aliked-lightglue-native-k8192,aliked,lightglue,native,8192,281,100_0010_0023.JPG,100_0010_0029.JPG,8192,8192,22,12,0.5454545454545454,1.46484375,0.125,0.125,0.23584365844726562,True,ok,0.1055867999966722
D2_111_nadir,aliked-lightglue-native-k8192,aliked,lightglue,native,8192,282,100_0010_0023.JPG,100_0010_0030.JPG,8192,8192,19,9,0.47368421052631576,1.0986328125,0.125,0.109375,0.17426128685474396,True,ok,0.1054215999902226
D2_111_nadir,aliked-lightglue-native-k8192,aliked,lightglue,native,8192,283,100_0010_0023.JPG,100_0010_0031.JPG,8192,8192,15,8,0.5333333333333333,0.9765625,0.125,0.109375,0.17279045283794403,True,ok,0.10589310000068508
D2_111_nadir,aliked-lightglue-native-k8192,aliked,lightglue,native,8192,284,100_0010_0023.JPG,100_0010_0045.JPG,8192,8192,1647,1439,0.8737097753491196,175.6591796875,0.53125,0.5625,0.9052745699882507,False,ok,0.06795480000437237
D2_111_nadir,aliked-lightglue-native-k8192,aliked,lightglue,native,8192,285,100_0010_0023.JPG,100_0010_0046.JPG,8192,8192,2286,2119,0.9269466316710411,258.6669921875,0.65625,0.65625,0.9497228264808655,False,ok,0.07159140000294428
D2_111_nadir,aliked-lightglue-native-k8192,aliked,lightglue,native,8192,286,100_0010_0023.JPG,100_0010_0047.JPG,8192,8192,2712,2519,0.928834808259587,307.4951171875,0.75,0.75,0.9443613290786743,False,ok,0.07406410000112373
D2_111_nadir,aliked-lightglue-native-k8192,aliked,lightglue,native,8192,287,100_0010_0023.JPG,100_0010_0048.JPG,8192,8192,2218,1979,0.8922452660054103,241.5771484375,0.59375,0.5625,0.9175763726234436,False,ok,0.07392840000102296
D2_111_nadir,aliked-lightglue-native-k8192,aliked,lightglue,native,8192,288,100_0010_0024.JPG,100_0010_0025.JPG,8192,8192,3248,3155,0.9713669950738916,385.1318359375,0.875,0.875,0.9773404598236084,False,ok,0.068349399996805
D2_111_nadir,aliked-lightglue-native-k8192,aliked,lightglue,native,8192,289,100_0010_0024.JPG,100_0010_0026.JPG,8192,8192,2104,1971,0.936787072243346,240.6005859375,0.625,0.625,0.9606215953826904,False,ok,0.06597150000743568
D2_111_nadir,aliked-lightglue-native-k8192,aliked,lightglue,native,8192,290,100_0010_0024.JPG,100_0010_0027.JPG,8192,8192,1412,1205,0.853399433427762,147.0947265625,0.5,0.484375,0.905051589012146,False,ok,0.06171760000870563
D2_111_nadir,aliked-lightglue-native-k8192,aliked,lightglue,native,8192,291,100_0010_0024.JPG,100_0010_0028.JPG,8192,8192,768,603,0.78515625,73.6083984375,0.25,0.25,0.8422569632530212,False,ok,0.05798349999531638
D2_111_nadir,aliked-lightglue-native-k8192,aliked,lightglue,native,8192,292,100_0010_0024.JPG,100_0010_0029.JPG,8192,8192,23,14,0.6086956521739131,1.708984375,0.140625,0.140625,0.20469115674495697,True,ok,0.10599350000848062
D2_111_nadir,aliked-lightglue-native-k8192,aliked,lightglue,native,8192,293,100_0010_0024.JPG,100_0010_0030.JPG,8192,8192,17,10,0.5882352941176471,1.220703125,0.140625,0.109375,0.20215176045894623,True,ok,0.1055898999911733
D2_111_nadir,aliked-lightglue-native-k8192,aliked,lightglue,native,8192,294,100_0010_0024.JPG,100_0010_0031.JPG,8192,8192,17,9,0.5294117647058824,1.0986328125,0.09375,0.09375,0.15520437061786652,True,ok,0.10606419999385253
D2_111_nadir,aliked-lightglue-native-k8192,aliked,lightglue,native,8192,295,100_0010_0024.JPG,100_0010_0032.JPG,8192,8192,9,7,0.7777777777777778,0.8544921875,0.09375,0.109375,0.1607104390859604,True,ok,0.10619179999048356
D2_111_nadir,aliked-lightglue-native-k8192,aliked,lightglue,native,8192,296,100_0010_0024.JPG,100_0010_0044.JPG,8192,8192,1585,1423,0.8977917981072555,173.7060546875,0.53125,0.5625,0.9281079173088074,False,ok,0.0689087000064319
D2_111_nadir,aliked-lightglue-native-k8192,aliked,lightglue,native,8192,297,100_0010_0024.JPG,100_0010_0045.JPG,8192,8192,2216,2073,0.9354693140794224,253.0517578125,0.625,0.65625,0.9490711092948914,False,ok,0.07200350001221523
D2_111_nadir,aliked-lightglue-native-k8192,aliked,lightglue,native,8192,298,100_0010_0024.JPG,100_0010_0046.JPG,8192,8192,2607,2448,0.9390103567318757,298.828125,0.75,0.75,0.9569640159606934,False,ok,0.0742828000074951
D2_111_nadir,aliked-lightglue-native-k8192,aliked,lightglue,native,8192,299,100_0010_0024.JPG,100_0010_0047.JPG,8192,8192,2090,1908,0.9129186602870814,232.91015625,0.59375,0.59375,0.9301913380622864,False,ok,0.07453410000016447
D2_111_nadir,aliked-lightglue-native-k8192,aliked,lightglue,native,8192,300,100_0010_0025.JPG,100_0010_0026.JPG,8192,8192,3102,2996,0.9658284977433914,365.72265625,0.875,0.875,0.9730664491653442,False,ok,0.06850890000350773
D2_111_nadir,aliked-lightglue-native-k8192,aliked,lightglue,native,8192,301,100_0010_0025.JPG,100_0010_0027.JPG,8192,8192,2048,1914,0.9345703125,233.642578125,0.625,0.640625,0.963708758354187,False,ok,0.06658210000023246
D2_111_nadir,aliked-lightglue-native-k8192,aliked,lightglue,native,8192,302,100_0010_0025.JPG,100_0010_0028.JPG,8192,8192,1387,1216,0.8767123287671232,148.4375,0.5,0.5,0.9174959659576416,False,ok,0.06189529999392107
D2_111_nadir,aliked-lightglue-native-k8192,aliked,lightglue,native,8192,303,100_0010_0025.JPG,100_0010_0029.JPG,8192,8192,758,576,0.7598944591029023,70.3125,0.25,0.25,0.8262383937835693,False,ok,0.060640399999101646
D2_111_nadir,aliked-lightglue-native-k8192,aliked,lightglue,native,8192,304,100_0010_0025.JPG,100_0010_0030.JPG,8192,8192,20,10,0.5,1.220703125,0.15625,0.140625,0.22077269852161407,True,ok,0.10620570000901353
D2_111_nadir,aliked-lightglue-native-k8192,aliked,lightglue,native,8192,305,100_0010_0025.JPG,100_0010_0031.JPG,8192,8192,18,11,0.6111111111111112,1.3427734375,0.109375,0.15625,0.15544641017913818,True,ok,0.10676900000544265
D2_111_nadir,aliked-lightglue-native-k8192,aliked,lightglue,native,8192,306,100_0010_0025.JPG,100_0010_0032.JPG,8192,8192,11,8,0.7272727272727273,0.9765625,0.109375,0.125,0.1872711032629013,True,ok,0.1104639999975916
D2_111_nadir,aliked-lightglue-native-k8192,aliked,lightglue,native,8192,307,100_0010_0025.JPG,100_0010_0033.JPG,8192,8192,12,8,0.6666666666666666,0.9765625,0.09375,0.09375,0.17474806308746338,True,ok,0.10802369999873918
D2_111_nadir,aliked-lightglue-native-k8192,aliked,lightglue,native,8192,308,100_0010_0025.JPG,100_0010_0043.JPG,8192,8192,1580,1438,0.910126582278481,175.537109375,0.546875,0.5625,0.9357172846794128,False,ok,0.07000150000385474
D2_111_nadir,aliked-lightglue-native-k8192,aliked,lightglue,native,8192,309,100_0010_0025.JPG,100_0010_0044.JPG,8192,8192,2220,2106,0.9486486486486486,257.080078125,0.65625,0.65625,0.9596532583236694,False,ok,0.07251689999247901
D2_111_nadir,aliked-lightglue-native-k8192,aliked,lightglue,native,8192,310,100_0010_0025.JPG,100_0010_0045.JPG,8192,8192,2538,2422,0.9542947202521671,295.654296875,0.75,0.75,0.9605910778045654,False,ok,0.07240550000278745
D2_111_nadir,aliked-lightglue-native-k8192,aliked,lightglue,native,8192,311,100_0010_0025.JPG,100_0010_0046.JPG,8192,8192,2103,1945,0.9248692344270091,237.4267578125,0.5625,0.578125,0.9398614764213562,False,ok,0.0715154000063194
D2_111_nadir,aliked-lightglue-native-k8192,aliked,lightglue,native,8192,312,100_0010_0026.JPG,100_0010_0027.JPG,8192,8192,3173,3090,0.9738417901040025,377.197265625,0.875,0.875,0.978746771812439,False,ok,0.06814699999813456
D2_111_nadir,aliked-lightglue-native-k8192,aliked,lightglue,native,8192,313,100_0010_0026.JPG,100_0010_0028.JPG,8192,8192,2222,2039,0.9176417641764176,248.9013671875,0.640625,0.65625,0.9433421492576599,False,ok,0.06747599999653175
D2_111_nadir,aliked-lightglue-native-k8192,aliked,lightglue,native,8192,314,100_0010_0026.JPG,100_0010_0029.JPG,8192,8192,1426,1247,0.8744740532959326,152.2216796875,0.5,0.5,0.9197426438331604,False,ok,0.06409629998961464
D2_111_nadir,aliked-lightglue-native-k8192,aliked,lightglue,native,8192,315,100_0010_0026.JPG,100_0010_0030.JPG,8192,8192,796,595,0.7474874371859297,72.6318359375,0.25,0.25,0.8239819407463074,False,ok,0.06220110000867862
D2_111_nadir,aliked-lightglue-native-k8192,aliked,lightglue,native,8192,316,100_0010_0026.JPG,100_0010_0031.JPG,8192,8192,14,10,0.7142857142857143,1.220703125,0.09375,0.109375,0.1875346153974533,True,ok,0.12553200000547804
D2_111_nadir,aliked-lightglue-native-k8192,aliked,lightglue,native,8192,317,100_0010_0026.JPG,100_0010_0032.JPG,8192,8192,20,9,0.45,1.0986328125,0.125,0.125,0.23104138672351837,True,ok,0.10677339999529067
D2_111_nadir,aliked-lightglue-native-k8192,aliked,lightglue,native,8192,318,100_0010_0026.JPG,100_0010_0033.JPG,8192,8192,18,9,0.5,1.0986328125,0.109375,0.109375,0.18422462046146393,True,ok,0.10649279999779537
D2_111_nadir,aliked-lightglue-native-k8192,aliked,lightglue,native,8192,319,100_0010_0026.JPG,100_0010_0034.JPG,8192,8192,22,11,0.5,1.3427734375,0.109375,0.078125,0.24875102937221527,True,ok,0.10651849998976104
D2_111_nadir,aliked-lightglue-native-k8192,aliked,lightglue,native,8192,320,100_0010_0026.JPG,100_0010_0042.JPG,8192,8192,1675,1547,0.9235820895522389,188.8427734375,0.546875,0.5625,0.9438644051551819,False,ok,0.07082390000869054
D2_111_nadir,aliked-lightglue-native-k8192,aliked,lightglue,native,8192,321,100_0010_0026.JPG,100_0010_0043.JPG,8192,8192,2214,2105,0.9507678410117435,256.9580078125,0.625,0.65625,0.964756429195404,False,ok,0.07243020000169054
D2_111_nadir,aliked-lightglue-native-k8192,aliked,lightglue,native,8192,322,100_0010_0026.JPG,100_0010_0044.JPG,8192,8192,2578,2481,0.9623739332816137,302.8564453125,0.734375,0.75,0.9708760380744934,False,ok,0.07393359999696258
D2_111_nadir,aliked-lightglue-native-k8192,aliked,lightglue,native,8192,323,100_0010_0026.JPG,100_0010_0045.JPG,8192,8192,2050,1934,0.9434146341463414,236.083984375,0.5625,0.5625,0.9542991518974304,False,ok,0.07025999999314081
D2_111_nadir,aliked-lightglue-native-k8192,aliked,lightglue,native,8192,324,100_0010_0027.JPG,100_0010_0028.JPG,8192,8192,3177,3072,0.9669499527856469,375.0,0.875,0.875,0.978783369064331,False,ok,0.06825609999941662
D2_111_nadir,aliked-lightglue-native-k8192,aliked,lightglue,native,8192,325,100_0010_0027.JPG,100_0010_0029.JPG,8192,8192,2088,1946,0.9319923371647509,237.548828125,0.625,0.625,0.961091935634613,False,ok,0.07068429999344517
D2_111_nadir,aliked-lightglue-native-k8192,aliked,lightglue,native,8192,326,100_0010_0027.JPG,100_0010_0030.JPG,8192,8192,1495,1256,0.8401337792642141,153.3203125,0.5,0.484375,0.901759147644043,False,ok,0.06433049999759533
D2_111_nadir,aliked-lightglue-native-k8192,aliked,lightglue,native,8192,327,100_0010_0027.JPG,100_0010_0031.JPG,8192,8192,830,632,0.7614457831325301,77.1484375,0.25,0.25,0.8317908048629761,False,ok,0.062206799993873574
D2_111_nadir,aliked-lightglue-native-k8192,aliked,lightglue,native,8192,328,100_0010_0027.JPG,100_0010_0032.JPG,8192,8192,18,9,0.5,1.0986328125,0.078125,0.0625,0.21548014879226685,True,ok,0.10731580000719987
D2_111_nadir,aliked-lightglue-native-k8192,aliked,lightglue,native,8192,329,100_0010_0027.JPG,100_0010_0033.JPG,8192,8192,15,8,0.5333333333333333,0.9765625,0.09375,0.09375,0.19629572331905365,True,ok,0.10712600000260863
D2_111_nadir,aliked-lightglue-native-k8192,aliked,lightglue,native,8192,330,100_0010_0027.JPG,100_0010_0034.JPG,8192,8192,15,9,0.6,1.0986328125,0.125,0.078125,0.22810405492782593,True,ok,0.10678790000383742
D2_111_nadir,aliked-lightglue-native-k8192,aliked,lightglue,native,8192,331,100_0010_0027.JPG,100_0010_0035.JPG,8192,8192,26,9,0.34615384615384615,1.0986328125,0.09375,0.09375,0.20983189344406128,True,ok,0.10792969999602064
D2_111_nadir,aliked-lightglue-native-k8192,aliked,lightglue,native,8192,332,100_0010_0027.JPG,100_0010_0041.JPG,8192,8192,1588,1428,0.8992443324937027,174.31640625,0.515625,0.5625,0.9300283193588257,False,ok,0.07170049998967443
D2_111_nadir,aliked-lightglue-native-k8192,aliked,lightglue,native,8192,333,100_0010_0027.JPG,100_0010_0042.JPG,8192,8192,2213,2098,0.9480343425214641,256.103515625,0.65625,0.65625,0.9650758504867554,False,ok,0.0722300999914296
D2_111_nadir,aliked-lightglue-native-k8192,aliked,lightglue,native,8192,334,100_0010_0027.JPG,100_0010_0043.JPG,8192,8192,2490,2349,0.9433734939759036,286.7431640625,0.75,0.75,0.9599835872650146,False,ok,0.07235159999981988
D2_111_nadir,aliked-lightglue-native-k8192,aliked,lightglue,native,8192,335,100_0010_0027.JPG,100_0010_0044.JPG,8192,8192,2033,1938,0.9532710280373832,236.572265625,0.5625,0.5625,0.9602306485176086,False,ok,0.07390070000838023
D2_111_nadir,aliked-lightglue-native-k8192,aliked,lightglue,native,8192,336,100_0010_0028.JPG,100_0010_0029.JPG,8192,8192,3161,3078,0.9737424865548877,375.732421875,0.875,0.875,0.9810792207717896,False,ok,0.06954620000033174
D2_111_nadir,aliked-lightglue-native-k8192,aliked,lightglue,native,8192,337,100_0010_0028.JPG,100_0010_0030.JPG,8192,8192,2207,2072,0.9388309922972361,252.9296875,0.625,0.625,0.963387668132782,False,ok,0.06980739999562502
D2_111_nadir,aliked-lightglue-native-k8192,aliked,lightglue,native,8192,338,100_0010_0028.JPG,100_0010_0031.JPG,8192,8192,1564,1368,0.8746803069053708,166.9921875,0.5,0.421875,0.9191783666610718,False,ok,0.06304520000412595
D2_111_nadir,aliked-lightglue-native-k8192,aliked,lightglue,native,8192,339,100_0010_0028.JPG,100_0010_0032.JPG,8192,8192,837,664,0.7933094384707288,81.0546875,0.25,0.25,0.8400148153305054,False,ok,0.06032170000253245
D2_111_nadir,aliked-lightglue-native-k8192,aliked,lightglue,native,8192,340,100_0010_0028.JPG,100_0010_0033.JPG,8192,8192,11,7,0.6363636363636364,0.8544921875,0.09375,0.109375,0.1738407015800476,True,ok,0.10711330000776798
D2_111_nadir,aliked-lightglue-native-k8192,aliked,lightglue,native,8192,341,100_0010_0028.JPG,100_0010_0034.JPG,8192,8192,23,10,0.43478260869565216,1.220703125,0.125,0.09375,0.27125659584999084,True,ok,0.10778559999016579
D2_111_nadir,aliked-lightglue-native-k8192,aliked,lightglue,native,8192,342,100_0010_0028.JPG,100_0010_0035.JPG,8192,8192,24,10,0.4166666666666667,1.220703125,0.109375,0.140625,0.23654673993587494,True,ok,0.10675110000011045
D2_111_nadir,aliked-lightglue-native-k8192,aliked,lightglue,native,8192,343,100_0010_0028.JPG,100_0010_0036.JPG,8192,8192,16,8,0.5,0.9765625,0.109375,0.125,0.2673628628253937,True,ok,0.10745219999807887
D2_111_nadir,aliked-lightglue-native-k8192,aliked,lightglue,native,8192,344,100_0010_0028.JPG,100_0010_0040.JPG,8192,8192,1598,1440,0.9011264080100125,175.78125,0.5,0.546875,0.9271706342697144,False,ok,0.06907379999756813
D2_111_nadir,aliked-lightglue-native-k8192,aliked,lightglue,native,8192,345,100_0010_0028.JPG,100_0010_0041.JPG,8192,8192,2176,2073,0.9526654411764706,253.0517578125,0.640625,0.65625,0.963761031627655,False,ok,0.07323219999670982
D2_111_nadir,aliked-lightglue-native-k8192,aliked,lightglue,native,8192,346,100_0010_0028.JPG,100_0010_0042.JPG,8192,8192,2491,2397,0.9622641509433962,292.6025390625,0.734375,0.75,0.9690296053886414,False,ok,0.07320089999120682
D2_111_nadir,aliked-lightglue-native-k8192,aliked,lightglue,native,8192,347,100_0010_0028.JPG,100_0010_0043.JPG,8192,8192,2019,1901,0.9415552253590886,232.0556640625,0.5625,0.5625,0.9526681303977966,False,ok,0.07181910000508651
D2_111_nadir,aliked-lightglue-native-k8192,aliked,lightglue,native,8192,348,100_0010_0029.JPG,100_0010_0030.JPG,8192,8192,3229,3067,0.9498296686280582,374.3896484375,0.875,0.875,0.9575183987617493,False,ok,0.06895860000804532
D2_111_nadir,aliked-lightglue-native-k8192,aliked,lightglue,native,8192,349,100_0010_0029.JPG,100_0010_0031.JPG,8192,8192,2293,2051,0.894461404273877,250.3662109375,0.625,0.625,0.9202784299850464,False,ok,0.07119129999773577
D2_111_nadir,aliked-lightglue-native-k8192,aliked,lightglue,native,8192,350,100_0010_0029.JPG,100_0010_0032.JPG,8192,8192,1612,1248,0.7741935483870968,152.34375,0.5,0.484375,0.8704422116279602,False,ok,0.0704775000049267
D2_111_nadir,aliked-lightglue-native-k8192,aliked,lightglue,native,8192,351,100_0010_0029.JPG,100_0010_0033.JPG,8192,8192,789,456,0.5779467680608364,55.6640625,0.25,0.25,0.7816628813743591,False,ok,0.07019719999516383
D2_111_nadir,aliked-lightglue-native-k8192,aliked,lightglue,native,8192,352,100_0010_0029.JPG,100_0010_0034.JPG,8192,8192,777,460,0.592020592020592,56.15234375,0.25,0.25,0.7916423678398132,False,ok,0.06899169999815058
D2_111_nadir,aliked-lightglue-native-k8192,aliked,lightglue,native,8192,353,100_0010_0029.JPG,100_0010_0035.JPG,8192,8192,665,366,0.5503759398496241,44.677734375,0.203125,0.203125,0.7486381530761719,False,ok,0.0757551999995485
D2_111_nadir,aliked-lightglue-native-k8192,aliked,lightglue,native,8192,354,100_0010_0029.JPG,100_0010_0036.JPG,8192,8192,526,293,0.5570342205323194,35.7666015625,0.15625,0.1875,0.7163100838661194,False,ok,0.06720170000335202
D2_111_nadir,aliked-lightglue-native-k8192,aliked,lightglue,native,8192,355,100_0010_0029.JPG,100_0010_0037.JPG,8192,8192,549,308,0.5610200364298725,37.59765625,0.15625,0.1875,0.7096742987632751,False,ok,0.06486659999063704
D2_111_nadir,aliked-lightglue-native-k8192,aliked,lightglue,native,8192,356,100_0010_0029.JPG,100_0010_0039.JPG,8192,8192,1645,1394,0.8474164133738602,170.166015625,0.484375,0.546875,0.9012321829795837,False,ok,0.06989070000417996
D2_111_nadir,aliked-lightglue-native-k8192,aliked,lightglue,native,8192,357,100_0010_0029.JPG,100_0010_0040.JPG,8192,8192,2189,1966,0.8981269986295112,239.990234375,0.578125,0.65625,0.916671872138977,False,ok,0.076841100002639
D2_111_nadir,aliked-lightglue-native-k8192,aliked,lightglue,native,8192,358,100_0010_0029.JPG,100_0010_0041.JPG,8192,8192,2383,2259,0.9479647503147294,275.7568359375,0.703125,0.75,0.9559934139251709,False,ok,0.07266219999291934
D2_111_nadir,aliked-lightglue-native-k8192,aliked,lightglue,native,8192,359,100_0010_0029.JPG,100_0010_0042.JPG,8192,8192,1964,1844,0.9389002036659878,225.09765625,0.5625,0.5625,0.9511862993240356,False,ok,0.07314390000829007
D2_111_nadir,aliked-lightglue-native-k8192,aliked,lightglue,native,8192,360,100_0010_0030.JPG,100_0010_0031.JPG,8192,8192,3224,3080,0.9553349875930521,375.9765625,0.875,0.84375,0.9559093117713928,False,ok,0.06901269999798387
D2_111_nadir,aliked-lightglue-native-k8192,aliked,lightglue,native,8192,361,100_0010_0030.JPG,100_0010_0032.JPG,8192,8192,2411,2073,0.8598092077975944,253.0517578125,0.625,0.609375,0.9028024673461914,False,ok,0.07143779999751132
D2_111_nadir,aliked-lightglue-native-k8192,aliked,lightglue,native,8192,362,100_0010_0030.JPG,100_0010_0033.JPG,8192,8192,1616,1196,0.7400990099009901,145.99609375,0.4375,0.46875,0.8396942019462585,False,ok,0.07101990000228398
D2_111_nadir,aliked-lightglue-native-k8192,aliked,lightglue,native,8192,363,100_0010_0030.JPG,100_0010_0034.JPG,8192,8192,1583,1164,0.7353126974099811,142.08984375,0.4375,0.46875,0.8320936560630798,False,ok,0.0717298999952618
D2_111_nadir,aliked-lightglue-native-k8192,aliked,lightglue,native,8192,364,100_0010_0030.JPG,100_0010_0035.JPG,8192,8192,1386,1012,0.7301587301587301,123.53515625,0.359375,0.421875,0.8224640488624573,False,ok,0.07012740000209305
D2_111_nadir,aliked-lightglue-native-k8192,aliked,lightglue,native,8192,365,100_0010_0030.JPG,100_0010_0036.JPG,8192,8192,1146,833,0.7268760907504364,101.6845703125,0.296875,0.375,0.8242805600166321,False,ok,0.06821199999831151
D2_111_nadir,aliked-lightglue-native-k8192,aliked,lightglue,native,8192,366,100_0010_0030.JPG,100_0010_0037.JPG,8192,8192,1132,819,0.7234982332155477,99.9755859375,0.296875,0.359375,0.8294989466667175,False,ok,0.06682619999628514
D2_111_nadir,aliked-lightglue-native-k8192,aliked,lightglue,native,8192,367,100_0010_0030.JPG,100_0010_0038.JPG,8192,8192,1755,1470,0.8376068376068376,179.443359375,0.5,0.5625,0.8840606212615967,False,ok,0.06693960000120569
D2_111_nadir,aliked-lightglue-native-k8192,aliked,lightglue,native,8192,368,100_0010_0030.JPG,100_0010_0039.JPG,8192,8192,2252,1995,0.8858792184724689,243.5302734375,0.609375,0.65625,0.9200572967529297,False,ok,0.0747160999890184
D2_111_nadir,aliked-lightglue-native-k8192,aliked,lightglue,native,8192,369,100_0010_0030.JPG,100_0010_0040.JPG,8192,8192,2440,2248,0.921311475409836,274.4140625,0.71875,0.75,0.9288640022277832,False,ok,0.07489039999200031
D2_111_nadir,aliked-lightglue-native-k8192,aliked,lightglue,native,8192,370,100_0010_0030.JPG,100_0010_0041.JPG,8192,8192,1908,1706,0.8941299790356394,208.251953125,0.53125,0.5625,0.9176043272018433,False,ok,0.07313289999729022
D2_111_nadir,aliked-lightglue-native-k8192,aliked,lightglue,native,8192,371,100_0010_0031.JPG,100_0010_0032.JPG,8192,8192,3177,2945,0.9269751337740006,359.4970703125,0.875,0.859375,0.9408862590789795,False,ok,0.07463390000339132
D2_111_nadir,aliked-lightglue-native-k8192,aliked,lightglue,native,8192,372,100_0010_0031.JPG,100_0010_0033.JPG,8192,8192,2288,1831,0.8002622377622378,223.5107421875,0.625,0.625,0.8772557377815247,False,ok,0.07862020000175107
D2_111_nadir,aliked-lightglue-native-k8192,aliked,lightglue,native,8192,373,100_0010_0031.JPG,100_0010_0034.JPG,8192,8192,2258,1768,0.7829937998228521,215.8203125,0.640625,0.625,0.8668532967567444,False,ok,0.07945869999821298
D2_111_nadir,aliked-lightglue-native-k8192,aliked,lightglue,native,8192,374,100_0010_0031.JPG,100_0010_0035.JPG,8192,8192,1899,1531,0.8062137967351237,186.8896484375,0.546875,0.546875,0.8638153076171875,False,ok,0.07048029999714345
D2_111_nadir,aliked-lightglue-native-k8192,aliked,lightglue,native,8192,375,100_0010_0031.JPG,100_0010_0036.JPG,8192,8192,1590,1262,0.7937106918238994,154.052734375,0.46875,0.46875,0.8600913286209106,False,ok,0.0668710000027204
D2_111_nadir,aliked-lightglue-native-k8192,aliked,lightglue,native,8192,376,100_0010_0031.JPG,100_0010_0037.JPG,8192,8192,1599,1300,0.8130081300813008,158.69140625,0.515625,0.515625,0.8727433681488037,False,ok,0.06551099999342114
D2_111_nadir,aliked-lightglue-native-k8192,aliked,lightglue,native,8192,377,100_0010_0031.JPG,100_0010_0038.JPG,8192,8192,2243,1987,0.8858671422202408,242.5537109375,0.65625,0.65625,0.9102017283439636,False,ok,0.07200260000536218
D2_111_nadir,aliked-lightglue-native-k8192,aliked,lightglue,native,8192,378,100_0010_0031.JPG,100_0010_0039.JPG,8192,8192,2524,2297,0.9100633914421553,280.3955078125,0.703125,0.75,0.9232029914855957,False,ok,0.07046420000551734
D2_111_nadir,aliked-lightglue-native-k8192,aliked,lightglue,native,8192,379,100_0010_0031.JPG,100_0010_0040.JPG,8192,8192,2052,1812,0.8830409356725146,221.19140625,0.546875,0.5625,0.9046912789344788,False,ok,0.07059789999038912
D2_111_nadir,aliked-lightglue-native-k8192,aliked,lightglue,native,8192,380,100_0010_0032.JPG,100_0010_0033.JPG,8192,8192,3191,2851,0.8934503290504544,348.0224609375,0.84375,0.84375,0.9129346013069153,False,ok,0.07992640000884421
D2_111_nadir,aliked-lightglue-native-k8192,aliked,lightglue,native,8192,381,100_0010_0032.JPG,100_0010_0034.JPG,8192,8192,3218,2803,0.8710379117464263,342.1630859375,0.859375,0.84375,0.9092045426368713,False,ok,0.08435409999219701
D2_111_nadir,aliked-lightglue-native-k8192,aliked,lightglue,native,8192,382,100_0010_0032.JPG,100_0010_0035.JPG,8192,8192,2820,2352,0.8340425531914893,287.109375,0.734375,0.71875,0.897358238697052,False,ok,0.08937349999905564
D2_111_nadir,aliked-lightglue-native-k8192,aliked,lightglue,native,8192,383,100_0010_0032.JPG,100_0010_0036.JPG,8192,8192,2117,1822,0.860651865847898,222.412109375,0.625,0.609375,0.8866381049156189,False,ok,0.07130329999199603
D2_111_nadir,aliked-lightglue-native-k8192,aliked,lightglue,native,8192,384,100_0010_0032.JPG,100_0010_0037.JPG,8192,8192,2164,1828,0.844731977818854,223.14453125,0.625,0.59375,0.877717912197113,False,ok,0.07031939999433234
D2_111_nadir,aliked-lightglue-native-k8192,aliked,lightglue,native,8192,385,100_0010_0032.JPG,100_0010_0038.JPG,8192,8192,2409,2164,0.8982980489829805,264.16015625,0.75,0.75,0.9048252105712891,False,ok,0.0714291000040248
D2_111_nadir,aliked-lightglue-native-k8192,aliked,lightglue,native,8192,386,100_0010_0032.JPG,100_0010_0039.JPG,8192,8192,2012,1748,0.8687872763419483,213.37890625,0.546875,0.546875,0.8941554427146912,False,ok,0.06863840000005439
D2_111_nadir,aliked-lightglue-native-k8192,aliked,lightglue,native,8192,387,100_0010_0032.JPG,100_0010_0040.JPG,8192,8192,1581,1282,0.8108791903858318,156.494140625,0.46875,0.46875,0.8663054704666138,False,ok,0.0655067999905441
D2_111_nadir,aliked-lightglue-native-k8192,aliked,lightglue,native,8192,388,100_0010_0033.JPG,100_0010_0034.JPG,8192,8192,4500,4399,0.9775555555555555,536.9873046875,0.984375,0.984375,0.9736558198928833,False,ok,0.06843629998911638
D2_111_nadir,aliked-lightglue-native-k8192,aliked,lightglue,native,8192,389,100_0010_0033.JPG,100_0010_0035.JPG,8192,8192,3658,3280,0.896664844177146,400.390625,0.859375,0.84375,0.9140021800994873,False,ok,0.09750229999190196
D2_111_nadir,aliked-lightglue-native-k8192,aliked,lightglue,native,8192,390,100_0010_0033.JPG,100_0010_0036.JPG,8192,8192,2618,2217,0.846829640947288,270.6298828125,0.65625,0.65625,0.8887589573860168,False,ok,0.07537609999417327
D2_111_nadir,aliked-lightglue-native-k8192,aliked,lightglue,native,8192,391,100_0010_0033.JPG,100_0010_0037.JPG,8192,8192,2557,2135,0.8349628470864294,260.6201171875,0.65625,0.640625,0.8833552002906799,False,ok,0.07327139998960774
D2_111_nadir,aliked-lightglue-native-k8192,aliked,lightglue,native,8192,392,100_0010_0033.JPG,100_0010_0038.JPG,8192,8192,1986,1678,0.8449144008056395,204.833984375,0.578125,0.5625,0.87833571434021,False,ok,0.06774900000891648
D2_111_nadir,aliked-lightglue-native-k8192,aliked,lightglue,native,8192,393,100_0010_0033.JPG,100_0010_0039.JPG,8192,8192,1555,1223,0.7864951768488746,149.2919921875,0.4375,0.421875,0.8676214814186096,False,ok,0.06949139999051113
D2_111_nadir,aliked-lightglue-native-k8192,aliked,lightglue,native,8192,394,100_0010_0033.JPG,100_0010_0040.JPG,8192,8192,1027,716,0.697176241480039,87.40234375,0.28125,0.28125,0.8015884160995483,False,ok,0.06774000001314562
D2_111_nadir,aliked-lightglue-native-k8192,aliked,lightglue,native,8192,395,100_0010_0033.JPG,100_0010_0041.JPG,8192,8192,347,161,0.46397694524495675,19.6533203125,0.15625,0.09375,0.6541128158569336,False,ok,0.07428000000072643
D2_111_nadir,aliked-lightglue-native-k8192,aliked,lightglue,native,8192,396,100_0010_0034.JPG,100_0010_0035.JPG,8192,8192,3562,3235,0.9081976417742841,394.8974609375,0.859375,0.84375,0.9102632403373718,False,ok,0.08864529999846127
D2_111_nadir,aliked-lightglue-native-k8192,aliked,lightglue,native,8192,397,100_0010_0034.JPG,100_0010_0036.JPG,8192,8192,2644,2356,0.8910741301059002,287.59765625,0.71875,0.71875,0.8875280618667603,False,ok,0.07488620000367519
D2_111_nadir,aliked-lightglue-native-k8192,aliked,lightglue,native,8192,398,100_0010_0034.JPG,100_0010_0037.JPG,8192,8192,2599,2308,0.8880338591766064,281.73828125,0.703125,0.703125,0.8874320983886719,False,ok,0.07369839999591932
D2_111_nadir,aliked-lightglue-native-k8192,aliked,lightglue,native,8192,399,100_0010_0034.JPG,100_0010_0038.JPG,8192,8192,2002,1689,0.8436563436563437,206.1767578125,0.578125,0.5625,0.8795824646949768,False,ok,0.0675181000115117
D2_111_nadir,aliked-lightglue-native-k8192,aliked,lightglue,native,8192,400,100_0010_0034.JPG,100_0010_0039.JPG,8192,8192,1615,1246,0.7715170278637771,152.099609375,0.453125,0.40625,0.854745090007782,False,ok,0.06965250000939704
D2_111_nadir,aliked-lightglue-native-k8192,aliked,lightglue,native,8192,401,100_0010_0034.JPG,100_0010_0040.JPG,8192,8192,1006,726,0.7216699801192843,88.623046875,0.28125,0.28125,0.80975741147995,False,ok,0.06859139999141917
D2_111_nadir,aliked-lightglue-native-k8192,aliked,lightglue,native,8192,402,100_0010_0034.JPG,100_0010_0041.JPG,8192,8192,364,173,0.47527472527472525,21.1181640625,0.15625,0.109375,0.6569684743881226,False,ok,0.07477300000027753
D2_111_nadir,aliked-lightglue-native-k8192,aliked,lightglue,native,8192,403,100_0010_0034.JPG,100_0010_0042.JPG,8192,8192,27,10,0.37037037037037035,1.220703125,0.125,0.109375,0.2353934347629547,True,ok,0.10771880000538658
D2_111_nadir,aliked-lightglue-native-k8192,aliked,lightglue,native,8192,404,100_0010_0035.JPG,100_0010_0036.JPG,8192,8192,3467,3260,0.9402942024805307,397.94921875,0.875,0.859375,0.9338297843933105,False,ok,0.07566080000833608
D2_111_nadir,aliked-lightglue-native-k8192,aliked,lightglue,native,8192,405,100_0010_0035.JPG,100_0010_0037.JPG,8192,8192,3361,3144,0.9354358821779233,383.7890625,0.828125,0.859375,0.9299835562705994,False,ok,0.0730687999894144
D2_111_nadir,aliked-lightglue-native-k8192,aliked,lightglue,native,8192,406,100_0010_0035.JPG,100_0010_0038.JPG,8192,8192,2390,2100,0.8786610878661087,256.34765625,0.6875,0.65625,0.9083307385444641,False,ok,0.07166649999271613
D2_111_nadir,aliked-lightglue-native-k8192,aliked,lightglue,native,8192,407,100_0010_0035.JPG,100_0010_0039.JPG,8192,8192,1801,1409,0.7823431426985008,171.9970703125,0.53125,0.515625,0.8727439045906067,False,ok,0.07305409999389667
D2_111_nadir,aliked-lightglue-native-k8192,aliked,lightglue,native,8192,408,100_0010_0035.JPG,100_0010_0040.JPG,8192,8192,1113,776,0.6972147349505841,94.7265625,0.328125,0.328125,0.79659104347229,False,ok,0.08164519999991171
D2_111_nadir,aliked-lightglue-native-k8192,aliked,lightglue,native,8192,409,100_0010_0035.JPG,100_0010_0041.JPG,8192,8192,458,185,0.4039301310043668,22.5830078125,0.1875,0.125,0.6557886600494385,False,ok,0.07939329999499023
D2_111_nadir,aliked-lightglue-native-k8192,aliked,lightglue,native,8192,410,100_0010_0035.JPG,100_0010_0042.JPG,8192,8192,26,13,0.5,1.5869140625,0.09375,0.125,0.2313520759344101,True,ok,0.10520849999738857
D2_111_nadir,aliked-lightglue-native-k8192,aliked,lightglue,native,8192,411,100_0010_0035.JPG,100_0010_0043.JPG,8192,8192,26,11,0.4230769230769231,1.3427734375,0.09375,0.125,0.2304791361093521,True,ok,0.1061109000002034
D2_111_nadir,aliked-lightglue-native-k8192,aliked,lightglue,native,8192,412,100_0010_0035.JPG,100_0010_0067.JPG,8192,8192,1352,1004,0.742603550295858,122.55859375,0.484375,0.46875,0.8128383159637451,False,ok,0.06278520000341814
D2_111_nadir,aliked-lightglue-native-k8192,aliked,lightglue,native,8192,413,100_0010_0035.JPG,100_0010_0068.JPG,8192,8192,1459,1105,0.7573680603152845,134.8876953125,0.53125,0.5625,0.7918325662612915,False,ok,0.06655000000318978
D2_111_nadir,aliked-lightglue-native-k8192,aliked,lightglue,native,8192,414,100_0010_0036.JPG,100_0010_0037.JPG,8192,8192,4518,4417,0.9776449756529437,539.1845703125,1.0,0.984375,0.9672557711601257,False,ok,0.06882459999178536
D2_111_nadir,aliked-lightglue-native-k8192,aliked,lightglue,native,8192,415,100_0010_0036.JPG,100_0010_0038.JPG,8192,8192,2876,2613,0.9085535465924895,318.9697265625,0.78125,0.75,0.9262769818305969,False,ok,0.07347820000723004
D2_111_nadir,aliked-lightglue-native-k8192,aliked,lightglue,native,8192,416,100_0010_0036.JPG,100_0010_0039.JPG,8192,8192,2050,1684,0.8214634146341463,205.56640625,0.609375,0.5625,0.8774973750114441,False,ok,0.06839590000163298
D2_111_nadir,aliked-lightglue-native-k8192,aliked,lightglue,native,8192,417,100_0010_0036.JPG,100_0010_0040.JPG,8192,8192,1239,904,0.7296206618240516,110.3515625,0.375,0.375,0.8140811920166016,False,ok,0.06990779998886865
D2_111_nadir,aliked-lightglue-native-k8192,aliked,lightglue,native,8192,418,100_0010_0036.JPG,100_0010_0041.JPG,8192,8192,490,237,0.48367346938775513,28.9306640625,0.234375,0.15625,0.6912577152252197,False,ok,0.07197489999816753
D2_111_nadir,aliked-lightglue-native-k8192,aliked,lightglue,native,8192,419,100_0010_0036.JPG,100_0010_0042.JPG,8192,8192,17,9,0.5294117647058824,1.0986328125,0.109375,0.125,0.15107713639736176,True,ok,0.10578399999940302
D2_111_nadir,aliked-lightglue-native-k8192,aliked,lightglue,native,8192,420,100_0010_0036.JPG,100_0010_0043.JPG,8192,8192,19,10,0.5263157894736842,1.220703125,0.109375,0.140625,0.2491384744644165,True,ok,0.11111889999301638
D2_111_nadir,aliked-lightglue-native-k8192,aliked,lightglue,native,8192,421,100_0010_0036.JPG,100_0010_0044.JPG,8192,8192,22,11,0.5,1.3427734375,0.125,0.15625,0.22050999104976654,True,ok,0.10864669999864418
D2_111_nadir,aliked-lightglue-native-k8192,aliked,lightglue,native,8192,422,100_0010_0036.JPG,100_0010_0066.JPG,8192,8192,1607,1249,0.777224642190417,152.4658203125,0.5,0.484375,0.8296636939048767,False,ok,0.06618069999967702
D2_111_nadir,aliked-lightglue-native-k8192,aliked,lightglue,native,8192,423,100_0010_0036.JPG,100_0010_0067.JPG,8192,8192,1881,1540,0.8187134502923976,187.98828125,0.578125,0.625,0.8611595034599304,False,ok,0.07085550000192598
D2_111_nadir,aliked-lightglue-native-k8192,aliked,lightglue,native,8192,424,100_0010_0036.JPG,100_0010_0068.JPG,8192,8192,2024,1739,0.8591897233201581,212.2802734375,0.6875,0.734375,0.859319269657135,False,ok,0.06856719999632332
D2_111_nadir,aliked-lightglue-native-k8192,aliked,lightglue,native,8192,425,100_0010_0037.JPG,100_0010_0038.JPG,8192,8192,2973,2709,0.9112008072653885,330.6884765625,0.78125,0.796875,0.9278782606124878,False,ok,0.07224629999836907
D2_111_nadir,aliked-lightglue-native-k8192,aliked,lightglue,native,8192,426,100_0010_0037.JPG,100_0010_0039.JPG,8192,8192,2083,1752,0.8410945751320211,213.8671875,0.609375,0.59375,0.8828751444816589,False,ok,0.06726079998770729
D2_111_nadir,aliked-lightglue-native-k8192,aliked,lightglue,native,8192,427,100_0010_0037.JPG,100_0010_0040.JPG,8192,8192,1296,968,0.7469135802469136,118.1640625,0.375,0.375,0.8237562775611877,False,ok,0.06940360000589862
D2_111_nadir,aliked-lightglue-native-k8192,aliked,lightglue,native,8192,428,100_0010_0037.JPG,100_0010_0041.JPG,8192,8192,517,253,0.48936170212765956,30.8837890625,0.25,0.203125,0.7074958682060242,False,ok,0.07286200000089593
D2_111_nadir,aliked-lightglue-native-k8192,aliked,lightglue,native,8192,429,100_0010_0037.JPG,100_0010_0042.JPG,8192,8192,9,8,0.8888888888888888,0.9765625,0.109375,0.125,0.20187105238437653,True,ok,0.10817590000806376
D2_111_nadir,aliked-lightglue-native-k8192,aliked,lightglue,native,8192,430,100_0010_0037.JPG,100_0010_0043.JPG,8192,8192,17,9,0.5294117647058824,1.0986328125,0.109375,0.109375,0.27690067887306213,True,ok,0.10642599999846425
D2_111_nadir,aliked-lightglue-native-k8192,aliked,lightglue,native,8192,431,100_0010_0037.JPG,100_0010_0044.JPG,8192,8192,17,9,0.5294117647058824,1.0986328125,0.109375,0.109375,0.28040194511413574,True,ok,0.10651030000008177
D2_111_nadir,aliked-lightglue-native-k8192,aliked,lightglue,native,8192,432,100_0010_0037.JPG,100_0010_0045.JPG,8192,8192,16,9,0.5625,1.0986328125,0.09375,0.109375,0.24126631021499634,True,ok,0.10634589999972377
D2_111_nadir,aliked-lightglue-native-k8192,aliked,lightglue,native,8192,433,100_0010_0037.JPG,100_0010_0066.JPG,8192,8192,1676,1345,0.8025059665871122,164.1845703125,0.53125,0.5,0.8564603924751282,False,ok,0.07076679999590851
D2_111_nadir,aliked-lightglue-native-k8192,aliked,lightglue,native,8192,434,100_0010_0037.JPG,100_0010_0067.JPG,8192,8192,2001,1650,0.8245877061469266,201.416015625,0.59375,0.609375,0.8649952411651611,False,ok,0.06890880000719335
D2_111_nadir,aliked-lightglue-native-k8192,aliked,lightglue,native,8192,435,100_0010_0037.JPG,100_0010_0068.JPG,8192,8192,2099,1800,0.857551214864221,219.7265625,0.609375,0.65625,0.8826804757118225,False,ok,0.07025590000557713
D2_111_nadir,aliked-lightglue-native-k8192,aliked,lightglue,native,8192,436,100_0010_0038.JPG,100_0010_0039.JPG,8192,8192,3192,3040,0.9523809523809523,371.09375,0.859375,0.875,0.9578425884246826,False,ok,0.06728040000598412
D2_111_nadir,aliked-lightglue-native-k8192,aliked,lightglue,native,8192,437,100_0010_0038.JPG,100_0010_0040.JPG,8192,8192,2258,1988,0.8804251550044287,242.67578125,0.625,0.625,0.9136145710945129,False,ok,0.06928950001019984
D2_111_nadir,aliked-lightglue-native-k8192,aliked,lightglue,native,8192,438,100_0010_0038.JPG,100_0010_0041.JPG,8192,8192,1563,1287,0.8234165067178503,157.1044921875,0.5,0.484375,0.8852301836013794,False,ok,0.06386470000143163
D2_111_nadir,aliked-lightglue-native-k8192,aliked,lightglue,native,8192,439,100_0010_0038.JPG,100_0010_0042.JPG,8192,8192,930,763,0.8204301075268817,93.1396484375,0.25,0.25,0.8638806939125061,False,ok,0.05913739999232348
D2_111_nadir,aliked-lightglue-native-k8192,aliked,lightglue,native,8192,440,100_0010_0038.JPG,100_0010_0043.JPG,8192,8192,112,40,0.35714285714285715,4.8828125,0.0625,0.0625,0.5237860679626465,False,ok,0.08947659999830648
D2_111_nadir,aliked-lightglue-native-k8192,aliked,lightglue,native,8192,441,100_0010_0038.JPG,100_0010_0044.JPG,8192,8192,21,9,0.42857142857142855,1.0986328125,0.09375,0.109375,0.18417243659496307,True,ok,0.10681999998632818
D2_111_nadir,aliked-lightglue-native-k8192,aliked,lightglue,native,8192,442,100_0010_0038.JPG,100_0010_0045.JPG,8192,8192,23,11,0.4782608695652174,1.3427734375,0.09375,0.09375,0.23312212526798248,True,ok,0.10775979999743868
D2_111_nadir,aliked-lightglue-native-k8192,aliked,lightglue,native,8192,443,100_0010_0038.JPG,100_0010_0046.JPG,8192,8192,12,8,0.6666666666666666,0.9765625,0.078125,0.09375,0.2039644867181778,True,ok,0.10670000000391155
D2_111_nadir,aliked-lightglue-native-k8192,aliked,lightglue,native,8192,444,100_0010_0038.JPG,100_0010_0066.JPG,8192,8192,2182,1923,0.881301558203483,234.7412109375,0.6875,0.71875,0.9027969837188721,False,ok,0.06990489999589045
D2_111_nadir,aliked-lightglue-native-k8192,aliked,lightglue,native,8192,445,100_0010_0038.JPG,100_0010_0067.JPG,8192,8192,2117,1827,0.863013698630137,223.0224609375,0.75,0.6875,0.8879593014717102,False,ok,0.08123009999690112
D2_111_nadir,aliked-lightglue-native-k8192,aliked,lightglue,native,8192,446,100_0010_0038.JPG,100_0010_0068.JPG,8192,8192,1674,1357,0.8106332138590203,165.6494140625,0.65625,0.59375,0.8659226298332214,False,ok,0.06856139999581501
D2_111_nadir,aliked-lightglue-native-k8192,aliked,lightglue,native,8192,447,100_0010_0039.JPG,100_0010_0040.JPG,8192,8192,3162,3004,0.9500316255534472,366.69921875,0.875,0.890625,0.9586859345436096,False,ok,0.068007599998964
D2_111_nadir,aliked-lightglue-native-k8192,aliked,lightglue,native,8192,448,100_0010_0039.JPG,100_0010_0041.JPG,8192,8192,2228,2050,0.9201077199281867,250.244140625,0.625,0.625,0.9427857398986816,False,ok,0.06703770000603981
D2_111_nadir,aliked-lightglue-native-k8192,aliked,lightglue,native,8192,449,100_0010_0039.JPG,100_0010_0042.JPG,8192,8192,1527,1357,0.8886705959397512,165.6494140625,0.484375,0.5,0.9282717108726501,False,ok,0.06598900000972208
D2_111_nadir,aliked-lightglue-native-k8192,aliked,lightglue,native,8192,450,100_0010_0039.JPG,100_0010_0043.JPG,8192,8192,860,726,0.8441860465116279,88.623046875,0.25,0.25,0.8878427743911743,False,ok,0.06082590000005439
D2_111_nadir,aliked-lightglue-native-k8192,aliked,lightglue,native,8192,451,100_0010_0039.JPG,100_0010_0044.JPG,8192,8192,81,28,0.345679012345679,3.41796875,0.140625,0.125,0.37385037541389465,False,ok,0.10647240000253078
D2_111_nadir,aliked-lightglue-native-k8192,aliked,lightglue,native,8192,452,100_0010_0039.JPG,100_0010_0045.JPG,8192,8192,43,13,0.3023255813953488,1.5869140625,0.125,0.125,0.2530069053173065,True,ok,0.10660830000415444
D2_111_nadir,aliked-lightglue-native-k8192,aliked,lightglue,native,8192,453,100_0010_0039.JPG,100_0010_0046.JPG,8192,8192,33,13,0.3939393939393939,1.5869140625,0.109375,0.109375,0.1930094212293625,True,ok,0.10786780000489671
D2_111_nadir,aliked-lightglue-native-k8192,aliked,lightglue,native,8192,454,100_0010_0039.JPG,100_0010_0047.JPG,8192,8192,31,12,0.3870967741935484,1.46484375,0.125,0.125,0.22289308905601501,True,ok,0.10680900000443216
D2_111_nadir,aliked-lightglue-native-k8192,aliked,lightglue,native,8192,455,100_0010_0039.JPG,100_0010_0064.JPG,8192,8192,1754,1549,0.8831242873432155,189.0869140625,0.5625,0.5625,0.9036893248558044,False,ok,0.06754679999721702
D2_111_nadir,aliked-lightglue-native-k8192,aliked,lightglue,native,8192,456,100_0010_0039.JPG,100_0010_0065.JPG,8192,8192,2361,2172,0.9199491740787802,265.13671875,0.71875,0.734375,0.929045557975769,False,ok,0.07173919999331702
D2_111_nadir,aliked-lightglue-native-k8192,aliked,lightglue,native,8192,457,100_0010_0039.JPG,100_0010_0066.JPG,8192,8192,2309,2081,0.9012559549588567,254.0283203125,0.75,0.71875,0.9130774736404419,False,ok,0.07239690001006238
D2_111_nadir,aliked-lightglue-native-k8192,aliked,lightglue,native,8192,458,100_0010_0039.JPG,100_0010_0067.JPG,8192,8192,1695,1409,0.8312684365781711,171.9970703125,0.546875,0.546875,0.8700417280197144,False,ok,0.06562059999851044
D2_111_nadir,aliked-lightglue-native-k8192,aliked,lightglue,native,8192,459,100_0010_0039.JPG,100_0010_0068.JPG,8192,8192,1392,995,0.7147988505747126,121.4599609375,0.46875,0.46875,0.8197259306907654,False,ok,0.069171399998595
D2_111_nadir,aliked-lightglue-native-k8192,aliked,lightglue,native,8192,460,100_0010_0040.JPG,100_0010_0041.JPG,8192,8192,3209,3096,0.9647865378622624,377.9296875,0.875,0.875,0.9735658764839172,False,ok,0.06762069999240339
D2_111_nadir,aliked-lightglue-native-k8192,aliked,lightglue,native,8192,461,100_0010_0040.JPG,100_0010_0042.JPG,8192,8192,2236,2074,0.9275491949910555,253.173828125,0.640625,0.625,0.9541282057762146,False,ok,0.06787220000114758
D2_111_nadir,aliked-lightglue-native-k8192,aliked,lightglue,native,8192,462,100_0010_0040.JPG,100_0010_0043.JPG,8192,8192,1496,1335,0.892379679144385,162.9638671875,0.5,0.5,0.93389892578125,False,ok,0.06200540000281762
D2_111_nadir,aliked-lightglue-native-k8192,aliked,lightglue,native,8192,463,100_0010_0040.JPG,100_0010_0044.JPG,8192,8192,842,683,0.8111638954869359,83.3740234375,0.25,0.25,0.8702741861343384,False,ok,0.06212709999817889
D2_111_nadir,aliked-lightglue-native-k8192,aliked,lightglue,native,8192,464,100_0010_0040.JPG,100_0010_0045.JPG,8192,8192,53,22,0.41509433962264153,2.685546875,0.15625,0.125,0.40227416157722473,False,ok,0.12704370000574272
D2_111_nadir,aliked-lightglue-native-k8192,aliked,lightglue,native,8192,465,100_0010_0040.JPG,100_0010_0046.JPG,8192,8192,24,14,0.5833333333333334,1.708984375,0.125,0.109375,0.24963422119617462,True,ok,0.12636759999440983
D2_111_nadir,aliked-lightglue-native-k8192,aliked,lightglue,native,8192,466,100_0010_0040.JPG,100_0010_0047.JPG,8192,8192,38,21,0.5526315789473685,2.5634765625,0.15625,0.140625,0.21737101674079895,False,ok,0.10638549999566749
D2_111_nadir,aliked-lightglue-native-k8192,aliked,lightglue,native,8192,467,100_0010_0040.JPG,100_0010_0048.JPG,8192,8192,17,9,0.5294117647058824,1.0986328125,0.125,0.09375,0.2086869180202484,True,ok,0.10664959999849088
D2_111_nadir,aliked-lightglue-native-k8192,aliked,lightglue,native,8192,468,100_0010_0040.JPG,100_0010_0063.JPG,8192,8192,1846,1715,0.929035752979415,209.3505859375,0.5625,0.5625,0.9465283155441284,False,ok,0.0663776000001235
D2_111_nadir,aliked-lightglue-native-k8192,aliked,lightglue,native,8192,469,100_0010_0040.JPG,100_0010_0064.JPG,8192,8192,2217,2020,0.9111411817771764,246.58203125,0.703125,0.71875,0.9221700429916382,False,ok,0.07082870000158437
D2_111_nadir,aliked-lightglue-native-k8192,aliked,lightglue,native,8192,470,100_0010_0040.JPG,100_0010_0065.JPG,8192,8192,2242,2026,0.903657448706512,247.314453125,0.75,0.75,0.9192702770233154,False,ok,0.07165779999922961
D2_111_nadir,aliked-lightglue-native-k8192,aliked,lightglue,native,8192,471,100_0010_0040.JPG,100_0010_0066.JPG,8192,8192,1752,1487,0.848744292237443,181.5185546875,0.5625,0.5625,0.8888201713562012,False,ok,0.06809420000354294
D2_111_nadir,aliked-lightglue-native-k8192,aliked,lightglue,native,8192,472,100_0010_0041.JPG,100_0010_0042.JPG,8192,8192,3229,3166,0.9804893155775782,386.474609375,0.875,0.875,0.9861661791801453,False,ok,0.06830530001025181
D2_111_nadir,aliked-lightglue-native-k8192,aliked,lightglue,native,8192,473,100_0010_0041.JPG,100_0010_0043.JPG,8192,8192,2254,2117,0.9392191659272404,258.4228515625,0.625,0.625,0.9589534997940063,False,ok,0.06738679998670705
D2_111_nadir,aliked-lightglue-native-k8192,aliked,lightglue,native,8192,474,100_0010_0041.JPG,100_0010_0044.JPG,8192,8192,1441,1322,0.9174184594031922,161.376953125,0.5,0.5,0.9522222280502319,False,ok,0.06287299998803064
D2_111_nadir,aliked-lightglue-native-k8192,aliked,lightglue,native,8192,475,100_0010_0041.JPG,100_0010_0045.JPG,8192,8192,808,661,0.818069306930693,80.6884765625,0.25,0.25,0.8681533336639404,False,ok,0.060706000003847294
D2_111_nadir,aliked-lightglue-native-k8192,aliked,lightglue,native,8192,476,100_0010_0041.JPG,100_0010_0046.JPG,8192,8192,93,43,0.46236559139784944,5.2490234375,0.140625,0.15625,0.5185739398002625,False,ok,0.11112020000291523
D2_111_nadir,aliked-lightglue-native-k8192,aliked,lightglue,native,8192,477,100_0010_0041.JPG,100_0010_0047.JPG,8192,8192,61,21,0.3442622950819672,2.5634765625,0.125,0.125,0.25826072692871094,False,ok,0.10689549999369774
D2_111_nadir,aliked-lightglue-native-k8192,aliked,lightglue,native,8192,478,100_0010_0041.JPG,100_0010_0048.JPG,8192,8192,30,13,0.43333333333333335,1.5869140625,0.140625,0.109375,0.2243293821811676,True,ok,0.10771300000487827
D2_111_nadir,aliked-lightglue-native-k8192,aliked,lightglue,native,8192,479,100_0010_0041.JPG,100_0010_0049.JPG,8192,8192,19,9,0.47368421052631576,1.0986328125,0.109375,0.109375,0.2101968377828598,True,ok,0.1067414999997709
D2_111_nadir,aliked-lightglue-native-k8192,aliked,lightglue,native,8192,480,100_0010_0041.JPG,100_0010_0062.JPG,8192,8192,1906,1815,0.9522560335781742,221.5576171875,0.5625,0.5625,0.9646574854850769,False,ok,0.06980359999579377
D2_111_nadir,aliked-lightglue-native-k8192,aliked,lightglue,native,8192,481,100_0010_0041.JPG,100_0010_0063.JPG,8192,8192,2427,2349,0.9678615574783683,286.7431640625,0.6875,0.71875,0.9761762022972107,False,ok,0.07017949999135453
D2_111_nadir,aliked-lightglue-native-k8192,aliked,lightglue,native,8192,482,100_0010_0041.JPG,100_0010_0064.JPG,8192,8192,2369,2196,0.9269734065006332,268.06640625,0.75,0.75,0.9461132287979126,False,ok,0.07184679999772925
D2_111_nadir,aliked-lightglue-native-k8192,aliked,lightglue,native,8192,483,100_0010_0041.JPG,100_0010_0109.JPG,8192,8192,10,7,0.7,0.8544921875,0.09375,0.109375,0.23946936428546906,True,ok,0.10787650001293514
D2_111_nadir,aliked-lightglue-native-k8192,aliked,lightglue,native,8192,484,100_0010_0041.JPG,100_0010_0110.JPG,8192,8192,15,8,0.5333333333333333,0.9765625,0.125,0.0625,0.2521524131298065,True,ok,0.10617739999725018
D2_111_nadir,aliked-lightglue-native-k8192,aliked,lightglue,native,8192,485,100_0010_0042.JPG,100_0010_0043.JPG,8192,8192,3257,3170,0.9732883021185139,386.962890625,0.875,0.875,0.9824893474578857,False,ok,0.06919799999741372
D2_111_nadir,aliked-lightglue-native-k8192,aliked,lightglue,native,8192,486,100_0010_0042.JPG,100_0010_0044.JPG,8192,8192,2242,2095,0.9344335414808207,255.7373046875,0.625,0.625,0.9607774019241333,False,ok,0.0687130000005709
D2_111_nadir,aliked-lightglue-native-k8192,aliked,lightglue,native,8192,487,100_0010_0042.JPG,100_0010_0045.JPG,8192,8192,1423,1307,0.9184820801124385,159.5458984375,0.5,0.5,0.9501845240592957,False,ok,0.06321310000203084
D2_111_nadir,aliked-lightglue-native-k8192,aliked,lightglue,native,8192,488,100_0010_0042.JPG,100_0010_0046.JPG,8192,8192,798,663,0.8308270676691729,80.9326171875,0.25,0.25,0.8833012580871582,False,ok,0.05936389999988023
D2_111_nadir,aliked-lightglue-native-k8192,aliked,lightglue,native,8192,489,100_0010_0042.JPG,100_0010_0047.JPG,8192,8192,190,78,0.4105263157894737,9.521484375,0.140625,0.140625,0.589840829372406,False,ok,0.09128819999750704
D2_111_nadir,aliked-lightglue-native-k8192,aliked,lightglue,native,8192,490,100_0010_0042.JPG,100_0010_0048.JPG,8192,8192,37,14,0.3783783783783784,1.708984375,0.140625,0.125,0.2161540389060974,True,ok,0.1053259999898728
D2_111_nadir,aliked-lightglue-native-k8192,aliked,lightglue,native,8192,491,100_0010_0042.JPG,100_0010_0049.JPG,8192,8192,22,10,0.45454545454545453,1.220703125,0.078125,0.109375,0.22696661949157715,True,ok,0.10556209999776911
D2_111_nadir,aliked-lightglue-native-k8192,aliked,lightglue,native,8192,492,100_0010_0042.JPG,100_0010_0050.JPG,8192,8192,26,10,0.38461538461538464,1.220703125,0.078125,0.125,0.2510932981967926,True,ok,0.10651309999229852
D2_111_nadir,aliked-lightglue-native-k8192,aliked,lightglue,native,8192,493,100_0010_0042.JPG,100_0010_0062.JPG,8192,8192,2412,2328,0.9651741293532339,284.1796875,0.734375,0.71875,0.9715073108673096,False,ok,0.0727197999949567
D2_111_nadir,aliked-lightglue-native-k8192,aliked,lightglue,native,8192,494,100_0010_0042.JPG,100_0010_0063.JPG,8192,8192,2422,2326,0.9603633360858794,283.935546875,0.75,0.75,0.9730131030082703,False,ok,0.07088670000666752
D2_111_nadir,aliked-lightglue-native-k8192,aliked,lightglue,native,8192,495,100_0010_0042.JPG,100_0010_0109.JPG,8192,8192,331,170,0.513595166163142,20.751953125,0.09375,0.09375,0.6904846429824829,False,ok,0.05896299998858012
D2_111_nadir,aliked-lightglue-native-k8192,aliked,lightglue,native,8192,496,100_0010_0042.JPG,100_0010_0110.JPG,8192,8192,12,8,0.6666666666666666,0.9765625,0.09375,0.109375,0.23578499257564545,True,ok,0.10652750000008382
D2_111_nadir,aliked-lightglue-native-k8192,aliked,lightglue,native,8192,497,100_0010_0042.JPG,100_0010_0111.JPG,8192,8192,3,0,0.0,0.0,0.0,0.0,0.23216378688812256,True,too_few_matches,0.12539660000766162
D2_111_nadir,aliked-lightglue-native-k8192,aliked,lightglue,native,8192,498,100_0010_0043.JPG,100_0010_0044.JPG,8192,8192,3203,3116,0.9728379644083671,380.37109375,0.875,0.875,0.981547474861145,False,ok,0.0683679000067059
D2_111_nadir,aliked-lightglue-native-k8192,aliked,lightglue,native,8192,499,100_0010_0043.JPG,100_0010_0045.JPG,8192,8192,2193,2038,0.9293205654354765,248.779296875,0.625,0.625,0.9527736306190491,False,ok,0.06789400000707246
D2_111_nadir,aliked-lightglue-native-k8192,aliked,lightglue,native,8192,500,100_0010_0043.JPG,100_0010_0046.JPG,8192,8192,1436,1285,0.8948467966573816,156.8603515625,0.5,0.484375,0.9349682927131653,False,ok,0.061852700004237704
D2_111_nadir,aliked-lightglue-native-k8192,aliked,lightglue,native,8192,501,100_0010_0043.JPG,100_0010_0047.JPG,8192,8192,820,662,0.8073170731707318,80.810546875,0.25,0.25,0.8649483919143677,False,ok,0.05819270000210963
D2_111_nadir,aliked-lightglue-native-k8192,aliked,lightglue,native,8192,502,100_0010_0043.JPG,100_0010_0048.JPG,8192,8192,192,77,0.4010416666666667,9.3994140625,0.1875,0.140625,0.5344662070274353,False,ok,0.0804640999995172
D2_111_nadir,aliked-lightglue-native-k8192,aliked,lightglue,native,8192,503,100_0010_0043.JPG,100_0010_0049.JPG,8192,8192,30,11,0.36666666666666664,1.3427734375,0.125,0.125,0.2836495339870453,True,ok,0.10698690000572242
D2_111_nadir,aliked-lightglue-native-k8192,aliked,lightglue,native,8192,504,100_0010_0043.JPG,100_0010_0050.JPG,8192,8192,18,9,0.5,1.0986328125,0.109375,0.109375,0.24430333077907562,True,ok,0.10595009999815375
D2_111_nadir,aliked-lightglue-native-k8192,aliked,lightglue,native,8192,505,100_0010_0043.JPG,100_0010_0051.JPG,8192,8192,22,11,0.5,1.3427734375,0.125,0.09375,0.2023143768310547,True,ok,0.1055830999976024
D2_111_nadir,aliked-lightglue-native-k8192,aliked,lightglue,native,8192,506,100_0010_0043.JPG,100_0010_0060.JPG,8192,8192,1900,1802,0.9484210526315789,219.970703125,0.5625,0.5625,0.961692214012146,False,ok,0.06788159999996424
D2_111_nadir,aliked-lightglue-native-k8192,aliked,lightglue,native,8192,507,100_0010_0043.JPG,100_0010_0061.JPG,8192,8192,2427,2354,0.9699217140502678,287.353515625,0.75,0.75,0.9767031073570251,False,ok,0.0714674000046216
D2_111_nadir,aliked-lightglue-native-k8192,aliked,lightglue,native,8192,508,100_0010_0043.JPG,100_0010_0062.JPG,8192,8192,2405,2304,0.9580041580041581,281.25,0.75,0.75,0.9714446067810059,False,ok,0.07033629999205004
D2_111_nadir,aliked-lightglue-native-k8192,aliked,lightglue,native,8192,509,100_0010_0043.JPG,100_0010_0109.JPG,8192,8192,800,560,0.7,68.359375,0.3125,0.265625,0.8047177791595459,False,ok,0.060756100006983615
D2_111_nadir,aliked-lightglue-native-k8192,aliked,lightglue,native,8192,510,100_0010_0043.JPG,100_0010_0110.JPG,8192,8192,523,338,0.6462715105162524,41.259765625,0.21875,0.21875,0.7710555195808411,False,ok,0.057193100001313724
D2_111_nadir,aliked-lightglue-native-k8192,aliked,lightglue,native,8192,511,100_0010_0043.JPG,100_0010_0111.JPG,8192,8192,2,0,0.0,0.0,0.0,0.0,0.22416077554225922,True,too_few_matches,0.125164400000358
D2_111_nadir,aliked-lightglue-native-k8192,aliked,lightglue,native,8192,512,100_0010_0044.JPG,100_0010_0045.JPG,8192,8192,3206,3138,0.9787897691827823,383.056640625,0.875,0.875,0.9829537868499756,False,ok,0.06838499999139458
D2_111_nadir,aliked-lightglue-native-k8192,aliked,lightglue,native,8192,513,100_0010_0044.JPG,100_0010_0046.JPG,8192,8192,2187,2047,0.9359853680841335,249.8779296875,0.625,0.625,0.9513505101203918,False,ok,0.06807320000370964
D2_111_nadir,aliked-lightglue-native-k8192,aliked,lightglue,native,8192,514,100_0010_0044.JPG,100_0010_0047.JPG,8192,8192,1461,1293,0.8850102669404517,157.8369140625,0.5,0.5,0.9248198866844177,False,ok,0.06264530000044033
D2_111_nadir,aliked-lightglue-native-k8192,aliked,lightglue,native,8192,515,100_0010_0044.JPG,100_0010_0048.JPG,8192,8192,765,580,0.7581699346405228,70.80078125,0.25,0.25,0.8283000588417053,False,ok,0.05970769999839831
D2_111_nadir,aliked-lightglue-native-k8192,aliked,lightglue,native,8192,516,100_0010_0044.JPG,100_0010_0049.JPG,8192,8192,206,91,0.441747572815534,11.1083984375,0.125,0.109375,0.6046124696731567,False,ok,0.06860589999996591
D2_111_nadir,aliked-lightglue-native-k8192,aliked,lightglue,native,8192,517,100_0010_0044.JPG,100_0010_0050.JPG,8192,8192,24,11,0.4583333333333333,1.3427734375,0.09375,0.078125,0.20464104413986206,True,ok,0.10747339999943506
D2_111_nadir,aliked-lightglue-native-k8192,aliked,lightglue,native,8192,518,100_0010_0044.JPG,100_0010_0051.JPG,8192,8192,20,10,0.5,1.220703125,0.109375,0.09375,0.22342610359191895,True,ok,0.106213499995647
D2_111_nadir,aliked-lightglue-native-k8192,aliked,lightglue,native,8192,519,100_0010_0044.JPG,100_0010_0052.JPG,8192,8192,6,0,0.0,0.0,0.0,0.0,0.20190399885177612,True,too_few_matches,0.12492339999880642
D2_111_nadir,aliked-lightglue-native-k8192,aliked,lightglue,native,8192,520,100_0010_0044.JPG,100_0010_0059.JPG,8192,8192,1985,1887,0.9506297229219144,230.3466796875,0.5625,0.5625,0.9608126878738403,False,ok,0.06949600001098588
D2_111_nadir,aliked-lightglue-native-k8192,aliked,lightglue,native,8192,521,100_0010_0044.JPG,100_0010_0060.JPG,8192,8192,2478,2392,0.9652945924132365,291.9921875,0.75,0.71875,0.9714572429656982,False,ok,0.07172490000084508
D2_111_nadir,aliked-lightglue-native-k8192,aliked,lightglue,native,8192,522,100_0010_0044.JPG,100_0010_0061.JPG,8192,8192,2423,2333,0.9628559636813867,284.7900390625,0.75,0.75,0.9743180871009827,False,ok,0.07110690000990871
D2_111_nadir,aliked-lightglue-native-k8192,aliked,lightglue,native,8192,523,100_0010_0044.JPG,100_0010_0110.JPG,8192,8192,940,698,0.7425531914893617,85.205078125,0.34375,0.3125,0.837734580039978,False,ok,0.06356310000410303
D2_111_nadir,aliked-lightglue-native-k8192,aliked,lightglue,native,8192,524,100_0010_0044.JPG,100_0010_0111.JPG,8192,8192,641,432,0.6739469578783152,52.734375,0.25,0.21875,0.7957041263580322,False,ok,0.05551730000297539
D2_111_nadir,aliked-lightglue-native-k8192,aliked,lightglue,native,8192,525,100_0010_0045.JPG,100_0010_0046.JPG,8192,8192,3257,3190,0.9794289223211544,389.404296875,0.875,0.875,0.9855724573135376,False,ok,0.0687274000083562
D2_111_nadir,aliked-lightglue-native-k8192,aliked,lightglue,native,8192,526,100_0010_0045.JPG,100_0010_0047.JPG,8192,8192,2238,2098,0.9374441465594281,256.103515625,0.640625,0.625,0.9543555378913879,False,ok,0.06780659999640193
D2_111_nadir,aliked-lightglue-native-k8192,aliked,lightglue,native,8192,527,100_0010_0045.JPG,100_0010_0048.JPG,8192,8192,1414,1217,0.8606789250353607,148.5595703125,0.5,0.484375,0.9098514914512634,False,ok,0.06129930001043249
D2_111_nadir,aliked-lightglue-native-k8192,aliked,lightglue,native,8192,528,100_0010_0045.JPG,100_0010_0049.JPG,8192,8192,879,658,0.7485779294653014,80.322265625,0.25,0.25,0.8239997625350952,False,ok,0.06100549999973737
D2_111_nadir,aliked-lightglue-native-k8192,aliked,lightglue,native,8192,529,100_0010_0045.JPG,100_0010_0050.JPG,8192,8192,203,90,0.4433497536945813,10.986328125,0.125,0.109375,0.5650538802146912,False,ok,0.08181909999984782
D2_111_nadir,aliked-lightglue-native-k8192,aliked,lightglue,native,8192,530,100_0010_0045.JPG,100_0010_0051.JPG,8192,8192,19,9,0.47368421052631576,1.0986328125,0.109375,0.125,0.260758638381958,True,ok,0.1055661999998847
D2_111_nadir,aliked-lightglue-native-k8192,aliked,lightglue,native,8192,531,100_0010_0045.JPG,100_0010_0052.JPG,8192,8192,1,0,0.0,0.0,0.0,0.0,0.10973762720823288,True,too_few_matches,0.12433530000271276
D2_111_nadir,aliked-lightglue-native-k8192,aliked,lightglue,native,8192,532,100_0010_0045.JPG,100_0010_0053.JPG,8192,8192,4,0,0.0,0.0,0.0,0.0,0.23884350061416626,True,too_few_matches,0.12563690000388306
D2_111_nadir,aliked-lightglue-native-k8192,aliked,lightglue,native,8192,533,100_0010_0045.JPG,100_0010_0058.JPG,8192,8192,2050,1929,0.9409756097560975,235.4736328125,0.5625,0.5625,0.9532983899116516,False,ok,0.06948839999677148
D2_111_nadir,aliked-lightglue-native-k8192,aliked,lightglue,native,8192,534,100_0010_0045.JPG,100_0010_0059.JPG,8192,8192,2496,2415,0.9675480769230769,294.7998046875,0.75,0.734375,0.9769131541252136,False,ok,0.07180449999577831
D2_111_nadir,aliked-lightglue-native-k8192,aliked,lightglue,native,8192,535,100_0010_0045.JPG,100_0010_0060.JPG,8192,8192,2554,2431,0.951840250587314,296.7529296875,0.75,0.75,0.9580603837966919,False,ok,0.06857399998989422
D2_111_nadir,aliked-lightglue-native-k8192,aliked,lightglue,native,8192,536,100_0010_0045.JPG,100_0010_0110.JPG,8192,8192,1222,914,0.7479541734860884,111.572265625,0.578125,0.40625,0.8534132242202759,False,ok,0.06580360000953078
D2_111_nadir,aliked-lightglue-native-k8192,aliked,lightglue,native,8192,537,100_0010_0045.JPG,100_0010_0111.JPG,8192,8192,1056,768,0.7272727272727273,93.75,0.46875,0.34375,0.8404732942581177,False,ok,0.06205079999926966
D2_111_nadir,aliked-lightglue-native-k8192,aliked,lightglue,native,8192,538,100_0010_0046.JPG,100_0010_0047.JPG,8192,8192,3439,3351,0.9744111660366386,409.0576171875,0.890625,0.875,0.9822710752487183,False,ok,0.06880559999262914
D2_111_nadir,aliked-lightglue-native-k8192,aliked,lightglue,native,8192,539,100_0010_0046.JPG,100_0010_0048.JPG,8192,8192,2227,2067,0.9281544678940279,252.3193359375,0.625,0.625,0.95726078748703,False,ok,0.06428190000588074
D2_111_nadir,aliked-lightglue-native-k8192,aliked,lightglue,native,8192,540,100_0010_0046.JPG,100_0010_0049.JPG,8192,8192,1524,1320,0.8661417322834646,161.1328125,0.5,0.5,0.9181993007659912,False,ok,0.0614824999938719
D2_111_nadir,aliked-lightglue-native-k8192,aliked,lightglue,native,8192,541,100_0010_0046.JPG,100_0010_0050.JPG,8192,8192,868,673,0.7753456221198156,82.1533203125,0.25,0.25,0.854682445526123,False,ok,0.06048179999925196
D2_111_nadir,aliked-lightglue-native-k8192,aliked,lightglue,native,8192,542,100_0010_0046.JPG,100_0010_0051.JPG,8192,8192,393,225,0.5725190839694656,27.4658203125,0.125,0.140625,0.7650424242019653,False,ok,0.06354930000088643
D2_111_nadir,aliked-lightglue-native-k8192,aliked,lightglue,native,8192,543,100_0010_0046.JPG,100_0010_0052.JPG,8192,8192,409,245,0.5990220048899756,29.9072265625,0.109375,0.125,0.7726576328277588,False,ok,0.06254669999179896
D2_111_nadir,aliked-lightglue-native-k8192,aliked,lightglue,native,8192,544,100_0010_0046.JPG,100_0010_0053.JPG,8192,8192,392,251,0.6403061224489796,30.6396484375,0.109375,0.109375,0.7758907675743103,False,ok,0.06436930000199936
D2_111_nadir,aliked-lightglue-native-k8192,aliked,lightglue,native,8192,545,100_0010_0046.JPG,100_0010_0054.JPG,8192,8192,409,248,0.6063569682151589,30.2734375,0.109375,0.09375,0.7467448711395264,False,ok,0.08170219999738038
D2_111_nadir,aliked-lightglue-native-k8192,aliked,lightglue,native,8192,546,100_0010_0046.JPG,100_0010_0057.JPG,8192,8192,1911,1772,0.9272632129774987,216.30859375,0.5625,0.5625,0.9403942823410034,False,ok,0.06684060000407044
D2_111_nadir,aliked-lightglue-native-k8192,aliked,lightglue,native,8192,547,100_0010_0046.JPG,100_0010_0058.JPG,8192,8192,2678,2597,0.9697535474234503,317.0166015625,0.75,0.6875,0.9747900366783142,False,ok,0.07141600000613835
D2_111_nadir,aliked-lightglue-native-k8192,aliked,lightglue,native,8192,548,100_0010_0046.JPG,100_0010_0059.JPG,8192,8192,2562,2466,0.9625292740046838,301.025390625,0.75,0.75,0.9710981249809265,False,ok,0.07226620000437833
D2_111_nadir,aliked-lightglue-native-k8192,aliked,lightglue,native,8192,549,100_0010_0046.JPG,100_0010_0060.JPG,8192,8192,1776,1664,0.9369369369369369,203.125,0.5625,0.5625,0.9523038268089294,False,ok,0.06701250000332948
D2_111_nadir,aliked-lightglue-native-k8192,aliked,lightglue,native,8192,550,100_0010_0046.JPG,100_0010_0111.JPG,8192,8192,1499,1137,0.7585056704469646,138.7939453125,0.609375,0.4375,0.850117027759552,False,ok,0.07570300000952557
D2_111_nadir,aliked-lightglue-native-k8192,aliked,lightglue,native,8192,551,100_0010_0047.JPG,100_0010_0048.JPG,8192,8192,3236,3127,0.9663164400494437,381.7138671875,0.875,0.859375,0.970384418964386,False,ok,0.06779370000003837
D2_111_nadir,aliked-lightglue-native-k8192,aliked,lightglue,native,8192,552,100_0010_0047.JPG,100_0010_0049.JPG,8192,8192,2239,2048,0.9146940598481464,250.0,0.625,0.625,0.9391109347343445,False,ok,0.06600639999669511
D2_111_nadir,aliked-lightglue-native-k8192,aliked,lightglue,native,8192,553,100_0010_0047.JPG,100_0010_0050.JPG,8192,8192,1534,1273,0.8298565840938722,155.3955078125,0.5,0.484375,0.8756424784660339,False,ok,0.06056120000721421
D2_111_nadir,aliked-lightglue-native-k8192,aliked,lightglue,native,8192,554,100_0010_0047.JPG,100_0010_0051.JPG,8192,8192,989,729,0.737108190091001,88.9892578125,0.375,0.34375,0.8256173729896545,False,ok,0.0550812000001315
D2_111_nadir,aliked-lightglue-native-k8192,aliked,lightglue,native,8192,555,100_0010_0047.JPG,100_0010_0052.JPG,8192,8192,997,715,0.7171514543630892,87.2802734375,0.34375,0.3125,0.8303508162498474,False,ok,0.05999500000325497
D2_111_nadir,aliked-lightglue-native-k8192,aliked,lightglue,native,8192,556,100_0010_0047.JPG,100_0010_0053.JPG,8192,8192,875,641,0.7325714285714285,78.2470703125,0.3125,0.265625,0.8251745104789734,False,ok,0.05505059999995865
D2_111_nadir,aliked-lightglue-native-k8192,aliked,lightglue,native,8192,557,100_0010_0047.JPG,100_0010_0054.JPG,8192,8192,889,635,0.7142857142857143,77.5146484375,0.28125,0.265625,0.8223342895507812,False,ok,0.056118799999239855
D2_111_nadir,aliked-lightglue-native-k8192,aliked,lightglue,native,8192,558,100_0010_0047.JPG,100_0010_0055.JPG,8192,8192,1456,1176,0.8076923076923077,143.5546875,0.453125,0.40625,0.8554815053939819,False,ok,0.0646301999950083
D2_111_nadir,aliked-lightglue-native-k8192,aliked,lightglue,native,8192,559,100_0010_0047.JPG,100_0010_0056.JPG,8192,8192,1987,1795,0.9033719174635129,219.1162109375,0.5625,0.546875,0.9209845662117004,False,ok,0.06844760000240058
D2_111_nadir,aliked-lightglue-native-k8192,aliked,lightglue,native,8192,560,100_0010_0047.JPG,100_0010_0057.JPG,8192,8192,2561,2412,0.9418196017180789,294.43359375,0.75,0.6875,0.9482534527778625,False,ok,0.0716178000002401
D2_111_nadir,aliked-lightglue-native-k8192,aliked,lightglue,native,8192,561,100_0010_0047.JPG,100_0010_0058.JPG,8192,8192,2730,2612,0.9567765567765568,318.84765625,0.75,0.75,0.9657250046730042,False,ok,0.0720145999948727
D2_111_nadir,aliked-lightglue-native-k8192,aliked,lightglue,native,8192,562,100_0010_0047.JPG,100_0010_0059.JPG,8192,8192,1895,1743,0.9197889182058048,212.7685546875,0.5625,0.5625,0.9421520829200745,False,ok,0.06828969999332912
D2_111_nadir,aliked-lightglue-native-k8192,aliked,lightglue,native,8192,563,100_0010_0048.JPG,100_0010_0049.JPG,8192,8192,3388,3254,0.9604486422668241,397.216796875,0.875,0.875,0.9659183025360107,False,ok,0.06869519999600016
D2_111_nadir,aliked-lightglue-native-k8192,aliked,lightglue,native,8192,564,100_0010_0048.JPG,100_0010_0050.JPG,8192,8192,2338,2078,0.8887938408896493,253.662109375,0.625,0.625,0.928490400314331,False,ok,0.06666419999965001
D2_111_nadir,aliked-lightglue-native-k8192,aliked,lightglue,native,8192,565,100_0010_0048.JPG,100_0010_0051.JPG,8192,8192,1775,1457,0.8208450704225352,177.8564453125,0.5,0.5,0.8817996382713318,False,ok,0.06032400000549387
D2_111_nadir,aliked-lightglue-native-k8192,aliked,lightglue,native,8192,566,100_0010_0048.JPG,100_0010_0052.JPG,8192,8192,1644,1331,0.809610705596107,162.4755859375,0.46875,0.4375,0.8748941421508789,False,ok,0.06301769999845419
D2_111_nadir,aliked-lightglue-native-k8192,aliked,lightglue,native,8192,567,100_0010_0048.JPG,100_0010_0053.JPG,8192,8192,1413,1167,0.8259023354564756,142.4560546875,0.4375,0.390625,0.8826417922973633,False,ok,0.0632453999860445
D2_111_nadir,aliked-lightglue-native-k8192,aliked,lightglue,native,8192,568,100_0010_0048.JPG,100_0010_0054.JPG,8192,8192,1419,1115,0.7857646229739254,136.1083984375,0.375,0.375,0.8738217949867249,False,ok,0.06251740000152495
D2_111_nadir,aliked-lightglue-native-k8192,aliked,lightglue,native,8192,569,100_0010_0048.JPG,100_0010_0055.JPG,8192,8192,2004,1804,0.9001996007984032,220.21484375,0.5625,0.5625,0.9190247654914856,False,ok,0.06892859999788925
D2_111_nadir,aliked-lightglue-native-k8192,aliked,lightglue,native,8192,570,100_0010_0048.JPG,100_0010_0056.JPG,8192,8192,2539,2347,0.924379677038204,286.4990234375,0.734375,0.703125,0.9375516176223755,False,ok,0.07208790000004228
D2_111_nadir,aliked-lightglue-native-k8192,aliked,lightglue,native,8192,571,100_0010_0048.JPG,100_0010_0057.JPG,8192,8192,2545,2344,0.9210216110019647,286.1328125,0.75,0.75,0.93548184633255,False,ok,0.07380989998637233
D2_111_nadir,aliked-lightglue-native-k8192,aliked,lightglue,native,8192,572,100_0010_0048.JPG,100_0010_0058.JPG,8192,8192,1943,1746,0.8986103962943901,213.134765625,0.5625,0.5625,0.9284153580665588,False,ok,0.06581300000834744
D2_111_nadir,aliked-lightglue-native-k8192,aliked,lightglue,native,8192,573,100_0010_0049.JPG,100_0010_0050.JPG,8192,8192,3296,3155,0.9572208737864077,385.1318359375,0.875,0.875,0.9619426727294922,False,ok,0.06842280000273604
D2_111_nadir,aliked-lightglue-native-k8192,aliked,lightglue,native,8192,574,100_0010_0049.JPG,100_0010_0051.JPG,8192,8192,2459,2231,0.9072793818625458,272.3388671875,0.75,0.75,0.9382640719413757,False,ok,0.06884900000295602
D2_111_nadir,aliked-lightglue-native-k8192,aliked,lightglue,native,8192,575,100_0010_0049.JPG,100_0010_0052.JPG,8192,8192,2234,1997,0.8939122649955237,243.7744140625,0.65625,0.65625,0.9213515520095825,False,ok,0.06821749999653548
D2_111_nadir,aliked-lightglue-native-k8192,aliked,lightglue,native,8192,576,100_0010_0049.JPG,100_0010_0053.JPG,8192,8192,1899,1686,0.8878357030015798,205.810546875,0.609375,0.5625,0.907126784324646,False,ok,0.06767239999317098
D2_111_nadir,aliked-lightglue-native-k8192,aliked,lightglue,native,8192,577,100_0010_0049.JPG,100_0010_0054.JPG,8192,8192,1862,1632,0.8764769065520945,199.21875,0.5625,0.5625,0.9111163020133972,False,ok,0.06719110000994988
D2_111_nadir,aliked-lightglue-native-k8192,aliked,lightglue,native,8192,578,100_0010_0049.JPG,100_0010_0055.JPG,8192,8192,2506,2350,0.9377494014365523,286.865234375,0.71875,0.71875,0.9412848353385925,False,ok,0.07495130000461359
D2_111_nadir,aliked-lightglue-native-k8192,aliked,lightglue,native,8192,579,100_0010_0049.JPG,100_0010_0056.JPG,8192,8192,2576,2401,0.9320652173913043,293.0908203125,0.75,0.75,0.9429163932800293,False,ok,0.07540980000339914
D2_111_nadir,aliked-lightglue-native-k8192,aliked,lightglue,native,8192,580,100_0010_0049.JPG,100_0010_0057.JPG,8192,8192,2088,1778,0.8515325670498084,217.041015625,0.5625,0.5625,0.8910764455795288,False,ok,0.0732203999941703
D2_111_nadir,aliked-lightglue-native-k8192,aliked,lightglue,native,8192,581,100_0010_0050.JPG,100_0010_0051.JPG,8192,8192,3564,3444,0.9663299663299664,420.41015625,0.875,0.875,0.9730986952781677,False,ok,0.06800460000522435
D2_111_nadir,aliked-lightglue-native-k8192,aliked,lightglue,native,8192,582,100_0010_0050.JPG,100_0010_0052.JPG,8192,8192,3028,2877,0.9501321003963011,351.1962890625,0.765625,0.765625,0.9582796692848206,False,ok,0.07295679999515414
D2_111_nadir,aliked-lightglue-native-k8192,aliked,lightglue,native,8192,583,100_0010_0050.JPG,100_0010_0053.JPG,8192,8192,2464,2288,0.9285714285714286,279.296875,0.65625,0.65625,0.9357597231864929,False,ok,0.07542769999417942
D2_111_nadir,aliked-lightglue-native-k8192,aliked,lightglue,native,8192,584,100_0010_0050.JPG,100_0010_0054.JPG,8192,8192,2443,2213,0.9058534588620548,270.1416015625,0.671875,0.65625,0.92510586977005,False,ok,0.07501079999201465
D2_111_nadir,aliked-lightglue-native-k8192,aliked,lightglue,native,8192,585,100_0010_0050.JPG,100_0010_0055.JPG,8192,8192,2559,2335,0.9124658069558421,285.0341796875,0.75,0.75,0.92397141456604,False,ok,0.07781859999522567
D2_111_nadir,aliked-lightglue-native-k8192,aliked,lightglue,native,8192,586,100_0010_0050.JPG,100_0010_0056.JPG,8192,8192,1954,1697,0.868474923234391,207.1533203125,0.5625,0.5625,0.9031164050102234,False,ok,0.07200990000274032
D2_111_nadir,aliked-lightglue-native-k8192,aliked,lightglue,native,8192,587,100_0010_0050.JPG,100_0010_0057.JPG,8192,8192,1535,1196,0.7791530944625407,145.99609375,0.46875,0.46875,0.8537255525588989,False,ok,0.06679579999763519
D2_111_nadir,aliked-lightglue-native-k8192,aliked,lightglue,native,8192,588,100_0010_0050.JPG,100_0010_0058.JPG,8192,8192,943,702,0.7444326617179216,85.693359375,0.28125,0.28125,0.8345857858657837,False,ok,0.05894230000558309
D2_111_nadir,aliked-lightglue-native-k8192,aliked,lightglue,native,8192,589,100_0010_0051.JPG,100_0010_0052.JPG,8192,8192,3688,3566,0.9669197396963124,435.302734375,0.875,0.875,0.9674385786056519,False,ok,0.06792960000166204
D2_111_nadir,aliked-lightglue-native-k8192,aliked,lightglue,native,8192,590,100_0010_0051.JPG,100_0010_0053.JPG,8192,8192,2901,2700,0.9307135470527405,329.58984375,0.75,0.75,0.9418377876281738,False,ok,0.0750592999975197
D2_111_nadir,aliked-lightglue-native-k8192,aliked,lightglue,native,8192,591,100_0010_0051.JPG,100_0010_0054.JPG,8192,8192,2858,2639,0.9233729881035689,322.1435546875,0.75,0.75,0.9377447962760925,False,ok,0.07472250000864733
D2_111_nadir,aliked-lightglue-native-k8192,aliked,lightglue,native,8192,592,100_0010_0051.JPG,100_0010_0055.JPG,8192,8192,2099,1863,0.8875655073844688,227.4169921875,0.65625,0.65625,0.9080740213394165,False,ok,0.07343810000747908
D2_111_nadir,aliked-lightglue-native-k8192,aliked,lightglue,native,8192,593,100_0010_0051.JPG,100_0010_0056.JPG,8192,8192,1534,1283,0.8363754889178618,156.6162109375,0.46875,0.46875,0.8898524641990662,False,ok,0.06432950000453275
D2_111_nadir,aliked-lightglue-native-k8192,aliked,lightglue,native,8192,594,100_0010_0051.JPG,100_0010_0057.JPG,8192,8192,1207,863,0.7149958574979287,105.3466796875,0.375,0.375,0.8309354186058044,False,ok,0.06427629999234341
D2_111_nadir,aliked-lightglue-native-k8192,aliked,lightglue,native,8192,595,100_0010_0051.JPG,100_0010_0058.JPG,8192,8192,597,394,0.6599664991624791,48.095703125,0.171875,0.1875,0.7824816703796387,False,ok,0.058987100012018345
D2_111_nadir,aliked-lightglue-native-k8192,aliked,lightglue,native,8192,596,100_0010_0051.JPG,100_0010_0059.JPG,8192,8192,10,7,0.7,0.8544921875,0.078125,0.078125,0.2219734936952591,True,ok,0.14530570000351872
D2_111_nadir,aliked-lightglue-native-k8192,aliked,lightglue,native,8192,597,100_0010_0052.JPG,100_0010_0053.JPG,8192,8192,3804,3708,0.9747634069400631,452.63671875,0.921875,0.921875,0.9692828059196472,False,ok,0.068624000006821
D2_111_nadir,aliked-lightglue-native-k8192,aliked,lightglue,native,8192,598,100_0010_0052.JPG,100_0010_0054.JPG,8192,8192,3622,3505,0.9676974047487575,427.8564453125,0.875,0.875,0.9665961265563965,False,ok,0.06923300000198651
D2_111_nadir,aliked-lightglue-native-k8192,aliked,lightglue,native,8192,599,100_0010_0052.JPG,100_0010_0055.JPG,8192,8192,2619,2451,0.9358533791523482,299.1943359375,0.765625,0.765625,0.9465281963348389,False,ok,0.07508289998804685
D2_111_nadir,aliked-lightglue-native-k8192,aliked,lightglue,native,8192,600,100_0010_0052.JPG,100_0010_0056.JPG,8192,8192,1854,1557,0.8398058252427184,190.0634765625,0.546875,0.546875,0.8881005048751831,False,ok,0.06752850000339095
D2_111_nadir,aliked-lightglue-native-k8192,aliked,lightglue,native,8192,601,100_0010_0052.JPG,100_0010_0057.JPG,8192,8192,1447,1040,0.718728403593642,126.953125,0.4375,0.4375,0.8329592943191528,False,ok,0.06794430001173168
D2_111_nadir,aliked-lightglue-native-k8192,aliked,lightglue,native,8192,602,100_0010_0052.JPG,100_0010_0058.JPG,8192,8192,696,495,0.7112068965517241,60.4248046875,0.203125,0.21875,0.7947322726249695,False,ok,0.0548657000035746
D2_111_nadir,aliked-lightglue-native-k8192,aliked,lightglue,native,8192,603,100_0010_0052.JPG,100_0010_0059.JPG,8192,8192,35,18,0.5142857142857142,2.197265625,0.03125,0.046875,0.4892997145652771,False,ok,0.1456214999925578
D2_111_nadir,aliked-lightglue-native-k8192,aliked,lightglue,native,8192,604,100_0010_0052.JPG,100_0010_0060.JPG,8192,8192,15,8,0.5333333333333333,0.9765625,0.078125,0.0625,0.194821298122406,True,ok,0.14523380000900943
D2_111_nadir,aliked-lightglue-native-k8192,aliked,lightglue,native,8192,605,100_0010_0052.JPG,100_0010_0084.JPG,8192,8192,1978,1726,0.8725985844287159,210.693359375,0.625,0.625,0.8999137878417969,False,ok,0.07157430000370368
D2_111_nadir,aliked-lightglue-native-k8192,aliked,lightglue,native,8192,606,100_0010_0052.JPG,100_0010_0085.JPG,8192,8192,2120,1880,0.8867924528301887,229.4921875,0.625,0.625,0.9112383127212524,False,ok,0.07219769999210257
D2_111_nadir,aliked-lightglue-native-k8192,aliked,lightglue,native,8192,607,100_0010_0053.JPG,100_0010_0054.JPG,8192,8192,4542,4493,0.9892118009687363,548.4619140625,1.0,1.0,0.9877287745475769,False,ok,0.0683679000067059
D2_111_nadir,aliked-lightglue-native-k8192,aliked,lightglue,native,8192,608,100_0010_0053.JPG,100_0010_0055.JPG,8192,8192,2974,2825,0.9498991257565568,344.8486328125,0.875,0.859375,0.9626379609107971,False,ok,0.07437990000471473
D2_111_nadir,aliked-lightglue-native-k8192,aliked,lightglue,native,8192,609,100_0010_0053.JPG,100_0010_0056.JPG,8192,8192,2107,1821,0.8642619838633128,222.2900390625,0.625,0.640625,0.9011577367782593,False,ok,0.06818870001006871
D2_111_nadir,aliked-lightglue-native-k8192,aliked,lightglue,native,8192,610,100_0010_0053.JPG,100_0010_0057.JPG,8192,8192,1627,1177,0.7234173325138291,143.6767578125,0.5,0.484375,0.8358429670333862,False,ok,0.06887220000498928
D2_111_nadir,aliked-lightglue-native-k8192,aliked,lightglue,native,8192,611,100_0010_0053.JPG,100_0010_0058.JPG,8192,8192,772,536,0.694300518134715,65.4296875,0.25,0.25,0.8057264685630798,False,ok,0.055048500013072044
D2_111_nadir,aliked-lightglue-native-k8192,aliked,lightglue,native,8192,612,100_0010_0053.JPG,100_0010_0059.JPG,8192,8192,9,7,0.7777777777777778,0.8544921875,0.109375,0.09375,0.15944118797779083,True,ok,0.14555139999720268
D2_111_nadir,aliked-lightglue-native-k8192,aliked,lightglue,native,8192,613,100_0010_0053.JPG,100_0010_0060.JPG,8192,8192,6,0,0.0,0.0,0.0,0.0,0.23727697134017944,True,too_few_matches,0.1446424999885494
D2_111_nadir,aliked-lightglue-native-k8192,aliked,lightglue,native,8192,614,100_0010_0053.JPG,100_0010_0061.JPG,8192,8192,6,0,0.0,0.0,0.0,0.0,0.1681424379348755,True,too_few_matches,0.14469869999447837
D2_111_nadir,aliked-lightglue-native-k8192,aliked,lightglue,native,8192,615,100_0010_0053.JPG,100_0010_0083.JPG,8192,8192,1858,1599,0.8606027987082885,195.1904296875,0.5625,0.5625,0.8943906426429749,False,ok,0.07069389999378473
D2_111_nadir,aliked-lightglue-native-k8192,aliked,lightglue,native,8192,616,100_0010_0053.JPG,100_0010_0084.JPG,8192,8192,2445,2238,0.9153374233128835,273.193359375,0.75,0.75,0.931533694267273,False,ok,0.07730889999947976
D2_111_nadir,aliked-lightglue-native-k8192,aliked,lightglue,native,8192,617,100_0010_0053.JPG,100_0010_0085.JPG,8192,8192,2601,2419,0.9300269127258747,295.2880859375,0.75,0.75,0.9350146651268005,False,ok,0.0754536000022199
D2_111_nadir,aliked-lightglue-native-k8192,aliked,lightglue,native,8192,618,100_0010_0054.JPG,100_0010_0055.JPG,8192,8192,3018,2846,0.9430086149768059,347.412109375,0.875,0.859375,0.9620503783226013,False,ok,0.0721919999923557
D2_111_nadir,aliked-lightglue-native-k8192,aliked,lightglue,native,8192,619,100_0010_0054.JPG,100_0010_0056.JPG,8192,8192,2134,1848,0.865979381443299,225.5859375,0.625,0.625,0.9095534682273865,False,ok,0.06824619999679271
D2_111_nadir,aliked-lightglue-native-k8192,aliked,lightglue,native,8192,620,100_0010_0054.JPG,100_0010_0057.JPG,8192,8192,1641,1205,0.7343083485679464,147.0947265625,0.5,0.484375,0.8461851477622986,False,ok,0.06976280000526458
D2_111_nadir,aliked-lightglue-native-k8192,aliked,lightglue,native,8192,621,100_0010_0054.JPG,100_0010_0058.JPG,8192,8192,823,575,0.6986634264884569,70.1904296875,0.25,0.25,0.8088180422782898,False,ok,0.055078799996408634
D2_111_nadir,aliked-lightglue-native-k8192,aliked,lightglue,native,8192,622,100_0010_0054.JPG,100_0010_0059.JPG,8192,8192,154,65,0.42207792207792205,7.9345703125,0.125,0.109375,0.5761306285858154,False,ok,0.12437890000001062
D2_111_nadir,aliked-lightglue-native-k8192,aliked,lightglue,native,8192,623,100_0010_0054.JPG,100_0010_0060.JPG,8192,8192,8,0,0.0,0.0,0.0,0.0,0.26771682500839233,True,no_model,0.14458619999641087
D2_111_nadir,aliked-lightglue-native-k8192,aliked,lightglue,native,8192,624,100_0010_0054.JPG,100_0010_0061.JPG,8192,8192,10,7,0.7,0.8544921875,0.109375,0.09375,0.22094574570655823,True,ok,0.14543620000767987
D2_111_nadir,aliked-lightglue-native-k8192,aliked,lightglue,native,8192,625,100_0010_0054.JPG,100_0010_0062.JPG,8192,8192,8,0,0.0,0.0,0.0,0.0,0.22896532714366913,True,no_model,0.14557599999534432
D2_111_nadir,aliked-lightglue-native-k8192,aliked,lightglue,native,8192,626,100_0010_0054.JPG,100_0010_0083.JPG,8192,8192,1869,1629,0.8715890850722311,198.8525390625,0.5625,0.5625,0.9017189741134644,False,ok,0.06981040000391658
D2_111_nadir,aliked-lightglue-native-k8192,aliked,lightglue,native,8192,627,100_0010_0054.JPG,100_0010_0084.JPG,8192,8192,2472,2291,0.926779935275081,279.6630859375,0.75,0.75,0.9393253326416016,False,ok,0.07796519999101292
D2_111_nadir,aliked-lightglue-native-k8192,aliked,lightglue,native,8192,628,100_0010_0054.JPG,100_0010_0085.JPG,8192,8192,2657,2471,0.9299962363567934,301.6357421875,0.75,0.75,0.9362338185310364,False,ok,0.0774779000057606
D2_111_nadir,aliked-lightglue-native-k8192,aliked,lightglue,native,8192,629,100_0010_0054.JPG,100_0010_0086.JPG,8192,8192,2022,1782,0.8813056379821959,217.529296875,0.625,0.625,0.9000565409660339,False,ok,0.07429899999988265
D2_111_nadir,aliked-lightglue-native-k8192,aliked,lightglue,native,8192,630,100_0010_0054.JPG,100_0010_0087.JPG,8192,8192,1543,1303,0.8444588464031109,159.0576171875,0.5,0.5,0.8657568097114563,False,ok,0.07013569999253377
D2_111_nadir,aliked-lightglue-native-k8192,aliked,lightglue,native,8192,631,100_0010_0054.JPG,100_0010_0088.JPG,8192,8192,1486,1267,0.8526244952893675,154.6630859375,0.5,0.5,0.8749498724937439,False,ok,0.06821870000567287
D2_111_nadir,aliked-lightglue-native-k8192,aliked,lightglue,native,8192,632,100_0010_0055.JPG,100_0010_0056.JPG,8192,8192,3243,3094,0.9540548874498921,377.685546875,0.875,0.875,0.9611565470695496,False,ok,0.06834679999155924
D2_111_nadir,aliked-lightglue-native-k8192,aliked,lightglue,native,8192,633,100_0010_0055.JPG,100_0010_0057.JPG,8192,8192,2307,2027,0.8786302557433897,247.4365234375,0.6875,0.65625,0.9245122671127319,False,ok,0.06899290000728797
D2_111_nadir,aliked-lightglue-native-k8192,aliked,lightglue,native,8192,634,100_0010_0055.JPG,100_0010_0058.JPG,8192,8192,1541,1305,0.8468526930564568,159.3017578125,0.5,0.5,0.8922929763793945,False,ok,0.06034519999229815
D2_111_nadir,aliked-lightglue-native-k8192,aliked,lightglue,native,8192,635,100_0010_0055.JPG,100_0010_0059.JPG,8192,8192,833,637,0.7647058823529411,77.7587890625,0.28125,0.265625,0.8372018933296204,False,ok,0.05887139998958446
D2_111_nadir,aliked-lightglue-native-k8192,aliked,lightglue,native,8192,636,100_0010_0055.JPG,100_0010_0060.JPG,8192,8192,234,119,0.5085470085470085,14.5263671875,0.125,0.125,0.6767575740814209,False,ok,0.06520309999177698
D2_111_nadir,aliked-lightglue-native-k8192,aliked,lightglue,native,8192,637,100_0010_0055.JPG,100_0010_0061.JPG,8192,8192,10,8,0.8,0.9765625,0.078125,0.0625,0.16103334724903107,True,ok,0.14614369999617338
D2_111_nadir,aliked-lightglue-native-k8192,aliked,lightglue,native,8192,638,100_0010_0055.JPG,100_0010_0062.JPG,8192,8192,6,0,0.0,0.0,0.0,0.0,0.15611319243907928,True,too_few_matches,0.12615749999531545
D2_111_nadir,aliked-lightglue-native-k8192,aliked,lightglue,native,8192,639,100_0010_0055.JPG,100_0010_0063.JPG,8192,8192,13,8,0.6153846153846154,0.9765625,0.109375,0.109375,0.23324529826641083,True,ok,0.12886160000925884
D2_111_nadir,aliked-lightglue-native-k8192,aliked,lightglue,native,8192,640,100_0010_0055.JPG,100_0010_0082.JPG,8192,8192,2087,1818,0.8711068519405846,221.923828125,0.625,0.625,0.9080925583839417,False,ok,0.07141429999319371
D2_111_nadir,aliked-lightglue-native-k8192,aliked,lightglue,native,8192,641,100_0010_0055.JPG,100_0010_0083.JPG,8192,8192,2651,2411,0.90946812523576,294.3115234375,0.75,0.75,0.9275780916213989,False,ok,0.07691370000247844
D2_111_nadir,aliked-lightglue-native-k8192,aliked,lightglue,native,8192,642,100_0010_0055.JPG,100_0010_0084.JPG,8192,8192,2364,2119,0.8963620981387479,258.6669921875,0.65625,0.65625,0.9134449362754822,False,ok,0.07538270000077318
D2_111_nadir,aliked-lightglue-native-k8192,aliked,lightglue,native,8192,643,100_0010_0055.JPG,100_0010_0085.JPG,8192,8192,2113,1859,0.8797917652626597,226.9287109375,0.640625,0.640625,0.9062869548797607,False,ok,0.07350539999606553
D2_111_nadir,aliked-lightglue-native-k8192,aliked,lightglue,native,8192,644,100_0010_0055.JPG,100_0010_0086.JPG,8192,8192,1674,1413,0.8440860215053764,172.4853515625,0.53125,0.546875,0.8809131979942322,False,ok,0.07116269999823999
D2_111_nadir,aliked-lightglue-native-k8192,aliked,lightglue,native,8192,645,100_0010_0056.JPG,100_0010_0057.JPG,8192,8192,3237,3092,0.955205437133148,377.44140625,0.875,0.890625,0.9618801474571228,False,ok,0.06847500000731088
D2_111_nadir,aliked-lightglue-native-k8192,aliked,lightglue,native,8192,646,100_0010_0056.JPG,100_0010_0058.JPG,8192,8192,2227,2052,0.921418949259093,250.48828125,0.625,0.625,0.9482930302619934,False,ok,0.06395599999814294
D2_111_nadir,aliked-lightglue-native-k8192,aliked,lightglue,native,8192,647,100_0010_0056.JPG,100_0010_0059.JPG,8192,8192,1361,1169,0.8589272593681117,142.7001953125,0.5,0.5,0.91492760181427,False,ok,0.061876200008555315
D2_111_nadir,aliked-lightglue-native-k8192,aliked,lightglue,native,8192,648,100_0010_0056.JPG,100_0010_0060.JPG,8192,8192,744,539,0.7244623655913979,65.7958984375,0.25,0.265625,0.8058770298957825,False,ok,0.05781860000570305
D2_111_nadir,aliked-lightglue-native-k8192,aliked,lightglue,native,8192,649,100_0010_0056.JPG,100_0010_0061.JPG,8192,8192,189,84,0.4444444444444444,10.25390625,0.140625,0.140625,0.6105780005455017,False,ok,0.07014659998822026
D2_111_nadir,aliked-lightglue-native-k8192,aliked,lightglue,native,8192,650,100_0010_0056.JPG,100_0010_0062.JPG,8192,8192,19,9,0.47368421052631576,1.0986328125,0.09375,0.140625,0.20802994072437286,True,ok,0.10775629999989178
D2_111_nadir,aliked-lightglue-native-k8192,aliked,lightglue,native,8192,651,100_0010_0056.JPG,100_0010_0063.JPG,8192,8192,19,8,0.42105263157894735,0.9765625,0.125,0.09375,0.20113028585910797,True,ok,0.10819739999715239
D2_111_nadir,aliked-lightglue-native-k8192,aliked,lightglue,native,8192,652,100_0010_0056.JPG,100_0010_0064.JPG,8192,8192,9,7,0.7777777777777778,0.8544921875,0.109375,0.109375,0.1727440059185028,True,ok,0.12516920000780374
D2_111_nadir,aliked-lightglue-native-k8192,aliked,lightglue,native,8192,653,100_0010_0056.JPG,100_0010_0081.JPG,8192,8192,2054,1830,0.8909444985394352,223.388671875,0.5625,0.578125,0.9180809259414673,False,ok,0.07250639999983832
D2_111_nadir,aliked-lightglue-native-k8192,aliked,lightglue,native,8192,654,100_0010_0056.JPG,100_0010_0082.JPG,8192,8192,2673,2443,0.9139543583988028,298.2177734375,0.75,0.75,0.9271075129508972,False,ok,0.07710699999006465
D2_111_nadir,aliked-lightglue-native-k8192,aliked,lightglue,native,8192,655,100_0010_0056.JPG,100_0010_0083.JPG,8192,8192,2410,2204,0.9145228215767635,269.04296875,0.65625,0.65625,0.9254864454269409,False,ok,0.07529580000846181
D2_111_nadir,aliked-lightglue-native-k8192,aliked,lightglue,native,8192,656,100_0010_0056.JPG,100_0010_0084.JPG,8192,8192,1860,1593,0.8564516129032258,194.4580078125,0.5625,0.5625,0.8980873823165894,False,ok,0.0685961999988649
D2_111_nadir,aliked-lightglue-native-k8192,aliked,lightglue,native,8192,657,100_0010_0056.JPG,100_0010_0085.JPG,8192,8192,1632,1324,0.8112745098039216,161.62109375,0.46875,0.46875,0.8701961040496826,False,ok,0.06669690000126138
D2_111_nadir,aliked-lightglue-native-k8192,aliked,lightglue,native,8192,658,100_0010_0057.JPG,100_0010_0058.JPG,8192,8192,3220,3116,0.9677018633540373,380.37109375,0.875,0.875,0.9751803278923035,False,ok,0.06844149999960791
D2_111_nadir,aliked-lightglue-native-k8192,aliked,lightglue,native,8192,659,100_0010_0057.JPG,100_0010_0059.JPG,8192,8192,2009,1858,0.9248382279741165,226.806640625,0.625,0.625,0.9617006778717041,False,ok,0.0646277000050759
D2_111_nadir,aliked-lightglue-native-k8192,aliked,lightglue,native,8192,660,100_0010_0057.JPG,100_0010_0060.JPG,8192,8192,1261,1070,0.8485329103885805,130.615234375,0.5,0.5,0.9023309946060181,False,ok,0.059361099993111566
D2_111_nadir,aliked-lightglue-native-k8192,aliked,lightglue,native,8192,661,100_0010_0057.JPG,100_0010_0061.JPG,8192,8192,738,557,0.7547425474254743,67.9931640625,0.25,0.265625,0.8338542580604553,False,ok,0.056154300007619895
D2_111_nadir,aliked-lightglue-native-k8192,aliked,lightglue,native,8192,662,100_0010_0057.JPG,100_0010_0062.JPG,8192,8192,239,94,0.39330543933054396,11.474609375,0.140625,0.140625,0.6091521978378296,False,ok,0.0660284000041429
D2_111_nadir,aliked-lightglue-native-k8192,aliked,lightglue,native,8192,663,100_0010_0057.JPG,100_0010_0063.JPG,8192,8192,22,9,0.4090909090909091,1.0986328125,0.125,0.109375,0.21222306787967682,True,ok,0.10987860000750516
D2_111_nadir,aliked-lightglue-native-k8192,aliked,lightglue,native,8192,664,100_0010_0057.JPG,100_0010_0064.JPG,8192,8192,4,0,0.0,0.0,0.0,0.0,0.1847842037677765,True,too_few_matches,0.13023680000333115
D2_111_nadir,aliked-lightglue-native-k8192,aliked,lightglue,native,8192,665,100_0010_0057.JPG,100_0010_0065.JPG,8192,8192,5,0,0.0,0.0,0.0,0.0,0.3095635771751404,True,too_few_matches,0.12468950000766199
D2_111_nadir,aliked-lightglue-native-k8192,aliked,lightglue,native,8192,666,100_0010_0057.JPG,100_0010_0080.JPG,8192,8192,1845,1696,0.9192411924119241,207.03125,0.5625,0.546875,0.9363393783569336,False,ok,0.06607069999154191
D2_111_nadir,aliked-lightglue-native-k8192,aliked,lightglue,native,8192,667,100_0010_0057.JPG,100_0010_0081.JPG,8192,8192,2621,2480,0.9462037390309043,302.734375,0.75,0.734375,0.9524157047271729,False,ok,0.0697989000036614
D2_111_nadir,aliked-lightglue-native-k8192,aliked,lightglue,native,8192,668,100_0010_0057.JPG,100_0010_0082.JPG,8192,8192,2413,2217,0.918773311230833,270.6298828125,0.65625,0.65625,0.9300330281257629,False,ok,0.07359030000225175
D2_111_nadir,aliked-lightglue-native-k8192,aliked,lightglue,native,8192,669,100_0010_0057.JPG,100_0010_0083.JPG,8192,8192,1890,1598,0.8455026455026455,195.068359375,0.5625,0.5625,0.881277322769165,False,ok,0.06941290000395384
D2_111_nadir,aliked-lightglue-native-k8192,aliked,lightglue,native,8192,670,100_0010_0058.JPG,100_0010_0059.JPG,8192,8192,3283,3197,0.9738044471519951,390.2587890625,0.875,0.875,0.9803465008735657,False,ok,0.06925570000021253
D2_111_nadir,aliked-lightglue-native-k8192,aliked,lightglue,native,8192,671,100_0010_0058.JPG,100_0010_0060.JPG,8192,8192,2092,1956,0.9349904397705545,238.76953125,0.625,0.625,0.963498592376709,False,ok,0.06631869998818729
D2_111_nadir,aliked-lightglue-native-k8192,aliked,lightglue,native,8192,672,100_0010_0058.JPG,100_0010_0061.JPG,8192,8192,1425,1253,0.8792982456140351,152.9541015625,0.5,0.5,0.9235795140266418,False,ok,0.060977100001764484
D2_111_nadir,aliked-lightglue-native-k8192,aliked,lightglue,native,8192,673,100_0010_0058.JPG,100_0010_0062.JPG,8192,8192,810,642,0.7925925925925926,78.369140625,0.25,0.25,0.8622487187385559,False,ok,0.05923909999546595
D2_111_nadir,aliked-lightglue-native-k8192,aliked,lightglue,native,8192,674,100_0010_0058.JPG,100_0010_0063.JPG,8192,8192,237,118,0.4978902953586498,14.404296875,0.125,0.125,0.6232489347457886,False,ok,0.06893520000448916
D2_111_nadir,aliked-lightglue-native-k8192,aliked,lightglue,native,8192,675,100_0010_0058.JPG,100_0010_0064.JPG,8192,8192,10,8,0.8,0.9765625,0.125,0.109375,0.19302886724472046,True,ok,0.1271310000010999
D2_111_nadir,aliked-lightglue-native-k8192,aliked,lightglue,native,8192,676,100_0010_0058.JPG,100_0010_0065.JPG,8192,8192,24,9,0.375,1.0986328125,0.140625,0.078125,0.22859273850917816,True,ok,0.10596149999764748
D2_111_nadir,aliked-lightglue-native-k8192,aliked,lightglue,native,8192,677,100_0010_0058.JPG,100_0010_0066.JPG,8192,8192,26,9,0.34615384615384615,1.0986328125,0.109375,0.125,0.18210308253765106,True,ok,0.10676209999655839
D2_111_nadir,aliked-lightglue-native-k8192,aliked,lightglue,native,8192,678,100_0010_0058.JPG,100_0010_0079.JPG,8192,8192,1799,1652,0.9182879377431906,201.66015625,0.59375,0.5625,0.9398350119590759,False,ok,0.06748280000465456
D2_111_nadir,aliked-lightglue-native-k8192,aliked,lightglue,native,8192,679,100_0010_0058.JPG,100_0010_0080.JPG,8192,8192,2632,2505,0.9517477203647416,305.7861328125,0.71875,0.75,0.9652271866798401,False,ok,0.06943200000387151
D2_111_nadir,aliked-lightglue-native-k8192,aliked,lightglue,native,8192,680,100_0010_0058.JPG,100_0010_0081.JPG,8192,8192,2532,2417,0.9545813586097947,295.0439453125,0.671875,0.65625,0.9551255702972412,False,ok,0.07003469999472145
D2_111_nadir,aliked-lightglue-native-k8192,aliked,lightglue,native,8192,681,100_0010_0058.JPG,100_0010_0082.JPG,8192,8192,1827,1648,0.9020251778872469,201.171875,0.5625,0.5625,0.9193246364593506,False,ok,0.06333840001025237
D2_111_nadir,aliked-lightglue-native-k8192,aliked,lightglue,native,8192,682,100_0010_0059.JPG,100_0010_0060.JPG,8192,8192,3200,3120,0.975,380.859375,0.875,0.875,0.9815320372581482,False,ok,0.06774640000367071
D2_111_nadir,aliked-lightglue-native-k8192,aliked,lightglue,native,8192,683,100_0010_0059.JPG,100_0010_0061.JPG,8192,8192,2127,2004,0.9421720733427362,244.62890625,0.625,0.625,0.9636881351470947,False,ok,0.06679679999069776
D2_111_nadir,aliked-lightglue-native-k8192,aliked,lightglue,native,8192,684,100_0010_0059.JPG,100_0010_0062.JPG,8192,8192,1397,1217,0.8711524695776665,148.5595703125,0.5,0.5,0.9224951267242432,False,ok,0.0658294000022579
D2_111_nadir,aliked-lightglue-native-k8192,aliked,lightglue,native,8192,685,100_0010_0059.JPG,100_0010_0063.JPG,8192,8192,946,758,0.8012684989429175,92.529296875,0.25,0.25,0.8621676564216614,False,ok,0.06053859999519773
D2_111_nadir,aliked-lightglue-native-k8192,aliked,lightglue,native,8192,686,100_0010_0059.JPG,100_0010_0064.JPG,8192,8192,187,95,0.5080213903743316,11.5966796875,0.125,0.125,0.6371391415596008,False,ok,0.10332760000892449
D2_111_nadir,aliked-lightglue-native-k8192,aliked,lightglue,native,8192,687,100_0010_0059.JPG,100_0010_0065.JPG,8192,8192,6,0,0.0,0.0,0.0,0.0,0.3169591426849365,True,too_few_matches,0.1256652000010945
D2_111_nadir,aliked-lightglue-native-k8192,aliked,lightglue,native,8192,688,100_0010_0059.JPG,100_0010_0066.JPG,8192,8192,15,8,0.5333333333333333,0.9765625,0.09375,0.109375,0.22431330382823944,True,ok,0.10709160000260454
D2_111_nadir,aliked-lightglue-native-k8192,aliked,lightglue,native,8192,689,100_0010_0059.JPG,100_0010_0067.JPG,8192,8192,8,7,0.875,0.8544921875,0.109375,0.078125,0.19374459981918335,True,ok,0.1272532000002684
D2_111_nadir,aliked-lightglue-native-k8192,aliked,lightglue,native,8192,690,100_0010_0059.JPG,100_0010_0078.JPG,8192,8192,1707,1582,0.9267721148213239,193.115234375,0.5625,0.546875,0.9486210346221924,False,ok,0.06873479999194387
D2_111_nadir,aliked-lightglue-native-k8192,aliked,lightglue,native,8192,691,100_0010_0059.JPG,100_0010_0079.JPG,8192,8192,2473,2346,0.9486453699959563,286.376953125,0.75,0.75,0.9609558582305908,False,ok,0.07188350000069477
D2_111_nadir,aliked-lightglue-native-k8192,aliked,lightglue,native,8192,692,100_0010_0059.JPG,100_0010_0080.JPG,8192,8192,2423,2313,0.9546017333883615,282.3486328125,0.65625,0.65625,0.9619588255882263,False,ok,0.06866650001029484
D2_111_nadir,aliked-lightglue-native-k8192,aliked,lightglue,native,8192,693,100_0010_0059.JPG,100_0010_0081.JPG,8192,8192,1867,1705,0.9132297803963578,208.1298828125,0.5625,0.546875,0.9321501851081848,False,ok,0.06612809999205638
D2_111_nadir,aliked-lightglue-native-k8192,aliked,lightglue,native,8192,694,100_0010_0059.JPG,100_0010_0110.JPG,8192,8192,1436,1171,0.8154596100278552,142.9443359375,0.71875,0.46875,0.8945286870002747,False,ok,0.06685570000263397
D2_111_nadir,aliked-lightglue-native-k8192,aliked,lightglue,native,8192,695,100_0010_0059.JPG,100_0010_0111.JPG,8192,8192,1162,909,0.7822719449225474,110.9619140625,0.484375,0.421875,0.8603516221046448,False,ok,0.06420999999681953
D2_111_nadir,aliked-lightglue-native-k8192,aliked,lightglue,native,8192,696,100_0010_0060.JPG,100_0010_0061.JPG,8192,8192,3279,3189,0.9725526075022873,389.2822265625,0.875,0.875,0.9802030920982361,False,ok,0.06821569999738131
D2_111_nadir,aliked-lightglue-native-k8192,aliked,lightglue,native,8192,697,100_0010_0060.JPG,100_0010_0062.JPG,8192,8192,2224,2085,0.9375,254.5166015625,0.625,0.625,0.9687210321426392,False,ok,0.06745459999365266
D2_111_nadir,aliked-lightglue-native-k8192,aliked,lightglue,native,8192,698,100_0010_0060.JPG,100_0010_0063.JPG,8192,8192,1572,1372,0.8727735368956743,167.48046875,0.5,0.5,0.930182933807373,False,ok,0.06472360000771005
D2_111_nadir,aliked-lightglue-native-k8192,aliked,lightglue,native,8192,699,100_0010_0060.JPG,100_0010_0064.JPG,8192,8192,931,722,0.7755102040816326,88.134765625,0.25,0.25,0.8508475422859192,False,ok,0.05887110000185203
D2_111_nadir,aliked-lightglue-native-k8192,aliked,lightglue,native,8192,700,100_0010_0060.JPG,100_0010_0065.JPG,8192,8192,116,44,0.3793103448275862,5.37109375,0.125,0.125,0.5496566891670227,False,ok,0.11789490000228398
D2_111_nadir,aliked-lightglue-native-k8192,aliked,lightglue,native,8192,701,100_0010_0060.JPG,100_0010_0066.JPG,8192,8192,6,0,0.0,0.0,0.0,0.0,0.16520282626152039,True,too_few_matches,0.10628629999700934
D2_111_nadir,aliked-lightglue-native-k8192,aliked,lightglue,native,8192,702,100_0010_0060.JPG,100_0010_0067.JPG,8192,8192,5,0,0.0,0.0,0.0,0.0,0.16707953810691833,True,too_few_matches,0.14491849999467377
D2_111_nadir,aliked-lightglue-native-k8192,aliked,lightglue,native,8192,703,100_0010_0060.JPG,100_0010_0068.JPG,8192,8192,0,0,0.0,0.0,0.0,0.0,0.0,True,no_matches,0.14440419999300502
D2_111_nadir,aliked-lightglue-native-k8192,aliked,lightglue,native,8192,704,100_0010_0060.JPG,100_0010_0078.JPG,8192,8192,2511,2348,0.9350856232576663,286.62109375,0.75,0.71875,0.9511284828186035,False,ok,0.06834869999147486
D2_111_nadir,aliked-lightglue-native-k8192,aliked,lightglue,native,8192,705,100_0010_0060.JPG,100_0010_0079.JPG,8192,8192,2307,2195,0.9514521022973559,267.9443359375,0.65625,0.65625,0.9639846682548523,False,ok,0.06888250001065899
D2_111_nadir,aliked-lightglue-native-k8192,aliked,lightglue,native,8192,706,100_0010_0060.JPG,100_0010_0080.JPG,8192,8192,1758,1615,0.9186575654152446,197.1435546875,0.5625,0.5625,0.9397305846214294,False,ok,0.06681389998993836
D2_111_nadir,aliked-lightglue-native-k8192,aliked,lightglue,native,8192,707,100_0010_0060.JPG,100_0010_0109.JPG,8192,8192,1296,1036,0.7993827160493827,126.46484375,0.625,0.484375,0.880376935005188,False,ok,0.06791899999370798
D2_111_nadir,aliked-lightglue-native-k8192,aliked,lightglue,native,8192,708,100_0010_0060.JPG,100_0010_0110.JPG,8192,8192,1063,809,0.7610536218250236,98.7548828125,0.484375,0.375,0.8456106781959534,False,ok,0.06114019999222364
D2_111_nadir,aliked-lightglue-native-k8192,aliked,lightglue,native,8192,709,100_0010_0060.JPG,100_0010_0111.JPG,8192,8192,736,524,0.7119565217391305,63.96484375,0.328125,0.3125,0.8207775354385376,False,ok,0.058089800004381686
D2_111_nadir,aliked-lightglue-native-k8192,aliked,lightglue,native,8192,710,100_0010_0061.JPG,100_0010_0062.JPG,8192,8192,3233,3152,0.9749458707083204,384.765625,0.875,0.875,0.9818639755249023,False,ok,0.0687610000022687
D2_111_nadir,aliked-lightglue-native-k8192,aliked,lightglue,native,8192,711,100_0010_0061.JPG,100_0010_0063.JPG,8192,8192,2266,2130,0.9399823477493381,260.009765625,0.625,0.625,0.9652594327926636,False,ok,0.06957409999449737
D2_111_nadir,aliked-lightglue-native-k8192,aliked,lightglue,native,8192,712,100_0010_0061.JPG,100_0010_0064.JPG,8192,8192,1491,1328,0.8906773977196513,162.109375,0.5,0.5,0.9337571859359741,False,ok,0.06368350000411738
D2_111_nadir,aliked-lightglue-native-k8192,aliked,lightglue,native,8192,713,100_0010_0061.JPG,100_0010_0065.JPG,8192,8192,865,686,0.793063583815029,83.740234375,0.25,0.25,0.8483338952064514,False,ok,0.05881470000895206
D2_111_nadir,aliked-lightglue-native-k8192,aliked,lightglue,native,8192,714,100_0010_0061.JPG,100_0010_0066.JPG,8192,8192,77,31,0.4025974025974026,3.7841796875,0.09375,0.09375,0.49678152799606323,False,ok,0.14466130000073463
D2_111_nadir,aliked-lightglue-native-k8192,aliked,lightglue,native,8192,715,100_0010_0061.JPG,100_0010_0067.JPG,8192,8192,4,0,0.0,0.0,0.0,0.0,0.22557827830314636,True,too_few_matches,0.14509399999224115
D2_111_nadir,aliked-lightglue-native-k8192,aliked,lightglue,native,8192,716,100_0010_0061.JPG,100_0010_0068.JPG,8192,8192,14,8,0.5714285714285714,0.9765625,0.125,0.125,0.19295303523540497,True,ok,0.10630090000631753
D2_111_nadir,aliked-lightglue-native-k8192,aliked,lightglue,native,8192,717,100_0010_0061.JPG,100_0010_0069.JPG,8192,8192,12,8,0.6666666666666666,0.9765625,0.109375,0.125,0.15128256380558014,True,ok,0.10668519999308046
D2_111_nadir,aliked-lightglue-native-k8192,aliked,lightglue,native,8192,718,100_0010_0061.JPG,100_0010_0077.JPG,8192,8192,2400,2228,0.9283333333333333,271.97265625,0.75,0.75,0.9477964043617249,False,ok,0.06888809999509249
D2_111_nadir,aliked-lightglue-native-k8192,aliked,lightglue,native,8192,719,100_0010_0061.JPG,100_0010_0078.JPG,8192,8192,2375,2237,0.9418947368421052,273.0712890625,0.65625,0.625,0.9514408111572266,False,ok,0.06831770000280812
D2_111_nadir,aliked-lightglue-native-k8192,aliked,lightglue,native,8192,720,100_0010_0061.JPG,100_0010_0079.JPG,8192,8192,1755,1614,0.9196581196581196,197.021484375,0.5625,0.53125,0.9448608756065369,False,ok,0.06625290001102258
D2_111_nadir,aliked-lightglue-native-k8192,aliked,lightglue,native,8192,721,100_0010_0061.JPG,100_0010_0108.JPG,8192,8192,1339,1048,0.7826736370425691,127.9296875,0.625,0.46875,0.8651086688041687,False,ok,0.06595329999981914
D2_111_nadir,aliked-lightglue-native-k8192,aliked,lightglue,native,8192,722,100_0010_0061.JPG,100_0010_0109.JPG,8192,8192,1039,830,0.7988450433108758,101.318359375,0.484375,0.359375,0.8701339960098267,False,ok,0.057931399991502985
D2_111_nadir,aliked-lightglue-native-k8192,aliked,lightglue,native,8192,723,100_0010_0061.JPG,100_0010_0110.JPG,8192,8192,707,541,0.7652050919377652,66.0400390625,0.296875,0.234375,0.8402361273765564,False,ok,0.053115400005481206
D2_111_nadir,aliked-lightglue-native-k8192,aliked,lightglue,native,8192,724,100_0010_0061.JPG,100_0010_0111.JPG,8192,8192,342,218,0.6374269005847953,26.611328125,0.125,0.125,0.7694987654685974,False,ok,0.06269299999985378
D2_111_nadir,aliked-lightglue-native-k8192,aliked,lightglue,native,8192,725,100_0010_0062.JPG,100_0010_0063.JPG,8192,8192,3280,3197,0.9746951219512195,390.2587890625,0.875,0.875,0.983475387096405,False,ok,0.06862499999988358
D2_111_nadir,aliked-lightglue-native-k8192,aliked,lightglue,native,8192,726,100_0010_0062.JPG,100_0010_0064.JPG,8192,8192,2247,2093,0.9314641744548287,255.4931640625,0.625,0.640625,0.9549573063850403,False,ok,0.06821960001252592
D2_111_nadir,aliked-lightglue-native-k8192,aliked,lightglue,native,8192,727,100_0010_0062.JPG,100_0010_0065.JPG,8192,8192,1443,1283,0.8891198891198892,156.6162109375,0.5,0.5,0.9296585917472839,False,ok,0.06488419999368489
D2_111_nadir,aliked-lightglue-native-k8192,aliked,lightglue,native,8192,728,100_0010_0062.JPG,100_0010_0066.JPG,8192,8192,879,722,0.8213879408418657,88.134765625,0.25,0.25,0.87330162525177,False,ok,0.05624869999883231
D2_111_nadir,aliked-lightglue-native-k8192,aliked,lightglue,native,8192,729,100_0010_0062.JPG,100_0010_0067.JPG,8192,8192,9,7,0.7777777777777778,0.8544921875,0.109375,0.109375,0.1701882928609848,True,ok,0.12596530000155326
D2_111_nadir,aliked-lightglue-native-k8192,aliked,lightglue,native,8192,730,100_0010_0062.JPG,100_0010_0068.JPG,8192,8192,4,0,0.0,0.0,0.0,0.0,0.12796008586883545,True,too_few_matches,0.12551739999616984
D2_111_nadir,aliked-lightglue-native-k8192,aliked,lightglue,native,8192,731,100_0010_0062.JPG,100_0010_0069.JPG,8192,8192,23,9,0.391304347826087,1.0986328125,0.109375,0.140625,0.2340283840894699,True,ok,0.10829220000596251
D2_111_nadir,aliked-lightglue-native-k8192,aliked,lightglue,native,8192,732,100_0010_0062.JPG,100_0010_0070.JPG,8192,8192,21,8,0.38095238095238093,0.9765625,0.109375,0.109375,0.20453904569149017,True,ok,0.10818859998835251
D2_111_nadir,aliked-lightglue-native-k8192,aliked,lightglue,native,8192,733,100_0010_0062.JPG,100_0010_0076.JPG,8192,8192,2282,2150,0.9421560035056967,262.451171875,0.75,0.75,0.960554301738739,False,ok,0.06918109999969602
D2_111_nadir,aliked-lightglue-native-k8192,aliked,lightglue,native,8192,734,100_0010_0062.JPG,100_0010_0077.JPG,8192,8192,2298,2182,0.9495213228894691,266.357421875,0.65625,0.65625,0.9613881707191467,False,ok,0.06872239999938756
D2_111_nadir,aliked-lightglue-native-k8192,aliked,lightglue,native,8192,735,100_0010_0062.JPG,100_0010_0078.JPG,8192,8192,1887,1724,0.913619501854796,210.44921875,0.5625,0.546875,0.9419721364974976,False,ok,0.06817759999830741
D2_111_nadir,aliked-lightglue-native-k8192,aliked,lightglue,native,8192,736,100_0010_0062.JPG,100_0010_0107.JPG,8192,8192,1245,983,0.7895582329317269,119.9951171875,0.484375,0.421875,0.863352358341217,False,ok,0.0659899000020232
D2_111_nadir,aliked-lightglue-native-k8192,aliked,lightglue,native,8192,737,100_0010_0062.JPG,100_0010_0108.JPG,8192,8192,1068,797,0.7462546816479401,97.2900390625,0.359375,0.359375,0.8556674122810364,False,ok,0.05838289999519475
D2_111_nadir,aliked-lightglue-native-k8192,aliked,lightglue,native,8192,738,100_0010_0062.JPG,100_0010_0109.JPG,8192,8192,648,480,0.7407407407407407,58.59375,0.265625,0.25,0.8311423063278198,False,ok,0.05382380000082776
D2_111_nadir,aliked-lightglue-native-k8192,aliked,lightglue,native,8192,739,100_0010_0062.JPG,100_0010_0110.JPG,8192,8192,277,140,0.5054151624548736,17.08984375,0.140625,0.15625,0.6543570756912231,False,ok,0.06430199999886099
D2_111_nadir,aliked-lightglue-native-k8192,aliked,lightglue,native,8192,740,100_0010_0062.JPG,100_0010_0111.JPG,8192,8192,8,7,0.875,0.8544921875,0.09375,0.09375,0.22417116165161133,True,ok,0.12582739999925252
D2_111_nadir,aliked-lightglue-native-k8192,aliked,lightglue,native,8192,741,100_0010_0063.JPG,100_0010_0064.JPG,8192,8192,3199,3108,0.9715536105032823,379.39453125,0.875,0.84375,0.9809964299201965,False,ok,0.0693401000025915
D2_111_nadir,aliked-lightglue-native-k8192,aliked,lightglue,native,8192,742,100_0010_0063.JPG,100_0010_0065.JPG,8192,8192,2200,2012,0.9145454545454546,245.60546875,0.625,0.625,0.9456408619880676,False,ok,0.06845749999047257
D2_111_nadir,aliked-lightglue-native-k8192,aliked,lightglue,native,8192,743,100_0010_0063.JPG,100_0010_0066.JPG,8192,8192,1555,1383,0.8893890675241157,168.8232421875,0.5,0.4375,0.9344343543052673,False,ok,0.059808599995449185
D2_111_nadir,aliked-lightglue-native-k8192,aliked,lightglue,native,8192,744,100_0010_0063.JPG,100_0010_0067.JPG,8192,8192,837,646,0.7718040621266428,78.857421875,0.25,0.25,0.8509494066238403,False,ok,0.05855329999758396
D2_111_nadir,aliked-lightglue-native-k8192,aliked,lightglue,native,8192,745,100_0010_0063.JPG,100_0010_0068.JPG,8192,8192,217,119,0.5483870967741935,14.5263671875,0.125,0.125,0.6801753640174866,False,ok,0.06336109999392647
D2_111_nadir,aliked-lightglue-native-k8192,aliked,lightglue,native,8192,746,100_0010_0063.JPG,100_0010_0069.JPG,8192,8192,193,111,0.5751295336787565,13.5498046875,0.109375,0.109375,0.7198687195777893,False,ok,0.0681864000071073
D2_111_nadir,aliked-lightglue-native-k8192,aliked,lightglue,native,8192,747,100_0010_0063.JPG,100_0010_0070.JPG,8192,8192,179,100,0.5586592178770949,12.20703125,0.09375,0.09375,0.6735817790031433,False,ok,0.06890070000372361
D2_111_nadir,aliked-lightglue-native-k8192,aliked,lightglue,native,8192,748,100_0010_0063.JPG,100_0010_0071.JPG,8192,8192,305,178,0.5836065573770491,21.728515625,0.109375,0.09375,0.7280710935592651,False,ok,0.06169299999601208
D2_111_nadir,aliked-lightglue-native-k8192,aliked,lightglue,native,8192,749,100_0010_0063.JPG,100_0010_0075.JPG,8192,8192,2347,2201,0.9377929271410311,268.6767578125,0.75,0.734375,0.9496847987174988,False,ok,0.06770810000307392
D2_111_nadir,aliked-lightglue-native-k8192,aliked,lightglue,native,8192,750,100_0010_0063.JPG,100_0010_0076.JPG,8192,8192,2344,2215,0.9449658703071673,270.3857421875,0.65625,0.671875,0.9534063339233398,False,ok,0.0687616000068374
D2_111_nadir,aliked-lightglue-native-k8192,aliked,lightglue,native,8192,751,100_0010_0063.JPG,100_0010_0106.JPG,8192,8192,1131,846,0.7480106100795756,103.271484375,0.453125,0.296875,0.8533543944358826,False,ok,0.06445140000141691
D2_111_nadir,aliked-lightglue-native-k8192,aliked,lightglue,native,8192,752,100_0010_0063.JPG,100_0010_0107.JPG,8192,8192,989,759,0.7674418604651163,92.6513671875,0.34375,0.3125,0.8463628888130188,False,ok,0.05867569999827538
D2_111_nadir,aliked-lightglue-native-k8192,aliked,lightglue,native,8192,753,100_0010_0063.JPG,100_0010_0108.JPG,8192,8192,627,440,0.7017543859649122,53.7109375,0.234375,0.234375,0.8048520684242249,False,ok,0.05466049999813549
D2_111_nadir,aliked-lightglue-native-k8192,aliked,lightglue,native,8192,754,100_0010_0063.JPG,100_0010_0109.JPG,8192,8192,16,8,0.5,0.9765625,0.109375,0.109375,0.250858873128891,True,ok,0.10706439999921713
D2_111_nadir,aliked-lightglue-native-k8192,aliked,lightglue,native,8192,755,100_0010_0063.JPG,100_0010_0110.JPG,8192,8192,11,8,0.7272727272727273,0.9765625,0.0625,0.125,0.34758222103118896,True,ok,0.12629649999144021
D2_111_nadir,aliked-lightglue-native-k8192,aliked,lightglue,native,8192,756,100_0010_0063.JPG,100_0010_0111.JPG,8192,8192,16,8,0.5,0.9765625,0.125,0.109375,0.23262643814086914,True,ok,0.10647819998848718
D2_111_nadir,aliked-lightglue-native-k8192,aliked,lightglue,native,8192,757,100_0010_0064.JPG,100_0010_0065.JPG,8192,8192,3089,2938,0.9511168662997734,358.642578125,0.875,0.890625,0.9619680643081665,False,ok,0.06948320000083186
D2_111_nadir,aliked-lightglue-native-k8192,aliked,lightglue,native,8192,758,100_0010_0064.JPG,100_0010_0066.JPG,8192,8192,2287,2076,0.9077393965894185,253.41796875,0.625,0.625,0.9342429041862488,False,ok,0.07083880000573117
D2_111_nadir,aliked-lightglue-native-k8192,aliked,lightglue,native,8192,759,100_0010_0064.JPG,100_0010_0067.JPG,8192,8192,1504,1198,0.7965425531914894,146.240234375,0.5,0.484375,0.867818295955658,False,ok,0.0635727000044426
D2_111_nadir,aliked-lightglue-native-k8192,aliked,lightglue,native,8192,760,100_0010_0064.JPG,100_0010_0068.JPG,8192,8192,1005,714,0.7104477611940299,87.158203125,0.34375,0.359375,0.8100993633270264,False,ok,0.06364410000969656
D2_111_nadir,aliked-lightglue-native-k8192,aliked,lightglue,native,8192,761,100_0010_0064.JPG,100_0010_0069.JPG,8192,8192,869,597,0.6869965477560415,72.8759765625,0.3125,0.328125,0.7916250228881836,False,ok,0.0588900000002468
D2_111_nadir,aliked-lightglue-native-k8192,aliked,lightglue,native,8192,762,100_0010_0064.JPG,100_0010_0070.JPG,8192,8192,775,548,0.7070967741935484,66.89453125,0.28125,0.265625,0.8047516942024231,False,ok,0.057858300002408214
D2_111_nadir,aliked-lightglue-native-k8192,aliked,lightglue,native,8192,763,100_0010_0064.JPG,100_0010_0071.JPG,8192,8192,829,589,0.7104945717732207,71.8994140625,0.28125,0.28125,0.8164972066879272,False,ok,0.057596500002546236
D2_111_nadir,aliked-lightglue-native-k8192,aliked,lightglue,native,8192,764,100_0010_0064.JPG,100_0010_0072.JPG,8192,8192,1377,1131,0.8213507625272332,138.0615234375,0.46875,0.453125,0.8737771511077881,False,ok,0.06633020000299439
D2_111_nadir,aliked-lightglue-native-k8192,aliked,lightglue,native,8192,765,100_0010_0064.JPG,100_0010_0074.JPG,8192,8192,2328,2168,0.9312714776632303,264.6484375,0.75,0.734375,0.9443435072898865,False,ok,0.07198870000138413
D2_111_nadir,aliked-lightglue-native-k8192,aliked,lightglue,native,8192,766,100_0010_0064.JPG,100_0010_0075.JPG,8192,8192,2202,2074,0.9418710263396912,253.173828125,0.65625,0.6875,0.951618492603302,False,ok,0.0697572999924887
D2_111_nadir,aliked-lightglue-native-k8192,aliked,lightglue,native,8192,767,100_0010_0064.JPG,100_0010_0106.JPG,8192,8192,746,532,0.7131367292225201,64.94140625,0.21875,0.21875,0.8098385334014893,False,ok,0.06138090000604279
D2_111_nadir,aliked-lightglue-native-k8192,aliked,lightglue,native,8192,768,100_0010_0064.JPG,100_0010_0107.JPG,8192,8192,400,244,0.61,29.78515625,0.109375,0.109375,0.7573665380477905,False,ok,0.05906670000695158
D2_111_nadir,aliked-lightglue-native-k8192,aliked,lightglue,native,8192,769,100_0010_0064.JPG,100_0010_0108.JPG,8192,8192,2,0,0.0,0.0,0.0,0.0,0.15132230520248413,True,too_few_matches,0.1340113000042038
D2_111_nadir,aliked-lightglue-native-k8192,aliked,lightglue,native,8192,770,100_0010_0064.JPG,100_0010_0109.JPG,8192,8192,4,0,0.0,0.0,0.0,0.0,0.12474630028009415,True,too_few_matches,0.12557039999228436
D2_111_nadir,aliked-lightglue-native-k8192,aliked,lightglue,native,8192,771,100_0010_0065.JPG,100_0010_0066.JPG,8192,8192,3271,3137,0.959033934576582,382.9345703125,0.875,0.859375,0.9632768630981445,False,ok,0.07468159998825286
D2_111_nadir,aliked-lightglue-native-k8192,aliked,lightglue,native,8192,772,100_0010_0065.JPG,100_0010_0067.JPG,8192,8192,2302,2052,0.891398783666377,250.48828125,0.625,0.625,0.9181732535362244,False,ok,0.07131509999453556
D2_111_nadir,aliked-lightglue-native-k8192,aliked,lightglue,native,8192,773,100_0010_0065.JPG,100_0010_0068.JPG,8192,8192,1896,1499,0.7906118143459916,182.9833984375,0.5,0.5,0.8668318390846252,False,ok,0.07223849999718368
D2_111_nadir,aliked-lightglue-native-k8192,aliked,lightglue,native,8192,774,100_0010_0065.JPG,100_0010_0069.JPG,8192,8192,1507,1204,0.7989382879893829,146.97265625,0.4375,0.4375,0.8601205348968506,False,ok,0.06507299999066163
D2_111_nadir,aliked-lightglue-native-k8192,aliked,lightglue,native,8192,775,100_0010_0065.JPG,100_0010_0070.JPG,8192,8192,1281,1007,0.7861046057767369,122.9248046875,0.375,0.375,0.8528863191604614,False,ok,0.06353690000833012
D2_111_nadir,aliked-lightglue-native-k8192,aliked,lightglue,native,8192,776,100_0010_0065.JPG,100_0010_0071.JPG,8192,8192,1272,1002,0.7877358490566038,122.314453125,0.46875,0.375,0.8650097250938416,False,ok,0.06399150000652298
D2_111_nadir,aliked-lightglue-native-k8192,aliked,lightglue,native,8192,777,100_0010_0065.JPG,100_0010_0072.JPG,8192,8192,1942,1713,0.8820803295571575,209.1064453125,0.5625,0.5625,0.9134033918380737,False,ok,0.06833230001211632
D2_111_nadir,aliked-lightglue-native-k8192,aliked,lightglue,native,8192,778,100_0010_0065.JPG,100_0010_0073.JPG,8192,8192,2403,2223,0.9250936329588015,271.3623046875,0.75,0.75,0.9360034465789795,False,ok,0.07272989999910351
D2_111_nadir,aliked-lightglue-native-k8192,aliked,lightglue,native,8192,779,100_0010_0065.JPG,100_0010_0074.JPG,8192,8192,2176,2011,0.9241727941176471,245.4833984375,0.65625,0.671875,0.9363064765930176,False,ok,0.07208519999403507
D2_111_nadir,aliked-lightglue-native-k8192,aliked,lightglue,native,8192,780,100_0010_0065.JPG,100_0010_0105.JPG,8192,8192,553,353,0.6383363471971067,43.0908203125,0.1875,0.1875,0.7579336166381836,False,ok,0.06473399999958929
D2_111_nadir,aliked-lightglue-native-k8192,aliked,lightglue,native,8192,781,100_0010_0065.JPG,100_0010_0106.JPG,8192,8192,211,98,0.46445497630331756,11.962890625,0.09375,0.109375,0.6307464241981506,False,ok,0.0711509999964619
D2_111_nadir,aliked-lightglue-native-k8192,aliked,lightglue,native,8192,782,100_0010_0065.JPG,100_0010_0107.JPG,8192,8192,2,0,0.0,0.0,0.0,0.0,0.14100533723831177,True,too_few_matches,0.14546729999710806
D2_111_nadir,aliked-lightglue-native-k8192,aliked,lightglue,native,8192,783,100_0010_0065.JPG,100_0010_0108.JPG,8192,8192,5,0,0.0,0.0,0.0,0.0,0.1966162472963333,True,too_few_matches,0.14717209999798797
D2_111_nadir,aliked-lightglue-native-k8192,aliked,lightglue,native,8192,784,100_0010_0066.JPG,100_0010_0067.JPG,8192,8192,3056,2879,0.9420811518324608,351.4404296875,0.875,0.875,0.9554831385612488,False,ok,0.07305639999685809
D2_111_nadir,aliked-lightglue-native-k8192,aliked,lightglue,native,8192,785,100_0010_0066.JPG,100_0010_0068.JPG,8192,8192,2438,2145,0.8798195242001641,261.8408203125,0.734375,0.75,0.9120118618011475,False,ok,0.07132089999504387
D2_111_nadir,aliked-lightglue-native-k8192,aliked,lightglue,native,8192,786,100_0010_0066.JPG,100_0010_0069.JPG,8192,8192,2007,1724,0.8589935226706528,210.44921875,0.640625,0.65625,0.8927916288375854,False,ok,0.0713703999936115
D2_111_nadir,aliked-lightglue-native-k8192,aliked,lightglue,native,8192,787,100_0010_0066.JPG,100_0010_0070.JPG,8192,8192,1748,1427,0.8163615560640732,174.1943359375,0.5625,0.5625,0.8621513843536377,False,ok,0.07029839999449905
D2_111_nadir,aliked-lightglue-native-k8192,aliked,lightglue,native,8192,788,100_0010_0066.JPG,100_0010_0071.JPG,8192,8192,1794,1442,0.8037904124860646,176.025390625,0.5625,0.5625,0.8605969548225403,False,ok,0.07006480000563897
D2_111_nadir,aliked-lightglue-native-k8192,aliked,lightglue,native,8192,789,100_0010_0066.JPG,100_0010_0072.JPG,8192,8192,2474,2243,0.9066289409862571,273.8037109375,0.75,0.734375,0.9213715195655823,False,ok,0.07239199998730328
D2_111_nadir,aliked-lightglue-native-k8192,aliked,lightglue,native,8192,790,100_0010_0066.JPG,100_0010_0073.JPG,8192,8192,2350,2165,0.9212765957446809,264.2822265625,0.671875,0.6875,0.9287471771240234,False,ok,0.07193580000603106
D2_111_nadir,aliked-lightglue-native-k8192,aliked,lightglue,native,8192,791,100_0010_0066.JPG,100_0010_0074.JPG,8192,8192,1831,1630,0.8902239213544512,198.974609375,0.5625,0.5625,0.9183669686317444,False,ok,0.06834699999308214
D2_111_nadir,aliked-lightglue-native-k8192,aliked,lightglue,native,8192,792,100_0010_0066.JPG,100_0010_0105.JPG,8192,8192,6,0,0.0,0.0,0.0,0.0,0.19291061162948608,True,too_few_matches,0.14359549999062438
D2_111_nadir,aliked-lightglue-native-k8192,aliked,lightglue,native,8192,793,100_0010_0066.JPG,100_0010_0106.JPG,8192,8192,13,8,0.6153846153846154,0.9765625,0.109375,0.09375,0.17961883544921875,True,ok,0.14446179999504238
D2_111_nadir,aliked-lightglue-native-k8192,aliked,lightglue,native,8192,794,100_0010_0066.JPG,100_0010_0107.JPG,8192,8192,8,7,0.875,0.8544921875,0.09375,0.09375,0.22646449506282806,True,ok,0.14562700000533368
D2_111_nadir,aliked-lightglue-native-k8192,aliked,lightglue,native,8192,795,100_0010_0067.JPG,100_0010_0068.JPG,8192,8192,3427,3227,0.9416399182958857,393.9208984375,0.953125,0.921875,0.953952968120575,False,ok,0.07504820000031032
D2_111_nadir,aliked-lightglue-native-k8192,aliked,lightglue,native,8192,796,100_0010_0067.JPG,100_0010_0069.JPG,8192,8192,2786,2543,0.9127781765972721,310.4248046875,0.828125,0.78125,0.9259464144706726,False,ok,0.07797630000277422
D2_111_nadir,aliked-lightglue-native-k8192,aliked,lightglue,native,8192,797,100_0010_0067.JPG,100_0010_0070.JPG,8192,8192,2395,2073,0.8655532359081419,253.0517578125,0.734375,0.71875,0.8962917923927307,False,ok,0.07503369999176357
D2_111_nadir,aliked-lightglue-native-k8192,aliked,lightglue,native,8192,798,100_0010_0067.JPG,100_0010_0071.JPG,8192,8192,2416,2087,0.8638245033112583,254.7607421875,0.734375,0.71875,0.8944084644317627,False,ok,0.07485119999910239
D2_111_nadir,aliked-lightglue-native-k8192,aliked,lightglue,native,8192,799,100_0010_0067.JPG,100_0010_0072.JPG,8192,8192,2466,2175,0.8819951338199513,265.5029296875,0.65625,0.671875,0.9057000279426575,False,ok,0.07361859999946319
D2_111_nadir,aliked-lightglue-native-k8192,aliked,lightglue,native,8192,800,100_0010_0067.JPG,100_0010_0073.JPG,8192,8192,1951,1690,0.8662224500256279,206.298828125,0.5625,0.5625,0.8952754139900208,False,ok,0.06876540000666864
D2_111_nadir,aliked-lightglue-native-k8192,aliked,lightglue,native,8192,801,100_0010_0067.JPG,100_0010_0074.JPG,8192,8192,1529,1219,0.7972531066056245,148.8037109375,0.375,0.375,0.8611912131309509,False,ok,0.06337479999638163
D2_111_nadir,aliked-lightglue-native-k8192,aliked,lightglue,native,8192,802,100_0010_0067.JPG,100_0010_0075.JPG,8192,8192,1025,749,0.7307317073170732,91.4306640625,0.265625,0.28125,0.8413320779800415,False,ok,0.05720509999082424
D2_111_nadir,aliked-lightglue-native-k8192,aliked,lightglue,native,8192,803,100_0010_0068.JPG,100_0010_0069.JPG,8192,8192,3387,3180,0.9388839681133747,388.18359375,0.890625,0.875,0.9391160607337952,False,ok,0.07962390000466257
D2_111_nadir,aliked-lightglue-native-k8192,aliked,lightglue,native,8192,804,100_0010_0068.JPG,100_0010_0070.JPG,8192,8192,2886,2542,0.8808038808038808,310.302734375,0.734375,0.75,0.902523934841156,False,ok,0.0778407000034349
D2_111_nadir,aliked-lightglue-native-k8192,aliked,lightglue,native,8192,805,100_0010_0068.JPG,100_0010_0071.JPG,8192,8192,2782,2471,0.8882099209202013,301.6357421875,0.71875,0.75,0.8978082537651062,False,ok,0.07718200000817887
D2_111_nadir,aliked-lightglue-native-k8192,aliked,lightglue,native,8192,806,100_0010_0068.JPG,100_0010_0072.JPG,8192,8192,2134,1847,0.8655107778819119,225.4638671875,0.578125,0.609375,0.896862268447876,False,ok,0.07106200000271201
D2_111_nadir,aliked-lightglue-native-k8192,aliked,lightglue,native,8192,807,100_0010_0068.JPG,100_0010_0073.JPG,8192,8192,1616,1332,0.8242574257425742,162.59765625,0.46875,0.453125,0.8797667622566223,False,ok,0.06630009999207687
D2_111_nadir,aliked-lightglue-native-k8192,aliked,lightglue,native,8192,808,100_0010_0068.JPG,100_0010_0074.JPG,8192,8192,1117,842,0.7538048343777977,102.783203125,0.28125,0.28125,0.8227347731590271,False,ok,0.059519700007513165
D2_111_nadir,aliked-lightglue-native-k8192,aliked,lightglue,native,8192,809,100_0010_0068.JPG,100_0010_0075.JPG,8192,8192,465,296,0.6365591397849463,36.1328125,0.15625,0.171875,0.7435684204101562,False,ok,0.06134669999300968
D2_111_nadir,aliked-lightglue-native-k8192,aliked,lightglue,native,8192,810,100_0010_0068.JPG,100_0010_0076.JPG,8192,8192,3,0,0.0,0.0,0.0,0.0,0.14833016693592072,True,too_few_matches,0.14482639999187086
D2_111_nadir,aliked-lightglue-native-k8192,aliked,lightglue,native,8192,811,100_0010_0069.JPG,100_0010_0070.JPG,8192,8192,3761,3585,0.9532039351236373,437.6220703125,0.875,0.875,0.9496574997901917,False,ok,0.07601079999585636
D2_111_nadir,aliked-lightglue-native-k8192,aliked,lightglue,native,8192,812,100_0010_0069.JPG,100_0010_0071.JPG,8192,8192,3636,3458,0.9510451045104511,422.119140625,0.890625,0.875,0.9532172679901123,False,ok,0.1017071000096621
D2_111_nadir,aliked-lightglue-native-k8192,aliked,lightglue,native,8192,813,100_0010_0069.JPG,100_0010_0072.JPG,8192,8192,2548,2279,0.8944270015698587,278.1982421875,0.6875,0.71875,0.9242156147956848,False,ok,0.08817000000271946
D2_111_nadir,aliked-lightglue-native-k8192,aliked,lightglue,native,8192,814,100_0010_0069.JPG,100_0010_0073.JPG,8192,8192,1841,1549,0.8413905486148832,189.0869140625,0.53125,0.53125,0.8937946557998657,False,ok,0.0889311000064481
D2_111_nadir,aliked-lightglue-native-k8192,aliked,lightglue,native,8192,815,100_0010_0069.JPG,100_0010_0074.JPG,8192,8192,1288,1023,0.7942546583850931,124.8779296875,0.328125,0.34375,0.855980634689331,False,ok,0.06804600000032224
D2_111_nadir,aliked-lightglue-native-k8192,aliked,lightglue,native,8192,816,100_0010_0069.JPG,100_0010_0075.JPG,8192,8192,613,392,0.6394779771615008,47.8515625,0.21875,0.21875,0.773970365524292,False,ok,0.05542279999644961
D2_111_nadir,aliked-lightglue-native-k8192,aliked,lightglue,native,8192,817,100_0010_0069.JPG,100_0010_0076.JPG,8192,8192,7,0,0.0,0.0,0.0,0.0,0.2044040411710739,True,too_few_matches,0.1448573999950895
D2_111_nadir,aliked-lightglue-native-k8192,aliked,lightglue,native,8192,818,100_0010_0069.JPG,100_0010_0077.JPG,8192,8192,6,0,0.0,0.0,0.0,0.0,0.2646864652633667,True,too_few_matches,0.14564830000745133
D2_111_nadir,aliked-lightglue-native-k8192,aliked,lightglue,native,8192,819,100_0010_0069.JPG,100_0010_0101.JPG,8192,8192,2197,1820,0.8284023668639053,222.16796875,0.625,0.5625,0.8711881041526794,False,ok,0.0812937000009697
D2_111_nadir,aliked-lightglue-native-k8192,aliked,lightglue,native,8192,820,100_0010_0069.JPG,100_0010_0102.JPG,8192,8192,2294,1882,0.8204010462074979,229.736328125,0.625,0.546875,0.8699869513511658,False,ok,0.08104049999383278
D2_111_nadir,aliked-lightglue-native-k8192,aliked,lightglue,native,8192,821,100_0010_0069.JPG,100_0010_0103.JPG,8192,8192,9,7,0.7777777777777778,0.8544921875,0.109375,0.09375,0.1492975801229477,True,ok,0.14594950000173412
D2_111_nadir,aliked-lightglue-native-k8192,aliked,lightglue,native,8192,822,100_0010_0069.JPG,100_0010_0104.JPG,8192,8192,13,7,0.5384615384615384,0.8544921875,0.109375,0.109375,0.23976784944534302,True,ok,0.12592979999317322
D2_111_nadir,aliked-lightglue-native-k8192,aliked,lightglue,native,8192,823,100_0010_0069.JPG,100_0010_0105.JPG,8192,8192,20,9,0.45,1.0986328125,0.140625,0.109375,0.18429559469223022,True,ok,0.1784029999980703
D2_111_nadir,aliked-lightglue-native-k8192,aliked,lightglue,native,8192,824,100_0010_0069.JPG,100_0010_0106.JPG,8192,8192,21,9,0.42857142857142855,1.0986328125,0.125,0.109375,0.15176965296268463,True,ok,0.17250590000185184
D2_111_nadir,aliked-lightglue-native-k8192,aliked,lightglue,native,8192,825,100_0010_0070.JPG,100_0010_0071.JPG,8192,8192,4346,4205,0.9675563736769444,513.3056640625,1.0,1.0,0.9698357582092285,False,ok,0.06905769999139011
D2_111_nadir,aliked-lightglue-native-k8192,aliked,lightglue,native,8192,826,100_0010_0070.JPG,100_0010_0072.JPG,8192,8192,2823,2594,0.9188806234502302,316.650390625,0.8125,0.828125,0.9333513975143433,False,ok,0.07260040000255685
D2_111_nadir,aliked-lightglue-native-k8192,aliked,lightglue,native,8192,827,100_0010_0070.JPG,100_0010_0073.JPG,8192,8192,1936,1594,0.8233471074380165,194.580078125,0.59375,0.609375,0.8852292895317078,False,ok,0.0659319999977015
D2_111_nadir,aliked-lightglue-native-k8192,aliked,lightglue,native,8192,828,100_0010_0070.JPG,100_0010_0074.JPG,8192,8192,1319,1006,0.7626990144048522,122.802734375,0.359375,0.375,0.8481326103210449,False,ok,0.06057999999029562
D2_111_nadir,aliked-lightglue-native-k8192,aliked,lightglue,native,8192,829,100_0010_0070.JPG,100_0010_0075.JPG,8192,8192,664,426,0.641566265060241,52.001953125,0.21875,0.25,0.7592471241950989,False,ok,0.05462860000261571
D2_111_nadir,aliked-lightglue-native-k8192,aliked,lightglue,native,8192,830,100_0010_0070.JPG,100_0010_0076.JPG,8192,8192,9,7,0.7777777777777778,0.8544921875,0.109375,0.0625,0.20037774741649628,True,ok,0.12528350000502542
D2_111_nadir,aliked-lightglue-native-k8192,aliked,lightglue,native,8192,831,100_0010_0070.JPG,100_0010_0077.JPG,8192,8192,10,7,0.7,0.8544921875,0.0625,0.0625,0.20248043537139893,True,ok,0.1259176000021398
D2_111_nadir,aliked-lightglue-native-k8192,aliked,lightglue,native,8192,832,100_0010_0070.JPG,100_0010_0078.JPG,8192,8192,4,0,0.0,0.0,0.0,0.0,0.21651962399482727,True,too_few_matches,0.1261510000040289
D2_111_nadir,aliked-lightglue-native-k8192,aliked,lightglue,native,8192,833,100_0010_0070.JPG,100_0010_0100.JPG,8192,8192,1822,1448,0.7947310647639956,176.7578125,0.53125,0.5,0.8574716448783875,False,ok,0.0713398999942001
D2_111_nadir,aliked-lightglue-native-k8192,aliked,lightglue,native,8192,834,100_0010_0070.JPG,100_0010_0101.JPG,8192,8192,2455,2117,0.8623217922606925,258.4228515625,0.75,0.6875,0.8865727782249451,False,ok,0.09974780000629835
D2_111_nadir,aliked-lightglue-native-k8192,aliked,lightglue,native,8192,835,100_0010_0070.JPG,100_0010_0102.JPG,8192,8192,2553,2230,0.8734821778300039,272.216796875,0.75,0.6875,0.8899261355400085,False,ok,0.0887413999880664
D2_111_nadir,aliked-lightglue-native-k8192,aliked,lightglue,native,8192,836,100_0010_0070.JPG,100_0010_0103.JPG,8192,8192,5,0,0.0,0.0,0.0,0.0,0.19125740230083466,True,too_few_matches,0.14131990000896621
D2_111_nadir,aliked-lightglue-native-k8192,aliked,lightglue,native,8192,837,100_0010_0070.JPG,100_0010_0104.JPG,8192,8192,26,9,0.34615384615384615,1.0986328125,0.125,0.09375,0.23079140484333038,True,ok,0.10709169998881407
D2_111_nadir,aliked-lightglue-native-k8192,aliked,lightglue,native,8192,838,100_0010_0070.JPG,100_0010_0105.JPG,8192,8192,107,10,0.09345794392523364,1.220703125,0.140625,0.125,0.22225217521190643,True,ok,0.06844099999580067
D2_111_nadir,aliked-lightglue-native-k8192,aliked,lightglue,native,8192,839,100_0010_0071.JPG,100_0010_0072.JPG,8192,8192,2879,2656,0.922542549496353,324.21875,0.84375,0.828125,0.9367654323577881,False,ok,0.07393480000609998
D2_111_nadir,aliked-lightglue-native-k8192,aliked,lightglue,native,8192,840,100_0010_0071.JPG,100_0010_0073.JPG,8192,8192,1982,1673,0.8440968718466195,204.2236328125,0.609375,0.625,0.8955312967300415,False,ok,0.06721619999734685
D2_111_nadir,aliked-lightglue-native-k8192,aliked,lightglue,native,8192,841,100_0010_0071.JPG,100_0010_0074.JPG,8192,8192,1365,1081,0.7919413919413919,131.9580078125,0.375,0.453125,0.8645201921463013,False,ok,0.06014549999963492
D2_111_nadir,aliked-lightglue-native-k8192,aliked,lightglue,native,8192,842,100_0010_0071.JPG,100_0010_0075.JPG,8192,8192,760,488,0.6421052631578947,59.5703125,0.234375,0.234375,0.7602689862251282,False,ok,0.05524429999059066
D2_111_nadir,aliked-lightglue-native-k8192,aliked,lightglue,native,8192,843,100_0010_0071.JPG,100_0010_0076.JPG,8192,8192,6,0,0.0,0.0,0.0,0.0,0.13218821585178375,True,too_few_matches,0.12608390000241343
D2_111_nadir,aliked-lightglue-native-k8192,aliked,lightglue,native,8192,844,100_0010_0071.JPG,100_0010_0077.JPG,8192,8192,8,7,0.875,0.8544921875,0.09375,0.078125,0.21022194623947144,True,ok,0.12597120000282302
D2_111_nadir,aliked-lightglue-native-k8192,aliked,lightglue,native,8192,845,100_0010_0071.JPG,100_0010_0078.JPG,8192,8192,7,0,0.0,0.0,0.0,0.0,0.14950965344905853,True,too_few_matches,0.15753300000505988
D2_111_nadir,aliked-lightglue-native-k8192,aliked,lightglue,native,8192,846,100_0010_0071.JPG,100_0010_0079.JPG,8192,8192,8,7,0.875,0.8544921875,0.109375,0.109375,0.1714557707309723,True,ok,0.17460890000802465
D2_111_nadir,aliked-lightglue-native-k8192,aliked,lightglue,native,8192,847,100_0010_0071.JPG,100_0010_0100.JPG,8192,8192,1814,1510,0.8324145534729879,184.326171875,0.5625,0.53125,0.8740383982658386,False,ok,0.08906399999978021
D2_111_nadir,aliked-lightglue-native-k8192,aliked,lightglue,native,8192,848,100_0010_0071.JPG,100_0010_0101.JPG,8192,8192,2505,2177,0.869061876247505,265.7470703125,0.75,0.703125,0.8889576196670532,False,ok,0.08930190000683069
D2_111_nadir,aliked-lightglue-native-k8192,aliked,lightglue,native,8192,849,100_0010_0071.JPG,100_0010_0102.JPG,8192,8192,2620,2309,0.8812977099236641,281.8603515625,0.75,0.703125,0.892342209815979,False,ok,0.07747699999890756
D2_111_nadir,aliked-lightglue-native-k8192,aliked,lightglue,native,8192,850,100_0010_0071.JPG,100_0010_0103.JPG,8192,8192,9,7,0.7777777777777778,0.8544921875,0.09375,0.09375,0.18421348929405212,True,ok,0.14566669998748694
D2_111_nadir,aliked-lightglue-native-k8192,aliked,lightglue,native,8192,851,100_0010_0071.JPG,100_0010_0104.JPG,8192,8192,16,8,0.5,0.9765625,0.125,0.125,0.1993500292301178,True,ok,0.12715790000220295
D2_111_nadir,aliked-lightglue-native-k8192,aliked,lightglue,native,8192,852,100_0010_0071.JPG,100_0010_0105.JPG,8192,8192,94,10,0.10638297872340426,1.220703125,0.140625,0.140625,0.2054838389158249,True,ok,0.06955740001285449
D2_111_nadir,aliked-lightglue-native-k8192,aliked,lightglue,native,8192,853,100_0010_0072.JPG,100_0010_0073.JPG,8192,8192,3266,3100,0.9491733006736068,378.41796875,0.859375,0.875,0.9625285267829895,False,ok,0.07264500000746921
D2_111_nadir,aliked-lightglue-native-k8192,aliked,lightglue,native,8192,854,100_0010_0072.JPG,100_0010_0074.JPG,8192,8192,2350,2131,0.9068085106382979,260.1318359375,0.609375,0.609375,0.9388741254806519,False,ok,0.0689291000016965
D2_111_nadir,aliked-lightglue-native-k8192,aliked,lightglue,native,8192,855,100_0010_0072.JPG,100_0010_0075.JPG,8192,8192,1613,1406,0.8716676999380037,171.630859375,0.484375,0.5,0.9135633111000061,False,ok,0.06080890000157524
D2_111_nadir,aliked-lightglue-native-k8192,aliked,lightglue,native,8192,856,100_0010_0072.JPG,100_0010_0076.JPG,8192,8192,954,803,0.8417190775681341,98.0224609375,0.25,0.25,0.8961516618728638,False,ok,0.05474069999763742
D2_111_nadir,aliked-lightglue-native-k8192,aliked,lightglue,native,8192,857,100_0010_0072.JPG,100_0010_0077.JPG,8192,8192,143,60,0.4195804195804196,7.32421875,0.109375,0.109375,0.5865941047668457,False,ok,0.08691330000874586
D2_111_nadir,aliked-lightglue-native-k8192,aliked,lightglue,native,8192,858,100_0010_0072.JPG,100_0010_0078.JPG,8192,8192,12,8,0.6666666666666666,0.9765625,0.125,0.109375,0.2286040186882019,True,ok,0.1300212000060128
D2_111_nadir,aliked-lightglue-native-k8192,aliked,lightglue,native,8192,859,100_0010_0072.JPG,100_0010_0079.JPG,8192,8192,25,9,0.36,1.0986328125,0.125,0.109375,0.24579715728759766,True,ok,0.10909120000724215
D2_111_nadir,aliked-lightglue-native-k8192,aliked,lightglue,native,8192,860,100_0010_0072.JPG,100_0010_0080.JPG,8192,8192,4,0,0.0,0.0,0.0,0.0,0.21311335265636444,True,too_few_matches,0.12738769999123178
D2_111_nadir,aliked-lightglue-native-k8192,aliked,lightglue,native,8192,861,100_0010_0072.JPG,100_0010_0099.JPG,8192,8192,2141,1900,0.8874357776739841,231.93359375,0.578125,0.640625,0.9132021069526672,False,ok,0.07248579998849891
D2_111_nadir,aliked-lightglue-native-k8192,aliked,lightglue,native,8192,862,100_0010_0072.JPG,100_0010_0100.JPG,8192,8192,2599,2329,0.896113889957676,284.3017578125,0.75,0.703125,0.9189066886901855,False,ok,0.07523259999288712
D2_111_nadir,aliked-lightglue-native-k8192,aliked,lightglue,native,8192,863,100_0010_0072.JPG,100_0010_0101.JPG,8192,8192,2010,1728,0.8597014925373134,210.9375,0.65625,0.625,0.8858223557472229,False,ok,0.07313600000634324
D2_111_nadir,aliked-lightglue-native-k8192,aliked,lightglue,native,8192,864,100_0010_0072.JPG,100_0010_0102.JPG,8192,8192,1848,1507,0.8154761904761905,183.9599609375,0.640625,0.578125,0.859808623790741,False,ok,0.07223360000352841
D2_111_nadir,aliked-lightglue-native-k8192,aliked,lightglue,native,8192,865,100_0010_0072.JPG,100_0010_0103.JPG,8192,8192,787,593,0.7534942820838628,72.3876953125,0.234375,0.21875,0.8342897891998291,False,ok,0.05860180000308901
D2_111_nadir,aliked-lightglue-native-k8192,aliked,lightglue,native,8192,866,100_0010_0072.JPG,100_0010_0104.JPG,8192,8192,351,219,0.6239316239316239,26.7333984375,0.125,0.125,0.7472497820854187,False,ok,0.063660699990578
D2_111_nadir,aliked-lightglue-native-k8192,aliked,lightglue,native,8192,867,100_0010_0072.JPG,100_0010_0105.JPG,8192,8192,10,7,0.7,0.8544921875,0.109375,0.109375,0.23338289558887482,True,ok,0.12631269999837968
D2_111_nadir,aliked-lightglue-native-k8192,aliked,lightglue,native,8192,868,100_0010_0072.JPG,100_0010_0106.JPG,8192,8192,10,7,0.7,0.8544921875,0.109375,0.109375,0.2352416068315506,True,ok,0.1258425999985775
D2_111_nadir,aliked-lightglue-native-k8192,aliked,lightglue,native,8192,869,100_0010_0073.JPG,100_0010_0074.JPG,8192,8192,3283,3166,0.9643618641486446,386.474609375,0.875,0.875,0.9705402851104736,False,ok,0.0684598000079859
D2_111_nadir,aliked-lightglue-native-k8192,aliked,lightglue,native,8192,870,100_0010_0073.JPG,100_0010_0075.JPG,8192,8192,2370,2200,0.9282700421940928,268.5546875,0.625,0.625,0.9492725133895874,False,ok,0.06900770000356715
D2_111_nadir,aliked-lightglue-native-k8192,aliked,lightglue,native,8192,871,100_0010_0073.JPG,100_0010_0076.JPG,8192,8192,1690,1531,0.9059171597633137,186.8896484375,0.484375,0.5,0.9310360550880432,False,ok,0.06787539999641012
D2_111_nadir,aliked-lightglue-native-k8192,aliked,lightglue,native,8192,872,100_0010_0073.JPG,100_0010_0077.JPG,8192,8192,1011,868,0.8585558852621167,105.95703125,0.25,0.25,0.9055803418159485,False,ok,0.05701509999926202
D2_111_nadir,aliked-lightglue-native-k8192,aliked,lightglue,native,8192,873,100_0010_0073.JPG,100_0010_0078.JPG,8192,8192,170,90,0.5294117647058824,10.986328125,0.109375,0.109375,0.6398425102233887,False,ok,0.07440060000226367
D2_111_nadir,aliked-lightglue-native-k8192,aliked,lightglue,native,8192,874,100_0010_0073.JPG,100_0010_0079.JPG,8192,8192,8,0,0.0,0.0,0.0,0.0,0.16379016637802124,True,no_model,0.12824089999776334
D2_111_nadir,aliked-lightglue-native-k8192,aliked,lightglue,native,8192,875,100_0010_0073.JPG,100_0010_0080.JPG,8192,8192,26,9,0.34615384615384615,1.0986328125,0.09375,0.078125,0.20691664516925812,True,ok,0.10839660000056028
D2_111_nadir,aliked-lightglue-native-k8192,aliked,lightglue,native,8192,876,100_0010_0073.JPG,100_0010_0081.JPG,8192,8192,10,7,0.7,0.8544921875,0.109375,0.09375,0.221128910779953,True,ok,0.1086691999953473
D2_111_nadir,aliked-lightglue-native-k8192,aliked,lightglue,native,8192,877,100_0010_0073.JPG,100_0010_0098.JPG,8192,8192,2173,2045,0.9410952600092038,249.6337890625,0.625,0.65625,0.9520147442817688,False,ok,0.070609999995213
D2_111_nadir,aliked-lightglue-native-k8192,aliked,lightglue,native,8192,878,100_0010_0073.JPG,100_0010_0099.JPG,8192,8192,2637,2491,0.944634053849071,304.0771484375,0.75,0.71875,0.9470746517181396,False,ok,0.07380040000134613
D2_111_nadir,aliked-lightglue-native-k8192,aliked,lightglue,native,8192,879,100_0010_0073.JPG,100_0010_0100.JPG,8192,8192,2225,2021,0.908314606741573,246.7041015625,0.65625,0.59375,0.9293967485427856,False,ok,0.07324509999307338
D2_111_nadir,aliked-lightglue-native-k8192,aliked,lightglue,native,8192,880,100_0010_0073.JPG,100_0010_0101.JPG,8192,8192,1454,1167,0.8026134800550206,142.4560546875,0.515625,0.421875,0.8771128058433533,False,ok,0.06649330000800546
D2_111_nadir,aliked-lightglue-native-k8192,aliked,lightglue,native,8192,881,100_0010_0073.JPG,100_0010_0102.JPG,8192,8192,1283,1005,0.7833203429462198,122.6806640625,0.46875,0.40625,0.8591625690460205,False,ok,0.06532769999466836
D2_111_nadir,aliked-lightglue-native-k8192,aliked,lightglue,native,8192,882,100_0010_0073.JPG,100_0010_0103.JPG,8192,8192,1210,972,0.8033057851239669,118.65234375,0.4375,0.34375,0.8748790621757507,False,ok,0.06135430000722408
D2_111_nadir,aliked-lightglue-native-k8192,aliked,lightglue,native,8192,883,100_0010_0073.JPG,100_0010_0104.JPG,8192,8192,1052,871,0.8279467680608364,106.3232421875,0.34375,0.265625,0.8841356039047241,False,ok,0.05698489998758305
D2_111_nadir,aliked-lightglue-native-k8192,aliked,lightglue,native,8192,884,100_0010_0073.JPG,100_0010_0105.JPG,8192,8192,526,411,0.7813688212927756,50.1708984375,0.125,0.140625,0.851077675819397,False,ok,0.054562899997108616
D2_111_nadir,aliked-lightglue-native-k8192,aliked,lightglue,native,8192,885,100_0010_0073.JPG,100_0010_0106.JPG,8192,8192,10,7,0.7,0.8544921875,0.109375,0.078125,0.18635790050029755,True,ok,0.14488730000448413
D2_111_nadir,aliked-lightglue-native-k8192,aliked,lightglue,native,8192,886,100_0010_0073.JPG,100_0010_0107.JPG,8192,8192,8,7,0.875,0.8544921875,0.09375,0.09375,0.19979119300842285,True,ok,0.12603309999394696
D2_111_nadir,aliked-lightglue-native-k8192,aliked,lightglue,native,8192,887,100_0010_0074.JPG,100_0010_0075.JPG,8192,8192,3286,3191,0.9710894704808277,389.5263671875,0.859375,0.875,0.9792073369026184,False,ok,0.0688598999986425
D2_111_nadir,aliked-lightglue-native-k8192,aliked,lightglue,native,8192,888,100_0010_0074.JPG,100_0010_0076.JPG,8192,8192,2439,2334,0.956949569495695,284.912109375,0.625,0.625,0.9710782766342163,False,ok,0.0687537999911001
D2_111_nadir,aliked-lightglue-native-k8192,aliked,lightglue,native,8192,889,100_0010_0074.JPG,100_0010_0077.JPG,8192,8192,1748,1591,0.9101830663615561,194.2138671875,0.5,0.5,0.9457026124000549,False,ok,0.06282320000173058
D2_111_nadir,aliked-lightglue-native-k8192,aliked,lightglue,native,8192,890,100_0010_0074.JPG,100_0010_0078.JPG,8192,8192,1065,893,0.8384976525821596,109.0087890625,0.25,0.25,0.8836754560470581,False,ok,0.059416599993710406
D2_111_nadir,aliked-lightglue-native-k8192,aliked,lightglue,native,8192,891,100_0010_0074.JPG,100_0010_0079.JPG,8192,8192,187,97,0.5187165775401069,11.8408203125,0.125,0.125,0.655103862285614,False,ok,0.07579669999540783
D2_111_nadir,aliked-lightglue-native-k8192,aliked,lightglue,native,8192,892,100_0010_0074.JPG,100_0010_0080.JPG,8192,8192,10,7,0.7,0.8544921875,0.109375,0.09375,0.19987323880195618,True,ok,0.12682640001003165
D2_111_nadir,aliked-lightglue-native-k8192,aliked,lightglue,native,8192,893,100_0010_0074.JPG,100_0010_0081.JPG,8192,8192,8,7,0.875,0.8544921875,0.109375,0.109375,0.2039351761341095,True,ok,0.14473719999659806
D2_111_nadir,aliked-lightglue-native-k8192,aliked,lightglue,native,8192,894,100_0010_0074.JPG,100_0010_0082.JPG,8192,8192,9,7,0.7777777777777778,0.8544921875,0.09375,0.09375,0.29985371232032776,True,ok,0.1260057999897981
D2_111_nadir,aliked-lightglue-native-k8192,aliked,lightglue,native,8192,895,100_0010_0074.JPG,100_0010_0096.JPG,8192,8192,1717,1598,0.9306930693069307,195.068359375,0.46875,0.46875,0.9479023814201355,False,ok,0.06348810000054073
D2_111_nadir,aliked-lightglue-native-k8192,aliked,lightglue,native,8192,896,100_0010_0074.JPG,100_0010_0097.JPG,8192,8192,2131,2015,0.9455654622243078,245.9716796875,0.640625,0.65625,0.9550656080245972,False,ok,0.06553639999765437
D2_111_nadir,aliked-lightglue-native-k8192,aliked,lightglue,native,8192,897,100_0010_0074.JPG,100_0010_0098.JPG,8192,8192,2672,2542,0.9513473053892215,310.302734375,0.75,0.75,0.9689071774482727,False,ok,0.07141010000486858
D2_111_nadir,aliked-lightglue-native-k8192,aliked,lightglue,native,8192,898,100_0010_0074.JPG,100_0010_0099.JPG,8192,8192,2334,2183,0.9353041988003428,266.4794921875,0.65625,0.65625,0.9507567882537842,False,ok,0.0725248999951873
D2_111_nadir,aliked-lightglue-native-k8192,aliked,lightglue,native,8192,899,100_0010_0074.JPG,100_0010_0100.JPG,8192,8192,1827,1645,0.9003831417624522,200.8056640625,0.5625,0.515625,0.9253541231155396,False,ok,0.06738910000422038
D2_111_nadir,aliked-lightglue-native-k8192,aliked,lightglue,native,8192,900,100_0010_0074.JPG,100_0010_0104.JPG,8192,8192,1451,1145,0.7891109579600276,139.7705078125,0.484375,0.421875,0.8933418989181519,False,ok,0.0665688000008231
D2_111_nadir,aliked-lightglue-native-k8192,aliked,lightglue,native,8192,901,100_0010_0074.JPG,100_0010_0105.JPG,8192,8192,1182,988,0.8358714043993232,120.60546875,0.375,0.375,0.8978384137153625,False,ok,0.05990840001322795
D2_111_nadir,aliked-lightglue-native-k8192,aliked,lightglue,native,8192,902,100_0010_0074.JPG,100_0010_0106.JPG,8192,8192,721,562,0.7794729542302358,68.603515625,0.25,0.25,0.857322633266449,False,ok,0.05362929998955224
D2_111_nadir,aliked-lightglue-native-k8192,aliked,lightglue,native,8192,903,100_0010_0074.JPG,100_0010_0107.JPG,8192,8192,85,27,0.3176470588235294,3.2958984375,0.078125,0.078125,0.47537317872047424,False,ok,0.12690960000327323
D2_111_nadir,aliked-lightglue-native-k8192,aliked,lightglue,native,8192,904,100_0010_0074.JPG,100_0010_0108.JPG,8192,8192,11,8,0.7272727272727273,0.9765625,0.125,0.125,0.1930828094482422,True,ok,0.11061909999989439
D2_111_nadir,aliked-lightglue-native-k8192,aliked,lightglue,native,8192,905,100_0010_0075.JPG,100_0010_0076.JPG,8192,8192,3383,3312,0.979012710611883,404.296875,0.875,0.875,0.9861536026000977,False,ok,0.06854719998955261
D2_111_nadir,aliked-lightglue-native-k8192,aliked,lightglue,native,8192,906,100_0010_0075.JPG,100_0010_0077.JPG,8192,8192,2514,2365,0.9407319013524265,288.6962890625,0.625,0.640625,0.962435245513916,False,ok,0.06924130000697915
D2_111_nadir,aliked-lightglue-native-k8192,aliked,lightglue,native,8192,907,100_0010_0075.JPG,100_0010_0078.JPG,8192,8192,1797,1625,0.904284919309961,198.3642578125,0.5,0.5,0.939096212387085,False,ok,0.0650745999882929
D2_111_nadir,aliked-lightglue-native-k8192,aliked,lightglue,native,8192,908,100_0010_0075.JPG,100_0010_0079.JPG,8192,8192,1137,882,0.7757255936675461,107.666015625,0.25,0.265625,0.8603740930557251,False,ok,0.06080729998939205
D2_111_nadir,aliked-lightglue-native-k8192,aliked,lightglue,native,8192,909,100_0010_0075.JPG,100_0010_0080.JPG,8192,8192,251,151,0.601593625498008,18.4326171875,0.125,0.125,0.6952434182167053,False,ok,0.0754363000014564
D2_111_nadir,aliked-lightglue-native-k8192,aliked,lightglue,native,8192,910,100_0010_0075.JPG,100_0010_0081.JPG,8192,8192,6,0,0.0,0.0,0.0,0.0,0.22438712418079376,True,too_few_matches,0.1463062999973772
D2_111_nadir,aliked-lightglue-native-k8192,aliked,lightglue,native,8192,911,100_0010_0075.JPG,100_0010_0082.JPG,8192,8192,8,7,0.875,0.8544921875,0.109375,0.09375,0.22662198543548584,True,ok,0.14678460000141058
D2_111_nadir,aliked-lightglue-native-k8192,aliked,lightglue,native,8192,912,100_0010_0075.JPG,100_0010_0083.JPG,8192,8192,6,0,0.0,0.0,0.0,0.0,0.18955044448375702,True,too_few_matches,0.1259940000018105
D2_111_nadir,aliked-lightglue-native-k8192,aliked,lightglue,native,8192,913,100_0010_0075.JPG,100_0010_0095.JPG,8192,8192,1927,1761,0.9138557343020238,214.9658203125,0.46875,0.46875,0.9409716725349426,False,ok,0.06499039998743683
D2_111_nadir,aliked-lightglue-native-k8192,aliked,lightglue,native,8192,914,100_0010_0075.JPG,100_0010_0096.JPG,8192,8192,2286,2191,0.9584426946631671,267.4560546875,0.640625,0.65625,0.9651060700416565,False,ok,0.067997700010892
D2_111_nadir,aliked-lightglue-native-k8192,aliked,lightglue,native,8192,915,100_0010_0075.JPG,100_0010_0097.JPG,8192,8192,2630,2478,0.9422053231939164,302.490234375,0.75,0.75,0.9521170854568481,False,ok,0.06891050000558607
D2_111_nadir,aliked-lightglue-native-k8192,aliked,lightglue,native,8192,916,100_0010_0075.JPG,100_0010_0098.JPG,8192,8192,2232,2112,0.946236559139785,257.8125,0.65625,0.640625,0.9586586356163025,False,ok,0.07176570000592619
D2_111_nadir,aliked-lightglue-native-k8192,aliked,lightglue,native,8192,917,100_0010_0075.JPG,100_0010_0105.JPG,8192,8192,1630,1354,0.8306748466257668,165.283203125,0.5625,0.484375,0.900041937828064,False,ok,0.06657640000048559
D2_111_nadir,aliked-lightglue-native-k8192,aliked,lightglue,native,8192,918,100_0010_0075.JPG,100_0010_0106.JPG,8192,8192,1325,991,0.7479245283018868,120.9716796875,0.375,0.34375,0.8856905698776245,False,ok,0.058806899993214756
D2_111_nadir,aliked-lightglue-native-k8192,aliked,lightglue,native,8192,919,100_0010_0075.JPG,100_0010_0107.JPG,8192,8192,836,601,0.7188995215311005,73.3642578125,0.234375,0.21875,0.8533250093460083,False,ok,0.055138700001407415
D2_111_nadir,aliked-lightglue-native-k8192,aliked,lightglue,native,8192,920,100_0010_0075.JPG,100_0010_0108.JPG,8192,8192,259,157,0.6061776061776062,19.1650390625,0.09375,0.109375,0.7354198098182678,False,ok,0.06177100000786595
D2_111_nadir,aliked-lightglue-native-k8192,aliked,lightglue,native,8192,921,100_0010_0076.JPG,100_0010_0077.JPG,8192,8192,3616,3517,0.9726216814159292,429.3212890625,0.875,0.875,0.9814785718917847,False,ok,0.068446600009338
D2_111_nadir,aliked-lightglue-native-k8192,aliked,lightglue,native,8192,922,100_0010_0076.JPG,100_0010_0078.JPG,8192,8192,2554,2388,0.9350039154267815,291.50390625,0.625,0.625,0.9594638347625732,False,ok,0.06812169999466278
D2_111_nadir,aliked-lightglue-native-k8192,aliked,lightglue,native,8192,923,100_0010_0076.JPG,100_0010_0079.JPG,8192,8192,1738,1499,0.8624856156501726,182.9833984375,0.5,0.5,0.9142619967460632,False,ok,0.06200669999816455
D2_111_nadir,aliked-lightglue-native-k8192,aliked,lightglue,native,8192,924,100_0010_0076.JPG,100_0010_0080.JPG,8192,8192,989,748,0.756319514661274,91.30859375,0.25,0.25,0.8288797736167908,False,ok,0.05789860000368208
D2_111_nadir,aliked-lightglue-native-k8192,aliked,lightglue,native,8192,925,100_0010_0076.JPG,100_0010_0081.JPG,8192,8192,182,72,0.3956043956043956,8.7890625,0.109375,0.125,0.6029216051101685,False,ok,0.07299950000015087
D2_111_nadir,aliked-lightglue-native-k8192,aliked,lightglue,native,8192,926,100_0010_0076.JPG,100_0010_0082.JPG,8192,8192,7,0,0.0,0.0,0.0,0.0,0.22744706273078918,True,too_few_matches,0.12744729999394622
D2_111_nadir,aliked-lightglue-native-k8192,aliked,lightglue,native,8192,927,100_0010_0076.JPG,100_0010_0083.JPG,8192,8192,11,7,0.6363636363636364,0.8544921875,0.0625,0.09375,0.30399253964424133,True,ok,0.14694459999736864
D2_111_nadir,aliked-lightglue-native-k8192,aliked,lightglue,native,8192,928,100_0010_0076.JPG,100_0010_0084.JPG,8192,8192,12,8,0.6666666666666666,0.9765625,0.0625,0.109375,0.2736750543117523,True,ok,0.14449739998963196
D2_111_nadir,aliked-lightglue-native-k8192,aliked,lightglue,native,8192,929,100_0010_0076.JPG,100_0010_0094.JPG,8192,8192,2050,1800,0.8780487804878049,219.7265625,0.46875,0.46875,0.9180441498756409,False,ok,0.07021159998839721
D2_111_nadir,aliked-lightglue-native-k8192,aliked,lightglue,native,8192,930,100_0010_0076.JPG,100_0010_0095.JPG,8192,8192,2562,2381,0.929352068696331,290.6494140625,0.65625,0.640625,0.9440243244171143,False,ok,0.06876840000040829
D2_111_nadir,aliked-lightglue-native-k8192,aliked,lightglue,native,8192,931,100_0010_0076.JPG,100_0010_0096.JPG,8192,8192,2840,2704,0.952112676056338,330.078125,0.75,0.734375,0.9577596187591553,False,ok,0.06788370000140276
D2_111_nadir,aliked-lightglue-native-k8192,aliked,lightglue,native,8192,932,100_0010_0076.JPG,100_0010_0097.JPG,8192,8192,2407,2241,0.9310344827586207,273.5595703125,0.65625,0.65625,0.9456560611724854,False,ok,0.067935099999886
D2_111_nadir,aliked-lightglue-native-k8192,aliked,lightglue,native,8192,933,100_0010_0076.JPG,100_0010_0106.JPG,8192,8192,1784,1410,0.7903587443946188,172.119140625,0.609375,0.46875,0.8751840591430664,False,ok,0.06669110000075307
D2_111_nadir,aliked-lightglue-native-k8192,aliked,lightglue,native,8192,934,100_0010_0076.JPG,100_0010_0107.JPG,8192,8192,1310,1011,0.7717557251908397,123.4130859375,0.453125,0.328125,0.8607323169708252,False,ok,0.06451899999228772
D2_111_nadir,aliked-lightglue-native-k8192,aliked,lightglue,native,8192,935,100_0010_0076.JPG,100_0010_0108.JPG,8192,8192,701,481,0.6861626248216833,58.7158203125,0.3125,0.25,0.8164001703262329,False,ok,0.0551473000086844
D2_111_nadir,aliked-lightglue-native-k8192,aliked,lightglue,native,8192,936,100_0010_0076.JPG,100_0010_0109.JPG,8192,8192,265,156,0.5886792452830188,19.04296875,0.109375,0.125,0.7413357496261597,False,ok,0.0636538999970071
D2_111_nadir,aliked-lightglue-native-k8192,aliked,lightglue,native,8192,937,100_0010_0077.JPG,100_0010_0078.JPG,8192,8192,3494,3356,0.9605037206639955,409.66796875,0.875,0.859375,0.9743519425392151,False,ok,0.06838569999672472
D2_111_nadir,aliked-lightglue-native-k8192,aliked,lightglue,native,8192,938,100_0010_0077.JPG,100_0010_0079.JPG,8192,8192,2296,2111,0.919425087108014,257.6904296875,0.609375,0.609375,0.9459132552146912,False,ok,0.06718260000343435
D2_111_nadir,aliked-lightglue-native-k8192,aliked,lightglue,native,8192,939,100_0010_0077.JPG,100_0010_0080.JPG,8192,8192,1356,1137,0.838495575221239,138.7939453125,0.484375,0.46875,0.8934714198112488,False,ok,0.060294499999145046
D2_111_nadir,aliked-lightglue-native-k8192,aliked,lightglue,native,8192,940,100_0010_0077.JPG,100_0010_0081.JPG,8192,8192,577,408,0.707105719237435,49.8046875,0.25,0.25,0.8022136092185974,False,ok,0.06222100000013597
D2_111_nadir,aliked-lightglue-native-k8192,aliked,lightglue,native,8192,941,100_0010_0077.JPG,100_0010_0082.JPG,8192,8192,202,68,0.33663366336633666,8.30078125,0.15625,0.140625,0.5003690719604492,False,ok,0.08114530000602826
D2_111_nadir,aliked-lightglue-native-k8192,aliked,lightglue,native,8192,942,100_0010_0077.JPG,100_0010_0083.JPG,8192,8192,22,8,0.36363636363636365,0.9765625,0.078125,0.09375,0.21220602095127106,True,ok,0.10776330000953749
D2_111_nadir,aliked-lightglue-native-k8192,aliked,lightglue,native,8192,943,100_0010_0077.JPG,100_0010_0084.JPG,8192,8192,15,8,0.5333333333333333,0.9765625,0.109375,0.09375,0.224833682179451,True,ok,0.15074769999773707
D2_111_nadir,aliked-lightglue-native-k8192,aliked,lightglue,native,8192,944,100_0010_0077.JPG,100_0010_0085.JPG,8192,8192,30,10,0.3333333333333333,1.220703125,0.109375,0.125,0.22570903599262238,True,ok,0.1464194000000134
D2_111_nadir,aliked-lightglue-native-k8192,aliked,lightglue,native,8192,945,100_0010_0077.JPG,100_0010_0093.JPG,8192,8192,1807,1576,0.872163807415606,192.3828125,0.46875,0.453125,0.9020180106163025,False,ok,0.068383999998332
D2_111_nadir,aliked-lightglue-native-k8192,aliked,lightglue,native,8192,946,100_0010_0077.JPG,100_0010_0094.JPG,8192,8192,2457,2288,0.9312169312169312,279.296875,0.640625,0.609375,0.9448019862174988,False,ok,0.07210599999234546
D2_111_nadir,aliked-lightglue-native-k8192,aliked,lightglue,native,8192,947,100_0010_0077.JPG,100_0010_0095.JPG,8192,8192,2972,2786,0.9374158815612382,340.087890625,0.734375,0.734375,0.9545308351516724,False,ok,0.06828039999527391
D2_111_nadir,aliked-lightglue-native-k8192,aliked,lightglue,native,8192,948,100_0010_0077.JPG,100_0010_0096.JPG,8192,8192,2543,2398,0.9429807314195832,292.724609375,0.671875,0.65625,0.9506883025169373,False,ok,0.0680751999898348
D2_111_nadir,aliked-lightglue-native-k8192,aliked,lightglue,native,8192,949,100_0010_0077.JPG,100_0010_0097.JPG,8192,8192,1902,1765,0.9279705573080967,215.4541015625,0.5625,0.5625,0.9515403509140015,False,ok,0.06492020000587218
D2_111_nadir,aliked-lightglue-native-k8192,aliked,lightglue,native,8192,950,100_0010_0077.JPG,100_0010_0107.JPG,8192,8192,1535,1184,0.7713355048859935,144.53125,0.578125,0.421875,0.8545136451721191,False,ok,0.06769290000374895
D2_111_nadir,aliked-lightglue-native-k8192,aliked,lightglue,native,8192,951,100_0010_0077.JPG,100_0010_0108.JPG,8192,8192,983,702,0.7141403865717192,85.693359375,0.421875,0.375,0.8058035969734192,False,ok,0.06895489999442361
D2_111_nadir,aliked-lightglue-native-k8192,aliked,lightglue,native,8192,952,100_0010_0077.JPG,100_0010_0109.JPG,8192,8192,553,363,0.6564195298372514,44.3115234375,0.25,0.265625,0.7608147263526917,False,ok,0.05845569999655709
D2_111_nadir,aliked-lightglue-native-k8192,aliked,lightglue,native,8192,953,100_0010_0078.JPG,100_0010_0079.JPG,8192,8192,3251,3123,0.9606274992310059,381.2255859375,0.859375,0.859375,0.968557596206665,False,ok,0.0678256999963196
D2_111_nadir,aliked-lightglue-native-k8192,aliked,lightglue,native,8192,954,100_0010_0078.JPG,100_0010_0080.JPG,8192,8192,1985,1820,0.9168765743073047,222.16796875,0.625,0.640625,0.9451025724411011,False,ok,0.0628465000045253
D2_111_nadir,aliked-lightglue-native-k8192,aliked,lightglue,native,8192,955,100_0010_0078.JPG,100_0010_0081.JPG,8192,8192,1018,842,0.8271119842829077,102.783203125,0.5,0.46875,0.8891897797584534,False,ok,0.057935999997425824
D2_111_nadir,aliked-lightglue-native-k8192,aliked,lightglue,native,8192,956,100_0010_0078.JPG,100_0010_0082.JPG,8192,8192,542,396,0.7306273062730627,48.33984375,0.234375,0.25,0.8091654777526855,False,ok,0.05602560000261292
D2_111_nadir,aliked-lightglue-native-k8192,aliked,lightglue,native,8192,957,100_0010_0078.JPG,100_0010_0083.JPG,8192,8192,188,70,0.3723404255319149,8.544921875,0.09375,0.109375,0.5806593298912048,False,ok,0.08146950000082143
D2_111_nadir,aliked-lightglue-native-k8192,aliked,lightglue,native,8192,958,100_0010_0078.JPG,100_0010_0084.JPG,8192,8192,6,0,0.0,0.0,0.0,0.0,0.25946906208992004,True,too_few_matches,0.1444595999928424
D2_111_nadir,aliked-lightglue-native-k8192,aliked,lightglue,native,8192,959,100_0010_0078.JPG,100_0010_0085.JPG,8192,8192,23,9,0.391304347826087,1.0986328125,0.09375,0.109375,0.20755167305469513,True,ok,0.14662260000477545
D2_111_nadir,aliked-lightglue-native-k8192,aliked,lightglue,native,8192,960,100_0010_0078.JPG,100_0010_0086.JPG,8192,8192,9,7,0.7777777777777778,0.8544921875,0.09375,0.078125,0.17826524376869202,True,ok,0.145990899996832
D2_111_nadir,aliked-lightglue-native-k8192,aliked,lightglue,native,8192,961,100_0010_0078.JPG,100_0010_0092.JPG,8192,8192,1369,1098,0.802045288531775,134.033203125,0.46875,0.46875,0.8627097010612488,False,ok,0.06785140000283718
D2_111_nadir,aliked-lightglue-native-k8192,aliked,lightglue,native,8192,962,100_0010_0078.JPG,100_0010_0093.JPG,8192,8192,2288,2067,0.9034090909090909,252.3193359375,0.65625,0.59375,0.9252157211303711,False,ok,0.07148489999235608
D2_111_nadir,aliked-lightglue-native-k8192,aliked,lightglue,native,8192,963,100_0010_0078.JPG,100_0010_0094.JPG,8192,8192,3011,2845,0.9448688143473929,347.2900390625,0.75,0.734375,0.9582298398017883,False,ok,0.07231370000226889
D2_111_nadir,aliked-lightglue-native-k8192,aliked,lightglue,native,8192,964,100_0010_0078.JPG,100_0010_0095.JPG,8192,8192,2547,2384,0.9360031409501374,291.015625,0.640625,0.625,0.9514325857162476,False,ok,0.06978279999748338
D2_111_nadir,aliked-lightglue-native-k8192,aliked,lightglue,native,8192,965,100_0010_0078.JPG,100_0010_0096.JPG,8192,8192,1903,1745,0.9169732002101945,213.0126953125,0.546875,0.546875,0.9411466121673584,False,ok,0.06638189998921007
D2_111_nadir,aliked-lightglue-native-k8192,aliked,lightglue,native,8192,966,100_0010_0078.JPG,100_0010_0109.JPG,8192,8192,830,595,0.7168674698795181,72.6318359375,0.46875,0.375,0.8050367832183838,False,ok,0.06358660000842065
D2_111_nadir,aliked-lightglue-native-k8192,aliked,lightglue,native,8192,967,100_0010_0079.JPG,100_0010_0080.JPG,8192,8192,3245,3090,0.9522342064714946,377.197265625,0.875,0.859375,0.9617218971252441,False,ok,0.06904930000018794
D2_111_nadir,aliked-lightglue-native-k8192,aliked,lightglue,native,8192,968,100_0010_0079.JPG,100_0010_0081.JPG,8192,8192,1967,1758,0.8937468225724453,214.599609375,0.625,0.625,0.9364010691642761,False,ok,0.06391159999475349
D2_111_nadir,aliked-lightglue-native-k8192,aliked,lightglue,native,8192,969,100_0010_0079.JPG,100_0010_0082.JPG,8192,8192,1330,1043,0.7842105263157895,127.3193359375,0.484375,0.5,0.8586596250534058,False,ok,0.07615079999959562
D2_111_nadir,aliked-lightglue-native-k8192,aliked,lightglue,native,8192,970,100_0010_0079.JPG,100_0010_0083.JPG,8192,8192,860,605,0.7034883720930233,73.8525390625,0.25,0.25,0.8278879523277283,False,ok,0.060673900006804615
D2_111_nadir,aliked-lightglue-native-k8192,aliked,lightglue,native,8192,971,100_0010_0079.JPG,100_0010_0084.JPG,8192,8192,188,95,0.5053191489361702,11.5966796875,0.140625,0.140625,0.6567850112915039,False,ok,0.07657550000294577
D2_111_nadir,aliked-lightglue-native-k8192,aliked,lightglue,native,8192,972,100_0010_0079.JPG,100_0010_0085.JPG,8192,8192,7,0,0.0,0.0,0.0,0.0,0.22654126584529877,True,too_few_matches,0.1454135999956634
D2_111_nadir,aliked-lightglue-native-k8192,aliked,lightglue,native,8192,973,100_0010_0079.JPG,100_0010_0086.JPG,8192,8192,11,7,0.6363636363636364,0.8544921875,0.09375,0.09375,0.17968520522117615,True,ok,0.14518419999512844
D2_111_nadir,aliked-lightglue-native-k8192,aliked,lightglue,native,8192,974,100_0010_0079.JPG,100_0010_0087.JPG,8192,8192,14,8,0.5714285714285714,0.9765625,0.09375,0.109375,0.1724393218755722,True,ok,0.14544619999651331
D2_111_nadir,aliked-lightglue-native-k8192,aliked,lightglue,native,8192,975,100_0010_0079.JPG,100_0010_0091.JPG,8192,8192,1235,1006,0.8145748987854251,122.802734375,0.46875,0.46875,0.8643851280212402,False,ok,0.06376559998898301
D2_111_nadir,aliked-lightglue-native-k8192,aliked,lightglue,native,8192,976,100_0010_0079.JPG,100_0010_0092.JPG,8192,8192,2063,1791,0.8681531749878817,218.6279296875,0.65625,0.625,0.8951365947723389,False,ok,0.07307480000599753
D2_111_nadir,aliked-lightglue-native-k8192,aliked,lightglue,native,8192,977,100_0010_0079.JPG,100_0010_0093.JPG,8192,8192,2990,2767,0.9254180602006689,337.7685546875,0.75,0.75,0.9339618682861328,False,ok,0.07361359999049455
D2_111_nadir,aliked-lightglue-native-k8192,aliked,lightglue,native,8192,978,100_0010_0079.JPG,100_0010_0094.JPG,8192,8192,2365,2140,0.904862579281184,261.23046875,0.65625,0.640625,0.9255797266960144,False,ok,0.07099239999661222
D2_111_nadir,aliked-lightglue-native-k8192,aliked,lightglue,native,8192,979,100_0010_0079.JPG,100_0010_0095.JPG,8192,8192,1721,1493,0.8675188843695526,182.2509765625,0.515625,0.53125,0.9136098027229309,False,ok,0.06755839999823365
D2_111_nadir,aliked-lightglue-native-k8192,aliked,lightglue,native,8192,980,100_0010_0080.JPG,100_0010_0081.JPG,8192,8192,3432,3282,0.9562937062937062,400.634765625,0.875,0.84375,0.9665379524230957,False,ok,0.0675584999989951
D2_111_nadir,aliked-lightglue-native-k8192,aliked,lightglue,native,8192,981,100_0010_0080.JPG,100_0010_0082.JPG,8192,8192,2273,2045,0.8996920369555653,249.6337890625,0.625,0.625,0.9375795722007751,False,ok,0.06296060000022408
D2_111_nadir,aliked-lightglue-native-k8192,aliked,lightglue,native,8192,982,100_0010_0080.JPG,100_0010_0083.JPG,8192,8192,1693,1368,0.8080330773774365,166.9921875,0.5,0.453125,0.8836954832077026,False,ok,0.061547300007077865
D2_111_nadir,aliked-lightglue-native-k8192,aliked,lightglue,native,8192,983,100_0010_0080.JPG,100_0010_0084.JPG,8192,8192,946,701,0.741014799154334,85.5712890625,0.25,0.25,0.8044811487197876,False,ok,0.060151500001666136
D2_111_nadir,aliked-lightglue-native-k8192,aliked,lightglue,native,8192,984,100_0010_0080.JPG,100_0010_0085.JPG,8192,8192,744,481,0.646505376344086,58.7158203125,0.234375,0.171875,0.8182617425918579,False,ok,0.059396000011474825
D2_111_nadir,aliked-lightglue-native-k8192,aliked,lightglue,native,8192,985,100_0010_0080.JPG,100_0010_0086.JPG,8192,8192,768,504,0.65625,61.5234375,0.21875,0.203125,0.823719322681427,False,ok,0.060676699999021366
D2_111_nadir,aliked-lightglue-native-k8192,aliked,lightglue,native,8192,986,100_0010_0080.JPG,100_0010_0087.JPG,8192,8192,717,459,0.6401673640167364,56.0302734375,0.171875,0.1875,0.823745846748352,False,ok,0.06044119999569375
D2_111_nadir,aliked-lightglue-native-k8192,aliked,lightglue,native,8192,987,100_0010_0080.JPG,100_0010_0088.JPG,8192,8192,729,465,0.6378600823045267,56.7626953125,0.15625,0.1875,0.7973520755767822,False,ok,0.06086370001139585
D2_111_nadir,aliked-lightglue-native-k8192,aliked,lightglue,native,8192,988,100_0010_0080.JPG,100_0010_0089.JPG,8192,8192,1247,944,0.7570168404170008,115.234375,0.359375,0.296875,0.8503164649009705,False,ok,0.05897539999568835
D2_111_nadir,aliked-lightglue-native-k8192,aliked,lightglue,native,8192,989,100_0010_0080.JPG,100_0010_0090.JPG,8192,8192,1618,1306,0.8071693448702101,159.423828125,0.46875,0.46875,0.8720558285713196,False,ok,0.06308039999566972
D2_111_nadir,aliked-lightglue-native-k8192,aliked,lightglue,native,8192,990,100_0010_0080.JPG,100_0010_0091.JPG,8192,8192,2158,1891,0.876274328081557,230.8349609375,0.65625,0.578125,0.90130215883255,False,ok,0.06636830000206828
D2_111_nadir,aliked-lightglue-native-k8192,aliked,lightglue,native,8192,991,100_0010_0080.JPG,100_0010_0092.JPG,8192,8192,2968,2721,0.9167789757412399,332.1533203125,0.75,0.75,0.9302067160606384,False,ok,0.07479309999325778
D2_111_nadir,aliked-lightglue-native-k8192,aliked,lightglue,native,8192,992,100_0010_0080.JPG,100_0010_0093.JPG,8192,8192,2147,1887,0.8789007918025151,230.3466796875,0.640625,0.65625,0.9131602048873901,False,ok,0.0710077999974601
D2_111_nadir,aliked-lightglue-native-k8192,aliked,lightglue,native,8192,993,100_0010_0080.JPG,100_0010_0094.JPG,8192,8192,1356,1109,0.8178466076696165,135.3759765625,0.5625,0.5625,0.8694378733634949,False,ok,0.06935459999658633
D2_111_nadir,aliked-lightglue-native-k8192,aliked,lightglue,native,8192,994,100_0010_0080.JPG,100_0010_0095.JPG,8192,8192,929,714,0.7685683530678149,87.158203125,0.359375,0.328125,0.8445813655853271,False,ok,0.06697159999748692
D2_111_nadir,aliked-lightglue-native-k8192,aliked,lightglue,native,8192,995,100_0010_0081.JPG,100_0010_0082.JPG,8192,8192,3425,3247,0.948029197080292,396.3623046875,0.859375,0.78125,0.9516968131065369,False,ok,0.06848600000375882
D2_111_nadir,aliked-lightglue-native-k8192,aliked,lightglue,native,8192,996,100_0010_0081.JPG,100_0010_0083.JPG,8192,8192,2465,2143,0.8693711967545639,261.5966796875,0.640625,0.625,0.9058889150619507,False,ok,0.0684873999998672
D2_111_nadir,aliked-lightglue-native-k8192,aliked,lightglue,native,8192,997,100_0010_0081.JPG,100_0010_0084.JPG,8192,8192,1618,1250,0.7725587144622992,152.587890625,0.5,0.46875,0.8651611804962158,False,ok,0.06869809998897836
D2_111_nadir,aliked-lightglue-native-k8192,aliked,lightglue,native,8192,998,100_0010_0081.JPG,100_0010_0085.JPG,8192,8192,1401,996,0.7109207708779444,121.58203125,0.375,0.375,0.8251630663871765,False,ok,0.06431859999429435
D2_111_nadir,aliked-lightglue-native-k8192,aliked,lightglue,native,8192,999,100_0010_0081.JPG,100_0010_0086.JPG,8192,8192,1371,956,0.6973012399708242,116.69921875,0.359375,0.34375,0.8280758261680603,False,ok,0.06452970000100322
D2_111_nadir,aliked-lightglue-native-k8192,aliked,lightglue,native,8192,1000,100_0010_0081.JPG,100_0010_0087.JPG,8192,8192,1268,877,0.6916403785488959,107.0556640625,0.3125,0.296875,0.8212414383888245,False,ok,0.06427180000173394
D2_111_nadir,aliked-lightglue-native-k8192,aliked,lightglue,native,8192,1001,100_0010_0081.JPG,100_0010_0088.JPG,8192,8192,1243,871,0.7007240547063556,106.3232421875,0.28125,0.28125,0.8173260688781738,False,ok,0.06383839999034535
D2_111_nadir,aliked-lightglue-native-k8192,aliked,lightglue,native,8192,1002,100_0010_0081.JPG,100_0010_0089.JPG,8192,8192,1817,1490,0.8200330214639515,181.884765625,0.46875,0.46875,0.8724512457847595,False,ok,0.06656849999853875
D2_111_nadir,aliked-lightglue-native-k8192,aliked,lightglue,native,8192,1003,100_0010_0081.JPG,100_0010_0090.JPG,8192,8192,2265,1981,0.8746136865342163,241.8212890625,0.609375,0.5625,0.8917216062545776,False,ok,0.06749040000431705
D2_111_nadir,aliked-lightglue-native-k8192,aliked,lightglue,native,8192,1004,100_0010_0081.JPG,100_0010_0091.JPG,8192,8192,2877,2630,0.9141466805700382,321.044921875,0.75,0.75,0.9166038632392883,False,ok,0.07259529999282677
D2_111_nadir,aliked-lightglue-native-k8192,aliked,lightglue,native,8192,1005,100_0010_0081.JPG,100_0010_0092.JPG,8192,8192,2316,2077,0.896804835924007,253.5400390625,0.65625,0.65625,0.9191831350326538,False,ok,0.06835580000188202
D2_111_nadir,aliked-lightglue-native-k8192,aliked,lightglue,native,8192,1006,100_0010_0081.JPG,100_0010_0093.JPG,8192,8192,1253,1027,0.819632881085395,125.3662109375,0.515625,0.546875,0.8662604093551636,False,ok,0.06363590000546537
D2_111_nadir,aliked-lightglue-native-k8192,aliked,lightglue,native,8192,1007,100_0010_0081.JPG,100_0010_0094.JPG,8192,8192,598,411,0.6872909698996655,50.1708984375,0.375,0.375,0.7936478853225708,False,ok,0.06958179999492131
D2_111_nadir,aliked-lightglue-native-k8192,aliked,lightglue,native,8192,1008,100_0010_0082.JPG,100_0010_0083.JPG,8192,8192,3433,3225,0.9394115933585785,393.6767578125,0.875,0.875,0.9543316960334778,False,ok,0.07488150001154281
D2_111_nadir,aliked-lightglue-native-k8192,aliked,lightglue,native,8192,1009,100_0010_0082.JPG,100_0010_0084.JPG,8192,8192,2378,2051,0.8624894869638352,250.3662109375,0.625,0.640625,0.911532998085022,False,ok,0.07284419999632519
D2_111_nadir,aliked-lightglue-native-k8192,aliked,lightglue,native,8192,1010,100_0010_0082.JPG,100_0010_0085.JPG,8192,8192,2147,1738,0.8095016301816488,212.158203125,0.59375,0.625,0.8743725419044495,False,ok,0.07583560000057332
D2_111_nadir,aliked-lightglue-native-k8192,aliked,lightglue,native,8192,1011,100_0010_0082.JPG,100_0010_0086.JPG,8192,8192,2051,1644,0.8015602145294978,200.68359375,0.515625,0.546875,0.8737409710884094,False,ok,0.0693089999986114
D2_111_nadir,aliked-lightglue-native-k8192,aliked,lightglue,native,8192,1012,100_0010_0082.JPG,100_0010_0087.JPG,8192,8192,1884,1462,0.7760084925690022,178.466796875,0.46875,0.46875,0.8574872016906738,False,ok,0.07307290000608191
D2_111_nadir,aliked-lightglue-native-k8192,aliked,lightglue,native,8192,1013,100_0010_0082.JPG,100_0010_0088.JPG,8192,8192,1786,1458,0.8163493840985442,177.978515625,0.46875,0.46875,0.8662421107292175,False,ok,0.06788699999742676
D2_111_nadir,aliked-lightglue-native-k8192,aliked,lightglue,native,8192,1014,100_0010_0082.JPG,100_0010_0089.JPG,8192,8192,2337,2057,0.8801882755669662,251.0986328125,0.65625,0.640625,0.9010903239250183,False,ok,0.0735287999996217
D2_111_nadir,aliked-lightglue-native-k8192,aliked,lightglue,native,8192,1015,100_0010_0082.JPG,100_0010_0090.JPG,8192,8192,2786,2516,0.9030868628858578,307.12890625,0.75,0.75,0.9131053686141968,False,ok,0.07412000000476837
D2_111_nadir,aliked-lightglue-native-k8192,aliked,lightglue,native,8192,1016,100_0010_0082.JPG,100_0010_0091.JPG,8192,8192,2420,2106,0.8702479338842976,257.080078125,0.65625,0.640625,0.8976189494132996,False,ok,0.0734154999954626
D2_111_nadir,aliked-lightglue-native-k8192,aliked,lightglue,native,8192,1017,100_0010_0082.JPG,100_0010_0092.JPG,8192,8192,1720,1408,0.8186046511627907,171.875,0.53125,0.546875,0.8669579029083252,False,ok,0.06511730000784155
D2_111_nadir,aliked-lightglue-native-k8192,aliked,lightglue,native,8192,1018,100_0010_0082.JPG,100_0010_0093.JPG,8192,8192,872,634,0.7270642201834863,77.392578125,0.375,0.34375,0.816419243812561,False,ok,0.05793709999124985
D2_111_nadir,aliked-lightglue-native-k8192,aliked,lightglue,native,8192,1019,100_0010_0083.JPG,100_0010_0084.JPG,8192,8192,3170,2969,0.9365930599369086,362.4267578125,0.875,0.875,0.9528863430023193,False,ok,0.07426540000597015
D2_111_nadir,aliked-lightglue-native-k8192,aliked,lightglue,native,8192,1020,100_0010_0083.JPG,100_0010_0085.JPG,8192,8192,2769,2519,0.9097146984470929,307.4951171875,0.75,0.75,0.934471845626831,False,ok,0.07240830000955611
D2_111_nadir,aliked-lightglue-native-k8192,aliked,lightglue,native,8192,1021,100_0010_0083.JPG,100_0010_0086.JPG,8192,8192,2528,2256,0.8924050632911392,275.390625,0.65625,0.65625,0.9151906967163086,False,ok,0.07486269999935757
D2_111_nadir,aliked-lightglue-native-k8192,aliked,lightglue,native,8192,1022,100_0010_0083.JPG,100_0010_0087.JPG,8192,8192,2141,1865,0.8710882765063055,227.6611328125,0.5625,0.5625,0.8964928388595581,False,ok,0.07486820001213346
D2_111_nadir,aliked-lightglue-native-k8192,aliked,lightglue,native,8192,1023,100_0010_0083.JPG,100_0010_0088.JPG,8192,8192,2107,1827,0.867109634551495,223.0224609375,0.59375,0.59375,0.8957715630531311,False,ok,0.07443620001140516
D2_111_nadir,aliked-lightglue-native-k8192,aliked,lightglue,native,8192,1024,100_0010_0083.JPG,100_0010_0089.JPG,8192,8192,2712,2465,0.9089233038348082,300.9033203125,0.75,0.75,0.9154515266418457,False,ok,0.07642009999835864
D2_111_nadir,aliked-lightglue-native-k8192,aliked,lightglue,native,8192,1025,100_0010_0083.JPG,100_0010_0090.JPG,8192,8192,2433,2152,0.884504726674887,262.6953125,0.65625,0.65625,0.9075484871864319,False,ok,0.07464690000051633
D2_111_nadir,aliked-lightglue-native-k8192,aliked,lightglue,native,8192,1026,100_0010_0083.JPG,100_0010_0091.JPG,8192,8192,1880,1521,0.8090425531914893,185.6689453125,0.5625,0.546875,0.8601545691490173,False,ok,0.06844489999639336
D2_111_nadir,aliked-lightglue-native-k8192,aliked,lightglue,native,8192,1027,100_0010_0083.JPG,100_0010_0092.JPG,8192,8192,1275,968,0.7592156862745097,118.1640625,0.375,0.375,0.8448190689086914,False,ok,0.06013600000005681
D2_111_nadir,aliked-lightglue-native-k8192,aliked,lightglue,native,8192,1028,100_0010_0084.JPG,100_0010_0085.JPG,8192,8192,3925,3797,0.9673885350318472,463.5009765625,1.0,1.0,0.9734914898872375,False,ok,0.0679251999972621
D2_111_nadir,aliked-lightglue-native-k8192,aliked,lightglue,native,8192,1029,100_0010_0084.JPG,100_0010_0086.JPG,8192,8192,3211,3057,0.952039862971037,373.1689453125,0.859375,0.875,0.951773464679718,False,ok,0.07705320000241045
D2_111_nadir,aliked-lightglue-native-k8192,aliked,lightglue,native,8192,1030,100_0010_0084.JPG,100_0010_0087.JPG,8192,8192,2655,2426,0.9137476459510357,296.142578125,0.734375,0.75,0.9180465340614319,False,ok,0.07765439999639057
D2_111_nadir,aliked-lightglue-native-k8192,aliked,lightglue,native,8192,1031,100_0010_0084.JPG,100_0010_0088.JPG,8192,8192,2558,2360,0.9225957779515246,288.0859375,0.734375,0.75,0.9250704646110535,False,ok,0.0761144999996759
D2_111_nadir,aliked-lightglue-native-k8192,aliked,lightglue,native,8192,1032,100_0010_0084.JPG,100_0010_0089.JPG,8192,8192,2311,2033,0.8797057550843791,248.1689453125,0.65625,0.640625,0.9064038395881653,False,ok,0.07416399999056011
D2_111_nadir,aliked-lightglue-native-k8192,aliked,lightglue,native,8192,1033,100_0010_0084.JPG,100_0010_0090.JPG,8192,8192,1848,1527,0.8262987012987013,186.4013671875,0.546875,0.546875,0.877997875213623,False,ok,0.06963119999272749
D2_111_nadir,aliked-lightglue-native-k8192,aliked,lightglue,native,8192,1034,100_0010_0084.JPG,100_0010_0091.JPG,8192,8192,1351,968,0.7165062916358254,118.1640625,0.375,0.375,0.8190245032310486,False,ok,0.06764959999418352
D2_111_nadir,aliked-lightglue-native-k8192,aliked,lightglue,native,8192,1035,100_0010_0084.JPG,100_0010_0092.JPG,8192,8192,762,527,0.6916010498687664,64.3310546875,0.21875,0.265625,0.8055928349494934,False,ok,0.05740799999330193
D2_111_nadir,aliked-lightglue-native-k8192,aliked,lightglue,native,8192,1036,100_0010_0085.JPG,100_0010_0086.JPG,8192,8192,3453,3309,0.9582971329278888,403.9306640625,0.875,0.875,0.9532877802848816,False,ok,0.07703520001086872
D2_111_nadir,aliked-lightglue-native-k8192,aliked,lightglue,native,8192,1037,100_0010_0085.JPG,100_0010_0087.JPG,8192,8192,2741,2533,0.9241152863918278,309.2041015625,0.75,0.75,0.925271213054657,False,ok,0.07833020000543911
D2_111_nadir,aliked-lightglue-native-k8192,aliked,lightglue,native,8192,1038,100_0010_0085.JPG,100_0010_0088.JPG,8192,8192,2657,2426,0.9130598419269853,296.142578125,0.75,0.75,0.9199861288070679,False,ok,0.07721550000132993
D2_111_nadir,aliked-lightglue-native-k8192,aliked,lightglue,native,8192,1039,100_0010_0085.JPG,100_0010_0089.JPG,8192,8192,2082,1805,0.866954851104707,220.3369140625,0.65625,0.609375,0.9019903540611267,False,ok,0.07295849999354687
D2_111_nadir,aliked-lightglue-native-k8192,aliked,lightglue,native,8192,1040,100_0010_0085.JPG,100_0010_0090.JPG,8192,8192,1679,1355,0.8070279928528886,165.4052734375,0.46875,0.46875,0.8641710877418518,False,ok,0.07057129999157041
D2_111_nadir,aliked-lightglue-native-k8192,aliked,lightglue,native,8192,1041,100_0010_0085.JPG,100_0010_0091.JPG,8192,8192,1224,813,0.6642156862745098,99.2431640625,0.375,0.328125,0.7988262176513672,False,ok,0.06607369999983348
D2_111_nadir,aliked-lightglue-native-k8192,aliked,lightglue,native,8192,1042,100_0010_0085.JPG,100_0010_0092.JPG,8192,8192,631,410,0.6497622820919176,50.048828125,0.1875,0.1875,0.7849917411804199,False,ok,0.05665410000074189
D2_111_nadir,aliked-lightglue-native-k8192,aliked,lightglue,native,8192,1043,100_0010_0085.JPG,100_0010_0093.JPG,8192,8192,11,7,0.6363636363636364,0.8544921875,0.109375,0.09375,0.18394871056079865,True,ok,0.1448711999983061
D2_111_nadir,aliked-lightglue-native-k8192,aliked,lightglue,native,8192,1044,100_0010_0086.JPG,100_0010_0087.JPG,8192,8192,3688,3591,0.9736984815618221,438.3544921875,0.9375,0.9375,0.9637193083763123,False,ok,0.07511809999414254
D2_111_nadir,aliked-lightglue-native-k8192,aliked,lightglue,native,8192,1045,100_0010_0086.JPG,100_0010_0088.JPG,8192,8192,3547,3437,0.9689878770792218,419.5556640625,0.875,0.875,0.9602429866790771,False,ok,0.07707650000520516
D2_111_nadir,aliked-lightglue-native-k8192,aliked,lightglue,native,8192,1046,100_0010_0086.JPG,100_0010_0089.JPG,8192,8192,2690,2432,0.9040892193308551,296.875,0.765625,0.703125,0.9207624197006226,False,ok,0.07554299999901559
D2_111_nadir,aliked-lightglue-native-k8192,aliked,lightglue,native,8192,1047,100_0010_0086.JPG,100_0010_0090.JPG,8192,8192,2112,1781,0.8432765151515151,217.4072265625,0.546875,0.546875,0.8888401389122009,False,ok,0.07098790000600275
D2_111_nadir,aliked-lightglue-native-k8192,aliked,lightglue,native,8192,1048,100_0010_0086.JPG,100_0010_0091.JPG,8192,8192,1527,1106,0.7242960052390308,135.009765625,0.4375,0.375,0.8282850384712219,False,ok,0.06903800000145566
D2_111_nadir,aliked-lightglue-native-k8192,aliked,lightglue,native,8192,1049,100_0010_0086.JPG,100_0010_0092.JPG,8192,8192,844,567,0.6718009478672986,69.2138671875,0.21875,0.21875,0.8175420761108398,False,ok,0.06254699999408331
D2_111_nadir,aliked-lightglue-native-k8192,aliked,lightglue,native,8192,1050,100_0010_0086.JPG,100_0010_0093.JPG,8192,8192,10,8,0.8,0.9765625,0.046875,0.078125,0.33161506056785583,True,ok,0.14527039999666158
D2_111_nadir,aliked-lightglue-native-k8192,aliked,lightglue,native,8192,1051,100_0010_0086.JPG,100_0010_0094.JPG,8192,8192,11,8,0.7272727272727273,0.9765625,0.09375,0.109375,0.18594588339328766,True,ok,0.14437110000289977
D2_111_nadir,aliked-lightglue-native-k8192,aliked,lightglue,native,8192,1052,100_0010_0087.JPG,100_0010_0088.JPG,8192,8192,4399,4343,0.9872698340531939,530.1513671875,1.0,1.0,0.9818409085273743,False,ok,0.06799850000243168
D2_111_nadir,aliked-lightglue-native-k8192,aliked,lightglue,native,8192,1053,100_0010_0087.JPG,100_0010_0089.JPG,8192,8192,3037,2756,0.9074744813961146,336.42578125,0.875,0.796875,0.9275370240211487,False,ok,0.0760803000011947
D2_111_nadir,aliked-lightglue-native-k8192,aliked,lightglue,native,8192,1054,100_0010_0087.JPG,100_0010_0090.JPG,8192,8192,2495,1987,0.7963927855711422,242.5537109375,0.625,0.625,0.8817639946937561,False,ok,0.08385639998596162
D2_111_nadir,aliked-lightglue-native-k8192,aliked,lightglue,native,8192,1055,100_0010_0087.JPG,100_0010_0091.JPG,8192,8192,1708,1243,0.727751756440281,151.7333984375,0.5,0.453125,0.8585811853408813,False,ok,0.07624709999072365
D2_111_nadir,aliked-lightglue-native-k8192,aliked,lightglue,native,8192,1056,100_0010_0087.JPG,100_0010_0092.JPG,8192,8192,956,652,0.6820083682008368,79.58984375,0.25,0.25,0.8196179866790771,False,ok,0.061623100002179854
D2_111_nadir,aliked-lightglue-native-k8192,aliked,lightglue,native,8192,1057,100_0010_0087.JPG,100_0010_0093.JPG,8192,8192,8,0,0.0,0.0,0.0,0.0,0.26158764958381653,True,no_model,0.14561399999365676
D2_111_nadir,aliked-lightglue-native-k8192,aliked,lightglue,native,8192,1058,100_0010_0087.JPG,100_0010_0094.JPG,8192,8192,16,8,0.5,0.9765625,0.09375,0.125,0.24996671080589294,True,ok,0.14482800000405405
D2_111_nadir,aliked-lightglue-native-k8192,aliked,lightglue,native,8192,1059,100_0010_0087.JPG,100_0010_0095.JPG,8192,8192,10,7,0.7,0.8544921875,0.09375,0.078125,0.19557282328605652,True,ok,0.14414839999517426
D2_111_nadir,aliked-lightglue-native-k8192,aliked,lightglue,native,8192,1060,100_0010_0088.JPG,100_0010_0089.JPG,8192,8192,3171,2891,0.9116997792494481,352.9052734375,0.859375,0.796875,0.9292076826095581,False,ok,0.07511859999794979
D2_111_nadir,aliked-lightglue-native-k8192,aliked,lightglue,native,8192,1061,100_0010_0088.JPG,100_0010_0090.JPG,8192,8192,2473,2050,0.8289526890416499,250.244140625,0.625,0.625,0.8884583115577698,False,ok,0.07460700000228826
D2_111_nadir,aliked-lightglue-native-k8192,aliked,lightglue,native,8192,1062,100_0010_0088.JPG,100_0010_0091.JPG,8192,8192,1754,1252,0.7137970353477765,152.83203125,0.5,0.4375,0.8569554686546326,False,ok,0.07653369999025017
D2_111_nadir,aliked-lightglue-native-k8192,aliked,lightglue,native,8192,1063,100_0010_0088.JPG,100_0010_0092.JPG,8192,8192,1002,678,0.6766467065868264,82.763671875,0.25,0.25,0.8262029886245728,False,ok,0.05959689999872353
D2_111_nadir,aliked-lightglue-native-k8192,aliked,lightglue,native,8192,1064,100_0010_0088.JPG,100_0010_0093.JPG,8192,8192,96,34,0.3541666666666667,4.150390625,0.046875,0.046875,0.5339377522468567,False,ok,0.14556889999948908
D2_111_nadir,aliked-lightglue-native-k8192,aliked,lightglue,native,8192,1065,100_0010_0088.JPG,100_0010_0094.JPG,8192,8192,10,7,0.7,0.8544921875,0.09375,0.109375,0.20454585552215576,True,ok,0.14398809999693185
D2_111_nadir,aliked-lightglue-native-k8192,aliked,lightglue,native,8192,1066,100_0010_0088.JPG,100_0010_0095.JPG,8192,8192,15,8,0.5333333333333333,0.9765625,0.09375,0.109375,0.2576543688774109,True,ok,0.14413800000329502
D2_111_nadir,aliked-lightglue-native-k8192,aliked,lightglue,native,8192,1067,100_0010_0088.JPG,100_0010_0096.JPG,8192,8192,13,8,0.6153846153846154,0.9765625,0.109375,0.109375,0.20173470675945282,True,ok,0.14402289999998175
D2_111_nadir,aliked-lightglue-native-k8192,aliked,lightglue,native,8192,1068,100_0010_0089.JPG,100_0010_0090.JPG,8192,8192,3528,3276,0.9285714285714286,399.90234375,0.875,0.875,0.9456347227096558,False,ok,0.07776379999995697
D2_111_nadir,aliked-lightglue-native-k8192,aliked,lightglue,native,8192,1069,100_0010_0089.JPG,100_0010_0091.JPG,8192,8192,2650,2235,0.8433962264150944,272.8271484375,0.6875,0.640625,0.891432523727417,False,ok,0.07279170000401791
D2_111_nadir,aliked-lightglue-native-k8192,aliked,lightglue,native,8192,1070,100_0010_0089.JPG,100_0010_0092.JPG,8192,8192,1842,1461,0.7931596091205212,178.3447265625,0.5,0.5,0.8763637542724609,False,ok,0.06215749999682885
D2_111_nadir,aliked-lightglue-native-k8192,aliked,lightglue,native,8192,1071,100_0010_0089.JPG,100_0010_0093.JPG,8192,8192,830,519,0.6253012048192771,63.3544921875,0.25,0.25,0.7752974033355713,False,ok,0.06003989999589976
D2_111_nadir,aliked-lightglue-native-k8192,aliked,lightglue,native,8192,1072,100_0010_0089.JPG,100_0010_0094.JPG,8192,8192,71,25,0.352112676056338,3.0517578125,0.09375,0.078125,0.5093833804130554,False,ok,0.12428650000947528
D2_111_nadir,aliked-lightglue-native-k8192,aliked,lightglue,native,8192,1073,100_0010_0089.JPG,100_0010_0095.JPG,8192,8192,13,8,0.6153846153846154,0.9765625,0.09375,0.09375,0.15950043499469757,True,ok,0.1446700999949826
D2_111_nadir,aliked-lightglue-native-k8192,aliked,lightglue,native,8192,1074,100_0010_0089.JPG,100_0010_0096.JPG,8192,8192,11,7,0.6363636363636364,0.8544921875,0.09375,0.078125,0.23340710997581482,True,ok,0.14374600000155624
D2_111_nadir,aliked-lightglue-native-k8192,aliked,lightglue,native,8192,1075,100_0010_0089.JPG,100_0010_0097.JPG,8192,8192,14,8,0.5714285714285714,0.9765625,0.109375,0.125,0.15429864823818207,True,ok,0.10652620000473689
D2_111_nadir,aliked-lightglue-native-k8192,aliked,lightglue,native,8192,1076,100_0010_0090.JPG,100_0010_0091.JPG,8192,8192,3521,3209,0.9113888099971599,391.7236328125,0.875,0.84375,0.9265190958976746,False,ok,0.0748477000015555
D2_111_nadir,aliked-lightglue-native-k8192,aliked,lightglue,native,8192,1077,100_0010_0090.JPG,100_0010_0092.JPG,8192,8192,2389,2041,0.8543323566345752,249.1455078125,0.640625,0.625,0.9016801118850708,False,ok,0.06534629999077879
D2_111_nadir,aliked-lightglue-native-k8192,aliked,lightglue,native,8192,1078,100_0010_0090.JPG,100_0010_0093.JPG,8192,8192,1200,855,0.7125,104.3701171875,0.46875,0.46875,0.8128271698951721,False,ok,0.061175499999080785
D2_111_nadir,aliked-lightglue-native-k8192,aliked,lightglue,native,8192,1079,100_0010_0090.JPG,100_0010_0094.JPG,8192,8192,435,245,0.5632183908045977,29.9072265625,0.234375,0.234375,0.7064531445503235,False,ok,0.057795200002146885
D2_111_nadir,aliked-lightglue-native-k8192,aliked,lightglue,native,8192,1080,100_0010_0090.JPG,100_0010_0095.JPG,8192,8192,96,32,0.3333333333333333,3.90625,0.09375,0.109375,0.5062322020530701,False,ok,0.10428899999533314
D2_111_nadir,aliked-lightglue-native-k8192,aliked,lightglue,native,8192,1081,100_0010_0090.JPG,100_0010_0096.JPG,8192,8192,19,9,0.47368421052631576,1.0986328125,0.09375,0.09375,0.2693360447883606,True,ok,0.12537840000004508
D2_111_nadir,aliked-lightglue-native-k8192,aliked,lightglue,native,8192,1082,100_0010_0090.JPG,100_0010_0097.JPG,8192,8192,15,8,0.5333333333333333,0.9765625,0.109375,0.125,0.21527068316936493,True,ok,0.1065966999885859
D2_111_nadir,aliked-lightglue-native-k8192,aliked,lightglue,native,8192,1083,100_0010_0090.JPG,100_0010_0098.JPG,8192,8192,13,8,0.6153846153846154,0.9765625,0.109375,0.109375,0.2096005231142044,True,ok,0.10614299999724608
D2_111_nadir,aliked-lightglue-native-k8192,aliked,lightglue,native,8192,1084,100_0010_0091.JPG,100_0010_0092.JPG,8192,8192,3458,3208,0.9277038750722961,391.6015625,0.875,0.875,0.9443864822387695,False,ok,0.0698495999968145
D2_111_nadir,aliked-lightglue-native-k8192,aliked,lightglue,native,8192,1085,100_0010_0091.JPG,100_0010_0093.JPG,8192,8192,1764,1480,0.8390022675736961,180.6640625,0.625,0.625,0.8811670541763306,False,ok,0.061088000002200715
D2_111_nadir,aliked-lightglue-native-k8192,aliked,lightglue,native,8192,1086,100_0010_0091.JPG,100_0010_0094.JPG,8192,8192,793,565,0.712484237074401,68.9697265625,0.484375,0.484375,0.787099301815033,False,ok,0.056900299998233095
D2_111_nadir,aliked-lightglue-native-k8192,aliked,lightglue,native,8192,1087,100_0010_0091.JPG,100_0010_0095.JPG,8192,8192,422,249,0.590047393364929,30.3955078125,0.28125,0.25,0.7227073311805725,False,ok,0.06485090000205673
D2_111_nadir,aliked-lightglue-native-k8192,aliked,lightglue,native,8192,1088,100_0010_0091.JPG,100_0010_0096.JPG,8192,8192,145,52,0.3586206896551724,6.34765625,0.15625,0.15625,0.5250177979469299,False,ok,0.07336219999706373
D2_111_nadir,aliked-lightglue-native-k8192,aliked,lightglue,native,8192,1089,100_0010_0091.JPG,100_0010_0097.JPG,8192,8192,9,7,0.7777777777777778,0.8544921875,0.109375,0.078125,0.17486973106861115,True,ok,0.10707410000031814
D2_111_nadir,aliked-lightglue-native-k8192,aliked,lightglue,native,8192,1090,100_0010_0091.JPG,100_0010_0098.JPG,8192,8192,13,8,0.6153846153846154,0.9765625,0.09375,0.09375,0.1925647109746933,True,ok,0.10626549999869894
D2_111_nadir,aliked-lightglue-native-k8192,aliked,lightglue,native,8192,1091,100_0010_0091.JPG,100_0010_0099.JPG,8192,8192,9,7,0.7777777777777778,0.8544921875,0.109375,0.09375,0.1474849134683609,True,ok,0.10664579999865964
D2_111_nadir,aliked-lightglue-native-k8192,aliked,lightglue,native,8192,1092,100_0010_0092.JPG,100_0010_0093.JPG,8192,8192,3008,2728,0.9069148936170213,333.0078125,0.859375,0.875,0.9287017583847046,False,ok,0.07006570001249202
D2_111_nadir,aliked-lightglue-native-k8192,aliked,lightglue,native,8192,1093,100_0010_0092.JPG,100_0010_0094.JPG,8192,8192,1706,1433,0.8399765533411488,174.9267578125,0.625,0.625,0.8797902464866638,False,ok,0.06500869999581482
D2_111_nadir,aliked-lightglue-native-k8192,aliked,lightglue,native,8192,1094,100_0010_0092.JPG,100_0010_0095.JPG,8192,8192,1128,855,0.7579787234042553,104.3701171875,0.453125,0.484375,0.8264660239219666,False,ok,0.05992780000087805
D2_111_nadir,aliked-lightglue-native-k8192,aliked,lightglue,native,8192,1095,100_0010_0092.JPG,100_0010_0096.JPG,8192,8192,746,538,0.7211796246648794,65.673828125,0.25,0.25,0.8135456442832947,False,ok,0.05484040000010282
D2_111_nadir,aliked-lightglue-native-k8192,aliked,lightglue,native,8192,1096,100_0010_0092.JPG,100_0010_0097.JPG,8192,8192,319,205,0.6426332288401254,25.0244140625,0.109375,0.109375,0.7817210555076599,False,ok,0.06860889999370556
D2_111_nadir,aliked-lightglue-native-k8192,aliked,lightglue,native,8192,1097,100_0010_0092.JPG,100_0010_0098.JPG,8192,8192,7,0,0.0,0.0,0.0,0.0,0.15922774374485016,True,too_few_matches,0.1248827999952482
D2_111_nadir,aliked-lightglue-native-k8192,aliked,lightglue,native,8192,1098,100_0010_0092.JPG,100_0010_0099.JPG,8192,8192,17,8,0.47058823529411764,0.9765625,0.125,0.125,0.1625880002975464,True,ok,0.10701059999701101
D2_111_nadir,aliked-lightglue-native-k8192,aliked,lightglue,native,8192,1099,100_0010_0092.JPG,100_0010_0100.JPG,8192,8192,12,7,0.5833333333333334,0.8544921875,0.09375,0.09375,0.1750614047050476,True,ok,0.10630919999675825
D2_111_nadir,aliked-lightglue-native-k8192,aliked,lightglue,native,8192,1100,100_0010_0093.JPG,100_0010_0094.JPG,8192,8192,3382,3188,0.9426374926079243,389.16015625,0.875,0.875,0.9529305696487427,False,ok,0.07162689999677241
D2_111_nadir,aliked-lightglue-native-k8192,aliked,lightglue,native,8192,1101,100_0010_0093.JPG,100_0010_0095.JPG,8192,8192,2336,2059,0.8814212328767124,251.3427734375,0.609375,0.625,0.9237978458404541,False,ok,0.06906670000171289
D2_111_nadir,aliked-lightglue-native-k8192,aliked,lightglue,native,8192,1102,100_0010_0093.JPG,100_0010_0096.JPG,8192,8192,1778,1474,0.829021372328459,179.931640625,0.5,0.5,0.8922746777534485,False,ok,0.06284160001087002
D2_111_nadir,aliked-lightglue-native-k8192,aliked,lightglue,native,8192,1103,100_0010_0093.JPG,100_0010_0097.JPG,8192,8192,1301,1008,0.7747886241352806,123.046875,0.25,0.25,0.8535448908805847,False,ok,0.05912510000052862
D2_111_nadir,aliked-lightglue-native-k8192,aliked,lightglue,native,8192,1104,100_0010_0093.JPG,100_0010_0098.JPG,8192,8192,231,118,0.5108225108225108,14.404296875,0.125,0.125,0.6495215892791748,False,ok,0.0703780000039842
D2_111_nadir,aliked-lightglue-native-k8192,aliked,lightglue,native,8192,1105,100_0010_0093.JPG,100_0010_0099.JPG,8192,8192,5,0,0.0,0.0,0.0,0.0,0.22124207019805908,True,too_few_matches,0.12475370000174735
D2_111_nadir,aliked-lightglue-native-k8192,aliked,lightglue,native,8192,1106,100_0010_0093.JPG,100_0010_0100.JPG,8192,8192,10,7,0.7,0.8544921875,0.109375,0.09375,0.2053261697292328,True,ok,0.14477320000878535
D2_111_nadir,aliked-lightglue-native-k8192,aliked,lightglue,native,8192,1107,100_0010_0093.JPG,100_0010_0101.JPG,8192,8192,32,9,0.28125,1.0986328125,0.140625,0.140625,0.18488505482673645,True,ok,0.106507699994836
D2_111_nadir,aliked-lightglue-native-k8192,aliked,lightglue,native,8192,1108,100_0010_0094.JPG,100_0010_0095.JPG,8192,8192,3664,3481,0.9500545851528385,424.9267578125,0.859375,0.875,0.9634242653846741,False,ok,0.06800500000827014
D2_111_nadir,aliked-lightglue-native-k8192,aliked,lightglue,native,8192,1109,100_0010_0094.JPG,100_0010_0096.JPG,8192,8192,2699,2497,0.9251574657280475,304.8095703125,0.640625,0.625,0.9477977752685547,False,ok,0.0688180999859469
D2_111_nadir,aliked-lightglue-native-k8192,aliked,lightglue,native,8192,1110,100_0010_0094.JPG,100_0010_0097.JPG,8192,8192,1969,1753,0.8902996444895886,213.9892578125,0.484375,0.5,0.9349732995033264,False,ok,0.063752599991858
D2_111_nadir,aliked-lightglue-native-k8192,aliked,lightglue,native,8192,1111,100_0010_0094.JPG,100_0010_0098.JPG,8192,8192,1132,952,0.8409893992932862,116.2109375,0.25,0.25,0.8870406746864319,False,ok,0.057895299993106164
D2_111_nadir,aliked-lightglue-native-k8192,aliked,lightglue,native,8192,1112,100_0010_0094.JPG,100_0010_0099.JPG,8192,8192,220,98,0.44545454545454544,11.962890625,0.125,0.125,0.6233631372451782,False,ok,0.06707269999606069
D2_111_nadir,aliked-lightglue-native-k8192,aliked,lightglue,native,8192,1113,100_0010_0094.JPG,100_0010_0100.JPG,8192,8192,14,7,0.5,0.8544921875,0.078125,0.09375,0.1825103759765625,True,ok,0.12491399999998976
D2_111_nadir,aliked-lightglue-native-k8192,aliked,lightglue,native,8192,1114,100_0010_0094.JPG,100_0010_0101.JPG,8192,8192,23,8,0.34782608695652173,0.9765625,0.09375,0.125,0.23401764035224915,True,ok,0.10707470000488684
D2_111_nadir,aliked-lightglue-native-k8192,aliked,lightglue,native,8192,1115,100_0010_0094.JPG,100_0010_0102.JPG,8192,8192,24,9,0.375,1.0986328125,0.125,0.140625,0.14703793823719025,True,ok,0.10616399999707937
D2_111_nadir,aliked-lightglue-native-k8192,aliked,lightglue,native,8192,1116,100_0010_0095.JPG,100_0010_0096.JPG,8192,8192,3584,3460,0.9654017857142857,422.36328125,0.875,0.875,0.9755910038948059,False,ok,0.06766699999570847
D2_111_nadir,aliked-lightglue-native-k8192,aliked,lightglue,native,8192,1117,100_0010_0095.JPG,100_0010_0097.JPG,8192,8192,2675,2482,0.9278504672897196,302.978515625,0.625,0.625,0.9531476497650146,False,ok,0.0687154999905033
D2_111_nadir,aliked-lightglue-native-k8192,aliked,lightglue,native,8192,1118,100_0010_0095.JPG,100_0010_0098.JPG,8192,8192,1785,1615,0.9047619047619048,197.1435546875,0.5,0.5,0.9474088549613953,False,ok,0.06324280000990257
D2_111_nadir,aliked-lightglue-native-k8192,aliked,lightglue,native,8192,1119,100_0010_0095.JPG,100_0010_0099.JPG,8192,8192,1067,873,0.8181818181818182,106.5673828125,0.25,0.25,0.8839970231056213,False,ok,0.056568899992271326
D2_111_nadir,aliked-lightglue-native-k8192,aliked,lightglue,native,8192,1120,100_0010_0095.JPG,100_0010_0100.JPG,8192,8192,122,64,0.5245901639344263,7.8125,0.109375,0.109375,0.6263556480407715,False,ok,0.1442285999946762
D2_111_nadir,aliked-lightglue-native-k8192,aliked,lightglue,native,8192,1121,100_0010_0095.JPG,100_0010_0101.JPG,8192,8192,5,0,0.0,0.0,0.0,0.0,0.13875193893909454,True,too_few_matches,0.1253014000103576
D2_111_nadir,aliked-lightglue-native-k8192,aliked,lightglue,native,8192,1122,100_0010_0095.JPG,100_0010_0102.JPG,8192,8192,18,8,0.4444444444444444,0.9765625,0.125,0.09375,0.19513145089149475,True,ok,0.1071498000092106
D2_111_nadir,aliked-lightglue-native-k8192,aliked,lightglue,native,8192,1123,100_0010_0095.JPG,100_0010_0103.JPG,8192,8192,1999,1351,0.6758379189594798,164.9169921875,0.90625,0.5,0.831780731678009,False,ok,0.099735799987684
D2_111_nadir,aliked-lightglue-native-k8192,aliked,lightglue,native,8192,1124,100_0010_0096.JPG,100_0010_0097.JPG,8192,8192,3585,3496,0.9751743375174338,426.7578125,0.875,0.875,0.9807864427566528,False,ok,0.0681551000016043
D2_111_nadir,aliked-lightglue-native-k8192,aliked,lightglue,native,8192,1125,100_0010_0096.JPG,100_0010_0098.JPG,8192,8192,2439,2276,0.933169331693317,277.83203125,0.625,0.625,0.957851231098175,False,ok,0.0679558999981964
D2_111_nadir,aliked-lightglue-native-k8192,aliked,lightglue,native,8192,1126,100_0010_0096.JPG,100_0010_0099.JPG,8192,8192,1733,1531,0.8834391229082516,186.8896484375,0.5,0.484375,0.9273109436035156,False,ok,0.06291879998752847
D2_111_nadir,aliked-lightglue-native-k8192,aliked,lightglue,native,8192,1127,100_0010_0096.JPG,100_0010_0100.JPG,8192,8192,1065,852,0.8,104.00390625,0.25,0.25,0.865590512752533,False,ok,0.05711470000096597
D2_111_nadir,aliked-lightglue-native-k8192,aliked,lightglue,native,8192,1128,100_0010_0096.JPG,100_0010_0101.JPG,8192,8192,8,7,0.875,0.8544921875,0.09375,0.109375,0.16203947365283966,True,ok,0.14594560000114143
D2_111_nadir,aliked-lightglue-native-k8192,aliked,lightglue,native,8192,1129,100_0010_0096.JPG,100_0010_0102.JPG,8192,8192,11,7,0.6363636363636364,0.8544921875,0.109375,0.0625,0.1729290634393692,True,ok,0.12626590000581928
D2_111_nadir,aliked-lightglue-native-k8192,aliked,lightglue,native,8192,1130,100_0010_0096.JPG,100_0010_0103.JPG,8192,8192,2232,1764,0.7903225806451613,215.33203125,0.984375,0.59375,0.8687694668769836,False,ok,0.08703380000952166
D2_111_nadir,aliked-lightglue-native-k8192,aliked,lightglue,native,8192,1131,100_0010_0096.JPG,100_0010_0104.JPG,8192,8192,2153,1738,0.8072457036692986,212.158203125,0.890625,0.515625,0.8904511332511902,False,ok,0.07856509998964611
D2_111_nadir,aliked-lightglue-native-k8192,aliked,lightglue,native,8192,1132,100_0010_0096.JPG,100_0010_0106.JPG,8192,8192,1338,1017,0.7600896860986547,124.1455078125,0.453125,0.328125,0.863540530204773,False,ok,0.0633844000112731
D2_111_nadir,aliked-lightglue-native-k8192,aliked,lightglue,native,8192,1133,100_0010_0097.JPG,100_0010_0098.JPG,8192,8192,3358,3253,0.9687313877307921,397.0947265625,0.875,0.84375,0.9755670428276062,False,ok,0.06813200000033248
D2_111_nadir,aliked-lightglue-native-k8192,aliked,lightglue,native,8192,1134,100_0010_0097.JPG,100_0010_0099.JPG,8192,8192,2492,2303,0.9241573033707865,281.1279296875,0.625,0.625,0.9531254172325134,False,ok,0.0681652000057511
D2_111_nadir,aliked-lightglue-native-k8192,aliked,lightglue,native,8192,1135,100_0010_0097.JPG,100_0010_0100.JPG,8192,8192,1863,1595,0.8561460010735373,194.7021484375,0.5,0.484375,0.9121498465538025,False,ok,0.061674700002186
D2_111_nadir,aliked-lightglue-native-k8192,aliked,lightglue,native,8192,1136,100_0010_0097.JPG,100_0010_0101.JPG,8192,8192,890,638,0.7168539325842697,77.880859375,0.25,0.21875,0.8076280355453491,False,ok,0.055520699999760836
D2_111_nadir,aliked-lightglue-native-k8192,aliked,lightglue,native,8192,1137,100_0010_0097.JPG,100_0010_0102.JPG,8192,8192,710,489,0.6887323943661972,59.6923828125,0.25,0.21875,0.8019938468933105,False,ok,0.060753100013243966
D2_111_nadir,aliked-lightglue-native-k8192,aliked,lightglue,native,8192,1138,100_0010_0097.JPG,100_0010_0103.JPG,8192,8192,2067,1666,0.8059990324141267,203.369140625,0.859375,0.5625,0.8848200440406799,False,ok,0.07887739999569021
D2_111_nadir,aliked-lightglue-native-k8192,aliked,lightglue,native,8192,1139,100_0010_0097.JPG,100_0010_0104.JPG,8192,8192,1839,1484,0.8069603045133225,181.15234375,0.703125,0.453125,0.8816779851913452,False,ok,0.07046630000695586
D2_111_nadir,aliked-lightglue-native-k8192,aliked,lightglue,native,8192,1140,100_0010_0097.JPG,100_0010_0105.JPG,8192,8192,1453,1131,0.7783895388850653,138.0615234375,0.53125,0.375,0.8612125515937805,False,ok,0.06924920000892598
D2_111_nadir,aliked-lightglue-native-k8192,aliked,lightglue,native,8192,1141,100_0010_0097.JPG,100_0010_0106.JPG,8192,8192,1085,761,0.7013824884792627,92.8955078125,0.34375,0.25,0.832724392414093,False,ok,0.06373029999667779
D2_111_nadir,aliked-lightglue-native-k8192,aliked,lightglue,native,8192,1142,100_0010_0098.JPG,100_0010_0099.JPG,8192,8192,3410,3276,0.9607038123167155,399.90234375,0.875,0.84375,0.9669665098190308,False,ok,0.06867230001080316
D2_111_nadir,aliked-lightglue-native-k8192,aliked,lightglue,native,8192,1143,100_0010_0098.JPG,100_0010_0100.JPG,8192,8192,2491,2288,0.918506623845845,279.296875,0.609375,0.609375,0.9487349987030029,False,ok,0.07076909999886993
D2_111_nadir,aliked-lightglue-native-k8192,aliked,lightglue,native,8192,1144,100_0010_0098.JPG,100_0010_0101.JPG,8192,8192,1441,1192,0.8272033310201249,145.5078125,0.453125,0.421875,0.8871719837188721,False,ok,0.06273809999402147
D2_111_nadir,aliked-lightglue-native-k8192,aliked,lightglue,native,8192,1145,100_0010_0098.JPG,100_0010_0102.JPG,8192,8192,1245,998,0.8016064257028113,121.826171875,0.375,0.359375,0.8654630184173584,False,ok,0.059694800002034754
D2_111_nadir,aliked-lightglue-native-k8192,aliked,lightglue,native,8192,1146,100_0010_0098.JPG,100_0010_0103.JPG,8192,8192,1705,1393,0.817008797653959,170.0439453125,0.65625,0.46875,0.8875939249992371,False,ok,0.07122779999917839
D2_111_nadir,aliked-lightglue-native-k8192,aliked,lightglue,native,8192,1147,100_0010_0098.JPG,100_0010_0104.JPG,8192,8192,1382,1130,0.8176555716353111,137.939453125,0.46875,0.40625,0.886904239654541,False,ok,0.06580909999320284
D2_111_nadir,aliked-lightglue-native-k8192,aliked,lightglue,native,8192,1148,100_0010_0098.JPG,100_0010_0105.JPG,8192,8192,997,777,0.7793380140421263,94.8486328125,0.296875,0.28125,0.8688515424728394,False,ok,0.0633875000057742
D2_111_nadir,aliked-lightglue-native-k8192,aliked,lightglue,native,8192,1149,100_0010_0098.JPG,100_0010_0106.JPG,8192,8192,570,399,0.7,48.7060546875,0.171875,0.171875,0.8359224796295166,False,ok,0.057166899990988895
D2_111_nadir,aliked-lightglue-native-k8192,aliked,lightglue,native,8192,1150,100_0010_0099.JPG,100_0010_0100.JPG,8192,8192,3306,3132,0.9473684210526315,382.32421875,0.875,0.796875,0.9568222165107727,False,ok,0.07469049999781419
D2_111_nadir,aliked-lightglue-native-k8192,aliked,lightglue,native,8192,1151,100_0010_0099.JPG,100_0010_0101.JPG,8192,8192,2030,1772,0.8729064039408867,216.30859375,0.625,0.578125,0.8970891237258911,False,ok,0.06896859999687877
D2_111_nadir,aliked-lightglue-native-k8192,aliked,lightglue,native,8192,1152,100_0010_0099.JPG,100_0010_0102.JPG,8192,8192,1817,1524,0.8387451843698404,186.03515625,0.625,0.53125,0.8794665336608887,False,ok,0.0671029999939492
D2_111_nadir,aliked-lightglue-native-k8192,aliked,lightglue,native,8192,1153,100_0010_0099.JPG,100_0010_0103.JPG,8192,8192,1363,1090,0.7997065297138665,133.056640625,0.46875,0.359375,0.892026424407959,False,ok,0.06399159999273252
D2_111_nadir,aliked-lightglue-native-k8192,aliked,lightglue,native,8192,1154,100_0010_0099.JPG,100_0010_0104.JPG,8192,8192,1015,826,0.8137931034482758,100.830078125,0.328125,0.328125,0.8902419805526733,False,ok,0.060369999991962686
D2_111_nadir,aliked-lightglue-native-k8192,aliked,lightglue,native,8192,1155,100_0010_0099.JPG,100_0010_0105.JPG,8192,8192,497,404,0.8128772635814889,49.31640625,0.1875,0.1875,0.8726893663406372,False,ok,0.05903010000474751
D2_111_nadir,aliked-lightglue-native-k8192,aliked,lightglue,native,8192,1156,100_0010_0099.JPG,100_0010_0106.JPG,8192,8192,11,7,0.6363636363636364,0.8544921875,0.109375,0.078125,0.14534717798233032,True,ok,0.14508849999401718
D2_111_nadir,aliked-lightglue-native-k8192,aliked,lightglue,native,8192,1157,100_0010_0099.JPG,100_0010_0107.JPG,8192,8192,2,0,0.0,0.0,0.0,0.0,0.11571361124515533,True,too_few_matches,0.1457556000095792
D2_111_nadir,aliked-lightglue-native-k8192,aliked,lightglue,native,8192,1158,100_0010_0100.JPG,100_0010_0101.JPG,8192,8192,2922,2614,0.894592744695414,319.091796875,0.859375,0.8125,0.9018126726150513,False,ok,0.0776830999966478
D2_111_nadir,aliked-lightglue-native-k8192,aliked,lightglue,native,8192,1159,100_0010_0100.JPG,100_0010_0102.JPG,8192,8192,2600,2269,0.8726923076923077,276.9775390625,0.78125,0.75,0.8889952898025513,False,ok,0.07541460001084488
D2_111_nadir,aliked-lightglue-native-k8192,aliked,lightglue,native,8192,1160,100_0010_0100.JPG,100_0010_0103.JPG,8192,8192,893,731,0.8185890257558791,89.2333984375,0.265625,0.234375,0.8891159892082214,False,ok,0.0571712000091793
D2_111_nadir,aliked-lightglue-native-k8192,aliked,lightglue,native,8192,1161,100_0010_0100.JPG,100_0010_0104.JPG,8192,8192,414,295,0.7125603864734299,36.0107421875,0.109375,0.125,0.8145025968551636,False,ok,0.060314499991363846
D2_111_nadir,aliked-lightglue-native-k8192,aliked,lightglue,native,8192,1162,100_0010_0100.JPG,100_0010_0105.JPG,8192,8192,7,0,0.0,0.0,0.0,0.0,0.12576235830783844,True,too_few_matches,0.14483330000075512
D2_111_nadir,aliked-lightglue-native-k8192,aliked,lightglue,native,8192,1163,100_0010_0100.JPG,100_0010_0106.JPG,8192,8192,12,7,0.5833333333333334,0.8544921875,0.0625,0.0625,0.18458963930606842,True,ok,0.12464769999496639
D2_111_nadir,aliked-lightglue-native-k8192,aliked,lightglue,native,8192,1164,100_0010_0100.JPG,100_0010_0107.JPG,8192,8192,4,0,0.0,0.0,0.0,0.0,0.32936543226242065,True,too_few_matches,0.12616320000961423
D2_111_nadir,aliked-lightglue-native-k8192,aliked,lightglue,native,8192,1165,100_0010_0100.JPG,100_0010_0108.JPG,8192,8192,21,9,0.42857142857142855,1.0986328125,0.09375,0.140625,0.18997809290885925,True,ok,0.1071512999915285
D2_111_nadir,aliked-lightglue-native-k8192,aliked,lightglue,native,8192,1166,100_0010_0101.JPG,100_0010_0102.JPG,8192,8192,4206,3929,0.9341417023300047,479.6142578125,1.0,1.0,0.9437574744224548,False,ok,0.07936350000090897
D2_111_nadir,aliked-lightglue-native-k8192,aliked,lightglue,native,8192,1167,100_0010_0101.JPG,100_0010_0103.JPG,8192,8192,190,92,0.4842105263157895,11.23046875,0.078125,0.09375,0.6298723220825195,False,ok,0.08709709999675397
D2_111_nadir,aliked-lightglue-native-k8192,aliked,lightglue,native,8192,1168,100_0010_0101.JPG,100_0010_0104.JPG,8192,8192,88,10,0.11363636363636363,1.220703125,0.125,0.125,0.18921302258968353,True,ok,0.0679182000021683
D2_111_nadir,aliked-lightglue-native-k8192,aliked,lightglue,native,8192,1169,100_0010_0101.JPG,100_0010_0105.JPG,8192,8192,102,9,0.08823529411764706,1.0986328125,0.125,0.125,0.2078905999660492,True,ok,0.06830540001101326
D2_111_nadir,aliked-lightglue-native-k8192,aliked,lightglue,native,8192,1170,100_0010_0101.JPG,100_0010_0106.JPG,8192,8192,8,7,0.875,0.8544921875,0.09375,0.09375,0.24162529408931732,True,ok,0.12426149999373592
D2_111_nadir,aliked-lightglue-native-k8192,aliked,lightglue,native,8192,1171,100_0010_0101.JPG,100_0010_0107.JPG,8192,8192,103,10,0.0970873786407767,1.220703125,0.125,0.109375,0.1972159445285797,True,ok,0.06778159999521449
D2_111_nadir,aliked-lightglue-native-k8192,aliked,lightglue,native,8192,1172,100_0010_0101.JPG,100_0010_0108.JPG,8192,8192,118,11,0.09322033898305085,1.3427734375,0.140625,0.125,0.17982620000839233,True,ok,0.0682197999994969
D2_111_nadir,aliked-lightglue-native-k8192,aliked,lightglue,native,8192,1173,100_0010_0101.JPG,100_0010_0109.JPG,8192,8192,99,9,0.09090909090909091,1.0986328125,0.109375,0.140625,0.21977294981479645,True,ok,0.06772799999453127
D2_111_nadir,aliked-lightglue-native-k8192,aliked,lightglue,native,8192,1174,100_0010_0102.JPG,100_0010_0103.JPG,8192,8192,38,10,0.2631578947368421,1.220703125,0.125,0.109375,0.17787639796733856,True,ok,0.10677969999960624
D2_111_nadir,aliked-lightglue-native-k8192,aliked,lightglue,native,8192,1175,100_0010_0102.JPG,100_0010_0104.JPG,8192,8192,87,10,0.11494252873563218,1.220703125,0.125,0.140625,0.19249363243579865,True,ok,0.06791389999852981
D2_111_nadir,aliked-lightglue-native-k8192,aliked,lightglue,native,8192,1176,100_0010_0102.JPG,100_0010_0105.JPG,8192,8192,86,10,0.11627906976744186,1.220703125,0.125,0.125,0.2210218757390976,True,ok,0.06747660000110045
D2_111_nadir,aliked-lightglue-native-k8192,aliked,lightglue,native,8192,1177,100_0010_0102.JPG,100_0010_0106.JPG,8192,8192,128,12,0.09375,1.46484375,0.140625,0.140625,0.2189694494009018,True,ok,0.06745909999881405
D2_111_nadir,aliked-lightglue-native-k8192,aliked,lightglue,native,8192,1178,100_0010_0102.JPG,100_0010_0107.JPG,8192,8192,106,10,0.09433962264150944,1.220703125,0.109375,0.140625,0.20871490240097046,True,ok,0.06746480001311284
D2_111_nadir,aliked-lightglue-native-k8192,aliked,lightglue,native,8192,1179,100_0010_0102.JPG,100_0010_0108.JPG,8192,8192,95,11,0.11578947368421053,1.3427734375,0.15625,0.140625,0.2229558229446411,True,ok,0.06814250000752509
D2_111_nadir,aliked-lightglue-native-k8192,aliked,lightglue,native,8192,1180,100_0010_0102.JPG,100_0010_0109.JPG,8192,8192,15,8,0.5333333333333333,0.9765625,0.109375,0.125,0.1539660543203354,True,ok,0.10697339999023825
D2_111_nadir,aliked-lightglue-native-k8192,aliked,lightglue,native,8192,1181,100_0010_0102.JPG,100_0010_0110.JPG,8192,8192,24,9,0.375,1.0986328125,0.125,0.078125,0.24116112291812897,True,ok,0.10613329999614507
D2_111_nadir,aliked-lightglue-native-k8192,aliked,lightglue,native,8192,1182,100_0010_0103.JPG,100_0010_0104.JPG,8192,8192,3554,3314,0.9324704558244232,404.541015625,0.875,1.0,0.9451135396957397,False,ok,0.0680146000086097
D2_111_nadir,aliked-lightglue-native-k8192,aliked,lightglue,native,8192,1183,100_0010_0103.JPG,100_0010_0105.JPG,8192,8192,2601,2190,0.8419838523644751,267.333984375,0.703125,1.0,0.9092128872871399,False,ok,0.07718999999633525
D2_111_nadir,aliked-lightglue-native-k8192,aliked,lightglue,native,8192,1184,100_0010_0103.JPG,100_0010_0106.JPG,8192,8192,1979,1414,0.7145022738756948,172.607421875,0.5625,1.0,0.8249329328536987,False,ok,0.08604100000229664
D2_111_nadir,aliked-lightglue-native-k8192,aliked,lightglue,native,8192,1185,100_0010_0103.JPG,100_0010_0107.JPG,8192,8192,1604,971,0.6053615960099751,118.5302734375,0.5,0.9375,0.7935453057289124,False,ok,0.11711730000388343
D2_111_nadir,aliked-lightglue-native-k8192,aliked,lightglue,native,8192,1186,100_0010_0103.JPG,100_0010_0108.JPG,8192,8192,1321,652,0.49356548069644207,79.58984375,0.34375,0.859375,0.7117084264755249,False,ok,0.09377010000753216
D2_111_nadir,aliked-lightglue-native-k8192,aliked,lightglue,native,8192,1187,100_0010_0103.JPG,100_0010_0109.JPG,8192,8192,1089,485,0.44536271808999084,59.2041015625,0.328125,0.796875,0.6562856435775757,False,ok,0.09452869999222457
D2_111_nadir,aliked-lightglue-native-k8192,aliked,lightglue,native,8192,1188,100_0010_0103.JPG,100_0010_0110.JPG,8192,8192,905,375,0.4143646408839779,45.7763671875,0.234375,0.796875,0.6277159452438354,False,ok,0.108505399999558
D2_111_nadir,aliked-lightglue-native-k8192,aliked,lightglue,native,8192,1189,100_0010_0103.JPG,100_0010_0111.JPG,8192,8192,745,255,0.3422818791946309,31.1279296875,0.21875,0.703125,0.5391212105751038,False,ok,0.11965290000080131
D2_111_nadir,aliked-lightglue-native-k8192,aliked,lightglue,native,8192,1190,100_0010_0104.JPG,100_0010_0105.JPG,8192,8192,3475,3202,0.9214388489208634,390.869140625,0.875,1.0,0.9419455528259277,False,ok,0.06832939999003429
D2_111_nadir,aliked-lightglue-native-k8192,aliked,lightglue,native,8192,1191,100_0010_0104.JPG,100_0010_0106.JPG,8192,8192,2470,2103,0.851417004048583,256.7138671875,0.671875,1.0,0.8949127793312073,False,ok,0.07747150000068359
D2_111_nadir,aliked-lightglue-native-k8192,aliked,lightglue,native,8192,1192,100_0010_0104.JPG,100_0010_0107.JPG,8192,8192,1881,1320,0.7017543859649122,161.1328125,0.5625,0.984375,0.8176687359809875,False,ok,0.08385289998841472
D2_111_nadir,aliked-lightglue-native-k8192,aliked,lightglue,native,8192,1193,100_0010_0104.JPG,100_0010_0108.JPG,8192,8192,1419,838,0.5905567300916138,102.294921875,0.46875,0.859375,0.7925095558166504,False,ok,0.09223019999626558
D2_111_nadir,aliked-lightglue-native-k8192,aliked,lightglue,native,8192,1194,100_0010_0104.JPG,100_0010_0109.JPG,8192,8192,1177,643,0.546304163126593,78.4912109375,0.359375,0.828125,0.7164506912231445,False,ok,0.13202520000049844
D2_111_nadir,aliked-lightglue-native-k8192,aliked,lightglue,native,8192,1195,100_0010_0104.JPG,100_0010_0110.JPG,8192,8192,1027,465,0.4527750730282376,56.7626953125,0.3125,0.78125,0.6558979749679565,False,ok,0.1778619999968214
D2_111_nadir,aliked-lightglue-native-k8192,aliked,lightglue,native,8192,1196,100_0010_0104.JPG,100_0010_0111.JPG,8192,8192,883,396,0.44847112117780297,48.33984375,0.21875,0.734375,0.6721810698509216,False,ok,0.20585910000954755
D2_111_nadir,aliked-lightglue-native-k8192,aliked,lightglue,native,8192,1197,100_0010_0105.JPG,100_0010_0106.JPG,8192,8192,3429,3190,0.9303003791192768,389.404296875,0.859375,1.0,0.9420922994613647,False,ok,0.10486750000563916
D2_111_nadir,aliked-lightglue-native-k8192,aliked,lightglue,native,8192,1198,100_0010_0105.JPG,100_0010_0107.JPG,8192,8192,2376,2038,0.8577441077441077,248.779296875,0.671875,1.0,0.8990704417228699,False,ok,0.07720200000039767
D2_111_nadir,aliked-lightglue-native-k8192,aliked,lightglue,native,8192,1199,100_0010_0105.JPG,100_0010_0108.JPG,8192,8192,1741,1312,0.7535898908673176,160.15625,0.5625,1.0,0.8343359231948853,False,ok,0.07700869999825954
D2_111_nadir,aliked-lightglue-native-k8192,aliked,lightglue,native,8192,1200,100_0010_0105.JPG,100_0010_0109.JPG,8192,8192,1394,851,0.6104734576757532,103.8818359375,0.46875,0.9375,0.7588253021240234,False,ok,0.08131589999538846
D2_111_nadir,aliked-lightglue-native-k8192,aliked,lightglue,native,8192,1201,100_0010_0105.JPG,100_0010_0110.JPG,8192,8192,1177,653,0.5548003398470688,79.7119140625,0.34375,0.8125,0.7495685815811157,False,ok,0.13984200000413693
D2_111_nadir,aliked-lightglue-native-k8192,aliked,lightglue,native,8192,1202,100_0010_0105.JPG,100_0010_0111.JPG,8192,8192,1094,528,0.4826325411334552,64.453125,0.3125,0.78125,0.7044594883918762,False,ok,0.08761469999444671
D2_111_nadir,aliked-lightglue-native-k8192,aliked,lightglue,native,8192,1203,100_0010_0106.JPG,100_0010_0107.JPG,8192,8192,3333,3098,0.9294929492949295,378.173828125,0.859375,1.0,0.9387235641479492,False,ok,0.07812640001066029
D2_111_nadir,aliked-lightglue-native-k8192,aliked,lightglue,native,8192,1204,100_0010_0106.JPG,100_0010_0108.JPG,8192,8192,2341,1974,0.843229389149936,240.966796875,0.671875,1.0,0.8989928364753723,False,ok,0.12633099999220576
D2_111_nadir,aliked-lightglue-native-k8192,aliked,lightglue,native,8192,1205,100_0010_0106.JPG,100_0010_0109.JPG,8192,8192,1747,1297,0.7424155695477962,158.3251953125,0.5625,0.953125,0.835927426815033,False,ok,0.15752820001216605
D2_111_nadir,aliked-lightglue-native-k8192,aliked,lightglue,native,8192,1206,100_0010_0106.JPG,100_0010_0110.JPG,8192,8192,1492,931,0.6239946380697051,113.6474609375,0.484375,0.96875,0.76345294713974,False,ok,0.13740740000503138
D2_111_nadir,aliked-lightglue-native-k8192,aliked,lightglue,native,8192,1207,100_0010_0106.JPG,100_0010_0111.JPG,8192,8192,1324,737,0.5566465256797583,89.9658203125,0.359375,0.828125,0.772028923034668,False,ok,0.08832229999825358
D2_111_nadir,aliked-lightglue-native-k8192,aliked,lightglue,native,8192,1208,100_0010_0107.JPG,100_0010_0108.JPG,8192,8192,3378,3117,0.9227353463587922,380.4931640625,0.84375,1.0,0.9313592910766602,False,ok,0.0691919999953825
D2_111_nadir,aliked-lightglue-native-k8192,aliked,lightglue,native,8192,1209,100_0010_0107.JPG,100_0010_0109.JPG,8192,8192,2370,2045,0.8628691983122363,249.6337890625,0.65625,1.0,0.9016532301902771,False,ok,0.07384939999610651
D2_111_nadir,aliked-lightglue-native-k8192,aliked,lightglue,native,8192,1210,100_0010_0107.JPG,100_0010_0110.JPG,8192,8192,1789,1371,0.7663499161542762,167.3583984375,0.59375,1.0,0.8389697670936584,False,ok,0.12345279999135528
D2_111_nadir,aliked-lightglue-native-k8192,aliked,lightglue,native,8192,1211,100_0010_0107.JPG,100_0010_0111.JPG,8192,8192,1609,1029,0.6395276569297701,125.6103515625,0.46875,0.875,0.8255967497825623,False,ok,0.08799679999356158
D2_111_nadir,aliked-lightglue-native-k8192,aliked,lightglue,native,8192,1212,100_0010_0108.JPG,100_0010_0109.JPG,8192,8192,3415,3206,0.9387994143484627,391.357421875,0.84375,1.0,0.9503352642059326,False,ok,0.07578739999735262
D2_111_nadir,aliked-lightglue-native-k8192,aliked,lightglue,native,8192,1213,100_0010_0108.JPG,100_0010_0110.JPG,8192,8192,2453,2077,0.8467183041174072,253.5400390625,0.65625,1.0,0.9049634337425232,False,ok,0.1068303000065498
D2_111_nadir,aliked-lightglue-native-k8192,aliked,lightglue,native,8192,1214,100_0010_0108.JPG,100_0010_0111.JPG,8192,8192,1909,1507,0.7894185437401781,183.9599609375,0.5625,0.984375,0.8646522164344788,False,ok,0.13139320000482257
D2_111_nadir,aliked-lightglue-native-k8192,aliked,lightglue,native,8192,1215,100_0010_0109.JPG,100_0010_0110.JPG,8192,8192,3465,3309,0.9549783549783549,403.9306640625,0.859375,1.0,0.9632750749588013,False,ok,0.0985478999937186
D2_111_nadir,aliked-lightglue-native-k8192,aliked,lightglue,native,8192,1216,100_0010_0109.JPG,100_0010_0111.JPG,8192,8192,2555,2216,0.8673189823874755,270.5078125,0.671875,1.0,0.9188166856765747,False,ok,0.08986700000241399
D2_111_nadir,aliked-lightglue-native-k8192,aliked,lightglue,native,8192,1217,100_0010_0110.JPG,100_0010_0111.JPG,8192,8192,3437,3298,0.9595577538551062,402.587890625,0.859375,1.0,0.9675766229629517,False,ok,0.06806210000650026
