dataset,config,front_end,matcher,working_resolution,keypoint_budget,pair_index,image1,image2,keypoints_image1,keypoints_image2,raw_matches,verified_inliers,inlier_ratio,inliers_per_1000_keypoints,coverage_image1,coverage_image2,mean_match_score,failed_pair,verification_status,seconds
D2_111_nadir,disk-lightglue-r2048-k8192,disk,lightglue,2048,8192,1,100_0010_0001.JPG,100_0010_0002.JPG,8192,8192,4182,3939,0.9418938307030129,480.8349609375,0.625,0.71875,0.9739646911621094,False,ok,0.257009900000412
D2_111_nadir,disk-lightglue-r2048-k8192,disk,lightglue,2048,8192,2,100_0010_0001.JPG,100_0010_0003.JPG,8192,8192,2594,2410,0.9290670778720124,294.189453125,0.46875,0.484375,0.9732854962348938,False,ok,0.1138070000015432
D2_111_nadir,disk-lightglue-r2048-k8192,disk,lightglue,2048,8192,3,100_0010_0001.JPG,100_0010_0004.JPG,8192,8192,1479,1327,0.8972278566599053,161.9873046875,0.328125,0.375,0.9479835033416748,False,ok,0.1202865999948699
D2_111_nadir,disk-lightglue-r2048-k8192,disk,lightglue,2048,8192,4,100_0010_0001.JPG,100_0010_0005.JPG,8192,8192,204,157,0.7696078431372549,19.1650390625,0.171875,0.171875,0.8665560483932495,False,ok,0.1433365999982925
D2_111_nadir,disk-lightglue-r2048-k8192,disk,lightglue,2048,8192,5,100_0010_0001.JPG,100_0010_0006.JPG,8192,8192,14,10,0.7142857142857143,1.220703125,0.0625,0.09375,0.21270325779914856,True,ok,0.18428990000393242
D2_111_nadir,disk-lightglue-r2048-k8192,disk,lightglue,2048,8192,6,100_0010_0001.JPG,100_0010_0007.JPG,8192,8192,13,9,0.6923076923076923,1.0986328125,0.0625,0.125,0.1719299703836441,True,ok,0.20139770000241697
D2_111_nadir,disk-lightglue-r2048-k8192,disk,lightglue,2048,8192,7,100_0010_0001.JPG,100_0010_0008.JPG,8192,8192,18,10,0.5555555555555556,1.220703125,0.09375,0.109375,0.250410795211792,True,ok,0.19192649998876732
D2_111_nadir,disk-lightglue-r2048-k8192,disk,lightglue,2048,8192,8,100_0010_0001.JPG,100_0010_0009.JPG,8192,8192,29,21,0.7241379310344828,2.5634765625,0.109375,0.109375,0.2455773949623108,False,ok,0.17844690001220442
D2_111_nadir,disk-lightglue-r2048-k8192,disk,lightglue,2048,8192,9,100_0010_0001.JPG,100_0010_0029.JPG,8192,8192,366,327,0.8934426229508197,39.9169921875,0.15625,0.15625,0.9113808870315552,False,ok,0.13226589999976568
D2_111_nadir,disk-lightglue-r2048-k8192,disk,lightglue,2048,8192,10,100_0010_0001.JPG,100_0010_0030.JPG,8192,8192,1370,1260,0.9197080291970803,153.80859375,0.328125,0.359375,0.9445129036903381,False,ok,0.14630680000118446
D2_111_nadir,disk-lightglue-r2048-k8192,disk,lightglue,2048,8192,11,100_0010_0001.JPG,100_0010_0031.JPG,8192,8192,2126,2016,0.9482596425211665,246.09375,0.40625,0.421875,0.9607676863670349,False,ok,0.13073249999433756
D2_111_nadir,disk-lightglue-r2048-k8192,disk,lightglue,2048,8192,12,100_0010_0001.JPG,100_0010_0032.JPG,8192,8192,3371,3200,0.9492732126965292,390.625,0.546875,0.53125,0.9592214226722717,False,ok,0.12723840000398923
D2_111_nadir,disk-lightglue-r2048-k8192,disk,lightglue,2048,8192,13,100_0010_0001.JPG,100_0010_0033.JPG,8192,8192,4310,4102,0.9517401392111369,500.732421875,0.640625,0.609375,0.9579103589057922,False,ok,0.12537500000325963
D2_111_nadir,disk-lightglue-r2048-k8192,disk,lightglue,2048,8192,14,100_0010_0001.JPG,100_0010_0034.JPG,8192,8192,4187,3962,0.9462622402674946,483.642578125,0.609375,0.640625,0.9568802714347839,False,ok,0.14381959999445826
D2_111_nadir,disk-lightglue-r2048-k8192,disk,lightglue,2048,8192,15,100_0010_0001.JPG,100_0010_0035.JPG,8192,8192,3522,3279,0.9310051107325383,400.2685546875,0.453125,0.484375,0.9511888027191162,False,ok,0.11125279999396298
D2_111_nadir,disk-lightglue-r2048-k8192,disk,lightglue,2048,8192,16,100_0010_0001.JPG,100_0010_0036.JPG,8192,8192,2592,2385,0.9201388888888888,291.1376953125,0.3125,0.390625,0.9580362439155579,False,ok,0.13966549999895506
D2_111_nadir,disk-lightglue-r2048-k8192,disk,lightglue,2048,8192,17,100_0010_0002.JPG,100_0010_0003.JPG,8192,8192,5094,4904,0.9627012171181782,598.6328125,0.75,0.796875,0.9842415452003479,False,ok,0.13550659999600612
D2_111_nadir,disk-lightglue-r2048-k8192,disk,lightglue,2048,8192,18,100_0010_0002.JPG,100_0010_0004.JPG,8192,8192,3377,3160,0.9357417826473201,385.7421875,0.59375,0.625,0.9819472432136536,False,ok,0.14969570000539534
D2_111_nadir,disk-lightglue-r2048-k8192,disk,lightglue,2048,8192,19,100_0010_0002.JPG,100_0010_0005.JPG,8192,8192,1980,1835,0.9267676767676768,223.9990234375,0.375,0.46875,0.9752400517463684,False,ok,0.13161959999706596
D2_111_nadir,disk-lightglue-r2048-k8192,disk,lightglue,2048,8192,20,100_0010_0002.JPG,100_0010_0006.JPG,8192,8192,1188,1113,0.9368686868686869,135.8642578125,0.25,0.25,0.9728133678436279,False,ok,0.12105070000689011
D2_111_nadir,disk-lightglue-r2048-k8192,disk,lightglue,2048,8192,21,100_0010_0002.JPG,100_0010_0007.JPG,8192,8192,21,13,0.6190476190476191,1.5869140625,0.125,0.125,0.2738702893257141,True,ok,0.18104609999863897
D2_111_nadir,disk-lightglue-r2048-k8192,disk,lightglue,2048,8192,22,100_0010_0002.JPG,100_0010_0008.JPG,8192,8192,29,19,0.6551724137931034,2.3193359375,0.109375,0.125,0.23339417576789856,False,ok,0.17790799999784213
D2_111_nadir,disk-lightglue-r2048-k8192,disk,lightglue,2048,8192,23,100_0010_0002.JPG,100_0010_0009.JPG,8192,8192,33,23,0.696969696969697,2.8076171875,0.09375,0.125,0.23071105778217316,False,ok,0.17570160000468604
D2_111_nadir,disk-lightglue-r2048-k8192,disk,lightglue,2048,8192,24,100_0010_0002.JPG,100_0010_0010.JPG,8192,8192,38,23,0.6052631578947368,2.8076171875,0.09375,0.109375,0.2675693929195404,False,ok,0.19027960000676103
D2_111_nadir,disk-lightglue-r2048-k8192,disk,lightglue,2048,8192,25,100_0010_0002.JPG,100_0010_0029.JPG,8192,8192,1434,1376,0.9595536959553695,167.96875,0.34375,0.359375,0.9760063886642456,False,ok,0.14690839999821037
D2_111_nadir,disk-lightglue-r2048-k8192,disk,lightglue,2048,8192,26,100_0010_0002.JPG,100_0010_0030.JPG,8192,8192,2659,2577,0.9691613388491914,314.5751953125,0.5,0.5625,0.9757576584815979,False,ok,0.13038550000055693
D2_111_nadir,disk-lightglue-r2048-k8192,disk,lightglue,2048,8192,27,100_0010_0002.JPG,100_0010_0031.JPG,8192,8192,3700,3580,0.9675675675675676,437.01171875,0.546875,0.546875,0.9780243039131165,False,ok,0.1450221999984933
D2_111_nadir,disk-lightglue-r2048-k8192,disk,lightglue,2048,8192,28,100_0010_0002.JPG,100_0010_0032.JPG,8192,8192,4404,4219,0.9579927338782924,515.0146484375,0.65625,0.640625,0.9713777899742126,False,ok,0.1321998000057647
D2_111_nadir,disk-lightglue-r2048-k8192,disk,lightglue,2048,8192,29,100_0010_0002.JPG,100_0010_0033.JPG,8192,8192,3311,3105,0.9377831470854726,379.0283203125,0.5,0.515625,0.9656172394752502,False,ok,0.1329760999942664
D2_111_nadir,disk-lightglue-r2048-k8192,disk,lightglue,2048,8192,30,100_0010_0002.JPG,100_0010_0034.JPG,8192,8192,3238,3063,0.9459542927733169,373.9013671875,0.5,0.5,0.9649707078933716,False,ok,0.13059690000955015
D2_111_nadir,disk-lightglue-r2048-k8192,disk,lightglue,2048,8192,31,100_0010_0002.JPG,100_0010_0035.JPG,8192,8192,2834,2638,0.9308398023994354,322.021484375,0.40625,0.421875,0.9618490934371948,False,ok,0.13172569999005646
D2_111_nadir,disk-lightglue-r2048-k8192,disk,lightglue,2048,8192,32,100_0010_0003.JPG,100_0010_0004.JPG,8192,8192,5370,5216,0.9713221601489758,636.71875,0.828125,0.875,0.9876176714897156,False,ok,0.12438310000288766
D2_111_nadir,disk-lightglue-r2048-k8192,disk,lightglue,2048,8192,33,100_0010_0003.JPG,100_0010_0005.JPG,8192,8192,3858,3683,0.954639709694142,449.5849609375,0.578125,0.578125,0.9893500804901123,False,ok,0.13096759999461938
D2_111_nadir,disk-lightglue-r2048-k8192,disk,lightglue,2048,8192,34,100_0010_0003.JPG,100_0010_0006.JPG,8192,8192,2847,2716,0.9539866526167896,331.54296875,0.4375,0.484375,0.9875832200050354,False,ok,0.12624219999997877
D2_111_nadir,disk-lightglue-r2048-k8192,disk,lightglue,2048,8192,35,100_0010_0003.JPG,100_0010_0007.JPG,8192,8192,1401,1324,0.9450392576730906,161.62109375,0.234375,0.25,0.9821582436561584,False,ok,0.144656299991766
D2_111_nadir,disk-lightglue-r2048-k8192,disk,lightglue,2048,8192,36,100_0010_0003.JPG,100_0010_0008.JPG,8192,8192,19,13,0.6842105263157895,1.5869140625,0.125,0.109375,0.2770181894302368,True,ok,0.18631469999672845
D2_111_nadir,disk-lightglue-r2048-k8192,disk,lightglue,2048,8192,37,100_0010_0003.JPG,100_0010_0009.JPG,8192,8192,37,23,0.6216216216216216,2.8076171875,0.15625,0.140625,0.27855271100997925,False,ok,0.1892606000037631
D2_111_nadir,disk-lightglue-r2048-k8192,disk,lightglue,2048,8192,38,100_0010_0003.JPG,100_0010_0010.JPG,8192,8192,41,20,0.4878048780487805,2.44140625,0.140625,0.140625,0.2251628339290619,False,ok,0.17959819998941384
D2_111_nadir,disk-lightglue-r2048-k8192,disk,lightglue,2048,8192,39,100_0010_0003.JPG,100_0010_0011.JPG,8192,8192,54,25,0.46296296296296297,3.0517578125,0.15625,0.125,0.26263150572776794,False,ok,0.17910959999426268
D2_111_nadir,disk-lightglue-r2048-k8192,disk,lightglue,2048,8192,40,100_0010_0003.JPG,100_0010_0028.JPG,8192,8192,2110,1979,0.9379146919431279,241.5771484375,0.375,0.375,0.9850272536277771,False,ok,0.1399018999945838
D2_111_nadir,disk-lightglue-r2048-k8192,disk,lightglue,2048,8192,41,100_0010_0003.JPG,100_0010_0029.JPG,8192,8192,2891,2819,0.9750951227948806,344.1162109375,0.5,0.5625,0.9856800436973572,False,ok,0.13874749999376945
D2_111_nadir,disk-lightglue-r2048-k8192,disk,lightglue,2048,8192,42,100_0010_0003.JPG,100_0010_0030.JPG,8192,8192,4172,4090,0.9803451581975072,499.267578125,0.640625,0.65625,0.9863293170928955,False,ok,0.11918880000303034
D2_111_nadir,disk-lightglue-r2048-k8192,disk,lightglue,2048,8192,43,100_0010_0003.JPG,100_0010_0031.JPG,8192,8192,4545,4386,0.9650165016501651,535.400390625,0.6875,0.625,0.9816597700119019,False,ok,0.13132470000709873
D2_111_nadir,disk-lightglue-r2048-k8192,disk,lightglue,2048,8192,44,100_0010_0003.JPG,100_0010_0032.JPG,8192,8192,3405,3213,0.9436123348017621,392.2119140625,0.515625,0.515625,0.9750379920005798,False,ok,0.1306851999979699
D2_111_nadir,disk-lightglue-r2048-k8192,disk,lightglue,2048,8192,45,100_0010_0003.JPG,100_0010_0033.JPG,8192,8192,2218,2020,0.9107303877366997,246.58203125,0.359375,0.390625,0.9640118479728699,False,ok,0.14432920000399463
D2_111_nadir,disk-lightglue-r2048-k8192,disk,lightglue,2048,8192,46,100_0010_0003.JPG,100_0010_0034.JPG,8192,8192,2178,1977,0.9077134986225895,241.3330078125,0.34375,0.34375,0.9639227986335754,False,ok,0.1224272999970708
D2_111_nadir,disk-lightglue-r2048-k8192,disk,lightglue,2048,8192,47,100_0010_0004.JPG,100_0010_0005.JPG,8192,8192,5561,5412,0.9732062578672901,660.64453125,0.828125,0.8125,0.9905930757522583,False,ok,0.1446049999940442
D2_111_nadir,disk-lightglue-r2048-k8192,disk,lightglue,2048,8192,48,100_0010_0004.JPG,100_0010_0006.JPG,8192,8192,4411,4232,0.959419632736341,516.6015625,0.609375,0.609375,0.9901311993598938,False,ok,0.11836819999734871
D2_111_nadir,disk-lightglue-r2048-k8192,disk,lightglue,2048,8192,49,100_0010_0004.JPG,100_0010_0007.JPG,8192,8192,2969,2849,0.9595823509599192,347.7783203125,0.46875,0.453125,0.989067018032074,False,ok,0.1393444000132149
D2_111_nadir,disk-lightglue-r2048-k8192,disk,lightglue,2048,8192,50,100_0010_0004.JPG,100_0010_0008.JPG,8192,8192,1400,1302,0.93,158.935546875,0.21875,0.21875,0.9717021584510803,False,ok,0.13244080000731628
D2_111_nadir,disk-lightglue-r2048-k8192,disk,lightglue,2048,8192,51,100_0010_0004.JPG,100_0010_0009.JPG,8192,8192,17,10,0.5882352941176471,1.220703125,0.078125,0.09375,0.2723437249660492,True,ok,0.18179760000202805
D2_111_nadir,disk-lightglue-r2048-k8192,disk,lightglue,2048,8192,52,100_0010_0004.JPG,100_0010_0010.JPG,8192,8192,32,17,0.53125,2.0751953125,0.125,0.15625,0.24621984362602234,False,ok,0.18575220000639092
D2_111_nadir,disk-lightglue-r2048-k8192,disk,lightglue,2048,8192,53,100_0010_0004.JPG,100_0010_0011.JPG,8192,8192,28,12,0.42857142857142855,1.46484375,0.125,0.125,0.25142472982406616,True,ok,0.22128140000859275
D2_111_nadir,disk-lightglue-r2048-k8192,disk,lightglue,2048,8192,54,100_0010_0004.JPG,100_0010_0012.JPG,8192,8192,19,10,0.5263157894736842,1.220703125,0.125,0.125,0.22394554316997528,True,ok,0.20995509999920614
D2_111_nadir,disk-lightglue-r2048-k8192,disk,lightglue,2048,8192,55,100_0010_0004.JPG,100_0010_0027.JPG,8192,8192,2412,2333,0.9672470978441128,284.7900390625,0.359375,0.375,0.9879276156425476,False,ok,0.14665450000029523
D2_111_nadir,disk-lightglue-r2048-k8192,disk,lightglue,2048,8192,56,100_0010_0004.JPG,100_0010_0028.JPG,8192,8192,3274,3190,0.9743433109346366,389.404296875,0.453125,0.5625,0.9904307126998901,False,ok,0.1332331999874441
D2_111_nadir,disk-lightglue-r2048-k8192,disk,lightglue,2048,8192,57,100_0010_0004.JPG,100_0010_0029.JPG,8192,8192,4122,4033,0.9784085395439107,492.3095703125,0.640625,0.640625,0.9872514605522156,False,ok,0.12744879999081604
D2_111_nadir,disk-lightglue-r2048-k8192,disk,lightglue,2048,8192,58,100_0010_0004.JPG,100_0010_0030.JPG,8192,8192,4840,4707,0.9725206611570248,574.5849609375,0.75,0.75,0.9844702482223511,False,ok,0.13750850000360515
D2_111_nadir,disk-lightglue-r2048-k8192,disk,lightglue,2048,8192,59,100_0010_0004.JPG,100_0010_0031.JPG,8192,8192,3647,3482,0.9547573347957226,425.048828125,0.5625,0.5625,0.9830960035324097,False,ok,0.14797530000214465
D2_111_nadir,disk-lightglue-r2048-k8192,disk,lightglue,2048,8192,60,100_0010_0004.JPG,100_0010_0032.JPG,8192,8192,2340,2150,0.9188034188034188,262.451171875,0.46875,0.390625,0.9674255847930908,False,ok,0.12843379999685567
D2_111_nadir,disk-lightglue-r2048-k8192,disk,lightglue,2048,8192,61,100_0010_0005.JPG,100_0010_0006.JPG,8192,8192,5903,5767,0.9769608673555819,703.9794921875,0.8125,0.8125,0.990291953086853,False,ok,0.12396069998794701
D2_111_nadir,disk-lightglue-r2048-k8192,disk,lightglue,2048,8192,62,100_0010_0005.JPG,100_0010_0007.JPG,8192,8192,4329,4144,0.9572649572649573,505.859375,0.5625,0.5625,0.9926604628562927,False,ok,0.12619480000284966
D2_111_nadir,disk-lightglue-r2048-k8192,disk,lightglue,2048,8192,63,100_0010_0005.JPG,100_0010_0008.JPG,8192,8192,2738,2564,0.9364499634769905,312.98828125,0.421875,0.390625,0.9894483685493469,False,ok,0.13731630000984296
D2_111_nadir,disk-lightglue-r2048-k8192,disk,lightglue,2048,8192,64,100_0010_0005.JPG,100_0010_0009.JPG,8192,8192,1152,1086,0.9427083333333334,132.568359375,0.203125,0.1875,0.982253909111023,False,ok,0.12535469999420457
D2_111_nadir,disk-lightglue-r2048-k8192,disk,lightglue,2048,8192,65,100_0010_0005.JPG,100_0010_0010.JPG,8192,8192,82,30,0.36585365853658536,3.662109375,0.078125,0.09375,0.41343259811401367,False,ok,0.190627099989797
D2_111_nadir,disk-lightglue-r2048-k8192,disk,lightglue,2048,8192,66,100_0010_0005.JPG,100_0010_0011.JPG,8192,8192,24,11,0.4583333333333333,1.3427734375,0.09375,0.09375,0.3087894022464752,True,ok,0.21892549999756739
D2_111_nadir,disk-lightglue-r2048-k8192,disk,lightglue,2048,8192,67,100_0010_0005.JPG,100_0010_0012.JPG,8192,8192,20,12,0.6,1.46484375,0.078125,0.0625,0.22102110087871552,True,ok,0.23057460000563879
D2_111_nadir,disk-lightglue-r2048-k8192,disk,lightglue,2048,8192,68,100_0010_0005.JPG,100_0010_0013.JPG,8192,8192,12,8,0.6666666666666666,0.9765625,0.09375,0.09375,0.25491446256637573,True,ok,0.23363919999974314
D2_111_nadir,disk-lightglue-r2048-k8192,disk,lightglue,2048,8192,69,100_0010_0005.JPG,100_0010_0026.JPG,8192,8192,2462,2361,0.9589764419171405,288.2080078125,0.375,0.375,0.9886903762817383,False,ok,0.14090900000883266
D2_111_nadir,disk-lightglue-r2048-k8192,disk,lightglue,2048,8192,70,100_0010_0005.JPG,100_0010_0027.JPG,8192,8192,3351,3289,0.9814980602805132,401.4892578125,0.5,0.546875,0.991858184337616,False,ok,0.12881130000459962
D2_111_nadir,disk-lightglue-r2048-k8192,disk,lightglue,2048,8192,71,100_0010_0005.JPG,100_0010_0028.JPG,8192,8192,4198,4121,0.9816579323487374,503.0517578125,0.65625,0.65625,0.9915883541107178,False,ok,0.13132739999855403
D2_111_nadir,disk-lightglue-r2048-k8192,disk,lightglue,2048,8192,72,100_0010_0005.JPG,100_0010_0029.JPG,8192,8192,4665,4506,0.9659163987138264,550.048828125,0.71875,0.71875,0.9901464581489563,False,ok,0.11919159999524709
D2_111_nadir,disk-lightglue-r2048-k8192,disk,lightglue,2048,8192,73,100_0010_0005.JPG,100_0010_0030.JPG,8192,8192,3879,3723,0.9597834493426141,454.4677734375,0.546875,0.546875,0.9897251725196838,False,ok,0.14152019999164622
D2_111_nadir,disk-lightglue-r2048-k8192,disk,lightglue,2048,8192,74,100_0010_0005.JPG,100_0010_0031.JPG,8192,8192,2530,2338,0.9241106719367589,285.400390625,0.453125,0.4375,0.9856489896774292,False,ok,0.1294796000001952
D2_111_nadir,disk-lightglue-r2048-k8192,disk,lightglue,2048,8192,75,100_0010_0006.JPG,100_0010_0007.JPG,8192,8192,5685,5566,0.9790677220756376,679.443359375,0.75,0.75,0.9907743334770203,False,ok,0.1325310999964131
D2_111_nadir,disk-lightglue-r2048-k8192,disk,lightglue,2048,8192,76,100_0010_0006.JPG,100_0010_0008.JPG,8192,8192,4117,3889,0.9446198688365315,474.7314453125,0.515625,0.5,0.9913851022720337,False,ok,0.13930210001126397
D2_111_nadir,disk-lightglue-r2048-k8192,disk,lightglue,2048,8192,77,100_0010_0006.JPG,100_0010_0009.JPG,8192,8192,2567,2413,0.9400077911959486,294.5556640625,0.390625,0.375,0.9902175664901733,False,ok,0.14396279999346007
D2_111_nadir,disk-lightglue-r2048-k8192,disk,lightglue,2048,8192,78,100_0010_0006.JPG,100_0010_0010.JPG,8192,8192,1345,1288,0.9576208178438662,157.2265625,0.1875,0.171875,0.9838353395462036,False,ok,0.13155120000010356
D2_111_nadir,disk-lightglue-r2048-k8192,disk,lightglue,2048,8192,79,100_0010_0006.JPG,100_0010_0011.JPG,8192,8192,278,135,0.4856115107913669,16.4794921875,0.109375,0.09375,0.6430608034133911,False,ok,0.16468620000523515
D2_111_nadir,disk-lightglue-r2048-k8192,disk,lightglue,2048,8192,80,100_0010_0006.JPG,100_0010_0012.JPG,8192,8192,12,9,0.75,1.0986328125,0.109375,0.078125,0.20580703020095825,True,ok,0.22078759998839814
D2_111_nadir,disk-lightglue-r2048-k8192,disk,lightglue,2048,8192,81,100_0010_0006.JPG,100_0010_0013.JPG,8192,8192,47,14,0.2978723404255319,1.708984375,0.140625,0.109375,0.22349953651428223,True,ok,0.13759749999735504
D2_111_nadir,disk-lightglue-r2048-k8192,disk,lightglue,2048,8192,82,100_0010_0006.JPG,100_0010_0014.JPG,8192,8192,56,12,0.21428571428571427,1.46484375,0.109375,0.09375,0.23176856338977814,True,ok,0.1111226000066381
D2_111_nadir,disk-lightglue-r2048-k8192,disk,lightglue,2048,8192,83,100_0010_0006.JPG,100_0010_0025.JPG,8192,8192,2325,2245,0.9655913978494624,274.0478515625,0.375,0.375,0.9897845387458801,False,ok,0.11540519999107346
D2_111_nadir,disk-lightglue-r2048-k8192,disk,lightglue,2048,8192,84,100_0010_0006.JPG,100_0010_0026.JPG,8192,8192,3457,3389,0.9803297656927972,413.6962890625,0.515625,0.546875,0.9905295968055725,False,ok,0.14963129999523517
D2_111_nadir,disk-lightglue-r2048-k8192,disk,lightglue,2048,8192,85,100_0010_0006.JPG,100_0010_0027.JPG,8192,8192,4212,4148,0.9848053181386515,506.34765625,0.625,0.640625,0.9915956854820251,False,ok,0.13414989999728277
D2_111_nadir,disk-lightglue-r2048-k8192,disk,lightglue,2048,8192,86,100_0010_0006.JPG,100_0010_0028.JPG,8192,8192,4608,4503,0.9772135416666666,549.6826171875,0.71875,0.75,0.9916112422943115,False,ok,0.1368367999966722
D2_111_nadir,disk-lightglue-r2048-k8192,disk,lightglue,2048,8192,87,100_0010_0006.JPG,100_0010_0029.JPG,8192,8192,4116,3961,0.9623420796890184,483.5205078125,0.5625,0.5625,0.9925416111946106,False,ok,0.12220650000381283
D2_111_nadir,disk-lightglue-r2048-k8192,disk,lightglue,2048,8192,88,100_0010_0006.JPG,100_0010_0030.JPG,8192,8192,3239,3059,0.9444272923741895,373.4130859375,0.453125,0.453125,0.990827202796936,False,ok,0.14787100000830833
D2_111_nadir,disk-lightglue-r2048-k8192,disk,lightglue,2048,8192,89,100_0010_0007.JPG,100_0010_0008.JPG,8192,8192,5593,5434,0.9715716073663508,663.330078125,0.75,0.703125,0.9872047901153564,False,ok,0.13577670000086073
D2_111_nadir,disk-lightglue-r2048-k8192,disk,lightglue,2048,8192,90,100_0010_0007.JPG,100_0010_0009.JPG,8192,8192,3991,3821,0.9574041593585567,466.4306640625,0.5,0.484375,0.9908973574638367,False,ok,0.12398440000833943
D2_111_nadir,disk-lightglue-r2048-k8192,disk,lightglue,2048,8192,91,100_0010_0007.JPG,100_0010_0010.JPG,8192,8192,2666,2511,0.9418604651162791,306.5185546875,0.359375,0.34375,0.9899923205375671,False,ok,0.12242280000646133
D2_111_nadir,disk-lightglue-r2048-k8192,disk,lightglue,2048,8192,92,100_0010_0007.JPG,100_0010_0011.JPG,8192,8192,1340,1241,0.9261194029850747,151.4892578125,0.1875,0.171875,0.9831646680831909,False,ok,0.14970979999634437
D2_111_nadir,disk-lightglue-r2048-k8192,disk,lightglue,2048,8192,93,100_0010_0007.JPG,100_0010_0012.JPG,8192,8192,270,146,0.5407407407407407,17.822265625,0.078125,0.078125,0.6646570563316345,False,ok,0.1577603000041563
D2_111_nadir,disk-lightglue-r2048-k8192,disk,lightglue,2048,8192,94,100_0010_0007.JPG,100_0010_0013.JPG,8192,8192,48,14,0.2916666666666667,1.708984375,0.15625,0.125,0.2356315404176712,True,ok,0.1297292999952333
D2_111_nadir,disk-lightglue-r2048-k8192,disk,lightglue,2048,8192,95,100_0010_0007.JPG,100_0010_0014.JPG,8192,8192,44,9,0.20454545454545456,1.0986328125,0.09375,0.09375,0.21235626935958862,True,ok,0.11605380001128651
D2_111_nadir,disk-lightglue-r2048-k8192,disk,lightglue,2048,8192,96,100_0010_0007.JPG,100_0010_0015.JPG,8192,8192,27,9,0.3333333333333333,1.0986328125,0.140625,0.125,0.17444150149822235,True,ok,0.12482959999761079
D2_111_nadir,disk-lightglue-r2048-k8192,disk,lightglue,2048,8192,97,100_0010_0007.JPG,100_0010_0024.JPG,8192,8192,2488,2426,0.97508038585209,296.142578125,0.375,0.375,0.9893361926078796,False,ok,0.11962159999529831
D2_111_nadir,disk-lightglue-r2048-k8192,disk,lightglue,2048,8192,98,100_0010_0007.JPG,100_0010_0025.JPG,8192,8192,3360,3303,0.9830357142857142,403.1982421875,0.515625,0.5625,0.9939046502113342,False,ok,0.13506620000407565
D2_111_nadir,disk-lightglue-r2048-k8192,disk,lightglue,2048,8192,99,100_0010_0007.JPG,100_0010_0026.JPG,8192,8192,4353,4277,0.9825407764759936,522.0947265625,0.609375,0.640625,0.9911230802536011,False,ok,0.13262800000666175
D2_111_nadir,disk-lightglue-r2048-k8192,disk,lightglue,2048,8192,100,100_0010_0007.JPG,100_0010_0027.JPG,8192,8192,4583,4479,0.9773074405411303,546.7529296875,0.6875,0.71875,0.990765392780304,False,ok,0.1255920999974478
D2_111_nadir,disk-lightglue-r2048-k8192,disk,lightglue,2048,8192,101,100_0010_0007.JPG,100_0010_0028.JPG,8192,8192,3808,3655,0.9598214285714286,446.1669921875,0.609375,0.5625,0.9920237064361572,False,ok,0.15024900001299102
D2_111_nadir,disk-lightglue-r2048-k8192,disk,lightglue,2048,8192,102,100_0010_0007.JPG,100_0010_0029.JPG,8192,8192,3146,2984,0.9485060394151303,364.2578125,0.453125,0.46875,0.9916516542434692,False,ok,0.11251489999995101
D2_111_nadir,disk-lightglue-r2048-k8192,disk,lightglue,2048,8192,103,100_0010_0008.JPG,100_0010_0009.JPG,8192,8192,5490,5323,0.9695810564663023,649.7802734375,0.765625,0.78125,0.9836664795875549,False,ok,0.13510430000314955
D2_111_nadir,disk-lightglue-r2048-k8192,disk,lightglue,2048,8192,104,100_0010_0008.JPG,100_0010_0010.JPG,8192,8192,4001,3812,0.9527618095476131,465.33203125,0.53125,0.515625,0.990423321723938,False,ok,0.12603620000299998
D2_111_nadir,disk-lightglue-r2048-k8192,disk,lightglue,2048,8192,105,100_0010_0008.JPG,100_0010_0011.JPG,8192,8192,2605,2442,0.9374280230326295,298.095703125,0.375,0.375,0.9868760108947754,False,ok,0.1168065999954706
D2_111_nadir,disk-lightglue-r2048-k8192,disk,lightglue,2048,8192,106,100_0010_0008.JPG,100_0010_0012.JPG,8192,8192,1177,1109,0.9422259983007647,135.3759765625,0.1875,0.1875,0.9770744442939758,False,ok,0.1266551000007894
D2_111_nadir,disk-lightglue-r2048-k8192,disk,lightglue,2048,8192,107,100_0010_0008.JPG,100_0010_0013.JPG,8192,8192,100,62,0.62,7.568359375,0.09375,0.109375,0.6933963298797607,False,ok,0.1560761000000639
D2_111_nadir,disk-lightglue-r2048-k8192,disk,lightglue,2048,8192,108,100_0010_0008.JPG,100_0010_0014.JPG,8192,8192,45,11,0.24444444444444444,1.3427734375,0.09375,0.09375,0.2297034114599228,True,ok,0.1333489999960875
D2_111_nadir,disk-lightglue-r2048-k8192,disk,lightglue,2048,8192,109,100_0010_0008.JPG,100_0010_0015.JPG,8192,8192,30,9,0.3,1.0986328125,0.140625,0.125,0.1828766018152237,True,ok,0.1168139999936102
D2_111_nadir,disk-lightglue-r2048-k8192,disk,lightglue,2048,8192,110,100_0010_0008.JPG,100_0010_0016.JPG,8192,8192,23,8,0.34782608695652173,0.9765625,0.125,0.125,0.2305574268102646,True,ok,0.1327717000094708
D2_111_nadir,disk-lightglue-r2048-k8192,disk,lightglue,2048,8192,111,100_0010_0008.JPG,100_0010_0023.JPG,8192,8192,2480,2399,0.9673387096774193,292.8466796875,0.375,0.375,0.9843057990074158,False,ok,0.11089939999510534
D2_111_nadir,disk-lightglue-r2048-k8192,disk,lightglue,2048,8192,112,100_0010_0008.JPG,100_0010_0024.JPG,8192,8192,3509,3451,0.9834710743801653,421.2646484375,0.515625,0.546875,0.9899142980575562,False,ok,0.12744389999716077
D2_111_nadir,disk-lightglue-r2048-k8192,disk,lightglue,2048,8192,113,100_0010_0008.JPG,100_0010_0025.JPG,8192,8192,4247,4184,0.9851659995290794,510.7421875,0.65625,0.640625,0.9905627369880676,False,ok,0.13579759999993257
D2_111_nadir,disk-lightglue-r2048-k8192,disk,lightglue,2048,8192,114,100_0010_0008.JPG,100_0010_0026.JPG,8192,8192,4686,4553,0.9716175842936406,555.7861328125,0.703125,0.734375,0.9886791706085205,False,ok,0.14617449999786913
D2_111_nadir,disk-lightglue-r2048-k8192,disk,lightglue,2048,8192,115,100_0010_0008.JPG,100_0010_0027.JPG,8192,8192,3446,3322,0.9640162507254788,405.517578125,0.5625,0.5625,0.991079568862915,False,ok,0.13455729999986943
D2_111_nadir,disk-lightglue-r2048-k8192,disk,lightglue,2048,8192,116,100_0010_0008.JPG,100_0010_0028.JPG,8192,8192,2625,2474,0.9424761904761905,302.001953125,0.453125,0.46875,0.9884181618690491,False,ok,0.12702339999668766
D2_111_nadir,disk-lightglue-r2048-k8192,disk,lightglue,2048,8192,117,100_0010_0009.JPG,100_0010_0010.JPG,8192,8192,5509,5336,0.9685968415320385,651.3671875,0.75,0.75,0.9818931818008423,False,ok,0.1392857000028016
D2_111_nadir,disk-lightglue-r2048-k8192,disk,lightglue,2048,8192,118,100_0010_0009.JPG,100_0010_0011.JPG,8192,8192,3989,3794,0.9511155678114815,463.134765625,0.5625,0.546875,0.9850254654884338,False,ok,0.12535860000934917
D2_111_nadir,disk-lightglue-r2048-k8192,disk,lightglue,2048,8192,119,100_0010_0009.JPG,100_0010_0012.JPG,8192,8192,2309,2157,0.9341706366392377,263.3056640625,0.421875,0.421875,0.983098566532135,False,ok,0.11978500000259373
D2_111_nadir,disk-lightglue-r2048-k8192,disk,lightglue,2048,8192,120,100_0010_0009.JPG,100_0010_0013.JPG,8192,8192,870,818,0.9402298850574713,99.853515625,0.21875,0.203125,0.967901349067688,False,ok,0.12980699999025092
D2_111_nadir,disk-lightglue-r2048-k8192,disk,lightglue,2048,8192,121,100_0010_0009.JPG,100_0010_0014.JPG,8192,8192,150,42,0.28,5.126953125,0.09375,0.078125,0.4431473910808563,False,ok,0.18296549998922274
D2_111_nadir,disk-lightglue-r2048-k8192,disk,lightglue,2048,8192,122,100_0010_0009.JPG,100_0010_0015.JPG,8192,8192,39,9,0.23076923076923078,1.0986328125,0.078125,0.109375,0.24321362376213074,True,ok,0.11022239999147132
D2_111_nadir,disk-lightglue-r2048-k8192,disk,lightglue,2048,8192,123,100_0010_0009.JPG,100_0010_0016.JPG,8192,8192,34,9,0.2647058823529412,1.0986328125,0.109375,0.140625,0.20665636658668518,True,ok,0.13749070001358632
D2_111_nadir,disk-lightglue-r2048-k8192,disk,lightglue,2048,8192,124,100_0010_0009.JPG,100_0010_0017.JPG,8192,8192,38,10,0.2631578947368421,1.220703125,0.140625,0.109375,0.2163930982351303,True,ok,0.11109540000325069
D2_111_nadir,disk-lightglue-r2048-k8192,disk,lightglue,2048,8192,125,100_0010_0009.JPG,100_0010_0022.JPG,8192,8192,2410,2343,0.9721991701244813,286.0107421875,0.375,0.375,0.9802140593528748,False,ok,0.12383989999943879
D2_111_nadir,disk-lightglue-r2048-k8192,disk,lightglue,2048,8192,126,100_0010_0009.JPG,100_0010_0023.JPG,8192,8192,3540,3470,0.980225988700565,423.583984375,0.546875,0.5625,0.9863163232803345,False,ok,0.13481070000852924
D2_111_nadir,disk-lightglue-r2048-k8192,disk,lightglue,2048,8192,127,100_0010_0009.JPG,100_0010_0024.JPG,8192,8192,4387,4313,0.9831319808525188,526.4892578125,0.640625,0.65625,0.9872986674308777,False,ok,0.14319580000301357
D2_111_nadir,disk-lightglue-r2048-k8192,disk,lightglue,2048,8192,128,100_0010_0009.JPG,100_0010_0025.JPG,8192,8192,4626,4500,0.9727626459143969,549.31640625,0.734375,0.734375,0.9878408908843994,False,ok,0.13411460000497755
D2_111_nadir,disk-lightglue-r2048-k8192,disk,lightglue,2048,8192,129,100_0010_0009.JPG,100_0010_0026.JPG,8192,8192,3478,3368,0.968372627947096,411.1328125,0.578125,0.59375,0.992067277431488,False,ok,0.12153550000221003
D2_111_nadir,disk-lightglue-r2048-k8192,disk,lightglue,2048,8192,130,100_0010_0009.JPG,100_0010_0027.JPG,8192,8192,2310,2190,0.948051948051948,267.333984375,0.40625,0.4375,0.9900908470153809,False,ok,0.13119369999913033
D2_111_nadir,disk-lightglue-r2048-k8192,disk,lightglue,2048,8192,131,100_0010_0010.JPG,100_0010_0011.JPG,8192,8192,5603,5426,0.9684097804747457,662.353515625,0.71875,0.703125,0.9828217029571533,False,ok,0.13822320000326727
D2_111_nadir,disk-lightglue-r2048-k8192,disk,lightglue,2048,8192,132,100_0010_0010.JPG,100_0010_0012.JPG,8192,8192,3589,3403,0.9481749791028141,415.4052734375,0.5,0.5,0.9880719184875488,False,ok,0.12628949999634642
D2_111_nadir,disk-lightglue-r2048-k8192,disk,lightglue,2048,8192,133,100_0010_0010.JPG,100_0010_0013.JPG,8192,8192,1753,1659,0.9463776383342841,202.5146484375,0.40625,0.359375,0.9844881296157837,False,ok,0.13679639999463689
D2_111_nadir,disk-lightglue-r2048-k8192,disk,lightglue,2048,8192,134,100_0010_0010.JPG,100_0010_0014.JPG,8192,8192,533,493,0.924953095684803,60.1806640625,0.1875,0.203125,0.9721360206604004,False,ok,0.11586720000195783
D2_111_nadir,disk-lightglue-r2048-k8192,disk,lightglue,2048,8192,135,100_0010_0010.JPG,100_0010_0015.JPG,8192,8192,38,10,0.2631578947368421,1.220703125,0.109375,0.140625,0.2859189510345459,True,ok,0.1517775999964215
D2_111_nadir,disk-lightglue-r2048-k8192,disk,lightglue,2048,8192,136,100_0010_0010.JPG,100_0010_0016.JPG,8192,8192,45,10,0.2222222222222222,1.220703125,0.140625,0.109375,0.22658254206180573,True,ok,0.12568969999847468
D2_111_nadir,disk-lightglue-r2048-k8192,disk,lightglue,2048,8192,137,100_0010_0010.JPG,100_0010_0017.JPG,8192,8192,33,12,0.36363636363636365,1.46484375,0.0625,0.078125,0.35813623666763306,True,ok,0.158865399993374
D2_111_nadir,disk-lightglue-r2048-k8192,disk,lightglue,2048,8192,138,100_0010_0010.JPG,100_0010_0018.JPG,8192,8192,30,12,0.4,1.46484375,0.046875,0.078125,0.40199312567710876,True,ok,0.1578397999983281
D2_111_nadir,disk-lightglue-r2048-k8192,disk,lightglue,2048,8192,139,100_0010_0010.JPG,100_0010_0021.JPG,8192,8192,1854,1788,0.9644012944983819,218.26171875,0.34375,0.359375,0.9805945158004761,False,ok,0.1264106000016909
D2_111_nadir,disk-lightglue-r2048-k8192,disk,lightglue,2048,8192,140,100_0010_0010.JPG,100_0010_0022.JPG,8192,8192,3455,3370,0.975397973950796,411.376953125,0.515625,0.5,0.9825143814086914,False,ok,0.13521809999656398
D2_111_nadir,disk-lightglue-r2048-k8192,disk,lightglue,2048,8192,141,100_0010_0010.JPG,100_0010_0023.JPG,8192,8192,4457,4368,0.9800314112631815,533.203125,0.625,0.640625,0.9842554926872253,False,ok,0.1386616999952821
D2_111_nadir,disk-lightglue-r2048-k8192,disk,lightglue,2048,8192,142,100_0010_0010.JPG,100_0010_0024.JPG,8192,8192,4776,4631,0.9696398659966499,565.3076171875,0.6875,0.71875,0.98670494556427,False,ok,0.1382441000023391
D2_111_nadir,disk-lightglue-r2048-k8192,disk,lightglue,2048,8192,143,100_0010_0010.JPG,100_0010_0025.JPG,8192,8192,3618,3493,0.9654505251520177,426.3916015625,0.625,0.59375,0.9910210967063904,False,ok,0.12246749999758322
D2_111_nadir,disk-lightglue-r2048-k8192,disk,lightglue,2048,8192,144,100_0010_0010.JPG,100_0010_0026.JPG,8192,8192,2554,2425,0.9494909945184025,296.0205078125,0.421875,0.453125,0.9906078577041626,False,ok,0.13195780001115054
D2_111_nadir,disk-lightglue-r2048-k8192,disk,lightglue,2048,8192,145,100_0010_0011.JPG,100_0010_0012.JPG,8192,8192,4842,4647,0.959727385377943,567.2607421875,0.8125,0.71875,0.9844585061073303,False,ok,0.12779640000371728
D2_111_nadir,disk-lightglue-r2048-k8192,disk,lightglue,2048,8192,146,100_0010_0011.JPG,100_0010_0013.JPG,8192,8192,2418,2290,0.9470636889991728,279.541015625,0.609375,0.59375,0.9836415648460388,False,ok,0.11818689999927301
D2_111_nadir,disk-lightglue-r2048-k8192,disk,lightglue,2048,8192,147,100_0010_0011.JPG,100_0010_0014.JPG,8192,8192,824,761,0.9235436893203883,92.8955078125,0.421875,0.34375,0.9794037342071533,False,ok,0.13433709999662824
D2_111_nadir,disk-lightglue-r2048-k8192,disk,lightglue,2048,8192,148,100_0010_0011.JPG,100_0010_0015.JPG,8192,8192,114,108,0.9473684210526315,13.18359375,0.109375,0.109375,0.9365377426147461,False,ok,0.13649340000119992
D2_111_nadir,disk-lightglue-r2048-k8192,disk,lightglue,2048,8192,149,100_0010_0011.JPG,100_0010_0016.JPG,8192,8192,109,0,0.0,0.0,0.0,0.0,0.9391987919807434,True,degenerate,0.13179980000131764
D2_111_nadir,disk-lightglue-r2048-k8192,disk,lightglue,2048,8192,150,100_0010_0011.JPG,100_0010_0017.JPG,8192,8192,124,119,0.9596774193548387,14.5263671875,0.140625,0.203125,0.9033652544021606,False,ok,0.14626500000304077
D2_111_nadir,disk-lightglue-r2048-k8192,disk,lightglue,2048,8192,151,100_0010_0011.JPG,100_0010_0018.JPG,8192,8192,129,97,0.751937984496124,11.8408203125,0.125,0.125,0.8869082927703857,False,ok,0.14679769999929704
D2_111_nadir,disk-lightglue-r2048-k8192,disk,lightglue,2048,8192,152,100_0010_0011.JPG,100_0010_0019.JPG,8192,8192,97,93,0.9587628865979382,11.3525390625,0.140625,0.15625,0.8947391510009766,False,ok,0.13037359999725595
D2_111_nadir,disk-lightglue-r2048-k8192,disk,lightglue,2048,8192,153,100_0010_0011.JPG,100_0010_0020.JPG,8192,8192,1179,1139,0.9660729431721798,139.0380859375,0.375,0.359375,0.9787378311157227,False,ok,0.13702809999813326
D2_111_nadir,disk-lightglue-r2048-k8192,disk,lightglue,2048,8192,154,100_0010_0011.JPG,100_0010_0021.JPG,8192,8192,2358,2291,0.9715860899067006,279.6630859375,0.546875,0.46875,0.9834570288658142,False,ok,0.14022440000553615
D2_111_nadir,disk-lightglue-r2048-k8192,disk,lightglue,2048,8192,155,100_0010_0011.JPG,100_0010_0022.JPG,8192,8192,4103,4009,0.9770899341944919,489.3798828125,0.65625,0.65625,0.9819677472114563,False,ok,0.12384440000460017
D2_111_nadir,disk-lightglue-r2048-k8192,disk,lightglue,2048,8192,156,100_0010_0011.JPG,100_0010_0023.JPG,8192,8192,4667,4498,0.9637883008356546,549.072265625,0.71875,0.75,0.9828115105628967,False,ok,0.13456170000426937
D2_111_nadir,disk-lightglue-r2048-k8192,disk,lightglue,2048,8192,157,100_0010_0011.JPG,100_0010_0024.JPG,8192,8192,3570,3428,0.9602240896358544,418.45703125,0.53125,0.609375,0.9892618060112,False,ok,0.13333379999676254
D2_111_nadir,disk-lightglue-r2048-k8192,disk,lightglue,2048,8192,158,100_0010_0011.JPG,100_0010_0025.JPG,8192,8192,2489,2378,0.9554037766171153,290.283203125,0.4375,0.4375,0.9894894957542419,False,ok,0.15178719999676105
D2_111_nadir,disk-lightglue-r2048-k8192,disk,lightglue,2048,8192,159,100_0010_0012.JPG,100_0010_0013.JPG,8192,8192,4383,4218,0.9623545516769336,514.892578125,0.875,0.84375,0.9847036600112915,False,ok,0.12756439999793656
D2_111_nadir,disk-lightglue-r2048-k8192,disk,lightglue,2048,8192,160,100_0010_0012.JPG,100_0010_0014.JPG,8192,8192,2438,2301,0.9438063986874488,280.8837890625,0.625,0.609375,0.9880565404891968,False,ok,0.11946880001050886
D2_111_nadir,disk-lightglue-r2048-k8192,disk,lightglue,2048,8192,161,100_0010_0012.JPG,100_0010_0015.JPG,8192,8192,1468,1385,0.9434604904632152,169.0673828125,0.34375,0.359375,0.9878528118133545,False,ok,0.12510329998622183
D2_111_nadir,disk-lightglue-r2048-k8192,disk,lightglue,2048,8192,162,100_0010_0012.JPG,100_0010_0016.JPG,8192,8192,1407,1320,0.9381663113006397,161.1328125,0.34375,0.46875,0.9877769947052002,False,ok,0.1397475999983726
D2_111_nadir,disk-lightglue-r2048-k8192,disk,lightglue,2048,8192,163,100_0010_0012.JPG,100_0010_0017.JPG,8192,8192,1375,1323,0.9621818181818181,161.4990234375,0.328125,0.390625,0.9836132526397705,False,ok,0.1103034999978263
D2_111_nadir,disk-lightglue-r2048-k8192,disk,lightglue,2048,8192,164,100_0010_0012.JPG,100_0010_0018.JPG,8192,8192,1279,1227,0.9593432369038312,149.7802734375,0.3125,0.3125,0.9825888872146606,False,ok,0.1423925999988569
D2_111_nadir,disk-lightglue-r2048-k8192,disk,lightglue,2048,8192,165,100_0010_0012.JPG,100_0010_0019.JPG,8192,8192,1277,1221,0.9561472200469852,149.0478515625,0.3125,0.34375,0.980402410030365,False,ok,0.13970889999473002
D2_111_nadir,disk-lightglue-r2048-k8192,disk,lightglue,2048,8192,166,100_0010_0012.JPG,100_0010_0020.JPG,8192,8192,2438,2355,0.9659557013945858,287.4755859375,0.515625,0.5625,0.9864130616188049,False,ok,0.1455768000014359
D2_111_nadir,disk-lightglue-r2048-k8192,disk,lightglue,2048,8192,167,100_0010_0012.JPG,100_0010_0021.JPG,8192,8192,3640,3545,0.9739010989010989,432.7392578125,0.640625,0.65625,0.9836876392364502,False,ok,0.10207419999642298
D2_111_nadir,disk-lightglue-r2048-k8192,disk,lightglue,2048,8192,168,100_0010_0012.JPG,100_0010_0022.JPG,8192,8192,4519,4340,0.9603894666961718,529.78515625,0.734375,0.75,0.9783156514167786,False,ok,0.13450990000274032
D2_111_nadir,disk-lightglue-r2048-k8192,disk,lightglue,2048,8192,169,100_0010_0012.JPG,100_0010_0023.JPG,8192,8192,3123,2989,0.9570925392251041,364.8681640625,0.546875,0.65625,0.9863477349281311,False,ok,0.1340721000015037
D2_111_nadir,disk-lightglue-r2048-k8192,disk,lightglue,2048,8192,170,100_0010_0012.JPG,100_0010_0024.JPG,8192,8192,2266,2142,0.9452780229479258,261.474609375,0.390625,0.4375,0.9878637790679932,False,ok,0.1471358999988297
D2_111_nadir,disk-lightglue-r2048-k8192,disk,lightglue,2048,8192,171,100_0010_0013.JPG,100_0010_0014.JPG,8192,8192,5117,4947,0.9667774086378738,603.8818359375,0.796875,0.875,0.9848896265029907,False,ok,0.13811580000037793
D2_111_nadir,disk-lightglue-r2048-k8192,disk,lightglue,2048,8192,172,100_0010_0013.JPG,100_0010_0015.JPG,8192,8192,3808,3644,0.9569327731092437,444.82421875,0.5,0.515625,0.9903610348701477,False,ok,0.13194960000691935
D2_111_nadir,disk-lightglue-r2048-k8192,disk,lightglue,2048,8192,173,100_0010_0013.JPG,100_0010_0016.JPG,8192,8192,3700,3512,0.9491891891891892,428.7109375,0.484375,0.59375,0.9906461834907532,False,ok,0.1358672999922419
D2_111_nadir,disk-lightglue-r2048-k8192,disk,lightglue,2048,8192,174,100_0010_0013.JPG,100_0010_0017.JPG,8192,8192,3448,3359,0.9741879350348028,410.0341796875,0.4375,0.5,0.990672767162323,False,ok,0.1340926999982912
D2_111_nadir,disk-lightglue-r2048-k8192,disk,lightglue,2048,8192,175,100_0010_0013.JPG,100_0010_0018.JPG,8192,8192,3087,2996,0.9705215419501134,365.72265625,0.390625,0.390625,0.990608274936676,False,ok,0.12442619999637827
D2_111_nadir,disk-lightglue-r2048-k8192,disk,lightglue,2048,8192,176,100_0010_0013.JPG,100_0010_0019.JPG,8192,8192,3030,2953,0.9745874587458746,360.4736328125,0.40625,0.453125,0.9902101755142212,False,ok,0.12999639999179635
D2_111_nadir,disk-lightglue-r2048-k8192,disk,lightglue,2048,8192,177,100_0010_0013.JPG,100_0010_0020.JPG,8192,8192,4098,3989,0.9734016593460224,486.9384765625,0.625,0.65625,0.9871075749397278,False,ok,0.12357409999822266
D2_111_nadir,disk-lightglue-r2048-k8192,disk,lightglue,2048,8192,178,100_0010_0013.JPG,100_0010_0021.JPG,8192,8192,4737,4543,0.959045809584125,554.5654296875,0.71875,0.75,0.9809687733650208,False,ok,0.1381284999952186
D2_111_nadir,disk-lightglue-r2048-k8192,disk,lightglue,2048,8192,179,100_0010_0013.JPG,100_0010_0022.JPG,8192,8192,2671,2550,0.9546986147510296,311.279296875,0.625,0.65625,0.9773533344268799,False,ok,0.1301067000022158
D2_111_nadir,disk-lightglue-r2048-k8192,disk,lightglue,2048,8192,180,100_0010_0014.JPG,100_0010_0015.JPG,8192,8192,5886,5748,0.9765545361875637,701.66015625,0.734375,0.75,0.9829603433609009,False,ok,0.11697000000276603
D2_111_nadir,disk-lightglue-r2048-k8192,disk,lightglue,2048,8192,181,100_0010_0014.JPG,100_0010_0016.JPG,8192,8192,5764,5613,0.9738029146426093,685.1806640625,0.734375,0.859375,0.9843057990074158,False,ok,0.1353365999966627
D2_111_nadir,disk-lightglue-r2048-k8192,disk,lightglue,2048,8192,182,100_0010_0014.JPG,100_0010_0017.JPG,8192,8192,5077,5000,0.9848335631278314,610.3515625,0.65625,0.71875,0.9872902631759644,False,ok,0.1402209999941988
D2_111_nadir,disk-lightglue-r2048-k8192,disk,lightglue,2048,8192,183,100_0010_0014.JPG,100_0010_0018.JPG,8192,8192,4369,4298,0.9837491416800183,524.658203125,0.578125,0.578125,0.9879398345947266,False,ok,0.1201887000061106
D2_111_nadir,disk-lightglue-r2048-k8192,disk,lightglue,2048,8192,184,100_0010_0014.JPG,100_0010_0019.JPG,8192,8192,4239,4173,0.9844302901627743,509.3994140625,0.59375,0.609375,0.9890751242637634,False,ok,0.10650939999322873
D2_111_nadir,disk-lightglue-r2048-k8192,disk,lightglue,2048,8192,185,100_0010_0014.JPG,100_0010_0020.JPG,8192,8192,4632,4486,0.9684801381692574,547.607421875,0.734375,0.75,0.9849754571914673,False,ok,0.13195460000133608
D2_111_nadir,disk-lightglue-r2048-k8192,disk,lightglue,2048,8192,186,100_0010_0014.JPG,100_0010_0021.JPG,8192,8192,3208,3086,0.9619700748129676,376.708984375,0.640625,0.625,0.9885474443435669,False,ok,0.14627160000964068
D2_111_nadir,disk-lightglue-r2048-k8192,disk,lightglue,2048,8192,187,100_0010_0014.JPG,100_0010_0022.JPG,8192,8192,1324,1245,0.9403323262839879,151.9775390625,0.453125,0.46875,0.9817271828651428,False,ok,0.15050780000456143
D2_111_nadir,disk-lightglue-r2048-k8192,disk,lightglue,2048,8192,188,100_0010_0014.JPG,100_0010_0023.JPG,8192,8192,570,520,0.9122807017543859,63.4765625,0.265625,0.328125,0.9704669117927551,False,ok,0.11560789999202825
D2_111_nadir,disk-lightglue-r2048-k8192,disk,lightglue,2048,8192,189,100_0010_0015.JPG,100_0010_0016.JPG,8192,8192,6890,6842,0.993033381712627,835.205078125,0.890625,0.984375,0.9782642126083374,False,ok,0.13275869999779388
D2_111_nadir,disk-lightglue-r2048-k8192,disk,lightglue,2048,8192,190,100_0010_0015.JPG,100_0010_0017.JPG,8192,8192,6026,5944,0.9863923000331896,725.5859375,0.765625,0.828125,0.9817350506782532,False,ok,0.1186852000100771
D2_111_nadir,disk-lightglue-r2048-k8192,disk,lightglue,2048,8192,191,100_0010_0015.JPG,100_0010_0018.JPG,8192,8192,5038,4929,0.9783644303294958,601.6845703125,0.65625,0.65625,0.985143780708313,False,ok,0.1343806999939261
D2_111_nadir,disk-lightglue-r2048-k8192,disk,lightglue,2048,8192,192,100_0010_0015.JPG,100_0010_0019.JPG,8192,8192,4864,4775,0.981702302631579,582.8857421875,0.65625,0.65625,0.9847157001495361,False,ok,0.11697670001012739
D2_111_nadir,disk-lightglue-r2048-k8192,disk,lightglue,2048,8192,193,100_0010_0015.JPG,100_0010_0020.JPG,8192,8192,3625,3483,0.9608275862068966,425.1708984375,0.5625,0.5625,0.9906834363937378,False,ok,0.12836859999515582
D2_111_nadir,disk-lightglue-r2048-k8192,disk,lightglue,2048,8192,194,100_0010_0015.JPG,100_0010_0021.JPG,8192,8192,2297,2165,0.9425337396604266,264.2822265625,0.375,0.375,0.9909042119979858,False,ok,0.14222999999765307
D2_111_nadir,disk-lightglue-r2048-k8192,disk,lightglue,2048,8192,195,100_0010_0015.JPG,100_0010_0022.JPG,8192,8192,622,570,0.9163987138263665,69.580078125,0.28125,0.265625,0.9779367446899414,False,ok,0.1368545000004815
D2_111_nadir,disk-lightglue-r2048-k8192,disk,lightglue,2048,8192,196,100_0010_0015.JPG,100_0010_0023.JPG,8192,8192,68,41,0.6029411764705882,5.0048828125,0.09375,0.09375,0.7906975150108337,False,ok,0.17408830000204034
D2_111_nadir,disk-lightglue-r2048-k8192,disk,lightglue,2048,8192,197,100_0010_0015.JPG,100_0010_0051.JPG,8192,8192,1861,1806,0.9704459967759269,220.458984375,0.375,0.40625,0.9890971183776855,False,ok,0.13745680000283755
D2_111_nadir,disk-lightglue-r2048-k8192,disk,lightglue,2048,8192,198,100_0010_0016.JPG,100_0010_0017.JPG,8192,8192,6095,6002,0.9847415914684168,732.666015625,0.875,0.828125,0.9806786179542542,False,ok,0.1357395999948494
D2_111_nadir,disk-lightglue-r2048-k8192,disk,lightglue,2048,8192,199,100_0010_0016.JPG,100_0010_0018.JPG,8192,8192,5007,4929,0.9844218094667465,601.6845703125,0.75,0.65625,0.9854055047035217,False,ok,0.10808550000365358
D2_111_nadir,disk-lightglue-r2048-k8192,disk,lightglue,2048,8192,200,100_0010_0016.JPG,100_0010_0019.JPG,8192,8192,4821,4738,0.9827836548433935,578.369140625,0.75,0.65625,0.9853917956352234,False,ok,0.13991349999560043
D2_111_nadir,disk-lightglue-r2048-k8192,disk,lightglue,2048,8192,201,100_0010_0016.JPG,100_0010_0020.JPG,8192,8192,3612,3483,0.9642857142857143,425.1708984375,0.625,0.546875,0.9892964363098145,False,ok,0.11344879999523982
D2_111_nadir,disk-lightglue-r2048-k8192,disk,lightglue,2048,8192,202,100_0010_0016.JPG,100_0010_0021.JPG,8192,8192,2262,2134,0.9434129089301503,260.498046875,0.46875,0.375,0.9906354546546936,False,ok,0.13545200000226032
D2_111_nadir,disk-lightglue-r2048-k8192,disk,lightglue,2048,8192,203,100_0010_0016.JPG,100_0010_0022.JPG,8192,8192,602,549,0.9119601328903655,67.0166015625,0.265625,0.265625,0.9785089492797852,False,ok,0.136730099999113
D2_111_nadir,disk-lightglue-r2048-k8192,disk,lightglue,2048,8192,204,100_0010_0016.JPG,100_0010_0023.JPG,8192,8192,64,46,0.71875,5.615234375,0.1875,0.125,0.809657633304596,False,ok,0.19727179998881184
D2_111_nadir,disk-lightglue-r2048-k8192,disk,lightglue,2048,8192,205,100_0010_0016.JPG,100_0010_0024.JPG,8192,8192,36,10,0.2777777777777778,1.220703125,0.109375,0.109375,0.22866903245449066,True,ok,0.14149690000340343
D2_111_nadir,disk-lightglue-r2048-k8192,disk,lightglue,2048,8192,206,100_0010_0016.JPG,100_0010_0051.JPG,8192,8192,1875,1822,0.9717333333333333,222.412109375,0.4375,0.40625,0.9886303544044495,False,ok,0.10689590001129545
D2_111_nadir,disk-lightglue-r2048-k8192,disk,lightglue,2048,8192,207,100_0010_0017.JPG,100_0010_0018.JPG,8192,8192,6081,6013,0.9888176286794935,734.0087890625,0.875,0.765625,0.9812020063400269,False,ok,0.12963149999268353
D2_111_nadir,disk-lightglue-r2048-k8192,disk,lightglue,2048,8192,208,100_0010_0017.JPG,100_0010_0019.JPG,8192,8192,5890,5829,0.9896434634974534,711.5478515625,0.828125,0.765625,0.9819014072418213,False,ok,0.1364361000014469
D2_111_nadir,disk-lightglue-r2048-k8192,disk,lightglue,2048,8192,209,100_0010_0017.JPG,100_0010_0020.JPG,8192,8192,4363,4193,0.9610359844143938,511.8408203125,0.6875,0.640625,0.9904520511627197,False,ok,0.13732470000104513
D2_111_nadir,disk-lightglue-r2048-k8192,disk,lightglue,2048,8192,210,100_0010_0017.JPG,100_0010_0021.JPG,8192,8192,2674,2534,0.9476439790575916,309.326171875,0.484375,0.4375,0.991935670375824,False,ok,0.11713650000456255
D2_111_nadir,disk-lightglue-r2048-k8192,disk,lightglue,2048,8192,211,100_0010_0017.JPG,100_0010_0022.JPG,8192,8192,777,712,0.9163449163449163,86.9140625,0.359375,0.296875,0.9810166358947754,False,ok,0.12938179999764543
D2_111_nadir,disk-lightglue-r2048-k8192,disk,lightglue,2048,8192,212,100_0010_0017.JPG,100_0010_0023.JPG,8192,8192,114,91,0.7982456140350878,11.1083984375,0.15625,0.109375,0.8859999775886536,False,ok,0.16099920000124257
D2_111_nadir,disk-lightglue-r2048-k8192,disk,lightglue,2048,8192,213,100_0010_0017.JPG,100_0010_0024.JPG,8192,8192,36,11,0.3055555555555556,1.3427734375,0.140625,0.125,0.2253238409757614,True,ok,0.13964590000978205
D2_111_nadir,disk-lightglue-r2048-k8192,disk,lightglue,2048,8192,214,100_0010_0017.JPG,100_0010_0025.JPG,8192,8192,21,9,0.42857142857142855,1.0986328125,0.125,0.109375,0.21840442717075348,True,ok,0.12387270000181161
D2_111_nadir,disk-lightglue-r2048-k8192,disk,lightglue,2048,8192,215,100_0010_0017.JPG,100_0010_0050.JPG,8192,8192,2319,2221,0.9577404053471323,271.1181640625,0.421875,0.421875,0.9906186461448669,False,ok,0.12366899999324232
D2_111_nadir,disk-lightglue-r2048-k8192,disk,lightglue,2048,8192,216,100_0010_0017.JPG,100_0010_0051.JPG,8192,8192,2695,2630,0.9758812615955473,321.044921875,0.515625,0.546875,0.989539384841919,False,ok,0.10515850000956561
D2_111_nadir,disk-lightglue-r2048-k8192,disk,lightglue,2048,8192,217,100_0010_0018.JPG,100_0010_0019.JPG,8192,8192,6960,6854,0.9847701149425288,836.669921875,0.921875,0.921875,0.9750415086746216,False,ok,0.13122170000860933
D2_111_nadir,disk-lightglue-r2048-k8192,disk,lightglue,2048,8192,218,100_0010_0018.JPG,100_0010_0020.JPG,8192,8192,5027,4834,0.9616073204694648,590.087890625,0.765625,0.75,0.988612949848175,False,ok,0.13227720001304988
D2_111_nadir,disk-lightglue-r2048-k8192,disk,lightglue,2048,8192,219,100_0010_0018.JPG,100_0010_0021.JPG,8192,8192,3090,2920,0.9449838187702265,356.4453125,0.546875,0.5625,0.9926888942718506,False,ok,0.14545240000006743
D2_111_nadir,disk-lightglue-r2048-k8192,disk,lightglue,2048,8192,220,100_0010_0018.JPG,100_0010_0022.JPG,8192,8192,882,798,0.9047619047619048,97.412109375,0.40625,0.421875,0.976828932762146,False,ok,0.11476600001333281
D2_111_nadir,disk-lightglue-r2048-k8192,disk,lightglue,2048,8192,221,100_0010_0018.JPG,100_0010_0023.JPG,8192,8192,155,120,0.7741935483870968,14.6484375,0.15625,0.15625,0.9008271098136902,False,ok,0.13901880000776146
D2_111_nadir,disk-lightglue-r2048-k8192,disk,lightglue,2048,8192,222,100_0010_0018.JPG,100_0010_0024.JPG,8192,8192,36,9,0.25,1.0986328125,0.125,0.109375,0.21315307915210724,True,ok,0.1314962999895215
D2_111_nadir,disk-lightglue-r2048-k8192,disk,lightglue,2048,8192,223,100_0010_0018.JPG,100_0010_0025.JPG,8192,8192,22,9,0.4090909090909091,1.0986328125,0.109375,0.125,0.18509159982204437,True,ok,0.12573780000093393
D2_111_nadir,disk-lightglue-r2048-k8192,disk,lightglue,2048,8192,224,100_0010_0018.JPG,100_0010_0026.JPG,8192,8192,23,9,0.391304347826087,1.0986328125,0.140625,0.125,0.17975430190563202,True,ok,0.10655130000668578
D2_111_nadir,disk-lightglue-r2048-k8192,disk,lightglue,2048,8192,225,100_0010_0018.JPG,100_0010_0049.JPG,8192,8192,2090,1991,0.9526315789473684,243.0419921875,0.46875,0.515625,0.9898725152015686,False,ok,0.11637469999550376
D2_111_nadir,disk-lightglue-r2048-k8192,disk,lightglue,2048,8192,226,100_0010_0018.JPG,100_0010_0050.JPG,8192,8192,3059,2964,0.968944099378882,361.81640625,0.546875,0.609375,0.9888008236885071,False,ok,0.14348830000380985
D2_111_nadir,disk-lightglue-r2048-k8192,disk,lightglue,2048,8192,227,100_0010_0018.JPG,100_0010_0051.JPG,8192,8192,3644,3562,0.9774972557628979,434.814453125,0.65625,0.71875,0.985495924949646,False,ok,0.13651409999874886
D2_111_nadir,disk-lightglue-r2048-k8192,disk,lightglue,2048,8192,228,100_0010_0019.JPG,100_0010_0020.JPG,8192,8192,5090,4918,0.9662082514734774,600.341796875,0.8125,0.8125,0.9869430065155029,False,ok,0.1353716000012355
D2_111_nadir,disk-lightglue-r2048-k8192,disk,lightglue,2048,8192,229,100_0010_0019.JPG,100_0010_0021.JPG,8192,8192,3182,2998,0.9421747328724073,365.966796875,0.578125,0.578125,0.9898886680603027,False,ok,0.12144529999932274
D2_111_nadir,disk-lightglue-r2048-k8192,disk,lightglue,2048,8192,230,100_0010_0019.JPG,100_0010_0022.JPG,8192,8192,931,842,0.9044038668098818,102.783203125,0.46875,0.453125,0.9753627777099609,False,ok,0.12750460000825115
D2_111_nadir,disk-lightglue-r2048-k8192,disk,lightglue,2048,8192,231,100_0010_0019.JPG,100_0010_0023.JPG,8192,8192,170,145,0.8529411764705882,17.7001953125,0.25,0.234375,0.9320080280303955,False,ok,0.1280168999946909
D2_111_nadir,disk-lightglue-r2048-k8192,disk,lightglue,2048,8192,232,100_0010_0019.JPG,100_0010_0024.JPG,8192,8192,39,10,0.2564102564102564,1.220703125,0.109375,0.140625,0.19163240492343903,True,ok,0.13028349999513011
D2_111_nadir,disk-lightglue-r2048-k8192,disk,lightglue,2048,8192,233,100_0010_0019.JPG,100_0010_0025.JPG,8192,8192,24,9,0.375,1.0986328125,0.109375,0.09375,0.17806048691272736,True,ok,0.10708759998669848
D2_111_nadir,disk-lightglue-r2048-k8192,disk,lightglue,2048,8192,234,100_0010_0019.JPG,100_0010_0026.JPG,8192,8192,16,8,0.5,0.9765625,0.09375,0.125,0.23042069375514984,True,ok,0.11311840001144446
D2_111_nadir,disk-lightglue-r2048-k8192,disk,lightglue,2048,8192,235,100_0010_0019.JPG,100_0010_0027.JPG,8192,8192,15,8,0.5333333333333333,0.9765625,0.109375,0.125,0.24319149553775787,True,ok,0.15457680000690743
D2_111_nadir,disk-lightglue-r2048-k8192,disk,lightglue,2048,8192,236,100_0010_0019.JPG,100_0010_0049.JPG,8192,8192,2146,2046,0.9534016775396086,249.755859375,0.5,0.515625,0.991260290145874,False,ok,0.15043710000463761
D2_111_nadir,disk-lightglue-r2048-k8192,disk,lightglue,2048,8192,237,100_0010_0019.JPG,100_0010_0050.JPG,8192,8192,3173,3051,0.9615505830444374,372.4365234375,0.59375,0.625,0.9889612793922424,False,ok,0.13883400001213886
D2_111_nadir,disk-lightglue-r2048-k8192,disk,lightglue,2048,8192,238,100_0010_0019.JPG,100_0010_0051.JPG,8192,8192,3803,3724,0.9792269261109651,454.58984375,0.703125,0.734375,0.9859465956687927,False,ok,0.14026479999301955
D2_111_nadir,disk-lightglue-r2048-k8192,disk,lightglue,2048,8192,239,100_0010_0019.JPG,100_0010_0052.JPG,8192,8192,3126,3029,0.9689699296225208,369.7509765625,0.609375,0.625,0.9838512539863586,False,ok,0.12945780000882223
D2_111_nadir,disk-lightglue-r2048-k8192,disk,lightglue,2048,8192,240,100_0010_0020.JPG,100_0010_0021.JPG,8192,8192,5101,4940,0.9684375612624976,603.02734375,0.875,0.875,0.9850044846534729,False,ok,0.14303839999774937
D2_111_nadir,disk-lightglue-r2048-k8192,disk,lightglue,2048,8192,241,100_0010_0020.JPG,100_0010_0022.JPG,8192,8192,2637,2461,0.9332574895714827,300.4150390625,0.625,0.640625,0.9833097457885742,False,ok,0.11089019999781158
D2_111_nadir,disk-lightglue-r2048-k8192,disk,lightglue,2048,8192,242,100_0010_0020.JPG,100_0010_0023.JPG,8192,8192,1539,1437,0.9337231968810916,175.4150390625,0.453125,0.5,0.9844262599945068,False,ok,0.1329237999889301
D2_111_nadir,disk-lightglue-r2048-k8192,disk,lightglue,2048,8192,243,100_0010_0020.JPG,100_0010_0024.JPG,8192,8192,873,793,0.9083619702176403,96.8017578125,0.203125,0.203125,0.9770535826683044,False,ok,0.1365111000050092
D2_111_nadir,disk-lightglue-r2048-k8192,disk,lightglue,2048,8192,244,100_0010_0020.JPG,100_0010_0025.JPG,8192,8192,150,90,0.6,10.986328125,0.09375,0.125,0.7328972220420837,False,ok,0.17529849999118596
D2_111_nadir,disk-lightglue-r2048-k8192,disk,lightglue,2048,8192,245,100_0010_0020.JPG,100_0010_0026.JPG,8192,8192,30,9,0.3,1.0986328125,0.109375,0.109375,0.18826577067375183,True,ok,0.11855980000109412
D2_111_nadir,disk-lightglue-r2048-k8192,disk,lightglue,2048,8192,246,100_0010_0020.JPG,100_0010_0027.JPG,8192,8192,29,9,0.3103448275862069,1.0986328125,0.125,0.109375,0.2111019790172577,True,ok,0.1174448000092525
D2_111_nadir,disk-lightglue-r2048-k8192,disk,lightglue,2048,8192,247,100_0010_0020.JPG,100_0010_0028.JPG,8192,8192,24,9,0.375,1.0986328125,0.109375,0.109375,0.17871041595935822,True,ok,0.11259160000190604
D2_111_nadir,disk-lightglue-r2048-k8192,disk,lightglue,2048,8192,248,100_0010_0020.JPG,100_0010_0049.JPG,8192,8192,3735,3571,0.9560910307898259,435.9130859375,0.640625,0.65625,0.9863554239273071,False,ok,0.11852740000176709
D2_111_nadir,disk-lightglue-r2048-k8192,disk,lightglue,2048,8192,249,100_0010_0020.JPG,100_0010_0050.JPG,8192,8192,3895,3815,0.9794608472400513,465.6982421875,0.71875,0.71875,0.986458420753479,False,ok,0.14637019998917822
D2_111_nadir,disk-lightglue-r2048-k8192,disk,lightglue,2048,8192,250,100_0010_0020.JPG,100_0010_0051.JPG,8192,8192,3027,2958,0.977205153617443,361.083984375,0.609375,0.640625,0.988946259021759,False,ok,0.1399371000006795
D2_111_nadir,disk-lightglue-r2048-k8192,disk,lightglue,2048,8192,251,100_0010_0021.JPG,100_0010_0022.JPG,8192,8192,4568,4433,0.9704465849387041,541.1376953125,0.875,0.875,0.9817879796028137,False,ok,0.13719969999510795
D2_111_nadir,disk-lightglue-r2048-k8192,disk,lightglue,2048,8192,252,100_0010_0021.JPG,100_0010_0023.JPG,8192,8192,2985,2862,0.9587939698492463,349.365234375,0.625,0.625,0.9891467690467834,False,ok,0.11867550000897609
D2_111_nadir,disk-lightglue-r2048-k8192,disk,lightglue,2048,8192,253,100_0010_0021.JPG,100_0010_0024.JPG,8192,8192,1911,1800,0.9419152276295133,219.7265625,0.421875,0.4375,0.9882508516311646,False,ok,0.13797780001186766
D2_111_nadir,disk-lightglue-r2048-k8192,disk,lightglue,2048,8192,254,100_0010_0021.JPG,100_0010_0025.JPG,8192,8192,806,770,0.9553349875930521,93.994140625,0.21875,0.234375,0.9836727380752563,False,ok,0.13506440000492148
D2_111_nadir,disk-lightglue-r2048-k8192,disk,lightglue,2048,8192,255,100_0010_0021.JPG,100_0010_0026.JPG,8192,8192,52,18,0.34615384615384615,2.197265625,0.09375,0.109375,0.42999908328056335,False,ok,0.21081340000091586
D2_111_nadir,disk-lightglue-r2048-k8192,disk,lightglue,2048,8192,256,100_0010_0021.JPG,100_0010_0027.JPG,8192,8192,29,9,0.3103448275862069,1.0986328125,0.125,0.109375,0.21832291781902313,True,ok,0.1230706999922404
D2_111_nadir,disk-lightglue-r2048-k8192,disk,lightglue,2048,8192,257,100_0010_0021.JPG,100_0010_0028.JPG,8192,8192,25,10,0.4,1.220703125,0.0625,0.0625,0.24036917090415955,True,ok,0.11713169999711681
D2_111_nadir,disk-lightglue-r2048-k8192,disk,lightglue,2048,8192,258,100_0010_0021.JPG,100_0010_0029.JPG,8192,8192,43,12,0.27906976744186046,1.46484375,0.125,0.125,0.21252335608005524,True,ok,0.1303936999902362
D2_111_nadir,disk-lightglue-r2048-k8192,disk,lightglue,2048,8192,259,100_0010_0021.JPG,100_0010_0047.JPG,8192,8192,2207,2079,0.9420027186225646,253.7841796875,0.40625,0.5625,0.9832820892333984,False,ok,0.13220750000618864
D2_111_nadir,disk-lightglue-r2048-k8192,disk,lightglue,2048,8192,260,100_0010_0021.JPG,100_0010_0048.JPG,8192,8192,3686,3541,0.9606619641888225,432.2509765625,0.609375,0.640625,0.981123149394989,False,ok,0.12424989999271929
D2_111_nadir,disk-lightglue-r2048-k8192,disk,lightglue,2048,8192,261,100_0010_0021.JPG,100_0010_0049.JPG,8192,8192,4142,4037,0.9746499275712216,492.7978515625,0.71875,0.75,0.9848818182945251,False,ok,0.12772610000683926
D2_111_nadir,disk-lightglue-r2048-k8192,disk,lightglue,2048,8192,262,100_0010_0021.JPG,100_0010_0050.JPG,8192,8192,3028,2970,0.9808454425363277,362.548828125,0.53125,0.53125,0.9912484288215637,False,ok,0.12928049999754876
D2_111_nadir,disk-lightglue-r2048-k8192,disk,lightglue,2048,8192,263,100_0010_0021.JPG,100_0010_0051.JPG,8192,8192,2106,2045,0.9710351377018044,249.6337890625,0.4375,0.453125,0.9916437864303589,False,ok,0.13475640000251587
D2_111_nadir,disk-lightglue-r2048-k8192,disk,lightglue,2048,8192,264,100_0010_0022.JPG,100_0010_0023.JPG,8192,8192,5259,5110,0.97166761741776,623.779296875,0.875,0.875,0.9825713634490967,False,ok,0.11965169999166392
D2_111_nadir,disk-lightglue-r2048-k8192,disk,lightglue,2048,8192,265,100_0010_0022.JPG,100_0010_0024.JPG,8192,8192,3654,3535,0.9674329501915708,431.5185546875,0.59375,0.609375,0.988595724105835,False,ok,0.1369632999994792
D2_111_nadir,disk-lightglue-r2048-k8192,disk,lightglue,2048,8192,266,100_0010_0022.JPG,100_0010_0025.JPG,8192,8192,2210,2122,0.9601809954751132,259.033203125,0.46875,0.46875,0.988048791885376,False,ok,0.13538550000521354
D2_111_nadir,disk-lightglue-r2048-k8192,disk,lightglue,2048,8192,267,100_0010_0022.JPG,100_0010_0026.JPG,8192,8192,1072,1036,0.9664179104477612,126.46484375,0.234375,0.234375,0.9796148538589478,False,ok,0.12965660000918433
D2_111_nadir,disk-lightglue-r2048-k8192,disk,lightglue,2048,8192,268,100_0010_0022.JPG,100_0010_0027.JPG,8192,8192,169,89,0.5266272189349113,10.8642578125,0.0625,0.0625,0.6453333497047424,False,ok,0.18140390000189655
D2_111_nadir,disk-lightglue-r2048-k8192,disk,lightglue,2048,8192,269,100_0010_0022.JPG,100_0010_0028.JPG,8192,8192,34,10,0.29411764705882354,1.220703125,0.140625,0.140625,0.21156655251979828,True,ok,0.1304126000031829
D2_111_nadir,disk-lightglue-r2048-k8192,disk,lightglue,2048,8192,270,100_0010_0022.JPG,100_0010_0029.JPG,8192,8192,15,9,0.6,1.0986328125,0.09375,0.09375,0.19198136031627655,True,ok,0.21915330000047106
D2_111_nadir,disk-lightglue-r2048-k8192,disk,lightglue,2048,8192,271,100_0010_0022.JPG,100_0010_0030.JPG,8192,8192,13,8,0.6153846153846154,0.9765625,0.09375,0.09375,0.20588262379169464,True,ok,0.1889281000039773
D2_111_nadir,disk-lightglue-r2048-k8192,disk,lightglue,2048,8192,272,100_0010_0022.JPG,100_0010_0046.JPG,8192,8192,2382,2254,0.9462636439966414,275.146484375,0.46875,0.515625,0.9850295186042786,False,ok,0.13818779999564867
D2_111_nadir,disk-lightglue-r2048-k8192,disk,lightglue,2048,8192,273,100_0010_0022.JPG,100_0010_0047.JPG,8192,8192,3620,3483,0.9621546961325966,425.1708984375,0.609375,0.65625,0.983319878578186,False,ok,0.12654569999722298
D2_111_nadir,disk-lightglue-r2048-k8192,disk,lightglue,2048,8192,274,100_0010_0022.JPG,100_0010_0048.JPG,8192,8192,4147,4031,0.972027972027972,492.0654296875,0.703125,0.734375,0.9800392389297485,False,ok,0.13613210000039544
D2_111_nadir,disk-lightglue-r2048-k8192,disk,lightglue,2048,8192,275,100_0010_0022.JPG,100_0010_0049.JPG,8192,8192,2848,2776,0.9747191011235955,338.8671875,0.546875,0.5625,0.9857911467552185,False,ok,0.13293910000356846
D2_111_nadir,disk-lightglue-r2048-k8192,disk,lightglue,2048,8192,276,100_0010_0023.JPG,100_0010_0024.JPG,8192,8192,5421,5310,0.9795240730492529,648.193359375,0.796875,0.84375,0.9867395758628845,False,ok,0.13080749999789987
D2_111_nadir,disk-lightglue-r2048-k8192,disk,lightglue,2048,8192,277,100_0010_0023.JPG,100_0010_0025.JPG,8192,8192,3799,3650,0.9607791524085285,445.556640625,0.59375,0.609375,0.988627016544342,False,ok,0.1263083999947412
D2_111_nadir,disk-lightglue-r2048-k8192,disk,lightglue,2048,8192,278,100_0010_0023.JPG,100_0010_0026.JPG,8192,8192,2398,2294,0.9566305254378649,280.029296875,0.421875,0.4375,0.9903759956359863,False,ok,0.1345071999967331
D2_111_nadir,disk-lightglue-r2048-k8192,disk,lightglue,2048,8192,279,100_0010_0023.JPG,100_0010_0027.JPG,8192,8192,1210,1159,0.9578512396694215,141.4794921875,0.21875,0.21875,0.9884630441665649,False,ok,0.14292709999426734
D2_111_nadir,disk-lightglue-r2048-k8192,disk,lightglue,2048,8192,280,100_0010_0023.JPG,100_0010_0028.JPG,8192,8192,55,14,0.2545454545454545,1.708984375,0.140625,0.125,0.2738021910190582,True,ok,0.1320582999906037
D2_111_nadir,disk-lightglue-r2048-k8192,disk,lightglue,2048,8192,281,100_0010_0023.JPG,100_0010_0029.JPG,8192,8192,18,11,0.6111111111111112,1.3427734375,0.09375,0.078125,0.23986577987670898,True,ok,0.20875570000498556
D2_111_nadir,disk-lightglue-r2048-k8192,disk,lightglue,2048,8192,282,100_0010_0023.JPG,100_0010_0030.JPG,8192,8192,21,16,0.7619047619047619,1.953125,0.09375,0.09375,0.24564501643180847,False,ok,0.19144299998879433
D2_111_nadir,disk-lightglue-r2048-k8192,disk,lightglue,2048,8192,283,100_0010_0023.JPG,100_0010_0031.JPG,8192,8192,20,15,0.75,1.8310546875,0.078125,0.109375,0.28817063570022583,False,ok,0.18312460000743158
D2_111_nadir,disk-lightglue-r2048-k8192,disk,lightglue,2048,8192,284,100_0010_0023.JPG,100_0010_0045.JPG,8192,8192,2563,2454,0.9574717128365197,299.560546875,0.453125,0.5625,0.9907468557357788,False,ok,0.14435989999037702
D2_111_nadir,disk-lightglue-r2048-k8192,disk,lightglue,2048,8192,285,100_0010_0023.JPG,100_0010_0046.JPG,8192,8192,3762,3647,0.96943115364168,445.1904296875,0.578125,0.625,0.9884209036827087,False,ok,0.1308151999983238
D2_111_nadir,disk-lightglue-r2048-k8192,disk,lightglue,2048,8192,286,100_0010_0023.JPG,100_0010_0047.JPG,8192,8192,4454,4347,0.9759766502020656,530.6396484375,0.703125,0.75,0.9843205213546753,False,ok,0.1365978000103496
D2_111_nadir,disk-lightglue-r2048-k8192,disk,lightglue,2048,8192,287,100_0010_0023.JPG,100_0010_0048.JPG,8192,8192,3136,3081,0.9824617346938775,376.0986328125,0.5625,0.5625,0.9844573140144348,False,ok,0.1244860000006156
D2_111_nadir,disk-lightglue-r2048-k8192,disk,lightglue,2048,8192,288,100_0010_0024.JPG,100_0010_0025.JPG,8192,8192,5502,5385,0.9787350054525628,657.3486328125,0.828125,0.859375,0.9842609763145447,False,ok,0.12414960000023711
D2_111_nadir,disk-lightglue-r2048-k8192,disk,lightglue,2048,8192,289,100_0010_0024.JPG,100_0010_0026.JPG,8192,8192,3945,3820,0.9683143219264893,466.30859375,0.578125,0.59375,0.9913744330406189,False,ok,0.12190919999557082
D2_111_nadir,disk-lightglue-r2048-k8192,disk,lightglue,2048,8192,290,100_0010_0024.JPG,100_0010_0027.JPG,8192,8192,2614,2506,0.9586840091813313,305.908203125,0.421875,0.4375,0.9928220510482788,False,ok,0.1353396999911638
D2_111_nadir,disk-lightglue-r2048-k8192,disk,lightglue,2048,8192,291,100_0010_0024.JPG,100_0010_0028.JPG,8192,8192,1318,1249,0.9476479514415781,152.4658203125,0.234375,0.25,0.9898497462272644,False,ok,0.13040060001367237
D2_111_nadir,disk-lightglue-r2048-k8192,disk,lightglue,2048,8192,292,100_0010_0024.JPG,100_0010_0029.JPG,8192,8192,51,13,0.2549019607843137,1.5869140625,0.09375,0.109375,0.2520976662635803,True,ok,0.13671209999301936
D2_111_nadir,disk-lightglue-r2048-k8192,disk,lightglue,2048,8192,293,100_0010_0024.JPG,100_0010_0030.JPG,8192,8192,30,13,0.43333333333333335,1.5869140625,0.125,0.109375,0.2523585557937622,True,ok,0.11918310000328347
D2_111_nadir,disk-lightglue-r2048-k8192,disk,lightglue,2048,8192,294,100_0010_0024.JPG,100_0010_0031.JPG,8192,8192,12,8,0.6666666666666666,0.9765625,0.09375,0.09375,0.17293180525302887,True,ok,0.21769139998650644
D2_111_nadir,disk-lightglue-r2048-k8192,disk,lightglue,2048,8192,295,100_0010_0024.JPG,100_0010_0032.JPG,8192,8192,5,0,0.0,0.0,0.0,0.0,0.15132203698158264,True,too_few_matches,0.3297259999962989
D2_111_nadir,disk-lightglue-r2048-k8192,disk,lightglue,2048,8192,296,100_0010_0024.JPG,100_0010_0044.JPG,8192,8192,3000,2866,0.9553333333333334,349.853515625,0.4375,0.546875,0.9917665719985962,False,ok,0.14621079999778885
D2_111_nadir,disk-lightglue-r2048-k8192,disk,lightglue,2048,8192,297,100_0010_0024.JPG,100_0010_0045.JPG,8192,8192,3838,3722,0.9697759249609171,454.345703125,0.515625,0.625,0.9919406771659851,False,ok,0.12683860000106506
D2_111_nadir,disk-lightglue-r2048-k8192,disk,lightglue,2048,8192,298,100_0010_0024.JPG,100_0010_0046.JPG,8192,8192,4457,4367,0.9798070450975993,533.0810546875,0.6875,0.71875,0.9888516068458557,False,ok,0.12979839999752585
D2_111_nadir,disk-lightglue-r2048-k8192,disk,lightglue,2048,8192,299,100_0010_0024.JPG,100_0010_0047.JPG,8192,8192,3429,3352,0.9775444736074658,409.1796875,0.578125,0.5625,0.9892976880073547,False,ok,0.11886119999689981
D2_111_nadir,disk-lightglue-r2048-k8192,disk,lightglue,2048,8192,300,100_0010_0025.JPG,100_0010_0026.JPG,8192,8192,5488,5382,0.9806851311953353,656.982421875,0.828125,0.84375,0.9900410175323486,False,ok,0.14565989999391604
D2_111_nadir,disk-lightglue-r2048-k8192,disk,lightglue,2048,8192,301,100_0010_0025.JPG,100_0010_0027.JPG,8192,8192,4049,3932,0.9711039762904421,479.98046875,0.578125,0.59375,0.9934044480323792,False,ok,0.10744870000053197
D2_111_nadir,disk-lightglue-r2048-k8192,disk,lightglue,2048,8192,302,100_0010_0025.JPG,100_0010_0028.JPG,8192,8192,2697,2574,0.9543937708565072,314.208984375,0.484375,0.46875,0.9933950901031494,False,ok,0.12475570000242442
D2_111_nadir,disk-lightglue-r2048-k8192,disk,lightglue,2048,8192,303,100_0010_0025.JPG,100_0010_0029.JPG,8192,8192,1313,1257,0.9573495811119573,153.4423828125,0.234375,0.25,0.9889894723892212,False,ok,0.13237590000790078
D2_111_nadir,disk-lightglue-r2048-k8192,disk,lightglue,2048,8192,304,100_0010_0025.JPG,100_0010_0030.JPG,8192,8192,39,13,0.3333333333333333,1.5869140625,0.078125,0.09375,0.22977107763290405,True,ok,0.13978539999516215
D2_111_nadir,disk-lightglue-r2048-k8192,disk,lightglue,2048,8192,305,100_0010_0025.JPG,100_0010_0031.JPG,8192,8192,16,12,0.75,1.46484375,0.09375,0.125,0.2765970528125763,True,ok,0.20304160000523552
D2_111_nadir,disk-lightglue-r2048-k8192,disk,lightglue,2048,8192,306,100_0010_0025.JPG,100_0010_0032.JPG,8192,8192,3,0,0.0,0.0,0.0,0.0,0.19351613521575928,True,too_few_matches,0.333693199994741
D2_111_nadir,disk-lightglue-r2048-k8192,disk,lightglue,2048,8192,307,100_0010_0025.JPG,100_0010_0033.JPG,8192,8192,25,9,0.36,1.0986328125,0.109375,0.09375,0.1889267861843109,True,ok,0.13755650000530295
D2_111_nadir,disk-lightglue-r2048-k8192,disk,lightglue,2048,8192,308,100_0010_0025.JPG,100_0010_0043.JPG,8192,8192,3230,3113,0.9637770897832817,380.0048828125,0.453125,0.53125,0.9933439493179321,False,ok,0.11540640000021085
D2_111_nadir,disk-lightglue-r2048-k8192,disk,lightglue,2048,8192,309,100_0010_0025.JPG,100_0010_0044.JPG,8192,8192,4113,4014,0.975929978118162,489.990234375,0.53125,0.65625,0.9918181896209717,False,ok,0.13901669999177102
D2_111_nadir,disk-lightglue-r2048-k8192,disk,lightglue,2048,8192,310,100_0010_0025.JPG,100_0010_0045.JPG,8192,8192,4454,4390,0.9856308935788056,535.888671875,0.625,0.71875,0.9925233125686646,False,ok,0.13983029998780694
D2_111_nadir,disk-lightglue-r2048-k8192,disk,lightglue,2048,8192,311,100_0010_0025.JPG,100_0010_0046.JPG,8192,8192,3554,3493,0.9828362408553742,426.3916015625,0.5,0.5625,0.9900343418121338,False,ok,0.1285760000027949
D2_111_nadir,disk-lightglue-r2048-k8192,disk,lightglue,2048,8192,312,100_0010_0026.JPG,100_0010_0027.JPG,8192,8192,5596,5505,0.9837383845604003,671.9970703125,0.8125,0.828125,0.9902814030647278,False,ok,0.13029119999555405
D2_111_nadir,disk-lightglue-r2048-k8192,disk,lightglue,2048,8192,313,100_0010_0026.JPG,100_0010_0028.JPG,8192,8192,4243,4102,0.9667687956634456,500.732421875,0.609375,0.625,0.992570161819458,False,ok,0.12136999999347609
D2_111_nadir,disk-lightglue-r2048-k8192,disk,lightglue,2048,8192,314,100_0010_0026.JPG,100_0010_0029.JPG,8192,8192,2903,2789,0.9607302790217017,340.4541015625,0.484375,0.453125,0.9912334680557251,False,ok,0.14141870000457857
D2_111_nadir,disk-lightglue-r2048-k8192,disk,lightglue,2048,8192,315,100_0010_0026.JPG,100_0010_0030.JPG,8192,8192,1387,1318,0.9502523431867339,160.888671875,0.25,0.25,0.9822419881820679,False,ok,0.11922880000201985
D2_111_nadir,disk-lightglue-r2048-k8192,disk,lightglue,2048,8192,316,100_0010_0026.JPG,100_0010_0031.JPG,8192,8192,37,12,0.32432432432432434,1.46484375,0.09375,0.125,0.23393778502941132,True,ok,0.14095590000215452
D2_111_nadir,disk-lightglue-r2048-k8192,disk,lightglue,2048,8192,317,100_0010_0026.JPG,100_0010_0032.JPG,8192,8192,28,10,0.35714285714285715,1.220703125,0.078125,0.109375,0.21774427592754364,True,ok,0.12284749999525957
D2_111_nadir,disk-lightglue-r2048-k8192,disk,lightglue,2048,8192,318,100_0010_0026.JPG,100_0010_0033.JPG,8192,8192,24,9,0.375,1.0986328125,0.125,0.078125,0.19254225492477417,True,ok,0.1291448000119999
D2_111_nadir,disk-lightglue-r2048-k8192,disk,lightglue,2048,8192,319,100_0010_0026.JPG,100_0010_0034.JPG,8192,8192,24,9,0.375,1.0986328125,0.09375,0.09375,0.1838981658220291,True,ok,0.11274490000505466
D2_111_nadir,disk-lightglue-r2048-k8192,disk,lightglue,2048,8192,320,100_0010_0026.JPG,100_0010_0042.JPG,8192,8192,3150,3023,0.9596825396825397,369.0185546875,0.46875,0.546875,0.9923400282859802,False,ok,0.11749299999792129
D2_111_nadir,disk-lightglue-r2048-k8192,disk,lightglue,2048,8192,321,100_0010_0026.JPG,100_0010_0043.JPG,8192,8192,4209,4115,0.9776669042527917,502.3193359375,0.53125,0.640625,0.9919313788414001,False,ok,0.13728709999122657
D2_111_nadir,disk-lightglue-r2048-k8192,disk,lightglue,2048,8192,322,100_0010_0026.JPG,100_0010_0044.JPG,8192,8192,4575,4519,0.9877595628415301,551.6357421875,0.625,0.734375,0.9912252426147461,False,ok,0.12404629999946337
D2_111_nadir,disk-lightglue-r2048-k8192,disk,lightglue,2048,8192,323,100_0010_0026.JPG,100_0010_0045.JPG,8192,8192,3741,3688,0.9858326650628174,450.1953125,0.46875,0.53125,0.9938662052154541,False,ok,0.12888899999961723
D2_111_nadir,disk-lightglue-r2048-k8192,disk,lightglue,2048,8192,324,100_0010_0027.JPG,100_0010_0028.JPG,8192,8192,5780,5655,0.9783737024221453,690.3076171875,0.84375,0.859375,0.9908321499824524,False,ok,0.1306652000057511
D2_111_nadir,disk-lightglue-r2048-k8192,disk,lightglue,2048,8192,325,100_0010_0027.JPG,100_0010_0029.JPG,8192,8192,4456,4297,0.9643177737881508,524.5361328125,0.59375,0.609375,0.9926797151565552,False,ok,0.13206749998789746
D2_111_nadir,disk-lightglue-r2048-k8192,disk,lightglue,2048,8192,326,100_0010_0027.JPG,100_0010_0030.JPG,8192,8192,2941,2817,0.9578374702482149,343.8720703125,0.484375,0.4375,0.9913768172264099,False,ok,0.14942339999834076
D2_111_nadir,disk-lightglue-r2048-k8192,disk,lightglue,2048,8192,327,100_0010_0027.JPG,100_0010_0031.JPG,8192,8192,1275,1219,0.956078431372549,148.8037109375,0.25,0.25,0.9873983263969421,False,ok,0.1216917999990983
D2_111_nadir,disk-lightglue-r2048-k8192,disk,lightglue,2048,8192,328,100_0010_0027.JPG,100_0010_0032.JPG,8192,8192,28,10,0.35714285714285715,1.220703125,0.125,0.109375,0.22378258407115936,True,ok,0.13731389999156818
D2_111_nadir,disk-lightglue-r2048-k8192,disk,lightglue,2048,8192,329,100_0010_0027.JPG,100_0010_0033.JPG,8192,8192,36,9,0.25,1.0986328125,0.125,0.078125,0.21437333524227142,True,ok,0.11497760000929702
D2_111_nadir,disk-lightglue-r2048-k8192,disk,lightglue,2048,8192,330,100_0010_0027.JPG,100_0010_0034.JPG,8192,8192,31,11,0.3548387096774194,1.3427734375,0.140625,0.078125,0.2010682076215744,True,ok,0.12779329999466427
D2_111_nadir,disk-lightglue-r2048-k8192,disk,lightglue,2048,8192,331,100_0010_0027.JPG,100_0010_0035.JPG,8192,8192,28,9,0.32142857142857145,1.0986328125,0.109375,0.109375,0.18822692334651947,True,ok,0.11282470000151079
D2_111_nadir,disk-lightglue-r2048-k8192,disk,lightglue,2048,8192,332,100_0010_0027.JPG,100_0010_0041.JPG,8192,8192,3309,3188,0.9634330613478392,389.16015625,0.46875,0.5625,0.9942331314086914,False,ok,0.11638880000100471
D2_111_nadir,disk-lightglue-r2048-k8192,disk,lightglue,2048,8192,333,100_0010_0027.JPG,100_0010_0042.JPG,8192,8192,4105,4009,0.9766138855054811,489.3798828125,0.546875,0.65625,0.9942068457603455,False,ok,0.13224960000661667
D2_111_nadir,disk-lightglue-r2048-k8192,disk,lightglue,2048,8192,334,100_0010_0027.JPG,100_0010_0043.JPG,8192,8192,4578,4521,0.9875491480996068,551.8798828125,0.625,0.734375,0.9936784505844116,False,ok,0.11811460000171792
D2_111_nadir,disk-lightglue-r2048-k8192,disk,lightglue,2048,8192,335,100_0010_0027.JPG,100_0010_0044.JPG,8192,8192,3924,3877,0.9880224260958206,473.2666015625,0.484375,0.5625,0.9926983118057251,False,ok,0.14328270000987686
D2_111_nadir,disk-lightglue-r2048-k8192,disk,lightglue,2048,8192,336,100_0010_0028.JPG,100_0010_0029.JPG,8192,8192,5791,5660,0.9773786910723536,690.91796875,0.859375,0.78125,0.9900107383728027,False,ok,0.10558509999827947
D2_111_nadir,disk-lightglue-r2048-k8192,disk,lightglue,2048,8192,337,100_0010_0028.JPG,100_0010_0030.JPG,8192,8192,4202,4054,0.9647786768205616,494.873046875,0.625,0.609375,0.9921750426292419,False,ok,0.10178820000146516
D2_111_nadir,disk-lightglue-r2048-k8192,disk,lightglue,2048,8192,338,100_0010_0028.JPG,100_0010_0031.JPG,8192,8192,2430,2307,0.9493827160493827,281.6162109375,0.5,0.375,0.9876754283905029,False,ok,0.13686310000775848
D2_111_nadir,disk-lightglue-r2048-k8192,disk,lightglue,2048,8192,339,100_0010_0028.JPG,100_0010_0032.JPG,8192,8192,727,680,0.9353507565337001,83.0078125,0.25,0.234375,0.9663888812065125,False,ok,0.15290670000831597
D2_111_nadir,disk-lightglue-r2048-k8192,disk,lightglue,2048,8192,340,100_0010_0028.JPG,100_0010_0033.JPG,8192,8192,39,9,0.23076923076923078,1.0986328125,0.125,0.140625,0.19364716112613678,True,ok,0.1249855999922147
D2_111_nadir,disk-lightglue-r2048-k8192,disk,lightglue,2048,8192,341,100_0010_0028.JPG,100_0010_0034.JPG,8192,8192,32,9,0.28125,1.0986328125,0.125,0.109375,0.2088499367237091,True,ok,0.11342429999785963
D2_111_nadir,disk-lightglue-r2048-k8192,disk,lightglue,2048,8192,342,100_0010_0028.JPG,100_0010_0035.JPG,8192,8192,19,9,0.47368421052631576,1.0986328125,0.109375,0.09375,0.24540197849273682,True,ok,0.12085690000094473
D2_111_nadir,disk-lightglue-r2048-k8192,disk,lightglue,2048,8192,343,100_0010_0028.JPG,100_0010_0036.JPG,8192,8192,27,9,0.3333333333333333,1.0986328125,0.109375,0.09375,0.17551669478416443,True,ok,0.13656640000408515
D2_111_nadir,disk-lightglue-r2048-k8192,disk,lightglue,2048,8192,344,100_0010_0028.JPG,100_0010_0040.JPG,8192,8192,3253,3123,0.9600368890255149,381.2255859375,0.453125,0.5,0.9938725233078003,False,ok,0.1293868999928236
D2_111_nadir,disk-lightglue-r2048-k8192,disk,lightglue,2048,8192,345,100_0010_0028.JPG,100_0010_0041.JPG,8192,8192,4148,4043,0.9746865959498554,493.5302734375,0.53125,0.640625,0.9938015937805176,False,ok,0.13372220000019297
D2_111_nadir,disk-lightglue-r2048-k8192,disk,lightglue,2048,8192,346,100_0010_0028.JPG,100_0010_0042.JPG,8192,8192,4344,4276,0.9843462246777164,521.97265625,0.609375,0.75,0.9930592775344849,False,ok,0.12879380000231322
D2_111_nadir,disk-lightglue-r2048-k8192,disk,lightglue,2048,8192,347,100_0010_0028.JPG,100_0010_0043.JPG,8192,8192,3729,3678,0.9863234111021721,448.974609375,0.46875,0.5625,0.9941021203994751,False,ok,0.12824910000199452
D2_111_nadir,disk-lightglue-r2048-k8192,disk,lightglue,2048,8192,348,100_0010_0029.JPG,100_0010_0030.JPG,8192,8192,5415,5312,0.9809787626962142,648.4375,0.828125,0.78125,0.9885768294334412,False,ok,0.13530769999488257
D2_111_nadir,disk-lightglue-r2048-k8192,disk,lightglue,2048,8192,349,100_0010_0029.JPG,100_0010_0031.JPG,8192,8192,3439,3309,0.962198313463216,403.9306640625,0.5625,0.546875,0.9879348278045654,False,ok,0.1197225000069011
D2_111_nadir,disk-lightglue-r2048-k8192,disk,lightglue,2048,8192,350,100_0010_0029.JPG,100_0010_0032.JPG,8192,8192,1399,1327,0.9485346676197284,161.9873046875,0.4375,0.375,0.9725841879844666,False,ok,0.12160059998859651
D2_111_nadir,disk-lightglue-r2048-k8192,disk,lightglue,2048,8192,351,100_0010_0029.JPG,100_0010_0033.JPG,8192,8192,331,299,0.9033232628398792,36.4990234375,0.125,0.1875,0.9238540530204773,False,ok,0.14063700000406243
D2_111_nadir,disk-lightglue-r2048-k8192,disk,lightglue,2048,8192,352,100_0010_0029.JPG,100_0010_0034.JPG,8192,8192,325,299,0.92,36.4990234375,0.140625,0.15625,0.9444870948791504,False,ok,0.1320625999942422
D2_111_nadir,disk-lightglue-r2048-k8192,disk,lightglue,2048,8192,353,100_0010_0029.JPG,100_0010_0035.JPG,8192,8192,315,287,0.9111111111111111,35.0341796875,0.109375,0.125,0.9367915987968445,False,ok,0.13639050000347197
D2_111_nadir,disk-lightglue-r2048-k8192,disk,lightglue,2048,8192,354,100_0010_0029.JPG,100_0010_0036.JPG,8192,8192,242,219,0.9049586776859504,26.7333984375,0.078125,0.09375,0.9469329118728638,False,ok,0.13385110000672285
D2_111_nadir,disk-lightglue-r2048-k8192,disk,lightglue,2048,8192,355,100_0010_0029.JPG,100_0010_0037.JPG,8192,8192,243,226,0.9300411522633745,27.587890625,0.09375,0.09375,0.9495394229888916,False,ok,0.136742000002414
D2_111_nadir,disk-lightglue-r2048-k8192,disk,lightglue,2048,8192,356,100_0010_0029.JPG,100_0010_0039.JPG,8192,8192,2862,2733,0.9549266247379455,333.6181640625,0.421875,0.453125,0.9885103106498718,False,ok,0.14789169999130536
D2_111_nadir,disk-lightglue-r2048-k8192,disk,lightglue,2048,8192,357,100_0010_0029.JPG,100_0010_0040.JPG,8192,8192,3930,3843,0.9778625954198473,469.1162109375,0.5,0.5625,0.9921330809593201,False,ok,0.1258047000010265
D2_111_nadir,disk-lightglue-r2048-k8192,disk,lightglue,2048,8192,358,100_0010_0029.JPG,100_0010_0041.JPG,8192,8192,4252,4194,0.9863593603010348,511.962890625,0.578125,0.703125,0.991543710231781,False,ok,0.127074599993648
D2_111_nadir,disk-lightglue-r2048-k8192,disk,lightglue,2048,8192,359,100_0010_0029.JPG,100_0010_0042.JPG,8192,8192,3464,3414,0.9855658198614319,416.748046875,0.46875,0.5625,0.9942329525947571,False,ok,0.12167659999977332
D2_111_nadir,disk-lightglue-r2048-k8192,disk,lightglue,2048,8192,360,100_0010_0030.JPG,100_0010_0031.JPG,8192,8192,5043,4887,0.9690660321237359,596.5576171875,0.8125,0.734375,0.9884761571884155,False,ok,0.1522668999969028
D2_111_nadir,disk-lightglue-r2048-k8192,disk,lightglue,2048,8192,361,100_0010_0030.JPG,100_0010_0032.JPG,8192,8192,2777,2621,0.9438242707958229,319.9462890625,0.5625,0.515625,0.9823482036590576,False,ok,0.12118050000572111
D2_111_nadir,disk-lightglue-r2048-k8192,disk,lightglue,2048,8192,362,100_0010_0030.JPG,100_0010_0033.JPG,8192,8192,1414,1325,0.937057991513437,161.7431640625,0.328125,0.328125,0.9642961025238037,False,ok,0.1331382000062149
D2_111_nadir,disk-lightglue-r2048-k8192,disk,lightglue,2048,8192,363,100_0010_0030.JPG,100_0010_0034.JPG,8192,8192,1409,1315,0.9332860184528035,160.5224609375,0.3125,0.328125,0.9643359780311584,False,ok,0.12698960000125226
D2_111_nadir,disk-lightglue-r2048-k8192,disk,lightglue,2048,8192,364,100_0010_0030.JPG,100_0010_0035.JPG,8192,8192,1334,1225,0.9182908545727136,149.5361328125,0.265625,0.25,0.9666394591331482,False,ok,0.15101420000428334
D2_111_nadir,disk-lightglue-r2048-k8192,disk,lightglue,2048,8192,365,100_0010_0030.JPG,100_0010_0036.JPG,8192,8192,1044,965,0.9243295019157088,117.7978515625,0.1875,0.21875,0.9654375314712524,False,ok,0.13197089999448508
D2_111_nadir,disk-lightglue-r2048-k8192,disk,lightglue,2048,8192,366,100_0010_0030.JPG,100_0010_0037.JPG,8192,8192,1045,962,0.9205741626794258,117.431640625,0.1875,0.21875,0.9721493721008301,False,ok,0.13175760000012815
D2_111_nadir,disk-lightglue-r2048-k8192,disk,lightglue,2048,8192,367,100_0010_0030.JPG,100_0010_0038.JPG,8192,8192,2423,2273,0.9380932728023111,277.4658203125,0.40625,0.390625,0.982029914855957,False,ok,0.13281780001125298
D2_111_nadir,disk-lightglue-r2048-k8192,disk,lightglue,2048,8192,368,100_0010_0030.JPG,100_0010_0039.JPG,8192,8192,3804,3691,0.9702944269190326,450.5615234375,0.5,0.546875,0.988547146320343,False,ok,0.14510869998775888
D2_111_nadir,disk-lightglue-r2048-k8192,disk,lightglue,2048,8192,369,100_0010_0030.JPG,100_0010_0040.JPG,8192,8192,4142,4062,0.9806856591018831,495.849609375,0.578125,0.65625,0.9902492165565491,False,ok,0.13243270000384655
D2_111_nadir,disk-lightglue-r2048-k8192,disk,lightglue,2048,8192,370,100_0010_0030.JPG,100_0010_0041.JPG,8192,8192,3162,3102,0.9810246679316889,378.662109375,0.453125,0.515625,0.9911320209503174,False,ok,0.12414390000049025
D2_111_nadir,disk-lightglue-r2048-k8192,disk,lightglue,2048,8192,371,100_0010_0031.JPG,100_0010_0032.JPG,8192,8192,4755,4609,0.9692954784437434,562.6220703125,0.71875,0.734375,0.9852398633956909,False,ok,0.12697270000353456
D2_111_nadir,disk-lightglue-r2048-k8192,disk,lightglue,2048,8192,372,100_0010_0031.JPG,100_0010_0033.JPG,8192,8192,3037,2896,0.9535726045439579,353.515625,0.4375,0.484375,0.9798884987831116,False,ok,0.15099530000588857
D2_111_nadir,disk-lightglue-r2048-k8192,disk,lightglue,2048,8192,373,100_0010_0031.JPG,100_0010_0034.JPG,8192,8192,3024,2863,0.9467592592592593,349.4873046875,0.4375,0.5,0.980622410774231,False,ok,0.12237250000180211
D2_111_nadir,disk-lightglue-r2048-k8192,disk,lightglue,2048,8192,374,100_0010_0031.JPG,100_0010_0035.JPG,8192,8192,2881,2675,0.9284970496355432,326.5380859375,0.40625,0.453125,0.9797042012214661,False,ok,0.13113229999726173
D2_111_nadir,disk-lightglue-r2048-k8192,disk,lightglue,2048,8192,375,100_0010_0031.JPG,100_0010_0036.JPG,8192,8192,2459,2325,0.9455063033753558,283.8134765625,0.328125,0.375,0.9788161516189575,False,ok,0.12986129999626428
D2_111_nadir,disk-lightglue-r2048-k8192,disk,lightglue,2048,8192,376,100_0010_0031.JPG,100_0010_0037.JPG,8192,8192,2449,2308,0.9424254797876684,281.73828125,0.34375,0.375,0.9804238677024841,False,ok,0.1398402999911923
D2_111_nadir,disk-lightglue-r2048-k8192,disk,lightglue,2048,8192,377,100_0010_0031.JPG,100_0010_0038.JPG,8192,8192,3864,3725,0.9640269151138716,454.7119140625,0.515625,0.5625,0.9858379364013672,False,ok,0.0956783000001451
D2_111_nadir,disk-lightglue-r2048-k8192,disk,lightglue,2048,8192,378,100_0010_0031.JPG,100_0010_0039.JPG,8192,8192,4213,4114,0.9765013054830287,502.197265625,0.59375,0.6875,0.98790043592453,False,ok,0.13734610000392422
D2_111_nadir,disk-lightglue-r2048-k8192,disk,lightglue,2048,8192,379,100_0010_0031.JPG,100_0010_0040.JPG,8192,8192,2939,2878,0.9792446410343655,351.318359375,0.453125,0.484375,0.989634096622467,False,ok,0.1338835999922594
D2_111_nadir,disk-lightglue-r2048-k8192,disk,lightglue,2048,8192,380,100_0010_0032.JPG,100_0010_0033.JPG,8192,8192,5072,4887,0.9635252365930599,596.5576171875,0.625,0.734375,0.9815124869346619,False,ok,0.1535137000028044
D2_111_nadir,disk-lightglue-r2048-k8192,disk,lightglue,2048,8192,381,100_0010_0032.JPG,100_0010_0034.JPG,8192,8192,5037,4830,0.958904109589041,589.599609375,0.625,0.734375,0.9802464842796326,False,ok,0.11971650000486989
D2_111_nadir,disk-lightglue-r2048-k8192,disk,lightglue,2048,8192,382,100_0010_0032.JPG,100_0010_0035.JPG,8192,8192,4562,4350,0.9535291538798772,531.005859375,0.53125,0.640625,0.9805318117141724,False,ok,0.12976370000978932
D2_111_nadir,disk-lightglue-r2048-k8192,disk,lightglue,2048,8192,383,100_0010_0032.JPG,100_0010_0036.JPG,8192,8192,3730,3589,0.9621983914209116,438.1103515625,0.4375,0.515625,0.9803696274757385,False,ok,0.12758970000140835
D2_111_nadir,disk-lightglue-r2048-k8192,disk,lightglue,2048,8192,384,100_0010_0032.JPG,100_0010_0037.JPG,8192,8192,3697,3560,0.9629429266973222,434.5703125,0.453125,0.5,0.9804357290267944,False,ok,0.13106410000182223
D2_111_nadir,disk-lightglue-r2048-k8192,disk,lightglue,2048,8192,385,100_0010_0032.JPG,100_0010_0038.JPG,8192,8192,4117,4008,0.9735244109788681,489.2578125,0.625,0.65625,0.9798918962478638,False,ok,0.13634919999458361
D2_111_nadir,disk-lightglue-r2048-k8192,disk,lightglue,2048,8192,386,100_0010_0032.JPG,100_0010_0039.JPG,8192,8192,2709,2636,0.9730527870062754,321.77734375,0.515625,0.515625,0.9837165474891663,False,ok,0.13036039999860805
D2_111_nadir,disk-lightglue-r2048-k8192,disk,lightglue,2048,8192,387,100_0010_0032.JPG,100_0010_0040.JPG,8192,8192,1462,1408,0.9630642954856361,171.875,0.328125,0.375,0.9773792624473572,False,ok,0.13176070000918116
D2_111_nadir,disk-lightglue-r2048-k8192,disk,lightglue,2048,8192,388,100_0010_0033.JPG,100_0010_0034.JPG,8192,8192,6874,6773,0.9853069537387257,826.7822265625,0.890625,0.90625,0.9788556098937988,False,ok,0.1432714999973541
D2_111_nadir,disk-lightglue-r2048-k8192,disk,lightglue,2048,8192,389,100_0010_0033.JPG,100_0010_0035.JPG,8192,8192,5744,5601,0.9751044568245125,683.7158203125,0.703125,0.734375,0.9766750335693359,False,ok,0.11832870000216644
D2_111_nadir,disk-lightglue-r2048-k8192,disk,lightglue,2048,8192,390,100_0010_0033.JPG,100_0010_0036.JPG,8192,8192,4570,4430,0.9693654266958425,540.771484375,0.59375,0.59375,0.9764291644096375,False,ok,0.12815280001086649
D2_111_nadir,disk-lightglue-r2048-k8192,disk,lightglue,2048,8192,391,100_0010_0033.JPG,100_0010_0037.JPG,8192,8192,4564,4418,0.9680105170902716,539.306640625,0.609375,0.609375,0.9757917523384094,False,ok,0.13487599999643862
D2_111_nadir,disk-lightglue-r2048-k8192,disk,lightglue,2048,8192,392,100_0010_0033.JPG,100_0010_0038.JPG,8192,8192,3113,3003,0.9646643109540636,366.5771484375,0.515625,0.46875,0.9757122993469238,False,ok,0.14911499999288935
D2_111_nadir,disk-lightglue-r2048-k8192,disk,lightglue,2048,8192,393,100_0010_0033.JPG,100_0010_0039.JPG,8192,8192,1775,1691,0.9526760563380282,206.4208984375,0.390625,0.328125,0.9774063229560852,False,ok,0.12186460000521038
D2_111_nadir,disk-lightglue-r2048-k8192,disk,lightglue,2048,8192,394,100_0010_0033.JPG,100_0010_0040.JPG,8192,8192,687,640,0.9315866084425036,78.125,0.21875,0.171875,0.965514600276947,False,ok,0.139110799995251
D2_111_nadir,disk-lightglue-r2048-k8192,disk,lightglue,2048,8192,395,100_0010_0033.JPG,100_0010_0041.JPG,8192,8192,51,32,0.6274509803921569,3.90625,0.0625,0.0625,0.7451682686805725,False,ok,0.1816116999980295
D2_111_nadir,disk-lightglue-r2048-k8192,disk,lightglue,2048,8192,396,100_0010_0034.JPG,100_0010_0035.JPG,8192,8192,5902,5760,0.9759403592002711,703.125,0.734375,0.734375,0.9782392978668213,False,ok,0.1319340999907581
D2_111_nadir,disk-lightglue-r2048-k8192,disk,lightglue,2048,8192,397,100_0010_0034.JPG,100_0010_0036.JPG,8192,8192,4698,4534,0.9650915283099191,553.466796875,0.609375,0.578125,0.976780354976654,False,ok,0.13875669999106321
D2_111_nadir,disk-lightglue-r2048-k8192,disk,lightglue,2048,8192,398,100_0010_0034.JPG,100_0010_0037.JPG,8192,8192,4680,4535,0.969017094017094,553.5888671875,0.640625,0.625,0.9775359034538269,False,ok,0.1168817999860039
D2_111_nadir,disk-lightglue-r2048-k8192,disk,lightglue,2048,8192,399,100_0010_0034.JPG,100_0010_0038.JPG,8192,8192,3193,3076,0.9633573441904165,375.48828125,0.53125,0.5,0.9779430627822876,False,ok,0.12549040000885725
D2_111_nadir,disk-lightglue-r2048-k8192,disk,lightglue,2048,8192,400,100_0010_0034.JPG,100_0010_0039.JPG,8192,8192,1802,1718,0.9533851276359601,209.716796875,0.375,0.328125,0.9767966270446777,False,ok,0.11500350000278559
D2_111_nadir,disk-lightglue-r2048-k8192,disk,lightglue,2048,8192,401,100_0010_0034.JPG,100_0010_0040.JPG,8192,8192,688,647,0.940406976744186,78.9794921875,0.1875,0.171875,0.9649133682250977,False,ok,0.14888809999683872
D2_111_nadir,disk-lightglue-r2048-k8192,disk,lightglue,2048,8192,402,100_0010_0034.JPG,100_0010_0041.JPG,8192,8192,58,40,0.6896551724137931,4.8828125,0.0625,0.078125,0.6749814748764038,False,ok,0.18506730000081006
D2_111_nadir,disk-lightglue-r2048-k8192,disk,lightglue,2048,8192,403,100_0010_0034.JPG,100_0010_0042.JPG,8192,8192,26,9,0.34615384615384615,1.0986328125,0.09375,0.125,0.19904452562332153,True,ok,0.14234640001086518
D2_111_nadir,disk-lightglue-r2048-k8192,disk,lightglue,2048,8192,404,100_0010_0035.JPG,100_0010_0036.JPG,8192,8192,5649,5529,0.9787573021773766,674.9267578125,0.75,0.75,0.9781231880187988,False,ok,0.10744680000061635
D2_111_nadir,disk-lightglue-r2048-k8192,disk,lightglue,2048,8192,405,100_0010_0035.JPG,100_0010_0037.JPG,8192,8192,5512,5412,0.9818577648766328,660.64453125,0.75,0.734375,0.9814031720161438,False,ok,0.12645310000516474
D2_111_nadir,disk-lightglue-r2048-k8192,disk,lightglue,2048,8192,406,100_0010_0035.JPG,100_0010_0038.JPG,8192,8192,3653,3537,0.9682452778538188,431.7626953125,0.59375,0.578125,0.9842938780784607,False,ok,0.13683240000682417
D2_111_nadir,disk-lightglue-r2048-k8192,disk,lightglue,2048,8192,407,100_0010_0035.JPG,100_0010_0039.JPG,8192,8192,1908,1839,0.9638364779874213,224.4873046875,0.421875,0.359375,0.9816954731941223,False,ok,0.1391174000018509
D2_111_nadir,disk-lightglue-r2048-k8192,disk,lightglue,2048,8192,408,100_0010_0035.JPG,100_0010_0040.JPG,8192,8192,687,648,0.9432314410480349,79.1015625,0.171875,0.171875,0.9672114253044128,False,ok,0.13350169999466743
D2_111_nadir,disk-lightglue-r2048-k8192,disk,lightglue,2048,8192,409,100_0010_0035.JPG,100_0010_0041.JPG,8192,8192,61,41,0.6721311475409836,5.0048828125,0.078125,0.09375,0.695869505405426,False,ok,0.1796533000015188
D2_111_nadir,disk-lightglue-r2048-k8192,disk,lightglue,2048,8192,410,100_0010_0035.JPG,100_0010_0042.JPG,8192,8192,15,8,0.5333333333333333,0.9765625,0.09375,0.09375,0.2777816653251648,True,ok,0.14049260001047514
D2_111_nadir,disk-lightglue-r2048-k8192,disk,lightglue,2048,8192,411,100_0010_0035.JPG,100_0010_0043.JPG,8192,8192,19,9,0.47368421052631576,1.0986328125,0.109375,0.140625,0.22658860683441162,True,ok,0.13765689999854658
D2_111_nadir,disk-lightglue-r2048-k8192,disk,lightglue,2048,8192,412,100_0010_0035.JPG,100_0010_0067.JPG,8192,8192,2811,2736,0.9733191035218783,333.984375,0.421875,0.40625,0.9844802618026733,False,ok,0.1391775000083726
D2_111_nadir,disk-lightglue-r2048-k8192,disk,lightglue,2048,8192,413,100_0010_0035.JPG,100_0010_0068.JPG,8192,8192,3230,3150,0.9752321981424149,384.521484375,0.453125,0.4375,0.983181357383728,False,ok,0.11724570000660606
D2_111_nadir,disk-lightglue-r2048-k8192,disk,lightglue,2048,8192,414,100_0010_0036.JPG,100_0010_0037.JPG,8192,8192,6795,6675,0.9823399558498896,814.8193359375,0.90625,0.90625,0.972053050994873,False,ok,0.1293359999981476
D2_111_nadir,disk-lightglue-r2048-k8192,disk,lightglue,2048,8192,415,100_0010_0036.JPG,100_0010_0038.JPG,8192,8192,4247,4089,0.9627972686602307,499.1455078125,0.703125,0.703125,0.982084333896637,False,ok,0.1263572000025306
D2_111_nadir,disk-lightglue-r2048-k8192,disk,lightglue,2048,8192,416,100_0010_0036.JPG,100_0010_0039.JPG,8192,8192,2184,2091,0.9574175824175825,255.2490234375,0.484375,0.453125,0.9855982661247253,False,ok,0.13518409999960568
D2_111_nadir,disk-lightglue-r2048-k8192,disk,lightglue,2048,8192,417,100_0010_0036.JPG,100_0010_0040.JPG,8192,8192,808,761,0.9418316831683168,92.8955078125,0.21875,0.234375,0.9778637290000916,False,ok,0.13028729999496136
D2_111_nadir,disk-lightglue-r2048-k8192,disk,lightglue,2048,8192,418,100_0010_0036.JPG,100_0010_0041.JPG,8192,8192,65,47,0.7230769230769231,5.7373046875,0.09375,0.140625,0.7476528882980347,False,ok,0.17670519999228418
D2_111_nadir,disk-lightglue-r2048-k8192,disk,lightglue,2048,8192,419,100_0010_0036.JPG,100_0010_0042.JPG,8192,8192,23,9,0.391304347826087,1.0986328125,0.09375,0.125,0.1865861862897873,True,ok,0.13407719999668188
D2_111_nadir,disk-lightglue-r2048-k8192,disk,lightglue,2048,8192,420,100_0010_0036.JPG,100_0010_0043.JPG,8192,8192,18,9,0.5,1.0986328125,0.140625,0.125,0.15043841302394867,True,ok,0.13116369998897426
D2_111_nadir,disk-lightglue-r2048-k8192,disk,lightglue,2048,8192,421,100_0010_0036.JPG,100_0010_0044.JPG,8192,8192,27,10,0.37037037037037035,1.220703125,0.125,0.125,0.17030268907546997,True,ok,0.12842680000176188
D2_111_nadir,disk-lightglue-r2048-k8192,disk,lightglue,2048,8192,422,100_0010_0036.JPG,100_0010_0066.JPG,8192,8192,2124,2063,0.9712806026365348,251.8310546875,0.40625,0.390625,0.9839119911193848,False,ok,0.11191419999522623
D2_111_nadir,disk-lightglue-r2048-k8192,disk,lightglue,2048,8192,423,100_0010_0036.JPG,100_0010_0067.JPG,8192,8192,3784,3682,0.9730443974630021,449.462890625,0.546875,0.546875,0.9818169474601746,False,ok,0.13574230000085663
D2_111_nadir,disk-lightglue-r2048-k8192,disk,lightglue,2048,8192,424,100_0010_0036.JPG,100_0010_0068.JPG,8192,8192,4394,4273,0.9724624487938097,521.6064453125,0.59375,0.59375,0.9759734272956848,False,ok,0.15154129998700228
D2_111_nadir,disk-lightglue-r2048-k8192,disk,lightglue,2048,8192,425,100_0010_0037.JPG,100_0010_0038.JPG,8192,8192,4251,4102,0.96494942366502,500.732421875,0.703125,0.703125,0.9823476672172546,False,ok,0.12714670000423212
D2_111_nadir,disk-lightglue-r2048-k8192,disk,lightglue,2048,8192,426,100_0010_0037.JPG,100_0010_0039.JPG,8192,8192,2198,2112,0.9608735213830755,257.8125,0.484375,0.46875,0.9846487045288086,False,ok,0.13093790000129957
D2_111_nadir,disk-lightglue-r2048-k8192,disk,lightglue,2048,8192,427,100_0010_0037.JPG,100_0010_0040.JPG,8192,8192,808,759,0.9393564356435643,92.6513671875,0.265625,0.25,0.9801667928695679,False,ok,0.12181969999801368
D2_111_nadir,disk-lightglue-r2048-k8192,disk,lightglue,2048,8192,428,100_0010_0037.JPG,100_0010_0041.JPG,8192,8192,63,45,0.7142857142857143,5.4931640625,0.140625,0.09375,0.7852948307991028,False,ok,0.1887630999990506
D2_111_nadir,disk-lightglue-r2048-k8192,disk,lightglue,2048,8192,429,100_0010_0037.JPG,100_0010_0042.JPG,8192,8192,20,9,0.45,1.0986328125,0.09375,0.109375,0.23602566123008728,True,ok,0.14642930000263732
D2_111_nadir,disk-lightglue-r2048-k8192,disk,lightglue,2048,8192,430,100_0010_0037.JPG,100_0010_0043.JPG,8192,8192,21,8,0.38095238095238093,0.9765625,0.109375,0.125,0.20432692766189575,True,ok,0.12970939998922404
D2_111_nadir,disk-lightglue-r2048-k8192,disk,lightglue,2048,8192,431,100_0010_0037.JPG,100_0010_0044.JPG,8192,8192,16,8,0.5,0.9765625,0.109375,0.09375,0.2051701694726944,True,ok,0.12139119999483228
D2_111_nadir,disk-lightglue-r2048-k8192,disk,lightglue,2048,8192,432,100_0010_0037.JPG,100_0010_0045.JPG,8192,8192,22,8,0.36363636363636365,0.9765625,0.109375,0.109375,0.1620975136756897,True,ok,0.12907789999735542
D2_111_nadir,disk-lightglue-r2048-k8192,disk,lightglue,2048,8192,433,100_0010_0037.JPG,100_0010_0066.JPG,8192,8192,2150,2101,0.9772093023255813,256.4697265625,0.453125,0.390625,0.9836688041687012,False,ok,0.13609280000673607
D2_111_nadir,disk-lightglue-r2048-k8192,disk,lightglue,2048,8192,434,100_0010_0037.JPG,100_0010_0067.JPG,8192,8192,3841,3732,0.9716219734444155,455.56640625,0.5625,0.546875,0.9828073978424072,False,ok,0.12553620000835508
D2_111_nadir,disk-lightglue-r2048-k8192,disk,lightglue,2048,8192,435,100_0010_0037.JPG,100_0010_0068.JPG,8192,8192,4478,4321,0.9649397052255472,527.4658203125,0.578125,0.578125,0.9773770570755005,False,ok,0.12947850000637118
D2_111_nadir,disk-lightglue-r2048-k8192,disk,lightglue,2048,8192,436,100_0010_0038.JPG,100_0010_0039.JPG,8192,8192,4728,4587,0.9701776649746193,559.9365234375,0.75,0.828125,0.9882333278656006,False,ok,0.11290399999415968
D2_111_nadir,disk-lightglue-r2048-k8192,disk,lightglue,2048,8192,437,100_0010_0038.JPG,100_0010_0040.JPG,8192,8192,2938,2807,0.9554118447923757,342.6513671875,0.515625,0.53125,0.9888534545898438,False,ok,0.1468654000054812
D2_111_nadir,disk-lightglue-r2048-k8192,disk,lightglue,2048,8192,438,100_0010_0038.JPG,100_0010_0041.JPG,8192,8192,1808,1719,0.9507743362831859,209.8388671875,0.34375,0.421875,0.9864472150802612,False,ok,0.117598500000895
D2_111_nadir,disk-lightglue-r2048-k8192,disk,lightglue,2048,8192,439,100_0010_0038.JPG,100_0010_0042.JPG,8192,8192,1178,1122,0.9524617996604414,136.962890625,0.25,0.25,0.9868848919868469,False,ok,0.138121099997079
D2_111_nadir,disk-lightglue-r2048-k8192,disk,lightglue,2048,8192,440,100_0010_0038.JPG,100_0010_0043.JPG,8192,8192,28,10,0.35714285714285715,1.220703125,0.09375,0.09375,0.23032434284687042,True,ok,0.14159049998852424
D2_111_nadir,disk-lightglue-r2048-k8192,disk,lightglue,2048,8192,441,100_0010_0038.JPG,100_0010_0044.JPG,8192,8192,27,10,0.37037037037037035,1.220703125,0.109375,0.125,0.23236767947673798,True,ok,0.12231320000137202
D2_111_nadir,disk-lightglue-r2048-k8192,disk,lightglue,2048,8192,442,100_0010_0038.JPG,100_0010_0045.JPG,8192,8192,48,12,0.25,1.46484375,0.078125,0.125,0.299746036529541,True,ok,0.11680519999936223
D2_111_nadir,disk-lightglue-r2048-k8192,disk,lightglue,2048,8192,443,100_0010_0038.JPG,100_0010_0046.JPG,8192,8192,34,14,0.4117647058823529,1.708984375,0.15625,0.125,0.22976507246494293,True,ok,0.11720619999687187
D2_111_nadir,disk-lightglue-r2048-k8192,disk,lightglue,2048,8192,444,100_0010_0038.JPG,100_0010_0066.JPG,8192,8192,3904,3815,0.977202868852459,465.6982421875,0.59375,0.65625,0.9856269955635071,False,ok,0.12276660000497941
D2_111_nadir,disk-lightglue-r2048-k8192,disk,lightglue,2048,8192,445,100_0010_0038.JPG,100_0010_0067.JPG,8192,8192,3820,3705,0.9698952879581152,452.2705078125,0.703125,0.625,0.9831321835517883,False,ok,0.13689499998872634
D2_111_nadir,disk-lightglue-r2048-k8192,disk,lightglue,2048,8192,446,100_0010_0038.JPG,100_0010_0068.JPG,8192,8192,2748,2646,0.962882096069869,322.998046875,0.59375,0.53125,0.9830921292304993,False,ok,0.1393170000083046
D2_111_nadir,disk-lightglue-r2048-k8192,disk,lightglue,2048,8192,447,100_0010_0039.JPG,100_0010_0040.JPG,8192,8192,5232,5112,0.9770642201834863,624.0234375,0.765625,0.765625,0.9888523817062378,False,ok,0.12458730000071228
D2_111_nadir,disk-lightglue-r2048-k8192,disk,lightglue,2048,8192,448,100_0010_0039.JPG,100_0010_0041.JPG,8192,8192,3790,3651,0.9633245382585752,445.6787109375,0.5625,0.5625,0.9913644790649414,False,ok,0.12285329999576788
D2_111_nadir,disk-lightglue-r2048-k8192,disk,lightglue,2048,8192,449,100_0010_0039.JPG,100_0010_0042.JPG,8192,8192,2876,2751,0.9565368567454798,335.8154296875,0.40625,0.484375,0.9897421002388,False,ok,0.13065219999407418
D2_111_nadir,disk-lightglue-r2048-k8192,disk,lightglue,2048,8192,450,100_0010_0039.JPG,100_0010_0043.JPG,8192,8192,1424,1344,0.9438202247191011,164.0625,0.25,0.25,0.985343873500824,False,ok,0.13628289999905974
D2_111_nadir,disk-lightglue-r2048-k8192,disk,lightglue,2048,8192,451,100_0010_0039.JPG,100_0010_0044.JPG,8192,8192,29,10,0.3448275862068966,1.220703125,0.125,0.125,0.23065067827701569,True,ok,0.13266879999719094
D2_111_nadir,disk-lightglue-r2048-k8192,disk,lightglue,2048,8192,452,100_0010_0039.JPG,100_0010_0045.JPG,8192,8192,38,12,0.3157894736842105,1.46484375,0.109375,0.125,0.26057425141334534,True,ok,0.11651969999365974
D2_111_nadir,disk-lightglue-r2048-k8192,disk,lightglue,2048,8192,453,100_0010_0039.JPG,100_0010_0046.JPG,8192,8192,53,14,0.2641509433962264,1.708984375,0.125,0.09375,0.22013145685195923,True,ok,0.11352959999931045
D2_111_nadir,disk-lightglue-r2048-k8192,disk,lightglue,2048,8192,454,100_0010_0039.JPG,100_0010_0047.JPG,8192,8192,21,13,0.6190476190476191,1.5869140625,0.109375,0.09375,0.25317537784576416,True,ok,0.16557500000635628
D2_111_nadir,disk-lightglue-r2048-k8192,disk,lightglue,2048,8192,455,100_0010_0039.JPG,100_0010_0064.JPG,8192,8192,2887,2824,0.9781780394873572,344.7265625,0.421875,0.46875,0.9913104772567749,False,ok,0.1518567000020994
D2_111_nadir,disk-lightglue-r2048-k8192,disk,lightglue,2048,8192,456,100_0010_0039.JPG,100_0010_0065.JPG,8192,8192,3797,3710,0.9770871740848038,452.880859375,0.578125,0.65625,0.9898815155029297,False,ok,0.1263576000055764
D2_111_nadir,disk-lightglue-r2048-k8192,disk,lightglue,2048,8192,457,100_0010_0039.JPG,100_0010_0066.JPG,8192,8192,3927,3798,0.9671504965622613,463.623046875,0.6875,0.625,0.989558756351471,False,ok,0.12900400000216905
D2_111_nadir,disk-lightglue-r2048-k8192,disk,lightglue,2048,8192,458,100_0010_0039.JPG,100_0010_0067.JPG,8192,8192,2150,2049,0.9530232558139535,250.1220703125,0.515625,0.421875,0.9867696166038513,False,ok,0.13203760000760667
D2_111_nadir,disk-lightglue-r2048-k8192,disk,lightglue,2048,8192,459,100_0010_0039.JPG,100_0010_0068.JPG,8192,8192,1204,1148,0.9534883720930233,140.13671875,0.40625,0.3125,0.9776666164398193,False,ok,0.13454020000062883
D2_111_nadir,disk-lightglue-r2048-k8192,disk,lightglue,2048,8192,460,100_0010_0040.JPG,100_0010_0041.JPG,8192,8192,5586,5485,0.9819190834228428,669.5556640625,0.765625,0.8125,0.9903119802474976,False,ok,0.13124630000675097
D2_111_nadir,disk-lightglue-r2048-k8192,disk,lightglue,2048,8192,461,100_0010_0040.JPG,100_0010_0042.JPG,8192,8192,4374,4236,0.9684499314128944,517.08984375,0.625,0.625,0.9920178055763245,False,ok,0.09045320001314394
D2_111_nadir,disk-lightglue-r2048-k8192,disk,lightglue,2048,8192,462,100_0010_0040.JPG,100_0010_0043.JPG,8192,8192,2964,2827,0.953778677462888,345.0927734375,0.46875,0.5,0.9908570051193237,False,ok,0.1205541999952402
D2_111_nadir,disk-lightglue-r2048-k8192,disk,lightglue,2048,8192,463,100_0010_0040.JPG,100_0010_0044.JPG,8192,8192,1449,1392,0.9606625258799172,169.921875,0.25,0.25,0.9872888326644897,False,ok,0.14423679999890737
D2_111_nadir,disk-lightglue-r2048-k8192,disk,lightglue,2048,8192,464,100_0010_0040.JPG,100_0010_0045.JPG,8192,8192,50,13,0.26,1.5869140625,0.09375,0.15625,0.23744462430477142,True,ok,0.12495389999821782
D2_111_nadir,disk-lightglue-r2048-k8192,disk,lightglue,2048,8192,465,100_0010_0040.JPG,100_0010_0046.JPG,8192,8192,48,12,0.25,1.46484375,0.140625,0.125,0.23618273437023163,True,ok,0.11653470000601374
D2_111_nadir,disk-lightglue-r2048-k8192,disk,lightglue,2048,8192,466,100_0010_0040.JPG,100_0010_0047.JPG,8192,8192,22,12,0.5454545454545454,1.46484375,0.125,0.109375,0.2506512403488159,True,ok,0.16026990000682417
D2_111_nadir,disk-lightglue-r2048-k8192,disk,lightglue,2048,8192,467,100_0010_0040.JPG,100_0010_0048.JPG,8192,8192,62,12,0.1935483870967742,1.46484375,0.125,0.140625,0.21350976824760437,True,ok,0.14692300000751857
D2_111_nadir,disk-lightglue-r2048-k8192,disk,lightglue,2048,8192,468,100_0010_0040.JPG,100_0010_0063.JPG,8192,8192,3417,3371,0.9865378987415862,411.4990234375,0.46875,0.53125,0.993018388748169,False,ok,0.11751580001146067
D2_111_nadir,disk-lightglue-r2048-k8192,disk,lightglue,2048,8192,469,100_0010_0040.JPG,100_0010_0064.JPG,8192,8192,4059,3987,0.9822616407982262,486.6943359375,0.546875,0.640625,0.9925680160522461,False,ok,0.1514727000030689
D2_111_nadir,disk-lightglue-r2048-k8192,disk,lightglue,2048,8192,470,100_0010_0040.JPG,100_0010_0065.JPG,8192,8192,4108,4004,0.9746835443037974,488.76953125,0.609375,0.625,0.9905538558959961,False,ok,0.1209643999900436
D2_111_nadir,disk-lightglue-r2048-k8192,disk,lightglue,2048,8192,471,100_0010_0040.JPG,100_0010_0066.JPG,8192,8192,2686,2569,0.9564408041697692,313.5986328125,0.40625,0.4375,0.9916541576385498,False,ok,0.1299243999965256
D2_111_nadir,disk-lightglue-r2048-k8192,disk,lightglue,2048,8192,472,100_0010_0041.JPG,100_0010_0042.JPG,8192,8192,5770,5638,0.9771230502599654,688.232421875,0.859375,0.875,0.9901370406150818,False,ok,0.12261769999167882
D2_111_nadir,disk-lightglue-r2048-k8192,disk,lightglue,2048,8192,473,100_0010_0041.JPG,100_0010_0043.JPG,8192,8192,4364,4207,0.9640238313473877,513.5498046875,0.625,0.625,0.9929693937301636,False,ok,0.11421839999093208
D2_111_nadir,disk-lightglue-r2048-k8192,disk,lightglue,2048,8192,474,100_0010_0041.JPG,100_0010_0044.JPG,8192,8192,2970,2849,0.9592592592592593,347.7783203125,0.5,0.484375,0.9931410551071167,False,ok,0.12110949998896103
D2_111_nadir,disk-lightglue-r2048-k8192,disk,lightglue,2048,8192,475,100_0010_0041.JPG,100_0010_0045.JPG,8192,8192,1431,1356,0.9475890985324947,165.52734375,0.25,0.234375,0.9900271892547607,False,ok,0.13238670000282582
D2_111_nadir,disk-lightglue-r2048-k8192,disk,lightglue,2048,8192,476,100_0010_0041.JPG,100_0010_0046.JPG,8192,8192,39,10,0.2564102564102564,1.220703125,0.109375,0.125,0.2154168039560318,True,ok,0.14334120000421535
D2_111_nadir,disk-lightglue-r2048-k8192,disk,lightglue,2048,8192,477,100_0010_0041.JPG,100_0010_0047.JPG,8192,8192,46,11,0.2391304347826087,1.3427734375,0.109375,0.125,0.23928838968276978,True,ok,0.11017569999967236
D2_111_nadir,disk-lightglue-r2048-k8192,disk,lightglue,2048,8192,478,100_0010_0041.JPG,100_0010_0048.JPG,8192,8192,50,11,0.22,1.3427734375,0.109375,0.140625,0.20289893448352814,True,ok,0.12866020000365097
D2_111_nadir,disk-lightglue-r2048-k8192,disk,lightglue,2048,8192,479,100_0010_0041.JPG,100_0010_0049.JPG,8192,8192,35,10,0.2857142857142857,1.220703125,0.140625,0.125,0.23102708160877228,True,ok,0.1125361000013072
D2_111_nadir,disk-lightglue-r2048-k8192,disk,lightglue,2048,8192,480,100_0010_0041.JPG,100_0010_0062.JPG,8192,8192,3749,3700,0.9869298479594558,451.66015625,0.5625,0.5625,0.9930254817008972,False,ok,0.11653100000694394
D2_111_nadir,disk-lightglue-r2048-k8192,disk,lightglue,2048,8192,481,100_0010_0041.JPG,100_0010_0063.JPG,8192,8192,4422,4358,0.9855269109000452,531.982421875,0.625,0.6875,0.9911801218986511,False,ok,0.13690179999684915
D2_111_nadir,disk-lightglue-r2048-k8192,disk,lightglue,2048,8192,482,100_0010_0041.JPG,100_0010_0064.JPG,8192,8192,4426,4330,0.9783099864437416,528.564453125,0.6875,0.625,0.9917690753936768,False,ok,0.13253800000529736
D2_111_nadir,disk-lightglue-r2048-k8192,disk,lightglue,2048,8192,483,100_0010_0041.JPG,100_0010_0109.JPG,8192,8192,26,9,0.34615384615384615,1.0986328125,0.09375,0.078125,0.19977599382400513,True,ok,0.10862899999483489
D2_111_nadir,disk-lightglue-r2048-k8192,disk,lightglue,2048,8192,484,100_0010_0041.JPG,100_0010_0110.JPG,8192,8192,28,9,0.32142857142857145,1.0986328125,0.109375,0.09375,0.19757810235023499,True,ok,0.11652529999264516
D2_111_nadir,disk-lightglue-r2048-k8192,disk,lightglue,2048,8192,485,100_0010_0042.JPG,100_0010_0043.JPG,8192,8192,5659,5558,0.9821523237321081,678.466796875,0.875,0.859375,0.9876522421836853,False,ok,0.0757337999966694
D2_111_nadir,disk-lightglue-r2048-k8192,disk,lightglue,2048,8192,486,100_0010_0042.JPG,100_0010_0044.JPG,8192,8192,4273,4127,0.9658319681722444,503.7841796875,0.625,0.625,0.9925293922424316,False,ok,0.11468179999792483
D2_111_nadir,disk-lightglue-r2048-k8192,disk,lightglue,2048,8192,487,100_0010_0042.JPG,100_0010_0045.JPG,8192,8192,2891,2783,0.962642684192321,339.7216796875,0.484375,0.46875,0.993415355682373,False,ok,0.13058349999482743
D2_111_nadir,disk-lightglue-r2048-k8192,disk,lightglue,2048,8192,488,100_0010_0042.JPG,100_0010_0046.JPG,8192,8192,1471,1402,0.9530931339225017,171.142578125,0.25,0.21875,0.9876291751861572,False,ok,0.1360971999965841
D2_111_nadir,disk-lightglue-r2048-k8192,disk,lightglue,2048,8192,489,100_0010_0042.JPG,100_0010_0047.JPG,8192,8192,163,87,0.5337423312883436,10.6201171875,0.109375,0.109375,0.6809315085411072,False,ok,0.19413310001255013
D2_111_nadir,disk-lightglue-r2048-k8192,disk,lightglue,2048,8192,490,100_0010_0042.JPG,100_0010_0048.JPG,8192,8192,32,10,0.3125,1.220703125,0.109375,0.109375,0.20190846920013428,True,ok,0.13860739998926874
D2_111_nadir,disk-lightglue-r2048-k8192,disk,lightglue,2048,8192,491,100_0010_0042.JPG,100_0010_0049.JPG,8192,8192,27,12,0.4444444444444444,1.46484375,0.109375,0.140625,0.2704434394836426,True,ok,0.10587299999315292
D2_111_nadir,disk-lightglue-r2048-k8192,disk,lightglue,2048,8192,492,100_0010_0042.JPG,100_0010_0050.JPG,8192,8192,22,9,0.4090909090909091,1.0986328125,0.109375,0.125,0.20034314692020416,True,ok,0.12777740000456106
D2_111_nadir,disk-lightglue-r2048-k8192,disk,lightglue,2048,8192,493,100_0010_0042.JPG,100_0010_0062.JPG,8192,8192,4464,4396,0.9847670250896058,536.62109375,0.671875,0.703125,0.9912111759185791,False,ok,0.1243397000071127
D2_111_nadir,disk-lightglue-r2048-k8192,disk,lightglue,2048,8192,494,100_0010_0042.JPG,100_0010_0063.JPG,8192,8192,4547,4466,0.9821860567407081,545.166015625,0.75,0.703125,0.9914236664772034,False,ok,0.1433893000066746
D2_111_nadir,disk-lightglue-r2048-k8192,disk,lightglue,2048,8192,495,100_0010_0042.JPG,100_0010_0109.JPG,8192,8192,285,264,0.9263157894736842,32.2265625,0.09375,0.078125,0.9350106120109558,False,ok,0.10772739999811165
D2_111_nadir,disk-lightglue-r2048-k8192,disk,lightglue,2048,8192,496,100_0010_0042.JPG,100_0010_0110.JPG,8192,8192,22,9,0.4090909090909091,1.0986328125,0.09375,0.109375,0.17513920366764069,True,ok,0.13495779999357183
D2_111_nadir,disk-lightglue-r2048-k8192,disk,lightglue,2048,8192,497,100_0010_0042.JPG,100_0010_0111.JPG,8192,8192,17,8,0.47058823529411764,0.9765625,0.125,0.125,0.17833302915096283,True,ok,0.12614429999666754
D2_111_nadir,disk-lightglue-r2048-k8192,disk,lightglue,2048,8192,498,100_0010_0043.JPG,100_0010_0044.JPG,8192,8192,5651,5531,0.9787648203857724,675.1708984375,0.875,0.84375,0.9874237775802612,False,ok,0.10381119999510702
D2_111_nadir,disk-lightglue-r2048-k8192,disk,lightglue,2048,8192,499,100_0010_0043.JPG,100_0010_0045.JPG,8192,8192,4220,4105,0.9727488151658767,501.0986328125,0.625,0.609375,0.9932752847671509,False,ok,0.12389790000452194
D2_111_nadir,disk-lightglue-r2048-k8192,disk,lightglue,2048,8192,500,100_0010_0043.JPG,100_0010_0046.JPG,8192,8192,2700,2591,0.9596296296296296,316.2841796875,0.484375,0.453125,0.9923951029777527,False,ok,0.1290515000000596
D2_111_nadir,disk-lightglue-r2048-k8192,disk,lightglue,2048,8192,501,100_0010_0043.JPG,100_0010_0047.JPG,8192,8192,1158,1114,0.9620034542314335,135.986328125,0.25,0.234375,0.9875791668891907,False,ok,0.1382560000056401
D2_111_nadir,disk-lightglue-r2048-k8192,disk,lightglue,2048,8192,502,100_0010_0043.JPG,100_0010_0048.JPG,8192,8192,132,52,0.3939393939393939,6.34765625,0.09375,0.109375,0.5345593094825745,False,ok,0.18234700000903104
D2_111_nadir,disk-lightglue-r2048-k8192,disk,lightglue,2048,8192,503,100_0010_0043.JPG,100_0010_0049.JPG,8192,8192,20,9,0.45,1.0986328125,0.125,0.140625,0.22799095511436462,True,ok,0.11918839999998454
D2_111_nadir,disk-lightglue-r2048-k8192,disk,lightglue,2048,8192,504,100_0010_0043.JPG,100_0010_0050.JPG,8192,8192,26,9,0.34615384615384615,1.0986328125,0.125,0.109375,0.23382975161075592,True,ok,0.1334254000103101
D2_111_nadir,disk-lightglue-r2048-k8192,disk,lightglue,2048,8192,505,100_0010_0043.JPG,100_0010_0051.JPG,8192,8192,29,9,0.3103448275862069,1.0986328125,0.140625,0.125,0.20521831512451172,True,ok,0.11308519999147393
D2_111_nadir,disk-lightglue-r2048-k8192,disk,lightglue,2048,8192,506,100_0010_0043.JPG,100_0010_0060.JPG,8192,8192,3686,3634,0.9858925664677157,443.603515625,0.5625,0.53125,0.992807924747467,False,ok,0.12698220000311267
D2_111_nadir,disk-lightglue-r2048-k8192,disk,lightglue,2048,8192,507,100_0010_0043.JPG,100_0010_0061.JPG,8192,8192,4528,4474,0.9880742049469965,546.142578125,0.6875,0.6875,0.9902657270431519,False,ok,0.14515329999267124
D2_111_nadir,disk-lightglue-r2048-k8192,disk,lightglue,2048,8192,508,100_0010_0043.JPG,100_0010_0062.JPG,8192,8192,4391,4300,0.9792757913914826,524.90234375,0.734375,0.75,0.9900239706039429,False,ok,0.12934559999848716
D2_111_nadir,disk-lightglue-r2048-k8192,disk,lightglue,2048,8192,509,100_0010_0043.JPG,100_0010_0109.JPG,8192,8192,1144,898,0.784965034965035,109.619140625,0.265625,0.21875,0.9591973423957825,False,ok,0.1084402999986196
D2_111_nadir,disk-lightglue-r2048-k8192,disk,lightglue,2048,8192,510,100_0010_0043.JPG,100_0010_0110.JPG,8192,8192,466,429,0.9206008583690987,52.3681640625,0.1875,0.140625,0.9745530486106873,False,ok,0.14645299999392591
D2_111_nadir,disk-lightglue-r2048-k8192,disk,lightglue,2048,8192,511,100_0010_0043.JPG,100_0010_0111.JPG,8192,8192,20,8,0.4,0.9765625,0.09375,0.125,0.17902494966983795,True,ok,0.14245220000157133
D2_111_nadir,disk-lightglue-r2048-k8192,disk,lightglue,2048,8192,512,100_0010_0044.JPG,100_0010_0045.JPG,8192,8192,5572,5449,0.9779253409906676,665.1611328125,0.859375,0.8125,0.9884924292564392,False,ok,0.08031309999933
D2_111_nadir,disk-lightglue-r2048-k8192,disk,lightglue,2048,8192,513,100_0010_0044.JPG,100_0010_0046.JPG,8192,8192,3828,3716,0.9707419017763845,453.61328125,0.625,0.59375,0.9918860793113708,False,ok,0.1285071999882348
D2_111_nadir,disk-lightglue-r2048-k8192,disk,lightglue,2048,8192,514,100_0010_0044.JPG,100_0010_0047.JPG,8192,8192,2077,1989,0.9576311988444872,242.7978515625,0.5,0.4375,0.9925320148468018,False,ok,0.1376491000119131
D2_111_nadir,disk-lightglue-r2048-k8192,disk,lightglue,2048,8192,515,100_0010_0044.JPG,100_0010_0048.JPG,8192,8192,650,621,0.9553846153846154,75.8056640625,0.234375,0.21875,0.9771694540977478,False,ok,0.12864300000364892
D2_111_nadir,disk-lightglue-r2048-k8192,disk,lightglue,2048,8192,516,100_0010_0044.JPG,100_0010_0049.JPG,8192,8192,119,52,0.4369747899159664,6.34765625,0.078125,0.09375,0.5683910846710205,False,ok,0.18109939999703784
D2_111_nadir,disk-lightglue-r2048-k8192,disk,lightglue,2048,8192,517,100_0010_0044.JPG,100_0010_0050.JPG,8192,8192,28,8,0.2857142857142857,0.9765625,0.125,0.109375,0.16470150649547577,True,ok,0.13131649998831563
D2_111_nadir,disk-lightglue-r2048-k8192,disk,lightglue,2048,8192,518,100_0010_0044.JPG,100_0010_0051.JPG,8192,8192,27,9,0.3333333333333333,1.0986328125,0.078125,0.109375,0.26489222049713135,True,ok,0.10858710001048166
D2_111_nadir,disk-lightglue-r2048-k8192,disk,lightglue,2048,8192,519,100_0010_0044.JPG,100_0010_0052.JPG,8192,8192,15,8,0.5333333333333333,0.9765625,0.109375,0.09375,0.2060263603925705,True,ok,0.12402099999599159
D2_111_nadir,disk-lightglue-r2048-k8192,disk,lightglue,2048,8192,520,100_0010_0044.JPG,100_0010_0059.JPG,8192,8192,3385,3327,0.9828655834564254,406.1279296875,0.5625,0.546875,0.9922609925270081,False,ok,0.14245269999082666
D2_111_nadir,disk-lightglue-r2048-k8192,disk,lightglue,2048,8192,521,100_0010_0044.JPG,100_0010_0060.JPG,8192,8192,4522,4454,0.9849624060150376,543.701171875,0.71875,0.703125,0.9906759858131409,False,ok,0.13366019999375567
D2_111_nadir,disk-lightglue-r2048-k8192,disk,lightglue,2048,8192,522,100_0010_0044.JPG,100_0010_0061.JPG,8192,8192,4534,4433,0.9777238641376268,541.1376953125,0.703125,0.71875,0.9893831610679626,False,ok,0.12397559999953955
D2_111_nadir,disk-lightglue-r2048-k8192,disk,lightglue,2048,8192,523,100_0010_0044.JPG,100_0010_0110.JPG,8192,8192,1075,919,0.8548837209302326,112.1826171875,0.3125,0.3125,0.9711772203445435,False,ok,0.15763559998595156
D2_111_nadir,disk-lightglue-r2048-k8192,disk,lightglue,2048,8192,524,100_0010_0044.JPG,100_0010_0111.JPG,8192,8192,487,416,0.8542094455852156,50.78125,0.234375,0.203125,0.9638252258300781,False,ok,0.13915890001226217
D2_111_nadir,disk-lightglue-r2048-k8192,disk,lightglue,2048,8192,525,100_0010_0045.JPG,100_0010_0046.JPG,8192,8192,5299,5169,0.9754670692583506,630.9814453125,0.84375,0.84375,0.9889599680900574,False,ok,0.1319426999980351
D2_111_nadir,disk-lightglue-r2048-k8192,disk,lightglue,2048,8192,526,100_0010_0045.JPG,100_0010_0047.JPG,8192,8192,3364,3217,0.9563020214030915,392.7001953125,0.609375,0.609375,0.991735577583313,False,ok,0.10630500000843313
D2_111_nadir,disk-lightglue-r2048-k8192,disk,lightglue,2048,8192,527,100_0010_0045.JPG,100_0010_0048.JPG,8192,8192,1625,1563,0.9618461538461538,190.7958984375,0.46875,0.46875,0.9886829853057861,False,ok,0.13287610000406858
D2_111_nadir,disk-lightglue-r2048-k8192,disk,lightglue,2048,8192,528,100_0010_0045.JPG,100_0010_0049.JPG,8192,8192,781,744,0.9526248399487837,90.8203125,0.25,0.234375,0.9807184338569641,False,ok,0.14517879999766592
D2_111_nadir,disk-lightglue-r2048-k8192,disk,lightglue,2048,8192,529,100_0010_0045.JPG,100_0010_0050.JPG,8192,8192,108,54,0.5,6.591796875,0.09375,0.109375,0.6699134111404419,False,ok,0.1770983000023989
D2_111_nadir,disk-lightglue-r2048-k8192,disk,lightglue,2048,8192,530,100_0010_0045.JPG,100_0010_0051.JPG,8192,8192,24,9,0.375,1.0986328125,0.109375,0.09375,0.1961066722869873,True,ok,0.1361821000027703
D2_111_nadir,disk-lightglue-r2048-k8192,disk,lightglue,2048,8192,531,100_0010_0045.JPG,100_0010_0052.JPG,8192,8192,18,8,0.4444444444444444,0.9765625,0.125,0.09375,0.1985563188791275,True,ok,0.11374909999722149
D2_111_nadir,disk-lightglue-r2048-k8192,disk,lightglue,2048,8192,532,100_0010_0045.JPG,100_0010_0053.JPG,8192,8192,14,7,0.5,0.8544921875,0.109375,0.109375,0.17306265234947205,True,ok,0.14016300000366755
D2_111_nadir,disk-lightglue-r2048-k8192,disk,lightglue,2048,8192,533,100_0010_0045.JPG,100_0010_0058.JPG,8192,8192,3199,3134,0.9796811503594873,382.568359375,0.5625,0.5625,0.9893222451210022,False,ok,0.14442450000206009
D2_111_nadir,disk-lightglue-r2048-k8192,disk,lightglue,2048,8192,534,100_0010_0045.JPG,100_0010_0059.JPG,8192,8192,4519,4441,0.9827395441469352,542.1142578125,0.75,0.734375,0.9896643161773682,False,ok,0.12705670000286773
D2_111_nadir,disk-lightglue-r2048-k8192,disk,lightglue,2048,8192,535,100_0010_0045.JPG,100_0010_0060.JPG,8192,8192,4705,4615,0.9808714133900106,563.3544921875,0.703125,0.734375,0.990163266658783,False,ok,0.12838470000133384
D2_111_nadir,disk-lightglue-r2048-k8192,disk,lightglue,2048,8192,536,100_0010_0045.JPG,100_0010_0110.JPG,8192,8192,1888,1601,0.8479872881355932,195.4345703125,0.53125,0.421875,0.9607824683189392,False,ok,0.1253129000106128
D2_111_nadir,disk-lightglue-r2048-k8192,disk,lightglue,2048,8192,537,100_0010_0045.JPG,100_0010_0111.JPG,8192,8192,1321,1070,0.8099924299772899,130.615234375,0.4375,0.3125,0.9754089117050171,False,ok,0.13974419998703524
D2_111_nadir,disk-lightglue-r2048-k8192,disk,lightglue,2048,8192,538,100_0010_0046.JPG,100_0010_0047.JPG,8192,8192,5146,5016,0.9747376603186941,612.3046875,0.859375,0.84375,0.9869190454483032,False,ok,0.12673459999496117
D2_111_nadir,disk-lightglue-r2048-k8192,disk,lightglue,2048,8192,539,100_0010_0046.JPG,100_0010_0048.JPG,8192,8192,3201,3072,0.9597000937207123,375.0,0.59375,0.59375,0.9892758727073669,False,ok,0.11915589999989606
D2_111_nadir,disk-lightglue-r2048-k8192,disk,lightglue,2048,8192,540,100_0010_0046.JPG,100_0010_0049.JPG,8192,8192,2026,1915,0.9452122408687068,233.7646484375,0.484375,0.4375,0.9898127913475037,False,ok,0.13441189999866765
D2_111_nadir,disk-lightglue-r2048-k8192,disk,lightglue,2048,8192,541,100_0010_0046.JPG,100_0010_0050.JPG,8192,8192,874,813,0.9302059496567505,99.2431640625,0.234375,0.234375,0.9825655817985535,False,ok,0.14754540000285488
D2_111_nadir,disk-lightglue-r2048-k8192,disk,lightglue,2048,8192,542,100_0010_0046.JPG,100_0010_0051.JPG,8192,8192,130,75,0.5769230769230769,9.1552734375,0.125,0.125,0.7273802161216736,False,ok,0.16582170000765473
D2_111_nadir,disk-lightglue-r2048-k8192,disk,lightglue,2048,8192,543,100_0010_0046.JPG,100_0010_0052.JPG,8192,8192,102,79,0.7745098039215687,9.6435546875,0.109375,0.125,0.8302839398384094,False,ok,0.1351555000001099
D2_111_nadir,disk-lightglue-r2048-k8192,disk,lightglue,2048,8192,544,100_0010_0046.JPG,100_0010_0053.JPG,8192,8192,103,89,0.8640776699029126,10.8642578125,0.09375,0.109375,0.8679449558258057,False,ok,0.13573599999654107
D2_111_nadir,disk-lightglue-r2048-k8192,disk,lightglue,2048,8192,545,100_0010_0046.JPG,100_0010_0054.JPG,8192,8192,145,132,0.9103448275862069,16.11328125,0.09375,0.09375,0.8715820908546448,False,ok,0.14785059999849182
D2_111_nadir,disk-lightglue-r2048-k8192,disk,lightglue,2048,8192,546,100_0010_0046.JPG,100_0010_0057.JPG,8192,8192,3020,2965,0.9817880794701986,361.9384765625,0.5625,0.5625,0.9847841262817383,False,ok,0.12130959999922197
D2_111_nadir,disk-lightglue-r2048-k8192,disk,lightglue,2048,8192,547,100_0010_0046.JPG,100_0010_0058.JPG,8192,8192,4416,4348,0.9846014492753623,530.76171875,0.75,0.65625,0.9873188138008118,False,ok,0.12916429998585954
D2_111_nadir,disk-lightglue-r2048-k8192,disk,lightglue,2048,8192,548,100_0010_0046.JPG,100_0010_0059.JPG,8192,8192,4606,4462,0.9687364307425098,544.677734375,0.734375,0.75,0.9887837171554565,False,ok,0.12378199999511708
D2_111_nadir,disk-lightglue-r2048-k8192,disk,lightglue,2048,8192,549,100_0010_0046.JPG,100_0010_0060.JPG,8192,8192,3355,3247,0.9678092399403875,396.3623046875,0.53125,0.546875,0.9909927248954773,False,ok,0.13813330000266433
D2_111_nadir,disk-lightglue-r2048-k8192,disk,lightglue,2048,8192,550,100_0010_0046.JPG,100_0010_0111.JPG,8192,8192,2323,2017,0.8682737839001291,246.2158203125,0.578125,0.421875,0.9662882089614868,False,ok,0.13179840000520926
D2_111_nadir,disk-lightglue-r2048-k8192,disk,lightglue,2048,8192,551,100_0010_0047.JPG,100_0010_0048.JPG,8192,8192,4976,4858,0.9762861736334405,593.017578125,0.875,0.734375,0.9838601350784302,False,ok,0.12721310000051744
D2_111_nadir,disk-lightglue-r2048-k8192,disk,lightglue,2048,8192,552,100_0010_0047.JPG,100_0010_0049.JPG,8192,8192,3198,3037,0.9496560350218887,370.7275390625,0.625,0.625,0.9879670143127441,False,ok,0.12683549999201205
D2_111_nadir,disk-lightglue-r2048-k8192,disk,lightglue,2048,8192,553,100_0010_0047.JPG,100_0010_0050.JPG,8192,8192,1508,1412,0.9363395225464191,172.36328125,0.5,0.359375,0.9860973954200745,False,ok,0.15247240000462625
D2_111_nadir,disk-lightglue-r2048-k8192,disk,lightglue,2048,8192,554,100_0010_0047.JPG,100_0010_0051.JPG,8192,8192,348,321,0.9224137931034483,39.1845703125,0.375,0.234375,0.9285038113594055,False,ok,0.12593879998894408
D2_111_nadir,disk-lightglue-r2048-k8192,disk,lightglue,2048,8192,555,100_0010_0047.JPG,100_0010_0052.JPG,8192,8192,318,302,0.949685534591195,36.865234375,0.359375,0.25,0.9489439129829407,False,ok,0.13625690000480972
D2_111_nadir,disk-lightglue-r2048-k8192,disk,lightglue,2048,8192,556,100_0010_0047.JPG,100_0010_0053.JPG,8192,8192,325,309,0.9507692307692308,37.7197265625,0.296875,0.21875,0.9340392351150513,False,ok,0.13562349999847356
D2_111_nadir,disk-lightglue-r2048-k8192,disk,lightglue,2048,8192,557,100_0010_0047.JPG,100_0010_0054.JPG,8192,8192,391,375,0.959079283887468,45.7763671875,0.28125,0.1875,0.9311575889587402,False,ok,0.1398814999993192
D2_111_nadir,disk-lightglue-r2048-k8192,disk,lightglue,2048,8192,558,100_0010_0047.JPG,100_0010_0055.JPG,8192,8192,2031,1953,0.9615952732644018,238.4033203125,0.4375,0.375,0.9797715544700623,False,ok,0.13739129999885336
D2_111_nadir,disk-lightglue-r2048-k8192,disk,lightglue,2048,8192,559,100_0010_0047.JPG,100_0010_0056.JPG,8192,8192,3162,3093,0.9781783681214421,377.5634765625,0.5625,0.515625,0.9828856587409973,False,ok,0.12853609999001492
D2_111_nadir,disk-lightglue-r2048-k8192,disk,lightglue,2048,8192,560,100_0010_0047.JPG,100_0010_0057.JPG,8192,8192,4301,4186,0.9732620320855615,510.986328125,0.75,0.65625,0.9822199940681458,False,ok,0.13745369999378454
D2_111_nadir,disk-lightglue-r2048-k8192,disk,lightglue,2048,8192,561,100_0010_0047.JPG,100_0010_0058.JPG,8192,8192,4530,4390,0.9690949227373068,535.888671875,0.6875,0.703125,0.9849061965942383,False,ok,0.1388977999886265
D2_111_nadir,disk-lightglue-r2048-k8192,disk,lightglue,2048,8192,562,100_0010_0047.JPG,100_0010_0059.JPG,8192,8192,3237,3089,0.9542786530738337,377.0751953125,0.5625,0.5625,0.9896215200424194,False,ok,0.11932709999382496
D2_111_nadir,disk-lightglue-r2048-k8192,disk,lightglue,2048,8192,563,100_0010_0048.JPG,100_0010_0049.JPG,8192,8192,4995,4836,0.9681681681681682,590.33203125,0.859375,0.875,0.9793850779533386,False,ok,0.12503579999611247
D2_111_nadir,disk-lightglue-r2048-k8192,disk,lightglue,2048,8192,564,100_0010_0048.JPG,100_0010_0050.JPG,8192,8192,2935,2764,0.9417376490630324,337.40234375,0.609375,0.59375,0.9881284236907959,False,ok,0.13181709998752922
D2_111_nadir,disk-lightglue-r2048-k8192,disk,lightglue,2048,8192,565,100_0010_0048.JPG,100_0010_0051.JPG,8192,8192,1502,1403,0.9340878828229028,171.2646484375,0.46875,0.46875,0.9836757183074951,False,ok,0.13865910000458825
D2_111_nadir,disk-lightglue-r2048-k8192,disk,lightglue,2048,8192,566,100_0010_0048.JPG,100_0010_0052.JPG,8192,8192,1393,1316,0.9447236180904522,160.64453125,0.46875,0.4375,0.9815019369125366,False,ok,0.13458230000105686
D2_111_nadir,disk-lightglue-r2048-k8192,disk,lightglue,2048,8192,567,100_0010_0048.JPG,100_0010_0053.JPG,8192,8192,1025,981,0.9570731707317073,119.7509765625,0.390625,0.375,0.9716148972511292,False,ok,0.13265959999989718
D2_111_nadir,disk-lightglue-r2048-k8192,disk,lightglue,2048,8192,568,100_0010_0048.JPG,100_0010_0054.JPG,8192,8192,1056,1016,0.9621212121212122,124.0234375,0.375,0.375,0.9709535241127014,False,ok,0.14616119999845978
D2_111_nadir,disk-lightglue-r2048-k8192,disk,lightglue,2048,8192,569,100_0010_0048.JPG,100_0010_0055.JPG,8192,8192,2901,2829,0.9751809720785936,345.3369140625,0.5625,0.546875,0.9826721549034119,False,ok,0.13873239999520592
D2_111_nadir,disk-lightglue-r2048-k8192,disk,lightglue,2048,8192,570,100_0010_0048.JPG,100_0010_0056.JPG,8192,8192,4175,4081,0.9774850299401198,498.1689453125,0.71875,0.671875,0.9803559184074402,False,ok,0.1366342999972403
D2_111_nadir,disk-lightglue-r2048-k8192,disk,lightglue,2048,8192,571,100_0010_0048.JPG,100_0010_0057.JPG,8192,8192,4273,4120,0.9641937748654341,502.9296875,0.75,0.734375,0.9825493097305298,False,ok,0.12439159999485128
D2_111_nadir,disk-lightglue-r2048-k8192,disk,lightglue,2048,8192,572,100_0010_0048.JPG,100_0010_0058.JPG,8192,8192,3071,2912,0.9482253337675024,355.46875,0.5,0.515625,0.986525297164917,False,ok,0.1344299000047613
D2_111_nadir,disk-lightglue-r2048-k8192,disk,lightglue,2048,8192,573,100_0010_0049.JPG,100_0010_0050.JPG,8192,8192,4995,4847,0.9703703703703703,591.6748046875,0.875,0.84375,0.9854193925857544,False,ok,0.13121190000674687
D2_111_nadir,disk-lightglue-r2048-k8192,disk,lightglue,2048,8192,574,100_0010_0049.JPG,100_0010_0051.JPG,8192,8192,3472,3326,0.9579493087557603,406.005859375,0.734375,0.703125,0.9895200729370117,False,ok,0.1296825000026729
D2_111_nadir,disk-lightglue-r2048-k8192,disk,lightglue,2048,8192,575,100_0010_0049.JPG,100_0010_0052.JPG,8192,8192,3199,3117,0.9743669896842764,380.4931640625,0.65625,0.65625,0.9889968037605286,False,ok,0.11374990000331309
D2_111_nadir,disk-lightglue-r2048-k8192,disk,lightglue,2048,8192,576,100_0010_0049.JPG,100_0010_0053.JPG,8192,8192,2314,2262,0.9775280898876404,276.123046875,0.578125,0.5625,0.983680784702301,False,ok,0.1449890000076266
D2_111_nadir,disk-lightglue-r2048-k8192,disk,lightglue,2048,8192,577,100_0010_0049.JPG,100_0010_0054.JPG,8192,8192,2318,2256,0.9732528041415013,275.390625,0.546875,0.5625,0.9825897812843323,False,ok,0.14474419999169186
D2_111_nadir,disk-lightglue-r2048-k8192,disk,lightglue,2048,8192,578,100_0010_0049.JPG,100_0010_0055.JPG,8192,8192,4131,4019,0.9728879206003389,490.6005859375,0.734375,0.71875,0.9794817566871643,False,ok,0.13578539999434724
D2_111_nadir,disk-lightglue-r2048-k8192,disk,lightglue,2048,8192,579,100_0010_0049.JPG,100_0010_0056.JPG,8192,8192,4232,4072,0.9621928166351607,497.0703125,0.75,0.75,0.9793553352355957,False,ok,0.12393509999674279
D2_111_nadir,disk-lightglue-r2048-k8192,disk,lightglue,2048,8192,580,100_0010_0049.JPG,100_0010_0057.JPG,8192,8192,2918,2754,0.9437971213159698,336.181640625,0.5625,0.5625,0.9820415377616882,False,ok,0.1279216999973869
D2_111_nadir,disk-lightglue-r2048-k8192,disk,lightglue,2048,8192,581,100_0010_0050.JPG,100_0010_0051.JPG,8192,8192,5494,5382,0.979614124499454,656.982421875,0.84375,0.859375,0.98297518491745,False,ok,0.1444142000109423
D2_111_nadir,disk-lightglue-r2048-k8192,disk,lightglue,2048,8192,582,100_0010_0050.JPG,100_0010_0052.JPG,8192,8192,4876,4817,0.9878999179655455,588.0126953125,0.765625,0.765625,0.9850869178771973,False,ok,0.11357140001200605
D2_111_nadir,disk-lightglue-r2048-k8192,disk,lightglue,2048,8192,583,100_0010_0050.JPG,100_0010_0053.JPG,8192,8192,3722,3649,0.9803868887694788,445.4345703125,0.65625,0.65625,0.9831364750862122,False,ok,0.12826460000360385
D2_111_nadir,disk-lightglue-r2048-k8192,disk,lightglue,2048,8192,584,100_0010_0050.JPG,100_0010_0054.JPG,8192,8192,3651,3576,0.9794576828266228,436.5234375,0.65625,0.65625,0.9834698438644409,False,ok,0.12109660000714939
D2_111_nadir,disk-lightglue-r2048-k8192,disk,lightglue,2048,8192,585,100_0010_0050.JPG,100_0010_0055.JPG,8192,8192,3975,3851,0.9688050314465408,470.0927734375,0.75,0.75,0.9823826551437378,False,ok,0.14376909998827614
D2_111_nadir,disk-lightglue-r2048-k8192,disk,lightglue,2048,8192,586,100_0010_0050.JPG,100_0010_0056.JPG,8192,8192,2673,2517,0.941638608305275,307.2509765625,0.5625,0.5625,0.9855431914329529,False,ok,0.12691730000369716
D2_111_nadir,disk-lightglue-r2048-k8192,disk,lightglue,2048,8192,587,100_0010_0050.JPG,100_0010_0057.JPG,8192,8192,1493,1394,0.9336905559276625,170.166015625,0.46875,0.46875,0.9844790697097778,False,ok,0.13113609999709297
D2_111_nadir,disk-lightglue-r2048-k8192,disk,lightglue,2048,8192,588,100_0010_0050.JPG,100_0010_0058.JPG,8192,8192,930,852,0.9161290322580645,104.00390625,0.21875,0.234375,0.9810218811035156,False,ok,0.13108789999387227
D2_111_nadir,disk-lightglue-r2048-k8192,disk,lightglue,2048,8192,589,100_0010_0051.JPG,100_0010_0052.JPG,8192,8192,6052,5958,0.9844679444811633,727.294921875,0.875,0.875,0.9791017174720764,False,ok,0.14214240000001155
D2_111_nadir,disk-lightglue-r2048-k8192,disk,lightglue,2048,8192,590,100_0010_0051.JPG,100_0010_0053.JPG,8192,8192,4624,4510,0.9753460207612457,550.537109375,0.75,0.75,0.981446385383606,False,ok,0.12733520001347642
D2_111_nadir,disk-lightglue-r2048-k8192,disk,lightglue,2048,8192,591,100_0010_0051.JPG,100_0010_0054.JPG,8192,8192,4453,4345,0.9757466876263193,530.3955078125,0.75,0.75,0.9807406067848206,False,ok,0.12570679999771528
D2_111_nadir,disk-lightglue-r2048-k8192,disk,lightglue,2048,8192,592,100_0010_0051.JPG,100_0010_0055.JPG,8192,8192,2806,2676,0.9536707056307911,326.66015625,0.65625,0.65625,0.9860543012619019,False,ok,0.13197809999110177
D2_111_nadir,disk-lightglue-r2048-k8192,disk,lightglue,2048,8192,593,100_0010_0051.JPG,100_0010_0056.JPG,8192,8192,1566,1457,0.9303959131545338,177.8564453125,0.453125,0.46875,0.983614981174469,False,ok,0.13857049999933224
D2_111_nadir,disk-lightglue-r2048-k8192,disk,lightglue,2048,8192,594,100_0010_0051.JPG,100_0010_0057.JPG,8192,8192,509,445,0.8742632612966601,54.3212890625,0.359375,0.375,0.9468570947647095,False,ok,0.1301235999999335
D2_111_nadir,disk-lightglue-r2048-k8192,disk,lightglue,2048,8192,595,100_0010_0051.JPG,100_0010_0058.JPG,8192,8192,146,131,0.8972602739726028,15.9912109375,0.15625,0.140625,0.891097903251648,False,ok,0.13690490000590216
D2_111_nadir,disk-lightglue-r2048-k8192,disk,lightglue,2048,8192,596,100_0010_0051.JPG,100_0010_0059.JPG,8192,8192,22,9,0.4090909090909091,1.0986328125,0.109375,0.109375,0.16096265614032745,True,ok,0.13840419999905862
D2_111_nadir,disk-lightglue-r2048-k8192,disk,lightglue,2048,8192,597,100_0010_0052.JPG,100_0010_0053.JPG,8192,8192,5630,5544,0.9847246891651865,676.7578125,0.9375,0.890625,0.9812831878662109,False,ok,0.12594420000095852
D2_111_nadir,disk-lightglue-r2048-k8192,disk,lightglue,2048,8192,598,100_0010_0052.JPG,100_0010_0054.JPG,8192,8192,5428,5341,0.9839719970523213,651.9775390625,0.875,0.875,0.9822669625282288,False,ok,0.12121459998888895
D2_111_nadir,disk-lightglue-r2048-k8192,disk,lightglue,2048,8192,599,100_0010_0052.JPG,100_0010_0055.JPG,8192,8192,3279,3122,0.952119548642879,381.103515625,0.765625,0.765625,0.9882904291152954,False,ok,0.13365669999620877
D2_111_nadir,disk-lightglue-r2048-k8192,disk,lightglue,2048,8192,600,100_0010_0052.JPG,100_0010_0056.JPG,8192,8192,1770,1622,0.9163841807909604,197.998046875,0.546875,0.546875,0.9824301600456238,False,ok,0.13837539999803994
D2_111_nadir,disk-lightglue-r2048-k8192,disk,lightglue,2048,8192,601,100_0010_0052.JPG,100_0010_0057.JPG,8192,8192,602,503,0.8355481727574751,61.4013671875,0.390625,0.421875,0.9626936316490173,False,ok,0.1356155000103172
D2_111_nadir,disk-lightglue-r2048-k8192,disk,lightglue,2048,8192,602,100_0010_0052.JPG,100_0010_0058.JPG,8192,8192,223,205,0.9192825112107623,25.0244140625,0.140625,0.171875,0.9516676664352417,False,ok,0.14018650000798516
D2_111_nadir,disk-lightglue-r2048-k8192,disk,lightglue,2048,8192,603,100_0010_0052.JPG,100_0010_0059.JPG,8192,8192,28,13,0.4642857142857143,1.5869140625,0.078125,0.078125,0.4274000823497772,True,ok,0.13644039999053348
D2_111_nadir,disk-lightglue-r2048-k8192,disk,lightglue,2048,8192,604,100_0010_0052.JPG,100_0010_0060.JPG,8192,8192,16,8,0.5,0.9765625,0.109375,0.09375,0.2123495489358902,True,ok,0.1337818000029074
D2_111_nadir,disk-lightglue-r2048-k8192,disk,lightglue,2048,8192,605,100_0010_0052.JPG,100_0010_0084.JPG,8192,8192,2876,2772,0.9638386648122392,338.37890625,0.625,0.625,0.9805779457092285,False,ok,0.1423250000079861
D2_111_nadir,disk-lightglue-r2048-k8192,disk,lightglue,2048,8192,606,100_0010_0052.JPG,100_0010_0085.JPG,8192,8192,3221,3098,0.9618131015212666,378.173828125,0.625,0.609375,0.9769289493560791,False,ok,0.13583479999215342
D2_111_nadir,disk-lightglue-r2048-k8192,disk,lightglue,2048,8192,607,100_0010_0053.JPG,100_0010_0054.JPG,8192,8192,6718,6652,0.9901756475141411,812.01171875,1.0,1.0,0.9776099920272827,False,ok,0.1260811999964062
D2_111_nadir,disk-lightglue-r2048-k8192,disk,lightglue,2048,8192,608,100_0010_0053.JPG,100_0010_0055.JPG,8192,8192,3997,3856,0.9647235426569928,470.703125,0.875,0.859375,0.9871501922607422,False,ok,0.12364869999873918
D2_111_nadir,disk-lightglue-r2048-k8192,disk,lightglue,2048,8192,609,100_0010_0053.JPG,100_0010_0056.JPG,8192,8192,2077,1942,0.9350024073182475,237.060546875,0.609375,0.609375,0.9861398339271545,False,ok,0.13205650000600144
D2_111_nadir,disk-lightglue-r2048-k8192,disk,lightglue,2048,8192,610,100_0010_0053.JPG,100_0010_0057.JPG,8192,8192,712,628,0.8820224719101124,76.66015625,0.5,0.484375,0.9636024832725525,False,ok,0.1390862999978708
D2_111_nadir,disk-lightglue-r2048-k8192,disk,lightglue,2048,8192,611,100_0010_0053.JPG,100_0010_0058.JPG,8192,8192,260,243,0.9346153846153846,29.6630859375,0.15625,0.1875,0.9618985056877136,False,ok,0.13930350000737235
D2_111_nadir,disk-lightglue-r2048-k8192,disk,lightglue,2048,8192,612,100_0010_0053.JPG,100_0010_0059.JPG,8192,8192,32,16,0.5,1.953125,0.09375,0.109375,0.46924325823783875,False,ok,0.1397415999963414
D2_111_nadir,disk-lightglue-r2048-k8192,disk,lightglue,2048,8192,613,100_0010_0053.JPG,100_0010_0060.JPG,8192,8192,16,8,0.5,0.9765625,0.109375,0.125,0.20462194085121155,True,ok,0.14373820000037085
D2_111_nadir,disk-lightglue-r2048-k8192,disk,lightglue,2048,8192,614,100_0010_0053.JPG,100_0010_0061.JPG,8192,8192,13,7,0.5384615384615384,0.8544921875,0.09375,0.109375,0.19115114212036133,True,ok,0.13504909999028314
D2_111_nadir,disk-lightglue-r2048-k8192,disk,lightglue,2048,8192,615,100_0010_0053.JPG,100_0010_0083.JPG,8192,8192,2271,2128,0.9370321444297667,259.765625,0.5625,0.546875,0.9803789854049683,False,ok,0.1409148999955505
D2_111_nadir,disk-lightglue-r2048-k8192,disk,lightglue,2048,8192,616,100_0010_0053.JPG,100_0010_0084.JPG,8192,8192,3883,3760,0.9683234612413083,458.984375,0.75,0.75,0.9823542833328247,False,ok,0.1243893999926513
D2_111_nadir,disk-lightglue-r2048-k8192,disk,lightglue,2048,8192,617,100_0010_0053.JPG,100_0010_0085.JPG,8192,8192,4308,4196,0.9740018570102136,512.20703125,0.75,0.75,0.9780597686767578,False,ok,0.14472029999888036
D2_111_nadir,disk-lightglue-r2048-k8192,disk,lightglue,2048,8192,618,100_0010_0054.JPG,100_0010_0055.JPG,8192,8192,4120,3960,0.9611650485436893,483.3984375,0.875,0.859375,0.9865766763687134,False,ok,0.12348719999135938
D2_111_nadir,disk-lightglue-r2048-k8192,disk,lightglue,2048,8192,619,100_0010_0054.JPG,100_0010_0056.JPG,8192,8192,2191,2064,0.942035600182565,251.953125,0.609375,0.609375,0.985133171081543,False,ok,0.11046909999276977
D2_111_nadir,disk-lightglue-r2048-k8192,disk,lightglue,2048,8192,620,100_0010_0054.JPG,100_0010_0057.JPG,8192,8192,800,736,0.92,89.84375,0.5,0.46875,0.966244637966156,False,ok,0.15097960000275634
D2_111_nadir,disk-lightglue-r2048-k8192,disk,lightglue,2048,8192,621,100_0010_0054.JPG,100_0010_0058.JPG,8192,8192,330,311,0.9424242424242424,37.9638671875,0.15625,0.1875,0.955895185470581,False,ok,0.15468000000691973
D2_111_nadir,disk-lightglue-r2048-k8192,disk,lightglue,2048,8192,622,100_0010_0054.JPG,100_0010_0059.JPG,8192,8192,76,43,0.5657894736842105,5.2490234375,0.078125,0.078125,0.617625892162323,False,ok,0.13864370000374038
D2_111_nadir,disk-lightglue-r2048-k8192,disk,lightglue,2048,8192,623,100_0010_0054.JPG,100_0010_0060.JPG,8192,8192,17,8,0.47058823529411764,0.9765625,0.109375,0.125,0.16526411473751068,True,ok,0.13213339999492746
D2_111_nadir,disk-lightglue-r2048-k8192,disk,lightglue,2048,8192,624,100_0010_0054.JPG,100_0010_0061.JPG,8192,8192,13,8,0.6153846153846154,0.9765625,0.0625,0.09375,0.16174601018428802,True,ok,0.12969450000673532
D2_111_nadir,disk-lightglue-r2048-k8192,disk,lightglue,2048,8192,625,100_0010_0054.JPG,100_0010_0062.JPG,8192,8192,14,8,0.5714285714285714,0.9765625,0.09375,0.125,0.18748219311237335,True,ok,0.14144919998943806
D2_111_nadir,disk-lightglue-r2048-k8192,disk,lightglue,2048,8192,626,100_0010_0054.JPG,100_0010_0083.JPG,8192,8192,2392,2251,0.9410535117056856,274.7802734375,0.5625,0.546875,0.9783962965011597,False,ok,0.13808309999876656
D2_111_nadir,disk-lightglue-r2048-k8192,disk,lightglue,2048,8192,627,100_0010_0054.JPG,100_0010_0084.JPG,8192,8192,4049,3920,0.9681402815510003,478.515625,0.75,0.75,0.9809703826904297,False,ok,0.12950959999579936
D2_111_nadir,disk-lightglue-r2048-k8192,disk,lightglue,2048,8192,628,100_0010_0054.JPG,100_0010_0085.JPG,8192,8192,4459,4344,0.9742094640053823,530.2734375,0.75,0.75,0.9788320660591125,False,ok,0.1301765000098385
D2_111_nadir,disk-lightglue-r2048-k8192,disk,lightglue,2048,8192,629,100_0010_0054.JPG,100_0010_0086.JPG,8192,8192,3458,3316,0.9589358010410642,404.78515625,0.625,0.609375,0.9751320481300354,False,ok,0.1322230999940075
D2_111_nadir,disk-lightglue-r2048-k8192,disk,lightglue,2048,8192,630,100_0010_0054.JPG,100_0010_0087.JPG,8192,8192,2499,2368,0.947579031612645,289.0625,0.5,0.484375,0.9693775773048401,False,ok,0.12114449999353383
D2_111_nadir,disk-lightglue-r2048-k8192,disk,lightglue,2048,8192,631,100_0010_0054.JPG,100_0010_0088.JPG,8192,8192,2340,2195,0.938034188034188,267.9443359375,0.5,0.453125,0.9687665104866028,False,ok,0.12904440000420436
D2_111_nadir,disk-lightglue-r2048-k8192,disk,lightglue,2048,8192,632,100_0010_0055.JPG,100_0010_0056.JPG,8192,8192,4941,4790,0.9694393847399312,584.716796875,0.875,0.859375,0.9829622507095337,False,ok,0.13109090000216383
D2_111_nadir,disk-lightglue-r2048-k8192,disk,lightglue,2048,8192,633,100_0010_0055.JPG,100_0010_0057.JPG,8192,8192,3119,2938,0.9419685796729721,358.642578125,0.65625,0.65625,0.9849337935447693,False,ok,0.14094940001086798
D2_111_nadir,disk-lightglue-r2048-k8192,disk,lightglue,2048,8192,634,100_0010_0055.JPG,100_0010_0058.JPG,8192,8192,2079,1953,0.9393939393939394,238.4033203125,0.421875,0.4375,0.9865509867668152,False,ok,0.12416430001030676
D2_111_nadir,disk-lightglue-r2048-k8192,disk,lightglue,2048,8192,635,100_0010_0055.JPG,100_0010_0059.JPG,8192,8192,1182,1101,0.9314720812182741,134.3994140625,0.25,0.265625,0.9822077751159668,False,ok,0.13005690000136383
D2_111_nadir,disk-lightglue-r2048-k8192,disk,lightglue,2048,8192,636,100_0010_0055.JPG,100_0010_0060.JPG,8192,8192,151,118,0.7814569536423841,14.404296875,0.078125,0.109375,0.8504452705383301,False,ok,0.14172669999243226
D2_111_nadir,disk-lightglue-r2048-k8192,disk,lightglue,2048,8192,637,100_0010_0055.JPG,100_0010_0061.JPG,8192,8192,22,9,0.4090909090909091,1.0986328125,0.09375,0.125,0.19351814687252045,True,ok,0.13328710000496358
D2_111_nadir,disk-lightglue-r2048-k8192,disk,lightglue,2048,8192,638,100_0010_0055.JPG,100_0010_0062.JPG,8192,8192,23,8,0.34782608695652173,0.9765625,0.109375,0.109375,0.19177982211112976,True,ok,0.12478259998897556
D2_111_nadir,disk-lightglue-r2048-k8192,disk,lightglue,2048,8192,639,100_0010_0055.JPG,100_0010_0063.JPG,8192,8192,22,9,0.4090909090909091,1.0986328125,0.125,0.125,0.16738149523735046,True,ok,0.1197050000046147
D2_111_nadir,disk-lightglue-r2048-k8192,disk,lightglue,2048,8192,640,100_0010_0055.JPG,100_0010_0082.JPG,8192,8192,2775,2606,0.939099099099099,318.115234375,0.625,0.609375,0.9824172854423523,False,ok,0.13886989999446087
D2_111_nadir,disk-lightglue-r2048-k8192,disk,lightglue,2048,8192,641,100_0010_0055.JPG,100_0010_0083.JPG,8192,8192,4113,3943,0.9586676391928033,481.3232421875,0.75,0.75,0.9799588918685913,False,ok,0.1333805000031134
D2_111_nadir,disk-lightglue-r2048-k8192,disk,lightglue,2048,8192,642,100_0010_0055.JPG,100_0010_0084.JPG,8192,8192,3279,3200,0.9759072888075633,390.625,0.65625,0.65625,0.9829630851745605,False,ok,0.12268630000471603
D2_111_nadir,disk-lightglue-r2048-k8192,disk,lightglue,2048,8192,643,100_0010_0055.JPG,100_0010_0085.JPG,8192,8192,2749,2665,0.9694434339759913,325.3173828125,0.640625,0.65625,0.9811829924583435,False,ok,0.12498759999289177
D2_111_nadir,disk-lightglue-r2048-k8192,disk,lightglue,2048,8192,644,100_0010_0055.JPG,100_0010_0086.JPG,8192,8192,2143,2069,0.9654689687354177,252.5634765625,0.53125,0.53125,0.9804482460021973,False,ok,0.14009420000365935
D2_111_nadir,disk-lightglue-r2048-k8192,disk,lightglue,2048,8192,645,100_0010_0056.JPG,100_0010_0057.JPG,8192,8192,5016,4856,0.9681020733652312,592.7734375,0.875,0.875,0.9806111454963684,False,ok,0.14471320000302512
D2_111_nadir,disk-lightglue-r2048-k8192,disk,lightglue,2048,8192,646,100_0010_0056.JPG,100_0010_0058.JPG,8192,8192,3493,3359,0.9616375608359576,410.0341796875,0.578125,0.5625,0.9878191351890564,False,ok,0.11460369999986142
D2_111_nadir,disk-lightglue-r2048-k8192,disk,lightglue,2048,8192,647,100_0010_0056.JPG,100_0010_0059.JPG,8192,8192,2131,2041,0.9577663068981699,249.1455078125,0.484375,0.5,0.9888575077056885,False,ok,0.13453700000536628
D2_111_nadir,disk-lightglue-r2048-k8192,disk,lightglue,2048,8192,648,100_0010_0056.JPG,100_0010_0060.JPG,8192,8192,714,688,0.9635854341736695,83.984375,0.21875,0.234375,0.9822190999984741,False,ok,0.1281816999980947
D2_111_nadir,disk-lightglue-r2048-k8192,disk,lightglue,2048,8192,649,100_0010_0056.JPG,100_0010_0061.JPG,8192,8192,97,48,0.4948453608247423,5.859375,0.0625,0.0625,0.5910007357597351,False,ok,0.18813070000032894
D2_111_nadir,disk-lightglue-r2048-k8192,disk,lightglue,2048,8192,650,100_0010_0056.JPG,100_0010_0062.JPG,8192,8192,16,8,0.5,0.9765625,0.109375,0.125,0.20367765426635742,True,ok,0.13698280000244267
D2_111_nadir,disk-lightglue-r2048-k8192,disk,lightglue,2048,8192,651,100_0010_0056.JPG,100_0010_0063.JPG,8192,8192,24,9,0.375,1.0986328125,0.125,0.125,0.2004527598619461,True,ok,0.13541350000014063
D2_111_nadir,disk-lightglue-r2048-k8192,disk,lightglue,2048,8192,652,100_0010_0056.JPG,100_0010_0064.JPG,8192,8192,27,9,0.3333333333333333,1.0986328125,0.140625,0.109375,0.199505016207695,True,ok,0.12060999999812339
D2_111_nadir,disk-lightglue-r2048-k8192,disk,lightglue,2048,8192,653,100_0010_0056.JPG,100_0010_0081.JPG,8192,8192,3371,3198,0.9486799169385939,390.380859375,0.546875,0.546875,0.9861882925033569,False,ok,0.12238159999833442
D2_111_nadir,disk-lightglue-r2048-k8192,disk,lightglue,2048,8192,654,100_0010_0056.JPG,100_0010_0082.JPG,8192,8192,4213,4071,0.9662948018039402,496.9482421875,0.75,0.75,0.9816335439682007,False,ok,0.15164159999403637
D2_111_nadir,disk-lightglue-r2048-k8192,disk,lightglue,2048,8192,655,100_0010_0056.JPG,100_0010_0083.JPG,8192,8192,3696,3603,0.9748376623376623,439.8193359375,0.65625,0.65625,0.9825581312179565,False,ok,0.11300329999357928
D2_111_nadir,disk-lightglue-r2048-k8192,disk,lightglue,2048,8192,656,100_0010_0056.JPG,100_0010_0084.JPG,8192,8192,2085,1996,0.9573141486810551,243.65234375,0.546875,0.5625,0.9786110520362854,False,ok,0.13141089999407995
D2_111_nadir,disk-lightglue-r2048-k8192,disk,lightglue,2048,8192,657,100_0010_0056.JPG,100_0010_0085.JPG,8192,8192,1535,1464,0.9537459283387623,178.7109375,0.46875,0.453125,0.9729863405227661,False,ok,0.12484160000167321
D2_111_nadir,disk-lightglue-r2048-k8192,disk,lightglue,2048,8192,658,100_0010_0057.JPG,100_0010_0058.JPG,8192,8192,5174,5045,0.9750676459219173,615.8447265625,0.796875,0.8125,0.985938549041748,False,ok,0.15085419999377336
D2_111_nadir,disk-lightglue-r2048-k8192,disk,lightglue,2048,8192,659,100_0010_0057.JPG,100_0010_0059.JPG,8192,8192,3431,3301,0.9621101719615273,402.9541015625,0.625,0.625,0.9896962642669678,False,ok,0.11301550001371652
D2_111_nadir,disk-lightglue-r2048-k8192,disk,lightglue,2048,8192,660,100_0010_0057.JPG,100_0010_0060.JPG,8192,8192,1756,1696,0.9658314350797267,207.03125,0.453125,0.453125,0.9886943697929382,False,ok,0.1376011000102153
D2_111_nadir,disk-lightglue-r2048-k8192,disk,lightglue,2048,8192,661,100_0010_0057.JPG,100_0010_0061.JPG,8192,8192,765,724,0.9464052287581699,88.37890625,0.234375,0.1875,0.9880003929138184,False,ok,0.1301718000031542
D2_111_nadir,disk-lightglue-r2048-k8192,disk,lightglue,2048,8192,662,100_0010_0057.JPG,100_0010_0062.JPG,8192,8192,64,32,0.5,3.90625,0.078125,0.0625,0.5638962984085083,False,ok,0.19658930000150576
D2_111_nadir,disk-lightglue-r2048-k8192,disk,lightglue,2048,8192,663,100_0010_0057.JPG,100_0010_0063.JPG,8192,8192,30,9,0.3,1.0986328125,0.125,0.078125,0.20966288447380066,True,ok,0.13907460001064464
D2_111_nadir,disk-lightglue-r2048-k8192,disk,lightglue,2048,8192,664,100_0010_0057.JPG,100_0010_0064.JPG,8192,8192,38,10,0.2631578947368421,1.220703125,0.15625,0.125,0.21797305345535278,True,ok,0.11092459999781568
D2_111_nadir,disk-lightglue-r2048-k8192,disk,lightglue,2048,8192,665,100_0010_0057.JPG,100_0010_0065.JPG,8192,8192,37,9,0.24324324324324326,1.0986328125,0.109375,0.109375,0.19702747464179993,True,ok,0.11048719999962486
D2_111_nadir,disk-lightglue-r2048-k8192,disk,lightglue,2048,8192,666,100_0010_0057.JPG,100_0010_0080.JPG,8192,8192,3780,3589,0.9494708994708995,438.1103515625,0.5625,0.53125,0.9899279475212097,False,ok,0.12345309999363963
D2_111_nadir,disk-lightglue-r2048-k8192,disk,lightglue,2048,8192,667,100_0010_0057.JPG,100_0010_0081.JPG,8192,8192,4561,4444,0.9743477307607981,542.48046875,0.65625,0.71875,0.9863029718399048,False,ok,0.1429158999962965
D2_111_nadir,disk-lightglue-r2048-k8192,disk,lightglue,2048,8192,668,100_0010_0057.JPG,100_0010_0082.JPG,8192,8192,3989,3907,0.9794434695412384,476.9287109375,0.65625,0.65625,0.9865532517433167,False,ok,0.13594089999969583
D2_111_nadir,disk-lightglue-r2048-k8192,disk,lightglue,2048,8192,669,100_0010_0057.JPG,100_0010_0083.JPG,8192,8192,2558,2484,0.9710711493354183,303.22265625,0.5625,0.5625,0.9861001968383789,False,ok,0.1338168000074802
D2_111_nadir,disk-lightglue-r2048-k8192,disk,lightglue,2048,8192,670,100_0010_0058.JPG,100_0010_0059.JPG,8192,8192,5300,5201,0.9813207547169811,634.8876953125,0.859375,0.875,0.9873619675636292,False,ok,0.13519200000155251
D2_111_nadir,disk-lightglue-r2048-k8192,disk,lightglue,2048,8192,671,100_0010_0058.JPG,100_0010_0060.JPG,8192,8192,3413,3322,0.9733372399648403,405.517578125,0.59375,0.59375,0.9917812943458557,False,ok,0.13005960000737105
D2_111_nadir,disk-lightglue-r2048-k8192,disk,lightglue,2048,8192,672,100_0010_0058.JPG,100_0010_0061.JPG,8192,8192,2021,1953,0.9663532904502722,238.4033203125,0.453125,0.453125,0.9925509691238403,False,ok,0.1465851999964798
D2_111_nadir,disk-lightglue-r2048-k8192,disk,lightglue,2048,8192,673,100_0010_0058.JPG,100_0010_0062.JPG,8192,8192,852,815,0.9565727699530516,99.4873046875,0.25,0.234375,0.9850394129753113,False,ok,0.11748770000122022
D2_111_nadir,disk-lightglue-r2048-k8192,disk,lightglue,2048,8192,674,100_0010_0058.JPG,100_0010_0063.JPG,8192,8192,152,87,0.5723684210526315,10.6201171875,0.109375,0.109375,0.7006072402000427,False,ok,0.17196700000204146
D2_111_nadir,disk-lightglue-r2048-k8192,disk,lightglue,2048,8192,675,100_0010_0058.JPG,100_0010_0064.JPG,8192,8192,42,11,0.2619047619047619,1.3427734375,0.09375,0.09375,0.21516183018684387,True,ok,0.13646840000001248
D2_111_nadir,disk-lightglue-r2048-k8192,disk,lightglue,2048,8192,676,100_0010_0058.JPG,100_0010_0065.JPG,8192,8192,40,9,0.225,1.0986328125,0.09375,0.109375,0.22061853110790253,True,ok,0.1229246000002604
D2_111_nadir,disk-lightglue-r2048-k8192,disk,lightglue,2048,8192,677,100_0010_0058.JPG,100_0010_0066.JPG,8192,8192,32,9,0.28125,1.0986328125,0.140625,0.125,0.2637302875518799,True,ok,0.12481029999617022
D2_111_nadir,disk-lightglue-r2048-k8192,disk,lightglue,2048,8192,678,100_0010_0058.JPG,100_0010_0079.JPG,8192,8192,3821,3673,0.9612666841141062,448.3642578125,0.5625,0.5,0.9900503754615784,False,ok,0.11588209999899846
D2_111_nadir,disk-lightglue-r2048-k8192,disk,lightglue,2048,8192,679,100_0010_0058.JPG,100_0010_0080.JPG,8192,8192,4697,4583,0.975729188843943,559.4482421875,0.671875,0.65625,0.9883147478103638,False,ok,0.12876570000662468
D2_111_nadir,disk-lightglue-r2048-k8192,disk,lightglue,2048,8192,680,100_0010_0058.JPG,100_0010_0081.JPG,8192,8192,4087,4015,0.9823831661365304,490.1123046875,0.578125,0.515625,0.9869141578674316,False,ok,0.1319666000053985
D2_111_nadir,disk-lightglue-r2048-k8192,disk,lightglue,2048,8192,681,100_0010_0058.JPG,100_0010_0082.JPG,8192,8192,2949,2886,0.9786368260427264,352.294921875,0.5,0.46875,0.9891086220741272,False,ok,0.15365659999952186
D2_111_nadir,disk-lightglue-r2048-k8192,disk,lightglue,2048,8192,682,100_0010_0059.JPG,100_0010_0060.JPG,8192,8192,5216,5137,0.9848542944785276,627.0751953125,0.828125,0.84375,0.9900814294815063,False,ok,0.12155549999442883
D2_111_nadir,disk-lightglue-r2048-k8192,disk,lightglue,2048,8192,683,100_0010_0059.JPG,100_0010_0061.JPG,8192,8192,3620,3515,0.9709944751381215,429.0771484375,0.59375,0.578125,0.993431806564331,False,ok,0.12325269999564625
D2_111_nadir,disk-lightglue-r2048-k8192,disk,lightglue,2048,8192,684,100_0010_0059.JPG,100_0010_0062.JPG,8192,8192,2185,2094,0.9583524027459954,255.615234375,0.46875,0.484375,0.9922725558280945,False,ok,0.1302838999981759
D2_111_nadir,disk-lightglue-r2048-k8192,disk,lightglue,2048,8192,685,100_0010_0059.JPG,100_0010_0063.JPG,8192,8192,1261,1199,0.950832672482157,146.3623046875,0.234375,0.234375,0.9833630323410034,False,ok,0.14474970000446774
D2_111_nadir,disk-lightglue-r2048-k8192,disk,lightglue,2048,8192,686,100_0010_0059.JPG,100_0010_0064.JPG,8192,8192,27,9,0.3333333333333333,1.0986328125,0.125,0.109375,0.23238828778266907,True,ok,0.13134639999771025
D2_111_nadir,disk-lightglue-r2048-k8192,disk,lightglue,2048,8192,687,100_0010_0059.JPG,100_0010_0065.JPG,8192,8192,35,9,0.2571428571428571,1.0986328125,0.140625,0.109375,0.22040966153144836,True,ok,0.11030800000298768
D2_111_nadir,disk-lightglue-r2048-k8192,disk,lightglue,2048,8192,688,100_0010_0059.JPG,100_0010_0066.JPG,8192,8192,19,8,0.42105263157894735,0.9765625,0.125,0.109375,0.18741926550865173,True,ok,0.11882400000467896
D2_111_nadir,disk-lightglue-r2048-k8192,disk,lightglue,2048,8192,689,100_0010_0059.JPG,100_0010_0067.JPG,8192,8192,14,8,0.5714285714285714,0.9765625,0.109375,0.078125,0.1918528974056244,True,ok,0.15055890000076033
D2_111_nadir,disk-lightglue-r2048-k8192,disk,lightglue,2048,8192,690,100_0010_0059.JPG,100_0010_0078.JPG,8192,8192,3503,3378,0.9643163003140166,412.353515625,0.546875,0.5,0.9892167448997498,False,ok,0.1388204999966547
D2_111_nadir,disk-lightglue-r2048-k8192,disk,lightglue,2048,8192,691,100_0010_0059.JPG,100_0010_0079.JPG,8192,8192,4668,4564,0.9777206512425022,557.12890625,0.734375,0.703125,0.9865122437477112,False,ok,0.1297601999976905
D2_111_nadir,disk-lightglue-r2048-k8192,disk,lightglue,2048,8192,692,100_0010_0059.JPG,100_0010_0080.JPG,8192,8192,4270,4195,0.9824355971896955,512.0849609375,0.640625,0.578125,0.987606942653656,False,ok,0.13489979998848867
D2_111_nadir,disk-lightglue-r2048-k8192,disk,lightglue,2048,8192,693,100_0010_0059.JPG,100_0010_0081.JPG,8192,8192,2968,2920,0.9838274932614556,356.4453125,0.546875,0.484375,0.9897008538246155,False,ok,0.13685029999760445
D2_111_nadir,disk-lightglue-r2048-k8192,disk,lightglue,2048,8192,694,100_0010_0059.JPG,100_0010_0110.JPG,8192,8192,2655,2392,0.9009416195856874,291.9921875,0.609375,0.4375,0.9642977118492126,False,ok,0.13293890000204556
D2_111_nadir,disk-lightglue-r2048-k8192,disk,lightglue,2048,8192,695,100_0010_0059.JPG,100_0010_0111.JPG,8192,8192,1898,1713,0.9025289778714436,209.1064453125,0.4375,0.375,0.9709953665733337,False,ok,0.13072139999712817
D2_111_nadir,disk-lightglue-r2048-k8192,disk,lightglue,2048,8192,696,100_0010_0060.JPG,100_0010_0061.JPG,8192,8192,5413,5307,0.9804175133936819,647.8271484375,0.796875,0.8125,0.9866405129432678,False,ok,0.08971139999630395
D2_111_nadir,disk-lightglue-r2048-k8192,disk,lightglue,2048,8192,697,100_0010_0060.JPG,100_0010_0062.JPG,8192,8192,3755,3613,0.9621837549933422,441.0400390625,0.625,0.609375,0.9920640587806702,False,ok,0.1329701000067871
D2_111_nadir,disk-lightglue-r2048-k8192,disk,lightglue,2048,8192,698,100_0010_0060.JPG,100_0010_0063.JPG,8192,8192,2816,2692,0.9559659090909091,328.61328125,0.484375,0.484375,0.9907674193382263,False,ok,0.12004049999814015
D2_111_nadir,disk-lightglue-r2048-k8192,disk,lightglue,2048,8192,699,100_0010_0060.JPG,100_0010_0064.JPG,8192,8192,1547,1471,0.9508726567550096,179.5654296875,0.25,0.25,0.9868921637535095,False,ok,0.1280821999971522
D2_111_nadir,disk-lightglue-r2048-k8192,disk,lightglue,2048,8192,700,100_0010_0060.JPG,100_0010_0065.JPG,8192,8192,1,0,0.0,0.0,0.0,0.0,0.15432366728782654,True,too_few_matches,0.30872389998694416
D2_111_nadir,disk-lightglue-r2048-k8192,disk,lightglue,2048,8192,701,100_0010_0060.JPG,100_0010_0066.JPG,8192,8192,24,9,0.375,1.0986328125,0.125,0.140625,0.20075249671936035,True,ok,0.13813949999166653
D2_111_nadir,disk-lightglue-r2048-k8192,disk,lightglue,2048,8192,702,100_0010_0060.JPG,100_0010_0067.JPG,8192,8192,16,9,0.5625,1.0986328125,0.140625,0.09375,0.22477705776691437,True,ok,0.12039360000926536
D2_111_nadir,disk-lightglue-r2048-k8192,disk,lightglue,2048,8192,703,100_0010_0060.JPG,100_0010_0068.JPG,8192,8192,17,8,0.47058823529411764,0.9765625,0.109375,0.125,0.16751891374588013,True,ok,0.1352855000004638
D2_111_nadir,disk-lightglue-r2048-k8192,disk,lightglue,2048,8192,704,100_0010_0060.JPG,100_0010_0078.JPG,8192,8192,4535,4440,0.9790518191841234,541.9921875,0.71875,0.671875,0.98919278383255,False,ok,0.15109250000386965
D2_111_nadir,disk-lightglue-r2048-k8192,disk,lightglue,2048,8192,705,100_0010_0060.JPG,100_0010_0079.JPG,8192,8192,4280,4206,0.9827102803738318,513.427734375,0.609375,0.578125,0.9905339479446411,False,ok,0.1302882000018144
D2_111_nadir,disk-lightglue-r2048-k8192,disk,lightglue,2048,8192,706,100_0010_0060.JPG,100_0010_0080.JPG,8192,8192,2949,2904,0.9847405900305188,354.4921875,0.515625,0.453125,0.9908061027526855,False,ok,0.12574570000288077
D2_111_nadir,disk-lightglue-r2048-k8192,disk,lightglue,2048,8192,707,100_0010_0060.JPG,100_0010_0109.JPG,8192,8192,2612,2386,0.9134762633996937,291.259765625,0.5625,0.4375,0.9724346995353699,False,ok,0.12858540000161156
D2_111_nadir,disk-lightglue-r2048-k8192,disk,lightglue,2048,8192,708,100_0010_0060.JPG,100_0010_0110.JPG,8192,8192,1629,1508,0.9257213014119091,184.08203125,0.421875,0.328125,0.976607620716095,False,ok,0.14813989998947363
D2_111_nadir,disk-lightglue-r2048-k8192,disk,lightglue,2048,8192,709,100_0010_0060.JPG,100_0010_0111.JPG,8192,8192,850,749,0.8811764705882353,91.4306640625,0.28125,0.234375,0.9773682951927185,False,ok,0.1301508000033209
D2_111_nadir,disk-lightglue-r2048-k8192,disk,lightglue,2048,8192,710,100_0010_0061.JPG,100_0010_0062.JPG,8192,8192,5475,5318,0.971324200913242,649.169921875,0.828125,0.859375,0.9883728623390198,False,ok,0.08904189999157097
D2_111_nadir,disk-lightglue-r2048-k8192,disk,lightglue,2048,8192,711,100_0010_0061.JPG,100_0010_0063.JPG,8192,8192,4415,4259,0.9646659116647791,519.8974609375,0.609375,0.609375,0.9919534921646118,False,ok,0.12869810000120196
D2_111_nadir,disk-lightglue-r2048-k8192,disk,lightglue,2048,8192,712,100_0010_0061.JPG,100_0010_0064.JPG,8192,8192,3193,3027,0.948011274663326,369.5068359375,0.5,0.484375,0.9931859374046326,False,ok,0.10252549999859184
D2_111_nadir,disk-lightglue-r2048-k8192,disk,lightglue,2048,8192,713,100_0010_0061.JPG,100_0010_0065.JPG,8192,8192,1726,1650,0.9559675550405562,201.416015625,0.25,0.25,0.9903612732887268,False,ok,0.12732530001085252
D2_111_nadir,disk-lightglue-r2048-k8192,disk,lightglue,2048,8192,714,100_0010_0061.JPG,100_0010_0066.JPG,8192,8192,2,0,0.0,0.0,0.0,0.0,0.21293415129184723,True,too_few_matches,0.3375571999931708
D2_111_nadir,disk-lightglue-r2048-k8192,disk,lightglue,2048,8192,715,100_0010_0061.JPG,100_0010_0067.JPG,8192,8192,23,9,0.391304347826087,1.0986328125,0.109375,0.109375,0.18766765296459198,True,ok,0.15338859999610577
D2_111_nadir,disk-lightglue-r2048-k8192,disk,lightglue,2048,8192,716,100_0010_0061.JPG,100_0010_0068.JPG,8192,8192,18,8,0.4444444444444444,0.9765625,0.109375,0.109375,0.16612917184829712,True,ok,0.1165610000025481
D2_111_nadir,disk-lightglue-r2048-k8192,disk,lightglue,2048,8192,717,100_0010_0061.JPG,100_0010_0069.JPG,8192,8192,18,8,0.4444444444444444,0.9765625,0.109375,0.09375,0.21452906727790833,True,ok,0.1371008999994956
D2_111_nadir,disk-lightglue-r2048-k8192,disk,lightglue,2048,8192,718,100_0010_0061.JPG,100_0010_0077.JPG,8192,8192,4432,4354,0.9824007220216606,531.494140625,0.671875,0.6875,0.9902815222740173,False,ok,0.1281299999973271
D2_111_nadir,disk-lightglue-r2048-k8192,disk,lightglue,2048,8192,719,100_0010_0061.JPG,100_0010_0078.JPG,8192,8192,4099,4051,0.9882898267870213,494.5068359375,0.59375,0.59375,0.9911847710609436,False,ok,0.13771520000591408
D2_111_nadir,disk-lightglue-r2048-k8192,disk,lightglue,2048,8192,720,100_0010_0061.JPG,100_0010_0079.JPG,8192,8192,3054,3007,0.9846103470857891,367.0654296875,0.5,0.46875,0.9915448427200317,False,ok,0.11337810000986792
D2_111_nadir,disk-lightglue-r2048-k8192,disk,lightglue,2048,8192,721,100_0010_0061.JPG,100_0010_0108.JPG,8192,8192,2552,2315,0.9071316614420063,282.5927734375,0.546875,0.421875,0.9690259695053101,False,ok,0.13131080000312068
D2_111_nadir,disk-lightglue-r2048-k8192,disk,lightglue,2048,8192,722,100_0010_0061.JPG,100_0010_0109.JPG,8192,8192,1680,1596,0.95,194.82421875,0.390625,0.328125,0.9757524728775024,False,ok,0.1317294999898877
D2_111_nadir,disk-lightglue-r2048-k8192,disk,lightglue,2048,8192,723,100_0010_0061.JPG,100_0010_0110.JPG,8192,8192,820,773,0.9426829268292682,94.3603515625,0.234375,0.234375,0.9737856984138489,False,ok,0.15021999999589752
D2_111_nadir,disk-lightglue-r2048-k8192,disk,lightglue,2048,8192,724,100_0010_0061.JPG,100_0010_0111.JPG,8192,8192,185,163,0.8810810810810811,19.8974609375,0.09375,0.09375,0.9421035647392273,False,ok,0.13052159998915158
D2_111_nadir,disk-lightglue-r2048-k8192,disk,lightglue,2048,8192,725,100_0010_0062.JPG,100_0010_0063.JPG,8192,8192,5902,5676,0.9617078956286005,692.87109375,0.859375,0.84375,0.9874408841133118,False,ok,0.0857523000013316
D2_111_nadir,disk-lightglue-r2048-k8192,disk,lightglue,2048,8192,726,100_0010_0062.JPG,100_0010_0064.JPG,8192,8192,4725,4520,0.9566137566137566,551.7578125,0.625,0.625,0.990768551826477,False,ok,0.1276664999895729
D2_111_nadir,disk-lightglue-r2048-k8192,disk,lightglue,2048,8192,727,100_0010_0062.JPG,100_0010_0065.JPG,8192,8192,3445,3287,0.9541364296081277,401.2451171875,0.5,0.4375,0.9907872676849365,False,ok,0.11610970000037923
D2_111_nadir,disk-lightglue-r2048-k8192,disk,lightglue,2048,8192,728,100_0010_0062.JPG,100_0010_0066.JPG,8192,8192,1597,1513,0.947401377582968,184.6923828125,0.25,0.25,0.9879047870635986,False,ok,0.12905099999625236
D2_111_nadir,disk-lightglue-r2048-k8192,disk,lightglue,2048,8192,729,100_0010_0062.JPG,100_0010_0067.JPG,8192,8192,20,9,0.45,1.0986328125,0.109375,0.109375,0.18997496366500854,True,ok,0.13592659999267198
D2_111_nadir,disk-lightglue-r2048-k8192,disk,lightglue,2048,8192,730,100_0010_0062.JPG,100_0010_0068.JPG,8192,8192,9,7,0.7777777777777778,0.8544921875,0.109375,0.109375,0.15788337588310242,True,ok,0.15609080001013353
D2_111_nadir,disk-lightglue-r2048-k8192,disk,lightglue,2048,8192,731,100_0010_0062.JPG,100_0010_0069.JPG,8192,8192,21,8,0.38095238095238093,0.9765625,0.09375,0.09375,0.17914129793643951,True,ok,0.14172379999945406
D2_111_nadir,disk-lightglue-r2048-k8192,disk,lightglue,2048,8192,732,100_0010_0062.JPG,100_0010_0070.JPG,8192,8192,12,7,0.5833333333333334,0.8544921875,0.109375,0.109375,0.15959642827510834,True,ok,0.11929490001057275
D2_111_nadir,disk-lightglue-r2048-k8192,disk,lightglue,2048,8192,733,100_0010_0062.JPG,100_0010_0076.JPG,8192,8192,4620,4536,0.9818181818181818,553.7109375,0.71875,0.71875,0.9900654554367065,False,ok,0.14195140000083484
D2_111_nadir,disk-lightglue-r2048-k8192,disk,lightglue,2048,8192,734,100_0010_0062.JPG,100_0010_0077.JPG,8192,8192,4185,4135,0.98805256869773,504.7607421875,0.640625,0.625,0.9916325807571411,False,ok,0.13393270000233315
D2_111_nadir,disk-lightglue-r2048-k8192,disk,lightglue,2048,8192,735,100_0010_0062.JPG,100_0010_0078.JPG,8192,8192,3055,3001,0.9823240589198036,366.3330078125,0.546875,0.46875,0.9896354675292969,False,ok,0.13891049999801908
D2_111_nadir,disk-lightglue-r2048-k8192,disk,lightglue,2048,8192,736,100_0010_0062.JPG,100_0010_0107.JPG,8192,8192,2174,1916,0.8813247470101196,233.88671875,0.46875,0.375,0.9617490768432617,False,ok,0.12159939999401104
D2_111_nadir,disk-lightglue-r2048-k8192,disk,lightglue,2048,8192,737,100_0010_0062.JPG,100_0010_0108.JPG,8192,8192,1534,1417,0.923728813559322,172.9736328125,0.328125,0.3125,0.9647677540779114,False,ok,0.13077179998799693
D2_111_nadir,disk-lightglue-r2048-k8192,disk,lightglue,2048,8192,738,100_0010_0062.JPG,100_0010_0109.JPG,8192,8192,665,638,0.9593984962406015,77.880859375,0.21875,0.234375,0.9681731462478638,False,ok,0.13305859999672975
D2_111_nadir,disk-lightglue-r2048-k8192,disk,lightglue,2048,8192,739,100_0010_0062.JPG,100_0010_0110.JPG,8192,8192,112,73,0.6517857142857143,8.9111328125,0.0625,0.0625,0.7191303968429565,False,ok,0.16068169999925885
D2_111_nadir,disk-lightglue-r2048-k8192,disk,lightglue,2048,8192,740,100_0010_0062.JPG,100_0010_0111.JPG,8192,8192,26,9,0.34615384615384615,1.0986328125,0.140625,0.09375,0.1970263421535492,True,ok,0.13459869999496732
D2_111_nadir,disk-lightglue-r2048-k8192,disk,lightglue,2048,8192,741,100_0010_0063.JPG,100_0010_0064.JPG,8192,8192,5898,5778,0.9796541200406917,705.322265625,0.84375,0.75,0.9880992770195007,False,ok,0.11073259999102447
D2_111_nadir,disk-lightglue-r2048-k8192,disk,lightglue,2048,8192,742,100_0010_0063.JPG,100_0010_0065.JPG,8192,8192,4473,4318,0.9653476414039794,527.099609375,0.59375,0.578125,0.9906031489372253,False,ok,0.1157662000041455
D2_111_nadir,disk-lightglue-r2048-k8192,disk,lightglue,2048,8192,743,100_0010_0063.JPG,100_0010_0066.JPG,8192,8192,2534,2373,0.93646408839779,289.6728515625,0.46875,0.34375,0.9896717071533203,False,ok,0.14175289998820517
D2_111_nadir,disk-lightglue-r2048-k8192,disk,lightglue,2048,8192,744,100_0010_0063.JPG,100_0010_0067.JPG,8192,8192,688,647,0.940406976744186,78.9794921875,0.21875,0.15625,0.9743488430976868,False,ok,0.1493073000019649
D2_111_nadir,disk-lightglue-r2048-k8192,disk,lightglue,2048,8192,745,100_0010_0063.JPG,100_0010_0068.JPG,8192,8192,20,8,0.4,0.9765625,0.109375,0.09375,0.1886199563741684,True,ok,0.13671060001070146
D2_111_nadir,disk-lightglue-r2048-k8192,disk,lightglue,2048,8192,746,100_0010_0063.JPG,100_0010_0069.JPG,8192,8192,22,10,0.45454545454545453,1.220703125,0.09375,0.09375,0.4155910611152649,True,ok,0.12932430001092143
D2_111_nadir,disk-lightglue-r2048-k8192,disk,lightglue,2048,8192,747,100_0010_0063.JPG,100_0010_0070.JPG,8192,8192,20,10,0.5,1.220703125,0.09375,0.078125,0.3086875081062317,True,ok,0.13150030000542756
D2_111_nadir,disk-lightglue-r2048-k8192,disk,lightglue,2048,8192,748,100_0010_0063.JPG,100_0010_0071.JPG,8192,8192,88,55,0.625,6.7138671875,0.09375,0.0625,0.739620566368103,False,ok,0.18470199999865144
D2_111_nadir,disk-lightglue-r2048-k8192,disk,lightglue,2048,8192,749,100_0010_0063.JPG,100_0010_0075.JPG,8192,8192,4840,4766,0.9847107438016529,581.787109375,0.734375,0.65625,0.9909289479255676,False,ok,0.13869720000366215
D2_111_nadir,disk-lightglue-r2048-k8192,disk,lightglue,2048,8192,750,100_0010_0063.JPG,100_0010_0076.JPG,8192,8192,4782,4732,0.9895441237975743,577.63671875,0.640625,0.640625,0.9914655685424805,False,ok,0.1284153000015067
D2_111_nadir,disk-lightglue-r2048-k8192,disk,lightglue,2048,8192,751,100_0010_0063.JPG,100_0010_0106.JPG,8192,8192,2242,1889,0.8425512934879572,230.5908203125,0.40625,0.3125,0.969240665435791,False,ok,0.12703619999228977
D2_111_nadir,disk-lightglue-r2048-k8192,disk,lightglue,2048,8192,752,100_0010_0063.JPG,100_0010_0107.JPG,8192,8192,1590,1437,0.9037735849056604,175.4150390625,0.328125,0.3125,0.9719082713127136,False,ok,0.13475939999625552
D2_111_nadir,disk-lightglue-r2048-k8192,disk,lightglue,2048,8192,753,100_0010_0063.JPG,100_0010_0108.JPG,8192,8192,739,727,0.9837618403247632,88.7451171875,0.21875,0.21875,0.9757954478263855,False,ok,0.1457671000098344
D2_111_nadir,disk-lightglue-r2048-k8192,disk,lightglue,2048,8192,754,100_0010_0063.JPG,100_0010_0109.JPG,8192,8192,1,0,0.0,0.0,0.0,0.0,0.10446284711360931,True,too_few_matches,0.2610817999957362
D2_111_nadir,disk-lightglue-r2048-k8192,disk,lightglue,2048,8192,755,100_0010_0063.JPG,100_0010_0110.JPG,8192,8192,28,9,0.32142857142857145,1.0986328125,0.109375,0.09375,0.2191479653120041,True,ok,0.14273549999052193
D2_111_nadir,disk-lightglue-r2048-k8192,disk,lightglue,2048,8192,756,100_0010_0063.JPG,100_0010_0111.JPG,8192,8192,35,9,0.2571428571428571,1.0986328125,0.09375,0.09375,0.224480539560318,True,ok,0.11844330000167247
D2_111_nadir,disk-lightglue-r2048-k8192,disk,lightglue,2048,8192,757,100_0010_0064.JPG,100_0010_0065.JPG,8192,8192,5600,5452,0.9735714285714285,665.52734375,0.71875,0.703125,0.9893507361412048,False,ok,0.12285449999035336
D2_111_nadir,disk-lightglue-r2048-k8192,disk,lightglue,2048,8192,758,100_0010_0064.JPG,100_0010_0066.JPG,8192,8192,3354,3178,0.9475253428741801,387.939453125,0.46875,0.484375,0.9922572374343872,False,ok,0.12070529999618884
D2_111_nadir,disk-lightglue-r2048-k8192,disk,lightglue,2048,8192,759,100_0010_0064.JPG,100_0010_0067.JPG,8192,8192,1016,945,0.9301181102362205,115.3564453125,0.34375,0.28125,0.9880132079124451,False,ok,0.14810410000791308
D2_111_nadir,disk-lightglue-r2048-k8192,disk,lightglue,2048,8192,760,100_0010_0064.JPG,100_0010_0068.JPG,8192,8192,84,75,0.8928571428571429,9.1552734375,0.140625,0.171875,0.9497500658035278,False,ok,0.16600290000496898
D2_111_nadir,disk-lightglue-r2048-k8192,disk,lightglue,2048,8192,761,100_0010_0064.JPG,100_0010_0069.JPG,8192,8192,87,75,0.8620689655172413,9.1552734375,0.109375,0.109375,0.9594674110412598,False,ok,0.1351890999940224
D2_111_nadir,disk-lightglue-r2048-k8192,disk,lightglue,2048,8192,762,100_0010_0064.JPG,100_0010_0070.JPG,8192,8192,97,83,0.8556701030927835,10.1318359375,0.125,0.109375,0.9066967368125916,False,ok,0.1162114000035217
D2_111_nadir,disk-lightglue-r2048-k8192,disk,lightglue,2048,8192,763,100_0010_0064.JPG,100_0010_0071.JPG,8192,8192,167,135,0.8083832335329342,16.4794921875,0.15625,0.125,0.8659772276878357,False,ok,0.12124489998677745
D2_111_nadir,disk-lightglue-r2048-k8192,disk,lightglue,2048,8192,764,100_0010_0064.JPG,100_0010_0072.JPG,8192,8192,2006,1901,0.9476570289132602,232.0556640625,0.359375,0.25,0.98964923620224,False,ok,0.1288409000117099
D2_111_nadir,disk-lightglue-r2048-k8192,disk,lightglue,2048,8192,765,100_0010_0064.JPG,100_0010_0074.JPG,8192,8192,4781,4667,0.9761556159799205,569.7021484375,0.640625,0.59375,0.9909515380859375,False,ok,0.13011259998893365
D2_111_nadir,disk-lightglue-r2048-k8192,disk,lightglue,2048,8192,766,100_0010_0064.JPG,100_0010_0075.JPG,8192,8192,4827,4763,0.9867412471514398,581.4208984375,0.609375,0.609375,0.9915484189987183,False,ok,0.11395919999631587
D2_111_nadir,disk-lightglue-r2048-k8192,disk,lightglue,2048,8192,767,100_0010_0064.JPG,100_0010_0106.JPG,8192,8192,1514,1294,0.8546895640686922,157.958984375,0.21875,0.21875,0.9721869826316833,False,ok,0.13762100000167266
D2_111_nadir,disk-lightglue-r2048-k8192,disk,lightglue,2048,8192,768,100_0010_0064.JPG,100_0010_0107.JPG,8192,8192,481,426,0.8856548856548857,52.001953125,0.109375,0.109375,0.9646134972572327,False,ok,0.1378956999978982
D2_111_nadir,disk-lightglue-r2048-k8192,disk,lightglue,2048,8192,769,100_0010_0064.JPG,100_0010_0108.JPG,8192,8192,3,0,0.0,0.0,0.0,0.0,0.1383986920118332,True,too_few_matches,0.26809090000460856
D2_111_nadir,disk-lightglue-r2048-k8192,disk,lightglue,2048,8192,770,100_0010_0064.JPG,100_0010_0109.JPG,8192,8192,1,0,0.0,0.0,0.0,0.0,0.20117643475532532,True,too_few_matches,0.2762095999933081
D2_111_nadir,disk-lightglue-r2048-k8192,disk,lightglue,2048,8192,771,100_0010_0065.JPG,100_0010_0066.JPG,8192,8192,4775,4635,0.9706806282722513,565.7958984375,0.734375,0.71875,0.9901961088180542,False,ok,0.14334660000167787
D2_111_nadir,disk-lightglue-r2048-k8192,disk,lightglue,2048,8192,772,100_0010_0065.JPG,100_0010_0067.JPG,8192,8192,1878,1783,0.9494142705005325,217.6513671875,0.5,0.5,0.9871214032173157,False,ok,0.10154709999915212
D2_111_nadir,disk-lightglue-r2048-k8192,disk,lightglue,2048,8192,773,100_0010_0065.JPG,100_0010_0068.JPG,8192,8192,576,540,0.9375,65.91796875,0.34375,0.375,0.9760148525238037,False,ok,0.13152999999874737
D2_111_nadir,disk-lightglue-r2048-k8192,disk,lightglue,2048,8192,774,100_0010_0065.JPG,100_0010_0069.JPG,8192,8192,400,385,0.9625,46.9970703125,0.296875,0.265625,0.9748679399490356,False,ok,0.15489080001134425
D2_111_nadir,disk-lightglue-r2048-k8192,disk,lightglue,2048,8192,775,100_0010_0065.JPG,100_0010_0070.JPG,8192,8192,390,360,0.9230769230769231,43.9453125,0.25,0.21875,0.9576688408851624,False,ok,0.1321526000101585
D2_111_nadir,disk-lightglue-r2048-k8192,disk,lightglue,2048,8192,776,100_0010_0065.JPG,100_0010_0071.JPG,8192,8192,464,429,0.9245689655172413,52.3681640625,0.3125,0.25,0.9567483067512512,False,ok,0.13549220000277273
D2_111_nadir,disk-lightglue-r2048-k8192,disk,lightglue,2048,8192,777,100_0010_0065.JPG,100_0010_0072.JPG,8192,8192,2867,2743,0.956749215207534,334.8388671875,0.4375,0.390625,0.991030752658844,False,ok,0.13659589999588206
D2_111_nadir,disk-lightglue-r2048-k8192,disk,lightglue,2048,8192,778,100_0010_0065.JPG,100_0010_0073.JPG,8192,8192,4628,4517,0.9760155574762316,551.3916015625,0.625,0.546875,0.9878532886505127,False,ok,0.14860649999172892
D2_111_nadir,disk-lightglue-r2048-k8192,disk,lightglue,2048,8192,779,100_0010_0065.JPG,100_0010_0074.JPG,8192,8192,4594,4537,0.9875925119721376,553.8330078125,0.5625,0.515625,0.9904037714004517,False,ok,0.1165402000042377
D2_111_nadir,disk-lightglue-r2048-k8192,disk,lightglue,2048,8192,780,100_0010_0065.JPG,100_0010_0105.JPG,8192,8192,1435,1352,0.9421602787456446,165.0390625,0.1875,0.1875,0.9709658026695251,False,ok,0.12704970000777394
D2_111_nadir,disk-lightglue-r2048-k8192,disk,lightglue,2048,8192,781,100_0010_0065.JPG,100_0010_0106.JPG,8192,8192,214,138,0.6448598130841121,16.845703125,0.109375,0.125,0.7778722643852234,False,ok,0.1494832000025781
D2_111_nadir,disk-lightglue-r2048-k8192,disk,lightglue,2048,8192,782,100_0010_0065.JPG,100_0010_0107.JPG,8192,8192,1,0,0.0,0.0,0.0,0.0,0.1016932874917984,True,too_few_matches,0.31524009999702685
D2_111_nadir,disk-lightglue-r2048-k8192,disk,lightglue,2048,8192,783,100_0010_0065.JPG,100_0010_0108.JPG,8192,8192,1,0,0.0,0.0,0.0,0.0,0.12026849389076233,True,too_few_matches,0.2871257000078913
D2_111_nadir,disk-lightglue-r2048-k8192,disk,lightglue,2048,8192,784,100_0010_0066.JPG,100_0010_0067.JPG,8192,8192,4067,3928,0.9658224735677403,479.4921875,0.734375,0.734375,0.9865415692329407,False,ok,0.13397490000352263
D2_111_nadir,disk-lightglue-r2048-k8192,disk,lightglue,2048,8192,785,100_0010_0066.JPG,100_0010_0068.JPG,8192,8192,2360,2273,0.963135593220339,277.4658203125,0.515625,0.609375,0.9860677719116211,False,ok,0.13810759999614675
D2_111_nadir,disk-lightglue-r2048-k8192,disk,lightglue,2048,8192,786,100_0010_0066.JPG,100_0010_0069.JPG,8192,8192,1732,1656,0.9561200923787528,202.1484375,0.5,0.484375,0.9829050898551941,False,ok,0.11312310000357684
D2_111_nadir,disk-lightglue-r2048-k8192,disk,lightglue,2048,8192,787,100_0010_0066.JPG,100_0010_0070.JPG,8192,8192,1343,1297,0.9657483246463142,158.3251953125,0.421875,0.375,0.9808157682418823,False,ok,0.13504150000517257
D2_111_nadir,disk-lightglue-r2048-k8192,disk,lightglue,2048,8192,788,100_0010_0066.JPG,100_0010_0071.JPG,8192,8192,1402,1352,0.9643366619115549,165.0390625,0.421875,0.390625,0.9797083139419556,False,ok,0.1274834999931045
D2_111_nadir,disk-lightglue-r2048-k8192,disk,lightglue,2048,8192,789,100_0010_0066.JPG,100_0010_0072.JPG,8192,8192,4202,4063,0.9669205140409329,495.9716796875,0.609375,0.546875,0.9854201078414917,False,ok,0.1363475000107428
D2_111_nadir,disk-lightglue-r2048-k8192,disk,lightglue,2048,8192,790,100_0010_0066.JPG,100_0010_0073.JPG,8192,8192,3990,3902,0.9779448621553885,476.318359375,0.515625,0.5625,0.9881194233894348,False,ok,0.1273769999970682
D2_111_nadir,disk-lightglue-r2048-k8192,disk,lightglue,2048,8192,791,100_0010_0066.JPG,100_0010_0074.JPG,8192,8192,2974,2916,0.980497646267653,355.95703125,0.40625,0.4375,0.9909404516220093,False,ok,0.12742469999648165
D2_111_nadir,disk-lightglue-r2048-k8192,disk,lightglue,2048,8192,792,100_0010_0066.JPG,100_0010_0105.JPG,8192,8192,32,9,0.28125,1.0986328125,0.109375,0.109375,0.1803871989250183,True,ok,0.1536770999955479
D2_111_nadir,disk-lightglue-r2048-k8192,disk,lightglue,2048,8192,793,100_0010_0066.JPG,100_0010_0106.JPG,8192,8192,26,10,0.38461538461538464,1.220703125,0.09375,0.09375,0.2084140181541443,True,ok,0.11533020000206307
D2_111_nadir,disk-lightglue-r2048-k8192,disk,lightglue,2048,8192,794,100_0010_0066.JPG,100_0010_0107.JPG,8192,8192,25,9,0.36,1.0986328125,0.09375,0.109375,0.18994739651679993,True,ok,0.1225743999966653
D2_111_nadir,disk-lightglue-r2048-k8192,disk,lightglue,2048,8192,795,100_0010_0067.JPG,100_0010_0068.JPG,8192,8192,5085,4928,0.9691248770894788,601.5625,0.875,0.828125,0.9831743240356445,False,ok,0.11364979999780189
D2_111_nadir,disk-lightglue-r2048-k8192,disk,lightglue,2048,8192,796,100_0010_0067.JPG,100_0010_0069.JPG,8192,8192,3889,3759,0.9665723836461816,458.8623046875,0.796875,0.703125,0.9823427796363831,False,ok,0.14009499999519903
D2_111_nadir,disk-lightglue-r2048-k8192,disk,lightglue,2048,8192,797,100_0010_0067.JPG,100_0010_0070.JPG,8192,8192,3110,3009,0.967524115755627,367.3095703125,0.6875,0.59375,0.9755650758743286,False,ok,0.1309734000096796
D2_111_nadir,disk-lightglue-r2048-k8192,disk,lightglue,2048,8192,798,100_0010_0067.JPG,100_0010_0071.JPG,8192,8192,3115,3015,0.9678972712680578,368.0419921875,0.6875,0.578125,0.9764586687088013,False,ok,0.1271019999985583
D2_111_nadir,disk-lightglue-r2048-k8192,disk,lightglue,2048,8192,799,100_0010_0067.JPG,100_0010_0072.JPG,8192,8192,3510,3411,0.9717948717948718,416.3818359375,0.578125,0.5625,0.9839946627616882,False,ok,0.1384620999888284
D2_111_nadir,disk-lightglue-r2048-k8192,disk,lightglue,2048,8192,800,100_0010_0067.JPG,100_0010_0073.JPG,8192,8192,2004,1955,0.9755489021956087,238.6474609375,0.4375,0.4375,0.9861724376678467,False,ok,0.1320384999999078
D2_111_nadir,disk-lightglue-r2048-k8192,disk,lightglue,2048,8192,801,100_0010_0067.JPG,100_0010_0074.JPG,8192,8192,1127,1089,0.966282165039929,132.9345703125,0.265625,0.265625,0.9849733114242554,False,ok,0.14179419999709353
D2_111_nadir,disk-lightglue-r2048-k8192,disk,lightglue,2048,8192,802,100_0010_0067.JPG,100_0010_0075.JPG,8192,8192,768,723,0.94140625,88.2568359375,0.1875,0.21875,0.9755682945251465,False,ok,0.13280049999593757
D2_111_nadir,disk-lightglue-r2048-k8192,disk,lightglue,2048,8192,803,100_0010_0068.JPG,100_0010_0069.JPG,8192,8192,5182,5056,0.975685063681976,617.1875,0.828125,0.828125,0.9763787388801575,False,ok,0.13581360000534914
D2_111_nadir,disk-lightglue-r2048-k8192,disk,lightglue,2048,8192,804,100_0010_0068.JPG,100_0010_0070.JPG,8192,8192,4219,4109,0.9739274709646836,501.5869140625,0.703125,0.71875,0.971319317817688,False,ok,0.12371289999282453
D2_111_nadir,disk-lightglue-r2048-k8192,disk,lightglue,2048,8192,805,100_0010_0068.JPG,100_0010_0071.JPG,8192,8192,4062,3945,0.9711964549483013,481.5673828125,0.6875,0.6875,0.9723908305168152,False,ok,0.132989899997483
D2_111_nadir,disk-lightglue-r2048-k8192,disk,lightglue,2048,8192,806,100_0010_0068.JPG,100_0010_0072.JPG,8192,8192,2172,2119,0.9755985267034991,258.6669921875,0.46875,0.5,0.9839954972267151,False,ok,0.12645560000964906
D2_111_nadir,disk-lightglue-r2048-k8192,disk,lightglue,2048,8192,807,100_0010_0068.JPG,100_0010_0073.JPG,8192,8192,840,810,0.9642857142857143,98.876953125,0.328125,0.28125,0.9772964715957642,False,ok,0.12502600000880193
D2_111_nadir,disk-lightglue-r2048-k8192,disk,lightglue,2048,8192,808,100_0010_0068.JPG,100_0010_0074.JPG,8192,8192,209,194,0.9282296650717703,23.681640625,0.15625,0.15625,0.932080864906311,False,ok,0.1444889999984298
D2_111_nadir,disk-lightglue-r2048-k8192,disk,lightglue,2048,8192,809,100_0010_0068.JPG,100_0010_0075.JPG,8192,8192,60,21,0.35,2.5634765625,0.125,0.078125,0.4669475853443146,False,ok,0.13080660000559874
D2_111_nadir,disk-lightglue-r2048-k8192,disk,lightglue,2048,8192,810,100_0010_0068.JPG,100_0010_0076.JPG,8192,8192,15,8,0.5333333333333333,0.9765625,0.09375,0.109375,0.17664438486099243,True,ok,0.11288279999280348
D2_111_nadir,disk-lightglue-r2048-k8192,disk,lightglue,2048,8192,811,100_0010_0069.JPG,100_0010_0070.JPG,8192,8192,5630,5494,0.9758436944937833,670.654296875,0.84375,0.859375,0.9705477356910706,False,ok,0.1449754000059329
D2_111_nadir,disk-lightglue-r2048-k8192,disk,lightglue,2048,8192,812,100_0010_0069.JPG,100_0010_0071.JPG,8192,8192,5422,5303,0.9780523791958687,647.3388671875,0.84375,0.875,0.9719122052192688,False,ok,0.13845990000118036
D2_111_nadir,disk-lightglue-r2048-k8192,disk,lightglue,2048,8192,813,100_0010_0069.JPG,100_0010_0072.JPG,8192,8192,2561,2488,0.9714955095665756,303.7109375,0.59375,0.6875,0.9811471104621887,False,ok,0.13229110000247601
D2_111_nadir,disk-lightglue-r2048-k8192,disk,lightglue,2048,8192,814,100_0010_0069.JPG,100_0010_0073.JPG,8192,8192,934,892,0.9550321199143469,108.88671875,0.40625,0.40625,0.9791291356086731,False,ok,0.12942800000018906
D2_111_nadir,disk-lightglue-r2048-k8192,disk,lightglue,2048,8192,815,100_0010_0069.JPG,100_0010_0074.JPG,8192,8192,227,216,0.9515418502202643,26.3671875,0.1875,0.203125,0.9535092115402222,False,ok,0.13578009999764618
D2_111_nadir,disk-lightglue-r2048-k8192,disk,lightglue,2048,8192,816,100_0010_0069.JPG,100_0010_0075.JPG,8192,8192,61,31,0.5081967213114754,3.7841796875,0.09375,0.078125,0.5603241324424744,False,ok,0.13954269999521784
D2_111_nadir,disk-lightglue-r2048-k8192,disk,lightglue,2048,8192,817,100_0010_0069.JPG,100_0010_0076.JPG,8192,8192,16,9,0.5625,1.0986328125,0.109375,0.125,0.17671866714954376,True,ok,0.13171549999970011
D2_111_nadir,disk-lightglue-r2048-k8192,disk,lightglue,2048,8192,818,100_0010_0069.JPG,100_0010_0077.JPG,8192,8192,22,9,0.4090909090909091,1.0986328125,0.140625,0.140625,0.19326089322566986,True,ok,0.13216200000897516
D2_111_nadir,disk-lightglue-r2048-k8192,disk,lightglue,2048,8192,819,100_0010_0069.JPG,100_0010_0101.JPG,8192,8192,1827,1731,0.9474548440065681,211.3037109375,0.59375,0.5,0.9614359140396118,False,ok,0.11712999999872409
D2_111_nadir,disk-lightglue-r2048-k8192,disk,lightglue,2048,8192,820,100_0010_0069.JPG,100_0010_0102.JPG,8192,8192,1985,1871,0.9425692695214106,228.3935546875,0.578125,0.5,0.9582284688949585,False,ok,0.1436114000098314
D2_111_nadir,disk-lightglue-r2048-k8192,disk,lightglue,2048,8192,821,100_0010_0069.JPG,100_0010_0103.JPG,8192,8192,17,8,0.47058823529411764,0.9765625,0.109375,0.125,0.19040976464748383,True,ok,0.12875169998733327
D2_111_nadir,disk-lightglue-r2048-k8192,disk,lightglue,2048,8192,822,100_0010_0069.JPG,100_0010_0104.JPG,8192,8192,21,9,0.42857142857142855,1.0986328125,0.109375,0.140625,0.19100788235664368,True,ok,0.13440690000425093
D2_111_nadir,disk-lightglue-r2048-k8192,disk,lightglue,2048,8192,823,100_0010_0069.JPG,100_0010_0105.JPG,8192,8192,16,8,0.5,0.9765625,0.125,0.109375,0.21730685234069824,True,ok,0.12688080000225455
D2_111_nadir,disk-lightglue-r2048-k8192,disk,lightglue,2048,8192,824,100_0010_0069.JPG,100_0010_0106.JPG,8192,8192,18,8,0.4444444444444444,0.9765625,0.09375,0.109375,0.19386820495128632,True,ok,0.13913609999872278
D2_111_nadir,disk-lightglue-r2048-k8192,disk,lightglue,2048,8192,825,100_0010_0070.JPG,100_0010_0071.JPG,8192,8192,6544,6422,0.9813569682151589,783.935546875,0.953125,0.953125,0.959790050983429,False,ok,0.13679370000318158
D2_111_nadir,disk-lightglue-r2048-k8192,disk,lightglue,2048,8192,826,100_0010_0070.JPG,100_0010_0072.JPG,8192,8192,2774,2640,0.9516943042537851,322.265625,0.703125,0.765625,0.9631791114807129,False,ok,0.11986330000218004
D2_111_nadir,disk-lightglue-r2048-k8192,disk,lightglue,2048,8192,827,100_0010_0070.JPG,100_0010_0073.JPG,8192,8192,974,916,0.9404517453798767,111.81640625,0.390625,0.421875,0.9758332371711731,False,ok,0.12315459999081213
D2_111_nadir,disk-lightglue-r2048-k8192,disk,lightglue,2048,8192,828,100_0010_0070.JPG,100_0010_0074.JPG,8192,8192,234,220,0.9401709401709402,26.85546875,0.1875,0.21875,0.9531205892562866,False,ok,0.13223230000585318
D2_111_nadir,disk-lightglue-r2048-k8192,disk,lightglue,2048,8192,829,100_0010_0070.JPG,100_0010_0075.JPG,8192,8192,59,36,0.6101694915254238,4.39453125,0.078125,0.078125,0.6830229759216309,False,ok,0.18407289999595378
D2_111_nadir,disk-lightglue-r2048-k8192,disk,lightglue,2048,8192,830,100_0010_0070.JPG,100_0010_0076.JPG,8192,8192,18,8,0.4444444444444444,0.9765625,0.09375,0.125,0.1687539666891098,True,ok,0.13172119999944698
D2_111_nadir,disk-lightglue-r2048-k8192,disk,lightglue,2048,8192,831,100_0010_0070.JPG,100_0010_0077.JPG,8192,8192,15,8,0.5333333333333333,0.9765625,0.078125,0.109375,0.21343261003494263,True,ok,0.12748799999826588
D2_111_nadir,disk-lightglue-r2048-k8192,disk,lightglue,2048,8192,832,100_0010_0070.JPG,100_0010_0078.JPG,8192,8192,24,9,0.375,1.0986328125,0.125,0.109375,0.19219164550304413,True,ok,0.14803939999546856
D2_111_nadir,disk-lightglue-r2048-k8192,disk,lightglue,2048,8192,833,100_0010_0070.JPG,100_0010_0100.JPG,8192,8192,1138,1076,0.945518453427065,131.34765625,0.5,0.421875,0.9513905048370361,False,ok,0.1079032000125153
D2_111_nadir,disk-lightglue-r2048-k8192,disk,lightglue,2048,8192,834,100_0010_0070.JPG,100_0010_0101.JPG,8192,8192,2331,2176,0.9335049335049335,265.625,0.671875,0.578125,0.9546494483947754,False,ok,0.13457660000131
D2_111_nadir,disk-lightglue-r2048-k8192,disk,lightglue,2048,8192,835,100_0010_0070.JPG,100_0010_0102.JPG,8192,8192,2526,2407,0.9528899445764054,293.8232421875,0.6875,0.578125,0.9538974165916443,False,ok,0.13223699999798555
D2_111_nadir,disk-lightglue-r2048-k8192,disk,lightglue,2048,8192,836,100_0010_0070.JPG,100_0010_0103.JPG,8192,8192,11,8,0.7272727272727273,0.9765625,0.078125,0.125,0.19296473264694214,True,ok,0.14216050000686664
D2_111_nadir,disk-lightglue-r2048-k8192,disk,lightglue,2048,8192,837,100_0010_0070.JPG,100_0010_0104.JPG,8192,8192,19,9,0.47368421052631576,1.0986328125,0.140625,0.125,0.16397042572498322,True,ok,0.14574470001389273
D2_111_nadir,disk-lightglue-r2048-k8192,disk,lightglue,2048,8192,838,100_0010_0070.JPG,100_0010_0105.JPG,8192,8192,19,9,0.47368421052631576,1.0986328125,0.109375,0.140625,0.17777714133262634,True,ok,0.1238518999889493
D2_111_nadir,disk-lightglue-r2048-k8192,disk,lightglue,2048,8192,839,100_0010_0071.JPG,100_0010_0072.JPG,8192,8192,2899,2759,0.9517074853397723,336.7919921875,0.6875,0.765625,0.9706982374191284,False,ok,0.12741249999089632
D2_111_nadir,disk-lightglue-r2048-k8192,disk,lightglue,2048,8192,840,100_0010_0071.JPG,100_0010_0073.JPG,8192,8192,1066,1006,0.9437148217636022,122.802734375,0.453125,0.453125,0.9686674475669861,False,ok,0.12958819999767002
D2_111_nadir,disk-lightglue-r2048-k8192,disk,lightglue,2048,8192,841,100_0010_0071.JPG,100_0010_0074.JPG,8192,8192,300,280,0.9333333333333333,34.1796875,0.234375,0.265625,0.9598239064216614,False,ok,0.1306643999996595
D2_111_nadir,disk-lightglue-r2048-k8192,disk,lightglue,2048,8192,842,100_0010_0071.JPG,100_0010_0075.JPG,8192,8192,128,88,0.6875,10.7421875,0.109375,0.109375,0.7552932500839233,False,ok,0.18112130000372417
D2_111_nadir,disk-lightglue-r2048-k8192,disk,lightglue,2048,8192,843,100_0010_0071.JPG,100_0010_0076.JPG,8192,8192,10,7,0.7,0.8544921875,0.109375,0.109375,0.18065613508224487,True,ok,0.143988800002262
D2_111_nadir,disk-lightglue-r2048-k8192,disk,lightglue,2048,8192,844,100_0010_0071.JPG,100_0010_0077.JPG,8192,8192,16,8,0.5,0.9765625,0.09375,0.09375,0.2282215654850006,True,ok,0.14899819999118336
D2_111_nadir,disk-lightglue-r2048-k8192,disk,lightglue,2048,8192,845,100_0010_0071.JPG,100_0010_0078.JPG,8192,8192,19,8,0.42105263157894735,0.9765625,0.09375,0.125,0.2595551311969757,True,ok,0.13096870000299532
D2_111_nadir,disk-lightglue-r2048-k8192,disk,lightglue,2048,8192,846,100_0010_0071.JPG,100_0010_0079.JPG,8192,8192,29,9,0.3103448275862069,1.0986328125,0.109375,0.109375,0.1627265363931656,True,ok,0.12758559999929275
D2_111_nadir,disk-lightglue-r2048-k8192,disk,lightglue,2048,8192,847,100_0010_0071.JPG,100_0010_0100.JPG,8192,8192,1184,1117,0.9434121621621622,136.3525390625,0.5,0.453125,0.9491379261016846,False,ok,0.11236590000044089
D2_111_nadir,disk-lightglue-r2048-k8192,disk,lightglue,2048,8192,848,100_0010_0071.JPG,100_0010_0101.JPG,8192,8192,2432,2322,0.9547697368421053,283.447265625,0.703125,0.609375,0.9590486288070679,False,ok,0.14842690000659786
D2_111_nadir,disk-lightglue-r2048-k8192,disk,lightglue,2048,8192,849,100_0010_0071.JPG,100_0010_0102.JPG,8192,8192,2648,2519,0.9512839879154078,307.4951171875,0.6875,0.625,0.954921543598175,False,ok,0.10880259999248665
D2_111_nadir,disk-lightglue-r2048-k8192,disk,lightglue,2048,8192,850,100_0010_0071.JPG,100_0010_0103.JPG,8192,8192,16,8,0.5,0.9765625,0.125,0.109375,0.2017456740140915,True,ok,0.12647180000203662
D2_111_nadir,disk-lightglue-r2048-k8192,disk,lightglue,2048,8192,851,100_0010_0071.JPG,100_0010_0104.JPG,8192,8192,20,8,0.4,0.9765625,0.125,0.09375,0.18369336426258087,True,ok,0.14470710000023246
D2_111_nadir,disk-lightglue-r2048-k8192,disk,lightglue,2048,8192,852,100_0010_0071.JPG,100_0010_0105.JPG,8192,8192,15,8,0.5333333333333333,0.9765625,0.109375,0.125,0.20152482390403748,True,ok,0.14584949999698438
D2_111_nadir,disk-lightglue-r2048-k8192,disk,lightglue,2048,8192,853,100_0010_0072.JPG,100_0010_0073.JPG,8192,8192,4529,4404,0.9724000883197174,537.59765625,0.671875,0.703125,0.9874991774559021,False,ok,0.13215620000846684
D2_111_nadir,disk-lightglue-r2048-k8192,disk,lightglue,2048,8192,854,100_0010_0072.JPG,100_0010_0074.JPG,8192,8192,2968,2818,0.9494609164420486,343.994140625,0.46875,0.5,0.9910597205162048,False,ok,0.12027679999300744
D2_111_nadir,disk-lightglue-r2048-k8192,disk,lightglue,2048,8192,855,100_0010_0072.JPG,100_0010_0075.JPG,8192,8192,2263,2147,0.9487406098099868,262.0849609375,0.296875,0.390625,0.9907457232475281,False,ok,0.12899850000394508
D2_111_nadir,disk-lightglue-r2048-k8192,disk,lightglue,2048,8192,856,100_0010_0072.JPG,100_0010_0076.JPG,8192,8192,1633,1563,0.9571341090018372,190.7958984375,0.234375,0.234375,0.9880272150039673,False,ok,0.14640110000618733
D2_111_nadir,disk-lightglue-r2048-k8192,disk,lightglue,2048,8192,857,100_0010_0072.JPG,100_0010_0077.JPG,8192,8192,44,22,0.5,2.685546875,0.0625,0.078125,0.36228764057159424,False,ok,0.13131379999686033
D2_111_nadir,disk-lightglue-r2048-k8192,disk,lightglue,2048,8192,858,100_0010_0072.JPG,100_0010_0078.JPG,8192,8192,36,10,0.2777777777777778,1.220703125,0.109375,0.140625,0.2199445217847824,True,ok,0.12750400000368245
D2_111_nadir,disk-lightglue-r2048-k8192,disk,lightglue,2048,8192,859,100_0010_0072.JPG,100_0010_0079.JPG,8192,8192,39,9,0.23076923076923078,1.0986328125,0.125,0.140625,0.18409350514411926,True,ok,0.11064360001182649
D2_111_nadir,disk-lightglue-r2048-k8192,disk,lightglue,2048,8192,860,100_0010_0072.JPG,100_0010_0080.JPG,8192,8192,36,10,0.2777777777777778,1.220703125,0.09375,0.15625,0.16058172285556793,True,ok,0.1454181999870343
D2_111_nadir,disk-lightglue-r2048-k8192,disk,lightglue,2048,8192,861,100_0010_0072.JPG,100_0010_0099.JPG,8192,8192,3309,3222,0.9737080689029919,393.310546875,0.46875,0.546875,0.9878296852111816,False,ok,0.11047040000266861
D2_111_nadir,disk-lightglue-r2048-k8192,disk,lightglue,2048,8192,862,100_0010_0072.JPG,100_0010_0100.JPG,8192,8192,4107,3916,0.9534940345751156,478.02734375,0.625,0.625,0.9805569648742676,False,ok,0.13404360000276938
D2_111_nadir,disk-lightglue-r2048-k8192,disk,lightglue,2048,8192,863,100_0010_0072.JPG,100_0010_0101.JPG,8192,8192,1725,1630,0.9449275362318841,198.974609375,0.5,0.453125,0.968055784702301,False,ok,0.1282706999918446
D2_111_nadir,disk-lightglue-r2048-k8192,disk,lightglue,2048,8192,864,100_0010_0072.JPG,100_0010_0102.JPG,8192,8192,1175,1096,0.9327659574468085,133.7890625,0.5,0.4375,0.9526332020759583,False,ok,0.15076879999833182
D2_111_nadir,disk-lightglue-r2048-k8192,disk,lightglue,2048,8192,865,100_0010_0072.JPG,100_0010_0103.JPG,8192,8192,1806,1725,0.9551495016611296,210.5712890625,0.21875,0.21875,0.9616518020629883,False,ok,0.1374260000011418
D2_111_nadir,disk-lightglue-r2048-k8192,disk,lightglue,2048,8192,866,100_0010_0072.JPG,100_0010_0104.JPG,8192,8192,454,428,0.9427312775330396,52.24609375,0.109375,0.109375,0.968314528465271,False,ok,0.1150772999972105
D2_111_nadir,disk-lightglue-r2048-k8192,disk,lightglue,2048,8192,867,100_0010_0072.JPG,100_0010_0105.JPG,8192,8192,44,11,0.25,1.3427734375,0.109375,0.09375,0.1829056292772293,True,ok,0.14147289999527857
D2_111_nadir,disk-lightglue-r2048-k8192,disk,lightglue,2048,8192,868,100_0010_0072.JPG,100_0010_0106.JPG,8192,8192,42,9,0.21428571428571427,1.0986328125,0.078125,0.09375,0.20035326480865479,True,ok,0.12491660000523552
D2_111_nadir,disk-lightglue-r2048-k8192,disk,lightglue,2048,8192,869,100_0010_0073.JPG,100_0010_0074.JPG,8192,8192,5517,5367,0.9728113104948342,655.1513671875,0.65625,0.75,0.9873625636100769,False,ok,0.12976710000657476
D2_111_nadir,disk-lightglue-r2048-k8192,disk,lightglue,2048,8192,870,100_0010_0073.JPG,100_0010_0075.JPG,8192,8192,4479,4314,0.9631614199598124,526.611328125,0.5,0.515625,0.9908895492553711,False,ok,0.12526590000197757
D2_111_nadir,disk-lightglue-r2048-k8192,disk,lightglue,2048,8192,871,100_0010_0073.JPG,100_0010_0076.JPG,8192,8192,3672,3522,0.9591503267973857,429.931640625,0.453125,0.484375,0.989475429058075,False,ok,0.1261996000102954
D2_111_nadir,disk-lightglue-r2048-k8192,disk,lightglue,2048,8192,872,100_0010_0073.JPG,100_0010_0077.JPG,8192,8192,2154,2059,0.9558960074280408,251.3427734375,0.25,0.25,0.9846392273902893,False,ok,0.12620879999303725
D2_111_nadir,disk-lightglue-r2048-k8192,disk,lightglue,2048,8192,873,100_0010_0073.JPG,100_0010_0078.JPG,8192,8192,107,62,0.5794392523364486,7.568359375,0.078125,0.078125,0.6875519752502441,False,ok,0.18777189998945687
D2_111_nadir,disk-lightglue-r2048-k8192,disk,lightglue,2048,8192,874,100_0010_0073.JPG,100_0010_0079.JPG,8192,8192,2,0,0.0,0.0,0.0,0.0,0.1147526204586029,True,too_few_matches,0.26760099999955855
D2_111_nadir,disk-lightglue-r2048-k8192,disk,lightglue,2048,8192,875,100_0010_0073.JPG,100_0010_0080.JPG,8192,8192,4,0,0.0,0.0,0.0,0.0,0.1841750293970108,True,too_few_matches,0.22836010000901297
D2_111_nadir,disk-lightglue-r2048-k8192,disk,lightglue,2048,8192,876,100_0010_0073.JPG,100_0010_0081.JPG,8192,8192,2,0,0.0,0.0,0.0,0.0,0.1333058923482895,True,too_few_matches,0.22768110000470188
D2_111_nadir,disk-lightglue-r2048-k8192,disk,lightglue,2048,8192,877,100_0010_0073.JPG,100_0010_0098.JPG,8192,8192,4410,4321,0.9798185941043084,527.4658203125,0.515625,0.578125,0.9881685376167297,False,ok,0.13782020000508055
D2_111_nadir,disk-lightglue-r2048-k8192,disk,lightglue,2048,8192,878,100_0010_0073.JPG,100_0010_0099.JPG,8192,8192,5020,4881,0.9723107569721116,595.8251953125,0.625,0.59375,0.9863890409469604,False,ok,0.13283999999111984
D2_111_nadir,disk-lightglue-r2048-k8192,disk,lightglue,2048,8192,879,100_0010_0073.JPG,100_0010_0100.JPG,8192,8192,3331,3216,0.9654758330831582,392.578125,0.515625,0.484375,0.9859297275543213,False,ok,0.13517449999926612
D2_111_nadir,disk-lightglue-r2048-k8192,disk,lightglue,2048,8192,880,100_0010_0073.JPG,100_0010_0101.JPG,8192,8192,895,840,0.9385474860335196,102.5390625,0.40625,0.28125,0.9755759239196777,False,ok,0.12658189999638125
D2_111_nadir,disk-lightglue-r2048-k8192,disk,lightglue,2048,8192,881,100_0010_0073.JPG,100_0010_0102.JPG,8192,8192,522,487,0.9329501915708812,59.4482421875,0.328125,0.296875,0.9441736340522766,False,ok,0.13358989999687765
D2_111_nadir,disk-lightglue-r2048-k8192,disk,lightglue,2048,8192,882,100_0010_0073.JPG,100_0010_0103.JPG,8192,8192,3430,2943,0.8580174927113703,359.2529296875,0.421875,0.328125,0.9535179138183594,False,ok,0.1351167999964673
D2_111_nadir,disk-lightglue-r2048-k8192,disk,lightglue,2048,8192,883,100_0010_0073.JPG,100_0010_0104.JPG,8192,8192,2578,2281,0.8847944142746315,278.4423828125,0.296875,0.25,0.9786306023597717,False,ok,0.13145029998850077
D2_111_nadir,disk-lightglue-r2048-k8192,disk,lightglue,2048,8192,884,100_0010_0073.JPG,100_0010_0105.JPG,8192,8192,1137,1066,0.9375549692172384,130.126953125,0.125,0.125,0.9738737344741821,False,ok,0.1350250999967102
D2_111_nadir,disk-lightglue-r2048-k8192,disk,lightglue,2048,8192,885,100_0010_0073.JPG,100_0010_0106.JPG,8192,8192,2,0,0.0,0.0,0.0,0.0,0.10958543419837952,True,too_few_matches,0.27065849999780767
D2_111_nadir,disk-lightglue-r2048-k8192,disk,lightglue,2048,8192,886,100_0010_0073.JPG,100_0010_0107.JPG,8192,8192,2,0,0.0,0.0,0.0,0.0,0.12400014698505402,True,too_few_matches,0.28309060000174213
D2_111_nadir,disk-lightglue-r2048-k8192,disk,lightglue,2048,8192,887,100_0010_0074.JPG,100_0010_0075.JPG,8192,8192,6097,5979,0.9806462194521895,729.8583984375,0.734375,0.765625,0.9871304035186768,False,ok,0.13588640000671148
D2_111_nadir,disk-lightglue-r2048-k8192,disk,lightglue,2048,8192,888,100_0010_0074.JPG,100_0010_0076.JPG,8192,8192,5229,5055,0.9667240390131956,617.0654296875,0.609375,0.609375,0.9888275265693665,False,ok,0.10055059999285731
D2_111_nadir,disk-lightglue-r2048-k8192,disk,lightglue,2048,8192,889,100_0010_0074.JPG,100_0010_0077.JPG,8192,8192,3844,3678,0.9568158168574402,448.974609375,0.5,0.5,0.987785816192627,False,ok,0.13067270000465214
D2_111_nadir,disk-lightglue-r2048-k8192,disk,lightglue,2048,8192,890,100_0010_0074.JPG,100_0010_0078.JPG,8192,8192,1888,1799,0.9528601694915254,219.6044921875,0.25,0.25,0.9816845655441284,False,ok,0.12939919999917038
D2_111_nadir,disk-lightglue-r2048-k8192,disk,lightglue,2048,8192,891,100_0010_0074.JPG,100_0010_0079.JPG,8192,8192,89,56,0.6292134831460674,6.8359375,0.109375,0.109375,0.7476416826248169,False,ok,0.17622020000999328
D2_111_nadir,disk-lightglue-r2048-k8192,disk,lightglue,2048,8192,892,100_0010_0074.JPG,100_0010_0080.JPG,8192,8192,1,0,0.0,0.0,0.0,0.0,0.10695286095142365,True,too_few_matches,0.2772277000040049
D2_111_nadir,disk-lightglue-r2048-k8192,disk,lightglue,2048,8192,893,100_0010_0074.JPG,100_0010_0081.JPG,8192,8192,0,0,0.0,0.0,0.0,0.0,0.0,True,no_matches,0.26781299999856856
D2_111_nadir,disk-lightglue-r2048-k8192,disk,lightglue,2048,8192,894,100_0010_0074.JPG,100_0010_0082.JPG,8192,8192,32,8,0.25,0.9765625,0.125,0.109375,0.21759209036827087,True,ok,0.14028739999048412
D2_111_nadir,disk-lightglue-r2048-k8192,disk,lightglue,2048,8192,895,100_0010_0074.JPG,100_0010_0096.JPG,8192,8192,4544,4449,0.9790933098591549,543.0908203125,0.46875,0.46875,0.9902709126472473,False,ok,0.10678489999554586
D2_111_nadir,disk-lightglue-r2048-k8192,disk,lightglue,2048,8192,896,100_0010_0074.JPG,100_0010_0097.JPG,8192,8192,4905,4827,0.9840978593272172,589.2333984375,0.53125,0.578125,0.9904414415359497,False,ok,0.12651470000855625
D2_111_nadir,disk-lightglue-r2048-k8192,disk,lightglue,2048,8192,897,100_0010_0074.JPG,100_0010_0098.JPG,8192,8192,5231,5136,0.981839036513095,626.953125,0.65625,0.65625,0.9867690801620483,False,ok,0.12328240000351798
D2_111_nadir,disk-lightglue-r2048-k8192,disk,lightglue,2048,8192,898,100_0010_0074.JPG,100_0010_0099.JPG,8192,8192,4320,4195,0.9710648148148148,512.0849609375,0.578125,0.515625,0.9881057143211365,False,ok,0.14402680000057444
D2_111_nadir,disk-lightglue-r2048-k8192,disk,lightglue,2048,8192,899,100_0010_0074.JPG,100_0010_0100.JPG,8192,8192,2373,2266,0.9549093973872735,276.611328125,0.484375,0.375,0.9896467328071594,False,ok,0.1302817999967374
D2_111_nadir,disk-lightglue-r2048-k8192,disk,lightglue,2048,8192,900,100_0010_0074.JPG,100_0010_0104.JPG,8192,8192,3710,3362,0.9061994609164421,410.400390625,0.484375,0.4375,0.9683584570884705,False,ok,0.14110959999379702
D2_111_nadir,disk-lightglue-r2048-k8192,disk,lightglue,2048,8192,901,100_0010_0074.JPG,100_0010_0105.JPG,8192,8192,2799,2641,0.9435512683101107,322.3876953125,0.375,0.34375,0.9762659668922424,False,ok,0.11240440000256058
D2_111_nadir,disk-lightglue-r2048-k8192,disk,lightglue,2048,8192,902,100_0010_0074.JPG,100_0010_0106.JPG,8192,8192,1317,1249,0.9483675018982536,152.4658203125,0.234375,0.25,0.9838324189186096,False,ok,0.15096849999099504
D2_111_nadir,disk-lightglue-r2048-k8192,disk,lightglue,2048,8192,903,100_0010_0074.JPG,100_0010_0107.JPG,8192,8192,66,27,0.4090909090909091,3.2958984375,0.046875,0.046875,0.5037785768508911,False,ok,0.18272820000129286
D2_111_nadir,disk-lightglue-r2048-k8192,disk,lightglue,2048,8192,904,100_0010_0074.JPG,100_0010_0108.JPG,8192,8192,1,0,0.0,0.0,0.0,0.0,0.1284101903438568,True,too_few_matches,0.2615070000028936
D2_111_nadir,disk-lightglue-r2048-k8192,disk,lightglue,2048,8192,905,100_0010_0075.JPG,100_0010_0076.JPG,8192,8192,6288,6104,0.9707379134860051,745.1171875,0.859375,0.8125,0.9871143102645874,False,ok,0.09815000000526197
D2_111_nadir,disk-lightglue-r2048-k8192,disk,lightglue,2048,8192,906,100_0010_0075.JPG,100_0010_0077.JPG,8192,8192,4901,4737,0.9665374413385024,578.2470703125,0.625,0.625,0.9879414439201355,False,ok,0.10946950000652578
D2_111_nadir,disk-lightglue-r2048-k8192,disk,lightglue,2048,8192,907,100_0010_0075.JPG,100_0010_0078.JPG,8192,8192,3082,2954,0.9584685269305646,360.595703125,0.5,0.453125,0.9878856539726257,False,ok,0.1250372999929823
D2_111_nadir,disk-lightglue-r2048-k8192,disk,lightglue,2048,8192,908,100_0010_0075.JPG,100_0010_0079.JPG,8192,8192,1306,1241,0.9502297090352221,151.4892578125,0.25,0.25,0.986369788646698,False,ok,0.14121119999617804
D2_111_nadir,disk-lightglue-r2048-k8192,disk,lightglue,2048,8192,909,100_0010_0075.JPG,100_0010_0080.JPG,8192,8192,86,59,0.686046511627907,7.2021484375,0.078125,0.078125,0.8602096438407898,False,ok,0.1853389000025345
D2_111_nadir,disk-lightglue-r2048-k8192,disk,lightglue,2048,8192,910,100_0010_0075.JPG,100_0010_0081.JPG,8192,8192,0,0,0.0,0.0,0.0,0.0,0.0,True,no_matches,0.26348809999763034
D2_111_nadir,disk-lightglue-r2048-k8192,disk,lightglue,2048,8192,911,100_0010_0075.JPG,100_0010_0082.JPG,8192,8192,34,9,0.2647058823529412,1.0986328125,0.109375,0.09375,0.21075810492038727,True,ok,0.13624700000218581
D2_111_nadir,disk-lightglue-r2048-k8192,disk,lightglue,2048,8192,912,100_0010_0075.JPG,100_0010_0083.JPG,8192,8192,34,9,0.2647058823529412,1.0986328125,0.140625,0.09375,0.22667725384235382,True,ok,0.12628870000480674
D2_111_nadir,disk-lightglue-r2048-k8192,disk,lightglue,2048,8192,913,100_0010_0075.JPG,100_0010_0095.JPG,8192,8192,3627,3547,0.9779432037496554,432.9833984375,0.46875,0.4375,0.9908939599990845,False,ok,0.12907570000970736
D2_111_nadir,disk-lightglue-r2048-k8192,disk,lightglue,2048,8192,914,100_0010_0075.JPG,100_0010_0096.JPG,8192,8192,4880,4802,0.9840163934426229,586.181640625,0.625,0.609375,0.9908578395843506,False,ok,0.12443290000373963
D2_111_nadir,disk-lightglue-r2048-k8192,disk,lightglue,2048,8192,915,100_0010_0075.JPG,100_0010_0097.JPG,8192,8192,5124,5062,0.9879000780640125,617.919921875,0.65625,0.65625,0.9908340573310852,False,ok,0.11913690000073984
D2_111_nadir,disk-lightglue-r2048-k8192,disk,lightglue,2048,8192,916,100_0010_0075.JPG,100_0010_0098.JPG,8192,8192,4719,4617,0.9783852511125238,563.5986328125,0.5625,0.5,0.9901081323623657,False,ok,0.1306693000078667
D2_111_nadir,disk-lightglue-r2048-k8192,disk,lightglue,2048,8192,917,100_0010_0075.JPG,100_0010_0105.JPG,8192,8192,3528,3286,0.93140589569161,401.123046875,0.546875,0.421875,0.9745814204216003,False,ok,0.1421171999973012
D2_111_nadir,disk-lightglue-r2048-k8192,disk,lightglue,2048,8192,918,100_0010_0075.JPG,100_0010_0106.JPG,8192,8192,2368,2222,0.9383445945945946,271.240234375,0.375,0.328125,0.9845466613769531,False,ok,0.12754699999641161
D2_111_nadir,disk-lightglue-r2048-k8192,disk,lightglue,2048,8192,919,100_0010_0075.JPG,100_0010_0107.JPG,8192,8192,1204,1057,0.877906976744186,129.0283203125,0.21875,0.21875,0.985317587852478,False,ok,0.13819269998930395
D2_111_nadir,disk-lightglue-r2048-k8192,disk,lightglue,2048,8192,920,100_0010_0075.JPG,100_0010_0108.JPG,8192,8192,221,211,0.9547511312217195,25.7568359375,0.078125,0.09375,0.9724000692367554,False,ok,0.12387219999800436
D2_111_nadir,disk-lightglue-r2048-k8192,disk,lightglue,2048,8192,921,100_0010_0076.JPG,100_0010_0077.JPG,8192,8192,5716,5579,0.9760321903428971,681.0302734375,0.8125,0.8125,0.9863823652267456,False,ok,0.08951259999594186
D2_111_nadir,disk-lightglue-r2048-k8192,disk,lightglue,2048,8192,922,100_0010_0076.JPG,100_0010_0078.JPG,8192,8192,3871,3733,0.9643502970808576,455.6884765625,0.546875,0.546875,0.9908656477928162,False,ok,0.11945369999739341
D2_111_nadir,disk-lightglue-r2048-k8192,disk,lightglue,2048,8192,923,100_0010_0076.JPG,100_0010_0079.JPG,8192,8192,2180,2087,0.9573394495412844,254.7607421875,0.421875,0.421875,0.9937149286270142,False,ok,0.1407539999927394
D2_111_nadir,disk-lightglue-r2048-k8192,disk,lightglue,2048,8192,924,100_0010_0076.JPG,100_0010_0080.JPG,8192,8192,858,815,0.9498834498834499,99.4873046875,0.15625,0.15625,0.9847345352172852,False,ok,0.13892480000504293
D2_111_nadir,disk-lightglue-r2048-k8192,disk,lightglue,2048,8192,925,100_0010_0076.JPG,100_0010_0081.JPG,8192,8192,129,58,0.4496124031007752,7.080078125,0.078125,0.0625,0.6066275835037231,False,ok,0.15378249999776017
D2_111_nadir,disk-lightglue-r2048-k8192,disk,lightglue,2048,8192,926,100_0010_0076.JPG,100_0010_0082.JPG,8192,8192,27,9,0.3333333333333333,1.0986328125,0.109375,0.125,0.22363360226154327,True,ok,0.12999039998976514
D2_111_nadir,disk-lightglue-r2048-k8192,disk,lightglue,2048,8192,927,100_0010_0076.JPG,100_0010_0083.JPG,8192,8192,27,9,0.3333333333333333,1.0986328125,0.125,0.109375,0.2435898631811142,True,ok,0.11582419999467675
D2_111_nadir,disk-lightglue-r2048-k8192,disk,lightglue,2048,8192,928,100_0010_0076.JPG,100_0010_0084.JPG,8192,8192,11,8,0.7272727272727273,0.9765625,0.109375,0.0625,0.18548113107681274,True,ok,0.12667589999909978
D2_111_nadir,disk-lightglue-r2048-k8192,disk,lightglue,2048,8192,929,100_0010_0076.JPG,100_0010_0094.JPG,8192,8192,2335,2281,0.9768736616702356,278.4423828125,0.390625,0.390625,0.989672064781189,False,ok,0.1347278000030201
D2_111_nadir,disk-lightglue-r2048-k8192,disk,lightglue,2048,8192,930,100_0010_0076.JPG,100_0010_0095.JPG,8192,8192,3756,3700,0.9850905218317358,451.66015625,0.578125,0.515625,0.9920458197593689,False,ok,0.1318617000069935
D2_111_nadir,disk-lightglue-r2048-k8192,disk,lightglue,2048,8192,931,100_0010_0076.JPG,100_0010_0096.JPG,8192,8192,4901,4798,0.9789838808406448,585.693359375,0.640625,0.65625,0.9907670617103577,False,ok,0.12259269999049138
D2_111_nadir,disk-lightglue-r2048-k8192,disk,lightglue,2048,8192,932,100_0010_0076.JPG,100_0010_0097.JPG,8192,8192,4729,4607,0.9742017339818143,562.3779296875,0.59375,0.59375,0.9902558326721191,False,ok,0.12886389999766834
D2_111_nadir,disk-lightglue-r2048-k8192,disk,lightglue,2048,8192,933,100_0010_0076.JPG,100_0010_0106.JPG,8192,8192,2951,2791,0.9457810911555405,340.6982421875,0.5,0.40625,0.9788097143173218,False,ok,0.14170480000029784
D2_111_nadir,disk-lightglue-r2048-k8192,disk,lightglue,2048,8192,934,100_0010_0076.JPG,100_0010_0107.JPG,8192,8192,1985,1892,0.9531486146095718,230.95703125,0.375,0.296875,0.9886202216148376,False,ok,0.12996469999779947
D2_111_nadir,disk-lightglue-r2048-k8192,disk,lightglue,2048,8192,935,100_0010_0076.JPG,100_0010_0108.JPG,8192,8192,1065,1013,0.9511737089201878,123.6572265625,0.234375,0.1875,0.9902949929237366,False,ok,0.1329165000061039
D2_111_nadir,disk-lightglue-r2048-k8192,disk,lightglue,2048,8192,936,100_0010_0076.JPG,100_0010_0109.JPG,8192,8192,292,277,0.9486301369863014,33.8134765625,0.109375,0.125,0.971942663192749,False,ok,0.14957330000470392
D2_111_nadir,disk-lightglue-r2048-k8192,disk,lightglue,2048,8192,937,100_0010_0077.JPG,100_0010_0078.JPG,8192,8192,5261,5154,0.9796616612811253,629.150390625,0.796875,0.734375,0.9868049025535583,False,ok,0.13413559999025892
D2_111_nadir,disk-lightglue-r2048-k8192,disk,lightglue,2048,8192,938,100_0010_0077.JPG,100_0010_0079.JPG,8192,8192,3350,3236,0.9659701492537314,395.01953125,0.53125,0.53125,0.9916932582855225,False,ok,0.11261329999251757
D2_111_nadir,disk-lightglue-r2048-k8192,disk,lightglue,2048,8192,939,100_0010_0077.JPG,100_0010_0080.JPG,8192,8192,1772,1699,0.958803611738149,207.3974609375,0.40625,0.34375,0.9870579838752747,False,ok,0.12598409999918658
D2_111_nadir,disk-lightglue-r2048-k8192,disk,lightglue,2048,8192,940,100_0010_0077.JPG,100_0010_0081.JPG,8192,8192,670,637,0.9507462686567164,77.7587890625,0.203125,0.1875,0.9861553311347961,False,ok,0.14447650000511203
D2_111_nadir,disk-lightglue-r2048-k8192,disk,lightglue,2048,8192,941,100_0010_0077.JPG,100_0010_0082.JPG,8192,8192,107,50,0.4672897196261682,6.103515625,0.0625,0.046875,0.6362962126731873,False,ok,0.18296679999912158
D2_111_nadir,disk-lightglue-r2048-k8192,disk,lightglue,2048,8192,942,100_0010_0077.JPG,100_0010_0083.JPG,8192,8192,32,9,0.28125,1.0986328125,0.140625,0.09375,0.23361121118068695,True,ok,0.1287949999968987
D2_111_nadir,disk-lightglue-r2048-k8192,disk,lightglue,2048,8192,943,100_0010_0077.JPG,100_0010_0084.JPG,8192,8192,20,8,0.4,0.9765625,0.125,0.109375,0.20872275531291962,True,ok,0.11196559999370947
D2_111_nadir,disk-lightglue-r2048-k8192,disk,lightglue,2048,8192,944,100_0010_0077.JPG,100_0010_0085.JPG,8192,8192,22,9,0.4090909090909091,1.0986328125,0.109375,0.109375,0.1956333965063095,True,ok,0.12476710000191815
D2_111_nadir,disk-lightglue-r2048-k8192,disk,lightglue,2048,8192,945,100_0010_0077.JPG,100_0010_0093.JPG,8192,8192,1665,1615,0.96996996996997,197.1435546875,0.390625,0.359375,0.9837930202484131,False,ok,0.14838379999855533
D2_111_nadir,disk-lightglue-r2048-k8192,disk,lightglue,2048,8192,946,100_0010_0077.JPG,100_0010_0094.JPG,8192,8192,3178,3118,0.9811202013845186,380.615234375,0.578125,0.515625,0.9890174865722656,False,ok,0.12986340001225471
D2_111_nadir,disk-lightglue-r2048-k8192,disk,lightglue,2048,8192,947,100_0010_0077.JPG,100_0010_0095.JPG,8192,8192,4665,4561,0.977706323687031,556.7626953125,0.671875,0.640625,0.9878765940666199,False,ok,0.12624169999617152
D2_111_nadir,disk-lightglue-r2048-k8192,disk,lightglue,2048,8192,948,100_0010_0077.JPG,100_0010_0096.JPG,8192,8192,4312,4173,0.9677643784786641,509.3994140625,0.59375,0.578125,0.9884805679321289,False,ok,0.11505910000414588
D2_111_nadir,disk-lightglue-r2048-k8192,disk,lightglue,2048,8192,949,100_0010_0077.JPG,100_0010_0097.JPG,8192,8192,3862,3706,0.9596064215432418,452.392578125,0.53125,0.546875,0.9895014762878418,False,ok,0.1474696000077529
D2_111_nadir,disk-lightglue-r2048-k8192,disk,lightglue,2048,8192,950,100_0010_0077.JPG,100_0010_0107.JPG,8192,8192,2802,2638,0.9414703783012134,322.021484375,0.453125,0.359375,0.981945812702179,False,ok,0.1282154999935301
D2_111_nadir,disk-lightglue-r2048-k8192,disk,lightglue,2048,8192,951,100_0010_0077.JPG,100_0010_0108.JPG,8192,8192,1866,1726,0.92497320471597,210.693359375,0.3125,0.3125,0.9835267663002014,False,ok,0.13045389999751933
D2_111_nadir,disk-lightglue-r2048-k8192,disk,lightglue,2048,8192,952,100_0010_0077.JPG,100_0010_0109.JPG,8192,8192,980,938,0.9571428571428572,114.501953125,0.234375,0.21875,0.9809322953224182,False,ok,0.1283242999925278
D2_111_nadir,disk-lightglue-r2048-k8192,disk,lightglue,2048,8192,953,100_0010_0078.JPG,100_0010_0079.JPG,8192,8192,5112,4966,0.9714397496087637,606.201171875,0.75,0.734375,0.9870290160179138,False,ok,0.1430557999992743
D2_111_nadir,disk-lightglue-r2048-k8192,disk,lightglue,2048,8192,954,100_0010_0078.JPG,100_0010_0080.JPG,8192,8192,3291,3148,0.9565481616529931,384.27734375,0.453125,0.453125,0.9917109608650208,False,ok,0.11909739999100566
D2_111_nadir,disk-lightglue-r2048-k8192,disk,lightglue,2048,8192,955,100_0010_0078.JPG,100_0010_0081.JPG,8192,8192,1897,1796,0.9467580390089615,219.23828125,0.34375,0.359375,0.9899823665618896,False,ok,0.12846480000007432
D2_111_nadir,disk-lightglue-r2048-k8192,disk,lightglue,2048,8192,956,100_0010_0078.JPG,100_0010_0082.JPG,8192,8192,855,808,0.9450292397660819,98.6328125,0.1875,0.203125,0.9824904203414917,False,ok,0.139793299997109
D2_111_nadir,disk-lightglue-r2048-k8192,disk,lightglue,2048,8192,957,100_0010_0078.JPG,100_0010_0083.JPG,8192,8192,150,76,0.5066666666666667,9.27734375,0.078125,0.078125,0.6404414772987366,False,ok,0.18678889999864623
D2_111_nadir,disk-lightglue-r2048-k8192,disk,lightglue,2048,8192,958,100_0010_0078.JPG,100_0010_0084.JPG,8192,8192,32,9,0.28125,1.0986328125,0.09375,0.078125,0.19547396898269653,True,ok,0.13758989999769256
D2_111_nadir,disk-lightglue-r2048-k8192,disk,lightglue,2048,8192,959,100_0010_0078.JPG,100_0010_0085.JPG,8192,8192,31,11,0.3548387096774194,1.3427734375,0.140625,0.109375,0.15855135023593903,True,ok,0.10809180000796914
D2_111_nadir,disk-lightglue-r2048-k8192,disk,lightglue,2048,8192,960,100_0010_0078.JPG,100_0010_0086.JPG,8192,8192,17,8,0.47058823529411764,0.9765625,0.125,0.109375,0.1658855676651001,True,ok,0.11201080000319052
D2_111_nadir,disk-lightglue-r2048-k8192,disk,lightglue,2048,8192,961,100_0010_0078.JPG,100_0010_0092.JPG,8192,8192,1520,1453,0.9559210526315789,177.3681640625,0.328125,0.296875,0.9873701930046082,False,ok,0.13647499999206048
D2_111_nadir,disk-lightglue-r2048-k8192,disk,lightglue,2048,8192,962,100_0010_0078.JPG,100_0010_0093.JPG,8192,8192,2560,2506,0.97890625,305.908203125,0.515625,0.484375,0.9861071705818176,False,ok,0.1476739999925485
D2_111_nadir,disk-lightglue-r2048-k8192,disk,lightglue,2048,8192,963,100_0010_0078.JPG,100_0010_0094.JPG,8192,8192,4228,4114,0.9730368968779565,502.197265625,0.609375,0.609375,0.9868634343147278,False,ok,0.12719250000372995
D2_111_nadir,disk-lightglue-r2048-k8192,disk,lightglue,2048,8192,964,100_0010_0078.JPG,100_0010_0095.JPG,8192,8192,3838,3721,0.9695153725898906,454.2236328125,0.546875,0.5625,0.9875553250312805,False,ok,0.12637779999931809
D2_111_nadir,disk-lightglue-r2048-k8192,disk,lightglue,2048,8192,965,100_0010_0078.JPG,100_0010_0096.JPG,8192,8192,2985,2857,0.9571189279731993,348.7548828125,0.453125,0.484375,0.9880841374397278,False,ok,0.1303499999921769
D2_111_nadir,disk-lightglue-r2048-k8192,disk,lightglue,2048,8192,966,100_0010_0078.JPG,100_0010_0109.JPG,8192,8192,1943,1861,0.9577972207925888,227.1728515625,0.359375,0.328125,0.977958619594574,False,ok,0.14712700000382029
D2_111_nadir,disk-lightglue-r2048-k8192,disk,lightglue,2048,8192,967,100_0010_0079.JPG,100_0010_0080.JPG,8192,8192,5226,5103,0.9764638346727899,622.9248046875,0.75,0.734375,0.9834991693496704,False,ok,0.12694860000920016
D2_111_nadir,disk-lightglue-r2048-k8192,disk,lightglue,2048,8192,968,100_0010_0079.JPG,100_0010_0081.JPG,8192,8192,3603,3457,0.9594782126006106,421.9970703125,0.5,0.53125,0.986703634262085,False,ok,0.12422120000701398
D2_111_nadir,disk-lightglue-r2048-k8192,disk,lightglue,2048,8192,969,100_0010_0079.JPG,100_0010_0082.JPG,8192,8192,2291,2177,0.9502400698384985,265.7470703125,0.421875,0.421875,0.9868253469467163,False,ok,0.12738220000755973
D2_111_nadir,disk-lightglue-r2048-k8192,disk,lightglue,2048,8192,970,100_0010_0079.JPG,100_0010_0083.JPG,8192,8192,1101,1043,0.9473206176203451,127.3193359375,0.234375,0.234375,0.9798117280006409,False,ok,0.14363050000974908
D2_111_nadir,disk-lightglue-r2048-k8192,disk,lightglue,2048,8192,971,100_0010_0079.JPG,100_0010_0084.JPG,8192,8192,204,81,0.39705882352941174,9.8876953125,0.078125,0.078125,0.60745769739151,False,ok,0.1801424000004772
D2_111_nadir,disk-lightglue-r2048-k8192,disk,lightglue,2048,8192,972,100_0010_0079.JPG,100_0010_0085.JPG,8192,8192,22,9,0.4090909090909091,1.0986328125,0.125,0.109375,0.16331635415554047,True,ok,0.11899319999793079
D2_111_nadir,disk-lightglue-r2048-k8192,disk,lightglue,2048,8192,973,100_0010_0079.JPG,100_0010_0086.JPG,8192,8192,17,8,0.47058823529411764,0.9765625,0.109375,0.109375,0.17171594500541687,True,ok,0.126134500009357
D2_111_nadir,disk-lightglue-r2048-k8192,disk,lightglue,2048,8192,974,100_0010_0079.JPG,100_0010_0087.JPG,8192,8192,33,9,0.2727272727272727,1.0986328125,0.109375,0.109375,0.17442572116851807,True,ok,0.1346650000050431
D2_111_nadir,disk-lightglue-r2048-k8192,disk,lightglue,2048,8192,975,100_0010_0079.JPG,100_0010_0091.JPG,8192,8192,2043,1967,0.9627998042094958,240.1123046875,0.359375,0.375,0.9768153429031372,False,ok,0.12758380000013858
D2_111_nadir,disk-lightglue-r2048-k8192,disk,lightglue,2048,8192,976,100_0010_0079.JPG,100_0010_0092.JPG,8192,8192,2783,2723,0.9784405318002156,332.3974609375,0.53125,0.484375,0.9790309071540833,False,ok,0.1304699000029359
D2_111_nadir,disk-lightglue-r2048-k8192,disk,lightglue,2048,8192,977,100_0010_0079.JPG,100_0010_0093.JPG,8192,8192,3847,3742,0.9727060046789706,456.787109375,0.625,0.609375,0.9796197414398193,False,ok,0.12771230000362266
D2_111_nadir,disk-lightglue-r2048-k8192,disk,lightglue,2048,8192,978,100_0010_0079.JPG,100_0010_0094.JPG,8192,8192,3210,3079,0.959190031152648,375.8544921875,0.53125,0.5,0.9837930202484131,False,ok,0.13781079999171197
D2_111_nadir,disk-lightglue-r2048-k8192,disk,lightglue,2048,8192,979,100_0010_0079.JPG,100_0010_0095.JPG,8192,8192,2267,2154,0.9501543890604323,262.939453125,0.421875,0.4375,0.9892882108688354,False,ok,0.12801730001228862
D2_111_nadir,disk-lightglue-r2048-k8192,disk,lightglue,2048,8192,980,100_0010_0080.JPG,100_0010_0081.JPG,8192,8192,5378,5228,0.9721085905541094,638.18359375,0.765625,0.71875,0.9822468161582947,False,ok,0.12788980000186712
D2_111_nadir,disk-lightglue-r2048-k8192,disk,lightglue,2048,8192,981,100_0010_0080.JPG,100_0010_0082.JPG,8192,8192,3694,3532,0.9561451001624256,431.15234375,0.578125,0.578125,0.9865250587463379,False,ok,0.13428019999992102
D2_111_nadir,disk-lightglue-r2048-k8192,disk,lightglue,2048,8192,982,100_0010_0080.JPG,100_0010_0083.JPG,8192,8192,2138,2011,0.9405986903648269,245.4833984375,0.453125,0.40625,0.985378623008728,False,ok,0.12607779999962077
D2_111_nadir,disk-lightglue-r2048-k8192,disk,lightglue,2048,8192,983,100_0010_0080.JPG,100_0010_0084.JPG,8192,8192,692,634,0.9161849710982659,77.392578125,0.21875,0.234375,0.979073166847229,False,ok,0.141121499997098
D2_111_nadir,disk-lightglue-r2048-k8192,disk,lightglue,2048,8192,984,100_0010_0080.JPG,100_0010_0085.JPG,8192,8192,292,270,0.9246575342465754,32.958984375,0.203125,0.125,0.9579378962516785,False,ok,0.1428295999940019
D2_111_nadir,disk-lightglue-r2048-k8192,disk,lightglue,2048,8192,985,100_0010_0080.JPG,100_0010_0086.JPG,8192,8192,349,313,0.8968481375358166,38.2080078125,0.171875,0.171875,0.9519644379615784,False,ok,0.1366956999991089
D2_111_nadir,disk-lightglue-r2048-k8192,disk,lightglue,2048,8192,986,100_0010_0080.JPG,100_0010_0087.JPG,8192,8192,375,346,0.9226666666666666,42.236328125,0.171875,0.140625,0.9633042216300964,False,ok,0.13531850000435952
D2_111_nadir,disk-lightglue-r2048-k8192,disk,lightglue,2048,8192,987,100_0010_0080.JPG,100_0010_0088.JPG,8192,8192,381,356,0.9343832020997376,43.45703125,0.15625,0.125,0.9524626135826111,False,ok,0.1381483000004664
D2_111_nadir,disk-lightglue-r2048-k8192,disk,lightglue,2048,8192,988,100_0010_0080.JPG,100_0010_0089.JPG,8192,8192,1562,1469,0.940460947503201,179.3212890625,0.296875,0.28125,0.9817665815353394,False,ok,0.13818879998871125
D2_111_nadir,disk-lightglue-r2048-k8192,disk,lightglue,2048,8192,989,100_0010_0080.JPG,100_0010_0090.JPG,8192,8192,2472,2359,0.9542880258899676,287.9638671875,0.390625,0.421875,0.9838005900382996,False,ok,0.13656020000053104
D2_111_nadir,disk-lightglue-r2048-k8192,disk,lightglue,2048,8192,990,100_0010_0080.JPG,100_0010_0091.JPG,8192,8192,3244,3164,0.9753390875462392,386.23046875,0.53125,0.46875,0.9796856045722961,False,ok,0.13593160000164062
D2_111_nadir,disk-lightglue-r2048-k8192,disk,lightglue,2048,8192,991,100_0010_0080.JPG,100_0010_0092.JPG,8192,8192,4099,3960,0.966089290070749,483.3984375,0.625,0.640625,0.9727646708488464,False,ok,0.14016059999994468
D2_111_nadir,disk-lightglue-r2048-k8192,disk,lightglue,2048,8192,992,100_0010_0080.JPG,100_0010_0093.JPG,8192,8192,3534,3386,0.9581211092246746,413.330078125,0.515625,0.53125,0.9784114360809326,False,ok,0.1314074999972945
D2_111_nadir,disk-lightglue-r2048-k8192,disk,lightglue,2048,8192,993,100_0010_0080.JPG,100_0010_0094.JPG,8192,8192,2181,2019,0.9257221458046767,246.4599609375,0.4375,0.421875,0.9824751615524292,False,ok,0.12837170000420883
D2_111_nadir,disk-lightglue-r2048-k8192,disk,lightglue,2048,8192,994,100_0010_0080.JPG,100_0010_0095.JPG,8192,8192,1255,1142,0.9099601593625498,139.404296875,0.25,0.265625,0.9824963808059692,False,ok,0.1343598999956157
D2_111_nadir,disk-lightglue-r2048-k8192,disk,lightglue,2048,8192,995,100_0010_0081.JPG,100_0010_0082.JPG,8192,8192,5168,4987,0.9649767801857585,608.7646484375,0.84375,0.734375,0.9784681797027588,False,ok,0.13501300000643823
D2_111_nadir,disk-lightglue-r2048-k8192,disk,lightglue,2048,8192,996,100_0010_0081.JPG,100_0010_0083.JPG,8192,8192,3040,2885,0.9490131578947368,352.1728515625,0.609375,0.625,0.9821968674659729,False,ok,0.11433799999940675
D2_111_nadir,disk-lightglue-r2048-k8192,disk,lightglue,2048,8192,997,100_0010_0081.JPG,100_0010_0084.JPG,8192,8192,1113,1041,0.9353099730458221,127.0751953125,0.453125,0.359375,0.9774199724197388,False,ok,0.13726709999900777
D2_111_nadir,disk-lightglue-r2048-k8192,disk,lightglue,2048,8192,998,100_0010_0081.JPG,100_0010_0085.JPG,8192,8192,576,524,0.9097222222222222,63.96484375,0.375,0.28125,0.9570342302322388,False,ok,0.14016569999512285
D2_111_nadir,disk-lightglue-r2048-k8192,disk,lightglue,2048,8192,999,100_0010_0081.JPG,100_0010_0086.JPG,8192,8192,623,585,0.9390048154093098,71.4111328125,0.34375,0.3125,0.9661297798156738,False,ok,0.14610900000843685
D2_111_nadir,disk-lightglue-r2048-k8192,disk,lightglue,2048,8192,1000,100_0010_0081.JPG,100_0010_0087.JPG,8192,8192,643,606,0.942457231726283,73.974609375,0.296875,0.3125,0.9676138758659363,False,ok,0.1346791999967536
D2_111_nadir,disk-lightglue-r2048-k8192,disk,lightglue,2048,8192,1001,100_0010_0081.JPG,100_0010_0088.JPG,8192,8192,628,598,0.9522292993630573,72.998046875,0.28125,0.28125,0.968876838684082,False,ok,0.13130140000430401
D2_111_nadir,disk-lightglue-r2048-k8192,disk,lightglue,2048,8192,1002,100_0010_0081.JPG,100_0010_0089.JPG,8192,8192,2122,1942,0.9151743638077285,237.060546875,0.453125,0.40625,0.9795439839363098,False,ok,0.1376596000045538
D2_111_nadir,disk-lightglue-r2048-k8192,disk,lightglue,2048,8192,1003,100_0010_0081.JPG,100_0010_0090.JPG,8192,8192,3370,3281,0.9735905044510386,400.5126953125,0.578125,0.53125,0.9802334904670715,False,ok,0.12294980000297073
D2_111_nadir,disk-lightglue-r2048-k8192,disk,lightglue,2048,8192,1004,100_0010_0081.JPG,100_0010_0091.JPG,8192,8192,4309,4193,0.9730796008354606,511.8408203125,0.703125,0.59375,0.9728184342384338,False,ok,0.13486330000159796
D2_111_nadir,disk-lightglue-r2048-k8192,disk,lightglue,2048,8192,1005,100_0010_0081.JPG,100_0010_0092.JPG,8192,8192,3918,3748,0.956610515569168,457.51953125,0.578125,0.59375,0.9760450720787048,False,ok,0.12731359999452252
D2_111_nadir,disk-lightglue-r2048-k8192,disk,lightglue,2048,8192,1006,100_0010_0081.JPG,100_0010_0093.JPG,8192,8192,2920,2725,0.9332191780821918,332.6416015625,0.46875,0.4375,0.9791348576545715,False,ok,0.1441058000054909
D2_111_nadir,disk-lightglue-r2048-k8192,disk,lightglue,2048,8192,1007,100_0010_0081.JPG,100_0010_0094.JPG,8192,8192,1438,1329,0.9242002781641169,162.2314453125,0.265625,0.265625,0.9804049134254456,False,ok,0.1324400000012247
D2_111_nadir,disk-lightglue-r2048-k8192,disk,lightglue,2048,8192,1008,100_0010_0082.JPG,100_0010_0083.JPG,8192,8192,4734,4542,0.9594423320659062,554.443359375,0.859375,0.875,0.9818682074546814,False,ok,0.13111859999480657
D2_111_nadir,disk-lightglue-r2048-k8192,disk,lightglue,2048,8192,1009,100_0010_0082.JPG,100_0010_0084.JPG,8192,8192,2449,2234,0.912209064924459,272.705078125,0.59375,0.609375,0.9850547909736633,False,ok,0.11744050000561401
D2_111_nadir,disk-lightglue-r2048-k8192,disk,lightglue,2048,8192,1010,100_0010_0082.JPG,100_0010_0085.JPG,8192,8192,1809,1612,0.8911000552791598,196.77734375,0.578125,0.609375,0.9753125309944153,False,ok,0.14035629999125376
D2_111_nadir,disk-lightglue-r2048-k8192,disk,lightglue,2048,8192,1011,100_0010_0082.JPG,100_0010_0086.JPG,8192,8192,1777,1634,0.919527293190771,199.462890625,0.515625,0.546875,0.9792003631591797,False,ok,0.1182078999991063
D2_111_nadir,disk-lightglue-r2048-k8192,disk,lightglue,2048,8192,1012,100_0010_0082.JPG,100_0010_0087.JPG,8192,8192,1695,1607,0.9480825958702065,196.1669921875,0.46875,0.46875,0.9774197936058044,False,ok,0.13035490000038408
D2_111_nadir,disk-lightglue-r2048-k8192,disk,lightglue,2048,8192,1013,100_0010_0082.JPG,100_0010_0088.JPG,8192,8192,1683,1591,0.9453357100415924,194.2138671875,0.453125,0.46875,0.9703195691108704,False,ok,0.137231900007464
D2_111_nadir,disk-lightglue-r2048-k8192,disk,lightglue,2048,8192,1014,100_0010_0082.JPG,100_0010_0089.JPG,8192,8192,3183,3099,0.9736098020735156,378.2958984375,0.65625,0.640625,0.9747047424316406,False,ok,0.15208220000204165
D2_111_nadir,disk-lightglue-r2048-k8192,disk,lightglue,2048,8192,1015,100_0010_0082.JPG,100_0010_0090.JPG,8192,8192,4423,4264,0.9640515487225865,520.5078125,0.734375,0.734375,0.9739162921905518,False,ok,0.11764440000115428
D2_111_nadir,disk-lightglue-r2048-k8192,disk,lightglue,2048,8192,1016,100_0010_0082.JPG,100_0010_0091.JPG,8192,8192,3625,3452,0.9522758620689655,421.38671875,0.640625,0.609375,0.9731383323669434,False,ok,0.13208040001336485
D2_111_nadir,disk-lightglue-r2048-k8192,disk,lightglue,2048,8192,1017,100_0010_0082.JPG,100_0010_0092.JPG,8192,8192,2961,2756,0.9307666328942925,336.42578125,0.4375,0.5,0.974237859249115,False,ok,0.12135479999415111
D2_111_nadir,disk-lightglue-r2048-k8192,disk,lightglue,2048,8192,1018,100_0010_0082.JPG,100_0010_0093.JPG,8192,8192,2053,1895,0.9230394544568924,231.3232421875,0.34375,0.328125,0.9758692383766174,False,ok,0.14774400000169408
D2_111_nadir,disk-lightglue-r2048-k8192,disk,lightglue,2048,8192,1019,100_0010_0083.JPG,100_0010_0084.JPG,8192,8192,4575,4375,0.9562841530054644,534.0576171875,0.828125,0.859375,0.9843743443489075,False,ok,0.12367529999755789
D2_111_nadir,disk-lightglue-r2048-k8192,disk,lightglue,2048,8192,1020,100_0010_0083.JPG,100_0010_0085.JPG,8192,8192,3813,3593,0.9423026488329399,438.5986328125,0.75,0.734375,0.9842463135719299,False,ok,0.13070160000643227
D2_111_nadir,disk-lightglue-r2048-k8192,disk,lightglue,2048,8192,1021,100_0010_0083.JPG,100_0010_0086.JPG,8192,8192,3562,3451,0.9688377316114543,421.2646484375,0.65625,0.65625,0.9828647971153259,False,ok,0.1332851000042865
D2_111_nadir,disk-lightglue-r2048-k8192,disk,lightglue,2048,8192,1022,100_0010_0083.JPG,100_0010_0087.JPG,8192,8192,3128,3027,0.9677109974424553,369.5068359375,0.5625,0.5625,0.9790078997612,False,ok,0.1381486999889603
D2_111_nadir,disk-lightglue-r2048-k8192,disk,lightglue,2048,8192,1023,100_0010_0083.JPG,100_0010_0088.JPG,8192,8192,3085,2967,0.9617504051863858,362.1826171875,0.59375,0.5625,0.9782350063323975,False,ok,0.1092279000004055
D2_111_nadir,disk-lightglue-r2048-k8192,disk,lightglue,2048,8192,1024,100_0010_0083.JPG,100_0010_0089.JPG,8192,8192,4301,4134,0.9611718205068589,504.638671875,0.75,0.75,0.9741820693016052,False,ok,0.13789250000263564
D2_111_nadir,disk-lightglue-r2048-k8192,disk,lightglue,2048,8192,1025,100_0010_0083.JPG,100_0010_0090.JPG,8192,8192,3653,3488,0.9548316452231043,425.78125,0.65625,0.640625,0.9768393039703369,False,ok,0.13772479999170173
D2_111_nadir,disk-lightglue-r2048-k8192,disk,lightglue,2048,8192,1026,100_0010_0083.JPG,100_0010_0091.JPG,8192,8192,2305,2149,0.9323210412147506,262.3291015625,0.5625,0.5,0.9718822240829468,False,ok,0.13464619999285787
D2_111_nadir,disk-lightglue-r2048-k8192,disk,lightglue,2048,8192,1027,100_0010_0083.JPG,100_0010_0092.JPG,8192,8192,1803,1639,0.9090404880754298,200.0732421875,0.3125,0.359375,0.9719406366348267,False,ok,0.12783500000659842
D2_111_nadir,disk-lightglue-r2048-k8192,disk,lightglue,2048,8192,1028,100_0010_0084.JPG,100_0010_0085.JPG,8192,8192,6242,6111,0.9790131368151234,745.9716796875,0.96875,1.0,0.9801121950149536,False,ok,0.13043380000453908
D2_111_nadir,disk-lightglue-r2048-k8192,disk,lightglue,2048,8192,1029,100_0010_0084.JPG,100_0010_0086.JPG,8192,8192,5361,5278,0.9845178138407014,644.287109375,0.84375,0.875,0.9808739423751831,False,ok,0.09261889998742845
D2_111_nadir,disk-lightglue-r2048-k8192,disk,lightglue,2048,8192,1030,100_0010_0084.JPG,100_0010_0087.JPG,8192,8192,4454,4334,0.9730579254602605,529.052734375,0.734375,0.75,0.976696252822876,False,ok,0.13662589999148622
D2_111_nadir,disk-lightglue-r2048-k8192,disk,lightglue,2048,8192,1031,100_0010_0084.JPG,100_0010_0088.JPG,8192,8192,4319,4190,0.9701319749942117,511.474609375,0.734375,0.75,0.9764952063560486,False,ok,0.13975999999092892
D2_111_nadir,disk-lightglue-r2048-k8192,disk,lightglue,2048,8192,1032,100_0010_0084.JPG,100_0010_0089.JPG,8192,8192,3388,3212,0.948051948051948,392.08984375,0.640625,0.625,0.9757856130599976,False,ok,0.1453427000087686
D2_111_nadir,disk-lightglue-r2048-k8192,disk,lightglue,2048,8192,1033,100_0010_0084.JPG,100_0010_0090.JPG,8192,8192,2071,1911,0.9227426364075326,233.2763671875,0.546875,0.515625,0.9779725074768066,False,ok,0.1083916999923531
D2_111_nadir,disk-lightglue-r2048-k8192,disk,lightglue,2048,8192,1034,100_0010_0084.JPG,100_0010_0091.JPG,8192,8192,882,800,0.9070294784580499,97.65625,0.34375,0.328125,0.9586608409881592,False,ok,0.13303029999951832
D2_111_nadir,disk-lightglue-r2048-k8192,disk,lightglue,2048,8192,1035,100_0010_0084.JPG,100_0010_0092.JPG,8192,8192,587,522,0.889267461669506,63.720703125,0.171875,0.21875,0.9763886332511902,False,ok,0.14960469999641646
D2_111_nadir,disk-lightglue-r2048-k8192,disk,lightglue,2048,8192,1036,100_0010_0085.JPG,100_0010_0086.JPG,8192,8192,5722,5620,0.9821740650122335,686.03515625,0.859375,0.875,0.9775343537330627,False,ok,0.14236700000765268
D2_111_nadir,disk-lightglue-r2048-k8192,disk,lightglue,2048,8192,1037,100_0010_0085.JPG,100_0010_0087.JPG,8192,8192,4605,4432,0.9624321389793703,541.015625,0.75,0.75,0.9753028154373169,False,ok,0.11549189999641385
D2_111_nadir,disk-lightglue-r2048-k8192,disk,lightglue,2048,8192,1038,100_0010_0085.JPG,100_0010_0088.JPG,8192,8192,4399,4254,0.9670379631734485,519.287109375,0.75,0.75,0.9746646285057068,False,ok,0.13372919999528676
D2_111_nadir,disk-lightglue-r2048-k8192,disk,lightglue,2048,8192,1039,100_0010_0085.JPG,100_0010_0089.JPG,8192,8192,2954,2804,0.949221394719025,342.28515625,0.609375,0.609375,0.9773346781730652,False,ok,0.12747829999716487
D2_111_nadir,disk-lightglue-r2048-k8192,disk,lightglue,2048,8192,1040,100_0010_0085.JPG,100_0010_0090.JPG,8192,8192,1669,1544,0.9251048532055123,188.4765625,0.453125,0.46875,0.970790445804596,False,ok,0.154982399995788
D2_111_nadir,disk-lightglue-r2048-k8192,disk,lightglue,2048,8192,1041,100_0010_0085.JPG,100_0010_0091.JPG,8192,8192,512,463,0.904296875,56.5185546875,0.359375,0.3125,0.9308120608329773,False,ok,0.11632929999905173
D2_111_nadir,disk-lightglue-r2048-k8192,disk,lightglue,2048,8192,1042,100_0010_0085.JPG,100_0010_0092.JPG,8192,8192,293,256,0.8737201365187713,31.25,0.09375,0.1875,0.925195574760437,False,ok,0.13889390000258572
D2_111_nadir,disk-lightglue-r2048-k8192,disk,lightglue,2048,8192,1043,100_0010_0085.JPG,100_0010_0093.JPG,8192,8192,31,10,0.3225806451612903,1.220703125,0.15625,0.125,0.18938970565795898,True,ok,0.13063499999407213
D2_111_nadir,disk-lightglue-r2048-k8192,disk,lightglue,2048,8192,1044,100_0010_0086.JPG,100_0010_0087.JPG,8192,8192,5759,5647,0.9805521791977774,689.3310546875,0.953125,0.875,0.9780935645103455,False,ok,0.1270208000059938
D2_111_nadir,disk-lightglue-r2048-k8192,disk,lightglue,2048,8192,1045,100_0010_0086.JPG,100_0010_0088.JPG,8192,8192,5562,5436,0.9773462783171522,663.57421875,0.875,0.875,0.9764048457145691,False,ok,0.12599660000705626
D2_111_nadir,disk-lightglue-r2048-k8192,disk,lightglue,2048,8192,1046,100_0010_0086.JPG,100_0010_0089.JPG,8192,8192,3829,3617,0.9446330634630452,441.5283203125,0.75,0.703125,0.9794490337371826,False,ok,0.10961929999757558
D2_111_nadir,disk-lightglue-r2048-k8192,disk,lightglue,2048,8192,1047,100_0010_0086.JPG,100_0010_0090.JPG,8192,8192,2163,1954,0.9033749422098937,238.525390625,0.53125,0.546875,0.9767580032348633,False,ok,0.13155420000839513
D2_111_nadir,disk-lightglue-r2048-k8192,disk,lightglue,2048,8192,1048,100_0010_0086.JPG,100_0010_0091.JPG,8192,8192,686,625,0.9110787172011662,76.2939453125,0.40625,0.34375,0.95002281665802,False,ok,0.154760699995677
D2_111_nadir,disk-lightglue-r2048-k8192,disk,lightglue,2048,8192,1049,100_0010_0086.JPG,100_0010_0092.JPG,8192,8192,388,350,0.9020618556701031,42.724609375,0.140625,0.21875,0.9428267478942871,False,ok,0.1322543999995105
D2_111_nadir,disk-lightglue-r2048-k8192,disk,lightglue,2048,8192,1050,100_0010_0086.JPG,100_0010_0093.JPG,8192,8192,55,10,0.18181818181818182,1.220703125,0.15625,0.109375,0.17787067592144012,True,ok,0.13345149999076966
D2_111_nadir,disk-lightglue-r2048-k8192,disk,lightglue,2048,8192,1051,100_0010_0086.JPG,100_0010_0094.JPG,8192,8192,28,9,0.32142857142857145,1.0986328125,0.125,0.125,0.21299953758716583,True,ok,0.11274989999947138
D2_111_nadir,disk-lightglue-r2048-k8192,disk,lightglue,2048,8192,1052,100_0010_0087.JPG,100_0010_0088.JPG,8192,8192,6673,6582,0.9863629551925671,803.466796875,0.984375,0.984375,0.9790638089179993,False,ok,0.12927859999763314
D2_111_nadir,disk-lightglue-r2048-k8192,disk,lightglue,2048,8192,1053,100_0010_0087.JPG,100_0010_0089.JPG,8192,8192,4530,4317,0.9529801324503311,526.9775390625,0.859375,0.796875,0.9793626070022583,False,ok,0.11631939999642782
D2_111_nadir,disk-lightglue-r2048-k8192,disk,lightglue,2048,8192,1054,100_0010_0087.JPG,100_0010_0090.JPG,8192,8192,2542,2326,0.9150275373721479,283.935546875,0.609375,0.625,0.9769994020462036,False,ok,0.12881960000959225
D2_111_nadir,disk-lightglue-r2048-k8192,disk,lightglue,2048,8192,1055,100_0010_0087.JPG,100_0010_0091.JPG,8192,8192,827,747,0.9032648125755743,91.1865234375,0.453125,0.390625,0.9660083055496216,False,ok,0.13656189999892376
D2_111_nadir,disk-lightglue-r2048-k8192,disk,lightglue,2048,8192,1056,100_0010_0087.JPG,100_0010_0092.JPG,8192,8192,514,469,0.9124513618677043,57.2509765625,0.171875,0.25,0.9549407362937927,False,ok,0.1351783999998588
D2_111_nadir,disk-lightglue-r2048-k8192,disk,lightglue,2048,8192,1057,100_0010_0087.JPG,100_0010_0093.JPG,8192,8192,94,39,0.4148936170212766,4.7607421875,0.0625,0.078125,0.47631412744522095,False,ok,0.1867296999989776
D2_111_nadir,disk-lightglue-r2048-k8192,disk,lightglue,2048,8192,1058,100_0010_0087.JPG,100_0010_0094.JPG,8192,8192,35,9,0.2571428571428571,1.0986328125,0.125,0.140625,0.19577090442180634,True,ok,0.12851659998705145
D2_111_nadir,disk-lightglue-r2048-k8192,disk,lightglue,2048,8192,1059,100_0010_0087.JPG,100_0010_0095.JPG,8192,8192,25,9,0.36,1.0986328125,0.125,0.125,0.2039305716753006,True,ok,0.11175510000612121
D2_111_nadir,disk-lightglue-r2048-k8192,disk,lightglue,2048,8192,1060,100_0010_0088.JPG,100_0010_0089.JPG,8192,8192,4708,4483,0.9522090059473237,547.2412109375,0.859375,0.796875,0.9771722555160522,False,ok,0.1183965999953216
D2_111_nadir,disk-lightglue-r2048-k8192,disk,lightglue,2048,8192,1061,100_0010_0088.JPG,100_0010_0090.JPG,8192,8192,2657,2438,0.9175762137749341,297.607421875,0.625,0.625,0.9751986265182495,False,ok,0.13639339999645017
D2_111_nadir,disk-lightglue-r2048-k8192,disk,lightglue,2048,8192,1062,100_0010_0088.JPG,100_0010_0091.JPG,8192,8192,886,809,0.9130925507900677,98.7548828125,0.46875,0.390625,0.9557617902755737,False,ok,0.14001730000018142
D2_111_nadir,disk-lightglue-r2048-k8192,disk,lightglue,2048,8192,1063,100_0010_0088.JPG,100_0010_0092.JPG,8192,8192,546,485,0.8882783882783882,59.2041015625,0.203125,0.25,0.9565796256065369,False,ok,0.14535789999354165
D2_111_nadir,disk-lightglue-r2048-k8192,disk,lightglue,2048,8192,1064,100_0010_0088.JPG,100_0010_0093.JPG,8192,8192,114,44,0.38596491228070173,5.37109375,0.0625,0.0625,0.4871571958065033,False,ok,0.1878428000054555
D2_111_nadir,disk-lightglue-r2048-k8192,disk,lightglue,2048,8192,1065,100_0010_0088.JPG,100_0010_0094.JPG,8192,8192,28,9,0.32142857142857145,1.0986328125,0.125,0.125,0.21281741559505463,True,ok,0.12069480000354815
D2_111_nadir,disk-lightglue-r2048-k8192,disk,lightglue,2048,8192,1066,100_0010_0088.JPG,100_0010_0095.JPG,8192,8192,27,8,0.2962962962962963,0.9765625,0.125,0.078125,0.21062041819095612,True,ok,0.10952450000331737
D2_111_nadir,disk-lightglue-r2048-k8192,disk,lightglue,2048,8192,1067,100_0010_0088.JPG,100_0010_0096.JPG,8192,8192,20,8,0.4,0.9765625,0.078125,0.125,0.2275330126285553,True,ok,0.14602039998862892
D2_111_nadir,disk-lightglue-r2048-k8192,disk,lightglue,2048,8192,1068,100_0010_0089.JPG,100_0010_0090.JPG,8192,8192,4733,4513,0.9535178533699556,550.9033203125,0.875,0.875,0.980658769607544,False,ok,0.1245379000029061
D2_111_nadir,disk-lightglue-r2048-k8192,disk,lightglue,2048,8192,1069,100_0010_0089.JPG,100_0010_0091.JPG,8192,8192,2675,2508,0.937570093457944,306.15234375,0.640625,0.59375,0.9776206612586975,False,ok,0.1217523999948753
D2_111_nadir,disk-lightglue-r2048-k8192,disk,lightglue,2048,8192,1070,100_0010_0089.JPG,100_0010_0092.JPG,8192,8192,2052,1883,0.9176413255360624,229.8583984375,0.390625,0.46875,0.9784143567085266,False,ok,0.13137650000862777
D2_111_nadir,disk-lightglue-r2048-k8192,disk,lightglue,2048,8192,1071,100_0010_0089.JPG,100_0010_0093.JPG,8192,8192,1188,1086,0.9141414141414141,132.568359375,0.25,0.25,0.9655504822731018,False,ok,0.14259239999228157
D2_111_nadir,disk-lightglue-r2048-k8192,disk,lightglue,2048,8192,1072,100_0010_0089.JPG,100_0010_0094.JPG,8192,8192,169,88,0.5207100591715976,10.7421875,0.0625,0.078125,0.6613182425498962,False,ok,0.17413980000128504
D2_111_nadir,disk-lightglue-r2048-k8192,disk,lightglue,2048,8192,1073,100_0010_0089.JPG,100_0010_0095.JPG,8192,8192,15,8,0.5333333333333333,0.9765625,0.078125,0.078125,0.25947466492652893,True,ok,0.17738720000488684
D2_111_nadir,disk-lightglue-r2048-k8192,disk,lightglue,2048,8192,1074,100_0010_0089.JPG,100_0010_0096.JPG,8192,8192,52,11,0.21153846153846154,1.3427734375,0.125,0.15625,0.2055063396692276,True,ok,0.13446110000950284
D2_111_nadir,disk-lightglue-r2048-k8192,disk,lightglue,2048,8192,1075,100_0010_0089.JPG,100_0010_0097.JPG,8192,8192,41,10,0.24390243902439024,1.220703125,0.125,0.109375,0.21056805551052094,True,ok,0.11756559999776073
D2_111_nadir,disk-lightglue-r2048-k8192,disk,lightglue,2048,8192,1076,100_0010_0090.JPG,100_0010_0091.JPG,8192,8192,4745,4509,0.950263435194942,550.4150390625,0.8125,0.8125,0.9751695990562439,False,ok,0.10932400000456255
D2_111_nadir,disk-lightglue-r2048-k8192,disk,lightglue,2048,8192,1077,100_0010_0090.JPG,100_0010_0092.JPG,8192,8192,3709,3482,0.9387975195470477,425.048828125,0.578125,0.578125,0.9773737788200378,False,ok,0.15082920000713784
D2_111_nadir,disk-lightglue-r2048-k8192,disk,lightglue,2048,8192,1078,100_0010_0090.JPG,100_0010_0093.JPG,8192,8192,2363,2177,0.9212865002115954,265.7470703125,0.390625,0.453125,0.9771033525466919,False,ok,0.12604749998718034
D2_111_nadir,disk-lightglue-r2048-k8192,disk,lightglue,2048,8192,1079,100_0010_0090.JPG,100_0010_0094.JPG,8192,8192,777,702,0.9034749034749034,85.693359375,0.203125,0.21875,0.9490823745727539,False,ok,0.13330370000039693
D2_111_nadir,disk-lightglue-r2048-k8192,disk,lightglue,2048,8192,1080,100_0010_0090.JPG,100_0010_0095.JPG,8192,8192,147,65,0.4421768707482993,7.9345703125,0.03125,0.078125,0.5751849412918091,False,ok,0.16990330000407994
D2_111_nadir,disk-lightglue-r2048-k8192,disk,lightglue,2048,8192,1081,100_0010_0090.JPG,100_0010_0096.JPG,8192,8192,46,11,0.2391304347826087,1.3427734375,0.078125,0.109375,0.18670465052127838,True,ok,0.12349689999246038
D2_111_nadir,disk-lightglue-r2048-k8192,disk,lightglue,2048,8192,1082,100_0010_0090.JPG,100_0010_0097.JPG,8192,8192,2,0,0.0,0.0,0.0,0.0,0.14146479964256287,True,too_few_matches,0.17893380000896286
D2_111_nadir,disk-lightglue-r2048-k8192,disk,lightglue,2048,8192,1083,100_0010_0090.JPG,100_0010_0098.JPG,8192,8192,45,10,0.2222222222222222,1.220703125,0.109375,0.125,0.20117223262786865,True,ok,0.14377219999732915
D2_111_nadir,disk-lightglue-r2048-k8192,disk,lightglue,2048,8192,1084,100_0010_0091.JPG,100_0010_0092.JPG,8192,8192,5404,5157,0.9542931162102146,629.5166015625,0.703125,0.828125,0.9742060303688049,False,ok,0.1180101000063587
D2_111_nadir,disk-lightglue-r2048-k8192,disk,lightglue,2048,8192,1085,100_0010_0091.JPG,100_0010_0093.JPG,8192,8192,3507,3258,0.9289991445680068,397.705078125,0.5625,0.578125,0.9764365553855896,False,ok,0.11498119999305345
D2_111_nadir,disk-lightglue-r2048-k8192,disk,lightglue,2048,8192,1086,100_0010_0091.JPG,100_0010_0094.JPG,8192,8192,1505,1363,0.9056478405315614,166.3818359375,0.40625,0.40625,0.9777348637580872,False,ok,0.13018219999503344
D2_111_nadir,disk-lightglue-r2048-k8192,disk,lightglue,2048,8192,1087,100_0010_0091.JPG,100_0010_0095.JPG,8192,8192,552,498,0.9021739130434783,60.791015625,0.15625,0.1875,0.9625586867332458,False,ok,0.13534519998938777
D2_111_nadir,disk-lightglue-r2048-k8192,disk,lightglue,2048,8192,1088,100_0010_0091.JPG,100_0010_0096.JPG,8192,8192,65,28,0.4307692307692308,3.41796875,0.0625,0.0625,0.5195391774177551,False,ok,0.19052049999299925
D2_111_nadir,disk-lightglue-r2048-k8192,disk,lightglue,2048,8192,1089,100_0010_0091.JPG,100_0010_0097.JPG,8192,8192,2,0,0.0,0.0,0.0,0.0,0.14620648324489594,True,too_few_matches,0.1693747999961488
D2_111_nadir,disk-lightglue-r2048-k8192,disk,lightglue,2048,8192,1090,100_0010_0091.JPG,100_0010_0098.JPG,8192,8192,5,0,0.0,0.0,0.0,0.0,0.16939912736415863,True,too_few_matches,0.18932229999336414
D2_111_nadir,disk-lightglue-r2048-k8192,disk,lightglue,2048,8192,1091,100_0010_0091.JPG,100_0010_0099.JPG,8192,8192,4,0,0.0,0.0,0.0,0.0,0.1862196922302246,True,too_few_matches,0.18430130000342615
D2_111_nadir,disk-lightglue-r2048-k8192,disk,lightglue,2048,8192,1092,100_0010_0092.JPG,100_0010_0093.JPG,8192,8192,4759,4545,0.9550325698676192,554.8095703125,0.71875,0.8125,0.9712541103363037,False,ok,0.13632809999398887
D2_111_nadir,disk-lightglue-r2048-k8192,disk,lightglue,2048,8192,1093,100_0010_0092.JPG,100_0010_0094.JPG,8192,8192,2471,2279,0.9222986645082962,278.1982421875,0.515625,0.546875,0.9792822599411011,False,ok,0.12274800000886898
D2_111_nadir,disk-lightglue-r2048-k8192,disk,lightglue,2048,8192,1094,100_0010_0092.JPG,100_0010_0095.JPG,8192,8192,1272,1172,0.9213836477987422,143.06640625,0.3125,0.390625,0.9809411764144897,False,ok,0.13844789999711793
D2_111_nadir,disk-lightglue-r2048-k8192,disk,lightglue,2048,8192,1095,100_0010_0092.JPG,100_0010_0096.JPG,8192,8192,432,407,0.9421296296296297,49.6826171875,0.15625,0.15625,0.9674380421638489,False,ok,0.1316819000057876
D2_111_nadir,disk-lightglue-r2048-k8192,disk,lightglue,2048,8192,1096,100_0010_0092.JPG,100_0010_0097.JPG,8192,8192,153,82,0.5359477124183006,10.009765625,0.09375,0.078125,0.6575565934181213,False,ok,0.17070220000459813
D2_111_nadir,disk-lightglue-r2048-k8192,disk,lightglue,2048,8192,1097,100_0010_0092.JPG,100_0010_0098.JPG,8192,8192,10,8,0.8,0.9765625,0.0625,0.09375,0.2147666960954666,True,ok,0.17202160001033917
D2_111_nadir,disk-lightglue-r2048-k8192,disk,lightglue,2048,8192,1098,100_0010_0092.JPG,100_0010_0099.JPG,8192,8192,4,0,0.0,0.0,0.0,0.0,0.21213027834892273,True,too_few_matches,0.1860263999988092
D2_111_nadir,disk-lightglue-r2048-k8192,disk,lightglue,2048,8192,1099,100_0010_0092.JPG,100_0010_0100.JPG,8192,8192,4,0,0.0,0.0,0.0,0.0,0.12692196667194366,True,too_few_matches,0.18384779999905732
D2_111_nadir,disk-lightglue-r2048-k8192,disk,lightglue,2048,8192,1100,100_0010_0093.JPG,100_0010_0094.JPG,8192,8192,4545,4362,0.9597359735973597,532.470703125,0.8125,0.8125,0.9776796698570251,False,ok,0.1387410000024829
D2_111_nadir,disk-lightglue-r2048-k8192,disk,lightglue,2048,8192,1101,100_0010_0093.JPG,100_0010_0095.JPG,8192,8192,2895,2729,0.9426597582037997,333.1298828125,0.546875,0.546875,0.983258843421936,False,ok,0.14041659999929834
D2_111_nadir,disk-lightglue-r2048-k8192,disk,lightglue,2048,8192,1102,100_0010_0093.JPG,100_0010_0096.JPG,8192,8192,1695,1573,0.928023598820059,192.0166015625,0.40625,0.421875,0.9813812375068665,False,ok,0.11699550000776071
D2_111_nadir,disk-lightglue-r2048-k8192,disk,lightglue,2048,8192,1103,100_0010_0093.JPG,100_0010_0097.JPG,8192,8192,1209,1129,0.9338296112489661,137.8173828125,0.234375,0.25,0.9811543226242065,False,ok,0.14027709999936633
D2_111_nadir,disk-lightglue-r2048-k8192,disk,lightglue,2048,8192,1104,100_0010_0093.JPG,100_0010_0098.JPG,8192,8192,194,96,0.4948453608247423,11.71875,0.125,0.109375,0.6480377912521362,False,ok,0.16368739999597892
D2_111_nadir,disk-lightglue-r2048-k8192,disk,lightglue,2048,8192,1105,100_0010_0093.JPG,100_0010_0099.JPG,8192,8192,9,7,0.7777777777777778,0.8544921875,0.09375,0.078125,0.180766761302948,True,ok,0.18131989998801146
D2_111_nadir,disk-lightglue-r2048-k8192,disk,lightglue,2048,8192,1106,100_0010_0093.JPG,100_0010_0100.JPG,8192,8192,46,9,0.1956521739130435,1.0986328125,0.125,0.09375,0.18811897933483124,True,ok,0.14604449999751523
D2_111_nadir,disk-lightglue-r2048-k8192,disk,lightglue,2048,8192,1107,100_0010_0093.JPG,100_0010_0101.JPG,8192,8192,36,9,0.25,1.0986328125,0.078125,0.125,0.16359968483448029,True,ok,0.12717710000288207
D2_111_nadir,disk-lightglue-r2048-k8192,disk,lightglue,2048,8192,1108,100_0010_0094.JPG,100_0010_0095.JPG,8192,8192,5193,5009,0.9645676872713268,611.4501953125,0.75,0.8125,0.9836413860321045,False,ok,0.1129718000011053
D2_111_nadir,disk-lightglue-r2048-k8192,disk,lightglue,2048,8192,1109,100_0010_0094.JPG,100_0010_0096.JPG,8192,8192,3592,3442,0.9582405345211581,420.166015625,0.53125,0.515625,0.9896183013916016,False,ok,0.12901079999573994
D2_111_nadir,disk-lightglue-r2048-k8192,disk,lightglue,2048,8192,1110,100_0010_0094.JPG,100_0010_0097.JPG,8192,8192,3016,2862,0.9489389920424404,349.365234375,0.4375,0.484375,0.9868028163909912,False,ok,0.130865699989954
D2_111_nadir,disk-lightglue-r2048-k8192,disk,lightglue,2048,8192,1111,100_0010_0094.JPG,100_0010_0098.JPG,8192,8192,1901,1786,0.9395055234087323,218.017578125,0.25,0.234375,0.9865549206733704,False,ok,0.1408075000072131
D2_111_nadir,disk-lightglue-r2048-k8192,disk,lightglue,2048,8192,1112,100_0010_0094.JPG,100_0010_0099.JPG,8192,8192,252,152,0.6031746031746031,18.5546875,0.109375,0.09375,0.7301692366600037,False,ok,0.16051680000964552
D2_111_nadir,disk-lightglue-r2048-k8192,disk,lightglue,2048,8192,1113,100_0010_0094.JPG,100_0010_0100.JPG,8192,8192,55,10,0.18181818181818182,1.220703125,0.125,0.0625,0.20331358909606934,True,ok,0.12466309999581426
D2_111_nadir,disk-lightglue-r2048-k8192,disk,lightglue,2048,8192,1114,100_0010_0094.JPG,100_0010_0101.JPG,8192,8192,19,8,0.42105263157894735,0.9765625,0.109375,0.109375,0.19160032272338867,True,ok,0.11675159999867901
D2_111_nadir,disk-lightglue-r2048-k8192,disk,lightglue,2048,8192,1115,100_0010_0094.JPG,100_0010_0102.JPG,8192,8192,23,8,0.34782608695652173,0.9765625,0.109375,0.125,0.1996401846408844,True,ok,0.14200279999931809
D2_111_nadir,disk-lightglue-r2048-k8192,disk,lightglue,2048,8192,1116,100_0010_0095.JPG,100_0010_0096.JPG,8192,8192,5540,5387,0.9723826714801445,657.5927734375,0.734375,0.765625,0.9876688122749329,False,ok,0.13217310000618454
D2_111_nadir,disk-lightglue-r2048-k8192,disk,lightglue,2048,8192,1117,100_0010_0095.JPG,100_0010_0097.JPG,8192,8192,4859,4642,0.9553406050627701,566.650390625,0.59375,0.59375,0.9872519373893738,False,ok,0.11709030000201892
D2_111_nadir,disk-lightglue-r2048-k8192,disk,lightglue,2048,8192,1118,100_0010_0095.JPG,100_0010_0098.JPG,8192,8192,3864,3686,0.9539337474120083,449.951171875,0.46875,0.4375,0.9895105361938477,False,ok,0.11974549999285955
D2_111_nadir,disk-lightglue-r2048-k8192,disk,lightglue,2048,8192,1119,100_0010_0095.JPG,100_0010_0099.JPG,8192,8192,2292,2156,0.9406631762652705,263.18359375,0.21875,0.21875,0.9878715872764587,False,ok,0.11671689999639057
D2_111_nadir,disk-lightglue-r2048-k8192,disk,lightglue,2048,8192,1120,100_0010_0095.JPG,100_0010_0100.JPG,8192,8192,59,21,0.3559322033898305,2.5634765625,0.109375,0.109375,0.2189178466796875,False,ok,0.1490028000116581
D2_111_nadir,disk-lightglue-r2048-k8192,disk,lightglue,2048,8192,1121,100_0010_0095.JPG,100_0010_0101.JPG,8192,8192,20,9,0.45,1.0986328125,0.125,0.09375,0.2337646782398224,True,ok,0.10181110000121407
D2_111_nadir,disk-lightglue-r2048-k8192,disk,lightglue,2048,8192,1122,100_0010_0095.JPG,100_0010_0102.JPG,8192,8192,15,8,0.5333333333333333,0.9765625,0.125,0.109375,0.18384669721126556,True,ok,0.1380658999987645
D2_111_nadir,disk-lightglue-r2048-k8192,disk,lightglue,2048,8192,1123,100_0010_0095.JPG,100_0010_0103.JPG,8192,8192,3020,2622,0.8682119205298013,320.068359375,0.734375,0.421875,0.9317224621772766,False,ok,0.1511467999953311
D2_111_nadir,disk-lightglue-r2048-k8192,disk,lightglue,2048,8192,1124,100_0010_0096.JPG,100_0010_0097.JPG,8192,8192,6486,6324,0.9750231267345051,771.97265625,0.78125,0.796875,0.9844508767127991,False,ok,0.13579570000001695
D2_111_nadir,disk-lightglue-r2048-k8192,disk,lightglue,2048,8192,1125,100_0010_0096.JPG,100_0010_0098.JPG,8192,8192,5529,5278,0.954603002351239,644.287109375,0.578125,0.578125,0.9881712198257446,False,ok,0.12274679999973159
D2_111_nadir,disk-lightglue-r2048-k8192,disk,lightglue,2048,8192,1126,100_0010_0096.JPG,100_0010_0099.JPG,8192,8192,4088,3838,0.9388454011741683,468.505859375,0.453125,0.4375,0.9875701665878296,False,ok,0.14631620000000112
D2_111_nadir,disk-lightglue-r2048-k8192,disk,lightglue,2048,8192,1127,100_0010_0096.JPG,100_0010_0100.JPG,8192,8192,1988,1882,0.9466800804828974,229.736328125,0.234375,0.21875,0.9833657145500183,False,ok,0.11404929999844171
D2_111_nadir,disk-lightglue-r2048-k8192,disk,lightglue,2048,8192,1128,100_0010_0096.JPG,100_0010_0101.JPG,8192,8192,6,0,0.0,0.0,0.0,0.0,0.1292010396718979,True,too_few_matches,0.175710399998934
D2_111_nadir,disk-lightglue-r2048-k8192,disk,lightglue,2048,8192,1129,100_0010_0096.JPG,100_0010_0102.JPG,8192,8192,8,7,0.875,0.8544921875,0.109375,0.109375,0.15229961276054382,True,ok,0.1358365999913076
D2_111_nadir,disk-lightglue-r2048-k8192,disk,lightglue,2048,8192,1130,100_0010_0096.JPG,100_0010_0103.JPG,8192,8192,4012,3628,0.9042871385842473,442.87109375,0.765625,0.53125,0.931401252746582,False,ok,0.14207879999594297
D2_111_nadir,disk-lightglue-r2048-k8192,disk,lightglue,2048,8192,1131,100_0010_0096.JPG,100_0010_0104.JPG,8192,8192,3909,3607,0.922742389357892,440.3076171875,0.6875,0.5,0.9636629819869995,False,ok,0.13224279999849387
D2_111_nadir,disk-lightglue-r2048-k8192,disk,lightglue,2048,8192,1132,100_0010_0096.JPG,100_0010_0106.JPG,8192,8192,2099,2007,0.9561696045736064,244.9951171875,0.359375,0.296875,0.977806806564331,False,ok,0.13051529999938793
D2_111_nadir,disk-lightglue-r2048-k8192,disk,lightglue,2048,8192,1133,100_0010_0097.JPG,100_0010_0098.JPG,8192,8192,6146,6006,0.9772209567198178,733.154296875,0.765625,0.75,0.9867739677429199,False,ok,0.13707519999297801
D2_111_nadir,disk-lightglue-r2048-k8192,disk,lightglue,2048,8192,1134,100_0010_0097.JPG,100_0010_0099.JPG,8192,8192,4706,4509,0.9581385465363366,550.4150390625,0.515625,0.515625,0.9896986484527588,False,ok,0.10623610000766348
D2_111_nadir,disk-lightglue-r2048-k8192,disk,lightglue,2048,8192,1135,100_0010_0097.JPG,100_0010_0100.JPG,8192,8192,2521,2387,0.9468464894882983,291.3818359375,0.421875,0.375,0.9894062876701355,False,ok,0.13681589999760035
D2_111_nadir,disk-lightglue-r2048-k8192,disk,lightglue,2048,8192,1136,100_0010_0097.JPG,100_0010_0101.JPG,8192,8192,369,343,0.9295392953929539,41.8701171875,0.1875,0.15625,0.9693931937217712,False,ok,0.12726789999578614
D2_111_nadir,disk-lightglue-r2048-k8192,disk,lightglue,2048,8192,1137,100_0010_0097.JPG,100_0010_0102.JPG,8192,8192,114,82,0.7192982456140351,10.009765625,0.140625,0.109375,0.8812206983566284,False,ok,0.15136200000415556
D2_111_nadir,disk-lightglue-r2048-k8192,disk,lightglue,2048,8192,1138,100_0010_0097.JPG,100_0010_0103.JPG,8192,8192,4106,3767,0.9174378957622991,459.8388671875,0.703125,0.5,0.9484360814094543,False,ok,0.13776420000067446
D2_111_nadir,disk-lightglue-r2048-k8192,disk,lightglue,2048,8192,1139,100_0010_0097.JPG,100_0010_0104.JPG,8192,8192,3733,3434,0.9199035628181088,419.189453125,0.546875,0.4375,0.9722609519958496,False,ok,0.13566630000423174
D2_111_nadir,disk-lightglue-r2048-k8192,disk,lightglue,2048,8192,1140,100_0010_0097.JPG,100_0010_0105.JPG,8192,8192,2886,2752,0.9535689535689535,335.9375,0.5,0.34375,0.9781827330589294,False,ok,0.13712579999992158
D2_111_nadir,disk-lightglue-r2048-k8192,disk,lightglue,2048,8192,1141,100_0010_0097.JPG,100_0010_0106.JPG,8192,8192,1817,1710,0.9411117226197028,208.740234375,0.296875,0.265625,0.9800816178321838,False,ok,0.12782639999932144
D2_111_nadir,disk-lightglue-r2048-k8192,disk,lightglue,2048,8192,1142,100_0010_0098.JPG,100_0010_0099.JPG,8192,8192,5728,5580,0.9741620111731844,681.15234375,0.734375,0.71875,0.9851838946342468,False,ok,0.1339494999992894
D2_111_nadir,disk-lightglue-r2048-k8192,disk,lightglue,2048,8192,1143,100_0010_0098.JPG,100_0010_0100.JPG,8192,8192,3293,3147,0.9556635286972366,384.1552734375,0.515625,0.515625,0.9881954193115234,False,ok,0.12275799999770243
D2_111_nadir,disk-lightglue-r2048-k8192,disk,lightglue,2048,8192,1144,100_0010_0098.JPG,100_0010_0101.JPG,8192,8192,698,631,0.9040114613180515,77.0263671875,0.3125,0.25,0.9617603421211243,False,ok,0.12277809999068268
D2_111_nadir,disk-lightglue-r2048-k8192,disk,lightglue,2048,8192,1145,100_0010_0098.JPG,100_0010_0102.JPG,8192,8192,376,335,0.8909574468085106,40.8935546875,0.234375,0.234375,0.9336713552474976,False,ok,0.13127450000320096
D2_111_nadir,disk-lightglue-r2048-k8192,disk,lightglue,2048,8192,1146,100_0010_0098.JPG,100_0010_0103.JPG,8192,8192,3932,3649,0.9280264496439471,445.4345703125,0.53125,0.390625,0.9606544971466064,False,ok,0.14397839999583084
D2_111_nadir,disk-lightglue-r2048-k8192,disk,lightglue,2048,8192,1147,100_0010_0098.JPG,100_0010_0104.JPG,8192,8192,3406,3226,0.9471520845566647,393.798828125,0.40625,0.390625,0.9815671443939209,False,ok,0.14549410001200158
D2_111_nadir,disk-lightglue-r2048-k8192,disk,lightglue,2048,8192,1148,100_0010_0098.JPG,100_0010_0105.JPG,8192,8192,2408,2143,0.8899501661129569,261.5966796875,0.265625,0.265625,0.9849584102630615,False,ok,0.14139029999205377
D2_111_nadir,disk-lightglue-r2048-k8192,disk,lightglue,2048,8192,1149,100_0010_0098.JPG,100_0010_0106.JPG,8192,8192,1186,1117,0.9418212478920742,136.3525390625,0.15625,0.1875,0.9796926975250244,False,ok,0.12229549999756273
D2_111_nadir,disk-lightglue-r2048-k8192,disk,lightglue,2048,8192,1150,100_0010_0099.JPG,100_0010_0100.JPG,8192,8192,4613,4356,0.9442878820724041,531.73828125,0.6875,0.609375,0.9850358963012695,False,ok,0.1331754999991972
D2_111_nadir,disk-lightglue-r2048-k8192,disk,lightglue,2048,8192,1151,100_0010_0099.JPG,100_0010_0101.JPG,8192,8192,1283,1186,0.9243959469992206,144.775390625,0.546875,0.484375,0.9594444036483765,False,ok,0.11878580000484362
D2_111_nadir,disk-lightglue-r2048-k8192,disk,lightglue,2048,8192,1152,100_0010_0099.JPG,100_0010_0102.JPG,8192,8192,812,757,0.9322660098522167,92.4072265625,0.515625,0.484375,0.9297482371330261,False,ok,0.13042299999506213
D2_111_nadir,disk-lightglue-r2048-k8192,disk,lightglue,2048,8192,1153,100_0010_0099.JPG,100_0010_0103.JPG,8192,8192,3290,3122,0.948936170212766,381.103515625,0.375,0.34375,0.9748900532722473,False,ok,0.13932190000195988
D2_111_nadir,disk-lightglue-r2048-k8192,disk,lightglue,2048,8192,1154,100_0010_0099.JPG,100_0010_0104.JPG,8192,8192,2530,2317,0.9158102766798419,282.8369140625,0.265625,0.296875,0.9859273433685303,False,ok,0.1275922999921022
D2_111_nadir,disk-lightglue-r2048-k8192,disk,lightglue,2048,8192,1155,100_0010_0099.JPG,100_0010_0105.JPG,8192,8192,1238,1109,0.8957996768982229,135.3759765625,0.171875,0.171875,0.9799287915229797,False,ok,0.14580209999985527
D2_111_nadir,disk-lightglue-r2048-k8192,disk,lightglue,2048,8192,1156,100_0010_0099.JPG,100_0010_0106.JPG,8192,8192,2,0,0.0,0.0,0.0,0.0,0.2168939709663391,True,too_few_matches,0.22831189999124035
D2_111_nadir,disk-lightglue-r2048-k8192,disk,lightglue,2048,8192,1157,100_0010_0099.JPG,100_0010_0107.JPG,8192,8192,4,0,0.0,0.0,0.0,0.0,0.13872313499450684,True,too_few_matches,0.23104050000256393
D2_111_nadir,disk-lightglue-r2048-k8192,disk,lightglue,2048,8192,1158,100_0010_0100.JPG,100_0010_0101.JPG,8192,8192,2696,2530,0.9384272997032641,308.837890625,0.765625,0.703125,0.9453582167625427,False,ok,0.13826609999523498
D2_111_nadir,disk-lightglue-r2048-k8192,disk,lightglue,2048,8192,1159,100_0010_0100.JPG,100_0010_0102.JPG,8192,8192,1944,1792,0.9218106995884774,218.75,0.65625,0.65625,0.9310105443000793,False,ok,0.13200359999609645
D2_111_nadir,disk-lightglue-r2048-k8192,disk,lightglue,2048,8192,1160,100_0010_0100.JPG,100_0010_0103.JPG,8192,8192,1857,1737,0.9353796445880452,212.0361328125,0.234375,0.21875,0.9739684462547302,False,ok,0.12856769999780226
D2_111_nadir,disk-lightglue-r2048-k8192,disk,lightglue,2048,8192,1161,100_0010_0100.JPG,100_0010_0104.JPG,8192,8192,760,684,0.9,83.49609375,0.09375,0.09375,0.9819478988647461,False,ok,0.13254430000961293
D2_111_nadir,disk-lightglue-r2048-k8192,disk,lightglue,2048,8192,1162,100_0010_0100.JPG,100_0010_0105.JPG,8192,8192,33,10,0.30303030303030304,1.220703125,0.078125,0.109375,0.19652722775936127,True,ok,0.13537329999962822
D2_111_nadir,disk-lightglue-r2048-k8192,disk,lightglue,2048,8192,1163,100_0010_0100.JPG,100_0010_0106.JPG,8192,8192,41,10,0.24390243902439024,1.220703125,0.09375,0.125,0.19711793959140778,True,ok,0.12552299999515526
D2_111_nadir,disk-lightglue-r2048-k8192,disk,lightglue,2048,8192,1164,100_0010_0100.JPG,100_0010_0107.JPG,8192,8192,36,9,0.25,1.0986328125,0.109375,0.109375,0.18692860007286072,True,ok,0.10969890000706073
D2_111_nadir,disk-lightglue-r2048-k8192,disk,lightglue,2048,8192,1165,100_0010_0100.JPG,100_0010_0108.JPG,8192,8192,30,10,0.3333333333333333,1.220703125,0.125,0.109375,0.19956310093402863,True,ok,0.12277330001234077
D2_111_nadir,disk-lightglue-r2048-k8192,disk,lightglue,2048,8192,1166,100_0010_0101.JPG,100_0010_0102.JPG,8192,8192,5748,5437,0.9458942240779401,663.6962890625,0.96875,0.984375,0.9362649321556091,False,ok,0.11112909999792464
D2_111_nadir,disk-lightglue-r2048-k8192,disk,lightglue,2048,8192,1167,100_0010_0101.JPG,100_0010_0103.JPG,8192,8192,182,151,0.8296703296703297,18.4326171875,0.0625,0.0625,0.887601912021637,False,ok,0.16538690000015777
D2_111_nadir,disk-lightglue-r2048-k8192,disk,lightglue,2048,8192,1168,100_0010_0101.JPG,100_0010_0104.JPG,8192,8192,13,8,0.6153846153846154,0.9765625,0.109375,0.109375,0.21722637116909027,True,ok,0.1431220999947982
D2_111_nadir,disk-lightglue-r2048-k8192,disk,lightglue,2048,8192,1169,100_0010_0101.JPG,100_0010_0105.JPG,8192,8192,19,8,0.42105263157894735,0.9765625,0.09375,0.09375,0.2410815954208374,True,ok,0.13512360000459012
D2_111_nadir,disk-lightglue-r2048-k8192,disk,lightglue,2048,8192,1170,100_0010_0101.JPG,100_0010_0106.JPG,8192,8192,10,7,0.7,0.8544921875,0.09375,0.109375,0.2013828307390213,True,ok,0.12835899999481626
D2_111_nadir,disk-lightglue-r2048-k8192,disk,lightglue,2048,8192,1171,100_0010_0101.JPG,100_0010_0107.JPG,8192,8192,11,8,0.7272727272727273,0.9765625,0.09375,0.125,0.2226739376783371,True,ok,0.13839390000794083
D2_111_nadir,disk-lightglue-r2048-k8192,disk,lightglue,2048,8192,1172,100_0010_0101.JPG,100_0010_0108.JPG,8192,8192,18,8,0.4444444444444444,0.9765625,0.078125,0.125,0.2181047648191452,True,ok,0.14409929999965243
D2_111_nadir,disk-lightglue-r2048-k8192,disk,lightglue,2048,8192,1173,100_0010_0101.JPG,100_0010_0109.JPG,8192,8192,15,8,0.5333333333333333,0.9765625,0.125,0.125,0.16124390065670013,True,ok,0.13182840000081342
D2_111_nadir,disk-lightglue-r2048-k8192,disk,lightglue,2048,8192,1174,100_0010_0102.JPG,100_0010_0103.JPG,8192,8192,21,9,0.42857142857142855,1.0986328125,0.125,0.125,0.20997017621994019,True,ok,0.13334260000556242
D2_111_nadir,disk-lightglue-r2048-k8192,disk,lightglue,2048,8192,1175,100_0010_0102.JPG,100_0010_0104.JPG,8192,8192,15,8,0.5333333333333333,0.9765625,0.09375,0.109375,0.2133287936449051,True,ok,0.1323428000032436
D2_111_nadir,disk-lightglue-r2048-k8192,disk,lightglue,2048,8192,1176,100_0010_0102.JPG,100_0010_0105.JPG,8192,8192,13,8,0.6153846153846154,0.9765625,0.09375,0.125,0.2557636499404907,True,ok,0.13779749999230262
D2_111_nadir,disk-lightglue-r2048-k8192,disk,lightglue,2048,8192,1177,100_0010_0102.JPG,100_0010_0106.JPG,8192,8192,13,8,0.6153846153846154,0.9765625,0.109375,0.109375,0.1696651130914688,True,ok,0.13476010000158567
D2_111_nadir,disk-lightglue-r2048-k8192,disk,lightglue,2048,8192,1178,100_0010_0102.JPG,100_0010_0107.JPG,8192,8192,13,8,0.6153846153846154,0.9765625,0.125,0.078125,0.22096014022827148,True,ok,0.13438469999528024
D2_111_nadir,disk-lightglue-r2048-k8192,disk,lightglue,2048,8192,1179,100_0010_0102.JPG,100_0010_0108.JPG,8192,8192,12,7,0.5833333333333334,0.8544921875,0.109375,0.09375,0.26013892889022827,True,ok,0.14085539999359753
D2_111_nadir,disk-lightglue-r2048-k8192,disk,lightglue,2048,8192,1180,100_0010_0102.JPG,100_0010_0109.JPG,8192,8192,19,8,0.42105263157894735,0.9765625,0.125,0.109375,0.16013215482234955,True,ok,0.13264310000522528
D2_111_nadir,disk-lightglue-r2048-k8192,disk,lightglue,2048,8192,1181,100_0010_0102.JPG,100_0010_0110.JPG,8192,8192,17,8,0.47058823529411764,0.9765625,0.109375,0.125,0.16706621646881104,True,ok,0.12595499999588355
D2_111_nadir,disk-lightglue-r2048-k8192,disk,lightglue,2048,8192,1182,100_0010_0103.JPG,100_0010_0104.JPG,8192,8192,5786,5508,0.9519529899758037,672.36328125,0.71875,0.90625,0.9863919019699097,False,ok,0.13328710000496358
D2_111_nadir,disk-lightglue-r2048-k8192,disk,lightglue,2048,8192,1183,100_0010_0103.JPG,100_0010_0105.JPG,8192,8192,4348,3940,0.906163753449862,480.95703125,0.625,0.890625,0.9790670275688171,False,ok,0.13985560000583064
D2_111_nadir,disk-lightglue-r2048-k8192,disk,lightglue,2048,8192,1184,100_0010_0103.JPG,100_0010_0106.JPG,8192,8192,3034,2590,0.8536585365853658,316.162109375,0.4375,0.8125,0.9470787644386292,False,ok,0.10887889999139588
D2_111_nadir,disk-lightglue-r2048-k8192,disk,lightglue,2048,8192,1185,100_0010_0103.JPG,100_0010_0107.JPG,8192,8192,2180,1725,0.7912844036697247,210.5712890625,0.421875,0.8125,0.9409818053245544,False,ok,0.1239116000069771
D2_111_nadir,disk-lightglue-r2048-k8192,disk,lightglue,2048,8192,1186,100_0010_0103.JPG,100_0010_0108.JPG,8192,8192,1640,1210,0.7378048780487805,147.705078125,0.296875,0.703125,0.9230690598487854,False,ok,0.1498319999955129
D2_111_nadir,disk-lightglue-r2048-k8192,disk,lightglue,2048,8192,1187,100_0010_0103.JPG,100_0010_0109.JPG,8192,8192,1159,805,0.6945642795513374,98.2666015625,0.265625,0.671875,0.8617159724235535,False,ok,0.15939960000105202
D2_111_nadir,disk-lightglue-r2048-k8192,disk,lightglue,2048,8192,1188,100_0010_0103.JPG,100_0010_0110.JPG,8192,8192,806,496,0.6153846153846154,60.546875,0.21875,0.59375,0.795063316822052,False,ok,0.17250860000785906
D2_111_nadir,disk-lightglue-r2048-k8192,disk,lightglue,2048,8192,1189,100_0010_0103.JPG,100_0010_0111.JPG,8192,8192,121,61,0.5041322314049587,7.4462890625,0.15625,0.25,0.32970792055130005,False,ok,0.12274340000294615
D2_111_nadir,disk-lightglue-r2048-k8192,disk,lightglue,2048,8192,1190,100_0010_0104.JPG,100_0010_0105.JPG,8192,8192,5628,5365,0.9532693674484719,654.9072265625,0.765625,0.875,0.9886512160301208,False,ok,0.13795839999511372
D2_111_nadir,disk-lightglue-r2048-k8192,disk,lightglue,2048,8192,1191,100_0010_0104.JPG,100_0010_0106.JPG,8192,8192,4002,3611,0.9022988505747126,440.7958984375,0.59375,0.875,0.9826043248176575,False,ok,0.13922050000110175
D2_111_nadir,disk-lightglue-r2048-k8192,disk,lightglue,2048,8192,1192,100_0010_0104.JPG,100_0010_0107.JPG,8192,8192,2882,2492,0.864677307425399,304.19921875,0.46875,0.8125,0.9576999545097351,False,ok,0.14674539999396075
D2_111_nadir,disk-lightglue-r2048-k8192,disk,lightglue,2048,8192,1193,100_0010_0104.JPG,100_0010_0108.JPG,8192,8192,2063,1714,0.8308288899660689,209.228515625,0.375,0.6875,0.9495267868041992,False,ok,0.1113181000109762
D2_111_nadir,disk-lightglue-r2048-k8192,disk,lightglue,2048,8192,1194,100_0010_0104.JPG,100_0010_0109.JPG,8192,8192,1497,1164,0.7775551102204409,142.08984375,0.3125,0.65625,0.9180101752281189,False,ok,0.12365610001143068
D2_111_nadir,disk-lightglue-r2048-k8192,disk,lightglue,2048,8192,1195,100_0010_0104.JPG,100_0010_0110.JPG,8192,8192,1072,738,0.6884328358208955,90.087890625,0.28125,0.578125,0.8530678749084473,False,ok,0.16193699999712408
D2_111_nadir,disk-lightglue-r2048-k8192,disk,lightglue,2048,8192,1196,100_0010_0104.JPG,100_0010_0111.JPG,8192,8192,816,518,0.6348039215686274,63.232421875,0.203125,0.609375,0.833387017250061,False,ok,0.17682400000921916
D2_111_nadir,disk-lightglue-r2048-k8192,disk,lightglue,2048,8192,1197,100_0010_0105.JPG,100_0010_0106.JPG,8192,8192,5383,5155,0.9576444361879992,629.2724609375,0.71875,0.890625,0.9863699674606323,False,ok,0.13098030000401195
D2_111_nadir,disk-lightglue-r2048-k8192,disk,lightglue,2048,8192,1198,100_0010_0105.JPG,100_0010_0107.JPG,8192,8192,3896,3571,0.9165811088295688,435.9130859375,0.578125,0.859375,0.9798992276191711,False,ok,0.11439679999602959
D2_111_nadir,disk-lightglue-r2048-k8192,disk,lightglue,2048,8192,1199,100_0010_0105.JPG,100_0010_0108.JPG,8192,8192,2798,2445,0.8738384560400286,298.4619140625,0.46875,0.796875,0.9580848813056946,False,ok,0.1262325999996392
D2_111_nadir,disk-lightglue-r2048-k8192,disk,lightglue,2048,8192,1200,100_0010_0105.JPG,100_0010_0109.JPG,8192,8192,2016,1644,0.8154761904761905,200.68359375,0.421875,0.734375,0.9330970048904419,False,ok,0.11812949999875855
D2_111_nadir,disk-lightglue-r2048-k8192,disk,lightglue,2048,8192,1201,100_0010_0105.JPG,100_0010_0110.JPG,8192,8192,1473,1081,0.7338764426340801,131.9580078125,0.34375,0.640625,0.9195323586463928,False,ok,0.15074470000399742
D2_111_nadir,disk-lightglue-r2048-k8192,disk,lightglue,2048,8192,1202,100_0010_0105.JPG,100_0010_0111.JPG,8192,8192,1130,765,0.6769911504424779,93.3837890625,0.3125,0.6875,0.8572733402252197,False,ok,0.1490551000024425
D2_111_nadir,disk-lightglue-r2048-k8192,disk,lightglue,2048,8192,1203,100_0010_0106.JPG,100_0010_0107.JPG,8192,8192,5478,5260,0.9602044541803578,642.08984375,0.75,0.890625,0.9856309294700623,False,ok,0.12691020000784192
D2_111_nadir,disk-lightglue-r2048-k8192,disk,lightglue,2048,8192,1204,100_0010_0106.JPG,100_0010_0108.JPG,8192,8192,3997,3709,0.9279459594696022,452.7587890625,0.578125,0.90625,0.9814750552177429,False,ok,0.13556539999262895
D2_111_nadir,disk-lightglue-r2048-k8192,disk,lightglue,2048,8192,1205,100_0010_0106.JPG,100_0010_0109.JPG,8192,8192,2870,2497,0.8700348432055749,304.8095703125,0.515625,0.859375,0.955997109413147,False,ok,0.13571419999061618
D2_111_nadir,disk-lightglue-r2048-k8192,disk,lightglue,2048,8192,1206,100_0010_0106.JPG,100_0010_0110.JPG,8192,8192,2067,1674,0.8098693759071117,204.345703125,0.421875,0.75,0.936975359916687,False,ok,0.10492290000547655
D2_111_nadir,disk-lightglue-r2048-k8192,disk,lightglue,2048,8192,1207,100_0010_0106.JPG,100_0010_0111.JPG,8192,8192,1604,1152,0.7182044887780549,140.625,0.34375,0.71875,0.9261727929115295,False,ok,0.1460466999997152
D2_111_nadir,disk-lightglue-r2048-k8192,disk,lightglue,2048,8192,1208,100_0010_0107.JPG,100_0010_0108.JPG,8192,8192,5569,5369,0.9640869096785778,655.3955078125,0.6875,0.90625,0.9857240319252014,False,ok,0.12078189999738242
D2_111_nadir,disk-lightglue-r2048-k8192,disk,lightglue,2048,8192,1209,100_0010_0107.JPG,100_0010_0109.JPG,8192,8192,4058,3786,0.932971907343519,462.158203125,0.5625,0.890625,0.9792262315750122,False,ok,0.10903849999886006
D2_111_nadir,disk-lightglue-r2048-k8192,disk,lightglue,2048,8192,1210,100_0010_0107.JPG,100_0010_0110.JPG,8192,8192,2909,2530,0.8697146785837058,308.837890625,0.5,0.765625,0.949116051197052,False,ok,0.1357451000076253
D2_111_nadir,disk-lightglue-r2048-k8192,disk,lightglue,2048,8192,1211,100_0010_0107.JPG,100_0010_0111.JPG,8192,8192,2137,1782,0.8338792700046794,217.529296875,0.421875,0.828125,0.9354102611541748,False,ok,0.10598369999206625
D2_111_nadir,disk-lightglue-r2048-k8192,disk,lightglue,2048,8192,1212,100_0010_0108.JPG,100_0010_0109.JPG,8192,8192,5518,5314,0.9630300833635375,648.681640625,0.78125,0.90625,0.983940064907074,False,ok,0.13752770000428427
D2_111_nadir,disk-lightglue-r2048-k8192,disk,lightglue,2048,8192,1213,100_0010_0108.JPG,100_0010_0110.JPG,8192,8192,3963,3634,0.9169820842795862,443.603515625,0.5625,0.859375,0.975199818611145,False,ok,0.11153350000677165
D2_111_nadir,disk-lightglue-r2048-k8192,disk,lightglue,2048,8192,1214,100_0010_0108.JPG,100_0010_0111.JPG,8192,8192,2865,2489,0.868760907504363,303.8330078125,0.5625,0.890625,0.9434953927993774,False,ok,0.14773039998544846
D2_111_nadir,disk-lightglue-r2048-k8192,disk,lightglue,2048,8192,1215,100_0010_0109.JPG,100_0010_0110.JPG,8192,8192,5477,5224,0.9538068285557787,637.6953125,0.75,0.890625,0.9832679033279419,False,ok,0.12195919999794569
D2_111_nadir,disk-lightglue-r2048-k8192,disk,lightglue,2048,8192,1216,100_0010_0109.JPG,100_0010_0111.JPG,8192,8192,4061,3741,0.9212016744644176,456.6650390625,0.609375,0.9375,0.9726009368896484,False,ok,0.1339404000027571
D2_111_nadir,disk-lightglue-r2048-k8192,disk,lightglue,2048,8192,1217,100_0010_0110.JPG,100_0010_0111.JPG,8192,8192,5558,5328,0.9586182079884851,650.390625,0.75,0.953125,0.9834808707237244,False,ok,0.1339626999979373
