dataset,config,front_end,matcher,working_resolution,keypoint_budget,pair_index,image1,image2,keypoints_image1,keypoints_image2,raw_matches,verified_inliers,inlier_ratio,inliers_per_1000_keypoints,coverage_image1,coverage_image2,mean_match_score,failed_pair,verification_status,seconds
D2_111_nadir,rootsift-lightglue-r2048-k8192,rootsift,lightglue,2048,8192,1,100_0010_0001.JPG,100_0010_0002.JPG,6405,6273,2720,2542,0.9345588235294118,405.2287581699346,0.6875,0.734375,0.8960810303688049,False,ok,0.6683129999728408
D2_111_nadir,rootsift-lightglue-r2048-k8192,rootsift,lightglue,2048,8192,2,100_0010_0001.JPG,100_0010_0003.JPG,6405,6068,1835,1606,0.8752043596730246,264.6671061305208,0.53125,0.515625,0.8715866804122925,False,ok,0.3441377999843098
D2_111_nadir,rootsift-lightglue-r2048-k8192,rootsift,lightglue,2048,8192,3,100_0010_0001.JPG,100_0010_0004.JPG,6405,6015,1409,1177,0.8353442157558553,195.67747298420616,0.375,0.40625,0.8723127245903015,False,ok,0.3444575000030454
D2_111_nadir,rootsift-lightglue-r2048-k8192,rootsift,lightglue,2048,8192,4,100_0010_0001.JPG,100_0010_0005.JPG,6405,5985,490,312,0.636734693877551,52.13032581453634,0.234375,0.203125,0.7211381196975708,False,ok,0.3441776999970898
D2_111_nadir,rootsift-lightglue-r2048-k8192,rootsift,lightglue,2048,8192,5,100_0010_0001.JPG,100_0010_0006.JPG,6405,5973,9,7,0.7777777777777778,1.1719403984597354,0.0625,0.078125,0.22740298509597778,True,ok,0.3140739999944344
D2_111_nadir,rootsift-lightglue-r2048-k8192,rootsift,lightglue,2048,8192,6,100_0010_0001.JPG,100_0010_0007.JPG,6405,6021,5,0,0.0,0.0,0.0,0.0,0.1463676542043686,True,too_few_matches,0.36698349998914637
D2_111_nadir,rootsift-lightglue-r2048-k8192,rootsift,lightglue,2048,8192,7,100_0010_0001.JPG,100_0010_0008.JPG,6405,6053,1,0,0.0,0.0,0.0,0.0,0.16722437739372253,True,too_few_matches,0.23162879998562858
D2_111_nadir,rootsift-lightglue-r2048-k8192,rootsift,lightglue,2048,8192,8,100_0010_0001.JPG,100_0010_0009.JPG,6405,6053,8,8,1.0,1.321658681645465,0.078125,0.0625,0.33036959171295166,True,ok,0.5799971999949776
D2_111_nadir,rootsift-lightglue-r2048-k8192,rootsift,lightglue,2048,8192,9,100_0010_0001.JPG,100_0010_0029.JPG,6405,6005,620,477,0.7693548387096775,79.43380516236469,0.203125,0.21875,0.839558482170105,False,ok,0.3701139999902807
D2_111_nadir,rootsift-lightglue-r2048-k8192,rootsift,lightglue,2048,8192,10,100_0010_0001.JPG,100_0010_0030.JPG,6405,6024,1265,1087,0.8592885375494071,180.4448871181939,0.328125,0.375,0.86876380443573,False,ok,0.23933849998866208
D2_111_nadir,rootsift-lightglue-r2048-k8192,rootsift,lightglue,2048,8192,11,100_0010_0001.JPG,100_0010_0031.JPG,6405,6119,1730,1553,0.8976878612716763,253.79964046412812,0.5,0.515625,0.882975697517395,False,ok,0.36673439998412505
D2_111_nadir,rootsift-lightglue-r2048-k8192,rootsift,lightglue,2048,8192,12,100_0010_0001.JPG,100_0010_0032.JPG,6405,6248,2286,2087,0.9129483814523185,334.0268886043534,0.609375,0.625,0.8861174583435059,False,ok,0.44403280000551604
D2_111_nadir,rootsift-lightglue-r2048-k8192,rootsift,lightglue,2048,8192,13,100_0010_0001.JPG,100_0010_0033.JPG,6405,6384,2920,2644,0.9054794520547945,414.16040100250626,0.671875,0.65625,0.889462411403656,False,ok,0.5074240999820177
D2_111_nadir,rootsift-lightglue-r2048-k8192,rootsift,lightglue,2048,8192,14,100_0010_0001.JPG,100_0010_0034.JPG,6405,6328,2920,2610,0.8938356164383562,412.45259165613146,0.640625,0.671875,0.8805013298988342,False,ok,0.4700578000047244
D2_111_nadir,rootsift-lightglue-r2048-k8192,rootsift,lightglue,2048,8192,15,100_0010_0001.JPG,100_0010_0035.JPG,6405,6394,2538,2221,0.8750985027580772,347.35689709102286,0.484375,0.53125,0.8869546055793762,False,ok,0.47754819999681786
D2_111_nadir,rootsift-lightglue-r2048-k8192,rootsift,lightglue,2048,8192,16,100_0010_0001.JPG,100_0010_0036.JPG,6405,6441,1950,1670,0.8564102564102564,260.73380171740826,0.40625,0.421875,0.8929393291473389,False,ok,0.3930753000022378
D2_111_nadir,rootsift-lightglue-r2048-k8192,rootsift,lightglue,2048,8192,17,100_0010_0002.JPG,100_0010_0003.JPG,6273,6068,3261,3124,0.9579883471327814,514.8319050758075,0.796875,0.859375,0.9191797971725464,False,ok,0.37764570000581443
D2_111_nadir,rootsift-lightglue-r2048-k8192,rootsift,lightglue,2048,8192,18,100_0010_0002.JPG,100_0010_0004.JPG,6273,6015,2465,2349,0.9529411764705882,390.52369077306736,0.625,0.625,0.9212656617164612,False,ok,0.3853557999827899
D2_111_nadir,rootsift-lightglue-r2048-k8192,rootsift,lightglue,2048,8192,19,100_0010_0002.JPG,100_0010_0005.JPG,6273,5985,1564,1412,0.9028132992327366,235.9231411862991,0.46875,0.484375,0.8921074867248535,False,ok,0.339361899998039
D2_111_nadir,rootsift-lightglue-r2048-k8192,rootsift,lightglue,2048,8192,20,100_0010_0002.JPG,100_0010_0006.JPG,6273,5973,948,870,0.9177215189873418,145.65544952285285,0.25,0.25,0.900375485420227,False,ok,0.44129320001229644
D2_111_nadir,rootsift-lightglue-r2048-k8192,rootsift,lightglue,2048,8192,21,100_0010_0002.JPG,100_0010_0007.JPG,6273,6021,30,16,0.5333333333333333,2.6573658860654374,0.09375,0.09375,0.2093917578458786,False,ok,0.5352073000103701
D2_111_nadir,rootsift-lightglue-r2048-k8192,rootsift,lightglue,2048,8192,22,100_0010_0002.JPG,100_0010_0008.JPG,6273,6053,9,8,0.8888888888888888,1.321658681645465,0.0625,0.09375,0.14970289170742035,True,ok,0.444167000008747
D2_111_nadir,rootsift-lightglue-r2048-k8192,rootsift,lightglue,2048,8192,23,100_0010_0002.JPG,100_0010_0009.JPG,6273,6053,24,13,0.5416666666666666,2.147695357673881,0.078125,0.125,0.24080900847911835,True,ok,0.3007147000171244
D2_111_nadir,rootsift-lightglue-r2048-k8192,rootsift,lightglue,2048,8192,24,100_0010_0002.JPG,100_0010_0010.JPG,6273,6012,17,9,0.5294117647058824,1.4970059880239521,0.109375,0.09375,0.20997202396392822,True,ok,0.38485299999592826
D2_111_nadir,rootsift-lightglue-r2048-k8192,rootsift,lightglue,2048,8192,25,100_0010_0002.JPG,100_0010_0029.JPG,6273,6005,1444,1297,0.8981994459833795,215.98667776852622,0.375,0.375,0.8993672132492065,False,ok,0.2750410999869928
D2_111_nadir,rootsift-lightglue-r2048-k8192,rootsift,lightglue,2048,8192,26,100_0010_0002.JPG,100_0010_0030.JPG,6273,6024,2156,2007,0.9308905380333952,333.16733067729086,0.515625,0.5625,0.9150111079216003,False,ok,0.4483679000113625
D2_111_nadir,rootsift-lightglue-r2048-k8192,rootsift,lightglue,2048,8192,27,100_0010_0002.JPG,100_0010_0031.JPG,6273,6119,2742,2607,0.9507658643326039,426.05000817126984,0.625,0.640625,0.9203625321388245,False,ok,0.3948159999854397
D2_111_nadir,rootsift-lightglue-r2048-k8192,rootsift,lightglue,2048,8192,28,100_0010_0002.JPG,100_0010_0032.JPG,6273,6248,2967,2791,0.9406808223795079,446.7029449423816,0.71875,0.6875,0.9042909741401672,False,ok,0.3863247999979649
D2_111_nadir,rootsift-lightglue-r2048-k8192,rootsift,lightglue,2048,8192,29,100_0010_0002.JPG,100_0010_0033.JPG,6273,6384,2141,1907,0.8907052779075199,304.0012753068707,0.5625,0.5625,0.8763983845710754,False,ok,0.3249008000129834
D2_111_nadir,rootsift-lightglue-r2048-k8192,rootsift,lightglue,2048,8192,30,100_0010_0002.JPG,100_0010_0034.JPG,6273,6328,2145,1924,0.896969696969697,306.7113024071417,0.5625,0.5625,0.880864679813385,False,ok,0.26356800002395175
D2_111_nadir,rootsift-lightglue-r2048-k8192,rootsift,lightglue,2048,8192,31,100_0010_0002.JPG,100_0010_0035.JPG,6273,6394,1891,1675,0.8857747223691169,267.0173760561135,0.421875,0.4375,0.878940224647522,False,ok,0.46516219998011366
D2_111_nadir,rootsift-lightglue-r2048-k8192,rootsift,lightglue,2048,8192,32,100_0010_0003.JPG,100_0010_0004.JPG,6068,6015,3609,3554,0.9847603214186755,590.8561928512053,0.84375,0.875,0.9063007235527039,False,ok,0.07993909998913296
D2_111_nadir,rootsift-lightglue-r2048-k8192,rootsift,lightglue,2048,8192,33,100_0010_0003.JPG,100_0010_0005.JPG,6068,5985,2567,2473,0.9633813790416829,413.1996658312448,0.625,0.625,0.8975198864936829,False,ok,0.13883229999919422
D2_111_nadir,rootsift-lightglue-r2048-k8192,rootsift,lightglue,2048,8192,34,100_0010_0003.JPG,100_0010_0006.JPG,6068,5973,1859,1757,0.9451317912856374,294.1570400133936,0.5,0.5,0.9372503161430359,False,ok,0.48746490001212806
D2_111_nadir,rootsift-lightglue-r2048-k8192,rootsift,lightglue,2048,8192,35,100_0010_0003.JPG,100_0010_0007.JPG,6068,6021,962,881,0.9158004158004158,146.32120910147816,0.25,0.25,0.9177663326263428,False,ok,0.41238910000538453
D2_111_nadir,rootsift-lightglue-r2048-k8192,rootsift,lightglue,2048,8192,36,100_0010_0003.JPG,100_0010_0008.JPG,6068,6053,49,19,0.3877551020408163,3.1389393689079794,0.125,0.125,0.2663027048110962,False,ok,0.49641730001894757
D2_111_nadir,rootsift-lightglue-r2048-k8192,rootsift,lightglue,2048,8192,37,100_0010_0003.JPG,100_0010_0009.JPG,6068,6053,46,23,0.5,3.7997687097307122,0.109375,0.140625,0.30413368344306946,False,ok,0.5804459000064526
D2_111_nadir,rootsift-lightglue-r2048-k8192,rootsift,lightglue,2048,8192,38,100_0010_0003.JPG,100_0010_0010.JPG,6068,6012,9,7,0.7777777777777778,1.164337990685296,0.09375,0.078125,0.16762703657150269,True,ok,0.28392170000006445
D2_111_nadir,rootsift-lightglue-r2048-k8192,rootsift,lightglue,2048,8192,39,100_0010_0003.JPG,100_0010_0011.JPG,6068,6112,21,10,0.47619047619047616,1.6479894528675016,0.078125,0.078125,0.2683384418487549,True,ok,0.3038539999979548
D2_111_nadir,rootsift-lightglue-r2048-k8192,rootsift,lightglue,2048,8192,40,100_0010_0003.JPG,100_0010_0028.JPG,6068,5903,1457,1368,0.9389155799588195,231.7465695409114,0.375,0.375,0.904850423336029,False,ok,0.3747453000105452
D2_111_nadir,rootsift-lightglue-r2048-k8192,rootsift,lightglue,2048,8192,41,100_0010_0003.JPG,100_0010_0029.JPG,6068,6005,2135,2027,0.9494145199063232,337.5520399666944,0.5625,0.5625,0.930326521396637,False,ok,0.341628900001524
D2_111_nadir,rootsift-lightglue-r2048-k8192,rootsift,lightglue,2048,8192,42,100_0010_0003.JPG,100_0010_0030.JPG,6068,6024,2811,2732,0.9718961223763786,453.5192563081009,0.640625,0.65625,0.9071659445762634,False,ok,0.23297230000025593
D2_111_nadir,rootsift-lightglue-r2048-k8192,rootsift,lightglue,2048,8192,43,100_0010_0003.JPG,100_0010_0031.JPG,6068,6119,2939,2845,0.9680163320857434,468.8529993408042,0.734375,0.703125,0.9033101797103882,False,ok,0.34443409999948926
D2_111_nadir,rootsift-lightglue-r2048-k8192,rootsift,lightglue,2048,8192,44,100_0010_0003.JPG,100_0010_0032.JPG,6068,6248,2242,2075,0.9255129348795718,341.9578114700066,0.546875,0.546875,0.9168292880058289,False,ok,0.4821663999755401
D2_111_nadir,rootsift-lightglue-r2048-k8192,rootsift,lightglue,2048,8192,45,100_0010_0003.JPG,100_0010_0033.JPG,6068,6384,1508,1302,0.863395225464191,214.56822676334872,0.390625,0.421875,0.8739820718765259,False,ok,0.32994589998270385
D2_111_nadir,rootsift-lightglue-r2048-k8192,rootsift,lightglue,2048,8192,46,100_0010_0003.JPG,100_0010_0034.JPG,6068,6328,1475,1273,0.8630508474576272,209.78905735003295,0.40625,0.40625,0.8704729080200195,False,ok,0.2035115000035148
D2_111_nadir,rootsift-lightglue-r2048-k8192,rootsift,lightglue,2048,8192,47,100_0010_0004.JPG,100_0010_0005.JPG,6015,5985,3633,3580,0.9854115056427195,598.1620718462824,0.875,0.859375,0.9130052328109741,False,ok,0.38094239999190904
D2_111_nadir,rootsift-lightglue-r2048-k8192,rootsift,lightglue,2048,8192,48,100_0010_0004.JPG,100_0010_0006.JPG,6015,5973,2787,2727,0.9784714747039828,456.55449522852837,0.609375,0.609375,0.9179083108901978,False,ok,0.3945566000184044
D2_111_nadir,rootsift-lightglue-r2048-k8192,rootsift,lightglue,2048,8192,49,100_0010_0004.JPG,100_0010_0007.JPG,6015,6021,1826,1752,0.9594742606790799,291.2718204488778,0.484375,0.484375,0.9323623776435852,False,ok,0.28353500002413057
D2_111_nadir,rootsift-lightglue-r2048-k8192,rootsift,lightglue,2048,8192,50,100_0010_0004.JPG,100_0010_0008.JPG,6015,6053,914,833,0.9113785557986871,138.48711554447215,0.234375,0.234375,0.8976516723632812,False,ok,0.20275860000401735
D2_111_nadir,rootsift-lightglue-r2048-k8192,rootsift,lightglue,2048,8192,51,100_0010_0004.JPG,100_0010_0009.JPG,6015,6053,29,14,0.4827586206896552,2.3275145469659186,0.140625,0.140625,0.21935410797595978,True,ok,0.518555299990112
D2_111_nadir,rootsift-lightglue-r2048-k8192,rootsift,lightglue,2048,8192,52,100_0010_0004.JPG,100_0010_0010.JPG,6015,6012,40,18,0.45,2.9940119760479043,0.140625,0.15625,0.21914422512054443,False,ok,0.4124314999789931
D2_111_nadir,rootsift-lightglue-r2048-k8192,rootsift,lightglue,2048,8192,53,100_0010_0004.JPG,100_0010_0011.JPG,6015,6112,11,7,0.6363636363636364,1.1637572734829593,0.09375,0.078125,0.2138512134552002,True,ok,0.3485146999883
D2_111_nadir,rootsift-lightglue-r2048-k8192,rootsift,lightglue,2048,8192,54,100_0010_0004.JPG,100_0010_0012.JPG,6015,6020,9,7,0.7777777777777778,1.1637572734829593,0.09375,0.09375,0.16410133242607117,True,ok,0.26346610000473447
D2_111_nadir,rootsift-lightglue-r2048-k8192,rootsift,lightglue,2048,8192,55,100_0010_0004.JPG,100_0010_0027.JPG,6015,5834,1523,1454,0.9546946815495733,249.2286595817621,0.375,0.375,0.9003710746765137,False,ok,0.3406732000003103
D2_111_nadir,rootsift-lightglue-r2048-k8192,rootsift,lightglue,2048,8192,56,100_0010_0004.JPG,100_0010_0028.JPG,6015,5903,2166,2105,0.9718374884579871,356.59833982720653,0.5625,0.5625,0.9195257425308228,False,ok,0.29149239999242127
D2_111_nadir,rootsift-lightglue-r2048-k8192,rootsift,lightglue,2048,8192,57,100_0010_0004.JPG,100_0010_0029.JPG,6015,6005,2827,2759,0.9759462327555712,459.45045795170694,0.65625,0.65625,0.9091439247131348,False,ok,0.26365269999951124
D2_111_nadir,rootsift-lightglue-r2048-k8192,rootsift,lightglue,2048,8192,58,100_0010_0004.JPG,100_0010_0030.JPG,6015,6024,3169,3105,0.9798043546860208,516.209476309227,0.75,0.75,0.909558892250061,False,ok,0.33623249997617677
D2_111_nadir,rootsift-lightglue-r2048-k8192,rootsift,lightglue,2048,8192,59,100_0010_0004.JPG,100_0010_0031.JPG,6015,6119,2446,2367,0.9677023712183156,393.5162094763092,0.5625,0.5625,0.9121135473251343,False,ok,0.3748849999974482
D2_111_nadir,rootsift-lightglue-r2048-k8192,rootsift,lightglue,2048,8192,60,100_0010_0004.JPG,100_0010_0032.JPG,6015,6248,1755,1609,0.9168091168091168,267.49792186201165,0.46875,0.453125,0.9086118340492249,False,ok,0.16539400001056492
D2_111_nadir,rootsift-lightglue-r2048-k8192,rootsift,lightglue,2048,8192,61,100_0010_0005.JPG,100_0010_0006.JPG,5985,5973,3780,3750,0.9920634920634921,627.8252134605726,0.859375,0.828125,0.9111064672470093,False,ok,0.11950719999731518
D2_111_nadir,rootsift-lightglue-r2048-k8192,rootsift,lightglue,2048,8192,62,100_0010_0005.JPG,100_0010_0007.JPG,5985,6021,2675,2625,0.9813084112149533,438.5964912280702,0.59375,0.609375,0.9147184491157532,False,ok,0.28260299999965355
D2_111_nadir,rootsift-lightglue-r2048-k8192,rootsift,lightglue,2048,8192,63,100_0010_0005.JPG,100_0010_0008.JPG,5985,6053,1644,1585,0.9641119221411192,264.82873851294903,0.46875,0.4375,0.9057084321975708,False,ok,0.4052750999981072
D2_111_nadir,rootsift-lightglue-r2048-k8192,rootsift,lightglue,2048,8192,64,100_0010_0005.JPG,100_0010_0009.JPG,5985,6053,824,755,0.9162621359223301,126.14870509607351,0.234375,0.21875,0.9116495251655579,False,ok,0.33816420001676306
D2_111_nadir,rootsift-lightglue-r2048-k8192,rootsift,lightglue,2048,8192,65,100_0010_0005.JPG,100_0010_0010.JPG,5985,6012,10,8,0.8,1.3366750208855471,0.078125,0.0625,0.22699768841266632,True,ok,0.3848258999933023
D2_111_nadir,rootsift-lightglue-r2048-k8192,rootsift,lightglue,2048,8192,66,100_0010_0005.JPG,100_0010_0011.JPG,5985,6112,8,7,0.875,1.1695906432748537,0.09375,0.109375,0.2436310350894928,True,ok,0.33452470001066104
D2_111_nadir,rootsift-lightglue-r2048-k8192,rootsift,lightglue,2048,8192,67,100_0010_0005.JPG,100_0010_0012.JPG,5985,6020,17,8,0.47058823529411764,1.3366750208855471,0.09375,0.109375,0.17858953773975372,True,ok,0.35295810000388883
D2_111_nadir,rootsift-lightglue-r2048-k8192,rootsift,lightglue,2048,8192,68,100_0010_0005.JPG,100_0010_0013.JPG,5985,5855,7,0,0.0,0.0,0.0,0.0,0.18037143349647522,True,too_few_matches,0.4828253999876324
D2_111_nadir,rootsift-lightglue-r2048-k8192,rootsift,lightglue,2048,8192,69,100_0010_0005.JPG,100_0010_0026.JPG,5985,5878,1568,1494,0.9528061224489796,254.168084382443,0.375,0.375,0.916471004486084,False,ok,0.28466890001436695
D2_111_nadir,rootsift-lightglue-r2048-k8192,rootsift,lightglue,2048,8192,70,100_0010_0005.JPG,100_0010_0027.JPG,5985,5834,2193,2139,0.9753761969904241,366.6438121357559,0.5625,0.5625,0.9204055666923523,False,ok,0.23732809998909943
D2_111_nadir,rootsift-lightglue-r2048-k8192,rootsift,lightglue,2048,8192,71,100_0010_0005.JPG,100_0010_0028.JPG,5985,5903,2832,2784,0.9830508474576272,471.62459766220564,0.65625,0.65625,0.9231882095336914,False,ok,0.41537840000819415
D2_111_nadir,rootsift-lightglue-r2048-k8192,rootsift,lightglue,2048,8192,72,100_0010_0005.JPG,100_0010_0029.JPG,5985,6005,3077,3009,0.9779005524861878,502.75689223057645,0.75,0.75,0.9126737713813782,False,ok,0.29944410000462085
D2_111_nadir,rootsift-lightglue-r2048-k8192,rootsift,lightglue,2048,8192,73,100_0010_0005.JPG,100_0010_0030.JPG,5985,6024,2460,2379,0.9670731707317073,397.4937343358396,0.5625,0.5625,0.9068180918693542,False,ok,0.2535496999917086
D2_111_nadir,rootsift-lightglue-r2048-k8192,rootsift,lightglue,2048,8192,74,100_0010_0005.JPG,100_0010_0031.JPG,5985,6119,1699,1582,0.9311359623307828,264.32748538011697,0.46875,0.46875,0.8909075856208801,False,ok,0.365676599991275
D2_111_nadir,rootsift-lightglue-r2048-k8192,rootsift,lightglue,2048,8192,75,100_0010_0006.JPG,100_0010_0007.JPG,5973,6021,3665,3620,0.9877216916780355,606.060606060606,0.84375,0.84375,0.9032416939735413,False,ok,0.18164309998974204
D2_111_nadir,rootsift-lightglue-r2048-k8192,rootsift,lightglue,2048,8192,76,100_0010_0006.JPG,100_0010_0008.JPG,5973,6053,2554,2511,0.9831636648394675,420.3917629331994,0.59375,0.578125,0.9192781448364258,False,ok,0.3923259000002872
D2_111_nadir,rootsift-lightglue-r2048-k8192,rootsift,lightglue,2048,8192,77,100_0010_0006.JPG,100_0010_0009.JPG,5973,6053,1605,1543,0.9613707165109034,258.3291478319103,0.453125,0.421875,0.9098514318466187,False,ok,0.35874719999264926
D2_111_nadir,rootsift-lightglue-r2048-k8192,rootsift,lightglue,2048,8192,78,100_0010_0006.JPG,100_0010_0010.JPG,5973,6012,841,788,0.9369797859690844,131.92700485518165,0.203125,0.203125,0.883926272392273,False,ok,0.2781785999832209
D2_111_nadir,rootsift-lightglue-r2048-k8192,rootsift,lightglue,2048,8192,79,100_0010_0006.JPG,100_0010_0011.JPG,5973,6112,117,82,0.7008547008547008,13.728444667671187,0.0625,0.078125,0.6167659163475037,False,ok,0.41578690000460483
D2_111_nadir,rootsift-lightglue-r2048-k8192,rootsift,lightglue,2048,8192,80,100_0010_0006.JPG,100_0010_0012.JPG,5973,6020,13,8,0.6153846153846154,1.3393604553825549,0.09375,0.078125,0.15605711936950684,True,ok,0.28392870002426207
D2_111_nadir,rootsift-lightglue-r2048-k8192,rootsift,lightglue,2048,8192,81,100_0010_0006.JPG,100_0010_0013.JPG,5973,5855,14,10,0.7142857142857143,1.7079419299743808,0.109375,0.09375,0.280449241399765,True,ok,0.4254204999888316
D2_111_nadir,rootsift-lightglue-r2048-k8192,rootsift,lightglue,2048,8192,82,100_0010_0006.JPG,100_0010_0014.JPG,5973,5772,8,7,0.875,1.2127512127512128,0.09375,0.09375,0.15880320966243744,True,ok,0.3399611999921035
D2_111_nadir,rootsift-lightglue-r2048-k8192,rootsift,lightglue,2048,8192,83,100_0010_0006.JPG,100_0010_0025.JPG,5973,5832,1522,1446,0.9500657030223391,247.9423868312757,0.375,0.375,0.9113606810569763,False,ok,0.18204260000493377
D2_111_nadir,rootsift-lightglue-r2048-k8192,rootsift,lightglue,2048,8192,84,100_0010_0006.JPG,100_0010_0026.JPG,5973,5878,2319,2243,0.9672272531263476,381.5923783599864,0.5625,0.5625,0.9168460369110107,False,ok,0.3203611000208184
D2_111_nadir,rootsift-lightglue-r2048-k8192,rootsift,lightglue,2048,8192,85,100_0010_0006.JPG,100_0010_0027.JPG,5973,5834,2838,2780,0.9795630725863284,476.51696948920124,0.65625,0.65625,0.9219592809677124,False,ok,0.3218809000100009
D2_111_nadir,rootsift-lightglue-r2048-k8192,rootsift,lightglue,2048,8192,86,100_0010_0006.JPG,100_0010_0028.JPG,5973,5903,3154,3077,0.9755865567533291,521.2603760799593,0.75,0.75,0.9170982241630554,False,ok,0.27346349999425
D2_111_nadir,rootsift-lightglue-r2048-k8192,rootsift,lightglue,2048,8192,87,100_0010_0006.JPG,100_0010_0029.JPG,5973,6005,2575,2523,0.9798058252427184,422.4008036162732,0.5625,0.5625,0.9216248989105225,False,ok,0.3119904999912251
D2_111_nadir,rootsift-lightglue-r2048-k8192,rootsift,lightglue,2048,8192,88,100_0010_0006.JPG,100_0010_0030.JPG,5973,6024,1865,1799,0.9646112600536193,301.188682404152,0.46875,0.46875,0.9096323847770691,False,ok,0.34570619999431074
D2_111_nadir,rootsift-lightglue-r2048-k8192,rootsift,lightglue,2048,8192,89,100_0010_0007.JPG,100_0010_0008.JPG,6021,6053,3558,3512,0.9870713884204609,583.2918119913636,0.828125,0.8125,0.919904351234436,False,ok,0.3302416000224184
D2_111_nadir,rootsift-lightglue-r2048-k8192,rootsift,lightglue,2048,8192,90,100_0010_0007.JPG,100_0010_0009.JPG,6021,6053,2500,2428,0.9712,403.2552732104302,0.546875,0.546875,0.9208858609199524,False,ok,0.21657649998087436
D2_111_nadir,rootsift-lightglue-r2048-k8192,rootsift,lightglue,2048,8192,91,100_0010_0007.JPG,100_0010_0010.JPG,6021,6012,1636,1574,0.9621026894865525,261.8097139055223,0.40625,0.40625,0.915221631526947,False,ok,0.09073950001038611
D2_111_nadir,rootsift-lightglue-r2048-k8192,rootsift,lightglue,2048,8192,92,100_0010_0007.JPG,100_0010_0011.JPG,6021,6112,961,882,0.9177939646201873,146.48729446935724,0.21875,0.203125,0.887629508972168,False,ok,0.09931389999110252
D2_111_nadir,rootsift-lightglue-r2048-k8192,rootsift,lightglue,2048,8192,93,100_0010_0007.JPG,100_0010_0012.JPG,6021,6020,217,147,0.6774193548387096,24.41860465116279,0.09375,0.09375,0.5602096319198608,False,ok,0.732579799980158
D2_111_nadir,rootsift-lightglue-r2048-k8192,rootsift,lightglue,2048,8192,94,100_0010_0007.JPG,100_0010_0013.JPG,6021,5855,5,0,0.0,0.0,0.0,0.0,0.22878238558769226,True,too_few_matches,0.3446506999898702
D2_111_nadir,rootsift-lightglue-r2048-k8192,rootsift,lightglue,2048,8192,95,100_0010_0007.JPG,100_0010_0014.JPG,6021,5772,6,0,0.0,0.0,0.0,0.0,0.20396465063095093,True,too_few_matches,0.27181560001918115
D2_111_nadir,rootsift-lightglue-r2048-k8192,rootsift,lightglue,2048,8192,96,100_0010_0007.JPG,100_0010_0015.JPG,6021,5732,9,7,0.7777777777777778,1.2212142358688067,0.0625,0.0625,0.18615171313285828,True,ok,0.468807299999753
D2_111_nadir,rootsift-lightglue-r2048-k8192,rootsift,lightglue,2048,8192,97,100_0010_0007.JPG,100_0010_0024.JPG,6021,5814,1447,1388,0.95922598479613,238.734090127279,0.375,0.375,0.9112666249275208,False,ok,0.27967220000573434
D2_111_nadir,rootsift-lightglue-r2048-k8192,rootsift,lightglue,2048,8192,98,100_0010_0007.JPG,100_0010_0025.JPG,6021,5832,2151,2097,0.9748953974895398,359.5679012345679,0.5625,0.5625,0.9270498752593994,False,ok,0.21735950000584126
D2_111_nadir,rootsift-lightglue-r2048-k8192,rootsift,lightglue,2048,8192,99,100_0010_0007.JPG,100_0010_0026.JPG,6021,5878,2913,2848,0.9776862341228973,484.51854372235454,0.65625,0.65625,0.9205697178840637,False,ok,0.37683120000292547
D2_111_nadir,rootsift-lightglue-r2048-k8192,rootsift,lightglue,2048,8192,100,100_0010_0007.JPG,100_0010_0027.JPG,6021,5834,3058,2995,0.9793982995421844,513.3699005827906,0.75,0.75,0.9197510480880737,False,ok,0.28733560000546277
D2_111_nadir,rootsift-lightglue-r2048-k8192,rootsift,lightglue,2048,8192,101,100_0010_0007.JPG,100_0010_0028.JPG,6021,5903,2476,2408,0.9725363489499192,407.9281721158733,0.640625,0.59375,0.920512318611145,False,ok,0.2541856000025291
D2_111_nadir,rootsift-lightglue-r2048-k8192,rootsift,lightglue,2048,8192,102,100_0010_0007.JPG,100_0010_0029.JPG,6021,6005,1864,1802,0.9667381974248928,300.0832639467111,0.46875,0.46875,0.9201654195785522,False,ok,0.3857956000138074
D2_111_nadir,rootsift-lightglue-r2048-k8192,rootsift,lightglue,2048,8192,103,100_0010_0008.JPG,100_0010_0009.JPG,6053,6053,3411,3369,0.9876868953386104,556.5835123079464,0.84375,0.828125,0.9136257767677307,False,ok,0.3322131999884732
D2_111_nadir,rootsift-lightglue-r2048-k8192,rootsift,lightglue,2048,8192,104,100_0010_0008.JPG,100_0010_0010.JPG,6053,6012,2446,2381,0.973426001635323,396.04125083166997,0.546875,0.53125,0.9232673645019531,False,ok,0.21915779999108054
D2_111_nadir,rootsift-lightglue-r2048-k8192,rootsift,lightglue,2048,8192,105,100_0010_0008.JPG,100_0010_0011.JPG,6053,6112,1669,1612,0.9658478130617136,266.3142243515612,0.375,0.390625,0.9235907793045044,False,ok,0.36566439998568967
D2_111_nadir,rootsift-lightglue-r2048-k8192,rootsift,lightglue,2048,8192,106,100_0010_0008.JPG,100_0010_0012.JPG,6053,6020,823,774,0.9404617253948967,128.57142857142858,0.1875,0.171875,0.9030339121818542,False,ok,0.20899360001203604
D2_111_nadir,rootsift-lightglue-r2048-k8192,rootsift,lightglue,2048,8192,107,100_0010_0008.JPG,100_0010_0013.JPG,6053,5855,22,16,0.7272727272727273,2.7327070879590094,0.109375,0.109375,0.22661767899990082,False,ok,0.3096450999728404
D2_111_nadir,rootsift-lightglue-r2048-k8192,rootsift,lightglue,2048,8192,108,100_0010_0008.JPG,100_0010_0014.JPG,6053,5772,3,0,0.0,0.0,0.0,0.0,0.22138582170009613,True,too_few_matches,0.4872220999968704
D2_111_nadir,rootsift-lightglue-r2048-k8192,rootsift,lightglue,2048,8192,109,100_0010_0008.JPG,100_0010_0015.JPG,6053,5732,8,7,0.875,1.2212142358688067,0.109375,0.078125,0.2195391207933426,True,ok,0.3156548999832012
D2_111_nadir,rootsift-lightglue-r2048-k8192,rootsift,lightglue,2048,8192,110,100_0010_0008.JPG,100_0010_0016.JPG,6053,5729,6,0,0.0,0.0,0.0,0.0,0.16774724423885345,True,too_few_matches,0.28487670002505183
D2_111_nadir,rootsift-lightglue-r2048-k8192,rootsift,lightglue,2048,8192,111,100_0010_0008.JPG,100_0010_0023.JPG,6053,5875,1570,1514,0.9643312101910828,257.70212765957444,0.359375,0.375,0.9203590154647827,False,ok,0.4089144999743439
D2_111_nadir,rootsift-lightglue-r2048-k8192,rootsift,lightglue,2048,8192,112,100_0010_0008.JPG,100_0010_0024.JPG,6053,5814,2029,1964,0.9679645145391819,337.80529755761955,0.5625,0.5625,0.9202730059623718,False,ok,0.2781920999987051
D2_111_nadir,rootsift-lightglue-r2048-k8192,rootsift,lightglue,2048,8192,113,100_0010_0008.JPG,100_0010_0025.JPG,6053,5832,2705,2628,0.9715341959334566,450.61728395061726,0.65625,0.65625,0.9033022522926331,False,ok,0.2374853999936022
D2_111_nadir,rootsift-lightglue-r2048-k8192,rootsift,lightglue,2048,8192,114,100_0010_0008.JPG,100_0010_0026.JPG,6053,5878,3136,3044,0.9706632653061225,517.8632187818986,0.75,0.75,0.9187062978744507,False,ok,0.4434248000034131
D2_111_nadir,rootsift-lightglue-r2048-k8192,rootsift,lightglue,2048,8192,115,100_0010_0008.JPG,100_0010_0027.JPG,6053,5834,2415,2338,0.9681159420289855,400.75419952005484,0.65625,0.59375,0.914733350276947,False,ok,0.2840336999797728
D2_111_nadir,rootsift-lightglue-r2048-k8192,rootsift,lightglue,2048,8192,116,100_0010_0008.JPG,100_0010_0028.JPG,6053,5903,1816,1734,0.9548458149779736,293.7489412163307,0.46875,0.46875,0.910779595375061,False,ok,0.2363513000018429
D2_111_nadir,rootsift-lightglue-r2048-k8192,rootsift,lightglue,2048,8192,117,100_0010_0009.JPG,100_0010_0010.JPG,6053,6012,3485,3436,0.9859397417503587,571.523619427811,0.84375,0.828125,0.9138031005859375,False,ok,0.4462712000240572
D2_111_nadir,rootsift-lightglue-r2048-k8192,rootsift,lightglue,2048,8192,118,100_0010_0009.JPG,100_0010_0011.JPG,6053,6112,2627,2553,0.971830985915493,421.77432678010905,0.546875,0.53125,0.9168977737426758,False,ok,0.2919196999864653
D2_111_nadir,rootsift-lightglue-r2048-k8192,rootsift,lightglue,2048,8192,119,100_0010_0009.JPG,100_0010_0012.JPG,6053,6020,1650,1568,0.9503030303030303,260.4651162790698,0.4375,0.421875,0.9036664962768555,False,ok,0.22107820000383072
D2_111_nadir,rootsift-lightglue-r2048-k8192,rootsift,lightglue,2048,8192,120,100_0010_0009.JPG,100_0010_0013.JPG,6053,5855,743,668,0.8990578734858681,114.09052092228865,0.25,0.25,0.8858054280281067,False,ok,0.4412488999951165
D2_111_nadir,rootsift-lightglue-r2048-k8192,rootsift,lightglue,2048,8192,121,100_0010_0009.JPG,100_0010_0014.JPG,6053,5772,15,9,0.6,1.5592515592515592,0.09375,0.09375,0.28279080986976624,True,ok,0.3361116000160109
D2_111_nadir,rootsift-lightglue-r2048-k8192,rootsift,lightglue,2048,8192,122,100_0010_0009.JPG,100_0010_0015.JPG,6053,5732,2,0,0.0,0.0,0.0,0.0,0.3161676526069641,True,too_few_matches,0.25481409998610616
D2_111_nadir,rootsift-lightglue-r2048-k8192,rootsift,lightglue,2048,8192,123,100_0010_0009.JPG,100_0010_0016.JPG,6053,5729,7,0,0.0,0.0,0.0,0.0,0.23377680778503418,True,too_few_matches,0.1846209000214003
D2_111_nadir,rootsift-lightglue-r2048-k8192,rootsift,lightglue,2048,8192,124,100_0010_0009.JPG,100_0010_0017.JPG,6053,5738,4,0,0.0,0.0,0.0,0.0,0.13264454901218414,True,too_few_matches,0.4541068999969866
D2_111_nadir,rootsift-lightglue-r2048-k8192,rootsift,lightglue,2048,8192,125,100_0010_0009.JPG,100_0010_0022.JPG,6053,5939,1724,1661,0.9634570765661253,279.6767132513891,0.375,0.375,0.9141066670417786,False,ok,0.20875360001809895
D2_111_nadir,rootsift-lightglue-r2048-k8192,rootsift,lightglue,2048,8192,126,100_0010_0009.JPG,100_0010_0023.JPG,6053,5875,2288,2215,0.9680944055944056,377.02127659574467,0.546875,0.5625,0.919029712677002,False,ok,0.3847733000002336
D2_111_nadir,rootsift-lightglue-r2048-k8192,rootsift,lightglue,2048,8192,127,100_0010_0009.JPG,100_0010_0024.JPG,6053,5814,2620,2556,0.9755725190839695,439.6284829721362,0.65625,0.65625,0.917839765548706,False,ok,0.27337209999677725
D2_111_nadir,rootsift-lightglue-r2048-k8192,rootsift,lightglue,2048,8192,128,100_0010_0009.JPG,100_0010_0025.JPG,6053,5832,3064,2971,0.9696475195822454,509.4307270233196,0.75,0.75,0.913443386554718,False,ok,0.22300439997343346
D2_111_nadir,rootsift-lightglue-r2048-k8192,rootsift,lightglue,2048,8192,129,100_0010_0009.JPG,100_0010_0026.JPG,6053,5878,2475,2413,0.9749494949494949,410.513780197346,0.640625,0.65625,0.9227387309074402,False,ok,0.3847693999996409
D2_111_nadir,rootsift-lightglue-r2048-k8192,rootsift,lightglue,2048,8192,130,100_0010_0009.JPG,100_0010_0027.JPG,6053,5834,1743,1657,0.9506597819850832,284.0246828933836,0.4375,0.46875,0.9150344133377075,False,ok,0.2772543000173755
D2_111_nadir,rootsift-lightglue-r2048-k8192,rootsift,lightglue,2048,8192,131,100_0010_0010.JPG,100_0010_0011.JPG,6012,6112,3591,3543,0.9866332497911445,589.3213572854291,0.84375,0.875,0.9100887775421143,False,ok,0.32425349997356534
D2_111_nadir,rootsift-lightglue-r2048-k8192,rootsift,lightglue,2048,8192,132,100_0010_0010.JPG,100_0010_0012.JPG,6012,6020,2555,2446,0.9573385518590998,406.8529607451763,0.59375,0.59375,0.9311013221740723,False,ok,0.2831174999882933
D2_111_nadir,rootsift-lightglue-r2048-k8192,rootsift,lightglue,2048,8192,133,100_0010_0010.JPG,100_0010_0013.JPG,6012,5855,1336,1249,0.9348802395209581,213.32194705380016,0.5,0.484375,0.8635533452033997,False,ok,0.31698449997929856
D2_111_nadir,rootsift-lightglue-r2048-k8192,rootsift,lightglue,2048,8192,134,100_0010_0010.JPG,100_0010_0014.JPG,6012,5772,634,574,0.9053627760252366,99.44559944559944,0.25,0.25,0.8592402338981628,False,ok,0.4268971999990754
D2_111_nadir,rootsift-lightglue-r2048-k8192,rootsift,lightglue,2048,8192,135,100_0010_0010.JPG,100_0010_0015.JPG,6012,5732,42,32,0.7619047619047619,5.582693649685973,0.125,0.09375,0.5220995545387268,False,ok,0.32360699999844655
D2_111_nadir,rootsift-lightglue-r2048-k8192,rootsift,lightglue,2048,8192,136,100_0010_0010.JPG,100_0010_0016.JPG,6012,5729,4,0,0.0,0.0,0.0,0.0,0.18270866572856903,True,too_few_matches,0.32473059999756515
D2_111_nadir,rootsift-lightglue-r2048-k8192,rootsift,lightglue,2048,8192,137,100_0010_0010.JPG,100_0010_0017.JPG,6012,5738,8,7,0.875,1.2199372603694667,0.0625,0.09375,0.1531728208065033,True,ok,0.425646699994104
D2_111_nadir,rootsift-lightglue-r2048-k8192,rootsift,lightglue,2048,8192,138,100_0010_0010.JPG,100_0010_0018.JPG,6012,5795,14,11,0.7857142857142857,1.8981880931837791,0.0625,0.046875,0.5367537140846252,True,ok,0.327028200001223
D2_111_nadir,rootsift-lightglue-r2048-k8192,rootsift,lightglue,2048,8192,139,100_0010_0010.JPG,100_0010_0021.JPG,6012,5898,1316,1254,0.952887537993921,212.6144455747711,0.375,0.375,0.8835314512252808,False,ok,0.2226885999843944
D2_111_nadir,rootsift-lightglue-r2048-k8192,rootsift,lightglue,2048,8192,140,100_0010_0010.JPG,100_0010_0022.JPG,6012,5939,2358,2290,0.9711620016963528,385.5867991244317,0.546875,0.5625,0.9144572019577026,False,ok,0.34997899999143556
D2_111_nadir,rootsift-lightglue-r2048-k8192,rootsift,lightglue,2048,8192,141,100_0010_0010.JPG,100_0010_0023.JPG,6012,5875,2876,2806,0.9756606397774688,477.6170212765957,0.640625,0.65625,0.9144067168235779,False,ok,0.37905220000538975
D2_111_nadir,rootsift-lightglue-r2048-k8192,rootsift,lightglue,2048,8192,142,100_0010_0010.JPG,100_0010_0024.JPG,6012,5814,2988,2903,0.9715528781793842,499.31200550395596,0.75,0.75,0.9111695885658264,False,ok,0.3023788999998942
D2_111_nadir,rootsift-lightglue-r2048-k8192,rootsift,lightglue,2048,8192,143,100_0010_0010.JPG,100_0010_0025.JPG,6012,5832,2407,2329,0.9675945159950146,399.34842249657066,0.65625,0.625,0.9216596484184265,False,ok,0.22931480000261217
D2_111_nadir,rootsift-lightglue-r2048-k8192,rootsift,lightglue,2048,8192,144,100_0010_0010.JPG,100_0010_0026.JPG,6012,5878,1795,1730,0.9637883008356546,294.31779516842465,0.46875,0.46875,0.9211681485176086,False,ok,0.39551469997968525
D2_111_nadir,rootsift-lightglue-r2048-k8192,rootsift,lightglue,2048,8192,145,100_0010_0011.JPG,100_0010_0012.JPG,6112,6020,3042,2968,0.9756738987508218,493.0232558139535,0.84375,0.828125,0.9031274318695068,False,ok,0.272686700016493
D2_111_nadir,rootsift-lightglue-r2048-k8192,rootsift,lightglue,2048,8192,146,100_0010_0011.JPG,100_0010_0013.JPG,6112,5855,1570,1471,0.9369426751592357,251.23825789923143,0.609375,0.59375,0.882785439491272,False,ok,0.2729626999935135
D2_111_nadir,rootsift-lightglue-r2048-k8192,rootsift,lightglue,2048,8192,147,100_0010_0011.JPG,100_0010_0014.JPG,6112,5772,843,754,0.8944246737841044,130.63063063063063,0.46875,0.390625,0.8667029738426208,False,ok,0.4151336000068113
D2_111_nadir,rootsift-lightglue-r2048-k8192,rootsift,lightglue,2048,8192,148,100_0010_0011.JPG,100_0010_0015.JPG,6112,5732,265,206,0.7773584905660378,35.93859036985346,0.28125,0.234375,0.7506773471832275,False,ok,0.4829677000234369
D2_111_nadir,rootsift-lightglue-r2048-k8192,rootsift,lightglue,2048,8192,149,100_0010_0011.JPG,100_0010_0016.JPG,6112,5729,176,133,0.7556818181818182,23.21522080642346,0.171875,0.25,0.7003846764564514,False,ok,0.4862964999920223
D2_111_nadir,rootsift-lightglue-r2048-k8192,rootsift,lightglue,2048,8192,150,100_0010_0011.JPG,100_0010_0017.JPG,6112,5738,214,164,0.7663551401869159,28.58138724294179,0.21875,0.21875,0.7346909642219543,False,ok,0.5189834000193514
D2_111_nadir,rootsift-lightglue-r2048-k8192,rootsift,lightglue,2048,8192,151,100_0010_0011.JPG,100_0010_0018.JPG,6112,5795,184,139,0.7554347826086957,23.986194995685935,0.1875,0.1875,0.7324904799461365,False,ok,0.18328259998816065
D2_111_nadir,rootsift-lightglue-r2048-k8192,rootsift,lightglue,2048,8192,152,100_0010_0011.JPG,100_0010_0019.JPG,6112,5759,214,163,0.7616822429906542,28.303524917520402,0.1875,0.1875,0.7716657519340515,False,ok,0.4704782000044361
D2_111_nadir,rootsift-lightglue-r2048-k8192,rootsift,lightglue,2048,8192,153,100_0010_0011.JPG,100_0010_0020.JPG,6112,5840,852,777,0.9119718309859155,133.04794520547946,0.375,0.359375,0.836355447769165,False,ok,0.249374999984866
D2_111_nadir,rootsift-lightglue-r2048-k8192,rootsift,lightglue,2048,8192,154,100_0010_0011.JPG,100_0010_0021.JPG,6112,5898,1498,1430,0.9546061415220294,242.45506951508986,0.5625,0.484375,0.8927756547927856,False,ok,0.37305929997819476
D2_111_nadir,rootsift-lightglue-r2048-k8192,rootsift,lightglue,2048,8192,155,100_0010_0011.JPG,100_0010_0022.JPG,6112,5939,2691,2615,0.9717577108881457,440.3098164674188,0.65625,0.65625,0.9082083106040955,False,ok,0.3015871999959927
D2_111_nadir,rootsift-lightglue-r2048-k8192,rootsift,lightglue,2048,8192,156,100_0010_0011.JPG,100_0010_0023.JPG,6112,5875,2974,2876,0.9670477471418965,489.531914893617,0.75,0.75,0.9089399576187134,False,ok,0.24492470000404865
D2_111_nadir,rootsift-lightglue-r2048-k8192,rootsift,lightglue,2048,8192,157,100_0010_0011.JPG,100_0010_0024.JPG,6112,5814,2345,2263,0.9650319829424308,389.2328861369109,0.65625,0.65625,0.9161988496780396,False,ok,0.41350329999113455
D2_111_nadir,rootsift-lightglue-r2048-k8192,rootsift,lightglue,2048,8192,158,100_0010_0011.JPG,100_0010_0025.JPG,6112,5832,1791,1709,0.954215522054718,293.0384087791495,0.46875,0.46875,0.9197576642036438,False,ok,0.1529523000062909
D2_111_nadir,rootsift-lightglue-r2048-k8192,rootsift,lightglue,2048,8192,159,100_0010_0012.JPG,100_0010_0013.JPG,6020,5855,2758,2690,0.9753444525018129,459.4363791631084,0.875,0.859375,0.909716010093689,False,ok,0.3565105999878142
D2_111_nadir,rootsift-lightglue-r2048-k8192,rootsift,lightglue,2048,8192,160,100_0010_0012.JPG,100_0010_0014.JPG,6020,5772,1723,1623,0.9419616947185142,281.18503118503116,0.625,0.609375,0.8989595174789429,False,ok,0.2966243000118993
D2_111_nadir,rootsift-lightglue-r2048-k8192,rootsift,lightglue,2048,8192,161,100_0010_0012.JPG,100_0010_0015.JPG,6020,5732,1007,902,0.8957298907646475,157.3621772505234,0.5,0.484375,0.9116770029067993,False,ok,0.24257100000977516
D2_111_nadir,rootsift-lightglue-r2048-k8192,rootsift,lightglue,2048,8192,162,100_0010_0012.JPG,100_0010_0016.JPG,6020,5729,902,819,0.9079822616407982,142.95688601850236,0.40625,0.5,0.879758358001709,False,ok,0.36683360001188703
D2_111_nadir,rootsift-lightglue-r2048-k8192,rootsift,lightglue,2048,8192,163,100_0010_0012.JPG,100_0010_0017.JPG,6020,5738,840,756,0.9,131.7532241199024,0.4375,0.4375,0.8859427571296692,False,ok,0.28404550001141615
D2_111_nadir,rootsift-lightglue-r2048-k8192,rootsift,lightglue,2048,8192,164,100_0010_0012.JPG,100_0010_0018.JPG,6020,5795,844,759,0.8992890995260664,130.97497842968076,0.375,0.375,0.9126694202423096,False,ok,0.24319959999411367
D2_111_nadir,rootsift-lightglue-r2048-k8192,rootsift,lightglue,2048,8192,165,100_0010_0012.JPG,100_0010_0019.JPG,6020,5759,854,745,0.8723653395784543,129.3627365862129,0.359375,0.375,0.8777830600738525,False,ok,0.38978229998610914
D2_111_nadir,rootsift-lightglue-r2048-k8192,rootsift,lightglue,2048,8192,166,100_0010_0012.JPG,100_0010_0020.JPG,6020,5840,1607,1517,0.9439950217797137,259.76027397260276,0.546875,0.5625,0.8975262641906738,False,ok,0.21284269998432137
D2_111_nadir,rootsift-lightglue-r2048-k8192,rootsift,lightglue,2048,8192,167,100_0010_0012.JPG,100_0010_0021.JPG,6020,5898,2367,2291,0.9678918462188424,388.4367582231265,0.640625,0.65625,0.9054809808731079,False,ok,0.3408977000217419
D2_111_nadir,rootsift-lightglue-r2048-k8192,rootsift,lightglue,2048,8192,168,100_0010_0012.JPG,100_0010_0022.JPG,6020,5939,2992,2910,0.9725935828877005,489.98147836336085,0.75,0.75,0.9035854935646057,False,ok,0.39199699999880977
D2_111_nadir,rootsift-lightglue-r2048-k8192,rootsift,lightglue,2048,8192,169,100_0010_0012.JPG,100_0010_0023.JPG,6020,5875,2181,2101,0.963319578175149,357.6170212765957,0.609375,0.65625,0.9044817090034485,False,ok,0.27574189999722876
D2_111_nadir,rootsift-lightglue-r2048-k8192,rootsift,lightglue,2048,8192,170,100_0010_0012.JPG,100_0010_0024.JPG,6020,5814,1712,1635,0.9550233644859814,281.2177502579979,0.453125,0.46875,0.9076518416404724,False,ok,0.2589090999972541
D2_111_nadir,rootsift-lightglue-r2048-k8192,rootsift,lightglue,2048,8192,171,100_0010_0013.JPG,100_0010_0014.JPG,5855,5772,3375,3321,0.984,575.3638253638254,0.8125,0.859375,0.9138168692588806,False,ok,0.4045216999948025
D2_111_nadir,rootsift-lightglue-r2048-k8192,rootsift,lightglue,2048,8192,172,100_0010_0013.JPG,100_0010_0015.JPG,5855,5732,2468,2390,0.9683954619124797,416.95743196092116,0.609375,0.625,0.9217788577079773,False,ok,0.29673440000624396
D2_111_nadir,rootsift-lightglue-r2048-k8192,rootsift,lightglue,2048,8192,173,100_0010_0013.JPG,100_0010_0016.JPG,5855,5729,2351,2275,0.9676733304976606,397.10246116250653,0.546875,0.609375,0.9220055341720581,False,ok,0.25447580000036396
D2_111_nadir,rootsift-lightglue-r2048-k8192,rootsift,lightglue,2048,8192,174,100_0010_0013.JPG,100_0010_0017.JPG,5855,5738,2078,2008,0.9663137632338787,349.9477169745556,0.53125,0.546875,0.9231685400009155,False,ok,0.33747779999976046
D2_111_nadir,rootsift-lightglue-r2048-k8192,rootsift,lightglue,2048,8192,175,100_0010_0013.JPG,100_0010_0018.JPG,5855,5795,1853,1784,0.9627630868861305,307.85159620362384,0.453125,0.46875,0.9187846779823303,False,ok,0.20757520000915974
D2_111_nadir,rootsift-lightglue-r2048-k8192,rootsift,lightglue,2048,8192,176,100_0010_0013.JPG,100_0010_0019.JPG,5855,5759,1836,1773,0.9656862745098039,307.8659489494704,0.5,0.53125,0.9196349382400513,False,ok,0.3115557999990415
D2_111_nadir,rootsift-lightglue-r2048-k8192,rootsift,lightglue,2048,8192,177,100_0010_0013.JPG,100_0010_0020.JPG,5855,5840,2683,2624,0.9780096906448006,449.3150684931507,0.625,0.65625,0.9135985374450684,False,ok,0.30088460000115447
D2_111_nadir,rootsift-lightglue-r2048-k8192,rootsift,lightglue,2048,8192,178,100_0010_0013.JPG,100_0010_0021.JPG,5855,5898,3129,3052,0.9753914988814317,521.263877028181,0.734375,0.75,0.9103032350540161,False,ok,0.26312369998777285
D2_111_nadir,rootsift-lightglue-r2048-k8192,rootsift,lightglue,2048,8192,179,100_0010_0013.JPG,100_0010_0022.JPG,5855,5939,1811,1733,0.9569298729983434,295.9863364645602,0.640625,0.65625,0.8902929425239563,False,ok,0.2890297999838367
D2_111_nadir,rootsift-lightglue-r2048-k8192,rootsift,lightglue,2048,8192,180,100_0010_0014.JPG,100_0010_0015.JPG,5772,5732,3728,3687,0.9890021459227468,643.2309839497558,0.84375,0.84375,0.9199745059013367,False,ok,0.424224000016693
D2_111_nadir,rootsift-lightglue-r2048-k8192,rootsift,lightglue,2048,8192,181,100_0010_0014.JPG,100_0010_0016.JPG,5772,5729,3553,3504,0.9862088376020265,611.6250654564496,0.796875,0.859375,0.9232218861579895,False,ok,0.3015956000017468
D2_111_nadir,rootsift-lightglue-r2048-k8192,rootsift,lightglue,2048,8192,182,100_0010_0014.JPG,100_0010_0017.JPG,5772,5738,3105,3073,0.989694041867955,535.5524573021959,0.75,0.765625,0.9270297288894653,False,ok,0.23342679999768734
D2_111_nadir,rootsift-lightglue-r2048-k8192,rootsift,lightglue,2048,8192,183,100_0010_0014.JPG,100_0010_0018.JPG,5772,5795,2713,2674,0.9856247696277184,463.27096327096325,0.640625,0.65625,0.924732506275177,False,ok,0.13354570002411492
D2_111_nadir,rootsift-lightglue-r2048-k8192,rootsift,lightglue,2048,8192,184,100_0010_0014.JPG,100_0010_0019.JPG,5772,5759,2682,2631,0.9809843400447428,456.85014759506856,0.640625,0.65625,0.9248250126838684,False,ok,0.10834380000596866
D2_111_nadir,rootsift-lightglue-r2048-k8192,rootsift,lightglue,2048,8192,185,100_0010_0014.JPG,100_0010_0020.JPG,5772,5840,3153,3083,0.9777989216619093,534.1302841302842,0.734375,0.75,0.9103742837905884,False,ok,0.4112291999917943
D2_111_nadir,rootsift-lightglue-r2048-k8192,rootsift,lightglue,2048,8192,186,100_0010_0014.JPG,100_0010_0021.JPG,5772,5898,2267,2219,0.9788266431407145,384.44213444213443,0.625,0.65625,0.923917293548584,False,ok,0.16110490000573918
D2_111_nadir,rootsift-lightglue-r2048-k8192,rootsift,lightglue,2048,8192,187,100_0010_0014.JPG,100_0010_0022.JPG,5772,5939,1068,957,0.8960674157303371,165.8004158004158,0.453125,0.46875,0.9021050930023193,False,ok,0.47539920001872815
D2_111_nadir,rootsift-lightglue-r2048-k8192,rootsift,lightglue,2048,8192,188,100_0010_0014.JPG,100_0010_0023.JPG,5772,5875,593,510,0.8600337268128162,88.35758835758836,0.28125,0.375,0.8813533186912537,False,ok,0.34417470000335015
D2_111_nadir,rootsift-lightglue-r2048-k8192,rootsift,lightglue,2048,8192,189,100_0010_0015.JPG,100_0010_0016.JPG,5732,5729,4597,4566,0.9932564716119208,796.9977308430791,0.9375,0.984375,0.9250112771987915,False,ok,0.32351220000418834
D2_111_nadir,rootsift-lightglue-r2048-k8192,rootsift,lightglue,2048,8192,190,100_0010_0015.JPG,100_0010_0017.JPG,5732,5738,3957,3922,0.991154915339904,684.2288904396371,0.859375,0.875,0.9255526065826416,False,ok,0.2873857000085991
D2_111_nadir,rootsift-lightglue-r2048-k8192,rootsift,lightglue,2048,8192,191,100_0010_0015.JPG,100_0010_0018.JPG,5732,5795,3381,3321,0.9822537710736469,579.3789253314725,0.734375,0.75,0.9247725605964661,False,ok,0.37945290000061505
D2_111_nadir,rootsift-lightglue-r2048-k8192,rootsift,lightglue,2048,8192,192,100_0010_0015.JPG,100_0010_0019.JPG,5732,5759,3313,3260,0.9840024147298521,568.7369155617586,0.734375,0.75,0.9235128164291382,False,ok,0.24281989998416975
D2_111_nadir,rootsift-lightglue-r2048-k8192,rootsift,lightglue,2048,8192,193,100_0010_0015.JPG,100_0010_0020.JPG,5732,5840,2529,2479,0.9802293396599446,432.4842986741103,0.640625,0.640625,0.9247177243232727,False,ok,0.3115756000042893
D2_111_nadir,rootsift-lightglue-r2048-k8192,rootsift,lightglue,2048,8192,194,100_0010_0015.JPG,100_0010_0021.JPG,5732,5898,1629,1570,0.9637814610190301,273.9009071877181,0.453125,0.46875,0.9250677824020386,False,ok,0.3582786000042688
D2_111_nadir,rootsift-lightglue-r2048-k8192,rootsift,lightglue,2048,8192,195,100_0010_0015.JPG,100_0010_0022.JPG,5732,5939,574,459,0.7996515679442509,80.07676203768318,0.359375,0.34375,0.8275774121284485,False,ok,0.348574900010135
D2_111_nadir,rootsift-lightglue-r2048-k8192,rootsift,lightglue,2048,8192,196,100_0010_0015.JPG,100_0010_0023.JPG,5732,5875,102,80,0.7843137254901961,13.956734124214934,0.15625,0.171875,0.5940112471580505,False,ok,0.3953027999959886
D2_111_nadir,rootsift-lightglue-r2048-k8192,rootsift,lightglue,2048,8192,197,100_0010_0015.JPG,100_0010_0051.JPG,5732,5830,1572,1509,0.9599236641221374,263.2588974180042,0.46875,0.484375,0.9190478920936584,False,ok,0.22253889997955412
D2_111_nadir,rootsift-lightglue-r2048-k8192,rootsift,lightglue,2048,8192,198,100_0010_0016.JPG,100_0010_0017.JPG,5729,5738,3954,3915,0.9901365705614568,683.3653342642694,0.875,0.84375,0.9286452531814575,False,ok,0.35218379998696037
D2_111_nadir,rootsift-lightglue-r2048-k8192,rootsift,lightglue,2048,8192,199,100_0010_0016.JPG,100_0010_0018.JPG,5729,5795,3382,3323,0.9825547013601419,580.0314190958283,0.75,0.703125,0.9280948638916016,False,ok,0.38927630000398494
D2_111_nadir,rootsift-lightglue-r2048-k8192,rootsift,lightglue,2048,8192,200,100_0010_0016.JPG,100_0010_0019.JPG,5729,5759,3298,3252,0.9860521528198909,567.6383312969105,0.75,0.703125,0.926509439945221,False,ok,0.27152789998217486
D2_111_nadir,rootsift-lightglue-r2048-k8192,rootsift,lightglue,2048,8192,201,100_0010_0016.JPG,100_0010_0020.JPG,5729,5840,2456,2407,0.9800488599348535,420.1431314365509,0.640625,0.578125,0.9306243062019348,False,ok,0.22456490001059137
D2_111_nadir,rootsift-lightglue-r2048-k8192,rootsift,lightglue,2048,8192,202,100_0010_0016.JPG,100_0010_0021.JPG,5729,5898,1560,1496,0.958974358974359,261.12759643916917,0.46875,0.421875,0.9252794981002808,False,ok,0.40467469999566674
D2_111_nadir,rootsift-lightglue-r2048-k8192,rootsift,lightglue,2048,8192,203,100_0010_0016.JPG,100_0010_0022.JPG,5729,5939,525,429,0.8171428571428572,74.88217839064409,0.3125,0.25,0.831760823726654,False,ok,0.33972339998581447
D2_111_nadir,rootsift-lightglue-r2048-k8192,rootsift,lightglue,2048,8192,204,100_0010_0016.JPG,100_0010_0023.JPG,5729,5875,20,11,0.55,1.9200558561703613,0.140625,0.09375,0.32788780331611633,True,ok,0.24295569999958389
D2_111_nadir,rootsift-lightglue-r2048-k8192,rootsift,lightglue,2048,8192,205,100_0010_0016.JPG,100_0010_0024.JPG,5729,5814,8,7,0.875,1.2218537266538663,0.09375,0.109375,0.2370164841413498,True,ok,0.30715400000917725
D2_111_nadir,rootsift-lightglue-r2048-k8192,rootsift,lightglue,2048,8192,206,100_0010_0016.JPG,100_0010_0051.JPG,5729,5830,1564,1493,0.9546035805626598,260.60394484203175,0.5,0.46875,0.9192008972167969,False,ok,0.3670237000042107
D2_111_nadir,rootsift-lightglue-r2048-k8192,rootsift,lightglue,2048,8192,207,100_0010_0017.JPG,100_0010_0018.JPG,5738,5795,4057,4014,0.9894010352477199,699.5468804461485,0.984375,0.90625,0.9221388101577759,False,ok,0.3037246000021696
D2_111_nadir,rootsift-lightglue-r2048-k8192,rootsift,lightglue,2048,8192,208,100_0010_0017.JPG,100_0010_0019.JPG,5738,5759,3928,3892,0.9908350305498982,678.2851167654235,0.875,0.875,0.921317994594574,False,ok,0.2635401000152342
D2_111_nadir,rootsift-lightglue-r2048-k8192,rootsift,lightglue,2048,8192,209,100_0010_0017.JPG,100_0010_0020.JPG,5738,5840,2838,2791,0.9834390415785764,486.40641338445454,0.75,0.734375,0.9207881689071655,False,ok,0.3253379999950994
D2_111_nadir,rootsift-lightglue-r2048-k8192,rootsift,lightglue,2048,8192,210,100_0010_0017.JPG,100_0010_0021.JPG,5738,5898,1711,1639,0.9579193454120397,285.63959567793654,0.546875,0.546875,0.929742157459259,False,ok,0.34252989999367855
D2_111_nadir,rootsift-lightglue-r2048-k8192,rootsift,lightglue,2048,8192,211,100_0010_0017.JPG,100_0010_0022.JPG,5738,5939,583,475,0.8147512864493996,82.78145695364239,0.4375,0.390625,0.8577871918678284,False,ok,0.3662789999798406
D2_111_nadir,rootsift-lightglue-r2048-k8192,rootsift,lightglue,2048,8192,212,100_0010_0017.JPG,100_0010_0023.JPG,5738,5875,149,108,0.7248322147651006,18.821889159986057,0.21875,0.21875,0.6248686909675598,False,ok,0.2043407000019215
D2_111_nadir,rootsift-lightglue-r2048-k8192,rootsift,lightglue,2048,8192,213,100_0010_0017.JPG,100_0010_0024.JPG,5738,5814,14,8,0.5714285714285714,1.394214011850819,0.09375,0.109375,0.21955278515815735,True,ok,0.26881879998836666
D2_111_nadir,rootsift-lightglue-r2048-k8192,rootsift,lightglue,2048,8192,214,100_0010_0017.JPG,100_0010_0025.JPG,5738,5832,10,10,1.0,1.7427675148135238,0.078125,0.109375,0.24396014213562012,True,ok,0.4737889999814797
D2_111_nadir,rootsift-lightglue-r2048-k8192,rootsift,lightglue,2048,8192,215,100_0010_0017.JPG,100_0010_0050.JPG,5738,5863,1641,1578,0.9616087751371115,275.0087138375741,0.546875,0.546875,0.9191385507583618,False,ok,0.250998300005449
D2_111_nadir,rootsift-lightglue-r2048-k8192,rootsift,lightglue,2048,8192,216,100_0010_0017.JPG,100_0010_0051.JPG,5738,5830,2105,2031,0.9648456057007125,353.9560822586267,0.625,0.625,0.9181650876998901,False,ok,0.2208696999878157
D2_111_nadir,rootsift-lightglue-r2048-k8192,rootsift,lightglue,2048,8192,217,100_0010_0018.JPG,100_0010_0019.JPG,5795,5759,4641,4618,0.9950441715147598,801.8753255773572,1.0,1.0,0.920962393283844,False,ok,0.4373790000099689
D2_111_nadir,rootsift-lightglue-r2048-k8192,rootsift,lightglue,2048,8192,218,100_0010_0018.JPG,100_0010_0020.JPG,5795,5840,3212,3163,0.9847447073474471,545.8153580672994,0.875,0.84375,0.9155600070953369,False,ok,0.31603549999999814
D2_111_nadir,rootsift-lightglue-r2048-k8192,rootsift,lightglue,2048,8192,219,100_0010_0018.JPG,100_0010_0021.JPG,5795,5898,1921,1854,0.9651223321186881,319.9309749784297,0.625,0.625,0.9248760342597961,False,ok,0.2701394000032451
D2_111_nadir,rootsift-lightglue-r2048-k8192,rootsift,lightglue,2048,8192,220,100_0010_0018.JPG,100_0010_0022.JPG,5795,5939,702,589,0.8390313390313391,101.63934426229508,0.484375,0.46875,0.8690879344940186,False,ok,0.34306819998892024
D2_111_nadir,rootsift-lightglue-r2048-k8192,rootsift,lightglue,2048,8192,221,100_0010_0018.JPG,100_0010_0023.JPG,5795,5875,200,144,0.72,24.849007765314926,0.265625,0.265625,0.7456369996070862,False,ok,0.46842709998600185
D2_111_nadir,rootsift-lightglue-r2048-k8192,rootsift,lightglue,2048,8192,222,100_0010_0018.JPG,100_0010_0024.JPG,5795,5814,6,0,0.0,0.0,0.0,0.0,0.16469283401966095,True,too_few_matches,0.24401809999835677
D2_111_nadir,rootsift-lightglue-r2048-k8192,rootsift,lightglue,2048,8192,223,100_0010_0018.JPG,100_0010_0025.JPG,5795,5832,7,0,0.0,0.0,0.0,0.0,0.22214223444461823,True,too_few_matches,0.36634420001064427
D2_111_nadir,rootsift-lightglue-r2048-k8192,rootsift,lightglue,2048,8192,224,100_0010_0018.JPG,100_0010_0026.JPG,5795,5878,11,8,0.7272727272727273,1.380500431406385,0.09375,0.109375,0.21328407526016235,True,ok,0.43967110000085086
D2_111_nadir,rootsift-lightglue-r2048-k8192,rootsift,lightglue,2048,8192,225,100_0010_0018.JPG,100_0010_0049.JPG,5795,5922,1285,1240,0.9649805447470817,213.97756686798965,0.5625,0.515625,0.9308863282203674,False,ok,0.1478029999998398
D2_111_nadir,rootsift-lightglue-r2048-k8192,rootsift,lightglue,2048,8192,226,100_0010_0018.JPG,100_0010_0050.JPG,5795,5863,2103,2060,0.9795530194959582,355.4788610871441,0.65625,0.65625,0.9258921146392822,False,ok,0.3639377999934368
D2_111_nadir,rootsift-lightglue-r2048-k8192,rootsift,lightglue,2048,8192,227,100_0010_0018.JPG,100_0010_0051.JPG,5795,5830,2651,2597,0.9796303281780461,448.14495254529766,0.75,0.75,0.9269287586212158,False,ok,0.2775534999964293
D2_111_nadir,rootsift-lightglue-r2048-k8192,rootsift,lightglue,2048,8192,228,100_0010_0019.JPG,100_0010_0020.JPG,5759,5840,3293,3238,0.9832979046462192,562.2503906928287,0.875,0.859375,0.9154614210128784,False,ok,0.2622057000116911
D2_111_nadir,rootsift-lightglue-r2048-k8192,rootsift,lightglue,2048,8192,229,100_0010_0019.JPG,100_0010_0021.JPG,5759,5898,1978,1896,0.9585439838220424,329.2238235804827,0.625,0.625,0.9254850149154663,False,ok,0.41451919998507947
D2_111_nadir,rootsift-lightglue-r2048-k8192,rootsift,lightglue,2048,8192,230,100_0010_0019.JPG,100_0010_0022.JPG,5759,5939,758,641,0.8456464379947229,111.3040458412919,0.5,0.5,0.8656980395317078,False,ok,0.34305440000025555
D2_111_nadir,rootsift-lightglue-r2048-k8192,rootsift,lightglue,2048,8192,231,100_0010_0019.JPG,100_0010_0023.JPG,5759,5875,239,195,0.8158995815899581,33.86004514672686,0.25,0.25,0.7888495326042175,False,ok,0.43601989999297075
D2_111_nadir,rootsift-lightglue-r2048-k8192,rootsift,lightglue,2048,8192,232,100_0010_0019.JPG,100_0010_0024.JPG,5759,5814,16,10,0.625,1.7364125716270187,0.078125,0.09375,0.2073427140712738,True,ok,0.28351380000822246
D2_111_nadir,rootsift-lightglue-r2048-k8192,rootsift,lightglue,2048,8192,233,100_0010_0019.JPG,100_0010_0025.JPG,5759,5832,6,0,0.0,0.0,0.0,0.0,0.1349826455116272,True,too_few_matches,0.38677509999251924
D2_111_nadir,rootsift-lightglue-r2048-k8192,rootsift,lightglue,2048,8192,234,100_0010_0019.JPG,100_0010_0026.JPG,5759,5878,11,10,0.9090909090909091,1.7364125716270187,0.046875,0.09375,0.26252511143684387,True,ok,0.34815509998588823
D2_111_nadir,rootsift-lightglue-r2048-k8192,rootsift,lightglue,2048,8192,235,100_0010_0019.JPG,100_0010_0027.JPG,5759,5834,8,7,0.875,1.215488800138913,0.078125,0.09375,0.2454499751329422,True,ok,0.2864294000028167
D2_111_nadir,rootsift-lightglue-r2048-k8192,rootsift,lightglue,2048,8192,236,100_0010_0019.JPG,100_0010_0049.JPG,5759,5922,1299,1245,0.9584295612009238,216.1833651675638,0.5625,0.546875,0.9290947318077087,False,ok,0.31696730002295226
D2_111_nadir,rootsift-lightglue-r2048-k8192,rootsift,lightglue,2048,8192,237,100_0010_0019.JPG,100_0010_0050.JPG,5759,5863,2121,2074,0.9778406412069779,360.13196735544363,0.65625,0.65625,0.9282253384590149,False,ok,0.36747499997727573
D2_111_nadir,rootsift-lightglue-r2048-k8192,rootsift,lightglue,2048,8192,238,100_0010_0019.JPG,100_0010_0051.JPG,5759,5830,2680,2621,0.9779850746268657,455.11373502344156,0.75,0.75,0.927329421043396,False,ok,0.23129769999650307
D2_111_nadir,rootsift-lightglue-r2048-k8192,rootsift,lightglue,2048,8192,239,100_0010_0019.JPG,100_0010_0052.JPG,5759,5861,2343,2279,0.9726845924029023,395.72842507379755,0.625,0.625,0.9212241768836975,False,ok,0.27376140002161264
D2_111_nadir,rootsift-lightglue-r2048-k8192,rootsift,lightglue,2048,8192,240,100_0010_0020.JPG,100_0010_0021.JPG,5840,5898,3342,3301,0.9877318970676242,565.2397260273973,0.875,0.875,0.9126419425010681,False,ok,0.39772929999162443
D2_111_nadir,rootsift-lightglue-r2048-k8192,rootsift,lightglue,2048,8192,241,100_0010_0020.JPG,100_0010_0022.JPG,5840,5939,1803,1729,0.9589572933998891,296.06164383561645,0.640625,0.65625,0.8980669975280762,False,ok,0.25530950000393204
D2_111_nadir,rootsift-lightglue-r2048-k8192,rootsift,lightglue,2048,8192,242,100_0010_0020.JPG,100_0010_0023.JPG,5840,5875,1212,1155,0.9529702970297029,197.77397260273972,0.484375,0.5,0.8693858981132507,False,ok,0.2358362999802921
D2_111_nadir,rootsift-lightglue-r2048-k8192,rootsift,lightglue,2048,8192,243,100_0010_0020.JPG,100_0010_0024.JPG,5840,5814,972,896,0.9218106995884774,154.1107671138631,0.25,0.28125,0.9037051200866699,False,ok,0.0884803999797441
D2_111_nadir,rootsift-lightglue-r2048-k8192,rootsift,lightglue,2048,8192,244,100_0010_0020.JPG,100_0010_0025.JPG,5840,5832,244,183,0.75,31.378600823045268,0.109375,0.125,0.732467532157898,False,ok,0.3284261999942828
D2_111_nadir,rootsift-lightglue-r2048-k8192,rootsift,lightglue,2048,8192,245,100_0010_0020.JPG,100_0010_0026.JPG,5840,5878,12,8,0.6666666666666666,1.36986301369863,0.109375,0.125,0.20061510801315308,True,ok,0.42349519999697804
D2_111_nadir,rootsift-lightglue-r2048-k8192,rootsift,lightglue,2048,8192,246,100_0010_0020.JPG,100_0010_0027.JPG,5840,5834,12,8,0.6666666666666666,1.3712718546451834,0.109375,0.125,0.20290212333202362,True,ok,0.40346190001582727
D2_111_nadir,rootsift-lightglue-r2048-k8192,rootsift,lightglue,2048,8192,247,100_0010_0020.JPG,100_0010_0028.JPG,5840,5903,4,0,0.0,0.0,0.0,0.0,0.14416930079460144,True,too_few_matches,0.29104460001690313
D2_111_nadir,rootsift-lightglue-r2048-k8192,rootsift,lightglue,2048,8192,248,100_0010_0020.JPG,100_0010_0049.JPG,5840,5922,2311,2251,0.9740372133275639,385.44520547945206,0.71875,0.671875,0.9094939827919006,False,ok,0.2093577999912668
D2_111_nadir,rootsift-lightglue-r2048-k8192,rootsift,lightglue,2048,8192,249,100_0010_0020.JPG,100_0010_0050.JPG,5840,5863,2479,2429,0.9798305768455022,415.9246575342466,0.75,0.75,0.9094217419624329,False,ok,0.40596229999209754
D2_111_nadir,rootsift-lightglue-r2048-k8192,rootsift,lightglue,2048,8192,250,100_0010_0020.JPG,100_0010_0051.JPG,5840,5830,1961,1918,0.9780724120346762,328.98799313893653,0.65625,0.65625,0.9193142652511597,False,ok,0.2778519999992568
D2_111_nadir,rootsift-lightglue-r2048-k8192,rootsift,lightglue,2048,8192,251,100_0010_0021.JPG,100_0010_0022.JPG,5898,5939,3000,2953,0.9843333333333333,500.6781959986436,0.875,0.875,0.9071673154830933,False,ok,0.2326896000013221
D2_111_nadir,rootsift-lightglue-r2048-k8192,rootsift,lightglue,2048,8192,252,100_0010_0021.JPG,100_0010_0023.JPG,5898,5875,2201,2153,0.9781917310313494,366.468085106383,0.625,0.625,0.9023285508155823,False,ok,0.3654413999756798
D2_111_nadir,rootsift-lightglue-r2048-k8192,rootsift,lightglue,2048,8192,253,100_0010_0021.JPG,100_0010_0024.JPG,5898,5814,1829,1742,0.9524330235101148,299.6216030271758,0.484375,0.5,0.9327993988990784,False,ok,0.3303844000038225
D2_111_nadir,rootsift-lightglue-r2048-k8192,rootsift,lightglue,2048,8192,254,100_0010_0021.JPG,100_0010_0025.JPG,5898,5832,933,862,0.9239013933547695,147.80521262002745,0.25,0.25,0.903907299041748,False,ok,0.2900552000210155
D2_111_nadir,rootsift-lightglue-r2048-k8192,rootsift,lightglue,2048,8192,255,100_0010_0021.JPG,100_0010_0026.JPG,5898,5878,9,8,0.8888888888888888,1.3610071452875128,0.09375,0.09375,0.2609322965145111,True,ok,0.3342819999961648
D2_111_nadir,rootsift-lightglue-r2048-k8192,rootsift,lightglue,2048,8192,256,100_0010_0021.JPG,100_0010_0027.JPG,5898,5834,14,8,0.5714285714285714,1.3712718546451834,0.09375,0.09375,0.22022472321987152,True,ok,0.37340940002468415
D2_111_nadir,rootsift-lightglue-r2048-k8192,rootsift,lightglue,2048,8192,257,100_0010_0021.JPG,100_0010_0028.JPG,5898,5903,13,10,0.7692307692307693,1.69548999660902,0.0625,0.046875,0.2137763351202011,True,ok,0.46535800001583993
D2_111_nadir,rootsift-lightglue-r2048-k8192,rootsift,lightglue,2048,8192,258,100_0010_0021.JPG,100_0010_0029.JPG,5898,6005,2,0,0.0,0.0,0.0,0.0,0.3611795902252197,True,too_few_matches,0.29607820001547225
D2_111_nadir,rootsift-lightglue-r2048-k8192,rootsift,lightglue,2048,8192,259,100_0010_0021.JPG,100_0010_0047.JPG,5898,5866,1616,1560,0.9653465346534653,265.9393112853733,0.484375,0.5625,0.9046480655670166,False,ok,0.20892349997302517
D2_111_nadir,rootsift-lightglue-r2048-k8192,rootsift,lightglue,2048,8192,260,100_0010_0021.JPG,100_0010_0048.JPG,5898,5962,2467,2399,0.9724361572760438,406.7480501865039,0.640625,0.640625,0.9095739722251892,False,ok,0.39066199999069795
D2_111_nadir,rootsift-lightglue-r2048-k8192,rootsift,lightglue,2048,8192,261,100_0010_0021.JPG,100_0010_0049.JPG,5898,5922,2650,2590,0.9773584905660377,439.13190912173616,0.75,0.75,0.9094116687774658,False,ok,0.22244499999214895
D2_111_nadir,rootsift-lightglue-r2048-k8192,rootsift,lightglue,2048,8192,262,100_0010_0021.JPG,100_0010_0050.JPG,5898,5863,1852,1805,0.974622030237581,307.8628688384786,0.578125,0.5625,0.9147105813026428,False,ok,0.256717700016452
D2_111_nadir,rootsift-lightglue-r2048-k8192,rootsift,lightglue,2048,8192,263,100_0010_0021.JPG,100_0010_0051.JPG,5898,5830,1247,1199,0.9615076182838813,205.66037735849056,0.46875,0.46875,0.9137831330299377,False,ok,0.3761073999921791
D2_111_nadir,rootsift-lightglue-r2048-k8192,rootsift,lightglue,2048,8192,264,100_0010_0022.JPG,100_0010_0023.JPG,5939,5875,3485,3443,0.987948350071736,586.0425531914893,0.875,0.875,0.9115747213363647,False,ok,0.2632171000004746
D2_111_nadir,rootsift-lightglue-r2048-k8192,rootsift,lightglue,2048,8192,265,100_0010_0022.JPG,100_0010_0024.JPG,5939,5814,2701,2633,0.9748241392077008,452.87237702098383,0.625,0.640625,0.9118080139160156,False,ok,0.21386119999806397
D2_111_nadir,rootsift-lightglue-r2048-k8192,rootsift,lightglue,2048,8192,266,100_0010_0022.JPG,100_0010_0025.JPG,5939,5832,1726,1666,0.9652375434530707,285.6652949245542,0.5,0.5,0.9071624875068665,False,ok,0.416939699993236
D2_111_nadir,rootsift-lightglue-r2048-k8192,rootsift,lightglue,2048,8192,267,100_0010_0022.JPG,100_0010_0026.JPG,5939,5878,839,774,0.9225268176400476,131.67744130656686,0.25,0.25,0.8786486983299255,False,ok,0.2235211000079289
D2_111_nadir,rootsift-lightglue-r2048-k8192,rootsift,lightglue,2048,8192,268,100_0010_0022.JPG,100_0010_0027.JPG,5939,5834,20,17,0.85,2.9139526911210147,0.109375,0.125,0.2183040827512741,False,ok,0.4767207000113558
D2_111_nadir,rootsift-lightglue-r2048-k8192,rootsift,lightglue,2048,8192,269,100_0010_0022.JPG,100_0010_0028.JPG,5939,5903,7,0,0.0,0.0,0.0,0.0,0.24573670327663422,True,too_few_matches,0.2334293999883812
D2_111_nadir,rootsift-lightglue-r2048-k8192,rootsift,lightglue,2048,8192,270,100_0010_0022.JPG,100_0010_0029.JPG,5939,6005,1,0,0.0,0.0,0.0,0.0,0.20839886367321014,True,too_few_matches,0.3248353000089992
D2_111_nadir,rootsift-lightglue-r2048-k8192,rootsift,lightglue,2048,8192,271,100_0010_0022.JPG,100_0010_0030.JPG,5939,6024,0,0,0.0,0.0,0.0,0.0,0.0,True,no_matches,0.4403749000048265
D2_111_nadir,rootsift-lightglue-r2048-k8192,rootsift,lightglue,2048,8192,272,100_0010_0022.JPG,100_0010_0046.JPG,5939,5706,1860,1786,0.9602150537634409,313.0038555906064,0.546875,0.5625,0.9004063606262207,False,ok,0.09455340000567958
D2_111_nadir,rootsift-lightglue-r2048-k8192,rootsift,lightglue,2048,8192,273,100_0010_0022.JPG,100_0010_0047.JPG,5939,5866,2350,2274,0.9676595744680851,387.6576883736788,0.65625,0.65625,0.9097606539726257,False,ok,0.0892701999982819
D2_111_nadir,rootsift-lightglue-r2048-k8192,rootsift,lightglue,2048,8192,274,100_0010_0022.JPG,100_0010_0048.JPG,5939,5962,2713,2639,0.972723921857722,444.35090082505474,0.75,0.734375,0.9100662469863892,False,ok,0.1070043999934569
D2_111_nadir,rootsift-lightglue-r2048-k8192,rootsift,lightglue,2048,8192,275,100_0010_0022.JPG,100_0010_0049.JPG,5939,5922,1977,1912,0.9671219018715225,322.86389733198246,0.578125,0.5625,0.9061583876609802,False,ok,0.37467999997898005
D2_111_nadir,rootsift-lightglue-r2048-k8192,rootsift,lightglue,2048,8192,276,100_0010_0023.JPG,100_0010_0024.JPG,5875,5814,3741,3692,0.9869018978882652,635.0189198486412,0.875,0.875,0.8984834551811218,False,ok,0.2837143000215292
D2_111_nadir,rootsift-lightglue-r2048-k8192,rootsift,lightglue,2048,8192,277,100_0010_0023.JPG,100_0010_0025.JPG,5875,5832,2695,2615,0.9703153988868275,448.38820301783267,0.625,0.625,0.9074689149856567,False,ok,0.37528690000181086
D2_111_nadir,rootsift-lightglue-r2048-k8192,rootsift,lightglue,2048,8192,278,100_0010_0023.JPG,100_0010_0026.JPG,5875,5878,1743,1671,0.9586919104991394,284.4255319148936,0.5,0.5,0.9034322500228882,False,ok,0.3518694000085816
D2_111_nadir,rootsift-lightglue-r2048-k8192,rootsift,lightglue,2048,8192,279,100_0010_0023.JPG,100_0010_0027.JPG,5875,5834,933,877,0.939978563772776,150.32567706547823,0.25,0.25,0.8911788463592529,False,ok,0.28666519999387674
D2_111_nadir,rootsift-lightglue-r2048-k8192,rootsift,lightglue,2048,8192,280,100_0010_0023.JPG,100_0010_0028.JPG,5875,5903,19,10,0.5263157894736842,1.702127659574468,0.09375,0.125,0.22344765067100525,True,ok,0.42298929998651147
D2_111_nadir,rootsift-lightglue-r2048-k8192,rootsift,lightglue,2048,8192,281,100_0010_0023.JPG,100_0010_0029.JPG,5875,6005,7,0,0.0,0.0,0.0,0.0,0.15519985556602478,True,too_few_matches,0.28443679999327287
D2_111_nadir,rootsift-lightglue-r2048-k8192,rootsift,lightglue,2048,8192,282,100_0010_0023.JPG,100_0010_0030.JPG,5875,6024,3,0,0.0,0.0,0.0,0.0,0.14362579584121704,True,too_few_matches,0.4495215999777429
D2_111_nadir,rootsift-lightglue-r2048-k8192,rootsift,lightglue,2048,8192,283,100_0010_0023.JPG,100_0010_0031.JPG,5875,6119,3,0,0.0,0.0,0.0,0.0,0.12671595811843872,True,too_few_matches,0.34542339999461547
D2_111_nadir,rootsift-lightglue-r2048-k8192,rootsift,lightglue,2048,8192,284,100_0010_0023.JPG,100_0010_0045.JPG,5875,5763,1876,1807,0.9632196162046909,313.5519694603505,0.5625,0.5625,0.9173285365104675,False,ok,0.2025343000132125
D2_111_nadir,rootsift-lightglue-r2048-k8192,rootsift,lightglue,2048,8192,285,100_0010_0023.JPG,100_0010_0046.JPG,5875,5706,2514,2434,0.9681782020684169,426.56852436032244,0.65625,0.65625,0.9103164672851562,False,ok,0.3770717000006698
D2_111_nadir,rootsift-lightglue-r2048-k8192,rootsift,lightglue,2048,8192,286,100_0010_0023.JPG,100_0010_0047.JPG,5875,5866,2896,2809,0.9699585635359116,478.86123423116265,0.75,0.75,0.9102963805198669,False,ok,0.3611642000032589
D2_111_nadir,rootsift-lightglue-r2048-k8192,rootsift,lightglue,2048,8192,287,100_0010_0023.JPG,100_0010_0048.JPG,5875,5962,2257,2190,0.9703145768719539,372.7659574468085,0.578125,0.5625,0.9111929535865784,False,ok,0.2282095999980811
D2_111_nadir,rootsift-lightglue-r2048-k8192,rootsift,lightglue,2048,8192,288,100_0010_0024.JPG,100_0010_0025.JPG,5814,5832,3595,3559,0.9899860917941585,612.1431028551772,0.875,0.875,0.9081144332885742,False,ok,0.30925369999022223
D2_111_nadir,rootsift-lightglue-r2048-k8192,rootsift,lightglue,2048,8192,289,100_0010_0024.JPG,100_0010_0026.JPG,5814,5878,2494,2435,0.9763432237369687,418.8166494668043,0.625,0.625,0.9122655987739563,False,ok,0.3831396999885328
D2_111_nadir,rootsift-lightglue-r2048-k8192,rootsift,lightglue,2048,8192,290,100_0010_0024.JPG,100_0010_0027.JPG,5814,5834,1682,1633,0.9708680142687277,280.8737530099759,0.484375,0.5,0.9148147106170654,False,ok,0.2432453999936115
D2_111_nadir,rootsift-lightglue-r2048-k8192,rootsift,lightglue,2048,8192,291,100_0010_0024.JPG,100_0010_0028.JPG,5814,5903,879,828,0.9419795221843004,142.41486068111456,0.25,0.25,0.9266055226325989,False,ok,0.24357940000481904
D2_111_nadir,rootsift-lightglue-r2048-k8192,rootsift,lightglue,2048,8192,292,100_0010_0024.JPG,100_0010_0029.JPG,5814,6005,24,12,0.5,2.063983488132095,0.125,0.109375,0.19689743220806122,True,ok,0.43667339999228716
D2_111_nadir,rootsift-lightglue-r2048-k8192,rootsift,lightglue,2048,8192,293,100_0010_0024.JPG,100_0010_0030.JPG,5814,6024,24,12,0.5,2.063983488132095,0.109375,0.125,0.19106562435626984,True,ok,0.4291793000011239
D2_111_nadir,rootsift-lightglue-r2048-k8192,rootsift,lightglue,2048,8192,294,100_0010_0024.JPG,100_0010_0031.JPG,5814,6119,0,0,0.0,0.0,0.0,0.0,0.0,True,no_matches,0.41623839997919276
D2_111_nadir,rootsift-lightglue-r2048-k8192,rootsift,lightglue,2048,8192,295,100_0010_0024.JPG,100_0010_0032.JPG,5814,6248,10,7,0.7,1.2039903680770554,0.0625,0.09375,0.29365473985671997,True,ok,0.4039262000005692
D2_111_nadir,rootsift-lightglue-r2048-k8192,rootsift,lightglue,2048,8192,296,100_0010_0024.JPG,100_0010_0044.JPG,5814,5760,1715,1667,0.9720116618075801,289.40972222222223,0.5625,0.5625,0.929961085319519,False,ok,0.18539110000710934
D2_111_nadir,rootsift-lightglue-r2048-k8192,rootsift,lightglue,2048,8192,297,100_0010_0024.JPG,100_0010_0045.JPG,5814,5763,2392,2332,0.9749163879598662,404.65035571750826,0.65625,0.65625,0.9241234064102173,False,ok,0.4171883999952115
D2_111_nadir,rootsift-lightglue-r2048-k8192,rootsift,lightglue,2048,8192,298,100_0010_0024.JPG,100_0010_0046.JPG,5814,5706,2795,2723,0.9742397137745975,477.2169645986681,0.75,0.75,0.9132963418960571,False,ok,0.2713567999890074
D2_111_nadir,rootsift-lightglue-r2048-k8192,rootsift,lightglue,2048,8192,299,100_0010_0024.JPG,100_0010_0047.JPG,5814,5866,2462,2385,0.9687246141348497,410.21671826625385,0.609375,0.5625,0.9122250080108643,False,ok,0.20576889999210835
D2_111_nadir,rootsift-lightglue-r2048-k8192,rootsift,lightglue,2048,8192,300,100_0010_0025.JPG,100_0010_0026.JPG,5832,5878,3575,3538,0.9896503496503497,606.6529492455419,0.875,0.875,0.9052724838256836,False,ok,0.303875399986282
D2_111_nadir,rootsift-lightglue-r2048-k8192,rootsift,lightglue,2048,8192,301,100_0010_0025.JPG,100_0010_0027.JPG,5832,5834,2637,2580,0.9783845278725825,442.38683127572017,0.625,0.625,0.9290345907211304,False,ok,0.3282904000079725
D2_111_nadir,rootsift-lightglue-r2048-k8192,rootsift,lightglue,2048,8192,302,100_0010_0025.JPG,100_0010_0028.JPG,5832,5903,1693,1633,0.9645599527466037,280.0068587105624,0.5,0.484375,0.9268168210983276,False,ok,0.12784450000617653
D2_111_nadir,rootsift-lightglue-r2048-k8192,rootsift,lightglue,2048,8192,303,100_0010_0025.JPG,100_0010_0029.JPG,5832,6005,857,792,0.9241540256709452,135.80246913580248,0.25,0.25,0.8917052745819092,False,ok,0.10701760000665672
D2_111_nadir,rootsift-lightglue-r2048-k8192,rootsift,lightglue,2048,8192,304,100_0010_0025.JPG,100_0010_0030.JPG,5832,6024,17,11,0.6470588235294118,1.8861454046639232,0.09375,0.09375,0.25377222895622253,True,ok,0.35366829999838956
D2_111_nadir,rootsift-lightglue-r2048-k8192,rootsift,lightglue,2048,8192,305,100_0010_0025.JPG,100_0010_0031.JPG,5832,6119,13,10,0.7692307692307693,1.7146776406035664,0.09375,0.078125,0.31078389286994934,True,ok,0.40398679999634624
D2_111_nadir,rootsift-lightglue-r2048-k8192,rootsift,lightglue,2048,8192,306,100_0010_0025.JPG,100_0010_0032.JPG,5832,6248,9,9,1.0,1.5432098765432098,0.0625,0.078125,0.18031035363674164,True,ok,0.5137225999787915
D2_111_nadir,rootsift-lightglue-r2048-k8192,rootsift,lightglue,2048,8192,307,100_0010_0025.JPG,100_0010_0033.JPG,5832,6384,1,0,0.0,0.0,0.0,0.0,0.24963650107383728,True,too_few_matches,0.444605099997716
D2_111_nadir,rootsift-lightglue-r2048-k8192,rootsift,lightglue,2048,8192,308,100_0010_0025.JPG,100_0010_0043.JPG,5832,5739,1847,1796,0.9723876556578235,312.946506359993,0.5625,0.546875,0.9304960370063782,False,ok,0.19157940000877716
D2_111_nadir,rootsift-lightglue-r2048-k8192,rootsift,lightglue,2048,8192,309,100_0010_0025.JPG,100_0010_0044.JPG,5832,5760,2389,2337,0.9782335705316032,405.7291666666667,0.65625,0.65625,0.9197986125946045,False,ok,0.33744790000491776
D2_111_nadir,rootsift-lightglue-r2048-k8192,rootsift,lightglue,2048,8192,310,100_0010_0025.JPG,100_0010_0045.JPG,5832,5763,2655,2584,0.9732580037664783,448.37758112094394,0.75,0.75,0.9255285859107971,False,ok,0.2738559000135865
D2_111_nadir,rootsift-lightglue-r2048-k8192,rootsift,lightglue,2048,8192,311,100_0010_0025.JPG,100_0010_0046.JPG,5832,5706,2131,2085,0.9784138901923979,365.4048370136698,0.578125,0.578125,0.925648033618927,False,ok,0.24282559999846853
D2_111_nadir,rootsift-lightglue-r2048-k8192,rootsift,lightglue,2048,8192,312,100_0010_0026.JPG,100_0010_0027.JPG,5878,5834,3689,3656,0.9910544863106533,626.6712375728488,0.875,0.875,0.9167969822883606,False,ok,0.3528023000108078
D2_111_nadir,rootsift-lightglue-r2048-k8192,rootsift,lightglue,2048,8192,313,100_0010_0026.JPG,100_0010_0028.JPG,5878,5903,2654,2595,0.9777694046721929,441.47669275263695,0.625,0.625,0.9302526712417603,False,ok,0.31410519999917597
D2_111_nadir,rootsift-lightglue-r2048-k8192,rootsift,lightglue,2048,8192,314,100_0010_0026.JPG,100_0010_0029.JPG,5878,6005,1756,1685,0.9595671981776766,286.66212997618237,0.5,0.5,0.9175007939338684,False,ok,0.22190689999843016
D2_111_nadir,rootsift-lightglue-r2048-k8192,rootsift,lightglue,2048,8192,315,100_0010_0026.JPG,100_0010_0030.JPG,5878,6024,859,789,0.9185098952270081,134.22932970398094,0.25,0.25,0.9046112298965454,False,ok,0.32504909997805953
D2_111_nadir,rootsift-lightglue-r2048-k8192,rootsift,lightglue,2048,8192,316,100_0010_0026.JPG,100_0010_0031.JPG,5878,6119,44,20,0.45454545454545453,3.402517863218782,0.09375,0.078125,0.2338150143623352,False,ok,0.5927996000100393
D2_111_nadir,rootsift-lightglue-r2048-k8192,rootsift,lightglue,2048,8192,317,100_0010_0026.JPG,100_0010_0032.JPG,5878,6248,11,9,0.8181818181818182,1.5311330384484518,0.09375,0.046875,0.22149218618869781,True,ok,0.5154934999882244
D2_111_nadir,rootsift-lightglue-r2048-k8192,rootsift,lightglue,2048,8192,318,100_0010_0026.JPG,100_0010_0033.JPG,5878,6384,1,0,0.0,0.0,0.0,0.0,0.10723467171192169,True,too_few_matches,0.42619899997953326
D2_111_nadir,rootsift-lightglue-r2048-k8192,rootsift,lightglue,2048,8192,319,100_0010_0026.JPG,100_0010_0034.JPG,5878,6328,3,0,0.0,0.0,0.0,0.0,0.17182624340057373,True,too_few_matches,0.4301368000160437
D2_111_nadir,rootsift-lightglue-r2048-k8192,rootsift,lightglue,2048,8192,320,100_0010_0026.JPG,100_0010_0042.JPG,5878,5772,1922,1864,0.9698231009365245,322.9383229383229,0.5625,0.5625,0.9295496940612793,False,ok,0.1545703999872785
D2_111_nadir,rootsift-lightglue-r2048-k8192,rootsift,lightglue,2048,8192,321,100_0010_0026.JPG,100_0010_0043.JPG,5878,5739,2509,2466,0.9828616978876046,429.6915838996341,0.65625,0.65625,0.9338060021400452,False,ok,0.3028463000082411
D2_111_nadir,rootsift-lightglue-r2048-k8192,rootsift,lightglue,2048,8192,322,100_0010_0026.JPG,100_0010_0044.JPG,5878,5760,2710,2655,0.9797047970479705,460.9375,0.75,0.75,0.9345990419387817,False,ok,0.2858463999873493
D2_111_nadir,rootsift-lightglue-r2048-k8192,rootsift,lightglue,2048,8192,323,100_0010_0026.JPG,100_0010_0045.JPG,5878,5763,2090,2042,0.9770334928229665,354.3293423564116,0.5625,0.5625,0.935205340385437,False,ok,0.1997032999934163
D2_111_nadir,rootsift-lightglue-r2048-k8192,rootsift,lightglue,2048,8192,324,100_0010_0027.JPG,100_0010_0028.JPG,5834,5903,3664,3628,0.990174672489083,621.8717860815907,0.875,0.875,0.9166750311851501,False,ok,0.3590938000124879
D2_111_nadir,rootsift-lightglue-r2048-k8192,rootsift,lightglue,2048,8192,325,100_0010_0027.JPG,100_0010_0029.JPG,5834,6005,2668,2603,0.9756371814092953,446.1775797051765,0.625,0.625,0.9242897629737854,False,ok,0.2807041000050958
D2_111_nadir,rootsift-lightglue-r2048-k8192,rootsift,lightglue,2048,8192,326,100_0010_0027.JPG,100_0010_0030.JPG,5834,6024,1710,1648,0.9637426900584796,282.4820020569078,0.46875,0.5,0.912415623664856,False,ok,0.19447729998501018
D2_111_nadir,rootsift-lightglue-r2048-k8192,rootsift,lightglue,2048,8192,327,100_0010_0027.JPG,100_0010_0031.JPG,5834,6119,888,820,0.9234234234234234,140.5553651011313,0.25,0.25,0.9088801741600037,False,ok,0.3617933999921661
D2_111_nadir,rootsift-lightglue-r2048-k8192,rootsift,lightglue,2048,8192,328,100_0010_0027.JPG,100_0010_0032.JPG,5834,6248,9,7,0.7777777777777778,1.1998628728145355,0.046875,0.03125,0.1917162984609604,True,ok,0.42190970000228845
D2_111_nadir,rootsift-lightglue-r2048-k8192,rootsift,lightglue,2048,8192,329,100_0010_0027.JPG,100_0010_0033.JPG,5834,6384,6,0,0.0,0.0,0.0,0.0,0.11515211313962936,True,too_few_matches,0.3240685999917332
D2_111_nadir,rootsift-lightglue-r2048-k8192,rootsift,lightglue,2048,8192,330,100_0010_0027.JPG,100_0010_0034.JPG,5834,6328,1,0,0.0,0.0,0.0,0.0,0.17670123279094696,True,too_few_matches,0.26293970001279376
D2_111_nadir,rootsift-lightglue-r2048-k8192,rootsift,lightglue,2048,8192,331,100_0010_0027.JPG,100_0010_0035.JPG,5834,6394,4,0,0.0,0.0,0.0,0.0,0.25217998027801514,True,too_few_matches,0.42816020001191646
D2_111_nadir,rootsift-lightglue-r2048-k8192,rootsift,lightglue,2048,8192,332,100_0010_0027.JPG,100_0010_0041.JPG,5834,5882,2007,1961,0.9770802192326856,336.1330133699006,0.546875,0.5625,0.9353430271148682,False,ok,0.06684189999941736
D2_111_nadir,rootsift-lightglue-r2048-k8192,rootsift,lightglue,2048,8192,333,100_0010_0027.JPG,100_0010_0042.JPG,5834,5772,2498,2456,0.9831865492393915,425.5024255024255,0.65625,0.65625,0.9353705644607544,False,ok,0.08720949999406002
D2_111_nadir,rootsift-lightglue-r2048-k8192,rootsift,lightglue,2048,8192,334,100_0010_0027.JPG,100_0010_0043.JPG,5834,5739,2822,2771,0.9819277108433735,482.8367311378289,0.75,0.75,0.9291338324546814,False,ok,0.09245699999155477
D2_111_nadir,rootsift-lightglue-r2048-k8192,rootsift,lightglue,2048,8192,335,100_0010_0027.JPG,100_0010_0044.JPG,5834,5760,2333,2279,0.9768538362623231,395.65972222222223,0.5625,0.5625,0.9263193607330322,False,ok,0.314195099985227
D2_111_nadir,rootsift-lightglue-r2048-k8192,rootsift,lightglue,2048,8192,336,100_0010_0028.JPG,100_0010_0029.JPG,5903,6005,3707,3688,0.9948745616401403,624.7670675927494,0.875,0.875,0.9192636013031006,False,ok,0.18353020001086406
D2_111_nadir,rootsift-lightglue-r2048-k8192,rootsift,lightglue,2048,8192,337,100_0010_0028.JPG,100_0010_0030.JPG,5903,6024,2645,2596,0.9814744801512287,439.7763848890395,0.625,0.625,0.9270650148391724,False,ok,0.3452515999961179
D2_111_nadir,rootsift-lightglue-r2048-k8192,rootsift,lightglue,2048,8192,338,100_0010_0028.JPG,100_0010_0031.JPG,5903,6119,1665,1590,0.954954954954955,269.3545654751821,0.5,0.4375,0.9093238115310669,False,ok,0.3681886999984272
D2_111_nadir,rootsift-lightglue-r2048-k8192,rootsift,lightglue,2048,8192,339,100_0010_0028.JPG,100_0010_0032.JPG,5903,6248,770,678,0.8805194805194805,114.85685244790784,0.25,0.25,0.8822349905967712,False,ok,0.3523233000014443
D2_111_nadir,rootsift-lightglue-r2048-k8192,rootsift,lightglue,2048,8192,340,100_0010_0028.JPG,100_0010_0033.JPG,5903,6384,3,0,0.0,0.0,0.0,0.0,0.18759579956531525,True,too_few_matches,0.3761757000174839
D2_111_nadir,rootsift-lightglue-r2048-k8192,rootsift,lightglue,2048,8192,341,100_0010_0028.JPG,100_0010_0034.JPG,5903,6328,4,0,0.0,0.0,0.0,0.0,0.1310284584760666,True,too_few_matches,0.3442928000004031
D2_111_nadir,rootsift-lightglue-r2048-k8192,rootsift,lightglue,2048,8192,342,100_0010_0028.JPG,100_0010_0035.JPG,5903,6394,3,0,0.0,0.0,0.0,0.0,0.16710691154003143,True,too_few_matches,0.32264060000306927
D2_111_nadir,rootsift-lightglue-r2048-k8192,rootsift,lightglue,2048,8192,343,100_0010_0028.JPG,100_0010_0036.JPG,5903,6441,7,0,0.0,0.0,0.0,0.0,0.2355315387248993,True,too_few_matches,0.4395200000144541
D2_111_nadir,rootsift-lightglue-r2048-k8192,rootsift,lightglue,2048,8192,344,100_0010_0028.JPG,100_0010_0040.JPG,5903,5968,1917,1840,0.9598330725091289,311.7059122480095,0.484375,0.5625,0.917325496673584,False,ok,0.18600489999516867
D2_111_nadir,rootsift-lightglue-r2048-k8192,rootsift,lightglue,2048,8192,345,100_0010_0028.JPG,100_0010_0041.JPG,5903,5882,2537,2487,0.980291683090264,422.81536892213535,0.640625,0.65625,0.9296661615371704,False,ok,0.3044718000164721
D2_111_nadir,rootsift-lightglue-r2048-k8192,rootsift,lightglue,2048,8192,346,100_0010_0028.JPG,100_0010_0042.JPG,5903,5772,2596,2543,0.9795839753466872,440.57519057519056,0.75,0.75,0.9341590404510498,False,ok,0.1371833000157494
D2_111_nadir,rootsift-lightglue-r2048-k8192,rootsift,lightglue,2048,8192,347,100_0010_0028.JPG,100_0010_0043.JPG,5903,5739,2250,2193,0.9746666666666667,382.12232096184005,0.5625,0.5625,0.9310525059700012,False,ok,0.2635999000049196
D2_111_nadir,rootsift-lightglue-r2048-k8192,rootsift,lightglue,2048,8192,348,100_0010_0029.JPG,100_0010_0030.JPG,6005,6024,3615,3575,0.9889349930843707,595.3372189841798,0.84375,0.875,0.9151626229286194,False,ok,0.2675636000058148
D2_111_nadir,rootsift-lightglue-r2048-k8192,rootsift,lightglue,2048,8192,349,100_0010_0029.JPG,100_0010_0031.JPG,6005,6119,2473,2402,0.9712899312575819,400.0,0.625,0.625,0.9139142036437988,False,ok,0.28144330001669005
D2_111_nadir,rootsift-lightglue-r2048-k8192,rootsift,lightglue,2048,8192,350,100_0010_0029.JPG,100_0010_0032.JPG,6005,6248,1363,1230,0.9024211298606016,204.8293089092423,0.5,0.46875,0.8918125629425049,False,ok,0.40887909999582916
D2_111_nadir,rootsift-lightglue-r2048-k8192,rootsift,lightglue,2048,8192,351,100_0010_0029.JPG,100_0010_0033.JPG,6005,6384,582,452,0.7766323024054983,75.27060782681099,0.21875,0.21875,0.8252257704734802,False,ok,0.39679890000843443
D2_111_nadir,rootsift-lightglue-r2048-k8192,rootsift,lightglue,2048,8192,352,100_0010_0029.JPG,100_0010_0034.JPG,6005,6328,569,442,0.7768014059753954,73.60532889258951,0.234375,0.21875,0.8102416396141052,False,ok,0.2770063000207301
D2_111_nadir,rootsift-lightglue-r2048-k8192,rootsift,lightglue,2048,8192,353,100_0010_0029.JPG,100_0010_0035.JPG,6005,6394,527,419,0.7950664136622391,69.7751873438801,0.1875,0.171875,0.8113004565238953,False,ok,0.31370919998153113
D2_111_nadir,rootsift-lightglue-r2048-k8192,rootsift,lightglue,2048,8192,354,100_0010_0029.JPG,100_0010_0036.JPG,6005,6441,389,302,0.7763496143958869,50.29142381348876,0.15625,0.140625,0.8279086351394653,False,ok,0.2633649999916088
D2_111_nadir,rootsift-lightglue-r2048-k8192,rootsift,lightglue,2048,8192,355,100_0010_0029.JPG,100_0010_0037.JPG,6005,6436,418,322,0.7703349282296651,53.62198168193172,0.140625,0.140625,0.8201145529747009,False,ok,0.4536258000007365
D2_111_nadir,rootsift-lightglue-r2048-k8192,rootsift,lightglue,2048,8192,356,100_0010_0029.JPG,100_0010_0039.JPG,6005,6033,1881,1795,0.9542796384901648,298.91756869275605,0.46875,0.515625,0.9124097228050232,False,ok,0.2706170000019483
D2_111_nadir,rootsift-lightglue-r2048-k8192,rootsift,lightglue,2048,8192,357,100_0010_0029.JPG,100_0010_0040.JPG,6005,5968,2509,2446,0.9748903945795138,409.8525469168901,0.5625,0.625,0.9208840131759644,False,ok,0.2316145999939181
D2_111_nadir,rootsift-lightglue-r2048-k8192,rootsift,lightglue,2048,8192,358,100_0010_0029.JPG,100_0010_0041.JPG,6005,5882,2698,2649,0.9818383988139362,450.35702142128525,0.703125,0.75,0.9293240904808044,False,ok,0.4081676000205334
D2_111_nadir,rootsift-lightglue-r2048-k8192,rootsift,lightglue,2048,8192,359,100_0010_0029.JPG,100_0010_0042.JPG,6005,5772,2125,2086,0.9816470588235294,361.3998613998614,0.5625,0.5625,0.9392697215080261,False,ok,0.26086880001821555
D2_111_nadir,rootsift-lightglue-r2048-k8192,rootsift,lightglue,2048,8192,360,100_0010_0030.JPG,100_0010_0031.JPG,6024,6119,3500,3447,0.9848571428571429,572.2111553784861,0.875,0.8125,0.9182051420211792,False,ok,0.24751149999792688
D2_111_nadir,rootsift-lightglue-r2048-k8192,rootsift,lightglue,2048,8192,361,100_0010_0030.JPG,100_0010_0032.JPG,6024,6248,2197,2047,0.9317250796540737,339.80743691899073,0.609375,0.578125,0.9120364785194397,False,ok,0.47069679998094216
D2_111_nadir,rootsift-lightglue-r2048-k8192,rootsift,lightglue,2048,8192,362,100_0010_0030.JPG,100_0010_0033.JPG,6024,6384,1250,1098,0.8784,182.27091633466136,0.390625,0.421875,0.8796807527542114,False,ok,0.3303437999857124
D2_111_nadir,rootsift-lightglue-r2048-k8192,rootsift,lightglue,2048,8192,363,100_0010_0030.JPG,100_0010_0034.JPG,6024,6328,1238,1079,0.8715670436187399,179.1168658698539,0.421875,0.453125,0.8790263533592224,False,ok,0.16552179999416694
D2_111_nadir,rootsift-lightglue-r2048-k8192,rootsift,lightglue,2048,8192,364,100_0010_0030.JPG,100_0010_0035.JPG,6024,6394,1139,1001,0.8788410886742757,166.1686586985392,0.359375,0.375,0.8877177834510803,False,ok,0.13711719997809269
D2_111_nadir,rootsift-lightglue-r2048-k8192,rootsift,lightglue,2048,8192,365,100_0010_0030.JPG,100_0010_0036.JPG,6024,6441,892,755,0.8464125560538116,125.33200531208499,0.265625,0.3125,0.8735511898994446,False,ok,0.27293860001373105
D2_111_nadir,rootsift-lightglue-r2048-k8192,rootsift,lightglue,2048,8192,366,100_0010_0030.JPG,100_0010_0037.JPG,6024,6436,909,761,0.8371837183718371,126.32802124833998,0.28125,0.296875,0.8679994344711304,False,ok,0.3272809000045527
D2_111_nadir,rootsift-lightglue-r2048-k8192,rootsift,lightglue,2048,8192,367,100_0010_0030.JPG,100_0010_0038.JPG,6024,6165,1665,1562,0.9381381381381382,259.2961487383798,0.484375,0.515625,0.9035025238990784,False,ok,0.36292310000862926
D2_111_nadir,rootsift-lightglue-r2048-k8192,rootsift,lightglue,2048,8192,368,100_0010_0030.JPG,100_0010_0039.JPG,6024,6033,2462,2387,0.9695369618196588,396.24833997343956,0.5625,0.625,0.920691192150116,False,ok,0.26324629998998716
D2_111_nadir,rootsift-lightglue-r2048-k8192,rootsift,lightglue,2048,8192,369,100_0010_0030.JPG,100_0010_0040.JPG,6024,5968,2720,2657,0.9768382352941176,445.20777479892763,0.640625,0.703125,0.9217647910118103,False,ok,0.2685512999887578
D2_111_nadir,rootsift-lightglue-r2048-k8192,rootsift,lightglue,2048,8192,370,100_0010_0030.JPG,100_0010_0041.JPG,6024,5882,2079,2015,0.9692159692159692,342.570554233254,0.5625,0.5625,0.9223780035972595,False,ok,0.39560099999653175
D2_111_nadir,rootsift-lightglue-r2048-k8192,rootsift,lightglue,2048,8192,371,100_0010_0031.JPG,100_0010_0032.JPG,6119,6248,3131,3039,0.9706164164803577,496.649779375715,0.875,0.84375,0.8857178688049316,False,ok,0.28392680000979453
D2_111_nadir,rootsift-lightglue-r2048-k8192,rootsift,lightglue,2048,8192,372,100_0010_0031.JPG,100_0010_0033.JPG,6119,6384,1922,1760,0.9157127991675338,287.62869749959145,0.625,0.609375,0.8915789127349854,False,ok,0.30407969999942
D2_111_nadir,rootsift-lightglue-r2048-k8192,rootsift,lightglue,2048,8192,373,100_0010_0031.JPG,100_0010_0034.JPG,6119,6328,1908,1741,0.9124737945492662,284.5236149697663,0.625,0.59375,0.89649897813797,False,ok,0.37588849998428486
D2_111_nadir,rootsift-lightglue-r2048-k8192,rootsift,lightglue,2048,8192,374,100_0010_0031.JPG,100_0010_0035.JPG,6119,6394,1711,1561,0.9123319696084161,255.1070436345808,0.53125,0.515625,0.908682107925415,False,ok,0.4758852999948431
D2_111_nadir,rootsift-lightglue-r2048-k8192,rootsift,lightglue,2048,8192,375,100_0010_0031.JPG,100_0010_0036.JPG,6119,6441,1389,1235,0.8891288696904248,201.83036443863375,0.4375,0.4375,0.8920400738716125,False,ok,0.3552966999995988
D2_111_nadir,rootsift-lightglue-r2048-k8192,rootsift,lightglue,2048,8192,376,100_0010_0031.JPG,100_0010_0037.JPG,6119,6436,1437,1266,0.8810020876826722,206.89655172413794,0.46875,0.515625,0.8836791515350342,False,ok,0.3036291999742389
D2_111_nadir,rootsift-lightglue-r2048-k8192,rootsift,lightglue,2048,8192,377,100_0010_0031.JPG,100_0010_0038.JPG,6119,6165,2274,2174,0.9560246262093228,355.28681157051807,0.640625,0.640625,0.9103369116783142,False,ok,0.24444119998952374
D2_111_nadir,rootsift-lightglue-r2048-k8192,rootsift,lightglue,2048,8192,378,100_0010_0031.JPG,100_0010_0039.JPG,6119,6033,2538,2477,0.9759653270291568,410.57516989888944,0.65625,0.71875,0.9207953214645386,False,ok,0.3642556999984663
D2_111_nadir,rootsift-lightglue-r2048-k8192,rootsift,lightglue,2048,8192,379,100_0010_0031.JPG,100_0010_0040.JPG,6119,5968,2052,1971,0.9605263157894737,330.2613941018767,0.546875,0.546875,0.9181961417198181,False,ok,0.2720430000044871
D2_111_nadir,rootsift-lightglue-r2048-k8192,rootsift,lightglue,2048,8192,380,100_0010_0032.JPG,100_0010_0033.JPG,6248,6384,2881,2690,0.9337035751475182,430.5377720870679,0.828125,0.8125,0.8794411420822144,False,ok,0.3336494999821298
D2_111_nadir,rootsift-lightglue-r2048-k8192,rootsift,lightglue,2048,8192,381,100_0010_0032.JPG,100_0010_0034.JPG,6248,6328,2835,2660,0.9382716049382716,425.7362355953905,0.828125,0.828125,0.8808169960975647,False,ok,0.34104280002065934
D2_111_nadir,rootsift-lightglue-r2048-k8192,rootsift,lightglue,2048,8192,382,100_0010_0032.JPG,100_0010_0035.JPG,6248,6394,2448,2282,0.9321895424836601,365.2368758002561,0.75,0.703125,0.8974354267120361,False,ok,0.4952627000166103
D2_111_nadir,rootsift-lightglue-r2048-k8192,rootsift,lightglue,2048,8192,383,100_0010_0032.JPG,100_0010_0036.JPG,6248,6441,1944,1761,0.9058641975308642,281.85019206145967,0.59375,0.578125,0.888304591178894,False,ok,0.42619359999662265
D2_111_nadir,rootsift-lightglue-r2048-k8192,rootsift,lightglue,2048,8192,384,100_0010_0032.JPG,100_0010_0037.JPG,6248,6436,1949,1771,0.9086711133914828,283.4507042253521,0.5625,0.5625,0.8904414176940918,False,ok,0.3549990999745205
D2_111_nadir,rootsift-lightglue-r2048-k8192,rootsift,lightglue,2048,8192,385,100_0010_0032.JPG,100_0010_0038.JPG,6248,6165,2346,2215,0.9441602728047741,359.28629359286293,0.703125,0.71875,0.9068822264671326,False,ok,0.36660789998131804
D2_111_nadir,rootsift-lightglue-r2048-k8192,rootsift,lightglue,2048,8192,386,100_0010_0032.JPG,100_0010_0039.JPG,6248,6033,1725,1586,0.9194202898550725,262.8874523454335,0.515625,0.5625,0.903548538684845,False,ok,0.26100729999598116
D2_111_nadir,rootsift-lightglue-r2048-k8192,rootsift,lightglue,2048,8192,387,100_0010_0032.JPG,100_0010_0040.JPG,6248,5968,1293,1148,0.8878576952822892,192.3592493297587,0.4375,0.453125,0.8891720771789551,False,ok,0.23314939998090267
D2_111_nadir,rootsift-lightglue-r2048-k8192,rootsift,lightglue,2048,8192,388,100_0010_0033.JPG,100_0010_0034.JPG,6384,6328,4354,4314,0.9908130454754249,681.7319848293299,0.96875,0.96875,0.8667444586753845,False,ok,0.45490449998760596
D2_111_nadir,rootsift-lightglue-r2048-k8192,rootsift,lightglue,2048,8192,389,100_0010_0033.JPG,100_0010_0035.JPG,6384,6394,3339,3189,0.9550763701707098,499.53007518796994,0.828125,0.78125,0.8892737627029419,False,ok,0.5215861999895424
D2_111_nadir,rootsift-lightglue-r2048-k8192,rootsift,lightglue,2048,8192,390,100_0010_0033.JPG,100_0010_0036.JPG,6384,6441,2483,2373,0.9556987515102698,371.7105263157895,0.625,0.625,0.8742831945419312,False,ok,0.3711223999853246
D2_111_nadir,rootsift-lightglue-r2048-k8192,rootsift,lightglue,2048,8192,391,100_0010_0033.JPG,100_0010_0037.JPG,6384,6436,2445,2346,0.9595092024539877,367.4812030075188,0.640625,0.609375,0.8815751075744629,False,ok,0.15382340000360273
D2_111_nadir,rootsift-lightglue-r2048-k8192,rootsift,lightglue,2048,8192,392,100_0010_0033.JPG,100_0010_0038.JPG,6384,6165,1578,1434,0.908745247148289,232.60340632603408,0.5625,0.546875,0.8970204591751099,False,ok,0.1543903000128921
D2_111_nadir,rootsift-lightglue-r2048-k8192,rootsift,lightglue,2048,8192,393,100_0010_0033.JPG,100_0010_0039.JPG,6384,6033,1042,921,0.8838771593090211,152.66036797613128,0.4375,0.375,0.8888822793960571,False,ok,0.39347099998849444
D2_111_nadir,rootsift-lightglue-r2048-k8192,rootsift,lightglue,2048,8192,394,100_0010_0033.JPG,100_0010_0040.JPG,6384,5968,655,568,0.867175572519084,95.17426273458445,0.265625,0.25,0.8301904201507568,False,ok,0.2317398999875877
D2_111_nadir,rootsift-lightglue-r2048-k8192,rootsift,lightglue,2048,8192,395,100_0010_0033.JPG,100_0010_0041.JPG,6384,5882,207,145,0.7004830917874396,24.651479088745326,0.125,0.0625,0.6972047090530396,False,ok,0.5217358999943826
D2_111_nadir,rootsift-lightglue-r2048-k8192,rootsift,lightglue,2048,8192,396,100_0010_0034.JPG,100_0010_0035.JPG,6328,6394,3403,3266,0.9597414046429621,516.118836915297,0.84375,0.828125,0.8869779706001282,False,ok,0.4558486999885645
D2_111_nadir,rootsift-lightglue-r2048-k8192,rootsift,lightglue,2048,8192,397,100_0010_0034.JPG,100_0010_0036.JPG,6328,6441,2544,2436,0.9575471698113207,384.95575221238937,0.6875,0.671875,0.8800503015518188,False,ok,0.3261301000020467
D2_111_nadir,rootsift-lightglue-r2048-k8192,rootsift,lightglue,2048,8192,398,100_0010_0034.JPG,100_0010_0037.JPG,6328,6436,2468,2366,0.9586709886547812,373.8938053097345,0.6875,0.65625,0.8779013752937317,False,ok,0.2434175999951549
D2_111_nadir,rootsift-lightglue-r2048-k8192,rootsift,lightglue,2048,8192,399,100_0010_0034.JPG,100_0010_0038.JPG,6328,6165,1600,1467,0.916875,237.95620437956205,0.59375,0.5625,0.897550642490387,False,ok,0.4758062000037171
D2_111_nadir,rootsift-lightglue-r2048-k8192,rootsift,lightglue,2048,8192,400,100_0010_0034.JPG,100_0010_0039.JPG,6328,6033,1064,934,0.8778195488721805,154.81518315929057,0.453125,0.375,0.8806148767471313,False,ok,0.4373810999968555
D2_111_nadir,rootsift-lightglue-r2048-k8192,rootsift,lightglue,2048,8192,401,100_0010_0034.JPG,100_0010_0040.JPG,6328,5968,660,572,0.8666666666666667,95.84450402144772,0.265625,0.234375,0.8380154967308044,False,ok,0.08538800000678748
D2_111_nadir,rootsift-lightglue-r2048-k8192,rootsift,lightglue,2048,8192,402,100_0010_0034.JPG,100_0010_0041.JPG,6328,5882,192,139,0.7239583333333334,23.631417885073105,0.109375,0.0625,0.6854869723320007,False,ok,0.5342753999866545
D2_111_nadir,rootsift-lightglue-r2048-k8192,rootsift,lightglue,2048,8192,403,100_0010_0034.JPG,100_0010_0042.JPG,6328,5772,4,0,0.0,0.0,0.0,0.0,0.24941982328891754,True,too_few_matches,0.3565396999765653
D2_111_nadir,rootsift-lightglue-r2048-k8192,rootsift,lightglue,2048,8192,404,100_0010_0035.JPG,100_0010_0036.JPG,6394,6441,3251,3165,0.973546601045832,494.995308101345,0.859375,0.828125,0.866844892501831,False,ok,0.2634764999966137
D2_111_nadir,rootsift-lightglue-r2048-k8192,rootsift,lightglue,2048,8192,405,100_0010_0035.JPG,100_0010_0037.JPG,6394,6436,3142,3061,0.9742202418841502,478.7300594307163,0.828125,0.8125,0.8797740340232849,False,ok,0.36224200000287965
D2_111_nadir,rootsift-lightglue-r2048-k8192,rootsift,lightglue,2048,8192,406,100_0010_0035.JPG,100_0010_0038.JPG,6394,6165,1867,1718,0.9201928227102303,278.6699107866991,0.65625,0.65625,0.9005450010299683,False,ok,0.48021979999612086
D2_111_nadir,rootsift-lightglue-r2048-k8192,rootsift,lightglue,2048,8192,407,100_0010_0035.JPG,100_0010_0039.JPG,6394,6033,1130,990,0.8761061946902655,164.09746394828443,0.484375,0.40625,0.8877806663513184,False,ok,0.3665138999931514
D2_111_nadir,rootsift-lightglue-r2048-k8192,rootsift,lightglue,2048,8192,408,100_0010_0035.JPG,100_0010_0040.JPG,6394,5968,690,595,0.8623188405797102,99.69839142091153,0.234375,0.203125,0.840155303478241,False,ok,0.3247851000051014
D2_111_nadir,rootsift-lightglue-r2048-k8192,rootsift,lightglue,2048,8192,409,100_0010_0035.JPG,100_0010_0041.JPG,6394,5882,199,153,0.7688442211055276,26.01156069364162,0.171875,0.09375,0.686182975769043,False,ok,0.3827942000061739
D2_111_nadir,rootsift-lightglue-r2048-k8192,rootsift,lightglue,2048,8192,410,100_0010_0035.JPG,100_0010_0042.JPG,6394,5772,1,0,0.0,0.0,0.0,0.0,0.12730567157268524,True,too_few_matches,0.2842685999930836
D2_111_nadir,rootsift-lightglue-r2048-k8192,rootsift,lightglue,2048,8192,411,100_0010_0035.JPG,100_0010_0043.JPG,6394,5739,2,0,0.0,0.0,0.0,0.0,0.21126389503479004,True,too_few_matches,0.5028499999898486
D2_111_nadir,rootsift-lightglue-r2048-k8192,rootsift,lightglue,2048,8192,412,100_0010_0035.JPG,100_0010_0067.JPG,6394,6339,1132,992,0.8763250883392226,156.49156018299416,0.4375,0.4375,0.861493706703186,False,ok,0.2861121000023559
D2_111_nadir,rootsift-lightglue-r2048-k8192,rootsift,lightglue,2048,8192,413,100_0010_0035.JPG,100_0010_0068.JPG,6394,6519,1324,1176,0.8882175226586103,183.92242727557084,0.484375,0.5,0.8352465033531189,False,ok,0.2830662000051234
D2_111_nadir,rootsift-lightglue-r2048-k8192,rootsift,lightglue,2048,8192,414,100_0010_0036.JPG,100_0010_0037.JPG,6441,6436,4351,4268,0.9809239255343599,663.1448104412679,0.96875,0.96875,0.8703053593635559,False,ok,0.4069636999920476
D2_111_nadir,rootsift-lightglue-r2048-k8192,rootsift,lightglue,2048,8192,415,100_0010_0036.JPG,100_0010_0038.JPG,6441,6165,2304,2140,0.9288194444444444,347.12084347120845,0.765625,0.75,0.8906011581420898,False,ok,0.5225975000066683
D2_111_nadir,rootsift-lightglue-r2048-k8192,rootsift,lightglue,2048,8192,416,100_0010_0036.JPG,100_0010_0039.JPG,6441,6033,1420,1265,0.8908450704225352,209.6800928228079,0.59375,0.53125,0.8699675798416138,False,ok,0.3613311000226531
D2_111_nadir,rootsift-lightglue-r2048-k8192,rootsift,lightglue,2048,8192,417,100_0010_0036.JPG,100_0010_0040.JPG,6441,5968,829,719,0.8673100120627262,120.47587131367293,0.328125,0.34375,0.8655424118041992,False,ok,0.3138312000082806
D2_111_nadir,rootsift-lightglue-r2048-k8192,rootsift,lightglue,2048,8192,418,100_0010_0036.JPG,100_0010_0041.JPG,6441,5882,250,181,0.724,30.771846310778646,0.15625,0.09375,0.7429776787757874,False,ok,0.39573980000568554
D2_111_nadir,rootsift-lightglue-r2048-k8192,rootsift,lightglue,2048,8192,419,100_0010_0036.JPG,100_0010_0042.JPG,6441,5772,8,7,0.875,1.2127512127512128,0.03125,0.0625,0.20219317078590393,True,ok,0.21417910000309348
D2_111_nadir,rootsift-lightglue-r2048-k8192,rootsift,lightglue,2048,8192,420,100_0010_0036.JPG,100_0010_0043.JPG,6441,5739,8,7,0.875,1.2197246907126678,0.046875,0.078125,0.20413924753665924,True,ok,0.1653492999903392
D2_111_nadir,rootsift-lightglue-r2048-k8192,rootsift,lightglue,2048,8192,421,100_0010_0036.JPG,100_0010_0044.JPG,6441,5760,1,0,0.0,0.0,0.0,0.0,0.20078803598880768,True,too_few_matches,0.47299010001006536
D2_111_nadir,rootsift-lightglue-r2048-k8192,rootsift,lightglue,2048,8192,422,100_0010_0036.JPG,100_0010_0066.JPG,6441,6035,1002,843,0.8413173652694611,139.6851698425849,0.515625,0.453125,0.8487522006034851,False,ok,0.2228350999939721
D2_111_nadir,rootsift-lightglue-r2048-k8192,rootsift,lightglue,2048,8192,423,100_0010_0036.JPG,100_0010_0067.JPG,6441,6339,1678,1491,0.8885578069129917,235.21060104117367,0.5625,0.59375,0.8518706560134888,False,ok,0.4443320999853313
D2_111_nadir,rootsift-lightglue-r2048-k8192,rootsift,lightglue,2048,8192,424,100_0010_0036.JPG,100_0010_0068.JPG,6441,6519,1994,1752,0.8786359077231695,272.007452258966,0.578125,0.609375,0.8510286808013916,False,ok,0.3881194999848958
D2_111_nadir,rootsift-lightglue-r2048-k8192,rootsift,lightglue,2048,8192,425,100_0010_0037.JPG,100_0010_0038.JPG,6436,6165,2308,2142,0.9280762564991335,347.44525547445255,0.796875,0.796875,0.8906753659248352,False,ok,0.37659899998106994
D2_111_nadir,rootsift-lightglue-r2048-k8192,rootsift,lightglue,2048,8192,426,100_0010_0037.JPG,100_0010_0039.JPG,6436,6033,1433,1270,0.8862526168876483,210.50886789325378,0.609375,0.578125,0.8679344058036804,False,ok,0.222835299995495
D2_111_nadir,rootsift-lightglue-r2048-k8192,rootsift,lightglue,2048,8192,427,100_0010_0037.JPG,100_0010_0040.JPG,6436,5968,873,745,0.8533791523482245,124.83243967828419,0.34375,0.34375,0.8609687685966492,False,ok,0.36604879997321405
D2_111_nadir,rootsift-lightglue-r2048-k8192,rootsift,lightglue,2048,8192,428,100_0010_0037.JPG,100_0010_0041.JPG,6436,5882,293,202,0.689419795221843,34.34206052363142,0.203125,0.1875,0.7402663230895996,False,ok,0.4705248999816831
D2_111_nadir,rootsift-lightglue-r2048-k8192,rootsift,lightglue,2048,8192,429,100_0010_0037.JPG,100_0010_0042.JPG,6436,5772,5,0,0.0,0.0,0.0,0.0,0.14752580225467682,True,too_few_matches,0.32138199999462813
D2_111_nadir,rootsift-lightglue-r2048-k8192,rootsift,lightglue,2048,8192,430,100_0010_0037.JPG,100_0010_0043.JPG,6436,5739,4,0,0.0,0.0,0.0,0.0,0.22450843453407288,True,too_few_matches,0.3238508000213187
D2_111_nadir,rootsift-lightglue-r2048-k8192,rootsift,lightglue,2048,8192,431,100_0010_0037.JPG,100_0010_0044.JPG,6436,5760,1,0,0.0,0.0,0.0,0.0,0.2948119342327118,True,too_few_matches,0.3400874999933876
D2_111_nadir,rootsift-lightglue-r2048-k8192,rootsift,lightglue,2048,8192,432,100_0010_0037.JPG,100_0010_0045.JPG,6436,5763,0,0,0.0,0.0,0.0,0.0,0.0,True,no_matches,0.4054355999978725
D2_111_nadir,rootsift-lightglue-r2048-k8192,rootsift,lightglue,2048,8192,433,100_0010_0037.JPG,100_0010_0066.JPG,6436,6035,1003,828,0.8255234297108675,137.1996685998343,0.546875,0.484375,0.8454205393791199,False,ok,0.4277548000100069
D2_111_nadir,rootsift-lightglue-r2048-k8192,rootsift,lightglue,2048,8192,434,100_0010_0037.JPG,100_0010_0067.JPG,6436,6339,1718,1511,0.8795110593713621,238.36567281905664,0.59375,0.609375,0.8507431149482727,False,ok,0.41682260000379756
D2_111_nadir,rootsift-lightglue-r2048-k8192,rootsift,lightglue,2048,8192,435,100_0010_0037.JPG,100_0010_0068.JPG,6436,6519,2029,1802,0.8881222276983736,279.9875699192045,0.609375,0.609375,0.8415777683258057,False,ok,0.36185759998625144
D2_111_nadir,rootsift-lightglue-r2048-k8192,rootsift,lightglue,2048,8192,436,100_0010_0038.JPG,100_0010_0039.JPG,6165,6033,3110,3057,0.9829581993569132,506.71307807061163,0.828125,0.875,0.9124987721443176,False,ok,0.23336020001443103
D2_111_nadir,rootsift-lightglue-r2048-k8192,rootsift,lightglue,2048,8192,437,100_0010_0038.JPG,100_0010_0040.JPG,6165,5968,2290,2148,0.9379912663755459,359.9195710455764,0.59375,0.609375,0.9235110878944397,False,ok,0.3254771000065375
D2_111_nadir,rootsift-lightglue-r2048-k8192,rootsift,lightglue,2048,8192,438,100_0010_0038.JPG,100_0010_0041.JPG,6165,5882,1434,1311,0.9142259414225942,222.88337300238015,0.453125,0.484375,0.9072446227073669,False,ok,0.41199049999704584
D2_111_nadir,rootsift-lightglue-r2048-k8192,rootsift,lightglue,2048,8192,439,100_0010_0038.JPG,100_0010_0042.JPG,6165,5772,887,802,0.9041713641488163,138.94663894663896,0.25,0.25,0.8999983072280884,False,ok,0.28312750000623055
D2_111_nadir,rootsift-lightglue-r2048-k8192,rootsift,lightglue,2048,8192,440,100_0010_0038.JPG,100_0010_0043.JPG,6165,5739,95,68,0.7157894736842105,11.848754138351628,0.09375,0.078125,0.6875936388969421,False,ok,0.4257194000238087
D2_111_nadir,rootsift-lightglue-r2048-k8192,rootsift,lightglue,2048,8192,441,100_0010_0038.JPG,100_0010_0044.JPG,6165,5760,17,11,0.6470588235294118,1.9097222222222223,0.078125,0.09375,0.24794448912143707,True,ok,0.42150039999978617
D2_111_nadir,rootsift-lightglue-r2048-k8192,rootsift,lightglue,2048,8192,442,100_0010_0038.JPG,100_0010_0045.JPG,6165,5763,11,8,0.7272727272727273,1.3881658858233559,0.0625,0.109375,0.21766020357608795,True,ok,0.42618599999696016
D2_111_nadir,rootsift-lightglue-r2048-k8192,rootsift,lightglue,2048,8192,443,100_0010_0038.JPG,100_0010_0046.JPG,6165,5706,9,7,0.7777777777777778,1.2267788293024886,0.078125,0.078125,0.20103079080581665,True,ok,0.282211699988693
D2_111_nadir,rootsift-lightglue-r2048-k8192,rootsift,lightglue,2048,8192,444,100_0010_0038.JPG,100_0010_0066.JPG,6165,6035,2296,2181,0.9499128919860628,361.39188069594036,0.65625,0.71875,0.9220229983329773,False,ok,0.3043063000077382
D2_111_nadir,rootsift-lightglue-r2048-k8192,rootsift,lightglue,2048,8192,445,100_0010_0038.JPG,100_0010_0067.JPG,6165,6339,2045,1865,0.9119804400977995,302.51419302514194,0.734375,0.671875,0.8808322548866272,False,ok,0.3105740000028163
D2_111_nadir,rootsift-lightglue-r2048-k8192,rootsift,lightglue,2048,8192,446,100_0010_0038.JPG,100_0010_0068.JPG,6165,6519,1301,1063,0.8170637970791699,172.4249797242498,0.640625,0.59375,0.809722900390625,False,ok,0.11808410001685843
D2_111_nadir,rootsift-lightglue-r2048-k8192,rootsift,lightglue,2048,8192,447,100_0010_0039.JPG,100_0010_0040.JPG,6033,5968,3622,3576,0.9872998343456654,599.1957104557641,0.859375,0.859375,0.918539822101593,False,ok,0.12652130000060424
D2_111_nadir,rootsift-lightglue-r2048-k8192,rootsift,lightglue,2048,8192,448,100_0010_0039.JPG,100_0010_0041.JPG,6033,5882,2542,2469,0.9712824547600315,419.7551853111187,0.625,0.625,0.9150155186653137,False,ok,0.42588419999810867
D2_111_nadir,rootsift-lightglue-r2048-k8192,rootsift,lightglue,2048,8192,449,100_0010_0039.JPG,100_0010_0042.JPG,6033,5772,1803,1743,0.9667221297836939,301.975051975052,0.5,0.5,0.9184145927429199,False,ok,0.23187360001611523
D2_111_nadir,rootsift-lightglue-r2048-k8192,rootsift,lightglue,2048,8192,450,100_0010_0039.JPG,100_0010_0043.JPG,6033,5739,997,942,0.9448345035105316,164.14009409304757,0.25,0.25,0.8967528343200684,False,ok,0.256186600017827
D2_111_nadir,rootsift-lightglue-r2048-k8192,rootsift,lightglue,2048,8192,451,100_0010_0039.JPG,100_0010_0044.JPG,6033,5760,15,9,0.6,1.5625,0.09375,0.078125,0.2796490490436554,True,ok,0.43483260000357404
D2_111_nadir,rootsift-lightglue-r2048-k8192,rootsift,lightglue,2048,8192,452,100_0010_0039.JPG,100_0010_0045.JPG,6033,5763,9,7,0.7777777777777778,1.2146451500954365,0.109375,0.109375,0.1785815805196762,True,ok,0.45219680000445805
D2_111_nadir,rootsift-lightglue-r2048-k8192,rootsift,lightglue,2048,8192,453,100_0010_0039.JPG,100_0010_0046.JPG,6033,5706,6,0,0.0,0.0,0.0,0.0,0.2125735878944397,True,too_few_matches,0.324112200003583
D2_111_nadir,rootsift-lightglue-r2048-k8192,rootsift,lightglue,2048,8192,454,100_0010_0039.JPG,100_0010_0047.JPG,6033,5866,0,0,0.0,0.0,0.0,0.0,0.0,True,no_matches,0.2875523999973666
D2_111_nadir,rootsift-lightglue-r2048-k8192,rootsift,lightglue,2048,8192,455,100_0010_0039.JPG,100_0010_0064.JPG,6033,5774,1914,1849,0.9660397074190178,320.22861101489434,0.546875,0.5625,0.9088888168334961,False,ok,0.43762720000813715
D2_111_nadir,rootsift-lightglue-r2048-k8192,rootsift,lightglue,2048,8192,456,100_0010_0039.JPG,100_0010_0065.JPG,6033,5863,2540,2472,0.9732283464566929,421.6271533344704,0.75,0.734375,0.9077027440071106,False,ok,0.2709092999866698
D2_111_nadir,rootsift-lightglue-r2048-k8192,rootsift,lightglue,2048,8192,457,100_0010_0039.JPG,100_0010_0066.JPG,6033,6035,2449,2371,0.9681502654144549,393.00513840543675,0.75,0.75,0.9058837294578552,False,ok,0.23304880000068806
D2_111_nadir,rootsift-lightglue-r2048-k8192,rootsift,lightglue,2048,8192,458,100_0010_0039.JPG,100_0010_0067.JPG,6033,6339,1388,1229,0.8854466858789626,203.71291231559755,0.5625,0.5625,0.881076455116272,False,ok,0.527720899990527
D2_111_nadir,rootsift-lightglue-r2048-k8192,rootsift,lightglue,2048,8192,459,100_0010_0039.JPG,100_0010_0068.JPG,6033,6519,784,565,0.7206632653061225,93.65158296038454,0.46875,0.453125,0.7888041734695435,False,ok,0.3975231999938842
D2_111_nadir,rootsift-lightglue-r2048-k8192,rootsift,lightglue,2048,8192,460,100_0010_0040.JPG,100_0010_0041.JPG,5968,5882,3606,3571,0.990293954520244,607.1064263855832,0.84375,0.875,0.9209253787994385,False,ok,0.32908980001229793
D2_111_nadir,rootsift-lightglue-r2048-k8192,rootsift,lightglue,2048,8192,461,100_0010_0040.JPG,100_0010_0042.JPG,5968,5772,2657,2604,0.9800526910048928,451.14345114345116,0.625,0.625,0.924778401851654,False,ok,0.22489370001130737
D2_111_nadir,rootsift-lightglue-r2048-k8192,rootsift,lightglue,2048,8192,462,100_0010_0040.JPG,100_0010_0043.JPG,5968,5739,1736,1689,0.972926267281106,294.302143230528,0.5,0.484375,0.92082279920578,False,ok,0.4232095000043046
D2_111_nadir,rootsift-lightglue-r2048-k8192,rootsift,lightglue,2048,8192,463,100_0010_0040.JPG,100_0010_0044.JPG,5968,5760,853,790,0.9261430246189918,137.15277777777777,0.25,0.25,0.8760978579521179,False,ok,0.2589881999883801
D2_111_nadir,rootsift-lightglue-r2048-k8192,rootsift,lightglue,2048,8192,464,100_0010_0040.JPG,100_0010_0045.JPG,5968,5763,24,11,0.4583333333333333,1.9087280930071144,0.09375,0.125,0.27805936336517334,True,ok,0.26338309998391196
D2_111_nadir,rootsift-lightglue-r2048-k8192,rootsift,lightglue,2048,8192,465,100_0010_0040.JPG,100_0010_0046.JPG,5968,5706,18,10,0.5555555555555556,1.752541184717841,0.0625,0.078125,0.25001847743988037,True,ok,0.44344489998184144
D2_111_nadir,rootsift-lightglue-r2048-k8192,rootsift,lightglue,2048,8192,466,100_0010_0040.JPG,100_0010_0047.JPG,5968,5866,1,0,0.0,0.0,0.0,0.0,0.136221244931221,True,too_few_matches,0.316229200019734
D2_111_nadir,rootsift-lightglue-r2048-k8192,rootsift,lightglue,2048,8192,467,100_0010_0040.JPG,100_0010_0048.JPG,5968,5962,6,0,0.0,0.0,0.0,0.0,0.18403227627277374,True,too_few_matches,0.24311810001381673
D2_111_nadir,rootsift-lightglue-r2048-k8192,rootsift,lightglue,2048,8192,468,100_0010_0040.JPG,100_0010_0063.JPG,5968,5828,2091,2027,0.9693926351028216,347.8037062457104,0.546875,0.5625,0.9232492446899414,False,ok,0.3012674000055995
D2_111_nadir,rootsift-lightglue-r2048-k8192,rootsift,lightglue,2048,8192,469,100_0010_0040.JPG,100_0010_0064.JPG,5968,5774,2473,2421,0.9789729073999192,419.2933841357811,0.6875,0.75,0.9202196002006531,False,ok,0.3602738000045065
D2_111_nadir,rootsift-lightglue-r2048-k8192,rootsift,lightglue,2048,8192,470,100_0010_0040.JPG,100_0010_0065.JPG,5968,5863,2614,2556,0.9778117827084928,435.9542896128262,0.734375,0.6875,0.9166451096534729,False,ok,0.16147419999470003
D2_111_nadir,rootsift-lightglue-r2048-k8192,rootsift,lightglue,2048,8192,471,100_0010_0040.JPG,100_0010_0066.JPG,5968,6035,1903,1815,0.953757225433526,304.1219839142091,0.546875,0.5625,0.9115007519721985,False,ok,0.3543319000164047
D2_111_nadir,rootsift-lightglue-r2048-k8192,rootsift,lightglue,2048,8192,472,100_0010_0041.JPG,100_0010_0042.JPG,5882,5772,3690,3662,0.9924119241192412,634.4421344421345,0.875,0.875,0.9226818084716797,False,ok,0.25799369998276234
D2_111_nadir,rootsift-lightglue-r2048-k8192,rootsift,lightglue,2048,8192,473,100_0010_0041.JPG,100_0010_0043.JPG,5882,5739,2692,2642,0.9814264487369985,460.3589475518383,0.625,0.625,0.9219183325767517,False,ok,0.24584740001591854
D2_111_nadir,rootsift-lightglue-r2048-k8192,rootsift,lightglue,2048,8192,474,100_0010_0041.JPG,100_0010_0044.JPG,5882,5760,1732,1674,0.9665127020785219,290.625,0.5,0.5,0.9254134893417358,False,ok,0.33540099998936057
D2_111_nadir,rootsift-lightglue-r2048-k8192,rootsift,lightglue,2048,8192,475,100_0010_0041.JPG,100_0010_0045.JPG,5882,5763,899,845,0.9399332591768632,146.62502169009196,0.25,0.25,0.9027169942855835,False,ok,0.26485010000760667
D2_111_nadir,rootsift-lightglue-r2048-k8192,rootsift,lightglue,2048,8192,476,100_0010_0041.JPG,100_0010_0046.JPG,5882,5706,1,0,0.0,0.0,0.0,0.0,0.10271269828081131,True,too_few_matches,0.22908089999691583
D2_111_nadir,rootsift-lightglue-r2048-k8192,rootsift,lightglue,2048,8192,477,100_0010_0041.JPG,100_0010_0047.JPG,5882,5866,2,0,0.0,0.0,0.0,0.0,0.1800713688135147,True,too_few_matches,0.1592094000079669
D2_111_nadir,rootsift-lightglue-r2048-k8192,rootsift,lightglue,2048,8192,478,100_0010_0041.JPG,100_0010_0048.JPG,5882,5962,2,0,0.0,0.0,0.0,0.0,0.2828369736671448,True,too_few_matches,0.33523530000820756
D2_111_nadir,rootsift-lightglue-r2048-k8192,rootsift,lightglue,2048,8192,479,100_0010_0041.JPG,100_0010_0049.JPG,5882,5922,1,0,0.0,0.0,0.0,0.0,0.1422223448753357,True,too_few_matches,0.36310519999824464
D2_111_nadir,rootsift-lightglue-r2048-k8192,rootsift,lightglue,2048,8192,480,100_0010_0041.JPG,100_0010_0062.JPG,5882,5702,2162,2125,0.982886216466235,372.6762539459839,0.5625,0.5625,0.9408420920372009,False,ok,0.3741372000076808
D2_111_nadir,rootsift-lightglue-r2048-k8192,rootsift,lightglue,2048,8192,481,100_0010_0041.JPG,100_0010_0063.JPG,5882,5828,2707,2673,0.9874399704469893,458.6479066575154,0.671875,0.734375,0.9316768050193787,False,ok,0.28393470001174137
D2_111_nadir,rootsift-lightglue-r2048-k8192,rootsift,lightglue,2048,8192,482,100_0010_0041.JPG,100_0010_0064.JPG,5882,5774,2692,2653,0.9855126300148589,459.4735019050918,0.75,0.703125,0.9286824464797974,False,ok,0.24758909997763112
D2_111_nadir,rootsift-lightglue-r2048-k8192,rootsift,lightglue,2048,8192,483,100_0010_0041.JPG,100_0010_0109.JPG,5882,5989,0,0,0.0,0.0,0.0,0.0,0.0,True,no_matches,0.4733725000114646
D2_111_nadir,rootsift-lightglue-r2048-k8192,rootsift,lightglue,2048,8192,484,100_0010_0041.JPG,100_0010_0110.JPG,5882,5988,0,0,0.0,0.0,0.0,0.0,0.0,True,no_matches,0.33438059999025427
D2_111_nadir,rootsift-lightglue-r2048-k8192,rootsift,lightglue,2048,8192,485,100_0010_0042.JPG,100_0010_0043.JPG,5772,5739,3704,3668,0.990280777537797,639.1357379334379,0.875,0.875,0.9203516244888306,False,ok,0.16156810001120903
D2_111_nadir,rootsift-lightglue-r2048-k8192,rootsift,lightglue,2048,8192,486,100_0010_0042.JPG,100_0010_0044.JPG,5772,5760,2675,2618,0.9786915887850467,454.5138888888889,0.625,0.625,0.922415018081665,False,ok,0.3243382000073325
D2_111_nadir,rootsift-lightglue-r2048-k8192,rootsift,lightglue,2048,8192,487,100_0010_0042.JPG,100_0010_0045.JPG,5772,5763,1737,1688,0.971790443293034,292.9030019087281,0.5,0.5,0.9375491738319397,False,ok,0.26367109999409877
D2_111_nadir,rootsift-lightglue-r2048-k8192,rootsift,lightglue,2048,8192,488,100_0010_0042.JPG,100_0010_0046.JPG,5772,5706,931,879,0.9441460794844253,154.04837013669822,0.25,0.25,0.9401803612709045,False,ok,0.2228031000122428
D2_111_nadir,rootsift-lightglue-r2048-k8192,rootsift,lightglue,2048,8192,489,100_0010_0042.JPG,100_0010_0047.JPG,5772,5866,123,96,0.7804878048780488,16.632016632016633,0.09375,0.078125,0.6935309171676636,False,ok,0.37965020001865923
D2_111_nadir,rootsift-lightglue-r2048-k8192,rootsift,lightglue,2048,8192,490,100_0010_0042.JPG,100_0010_0048.JPG,5772,5962,14,10,0.7142857142857143,1.7325017325017324,0.109375,0.109375,0.2143736034631729,True,ok,0.4867056999937631
D2_111_nadir,rootsift-lightglue-r2048-k8192,rootsift,lightglue,2048,8192,491,100_0010_0042.JPG,100_0010_0049.JPG,5772,5922,14,8,0.5714285714285714,1.386001386001386,0.078125,0.09375,0.2671336531639099,True,ok,0.31882479999330826
D2_111_nadir,rootsift-lightglue-r2048-k8192,rootsift,lightglue,2048,8192,492,100_0010_0042.JPG,100_0010_0050.JPG,5772,5863,9,8,0.8888888888888888,1.386001386001386,0.0625,0.0625,0.20344160497188568,True,ok,0.28091760000097565
D2_111_nadir,rootsift-lightglue-r2048-k8192,rootsift,lightglue,2048,8192,493,100_0010_0042.JPG,100_0010_0062.JPG,5772,5702,2770,2743,0.9902527075812274,481.05927744651,0.75,0.734375,0.941047191619873,False,ok,0.4151945000048727
D2_111_nadir,rootsift-lightglue-r2048-k8192,rootsift,lightglue,2048,8192,494,100_0010_0042.JPG,100_0010_0063.JPG,5772,5828,2757,2722,0.9873050417120058,471.5869715869716,0.75,0.75,0.936445951461792,False,ok,0.29358749999664724
D2_111_nadir,rootsift-lightglue-r2048-k8192,rootsift,lightglue,2048,8192,495,100_0010_0042.JPG,100_0010_0109.JPG,5772,5989,305,254,0.8327868852459016,44.005544005544,0.09375,0.09375,0.8482761979103088,False,ok,0.25798049999866635
D2_111_nadir,rootsift-lightglue-r2048-k8192,rootsift,lightglue,2048,8192,496,100_0010_0042.JPG,100_0010_0110.JPG,5772,5988,0,0,0.0,0.0,0.0,0.0,0.0,True,no_matches,0.4179176000179723
D2_111_nadir,rootsift-lightglue-r2048-k8192,rootsift,lightglue,2048,8192,497,100_0010_0042.JPG,100_0010_0111.JPG,5772,5963,1,0,0.0,0.0,0.0,0.0,0.21053464710712433,True,too_few_matches,0.33692520001204684
D2_111_nadir,rootsift-lightglue-r2048-k8192,rootsift,lightglue,2048,8192,498,100_0010_0043.JPG,100_0010_0044.JPG,5739,5760,3640,3617,0.9936813186813187,630.2491723296741,0.875,0.875,0.914113461971283,False,ok,0.22674919999553822
D2_111_nadir,rootsift-lightglue-r2048-k8192,rootsift,lightglue,2048,8192,499,100_0010_0043.JPG,100_0010_0045.JPG,5739,5763,2607,2545,0.9762178749520521,443.4570482662485,0.625,0.625,0.9354634284973145,False,ok,0.3679108000069391
D2_111_nadir,rootsift-lightglue-r2048-k8192,rootsift,lightglue,2048,8192,500,100_0010_0043.JPG,100_0010_0046.JPG,5739,5706,1697,1640,0.9664113140836771,287.4167542937259,0.5,0.5,0.9297667145729065,False,ok,0.2719391999999061
D2_111_nadir,rootsift-lightglue-r2048-k8192,rootsift,lightglue,2048,8192,501,100_0010_0043.JPG,100_0010_0047.JPG,5739,5866,913,867,0.9496166484118291,151.07161526398326,0.25,0.25,0.942764401435852,False,ok,0.17574599999352358
D2_111_nadir,rootsift-lightglue-r2048-k8192,rootsift,lightglue,2048,8192,502,100_0010_0043.JPG,100_0010_0048.JPG,5739,5962,37,35,0.9459459459459459,6.098623453563339,0.125,0.109375,0.4251958727836609,False,ok,0.5479355999850668
D2_111_nadir,rootsift-lightglue-r2048-k8192,rootsift,lightglue,2048,8192,503,100_0010_0043.JPG,100_0010_0049.JPG,5739,5922,14,9,0.6428571428571429,1.5682174594877156,0.09375,0.109375,0.21840715408325195,True,ok,0.339138199982699
D2_111_nadir,rootsift-lightglue-r2048-k8192,rootsift,lightglue,2048,8192,504,100_0010_0043.JPG,100_0010_0050.JPG,5739,5863,3,0,0.0,0.0,0.0,0.0,0.42588523030281067,True,too_few_matches,0.2794839999987744
D2_111_nadir,rootsift-lightglue-r2048-k8192,rootsift,lightglue,2048,8192,505,100_0010_0043.JPG,100_0010_0051.JPG,5739,5830,6,0,0.0,0.0,0.0,0.0,0.16649757325649261,True,too_few_matches,0.3623931000183802
D2_111_nadir,rootsift-lightglue-r2048-k8192,rootsift,lightglue,2048,8192,506,100_0010_0043.JPG,100_0010_0060.JPG,5739,5763,2172,2142,0.9861878453038674,373.23575535807635,0.5625,0.5625,0.9435403347015381,False,ok,0.3935242999868933
D2_111_nadir,rootsift-lightglue-r2048-k8192,rootsift,lightglue,2048,8192,507,100_0010_0043.JPG,100_0010_0061.JPG,5739,5708,2685,2647,0.9858472998137803,463.7351086194814,0.75,0.71875,0.936628520488739,False,ok,0.0901873999973759
D2_111_nadir,rootsift-lightglue-r2048-k8192,rootsift,lightglue,2048,8192,508,100_0010_0043.JPG,100_0010_0062.JPG,5739,5702,2737,2709,0.989769820971867,475.09645738337423,0.75,0.75,0.9434517621994019,False,ok,0.09331190001103096
D2_111_nadir,rootsift-lightglue-r2048-k8192,rootsift,lightglue,2048,8192,509,100_0010_0043.JPG,100_0010_0109.JPG,5739,5989,801,738,0.9213483146067416,128.59383167799268,0.296875,0.28125,0.9351487159729004,False,ok,0.10799209997639991
D2_111_nadir,rootsift-lightglue-r2048-k8192,rootsift,lightglue,2048,8192,510,100_0010_0043.JPG,100_0010_0110.JPG,5739,5988,383,314,0.8198433420365535,54.71336469768252,0.21875,0.203125,0.8558053374290466,False,ok,0.47586939999018796
D2_111_nadir,rootsift-lightglue-r2048-k8192,rootsift,lightglue,2048,8192,511,100_0010_0043.JPG,100_0010_0111.JPG,5739,5963,2,0,0.0,0.0,0.0,0.0,0.19806137681007385,True,too_few_matches,0.30801189999328926
D2_111_nadir,rootsift-lightglue-r2048-k8192,rootsift,lightglue,2048,8192,512,100_0010_0044.JPG,100_0010_0045.JPG,5760,5763,3581,3560,0.9941357162803686,618.0555555555555,0.875,0.875,0.9189390540122986,False,ok,0.2689119999995455
D2_111_nadir,rootsift-lightglue-r2048-k8192,rootsift,lightglue,2048,8192,513,100_0010_0044.JPG,100_0010_0046.JPG,5760,5706,2573,2515,0.9774582199766809,440.764107956537,0.625,0.625,0.9354144334793091,False,ok,0.36113050000858493
D2_111_nadir,rootsift-lightglue-r2048-k8192,rootsift,lightglue,2048,8192,514,100_0010_0044.JPG,100_0010_0047.JPG,5760,5866,1752,1688,0.9634703196347032,293.05555555555554,0.5,0.5,0.9216600060462952,False,ok,0.2094550000037998
D2_111_nadir,rootsift-lightglue-r2048-k8192,rootsift,lightglue,2048,8192,515,100_0010_0044.JPG,100_0010_0048.JPG,5760,5962,891,848,0.9517396184062851,147.22222222222223,0.25,0.25,0.9359147548675537,False,ok,0.2892971999826841
D2_111_nadir,rootsift-lightglue-r2048-k8192,rootsift,lightglue,2048,8192,516,100_0010_0044.JPG,100_0010_0049.JPG,5760,5922,138,97,0.7028985507246377,16.84027777777778,0.09375,0.09375,0.5725446939468384,False,ok,0.6039440999738872
D2_111_nadir,rootsift-lightglue-r2048-k8192,rootsift,lightglue,2048,8192,517,100_0010_0044.JPG,100_0010_0050.JPG,5760,5863,7,0,0.0,0.0,0.0,0.0,0.16074047982692719,True,too_few_matches,0.3839561000058893
D2_111_nadir,rootsift-lightglue-r2048-k8192,rootsift,lightglue,2048,8192,518,100_0010_0044.JPG,100_0010_0051.JPG,5760,5830,4,0,0.0,0.0,0.0,0.0,0.1764628142118454,True,too_few_matches,0.25232930001220666
D2_111_nadir,rootsift-lightglue-r2048-k8192,rootsift,lightglue,2048,8192,519,100_0010_0044.JPG,100_0010_0052.JPG,5760,5861,4,0,0.0,0.0,0.0,0.0,0.25016504526138306,True,too_few_matches,0.3293143000046257
D2_111_nadir,rootsift-lightglue-r2048-k8192,rootsift,lightglue,2048,8192,520,100_0010_0044.JPG,100_0010_0059.JPG,5760,5818,2181,2140,0.9812012838147639,371.52777777777777,0.5625,0.5625,0.9409413933753967,False,ok,0.37190800000098534
D2_111_nadir,rootsift-lightglue-r2048-k8192,rootsift,lightglue,2048,8192,521,100_0010_0044.JPG,100_0010_0060.JPG,5760,5763,2749,2717,0.9883594034194253,471.7013888888889,0.71875,0.734375,0.938427209854126,False,ok,0.24296050000702962
D2_111_nadir,rootsift-lightglue-r2048-k8192,rootsift,lightglue,2048,8192,522,100_0010_0044.JPG,100_0010_0061.JPG,5760,5708,2669,2627,0.9842637692019482,460.2312543798178,0.75,0.75,0.9353663325309753,False,ok,0.1882163000118453
D2_111_nadir,rootsift-lightglue-r2048-k8192,rootsift,lightglue,2048,8192,523,100_0010_0044.JPG,100_0010_0110.JPG,5760,5988,909,813,0.8943894389438944,141.14583333333334,0.34375,0.328125,0.9239473938941956,False,ok,0.46643100000801496
D2_111_nadir,rootsift-lightglue-r2048-k8192,rootsift,lightglue,2048,8192,524,100_0010_0044.JPG,100_0010_0111.JPG,5760,5963,625,578,0.9248,100.34722222222223,0.25,0.234375,0.8988183736801147,False,ok,0.34875830000964925
D2_111_nadir,rootsift-lightglue-r2048-k8192,rootsift,lightglue,2048,8192,525,100_0010_0045.JPG,100_0010_0046.JPG,5763,5706,3740,3714,0.993048128342246,650.8937960042061,0.875,0.875,0.9142137765884399,False,ok,0.1553937999997288
D2_111_nadir,rootsift-lightglue-r2048-k8192,rootsift,lightglue,2048,8192,526,100_0010_0045.JPG,100_0010_0047.JPG,5763,5866,2863,2782,0.9717079986028642,482.73468679507204,0.625,0.625,0.9278050065040588,False,ok,0.3724538000242319
D2_111_nadir,rootsift-lightglue-r2048-k8192,rootsift,lightglue,2048,8192,527,100_0010_0045.JPG,100_0010_0048.JPG,5763,5962,1923,1844,0.9589183567342694,319.97223668228355,0.5,0.5,0.9116194248199463,False,ok,0.3388089999789372
D2_111_nadir,rootsift-lightglue-r2048-k8192,rootsift,lightglue,2048,8192,528,100_0010_0045.JPG,100_0010_0049.JPG,5763,5922,1135,1078,0.9497797356828194,187.0553531146972,0.25,0.25,0.8848835229873657,False,ok,0.160113599995384
D2_111_nadir,rootsift-lightglue-r2048-k8192,rootsift,lightglue,2048,8192,529,100_0010_0045.JPG,100_0010_0050.JPG,5763,5863,172,138,0.8023255813953488,23.945861530452888,0.125,0.125,0.7616403102874756,False,ok,0.40630679999594577
D2_111_nadir,rootsift-lightglue-r2048-k8192,rootsift,lightglue,2048,8192,530,100_0010_0045.JPG,100_0010_0051.JPG,5763,5830,7,0,0.0,0.0,0.0,0.0,0.22514863312244415,True,too_few_matches,0.39219119999324903
D2_111_nadir,rootsift-lightglue-r2048-k8192,rootsift,lightglue,2048,8192,531,100_0010_0045.JPG,100_0010_0052.JPG,5763,5861,0,0,0.0,0.0,0.0,0.0,0.0,True,no_matches,0.44429139999556355
D2_111_nadir,rootsift-lightglue-r2048-k8192,rootsift,lightglue,2048,8192,532,100_0010_0045.JPG,100_0010_0053.JPG,5763,5847,1,0,0.0,0.0,0.0,0.0,0.12452403455972672,True,too_few_matches,0.3040118000062648
D2_111_nadir,rootsift-lightglue-r2048-k8192,rootsift,lightglue,2048,8192,533,100_0010_0045.JPG,100_0010_0058.JPG,5763,5832,2466,2427,0.9841849148418491,421.1348256116606,0.5625,0.5625,0.927592396736145,False,ok,0.22291450001648627
D2_111_nadir,rootsift-lightglue-r2048-k8192,rootsift,lightglue,2048,8192,534,100_0010_0045.JPG,100_0010_0059.JPG,5763,5818,2902,2854,0.983459682977257,495.22817976748223,0.75,0.734375,0.9302156567573547,False,ok,0.3127460000105202
D2_111_nadir,rootsift-lightglue-r2048-k8192,rootsift,lightglue,2048,8192,535,100_0010_0045.JPG,100_0010_0060.JPG,5763,5763,2825,2791,0.9879646017699115,484.2963734166233,0.75,0.75,0.9345953464508057,False,ok,0.35595260001719
D2_111_nadir,rootsift-lightglue-r2048-k8192,rootsift,lightglue,2048,8192,536,100_0010_0045.JPG,100_0010_0110.JPG,5763,5988,1542,1395,0.9046692607003891,242.0614263404477,0.5625,0.421875,0.9147471785545349,False,ok,0.3415230000100564
D2_111_nadir,rootsift-lightglue-r2048-k8192,rootsift,lightglue,2048,8192,537,100_0010_0045.JPG,100_0010_0111.JPG,5763,5963,1343,1253,0.9329858525688757,217.42148186708312,0.484375,0.34375,0.9306270480155945,False,ok,0.11489749999600463
D2_111_nadir,rootsift-lightglue-r2048-k8192,rootsift,lightglue,2048,8192,538,100_0010_0046.JPG,100_0010_0047.JPG,5706,5866,3743,3712,0.9917178733636121,650.5432877672625,0.875,0.859375,0.9272591471672058,False,ok,0.11877000000094995
D2_111_nadir,rootsift-lightglue-r2048-k8192,rootsift,lightglue,2048,8192,539,100_0010_0046.JPG,100_0010_0048.JPG,5706,5962,2745,2677,0.9752276867030966,469.155275148966,0.625,0.625,0.9169522523880005,False,ok,0.11010930000338703
D2_111_nadir,rootsift-lightglue-r2048-k8192,rootsift,lightglue,2048,8192,540,100_0010_0046.JPG,100_0010_0049.JPG,5706,5922,1853,1790,0.9660010793308149,313.70487206449354,0.5,0.484375,0.9038154482841492,False,ok,0.34232510000583716
D2_111_nadir,rootsift-lightglue-r2048-k8192,rootsift,lightglue,2048,8192,541,100_0010_0046.JPG,100_0010_0050.JPG,5706,5863,857,789,0.9206534422403734,138.27549947423765,0.25,0.25,0.8866340517997742,False,ok,0.24092859998927452
D2_111_nadir,rootsift-lightglue-r2048-k8192,rootsift,lightglue,2048,8192,542,100_0010_0046.JPG,100_0010_0051.JPG,5706,5830,202,163,0.806930693069307,28.566421310900807,0.125,0.125,0.7653676867485046,False,ok,0.3069932999787852
D2_111_nadir,rootsift-lightglue-r2048-k8192,rootsift,lightglue,2048,8192,543,100_0010_0046.JPG,100_0010_0052.JPG,5706,5861,219,176,0.8036529680365296,30.844724851033998,0.109375,0.125,0.7781895995140076,False,ok,0.5648031999880914
D2_111_nadir,rootsift-lightglue-r2048-k8192,rootsift,lightglue,2048,8192,544,100_0010_0046.JPG,100_0010_0053.JPG,5706,5847,218,182,0.8348623853211009,31.896249561864703,0.109375,0.109375,0.8006978034973145,False,ok,0.38575780001701787
D2_111_nadir,rootsift-lightglue-r2048-k8192,rootsift,lightglue,2048,8192,545,100_0010_0046.JPG,100_0010_0054.JPG,5706,5815,250,205,0.82,35.927094286715736,0.109375,0.09375,0.7943425178527832,False,ok,0.32042240002192557
D2_111_nadir,rootsift-lightglue-r2048-k8192,rootsift,lightglue,2048,8192,546,100_0010_0046.JPG,100_0010_0057.JPG,5706,5992,2302,2257,0.9804517810599479,395.5485453908167,0.5625,0.5625,0.9187046885490417,False,ok,0.23237360001076013
D2_111_nadir,rootsift-lightglue-r2048-k8192,rootsift,lightglue,2048,8192,547,100_0010_0046.JPG,100_0010_0058.JPG,5706,5832,3044,2997,0.9845597897503285,525.2365930599369,0.75,0.671875,0.9219812750816345,False,ok,0.3979371000023093
D2_111_nadir,rootsift-lightglue-r2048-k8192,rootsift,lightglue,2048,8192,548,100_0010_0046.JPG,100_0010_0059.JPG,5706,5818,3041,2993,0.9842157185136469,524.5355765860497,0.75,0.75,0.9256047010421753,False,ok,0.20233480000752024
D2_111_nadir,rootsift-lightglue-r2048-k8192,rootsift,lightglue,2048,8192,549,100_0010_0046.JPG,100_0010_0060.JPG,5706,5763,2172,2125,0.9783609576427256,372.4150017525412,0.5625,0.5625,0.9307791590690613,False,ok,0.29592760000377893
D2_111_nadir,rootsift-lightglue-r2048-k8192,rootsift,lightglue,2048,8192,550,100_0010_0046.JPG,100_0010_0111.JPG,5706,5963,1797,1659,0.9232053422370617,290.7465825446898,0.625,0.453125,0.9123249650001526,False,ok,0.413628600013908
D2_111_nadir,rootsift-lightglue-r2048-k8192,rootsift,lightglue,2048,8192,551,100_0010_0047.JPG,100_0010_0048.JPG,5866,5962,3499,3452,0.9865675907402115,588.4759631776338,0.875,0.78125,0.9209814667701721,False,ok,0.24335929998778738
D2_111_nadir,rootsift-lightglue-r2048-k8192,rootsift,lightglue,2048,8192,552,100_0010_0047.JPG,100_0010_0049.JPG,5866,5922,2233,2174,0.9735781459919391,370.6102966246164,0.625,0.625,0.9141427278518677,False,ok,0.26332019999972545
D2_111_nadir,rootsift-lightglue-r2048-k8192,rootsift,lightglue,2048,8192,553,100_0010_0047.JPG,100_0010_0050.JPG,5866,5863,1047,978,0.9340974212034384,166.80880095514243,0.5,0.40625,0.9015823602676392,False,ok,0.3312197000195738
D2_111_nadir,rootsift-lightglue-r2048-k8192,rootsift,lightglue,2048,8192,554,100_0010_0047.JPG,100_0010_0051.JPG,5866,5830,316,269,0.8512658227848101,46.14065180102916,0.359375,0.234375,0.83192378282547,False,ok,0.4475357999908738
D2_111_nadir,rootsift-lightglue-r2048-k8192,rootsift,lightglue,2048,8192,555,100_0010_0047.JPG,100_0010_0052.JPG,5866,5861,335,289,0.8626865671641791,49.308991639651936,0.34375,0.25,0.8454824090003967,False,ok,0.34807909998926334
D2_111_nadir,rootsift-lightglue-r2048-k8192,rootsift,lightglue,2048,8192,556,100_0010_0047.JPG,100_0010_0053.JPG,5866,5847,335,269,0.8029850746268656,46.00649905934667,0.3125,0.203125,0.8112348318099976,False,ok,0.30357550000189804
D2_111_nadir,rootsift-lightglue-r2048-k8192,rootsift,lightglue,2048,8192,557,100_0010_0047.JPG,100_0010_0054.JPG,5866,5815,375,314,0.8373333333333334,53.998280309544285,0.296875,0.1875,0.8449344038963318,False,ok,0.25233449999359436
D2_111_nadir,rootsift-lightglue-r2048-k8192,rootsift,lightglue,2048,8192,558,100_0010_0047.JPG,100_0010_0055.JPG,5866,5863,1455,1408,0.9676975945017182,240.1500938086304,0.453125,0.375,0.8926349878311157,False,ok,0.4267286999966018
D2_111_nadir,rootsift-lightglue-r2048-k8192,rootsift,lightglue,2048,8192,559,100_0010_0047.JPG,100_0010_0056.JPG,5866,5929,2292,2248,0.9808027923211169,383.2253665189226,0.5625,0.515625,0.9175467491149902,False,ok,0.2649422999820672
D2_111_nadir,rootsift-lightglue-r2048-k8192,rootsift,lightglue,2048,8192,560,100_0010_0047.JPG,100_0010_0057.JPG,5866,5992,2882,2839,0.9850798056904927,483.97545175588135,0.75,0.65625,0.9215927124023438,False,ok,0.24294280001777224
D2_111_nadir,rootsift-lightglue-r2048-k8192,rootsift,lightglue,2048,8192,561,100_0010_0047.JPG,100_0010_0058.JPG,5866,5832,3067,3009,0.9810890120639061,515.9465020576132,0.75,0.75,0.9224650859832764,False,ok,0.31545540000661276
D2_111_nadir,rootsift-lightglue-r2048-k8192,rootsift,lightglue,2048,8192,562,100_0010_0047.JPG,100_0010_0059.JPG,5866,5818,2486,2433,0.9786806114239742,418.18494327947747,0.5625,0.5625,0.9204044342041016,False,ok,0.2961465000116732
D2_111_nadir,rootsift-lightglue-r2048-k8192,rootsift,lightglue,2048,8192,563,100_0010_0048.JPG,100_0010_0049.JPG,5962,5922,3282,3241,0.9875076173065204,547.2813238770685,0.875,0.875,0.9172137975692749,False,ok,0.28613200000836514
D2_111_nadir,rootsift-lightglue-r2048-k8192,rootsift,lightglue,2048,8192,564,100_0010_0048.JPG,100_0010_0050.JPG,5962,5863,1904,1820,0.9558823529411765,310.42128603104214,0.625,0.625,0.9008669853210449,False,ok,0.2666048000101
D2_111_nadir,rootsift-lightglue-r2048-k8192,rootsift,lightglue,2048,8192,565,100_0010_0048.JPG,100_0010_0051.JPG,5962,5830,1078,996,0.9239332096474954,170.84048027444254,0.484375,0.5,0.9043014645576477,False,ok,0.36170389998005703
D2_111_nadir,rootsift-lightglue-r2048-k8192,rootsift,lightglue,2048,8192,566,100_0010_0048.JPG,100_0010_0052.JPG,5962,5861,1022,948,0.9275929549902152,161.74714212591707,0.453125,0.453125,0.8913540840148926,False,ok,0.2995202000020072
D2_111_nadir,rootsift-lightglue-r2048-k8192,rootsift,lightglue,2048,8192,567,100_0010_0048.JPG,100_0010_0053.JPG,5962,5847,875,791,0.904,135.28305113733538,0.4375,0.375,0.9006092548370361,False,ok,0.17924389999825507
D2_111_nadir,rootsift-lightglue-r2048-k8192,rootsift,lightglue,2048,8192,568,100_0010_0048.JPG,100_0010_0054.JPG,5962,5815,884,797,0.9015837104072398,137.05932932072227,0.375,0.375,0.8653482794761658,False,ok,0.11004020000109449
D2_111_nadir,rootsift-lightglue-r2048-k8192,rootsift,lightglue,2048,8192,569,100_0010_0048.JPG,100_0010_0055.JPG,5962,5863,1993,1926,0.9663823381836427,328.50076752515776,0.5625,0.5625,0.9014714956283569,False,ok,0.12847600001259707
D2_111_nadir,rootsift-lightglue-r2048-k8192,rootsift,lightglue,2048,8192,570,100_0010_0048.JPG,100_0010_0056.JPG,5962,5929,2825,2763,0.9780530973451328,466.01450497554396,0.75,0.703125,0.9122032523155212,False,ok,0.4079187999886926
D2_111_nadir,rootsift-lightglue-r2048-k8192,rootsift,lightglue,2048,8192,571,100_0010_0048.JPG,100_0010_0057.JPG,5962,5992,2862,2799,0.9779874213836478,469.47333109694733,0.75,0.75,0.9121295809745789,False,ok,0.21387559999129735
D2_111_nadir,rootsift-lightglue-r2048-k8192,rootsift,lightglue,2048,8192,572,100_0010_0048.JPG,100_0010_0058.JPG,5962,5832,2335,2274,0.9738758029978587,389.917695473251,0.5625,0.5625,0.9156622290611267,False,ok,0.43351840000832453
D2_111_nadir,rootsift-lightglue-r2048-k8192,rootsift,lightglue,2048,8192,573,100_0010_0049.JPG,100_0010_0050.JPG,5922,5863,3309,3260,0.9851919008763977,556.0293365171414,0.875,0.875,0.9134010672569275,False,ok,0.25925530001404695
D2_111_nadir,rootsift-lightglue-r2048-k8192,rootsift,lightglue,2048,8192,574,100_0010_0049.JPG,100_0010_0051.JPG,5922,5830,2377,2305,0.9697097181320993,395.368782161235,0.75,0.734375,0.9166353940963745,False,ok,0.2508586999902036
D2_111_nadir,rootsift-lightglue-r2048-k8192,rootsift,lightglue,2048,8192,575,100_0010_0049.JPG,100_0010_0052.JPG,5922,5861,2219,2169,0.9774673276250563,370.07336631974067,0.65625,0.65625,0.922226071357727,False,ok,0.3668580999947153
D2_111_nadir,rootsift-lightglue-r2048-k8192,rootsift,lightglue,2048,8192,576,100_0010_0049.JPG,100_0010_0053.JPG,5922,5847,1912,1840,0.9623430962343096,314.691294681033,0.609375,0.5625,0.9165751934051514,False,ok,0.18275599999469705
D2_111_nadir,rootsift-lightglue-r2048-k8192,rootsift,lightglue,2048,8192,577,100_0010_0049.JPG,100_0010_0054.JPG,5922,5815,1876,1799,0.9589552238805971,309.37231298366294,0.5625,0.5625,0.9090200066566467,False,ok,0.4252973000111524
D2_111_nadir,rootsift-lightglue-r2048-k8192,rootsift,lightglue,2048,8192,578,100_0010_0049.JPG,100_0010_0055.JPG,5922,5863,2916,2841,0.9742798353909465,484.5642162715333,0.734375,0.734375,0.906394362449646,False,ok,0.2954450999968685
D2_111_nadir,rootsift-lightglue-r2048-k8192,rootsift,lightglue,2048,8192,579,100_0010_0049.JPG,100_0010_0056.JPG,5922,5929,2895,2832,0.9782383419689119,478.2168186423506,0.75,0.75,0.9016245603561401,False,ok,0.2733470000093803
D2_111_nadir,rootsift-lightglue-r2048-k8192,rootsift,lightglue,2048,8192,580,100_0010_0049.JPG,100_0010_0057.JPG,5922,5992,1926,1864,0.9678089304257529,314.758527524485,0.5625,0.5625,0.9085662364959717,False,ok,0.35422760000801645
D2_111_nadir,rootsift-lightglue-r2048-k8192,rootsift,lightglue,2048,8192,581,100_0010_0050.JPG,100_0010_0051.JPG,5863,5830,3779,3738,0.9891505689335803,641.1663807890224,0.875,0.875,0.9212539196014404,False,ok,0.31736249997629784
D2_111_nadir,rootsift-lightglue-r2048-k8192,rootsift,lightglue,2048,8192,582,100_0010_0050.JPG,100_0010_0052.JPG,5863,5861,3461,3421,0.9884426466339208,583.688790308821,0.765625,0.765625,0.9219722151756287,False,ok,0.2561492999957409
D2_111_nadir,rootsift-lightglue-r2048-k8192,rootsift,lightglue,2048,8192,583,100_0010_0050.JPG,100_0010_0053.JPG,5863,5847,2894,2845,0.9830684174153421,486.5743116127929,0.65625,0.65625,0.9187889099121094,False,ok,0.3882056000002194
D2_111_nadir,rootsift-lightglue-r2048-k8192,rootsift,lightglue,2048,8192,584,100_0010_0050.JPG,100_0010_0054.JPG,5863,5815,2803,2732,0.9746699964323938,469.8194325021496,0.6875,0.65625,0.9111710786819458,False,ok,0.22252959999605082
D2_111_nadir,rootsift-lightglue-r2048-k8192,rootsift,lightglue,2048,8192,585,100_0010_0050.JPG,100_0010_0055.JPG,5863,5863,2831,2774,0.9798657718120806,473.1366194780829,0.75,0.75,0.9059581756591797,False,ok,0.3264713000098709
D2_111_nadir,rootsift-lightglue-r2048-k8192,rootsift,lightglue,2048,8192,586,100_0010_0050.JPG,100_0010_0056.JPG,5863,5929,1913,1844,0.9639309984317825,314.5147535391438,0.5625,0.5625,0.8991042971611023,False,ok,0.34287519997451454
D2_111_nadir,rootsift-lightglue-r2048-k8192,rootsift,lightglue,2048,8192,587,100_0010_0050.JPG,100_0010_0057.JPG,5863,5992,1026,951,0.9269005847953217,162.20365000852806,0.46875,0.46875,0.8735416531562805,False,ok,0.2685592000198085
D2_111_nadir,rootsift-lightglue-r2048-k8192,rootsift,lightglue,2048,8192,588,100_0010_0050.JPG,100_0010_0058.JPG,5863,5832,769,701,0.9115734720416124,120.19890260631001,0.28125,0.28125,0.9064215421676636,False,ok,0.2504863999783993
D2_111_nadir,rootsift-lightglue-r2048-k8192,rootsift,lightglue,2048,8192,589,100_0010_0051.JPG,100_0010_0052.JPG,5830,5861,4194,4159,0.991654744873629,713.3790737564323,0.875,0.875,0.9206478595733643,False,ok,0.4605763000145089
D2_111_nadir,rootsift-lightglue-r2048-k8192,rootsift,lightglue,2048,8192,590,100_0010_0051.JPG,100_0010_0053.JPG,5830,5847,3424,3343,0.9763434579439252,573.4133790737565,0.75,0.75,0.9158455729484558,False,ok,0.2945596000063233
D2_111_nadir,rootsift-lightglue-r2048-k8192,rootsift,lightglue,2048,8192,591,100_0010_0051.JPG,100_0010_0054.JPG,5830,5815,3237,3160,0.9762125424776027,543.4221840068788,0.75,0.75,0.9151715040206909,False,ok,0.27232449999428354
D2_111_nadir,rootsift-lightglue-r2048-k8192,rootsift,lightglue,2048,8192,592,100_0010_0051.JPG,100_0010_0055.JPG,5830,5863,2173,2121,0.976069949378739,363.80789022298455,0.65625,0.65625,0.9183138012886047,False,ok,0.3854144999932032
D2_111_nadir,rootsift-lightglue-r2048-k8192,rootsift,lightglue,2048,8192,593,100_0010_0051.JPG,100_0010_0056.JPG,5830,5929,1295,1216,0.938996138996139,208.5763293310463,0.46875,0.4375,0.9009803533554077,False,ok,0.20061930001247674
D2_111_nadir,rootsift-lightglue-r2048-k8192,rootsift,lightglue,2048,8192,594,100_0010_0051.JPG,100_0010_0057.JPG,5830,5992,501,415,0.8283433133732535,71.1835334476844,0.375,0.375,0.8677108883857727,False,ok,0.34262480001780204
D2_111_nadir,rootsift-lightglue-r2048-k8192,rootsift,lightglue,2048,8192,595,100_0010_0051.JPG,100_0010_0058.JPG,5830,5832,251,203,0.8087649402390438,34.81989708404803,0.171875,0.171875,0.8176683187484741,False,ok,0.5436167000152636
D2_111_nadir,rootsift-lightglue-r2048-k8192,rootsift,lightglue,2048,8192,596,100_0010_0051.JPG,100_0010_0059.JPG,5830,5818,0,0,0.0,0.0,0.0,0.0,0.0,True,no_matches,0.3632461999950465
D2_111_nadir,rootsift-lightglue-r2048-k8192,rootsift,lightglue,2048,8192,597,100_0010_0052.JPG,100_0010_0053.JPG,5861,5847,3972,3929,0.9891742195367573,671.9685308705319,0.953125,0.921875,0.9215244650840759,False,ok,0.2636214999947697
D2_111_nadir,rootsift-lightglue-r2048-k8192,rootsift,lightglue,2048,8192,598,100_0010_0052.JPG,100_0010_0054.JPG,5861,5815,3786,3748,0.9899630216587427,644.5399828030954,0.875,0.875,0.9224169850349426,False,ok,0.3378668999939691
D2_111_nadir,rootsift-lightglue-r2048-k8192,rootsift,lightglue,2048,8192,599,100_0010_0052.JPG,100_0010_0055.JPG,5861,5863,2457,2410,0.9808709808709809,411.1926292441563,0.765625,0.765625,0.9238665699958801,False,ok,0.35360839997883886
D2_111_nadir,rootsift-lightglue-r2048-k8192,rootsift,lightglue,2048,8192,600,100_0010_0052.JPG,100_0010_0056.JPG,5861,5929,1433,1358,0.947662247034194,231.70107490189386,0.546875,0.53125,0.907321572303772,False,ok,0.17928240000037476
D2_111_nadir,rootsift-lightglue-r2048-k8192,rootsift,lightglue,2048,8192,601,100_0010_0052.JPG,100_0010_0057.JPG,5861,5992,573,463,0.8080279232111692,78.99675823238356,0.4375,0.4375,0.8705195188522339,False,ok,0.1177519999910146
D2_111_nadir,rootsift-lightglue-r2048-k8192,rootsift,lightglue,2048,8192,602,100_0010_0052.JPG,100_0010_0058.JPG,5861,5832,317,269,0.8485804416403786,46.12482853223594,0.203125,0.21875,0.8432669043540955,False,ok,0.16858339999453165
D2_111_nadir,rootsift-lightglue-r2048-k8192,rootsift,lightglue,2048,8192,603,100_0010_0052.JPG,100_0010_0059.JPG,5861,5818,3,0,0.0,0.0,0.0,0.0,0.14993341267108917,True,too_few_matches,0.48181120000663213
D2_111_nadir,rootsift-lightglue-r2048-k8192,rootsift,lightglue,2048,8192,604,100_0010_0052.JPG,100_0010_0060.JPG,5861,5763,2,0,0.0,0.0,0.0,0.0,0.3621940612792969,True,too_few_matches,0.24110410001594573
D2_111_nadir,rootsift-lightglue-r2048-k8192,rootsift,lightglue,2048,8192,605,100_0010_0052.JPG,100_0010_0084.JPG,5861,6008,2234,2150,0.9623992837958818,366.83159870329297,0.625,0.625,0.9178102612495422,False,ok,0.39474970000446774
D2_111_nadir,rootsift-lightglue-r2048-k8192,rootsift,lightglue,2048,8192,606,100_0010_0052.JPG,100_0010_0085.JPG,5861,5995,2419,2342,0.9681686647374949,399.59051356423817,0.625,0.609375,0.9127575159072876,False,ok,0.28253500000573695
D2_111_nadir,rootsift-lightglue-r2048-k8192,rootsift,lightglue,2048,8192,607,100_0010_0053.JPG,100_0010_0054.JPG,5847,5815,4640,4624,0.996551724137931,795.1848667239897,0.984375,0.984375,0.9234988689422607,False,ok,0.2936794999986887
D2_111_nadir,rootsift-lightglue-r2048-k8192,rootsift,lightglue,2048,8192,608,100_0010_0053.JPG,100_0010_0055.JPG,5847,5863,2994,2950,0.9853039412157648,504.53223875491705,0.859375,0.84375,0.9252980351448059,False,ok,0.40281230001710355
D2_111_nadir,rootsift-lightglue-r2048-k8192,rootsift,lightglue,2048,8192,609,100_0010_0053.JPG,100_0010_0056.JPG,5847,5929,1728,1648,0.9537037037037037,281.8539421925774,0.609375,0.59375,0.9129477739334106,False,ok,0.35998570002266206
D2_111_nadir,rootsift-lightglue-r2048-k8192,rootsift,lightglue,2048,8192,610,100_0010_0053.JPG,100_0010_0057.JPG,5847,5992,632,523,0.8275316455696202,89.44757995553275,0.484375,0.453125,0.8734733462333679,False,ok,0.3271719999902416
D2_111_nadir,rootsift-lightglue-r2048-k8192,rootsift,lightglue,2048,8192,611,100_0010_0053.JPG,100_0010_0058.JPG,5847,5832,346,286,0.8265895953757225,49.039780521262,0.21875,0.234375,0.8475671410560608,False,ok,0.24311039998428896
D2_111_nadir,rootsift-lightglue-r2048-k8192,rootsift,lightglue,2048,8192,612,100_0010_0053.JPG,100_0010_0059.JPG,5847,5818,0,0,0.0,0.0,0.0,0.0,0.0,True,no_matches,0.36157720000483096
D2_111_nadir,rootsift-lightglue-r2048-k8192,rootsift,lightglue,2048,8192,613,100_0010_0053.JPG,100_0010_0060.JPG,5847,5763,0,0,0.0,0.0,0.0,0.0,0.0,True,no_matches,0.48456320000695996
D2_111_nadir,rootsift-lightglue-r2048-k8192,rootsift,lightglue,2048,8192,614,100_0010_0053.JPG,100_0010_0061.JPG,5847,5708,2,0,0.0,0.0,0.0,0.0,0.24046538770198822,True,too_few_matches,0.34504780001589097
D2_111_nadir,rootsift-lightglue-r2048-k8192,rootsift,lightglue,2048,8192,615,100_0010_0053.JPG,100_0010_0083.JPG,5847,6018,1860,1791,0.9629032258064516,306.31092868137506,0.53125,0.484375,0.9212927222251892,False,ok,0.20234860002528876
D2_111_nadir,rootsift-lightglue-r2048-k8192,rootsift,lightglue,2048,8192,616,100_0010_0053.JPG,100_0010_0084.JPG,5847,6008,2814,2736,0.9722814498933902,467.9322729604926,0.71875,0.703125,0.9270028471946716,False,ok,0.40595260000554845
D2_111_nadir,rootsift-lightglue-r2048-k8192,rootsift,lightglue,2048,8192,617,100_0010_0053.JPG,100_0010_0085.JPG,5847,5995,3054,2974,0.9738048461034708,508.636907815974,0.734375,0.71875,0.9177618026733398,False,ok,0.38526809998438694
D2_111_nadir,rootsift-lightglue-r2048-k8192,rootsift,lightglue,2048,8192,618,100_0010_0054.JPG,100_0010_0055.JPG,5815,5863,3074,3033,0.9866623292127521,521.5821152192606,0.875,0.875,0.9229788184165955,False,ok,0.29157680002390407
D2_111_nadir,rootsift-lightglue-r2048-k8192,rootsift,lightglue,2048,8192,619,100_0010_0054.JPG,100_0010_0056.JPG,5815,5929,1830,1739,0.9502732240437158,299.05417024935514,0.609375,0.625,0.9089828133583069,False,ok,0.2577793000091333
D2_111_nadir,rootsift-lightglue-r2048-k8192,rootsift,lightglue,2048,8192,620,100_0010_0054.JPG,100_0010_0057.JPG,5815,5992,707,591,0.8359264497878359,101.63370593293207,0.5,0.484375,0.8609884977340698,False,ok,0.4368784999824129
D2_111_nadir,rootsift-lightglue-r2048-k8192,rootsift,lightglue,2048,8192,621,100_0010_0054.JPG,100_0010_0058.JPG,5815,5832,401,351,0.8753117206982544,60.36113499570077,0.21875,0.25,0.8580280542373657,False,ok,0.35093260000576265
D2_111_nadir,rootsift-lightglue-r2048-k8192,rootsift,lightglue,2048,8192,622,100_0010_0054.JPG,100_0010_0059.JPG,5815,5818,0,0,0.0,0.0,0.0,0.0,0.0,True,no_matches,0.2836189999943599
D2_111_nadir,rootsift-lightglue-r2048-k8192,rootsift,lightglue,2048,8192,623,100_0010_0054.JPG,100_0010_0060.JPG,5815,5763,3,0,0.0,0.0,0.0,0.0,0.15597225725650787,True,too_few_matches,0.3485107999877073
D2_111_nadir,rootsift-lightglue-r2048-k8192,rootsift,lightglue,2048,8192,624,100_0010_0054.JPG,100_0010_0061.JPG,5815,5708,1,0,0.0,0.0,0.0,0.0,0.15563297271728516,True,too_few_matches,0.40664449997711927
D2_111_nadir,rootsift-lightglue-r2048-k8192,rootsift,lightglue,2048,8192,625,100_0010_0054.JPG,100_0010_0062.JPG,5815,5702,2,0,0.0,0.0,0.0,0.0,0.14183184504508972,True,too_few_matches,0.26323660000343807
D2_111_nadir,rootsift-lightglue-r2048-k8192,rootsift,lightglue,2048,8192,626,100_0010_0054.JPG,100_0010_0083.JPG,5815,6018,1955,1883,0.9631713554987212,323.8177128116939,0.5625,0.53125,0.9146982431411743,False,ok,0.3045845000015106
D2_111_nadir,rootsift-lightglue-r2048-k8192,rootsift,lightglue,2048,8192,627,100_0010_0054.JPG,100_0010_0084.JPG,5815,6008,2906,2829,0.9735030970406057,486.50042992261393,0.75,0.71875,0.9250842928886414,False,ok,0.3671768000058364
D2_111_nadir,rootsift-lightglue-r2048-k8192,rootsift,lightglue,2048,8192,628,100_0010_0054.JPG,100_0010_0085.JPG,5815,5995,3123,3057,0.978866474543708,525.7093723129836,0.75,0.75,0.9224706888198853,False,ok,0.1872313999920152
D2_111_nadir,rootsift-lightglue-r2048-k8192,rootsift,lightglue,2048,8192,629,100_0010_0054.JPG,100_0010_0086.JPG,5815,6074,2481,2402,0.9681580008061266,413.0696474634566,0.625,0.59375,0.9204801917076111,False,ok,0.3974146000109613
D2_111_nadir,rootsift-lightglue-r2048-k8192,rootsift,lightglue,2048,8192,630,100_0010_0054.JPG,100_0010_0087.JPG,5815,6117,1964,1851,0.9424643584521385,318.3147033533964,0.484375,0.453125,0.9250386357307434,False,ok,0.3288919000187889
D2_111_nadir,rootsift-lightglue-r2048-k8192,rootsift,lightglue,2048,8192,631,100_0010_0054.JPG,100_0010_0088.JPG,5815,6104,1833,1755,0.9574468085106383,301.8056749785039,0.484375,0.453125,0.9016391038894653,False,ok,0.1860844999901019
D2_111_nadir,rootsift-lightglue-r2048-k8192,rootsift,lightglue,2048,8192,632,100_0010_0055.JPG,100_0010_0056.JPG,5863,5929,3365,3326,0.9884101040118871,567.286372164421,0.875,0.875,0.9122726321220398,False,ok,0.14710719999857247
D2_111_nadir,rootsift-lightglue-r2048-k8192,rootsift,lightglue,2048,8192,633,100_0010_0055.JPG,100_0010_0057.JPG,5863,5992,1973,1891,0.9584389254941713,322.5311274091762,0.65625,0.671875,0.9065989255905151,False,ok,0.11181650002254173
D2_111_nadir,rootsift-lightglue-r2048-k8192,rootsift,lightglue,2048,8192,634,100_0010_0055.JPG,100_0010_0058.JPG,5863,5832,1584,1523,0.961489898989899,261.14540466392316,0.46875,0.5,0.895052969455719,False,ok,0.36432560000685044
D2_111_nadir,rootsift-lightglue-r2048-k8192,rootsift,lightglue,2048,8192,635,100_0010_0055.JPG,100_0010_0059.JPG,5863,5818,1232,1170,0.9496753246753247,201.10003437607426,0.265625,0.265625,0.9217871427536011,False,ok,0.28358770001796074
D2_111_nadir,rootsift-lightglue-r2048-k8192,rootsift,lightglue,2048,8192,636,100_0010_0055.JPG,100_0010_0060.JPG,5863,5763,263,207,0.7870722433460076,35.91879229567933,0.125,0.125,0.8124149441719055,False,ok,0.30428480001864955
D2_111_nadir,rootsift-lightglue-r2048-k8192,rootsift,lightglue,2048,8192,637,100_0010_0055.JPG,100_0010_0061.JPG,5863,5708,3,0,0.0,0.0,0.0,0.0,0.20355010032653809,True,too_few_matches,0.37338909998652525
D2_111_nadir,rootsift-lightglue-r2048-k8192,rootsift,lightglue,2048,8192,638,100_0010_0055.JPG,100_0010_0062.JPG,5863,5702,3,0,0.0,0.0,0.0,0.0,0.14501547813415527,True,too_few_matches,0.4160686999966856
D2_111_nadir,rootsift-lightglue-r2048-k8192,rootsift,lightglue,2048,8192,639,100_0010_0055.JPG,100_0010_0063.JPG,5863,5828,1,0,0.0,0.0,0.0,0.0,0.130650132894516,True,too_few_matches,0.2446648000041023
D2_111_nadir,rootsift-lightglue-r2048-k8192,rootsift,lightglue,2048,8192,640,100_0010_0055.JPG,100_0010_0082.JPG,5863,6107,1853,1752,0.9454937938478144,298.82312809142076,0.625,0.609375,0.9266085624694824,False,ok,0.35479399998439476
D2_111_nadir,rootsift-lightglue-r2048-k8192,rootsift,lightglue,2048,8192,641,100_0010_0055.JPG,100_0010_0083.JPG,5863,6018,2975,2895,0.973109243697479,493.77451816476207,0.75,0.75,0.9122927188873291,False,ok,0.4182096000004094
D2_111_nadir,rootsift-lightglue-r2048-k8192,rootsift,lightglue,2048,8192,642,100_0010_0055.JPG,100_0010_0084.JPG,5863,6008,2628,2568,0.9771689497716894,438.001023366877,0.671875,0.640625,0.9224438071250916,False,ok,0.28329769999254495
D2_111_nadir,rootsift-lightglue-r2048-k8192,rootsift,lightglue,2048,8192,643,100_0010_0055.JPG,100_0010_0085.JPG,5863,5995,2308,2244,0.9722703639514731,382.7392120075047,0.640625,0.65625,0.9274589419364929,False,ok,0.20613559999037534
D2_111_nadir,rootsift-lightglue-r2048-k8192,rootsift,lightglue,2048,8192,644,100_0010_0055.JPG,100_0010_0086.JPG,5863,6074,1872,1797,0.9599358974358975,306.4983796691114,0.515625,0.546875,0.9186149835586548,False,ok,0.3942697999882512
D2_111_nadir,rootsift-lightglue-r2048-k8192,rootsift,lightglue,2048,8192,645,100_0010_0056.JPG,100_0010_0057.JPG,5929,5992,3263,3223,0.9877413423230156,543.5992578849722,0.875,0.875,0.9185470938682556,False,ok,0.17951849999371916
D2_111_nadir,rootsift-lightglue-r2048-k8192,rootsift,lightglue,2048,8192,646,100_0010_0056.JPG,100_0010_0058.JPG,5929,5832,2684,2638,0.9828614008941878,452.3319615912209,0.625,0.625,0.9124226570129395,False,ok,0.3348915999813471
D2_111_nadir,rootsift-lightglue-r2048-k8192,rootsift,lightglue,2048,8192,647,100_0010_0056.JPG,100_0010_0059.JPG,5929,5818,2053,1961,0.9551875304432538,337.05740804400136,0.5,0.5,0.9097064733505249,False,ok,0.28802159999031574
D2_111_nadir,rootsift-lightglue-r2048-k8192,rootsift,lightglue,2048,8192,648,100_0010_0056.JPG,100_0010_0060.JPG,5929,5763,1046,984,0.9407265774378585,170.74440395627278,0.265625,0.25,0.9360694885253906,False,ok,0.23064829999930225
D2_111_nadir,rootsift-lightglue-r2048-k8192,rootsift,lightglue,2048,8192,649,100_0010_0056.JPG,100_0010_0061.JPG,5929,5708,180,127,0.7055555555555556,22.24947442186405,0.109375,0.15625,0.6679215431213379,False,ok,0.5211609000107273
D2_111_nadir,rootsift-lightglue-r2048-k8192,rootsift,lightglue,2048,8192,650,100_0010_0056.JPG,100_0010_0062.JPG,5929,5702,1,0,0.0,0.0,0.0,0.0,0.28604555130004883,True,too_few_matches,0.31692050001583993
D2_111_nadir,rootsift-lightglue-r2048-k8192,rootsift,lightglue,2048,8192,651,100_0010_0056.JPG,100_0010_0063.JPG,5929,5828,0,0,0.0,0.0,0.0,0.0,0.0,True,no_matches,0.30352870002388954
D2_111_nadir,rootsift-lightglue-r2048-k8192,rootsift,lightglue,2048,8192,652,100_0010_0056.JPG,100_0010_0064.JPG,5929,5774,0,0,0.0,0.0,0.0,0.0,0.0,True,no_matches,0.3194376000028569
D2_111_nadir,rootsift-lightglue-r2048-k8192,rootsift,lightglue,2048,8192,653,100_0010_0056.JPG,100_0010_0081.JPG,5929,6109,2078,2010,0.9672762271414822,339.0116377129364,0.546875,0.546875,0.9221855401992798,False,ok,0.3431063999887556
D2_111_nadir,rootsift-lightglue-r2048-k8192,rootsift,lightglue,2048,8192,654,100_0010_0056.JPG,100_0010_0082.JPG,5929,6107,2845,2765,0.9718804920913884,466.35182998819363,0.75,0.734375,0.9109491109848022,False,ok,0.20797679998213425
D2_111_nadir,rootsift-lightglue-r2048-k8192,rootsift,lightglue,2048,8192,655,100_0010_0056.JPG,100_0010_0083.JPG,5929,6018,2741,2674,0.9755563662896753,451.00354191263284,0.671875,0.640625,0.909795880317688,False,ok,0.39447410000138916
D2_111_nadir,rootsift-lightglue-r2048-k8192,rootsift,lightglue,2048,8192,656,100_0010_0056.JPG,100_0010_0084.JPG,5929,6008,1824,1755,0.962171052631579,296.0026986001012,0.5625,0.5625,0.908603310585022,False,ok,0.27564039998105727
D2_111_nadir,rootsift-lightglue-r2048-k8192,rootsift,lightglue,2048,8192,657,100_0010_0056.JPG,100_0010_0085.JPG,5929,5995,1486,1413,0.9508748317631225,238.32012143700456,0.46875,0.46875,0.9021015167236328,False,ok,0.2352705999801401
D2_111_nadir,rootsift-lightglue-r2048-k8192,rootsift,lightglue,2048,8192,658,100_0010_0057.JPG,100_0010_0058.JPG,5992,5832,3645,3620,0.9931412894375857,620.7133058984911,0.84375,0.875,0.9216577410697937,False,ok,0.4286203000228852
D2_111_nadir,rootsift-lightglue-r2048-k8192,rootsift,lightglue,2048,8192,659,100_0010_0057.JPG,100_0010_0059.JPG,5992,5818,2838,2759,0.9721634954193094,474.2179443107597,0.625,0.609375,0.9188424348831177,False,ok,0.2818928000051528
D2_111_nadir,rootsift-lightglue-r2048-k8192,rootsift,lightglue,2048,8192,660,100_0010_0057.JPG,100_0010_0060.JPG,5992,5763,1783,1725,0.9674705552439709,299.3232691306611,0.5,0.5,0.9143531918525696,False,ok,0.24274899999727495
D2_111_nadir,rootsift-lightglue-r2048-k8192,rootsift,lightglue,2048,8192,661,100_0010_0057.JPG,100_0010_0061.JPG,5992,5708,885,833,0.9412429378531073,145.93552908199018,0.25,0.25,0.9270313382148743,False,ok,0.39263789998949505
D2_111_nadir,rootsift-lightglue-r2048-k8192,rootsift,lightglue,2048,8192,662,100_0010_0057.JPG,100_0010_0062.JPG,5992,5702,6,0,0.0,0.0,0.0,0.0,0.3310442864894867,True,too_few_matches,0.3352523000212386
D2_111_nadir,rootsift-lightglue-r2048-k8192,rootsift,lightglue,2048,8192,663,100_0010_0057.JPG,100_0010_0063.JPG,5992,5828,1,0,0.0,0.0,0.0,0.0,0.11985742300748825,True,too_few_matches,0.2759660999872722
D2_111_nadir,rootsift-lightglue-r2048-k8192,rootsift,lightglue,2048,8192,664,100_0010_0057.JPG,100_0010_0064.JPG,5992,5774,1,0,0.0,0.0,0.0,0.0,0.10643124580383301,True,too_few_matches,0.18321339998510666
D2_111_nadir,rootsift-lightglue-r2048-k8192,rootsift,lightglue,2048,8192,665,100_0010_0057.JPG,100_0010_0065.JPG,5992,5863,0,0,0.0,0.0,0.0,0.0,0.0,True,no_matches,0.26034949999302626
D2_111_nadir,rootsift-lightglue-r2048-k8192,rootsift,lightglue,2048,8192,666,100_0010_0057.JPG,100_0010_0080.JPG,5992,5939,2787,2743,0.9842124147829207,461.8622663748106,0.5625,0.546875,0.9266976118087769,False,ok,0.4096647000114899
D2_111_nadir,rootsift-lightglue-r2048-k8192,rootsift,lightglue,2048,8192,667,100_0010_0057.JPG,100_0010_0081.JPG,5992,6109,3100,3035,0.9790322580645161,506.5086782376502,0.6875,0.703125,0.9176929593086243,False,ok,0.3188786999962758
D2_111_nadir,rootsift-lightglue-r2048-k8192,rootsift,lightglue,2048,8192,668,100_0010_0057.JPG,100_0010_0082.JPG,5992,6107,2699,2643,0.9792515746572805,441.08811748998664,0.671875,0.640625,0.9252085089683533,False,ok,0.22627749998355284
D2_111_nadir,rootsift-lightglue-r2048-k8192,rootsift,lightglue,2048,8192,669,100_0010_0057.JPG,100_0010_0083.JPG,5992,6018,1760,1705,0.96875,284.5460614152203,0.5625,0.546875,0.9148212671279907,False,ok,0.41063249998842366
D2_111_nadir,rootsift-lightglue-r2048-k8192,rootsift,lightglue,2048,8192,670,100_0010_0058.JPG,100_0010_0059.JPG,5832,5818,3892,3862,0.9922918807810894,663.8019938123066,0.859375,0.875,0.9244969487190247,False,ok,0.2783853999862913
D2_111_nadir,rootsift-lightglue-r2048-k8192,rootsift,lightglue,2048,8192,671,100_0010_0058.JPG,100_0010_0060.JPG,5832,5763,2736,2695,0.985014619883041,467.638382786743,0.625,0.625,0.925680935382843,False,ok,0.3217259999946691
D2_111_nadir,rootsift-lightglue-r2048-k8192,rootsift,lightglue,2048,8192,672,100_0010_0058.JPG,100_0010_0061.JPG,5832,5708,1698,1653,0.9734982332155477,289.593552908199,0.5,0.484375,0.9246425628662109,False,ok,0.3406503000005614
D2_111_nadir,rootsift-lightglue-r2048-k8192,rootsift,lightglue,2048,8192,673,100_0010_0058.JPG,100_0010_0062.JPG,5832,5702,922,894,0.9696312364425163,156.78709224833392,0.25,0.25,0.946476399898529,False,ok,0.27707350000855513
D2_111_nadir,rootsift-lightglue-r2048-k8192,rootsift,lightglue,2048,8192,674,100_0010_0058.JPG,100_0010_0063.JPG,5832,5828,195,152,0.7794871794871795,26.08098833218943,0.125,0.109375,0.7722197771072388,False,ok,0.4049284999782685
D2_111_nadir,rootsift-lightglue-r2048-k8192,rootsift,lightglue,2048,8192,675,100_0010_0058.JPG,100_0010_0064.JPG,5832,5774,2,0,0.0,0.0,0.0,0.0,0.22379006445407867,True,too_few_matches,0.27350530002149753
D2_111_nadir,rootsift-lightglue-r2048-k8192,rootsift,lightglue,2048,8192,676,100_0010_0058.JPG,100_0010_0065.JPG,5832,5863,0,0,0.0,0.0,0.0,0.0,0.0,True,no_matches,0.4669250999868382
D2_111_nadir,rootsift-lightglue-r2048-k8192,rootsift,lightglue,2048,8192,677,100_0010_0058.JPG,100_0010_0066.JPG,5832,6035,0,0,0.0,0.0,0.0,0.0,0.0,True,no_matches,0.3391194000141695
D2_111_nadir,rootsift-lightglue-r2048-k8192,rootsift,lightglue,2048,8192,678,100_0010_0058.JPG,100_0010_0079.JPG,5832,5908,2697,2653,0.9836855765665554,454.9039780521262,0.578125,0.515625,0.9327102303504944,False,ok,0.2225820999883581
D2_111_nadir,rootsift-lightglue-r2048-k8192,rootsift,lightglue,2048,8192,679,100_0010_0058.JPG,100_0010_0080.JPG,5832,5939,3215,3165,0.9844479004665629,542.6954732510288,0.703125,0.703125,0.9252472519874573,False,ok,0.3384630999935325
D2_111_nadir,rootsift-lightglue-r2048-k8192,rootsift,lightglue,2048,8192,680,100_0010_0058.JPG,100_0010_0081.JPG,5832,6109,2859,2799,0.9790136411332634,479.9382716049383,0.65625,0.640625,0.9226958155632019,False,ok,0.3913757000118494
D2_111_nadir,rootsift-lightglue-r2048-k8192,rootsift,lightglue,2048,8192,681,100_0010_0058.JPG,100_0010_0082.JPG,5832,6107,2169,2100,0.9681881051175657,360.082304526749,0.5625,0.515625,0.9274351000785828,False,ok,0.28203669999493286
D2_111_nadir,rootsift-lightglue-r2048-k8192,rootsift,lightglue,2048,8192,682,100_0010_0059.JPG,100_0010_0060.JPG,5818,5763,3609,3584,0.9930728733721252,621.8983168488635,0.875,0.875,0.9122852683067322,False,ok,0.2513389000087045
D2_111_nadir,rootsift-lightglue-r2048-k8192,rootsift,lightglue,2048,8192,683,100_0010_0059.JPG,100_0010_0061.JPG,5818,5708,2539,2494,0.982276486805829,436.9306236860547,0.625,0.625,0.930325984954834,False,ok,0.35521090001566336
D2_111_nadir,rootsift-lightglue-r2048-k8192,rootsift,lightglue,2048,8192,684,100_0010_0059.JPG,100_0010_0062.JPG,5818,5702,1711,1673,0.9777907656341321,293.4058225184146,0.5,0.5,0.9241905808448792,False,ok,0.2507770999800414
D2_111_nadir,rootsift-lightglue-r2048-k8192,rootsift,lightglue,2048,8192,685,100_0010_0059.JPG,100_0010_0063.JPG,5818,5828,962,914,0.9501039501039501,157.09865933310417,0.25,0.25,0.9260072708129883,False,ok,0.24078809999627993
D2_111_nadir,rootsift-lightglue-r2048-k8192,rootsift,lightglue,2048,8192,686,100_0010_0059.JPG,100_0010_0064.JPG,5818,5774,29,26,0.896551724137931,4.502944232767579,0.09375,0.078125,0.5534465312957764,False,ok,0.4402578999870457
D2_111_nadir,rootsift-lightglue-r2048-k8192,rootsift,lightglue,2048,8192,687,100_0010_0059.JPG,100_0010_0065.JPG,5818,5863,1,0,0.0,0.0,0.0,0.0,0.1133609339594841,True,too_few_matches,0.3449761999945622
D2_111_nadir,rootsift-lightglue-r2048-k8192,rootsift,lightglue,2048,8192,688,100_0010_0059.JPG,100_0010_0066.JPG,5818,6035,2,0,0.0,0.0,0.0,0.0,0.1721506416797638,True,too_few_matches,0.24829920000047423
D2_111_nadir,rootsift-lightglue-r2048-k8192,rootsift,lightglue,2048,8192,689,100_0010_0059.JPG,100_0010_0067.JPG,5818,6339,1,0,0.0,0.0,0.0,0.0,0.11179780215024948,True,too_few_matches,0.4698878000199329
D2_111_nadir,rootsift-lightglue-r2048-k8192,rootsift,lightglue,2048,8192,690,100_0010_0059.JPG,100_0010_0078.JPG,5818,5857,2450,2411,0.9840816326530613,414.40357511172226,0.578125,0.5,0.9368526935577393,False,ok,0.2590343999909237
D2_111_nadir,rootsift-lightglue-r2048-k8192,rootsift,lightglue,2048,8192,691,100_0010_0059.JPG,100_0010_0079.JPG,5818,5908,3217,3172,0.9860118122474355,545.2045376418013,0.75,0.703125,0.9296773076057434,False,ok,0.26943700000992976
D2_111_nadir,rootsift-lightglue-r2048-k8192,rootsift,lightglue,2048,8192,692,100_0010_0059.JPG,100_0010_0080.JPG,5818,5939,2965,2918,0.9841483979763912,501.54692334135444,0.671875,0.625,0.932834267616272,False,ok,0.39737720001721755
D2_111_nadir,rootsift-lightglue-r2048-k8192,rootsift,lightglue,2048,8192,693,100_0010_0059.JPG,100_0010_0081.JPG,5818,6109,2352,2286,0.9719387755102041,392.918528704022,0.5625,0.515625,0.921628475189209,False,ok,0.28420419999747537
D2_111_nadir,rootsift-lightglue-r2048-k8192,rootsift,lightglue,2048,8192,694,100_0010_0059.JPG,100_0010_0110.JPG,5818,5988,1894,1771,0.9350580781414994,304.400137504297,0.703125,0.453125,0.9184143543243408,False,ok,0.2482239999808371
D2_111_nadir,rootsift-lightglue-r2048-k8192,rootsift,lightglue,2048,8192,695,100_0010_0059.JPG,100_0010_0111.JPG,5818,5963,1518,1370,0.9025032938076416,235.47610862839463,0.453125,0.40625,0.9249650239944458,False,ok,0.10336849998566322
D2_111_nadir,rootsift-lightglue-r2048-k8192,rootsift,lightglue,2048,8192,696,100_0010_0060.JPG,100_0010_0061.JPG,5763,5708,3584,3557,0.9924665178571429,623.1604765241766,0.875,0.875,0.9162148237228394,False,ok,0.11589360001380555
D2_111_nadir,rootsift-lightglue-r2048-k8192,rootsift,lightglue,2048,8192,697,100_0010_0060.JPG,100_0010_0062.JPG,5763,5702,2618,2568,0.9809014514896868,450.36829182742895,0.625,0.625,0.9324703812599182,False,ok,0.3862370999995619
D2_111_nadir,rootsift-lightglue-r2048-k8192,rootsift,lightglue,2048,8192,698,100_0010_0060.JPG,100_0010_0063.JPG,5763,5828,1768,1708,0.9660633484162896,296.37341662328646,0.5,0.5,0.9225978255271912,False,ok,0.18671149999136105
D2_111_nadir,rootsift-lightglue-r2048-k8192,rootsift,lightglue,2048,8192,699,100_0010_0060.JPG,100_0010_0064.JPG,5763,5774,984,941,0.9563008130081301,163.28301231997224,0.25,0.25,0.9245592951774597,False,ok,0.46629650000249967
D2_111_nadir,rootsift-lightglue-r2048-k8192,rootsift,lightglue,2048,8192,700,100_0010_0060.JPG,100_0010_0065.JPG,5763,5863,5,0,0.0,0.0,0.0,0.0,0.21320705115795135,True,too_few_matches,0.30844699998851866
D2_111_nadir,rootsift-lightglue-r2048-k8192,rootsift,lightglue,2048,8192,701,100_0010_0060.JPG,100_0010_0066.JPG,5763,6035,1,0,0.0,0.0,0.0,0.0,0.21603722870349884,True,too_few_matches,0.33432719999109395
D2_111_nadir,rootsift-lightglue-r2048-k8192,rootsift,lightglue,2048,8192,702,100_0010_0060.JPG,100_0010_0067.JPG,5763,6339,0,0,0.0,0.0,0.0,0.0,0.0,True,no_matches,0.36474530000123195
D2_111_nadir,rootsift-lightglue-r2048-k8192,rootsift,lightglue,2048,8192,703,100_0010_0060.JPG,100_0010_0068.JPG,5763,6519,3,0,0.0,0.0,0.0,0.0,0.3305341899394989,True,too_few_matches,0.28822330001275986
D2_111_nadir,rootsift-lightglue-r2048-k8192,rootsift,lightglue,2048,8192,704,100_0010_0060.JPG,100_0010_0078.JPG,5763,5857,3182,3141,0.9871150219987429,545.0286309213951,0.75,0.6875,0.9323529601097107,False,ok,0.2814160000125412
D2_111_nadir,rootsift-lightglue-r2048-k8192,rootsift,lightglue,2048,8192,705,100_0010_0060.JPG,100_0010_0079.JPG,5763,5908,3077,3035,0.9863503412414689,526.6354329342356,0.671875,0.609375,0.9351987242698669,False,ok,0.392949300003238
D2_111_nadir,rootsift-lightglue-r2048-k8192,rootsift,lightglue,2048,8192,706,100_0010_0060.JPG,100_0010_0080.JPG,5763,5939,2370,2320,0.9789029535864979,402.56810688877323,0.5625,0.5,0.9421854615211487,False,ok,0.3603385000023991
D2_111_nadir,rootsift-lightglue-r2048-k8192,rootsift,lightglue,2048,8192,707,100_0010_0060.JPG,100_0010_0109.JPG,5763,5989,1824,1724,0.9451754385964912,299.14974839493317,0.625,0.453125,0.9266802072525024,False,ok,0.3386334999813698
D2_111_nadir,rootsift-lightglue-r2048-k8192,rootsift,lightglue,2048,8192,708,100_0010_0060.JPG,100_0010_0110.JPG,5763,5988,1354,1270,0.9379615952732644,220.37133437445775,0.484375,0.375,0.9403654932975769,False,ok,0.20262940000975505
D2_111_nadir,rootsift-lightglue-r2048-k8192,rootsift,lightglue,2048,8192,709,100_0010_0060.JPG,100_0010_0111.JPG,5763,5963,873,794,0.9095074455899198,137.77546416796807,0.328125,0.328125,0.941321074962616,False,ok,0.27397919999202713
D2_111_nadir,rootsift-lightglue-r2048-k8192,rootsift,lightglue,2048,8192,710,100_0010_0061.JPG,100_0010_0062.JPG,5708,5702,3635,3616,0.9947730398899587,634.1634514205542,0.875,0.875,0.916480302810669,False,ok,0.31536020000930876
D2_111_nadir,rootsift-lightglue-r2048-k8192,rootsift,lightglue,2048,8192,711,100_0010_0061.JPG,100_0010_0063.JPG,5708,5828,2733,2686,0.9828027808269301,470.5676243868255,0.625,0.625,0.9308220148086548,False,ok,0.19344510001246817
D2_111_nadir,rootsift-lightglue-r2048-k8192,rootsift,lightglue,2048,8192,712,100_0010_0061.JPG,100_0010_0064.JPG,5708,5774,1944,1888,0.9711934156378601,330.7638402242467,0.5,0.5,0.9231595993041992,False,ok,0.31303819999448024
D2_111_nadir,rootsift-lightglue-r2048-k8192,rootsift,lightglue,2048,8192,713,100_0010_0061.JPG,100_0010_0065.JPG,5708,5863,1078,1027,0.9526901669758813,179.9229152067274,0.25,0.25,0.9291544556617737,False,ok,0.4106315999815706
D2_111_nadir,rootsift-lightglue-r2048-k8192,rootsift,lightglue,2048,8192,714,100_0010_0061.JPG,100_0010_0066.JPG,5708,6035,59,41,0.6949152542372882,7.1829011913104415,0.078125,0.0625,0.5894963145256042,False,ok,0.466198699985398
D2_111_nadir,rootsift-lightglue-r2048-k8192,rootsift,lightglue,2048,8192,715,100_0010_0061.JPG,100_0010_0067.JPG,5708,6339,1,0,0.0,0.0,0.0,0.0,0.12888367474079132,True,too_few_matches,0.284172599989688
D2_111_nadir,rootsift-lightglue-r2048-k8192,rootsift,lightglue,2048,8192,716,100_0010_0061.JPG,100_0010_0068.JPG,5708,6519,5,0,0.0,0.0,0.0,0.0,0.22515130043029785,True,too_few_matches,0.30761740001617
D2_111_nadir,rootsift-lightglue-r2048-k8192,rootsift,lightglue,2048,8192,717,100_0010_0061.JPG,100_0010_0069.JPG,5708,6596,5,0,0.0,0.0,0.0,0.0,0.18770703673362732,True,too_few_matches,0.35407970001688227
D2_111_nadir,rootsift-lightglue-r2048-k8192,rootsift,lightglue,2048,8192,718,100_0010_0061.JPG,100_0010_0077.JPG,5708,5790,3108,3067,0.9868082368082368,537.3160476524176,0.75,0.71875,0.9296664595603943,False,ok,0.25170340001932345
D2_111_nadir,rootsift-lightglue-r2048-k8192,rootsift,lightglue,2048,8192,719,100_0010_0061.JPG,100_0010_0078.JPG,5708,5857,2912,2875,0.9872939560439561,503.6790469516468,0.65625,0.609375,0.9359137415885925,False,ok,0.2497185999818612
D2_111_nadir,rootsift-lightglue-r2048-k8192,rootsift,lightglue,2048,8192,720,100_0010_0061.JPG,100_0010_0079.JPG,5708,5908,2371,2316,0.9768030366933783,405.7463209530483,0.5625,0.515625,0.9341086745262146,False,ok,0.34978590000537224
D2_111_nadir,rootsift-lightglue-r2048-k8192,rootsift,lightglue,2048,8192,721,100_0010_0061.JPG,100_0010_0108.JPG,5708,5957,1621,1506,0.9290561381863047,263.8402242466713,0.609375,0.4375,0.9318293333053589,False,ok,0.28623339999467134
D2_111_nadir,rootsift-lightglue-r2048-k8192,rootsift,lightglue,2048,8192,722,100_0010_0061.JPG,100_0010_0109.JPG,5708,5989,1217,1171,0.9622021364009861,205.15066573230553,0.484375,0.359375,0.9067181944847107,False,ok,0.15306849998887628
D2_111_nadir,rootsift-lightglue-r2048-k8192,rootsift,lightglue,2048,8192,723,100_0010_0061.JPG,100_0010_0110.JPG,5708,5988,732,688,0.9398907103825137,120.53258584442887,0.28125,0.234375,0.944990873336792,False,ok,0.30090699999709614
D2_111_nadir,rootsift-lightglue-r2048-k8192,rootsift,lightglue,2048,8192,724,100_0010_0061.JPG,100_0010_0111.JPG,5708,5963,308,244,0.7922077922077922,42.74702172389629,0.109375,0.109375,0.8413195013999939,False,ok,0.40315800000098534
D2_111_nadir,rootsift-lightglue-r2048-k8192,rootsift,lightglue,2048,8192,725,100_0010_0062.JPG,100_0010_0063.JPG,5702,5828,3753,3730,0.9938715694111377,654.1564363381269,0.875,0.875,0.9145341515541077,False,ok,0.12255680002272129
D2_111_nadir,rootsift-lightglue-r2048-k8192,rootsift,lightglue,2048,8192,726,100_0010_0062.JPG,100_0010_0064.JPG,5702,5774,2902,2854,0.983459682977257,500.5261311820414,0.625,0.625,0.9250696897506714,False,ok,0.09964609998860396
D2_111_nadir,rootsift-lightglue-r2048-k8192,rootsift,lightglue,2048,8192,727,100_0010_0062.JPG,100_0010_0065.JPG,5702,5863,1961,1911,0.974502804691484,335.14556296036477,0.5,0.5,0.9225003123283386,False,ok,0.09976929999538697
D2_111_nadir,rootsift-lightglue-r2048-k8192,rootsift,lightglue,2048,8192,728,100_0010_0062.JPG,100_0010_0066.JPG,5702,6035,1085,1003,0.9244239631336405,175.90319186250437,0.25,0.25,0.9119901061058044,False,ok,0.3526930999942124
D2_111_nadir,rootsift-lightglue-r2048-k8192,rootsift,lightglue,2048,8192,729,100_0010_0062.JPG,100_0010_0067.JPG,5702,6339,1,0,0.0,0.0,0.0,0.0,0.11119108647108078,True,too_few_matches,0.3238302999816369
D2_111_nadir,rootsift-lightglue-r2048-k8192,rootsift,lightglue,2048,8192,730,100_0010_0062.JPG,100_0010_0068.JPG,5702,6519,1,0,0.0,0.0,0.0,0.0,0.22551566362380981,True,too_few_matches,0.3433645999757573
D2_111_nadir,rootsift-lightglue-r2048-k8192,rootsift,lightglue,2048,8192,731,100_0010_0062.JPG,100_0010_0069.JPG,5702,6596,4,0,0.0,0.0,0.0,0.0,0.26460590958595276,True,too_few_matches,0.4587333999807015
D2_111_nadir,rootsift-lightglue-r2048-k8192,rootsift,lightglue,2048,8192,732,100_0010_0062.JPG,100_0010_0070.JPG,5702,6690,5,0,0.0,0.0,0.0,0.0,0.181622713804245,True,too_few_matches,0.34365450000041164
D2_111_nadir,rootsift-lightglue-r2048-k8192,rootsift,lightglue,2048,8192,733,100_0010_0062.JPG,100_0010_0076.JPG,5702,5751,3090,3030,0.9805825242718447,531.3924938618029,0.75,0.734375,0.93153315782547,False,ok,0.2565314999956172
D2_111_nadir,rootsift-lightglue-r2048-k8192,rootsift,lightglue,2048,8192,734,100_0010_0062.JPG,100_0010_0077.JPG,5702,5790,2885,2845,0.9861351819757366,498.94773763591724,0.65625,0.640625,0.9162195920944214,False,ok,0.3219534000090789
D2_111_nadir,rootsift-lightglue-r2048-k8192,rootsift,lightglue,2048,8192,735,100_0010_0062.JPG,100_0010_0078.JPG,5702,5857,2249,2199,0.9777678968430413,385.65415643633816,0.5625,0.53125,0.9356585741043091,False,ok,0.2224471000081394
D2_111_nadir,rootsift-lightglue-r2048-k8192,rootsift,lightglue,2048,8192,736,100_0010_0062.JPG,100_0010_0107.JPG,5702,5917,1516,1443,0.9518469656992085,253.0690985619081,0.484375,0.421875,0.9319862127304077,False,ok,0.32740280000143684
D2_111_nadir,rootsift-lightglue-r2048-k8192,rootsift,lightglue,2048,8192,737,100_0010_0062.JPG,100_0010_0108.JPG,5702,5957,1159,1109,0.9568593615185504,194.49316029463347,0.375,0.34375,0.9139593839645386,False,ok,0.33108370000263676
D2_111_nadir,rootsift-lightglue-r2048-k8192,rootsift,lightglue,2048,8192,738,100_0010_0062.JPG,100_0010_0109.JPG,5702,5989,719,684,0.9513212795549374,119.95790950543669,0.25,0.25,0.8916847705841064,False,ok,0.2520579000120051
D2_111_nadir,rootsift-lightglue-r2048-k8192,rootsift,lightglue,2048,8192,739,100_0010_0062.JPG,100_0010_0110.JPG,5702,5988,190,142,0.7473684210526316,24.903542616625746,0.125,0.140625,0.7515730857849121,False,ok,0.27591329999268055
D2_111_nadir,rootsift-lightglue-r2048-k8192,rootsift,lightglue,2048,8192,740,100_0010_0062.JPG,100_0010_0111.JPG,5702,5963,0,0,0.0,0.0,0.0,0.0,0.0,True,no_matches,0.3650552999752108
D2_111_nadir,rootsift-lightglue-r2048-k8192,rootsift,lightglue,2048,8192,741,100_0010_0063.JPG,100_0010_0064.JPG,5828,5774,3862,3837,0.9935266701191092,664.5306546588154,0.875,0.84375,0.9139480590820312,False,ok,0.31069929999648593
D2_111_nadir,rootsift-lightglue-r2048-k8192,rootsift,lightglue,2048,8192,742,100_0010_0063.JPG,100_0010_0065.JPG,5828,5863,2791,2733,0.9792189179505554,468.9430336307481,0.625,0.625,0.9208930134773254,False,ok,0.2643398999935016
D2_111_nadir,rootsift-lightglue-r2048-k8192,rootsift,lightglue,2048,8192,743,100_0010_0063.JPG,100_0010_0066.JPG,5828,6035,1761,1655,0.9398069278818852,283.9739190116678,0.5,0.4375,0.9272564649581909,False,ok,0.4172830999887083
D2_111_nadir,rootsift-lightglue-r2048-k8192,rootsift,lightglue,2048,8192,744,100_0010_0063.JPG,100_0010_0067.JPG,5828,6339,716,589,0.8226256983240223,101.06382978723404,0.25,0.25,0.8354096412658691,False,ok,0.27109319998999126
D2_111_nadir,rootsift-lightglue-r2048-k8192,rootsift,lightglue,2048,8192,745,100_0010_0063.JPG,100_0010_0068.JPG,5828,6519,5,0,0.0,0.0,0.0,0.0,0.15255677700042725,True,too_few_matches,0.2953210000123363
D2_111_nadir,rootsift-lightglue-r2048-k8192,rootsift,lightglue,2048,8192,746,100_0010_0063.JPG,100_0010_0069.JPG,5828,6596,114,61,0.5350877192982456,10.466712422786548,0.0625,0.046875,0.5185653567314148,False,ok,0.5417834999971092
D2_111_nadir,rootsift-lightglue-r2048-k8192,rootsift,lightglue,2048,8192,747,100_0010_0063.JPG,100_0010_0070.JPG,5828,6690,120,62,0.5166666666666667,10.638297872340425,0.0625,0.0625,0.5897744297981262,False,ok,0.4593209000013303
D2_111_nadir,rootsift-lightglue-r2048-k8192,rootsift,lightglue,2048,8192,748,100_0010_0063.JPG,100_0010_0071.JPG,5828,6690,241,135,0.5601659751037344,23.164035689773506,0.09375,0.078125,0.6584343314170837,False,ok,0.36553680000361055
D2_111_nadir,rootsift-lightglue-r2048-k8192,rootsift,lightglue,2048,8192,749,100_0010_0063.JPG,100_0010_0075.JPG,5828,5764,3130,3084,0.9853035143769968,535.0451075641915,0.75,0.703125,0.9203090667724609,False,ok,0.27376040001399815
D2_111_nadir,rootsift-lightglue-r2048-k8192,rootsift,lightglue,2048,8192,750,100_0010_0063.JPG,100_0010_0076.JPG,5828,5751,3073,3027,0.9850309144158802,526.3432446531039,0.65625,0.65625,0.9303393363952637,False,ok,0.18222489999607205
D2_111_nadir,rootsift-lightglue-r2048-k8192,rootsift,lightglue,2048,8192,751,100_0010_0063.JPG,100_0010_0106.JPG,5828,5922,1234,1124,0.9108589951377634,192.86204529855868,0.390625,0.3125,0.889887809753418,False,ok,0.347975700016832
D2_111_nadir,rootsift-lightglue-r2048-k8192,rootsift,lightglue,2048,8192,752,100_0010_0063.JPG,100_0010_0107.JPG,5828,5917,1013,881,0.8696939782823297,151.16678105696636,0.34375,0.296875,0.8977113962173462,False,ok,0.3455635999853257
D2_111_nadir,rootsift-lightglue-r2048-k8192,rootsift,lightglue,2048,8192,753,100_0010_0063.JPG,100_0010_0108.JPG,5828,5957,599,530,0.8848080133555927,90.94028826355525,0.234375,0.234375,0.8818722367286682,False,ok,0.24316529999487102
D2_111_nadir,rootsift-lightglue-r2048-k8192,rootsift,lightglue,2048,8192,754,100_0010_0063.JPG,100_0010_0109.JPG,5828,5989,0,0,0.0,0.0,0.0,0.0,0.0,True,no_matches,0.27461870000115596
D2_111_nadir,rootsift-lightglue-r2048-k8192,rootsift,lightglue,2048,8192,755,100_0010_0063.JPG,100_0010_0110.JPG,5828,5988,1,0,0.0,0.0,0.0,0.0,0.23452742397785187,True,too_few_matches,0.26427590000093915
D2_111_nadir,rootsift-lightglue-r2048-k8192,rootsift,lightglue,2048,8192,756,100_0010_0063.JPG,100_0010_0111.JPG,5828,5963,1,0,0.0,0.0,0.0,0.0,0.32695743441581726,True,too_few_matches,0.160179500002414
D2_111_nadir,rootsift-lightglue-r2048-k8192,rootsift,lightglue,2048,8192,757,100_0010_0064.JPG,100_0010_0065.JPG,5774,5863,3503,3472,0.9911504424778761,601.3162452372706,0.875,0.84375,0.9166325330734253,False,ok,0.11353679999592714
D2_111_nadir,rootsift-lightglue-r2048-k8192,rootsift,lightglue,2048,8192,758,100_0010_0064.JPG,100_0010_0066.JPG,5774,6035,2237,2167,0.9687080911935628,375.3030827848978,0.609375,0.609375,0.9135299921035767,False,ok,0.28121759998612106
D2_111_nadir,rootsift-lightglue-r2048-k8192,rootsift,lightglue,2048,8192,759,100_0010_0064.JPG,100_0010_0067.JPG,5774,6339,1013,891,0.8795656465942744,154.31243505368894,0.484375,0.421875,0.8789448738098145,False,ok,0.3275457000127062
D2_111_nadir,rootsift-lightglue-r2048-k8192,rootsift,lightglue,2048,8192,760,100_0010_0064.JPG,100_0010_0068.JPG,5774,6519,391,249,0.6368286445012787,43.1243505368895,0.3125,0.3125,0.6978679895401001,False,ok,0.5631938999867998
D2_111_nadir,rootsift-lightglue-r2048-k8192,rootsift,lightglue,2048,8192,761,100_0010_0064.JPG,100_0010_0069.JPG,5774,6596,376,244,0.648936170212766,42.25839972289574,0.28125,0.265625,0.7527378797531128,False,ok,0.4006924999994226
D2_111_nadir,rootsift-lightglue-r2048-k8192,rootsift,lightglue,2048,8192,762,100_0010_0064.JPG,100_0010_0070.JPG,5774,6690,351,233,0.6638176638176638,40.35330793210946,0.234375,0.21875,0.7612624764442444,False,ok,0.3855057999899145
D2_111_nadir,rootsift-lightglue-r2048-k8192,rootsift,lightglue,2048,8192,763,100_0010_0064.JPG,100_0010_0071.JPG,5774,6690,431,282,0.654292343387471,48.839625909248355,0.234375,0.203125,0.7548595666885376,False,ok,0.3849391999829095
D2_111_nadir,rootsift-lightglue-r2048-k8192,rootsift,lightglue,2048,8192,764,100_0010_0064.JPG,100_0010_0072.JPG,5774,6142,1386,1327,0.9574314574314574,229.82334603394528,0.4375,0.375,0.9229771494865417,False,ok,0.24293649999890476
D2_111_nadir,rootsift-lightglue-r2048-k8192,rootsift,lightglue,2048,8192,765,100_0010_0064.JPG,100_0010_0074.JPG,5774,5794,3023,2974,0.9837909361561363,515.0675441634916,0.71875,0.71875,0.9156697988510132,False,ok,0.336197099997662
D2_111_nadir,rootsift-lightglue-r2048-k8192,rootsift,lightglue,2048,8192,766,100_0010_0064.JPG,100_0010_0075.JPG,5774,5764,3025,2987,0.9874380165289256,518.2165163081194,0.65625,0.65625,0.9198108315467834,False,ok,0.31609219999518245
D2_111_nadir,rootsift-lightglue-r2048-k8192,rootsift,lightglue,2048,8192,767,100_0010_0064.JPG,100_0010_0106.JPG,5774,5922,740,613,0.8283783783783784,106.1655697956356,0.21875,0.21875,0.8913311958312988,False,ok,0.16142919997218996
D2_111_nadir,rootsift-lightglue-r2048-k8192,rootsift,lightglue,2048,8192,768,100_0010_0064.JPG,100_0010_0107.JPG,5774,5917,373,337,0.903485254691689,58.365084863179774,0.109375,0.109375,0.8720569014549255,False,ok,0.3665995999763254
D2_111_nadir,rootsift-lightglue-r2048-k8192,rootsift,lightglue,2048,8192,769,100_0010_0064.JPG,100_0010_0108.JPG,5774,5957,0,0,0.0,0.0,0.0,0.0,0.0,True,no_matches,0.3486525000189431
D2_111_nadir,rootsift-lightglue-r2048-k8192,rootsift,lightglue,2048,8192,770,100_0010_0064.JPG,100_0010_0109.JPG,5774,5989,0,0,0.0,0.0,0.0,0.0,0.0,True,no_matches,0.3237856999912765
D2_111_nadir,rootsift-lightglue-r2048-k8192,rootsift,lightglue,2048,8192,771,100_0010_0065.JPG,100_0010_0066.JPG,5863,6035,3202,3162,0.9875078076202374,539.3143441923929,0.875,0.84375,0.9185649752616882,False,ok,0.3202183000103105
D2_111_nadir,rootsift-lightglue-r2048-k8192,rootsift,lightglue,2048,8192,772,100_0010_0065.JPG,100_0010_0067.JPG,5863,6339,1591,1439,0.9044626021370208,245.43748933992836,0.625,0.609375,0.8907137513160706,False,ok,0.4483738999988418
D2_111_nadir,rootsift-lightglue-r2048-k8192,rootsift,lightglue,2048,8192,773,100_0010_0065.JPG,100_0010_0068.JPG,5863,6519,766,578,0.7545691906005222,98.58434248678151,0.5,0.484375,0.793192982673645,False,ok,0.3870423999906052
D2_111_nadir,rootsift-lightglue-r2048-k8192,rootsift,lightglue,2048,8192,774,100_0010_0065.JPG,100_0010_0069.JPG,5863,6596,643,481,0.7480559875583204,82.039911308204,0.40625,0.40625,0.7700552940368652,False,ok,0.3449366000131704
D2_111_nadir,rootsift-lightglue-r2048-k8192,rootsift,lightglue,2048,8192,775,100_0010_0065.JPG,100_0010_0070.JPG,5863,6690,561,415,0.7397504456327986,70.78287566092445,0.328125,0.359375,0.7590122222900391,False,ok,0.27334280000650324
D2_111_nadir,rootsift-lightglue-r2048-k8192,rootsift,lightglue,2048,8192,776,100_0010_0065.JPG,100_0010_0071.JPG,5863,6690,647,495,0.7650695517774343,84.42776735459663,0.421875,0.34375,0.7733189463615417,False,ok,0.2108926000073552
D2_111_nadir,rootsift-lightglue-r2048-k8192,rootsift,lightglue,2048,8192,777,100_0010_0065.JPG,100_0010_0072.JPG,5863,6142,1944,1873,0.963477366255144,319.46102677809995,0.53125,0.515625,0.9130612015724182,False,ok,0.4254796000022907
D2_111_nadir,rootsift-lightglue-r2048-k8192,rootsift,lightglue,2048,8192,778,100_0010_0065.JPG,100_0010_0073.JPG,5863,5933,2971,2923,0.9838438236284079,498.55023025754735,0.703125,0.734375,0.917238712310791,False,ok,0.2698822999955155
D2_111_nadir,rootsift-lightglue-r2048-k8192,rootsift,lightglue,2048,8192,779,100_0010_0065.JPG,100_0010_0074.JPG,5863,5794,2809,2769,0.9857600569597722,477.90818087676905,0.609375,0.609375,0.9236965179443359,False,ok,0.2657824999769218
D2_111_nadir,rootsift-lightglue-r2048-k8192,rootsift,lightglue,2048,8192,780,100_0010_0065.JPG,100_0010_0105.JPG,5863,5942,673,610,0.9063893016344725,104.04229916425038,0.1875,0.1875,0.9271906018257141,False,ok,0.4538368000066839
D2_111_nadir,rootsift-lightglue-r2048-k8192,rootsift,lightglue,2048,8192,781,100_0010_0065.JPG,100_0010_0106.JPG,5863,5922,103,84,0.8155339805825242,14.327136278355791,0.09375,0.09375,0.6716696619987488,False,ok,0.4854103999969084
D2_111_nadir,rootsift-lightglue-r2048-k8192,rootsift,lightglue,2048,8192,782,100_0010_0065.JPG,100_0010_0107.JPG,5863,5917,3,0,0.0,0.0,0.0,0.0,0.20124869048595428,True,too_few_matches,0.3240751000121236
D2_111_nadir,rootsift-lightglue-r2048-k8192,rootsift,lightglue,2048,8192,783,100_0010_0065.JPG,100_0010_0108.JPG,5863,5957,5,0,0.0,0.0,0.0,0.0,0.22800233960151672,True,too_few_matches,0.24515980001888238
D2_111_nadir,rootsift-lightglue-r2048-k8192,rootsift,lightglue,2048,8192,784,100_0010_0066.JPG,100_0010_0067.JPG,6035,6339,2439,2362,0.968429684296843,391.38359569179784,0.859375,0.84375,0.8965445160865784,False,ok,0.40847690001828596
D2_111_nadir,rootsift-lightglue-r2048-k8192,rootsift,lightglue,2048,8192,785,100_0010_0066.JPG,100_0010_0068.JPG,6035,6519,1308,1129,0.8631498470948012,187.07539353769675,0.71875,0.71875,0.8474825024604797,False,ok,0.09559719997923821
D2_111_nadir,rootsift-lightglue-r2048-k8192,rootsift,lightglue,2048,8192,786,100_0010_0066.JPG,100_0010_0069.JPG,6035,6596,1116,929,0.8324372759856631,153.93537696768848,0.640625,0.625,0.8321895599365234,False,ok,0.11816019998514093
D2_111_nadir,rootsift-lightglue-r2048-k8192,rootsift,lightglue,2048,8192,787,100_0010_0066.JPG,100_0010_0070.JPG,6035,6690,985,809,0.8213197969543147,134.0513670256835,0.546875,0.53125,0.8112492561340332,False,ok,0.376530699984869
D2_111_nadir,rootsift-lightglue-r2048-k8192,rootsift,lightglue,2048,8192,788,100_0010_0066.JPG,100_0010_0071.JPG,6035,6690,1047,877,0.8376313276026743,145.31897265948632,0.515625,0.5,0.8233814835548401,False,ok,0.2834512999979779
D2_111_nadir,rootsift-lightglue-r2048-k8192,rootsift,lightglue,2048,8192,789,100_0010_0066.JPG,100_0010_0072.JPG,6035,6142,2652,2593,0.9777526395173454,429.6603148301574,0.71875,0.6875,0.9071464538574219,False,ok,0.36504950001835823
D2_111_nadir,rootsift-lightglue-r2048-k8192,rootsift,lightglue,2048,8192,790,100_0010_0066.JPG,100_0010_0073.JPG,6035,5933,2512,2457,0.9781050955414012,414.1243890106186,0.6875,0.6875,0.9163447022438049,False,ok,0.29103970000869595
D2_111_nadir,rootsift-lightglue-r2048-k8192,rootsift,lightglue,2048,8192,791,100_0010_0066.JPG,100_0010_0074.JPG,6035,5794,1911,1843,0.9644165358451072,318.08767690714535,0.5,0.515625,0.9188408255577087,False,ok,0.20306949998484924
D2_111_nadir,rootsift-lightglue-r2048-k8192,rootsift,lightglue,2048,8192,792,100_0010_0066.JPG,100_0010_0105.JPG,6035,5942,0,0,0.0,0.0,0.0,0.0,0.0,True,no_matches,0.38043780002044514
D2_111_nadir,rootsift-lightglue-r2048-k8192,rootsift,lightglue,2048,8192,793,100_0010_0066.JPG,100_0010_0106.JPG,6035,5922,1,0,0.0,0.0,0.0,0.0,0.11970381438732147,True,too_few_matches,0.41780610001296736
D2_111_nadir,rootsift-lightglue-r2048-k8192,rootsift,lightglue,2048,8192,794,100_0010_0066.JPG,100_0010_0107.JPG,6035,5917,0,0,0.0,0.0,0.0,0.0,0.0,True,no_matches,0.26389890001155436
D2_111_nadir,rootsift-lightglue-r2048-k8192,rootsift,lightglue,2048,8192,795,100_0010_0067.JPG,100_0010_0068.JPG,6339,6519,2613,2413,0.9234596249521623,380.65941000157756,0.9375,0.90625,0.8648557662963867,False,ok,0.30886849999660626
D2_111_nadir,rootsift-lightglue-r2048-k8192,rootsift,lightglue,2048,8192,796,100_0010_0067.JPG,100_0010_0069.JPG,6339,6596,2021,1799,0.8901533894111826,283.7987064205711,0.8125,0.796875,0.8485654592514038,False,ok,0.3861666999873705
D2_111_nadir,rootsift-lightglue-r2048-k8192,rootsift,lightglue,2048,8192,797,100_0010_0067.JPG,100_0010_0070.JPG,6339,6690,1717,1477,0.860221316249272,233.00205079665562,0.71875,0.703125,0.8357435464859009,False,ok,0.5330900000117254
D2_111_nadir,rootsift-lightglue-r2048-k8192,rootsift,lightglue,2048,8192,798,100_0010_0067.JPG,100_0010_0071.JPG,6339,6690,1801,1570,0.8717379233759023,247.67313456381132,0.71875,0.703125,0.8416671752929688,False,ok,0.37015580001752824
D2_111_nadir,rootsift-lightglue-r2048-k8192,rootsift,lightglue,2048,8192,799,100_0010_0067.JPG,100_0010_0072.JPG,6339,6142,2181,2027,0.9293901879871619,330.02279387821557,0.640625,0.65625,0.8881462216377258,False,ok,0.3452331000007689
D2_111_nadir,rootsift-lightglue-r2048-k8192,rootsift,lightglue,2048,8192,800,100_0010_0067.JPG,100_0010_0073.JPG,6339,5933,1348,1186,0.8798219584569733,199.89887072307434,0.546875,0.546875,0.8806804418563843,False,ok,0.2634853000054136
D2_111_nadir,rootsift-lightglue-r2048-k8192,rootsift,lightglue,2048,8192,801,100_0010_0067.JPG,100_0010_0074.JPG,6339,5794,970,832,0.8577319587628865,143.59682430100105,0.328125,0.328125,0.8706938028335571,False,ok,0.2858600000035949
D2_111_nadir,rootsift-lightglue-r2048-k8192,rootsift,lightglue,2048,8192,802,100_0010_0067.JPG,100_0010_0075.JPG,6339,5764,721,591,0.8196948682385575,102.53296321998612,0.234375,0.265625,0.8541901707649231,False,ok,0.40849219998926856
D2_111_nadir,rootsift-lightglue-r2048-k8192,rootsift,lightglue,2048,8192,803,100_0010_0068.JPG,100_0010_0069.JPG,6519,6596,3124,2925,0.9362996158770807,448.6884491486424,0.859375,0.84375,0.8486505746841431,False,ok,0.41646869998658076
D2_111_nadir,rootsift-lightglue-r2048-k8192,rootsift,lightglue,2048,8192,804,100_0010_0068.JPG,100_0010_0070.JPG,6519,6690,2559,2303,0.8999609222352482,353.2750421843841,0.75,0.734375,0.844057023525238,False,ok,0.4143758999998681
D2_111_nadir,rootsift-lightglue-r2048-k8192,rootsift,lightglue,2048,8192,805,100_0010_0068.JPG,100_0010_0071.JPG,6519,6690,2469,2188,0.8861887403807209,335.6342997392238,0.703125,0.734375,0.8359935879707336,False,ok,0.385135899996385
D2_111_nadir,rootsift-lightglue-r2048-k8192,rootsift,lightglue,2048,8192,806,100_0010_0068.JPG,100_0010_0072.JPG,6519,6142,1097,916,0.8350045578851413,149.13708889612505,0.5625,0.59375,0.8227211236953735,False,ok,0.3166299999866169
D2_111_nadir,rootsift-lightglue-r2048-k8192,rootsift,lightglue,2048,8192,807,100_0010_0068.JPG,100_0010_0073.JPG,6519,5933,613,459,0.7487765089722676,77.36389684813754,0.4375,0.421875,0.7591269612312317,False,ok,0.3018971999990754
D2_111_nadir,rootsift-lightglue-r2048-k8192,rootsift,lightglue,2048,8192,808,100_0010_0068.JPG,100_0010_0074.JPG,6519,5794,317,225,0.7097791798107256,38.83327580255437,0.234375,0.25,0.7354761958122253,False,ok,0.5206709999765735
D2_111_nadir,rootsift-lightglue-r2048-k8192,rootsift,lightglue,2048,8192,809,100_0010_0068.JPG,100_0010_0075.JPG,6519,5764,26,22,0.8461538461538461,3.816793893129771,0.09375,0.078125,0.5167009830474854,False,ok,0.3315623000089545
D2_111_nadir,rootsift-lightglue-r2048-k8192,rootsift,lightglue,2048,8192,810,100_0010_0068.JPG,100_0010_0076.JPG,6519,5751,3,0,0.0,0.0,0.0,0.0,0.2185608595609665,True,too_few_matches,0.23555700000724755
D2_111_nadir,rootsift-lightglue-r2048-k8192,rootsift,lightglue,2048,8192,811,100_0010_0069.JPG,100_0010_0070.JPG,6596,6690,3514,3264,0.9288560045532157,494.8453608247423,0.875,0.875,0.84126877784729,False,ok,0.43430270001408644
D2_111_nadir,rootsift-lightglue-r2048-k8192,rootsift,lightglue,2048,8192,812,100_0010_0069.JPG,100_0010_0071.JPG,6596,6690,3305,3061,0.9261724659606656,464.0691328077623,0.875,0.859375,0.8414879441261292,False,ok,0.5486363999953028
D2_111_nadir,rootsift-lightglue-r2048-k8192,rootsift,lightglue,2048,8192,813,100_0010_0069.JPG,100_0010_0072.JPG,6596,6142,1388,1202,0.8659942363112392,195.70172582220775,0.6875,0.703125,0.8367472887039185,False,ok,0.09579900000244379
D2_111_nadir,rootsift-lightglue-r2048-k8192,rootsift,lightglue,2048,8192,814,100_0010_0069.JPG,100_0010_0073.JPG,6596,5933,738,575,0.7791327913279132,96.91555705376706,0.515625,0.5,0.7878526449203491,False,ok,0.14551900001242757
D2_111_nadir,rootsift-lightglue-r2048-k8192,rootsift,lightglue,2048,8192,815,100_0010_0069.JPG,100_0010_0074.JPG,6596,5794,426,313,0.7347417840375586,54.02140144977563,0.265625,0.265625,0.7761350870132446,False,ok,0.36432729999069124
D2_111_nadir,rootsift-lightglue-r2048-k8192,rootsift,lightglue,2048,8192,816,100_0010_0069.JPG,100_0010_0075.JPG,6596,5764,155,114,0.7354838709677419,19.77793199167245,0.203125,0.1875,0.6190892457962036,False,ok,0.415343100001337
D2_111_nadir,rootsift-lightglue-r2048-k8192,rootsift,lightglue,2048,8192,817,100_0010_0069.JPG,100_0010_0076.JPG,6596,5751,2,0,0.0,0.0,0.0,0.0,0.47465282678604126,True,too_few_matches,0.3666189000068698
D2_111_nadir,rootsift-lightglue-r2048-k8192,rootsift,lightglue,2048,8192,818,100_0010_0069.JPG,100_0010_0077.JPG,6596,5790,2,0,0.0,0.0,0.0,0.0,0.14827440679073334,True,too_few_matches,0.4685946000099648
D2_111_nadir,rootsift-lightglue-r2048-k8192,rootsift,lightglue,2048,8192,819,100_0010_0069.JPG,100_0010_0101.JPG,6596,6756,1628,1300,0.7985257985257985,197.08914493632506,0.625,0.546875,0.8258649706840515,False,ok,0.4570251000113785
D2_111_nadir,rootsift-lightglue-r2048-k8192,rootsift,lightglue,2048,8192,820,100_0010_0069.JPG,100_0010_0102.JPG,6596,6806,1897,1523,0.8028465998945704,230.8975136446331,0.625,0.53125,0.8247548937797546,False,ok,0.4662940999842249
D2_111_nadir,rootsift-lightglue-r2048-k8192,rootsift,lightglue,2048,8192,821,100_0010_0069.JPG,100_0010_0103.JPG,6596,5911,3,0,0.0,0.0,0.0,0.0,0.17414206266403198,True,too_few_matches,0.2781389999727253
D2_111_nadir,rootsift-lightglue-r2048-k8192,rootsift,lightglue,2048,8192,822,100_0010_0069.JPG,100_0010_0104.JPG,6596,5892,2,0,0.0,0.0,0.0,0.0,0.12266486883163452,True,too_few_matches,0.377464700024575
D2_111_nadir,rootsift-lightglue-r2048-k8192,rootsift,lightglue,2048,8192,823,100_0010_0069.JPG,100_0010_0105.JPG,6596,5942,0,0,0.0,0.0,0.0,0.0,0.0,True,no_matches,0.4867149000056088
D2_111_nadir,rootsift-lightglue-r2048-k8192,rootsift,lightglue,2048,8192,824,100_0010_0069.JPG,100_0010_0106.JPG,6596,5922,3,0,0.0,0.0,0.0,0.0,0.16610725224018097,True,too_few_matches,0.28895400001783855
D2_111_nadir,rootsift-lightglue-r2048-k8192,rootsift,lightglue,2048,8192,825,100_0010_0070.JPG,100_0010_0071.JPG,6690,6690,4249,4085,0.9614026829842316,610.6128550074739,1.0,0.984375,0.8557471632957458,False,ok,0.45647040000767447
D2_111_nadir,rootsift-lightglue-r2048-k8192,rootsift,lightglue,2048,8192,826,100_0010_0070.JPG,100_0010_0072.JPG,6690,6142,1575,1316,0.8355555555555556,214.26245522631064,0.734375,0.796875,0.8345186114311218,False,ok,0.3444569999992382
D2_111_nadir,rootsift-lightglue-r2048-k8192,rootsift,lightglue,2048,8192,827,100_0010_0070.JPG,100_0010_0073.JPG,6690,5933,793,613,0.7730138713745272,103.3204112590595,0.546875,0.515625,0.7810237407684326,False,ok,0.4652139999961946
D2_111_nadir,rootsift-lightglue-r2048-k8192,rootsift,lightglue,2048,8192,828,100_0010_0070.JPG,100_0010_0074.JPG,6690,5794,440,331,0.7522727272727273,57.12806351397998,0.265625,0.28125,0.7702900171279907,False,ok,0.41873070001020096
D2_111_nadir,rootsift-lightglue-r2048-k8192,rootsift,lightglue,2048,8192,829,100_0010_0070.JPG,100_0010_0075.JPG,6690,5764,263,153,0.5817490494296578,26.5440666204025,0.1875,0.203125,0.6738302707672119,False,ok,0.4103826999780722
D2_111_nadir,rootsift-lightglue-r2048-k8192,rootsift,lightglue,2048,8192,830,100_0010_0070.JPG,100_0010_0076.JPG,6690,5751,2,0,0.0,0.0,0.0,0.0,0.16568316519260406,True,too_few_matches,0.33997319999616593
D2_111_nadir,rootsift-lightglue-r2048-k8192,rootsift,lightglue,2048,8192,831,100_0010_0070.JPG,100_0010_0077.JPG,6690,5790,1,0,0.0,0.0,0.0,0.0,0.152298241853714,True,too_few_matches,0.36497120000422
D2_111_nadir,rootsift-lightglue-r2048-k8192,rootsift,lightglue,2048,8192,832,100_0010_0070.JPG,100_0010_0078.JPG,6690,5857,3,0,0.0,0.0,0.0,0.0,0.22691623866558075,True,too_few_matches,0.3901680000126362
D2_111_nadir,rootsift-lightglue-r2048-k8192,rootsift,lightglue,2048,8192,833,100_0010_0070.JPG,100_0010_0100.JPG,6690,6340,931,709,0.761546723952739,111.82965299684543,0.515625,0.4375,0.8107365369796753,False,ok,0.5565874000021722
D2_111_nadir,rootsift-lightglue-r2048-k8192,rootsift,lightglue,2048,8192,834,100_0010_0070.JPG,100_0010_0101.JPG,6690,6756,1657,1433,0.8648159324079662,214.20029895366218,0.65625,0.546875,0.8236590027809143,False,ok,0.46860510000260547
D2_111_nadir,rootsift-lightglue-r2048-k8192,rootsift,lightglue,2048,8192,835,100_0010_0070.JPG,100_0010_0102.JPG,6690,6806,2111,1674,0.7929891046897205,250.22421524663676,0.671875,0.609375,0.8266007304191589,False,ok,0.5283063999959268
D2_111_nadir,rootsift-lightglue-r2048-k8192,rootsift,lightglue,2048,8192,836,100_0010_0070.JPG,100_0010_0103.JPG,6690,5911,2,0,0.0,0.0,0.0,0.0,0.3798222541809082,True,too_few_matches,0.33846420000190847
D2_111_nadir,rootsift-lightglue-r2048-k8192,rootsift,lightglue,2048,8192,837,100_0010_0070.JPG,100_0010_0104.JPG,6690,5892,2,0,0.0,0.0,0.0,0.0,0.23532409965991974,True,too_few_matches,0.2837901999882888
D2_111_nadir,rootsift-lightglue-r2048-k8192,rootsift,lightglue,2048,8192,838,100_0010_0070.JPG,100_0010_0105.JPG,6690,5942,1,0,0.0,0.0,0.0,0.0,0.13378514349460602,True,too_few_matches,0.36501450001378544
D2_111_nadir,rootsift-lightglue-r2048-k8192,rootsift,lightglue,2048,8192,839,100_0010_0071.JPG,100_0010_0072.JPG,6690,6142,1727,1456,0.8430804863925883,237.0563334418756,0.75,0.78125,0.8323274850845337,False,ok,0.5523683000064921
D2_111_nadir,rootsift-lightglue-r2048-k8192,rootsift,lightglue,2048,8192,840,100_0010_0071.JPG,100_0010_0073.JPG,6690,5933,882,692,0.7845804988662132,116.63576605427271,0.546875,0.53125,0.7814896702766418,False,ok,0.10217560001183301
D2_111_nadir,rootsift-lightglue-r2048-k8192,rootsift,lightglue,2048,8192,841,100_0010_0071.JPG,100_0010_0074.JPG,6690,5794,535,410,0.7663551401869159,70.76285812909907,0.3125,0.375,0.7795178294181824,False,ok,0.1286192999978084
D2_111_nadir,rootsift-lightglue-r2048-k8192,rootsift,lightglue,2048,8192,842,100_0010_0071.JPG,100_0010_0075.JPG,6690,5764,335,216,0.6447761194029851,37.473976405274115,0.203125,0.203125,0.6952354311943054,False,ok,0.3428249999997206
D2_111_nadir,rootsift-lightglue-r2048-k8192,rootsift,lightglue,2048,8192,843,100_0010_0071.JPG,100_0010_0076.JPG,6690,5751,2,0,0.0,0.0,0.0,0.0,0.20340904593467712,True,too_few_matches,0.30087900001672097
D2_111_nadir,rootsift-lightglue-r2048-k8192,rootsift,lightglue,2048,8192,844,100_0010_0071.JPG,100_0010_0077.JPG,6690,5790,2,0,0.0,0.0,0.0,0.0,0.13523215055465698,True,too_few_matches,0.5007316999835894
D2_111_nadir,rootsift-lightglue-r2048-k8192,rootsift,lightglue,2048,8192,845,100_0010_0071.JPG,100_0010_0078.JPG,6690,5857,2,0,0.0,0.0,0.0,0.0,0.11412767320871353,True,too_few_matches,0.36565199997858144
D2_111_nadir,rootsift-lightglue-r2048-k8192,rootsift,lightglue,2048,8192,846,100_0010_0071.JPG,100_0010_0079.JPG,6690,5908,2,0,0.0,0.0,0.0,0.0,0.21722280979156494,True,too_few_matches,0.24556459998711944
D2_111_nadir,rootsift-lightglue-r2048-k8192,rootsift,lightglue,2048,8192,847,100_0010_0071.JPG,100_0010_0100.JPG,6690,6340,954,765,0.8018867924528302,120.66246056782335,0.5,0.4375,0.8004635572433472,False,ok,0.4939155000029132
D2_111_nadir,rootsift-lightglue-r2048-k8192,rootsift,lightglue,2048,8192,848,100_0010_0071.JPG,100_0010_0101.JPG,6690,6756,1713,1486,0.8674839462930531,222.12257100149478,0.703125,0.609375,0.8249584436416626,False,ok,0.48311160001321696
D2_111_nadir,rootsift-lightglue-r2048-k8192,rootsift,lightglue,2048,8192,849,100_0010_0071.JPG,100_0010_0102.JPG,6690,6806,2117,1689,0.7978271138403401,252.46636771300447,0.6875,0.625,0.8308886289596558,False,ok,0.5376759999780916
D2_111_nadir,rootsift-lightglue-r2048-k8192,rootsift,lightglue,2048,8192,850,100_0010_0071.JPG,100_0010_0103.JPG,6690,5911,3,0,0.0,0.0,0.0,0.0,0.33645448088645935,True,too_few_matches,0.2967034000030253
D2_111_nadir,rootsift-lightglue-r2048-k8192,rootsift,lightglue,2048,8192,851,100_0010_0071.JPG,100_0010_0104.JPG,6690,5892,3,0,0.0,0.0,0.0,0.0,0.28350138664245605,True,too_few_matches,0.4353718000056688
D2_111_nadir,rootsift-lightglue-r2048-k8192,rootsift,lightglue,2048,8192,852,100_0010_0071.JPG,100_0010_0105.JPG,6690,5942,3,0,0.0,0.0,0.0,0.0,0.22206361591815948,True,too_few_matches,0.4261549999937415
D2_111_nadir,rootsift-lightglue-r2048-k8192,rootsift,lightglue,2048,8192,853,100_0010_0072.JPG,100_0010_0073.JPG,6142,5933,2767,2699,0.9754246476328153,454.9131973706388,0.84375,0.84375,0.9020564556121826,False,ok,0.33422780002001673
D2_111_nadir,rootsift-lightglue-r2048-k8192,rootsift,lightglue,2048,8192,854,100_0010_0072.JPG,100_0010_0074.JPG,6142,5794,1943,1860,0.957282552753474,321.0217466344494,0.515625,0.546875,0.9137182235717773,False,ok,0.3210038999968674
D2_111_nadir,rootsift-lightglue-r2048-k8192,rootsift,lightglue,2048,8192,855,100_0010_0072.JPG,100_0010_0075.JPG,6142,5764,1437,1370,0.953375086986778,237.68216516308118,0.421875,0.484375,0.9087221622467041,False,ok,0.20499420000123791
D2_111_nadir,rootsift-lightglue-r2048-k8192,rootsift,lightglue,2048,8192,856,100_0010_0072.JPG,100_0010_0076.JPG,6142,5751,1028,965,0.938715953307393,167.79690488610677,0.25,0.25,0.9043051600456238,False,ok,0.3656763999897521
D2_111_nadir,rootsift-lightglue-r2048-k8192,rootsift,lightglue,2048,8192,857,100_0010_0072.JPG,100_0010_0077.JPG,6142,5790,71,55,0.7746478873239436,9.499136442141623,0.0625,0.046875,0.7881426215171814,False,ok,0.5303254000027664
D2_111_nadir,rootsift-lightglue-r2048-k8192,rootsift,lightglue,2048,8192,858,100_0010_0072.JPG,100_0010_0078.JPG,6142,5857,2,0,0.0,0.0,0.0,0.0,0.3393835425376892,True,too_few_matches,0.2621538999956101
D2_111_nadir,rootsift-lightglue-r2048-k8192,rootsift,lightglue,2048,8192,859,100_0010_0072.JPG,100_0010_0079.JPG,6142,5908,3,0,0.0,0.0,0.0,0.0,0.2064731866121292,True,too_few_matches,0.34471919998759404
D2_111_nadir,rootsift-lightglue-r2048-k8192,rootsift,lightglue,2048,8192,860,100_0010_0072.JPG,100_0010_0080.JPG,6142,5939,1,0,0.0,0.0,0.0,0.0,0.11970072984695435,True,too_few_matches,0.3168751000193879
D2_111_nadir,rootsift-lightglue-r2048-k8192,rootsift,lightglue,2048,8192,861,100_0010_0072.JPG,100_0010_0099.JPG,6142,5956,2009,1936,0.9636635141861623,325.05036937541973,0.515625,0.5625,0.9151663184165955,False,ok,0.3579590000153985
D2_111_nadir,rootsift-lightglue-r2048-k8192,rootsift,lightglue,2048,8192,862,100_0010_0072.JPG,100_0010_0100.JPG,6142,6340,2675,2538,0.948785046728972,413.22044936502766,0.6875,0.640625,0.9156386852264404,False,ok,0.4059963999898173
D2_111_nadir,rootsift-lightglue-r2048-k8192,rootsift,lightglue,2048,8192,863,100_0010_0072.JPG,100_0010_0101.JPG,6142,6756,1137,974,0.8566402814423922,158.58026701400195,0.578125,0.46875,0.8390853404998779,False,ok,0.29371520000859164
D2_111_nadir,rootsift-lightglue-r2048-k8192,rootsift,lightglue,2048,8192,864,100_0010_0072.JPG,100_0010_0102.JPG,6142,6806,866,671,0.7748267898383372,109.24780201888636,0.578125,0.46875,0.8086550831794739,False,ok,0.3442594999796711
D2_111_nadir,rootsift-lightglue-r2048-k8192,rootsift,lightglue,2048,8192,865,100_0010_0072.JPG,100_0010_0103.JPG,6142,5911,910,809,0.889010989010989,136.86347487734733,0.21875,0.21875,0.8977547287940979,False,ok,0.35310339997522533
D2_111_nadir,rootsift-lightglue-r2048-k8192,rootsift,lightglue,2048,8192,866,100_0010_0072.JPG,100_0010_0104.JPG,6142,5892,365,303,0.8301369863013699,51.425661914460285,0.109375,0.125,0.8054572343826294,False,ok,0.41560049998224713
D2_111_nadir,rootsift-lightglue-r2048-k8192,rootsift,lightglue,2048,8192,867,100_0010_0072.JPG,100_0010_0105.JPG,6142,5942,0,0,0.0,0.0,0.0,0.0,0.0,True,no_matches,0.3065260000003036
D2_111_nadir,rootsift-lightglue-r2048-k8192,rootsift,lightglue,2048,8192,868,100_0010_0072.JPG,100_0010_0106.JPG,6142,5922,1,0,0.0,0.0,0.0,0.0,0.24994398653507233,True,too_few_matches,0.3092482000065502
D2_111_nadir,rootsift-lightglue-r2048-k8192,rootsift,lightglue,2048,8192,869,100_0010_0073.JPG,100_0010_0074.JPG,5933,5794,3473,3436,0.9893463864094443,593.0272695892303,0.796875,0.828125,0.9162049889564514,False,ok,0.15419030000339262
D2_111_nadir,rootsift-lightglue-r2048-k8192,rootsift,lightglue,2048,8192,870,100_0010_0073.JPG,100_0010_0075.JPG,5933,5764,2724,2666,0.9787077826725403,462.52602359472587,0.625,0.625,0.9208959341049194,False,ok,0.12573610001709312
D2_111_nadir,rootsift-lightglue-r2048-k8192,rootsift,lightglue,2048,8192,871,100_0010_0073.JPG,100_0010_0076.JPG,5933,5751,2164,2102,0.9713493530499075,365.5016518866284,0.484375,0.484375,0.9245221614837646,False,ok,0.35041710000950843
D2_111_nadir,rootsift-lightglue-r2048-k8192,rootsift,lightglue,2048,8192,872,100_0010_0073.JPG,100_0010_0077.JPG,5933,5790,1337,1293,0.9670905011219147,223.31606217616581,0.25,0.25,0.9196873903274536,False,ok,0.19812400001683272
D2_111_nadir,rootsift-lightglue-r2048-k8192,rootsift,lightglue,2048,8192,873,100_0010_0073.JPG,100_0010_0078.JPG,5933,5857,122,98,0.8032786885245902,16.732115417449204,0.09375,0.09375,0.7074252367019653,False,ok,0.4585664999904111
D2_111_nadir,rootsift-lightglue-r2048-k8192,rootsift,lightglue,2048,8192,874,100_0010_0073.JPG,100_0010_0079.JPG,5933,5908,2,0,0.0,0.0,0.0,0.0,0.12233434617519379,True,too_few_matches,0.4660513999988325
D2_111_nadir,rootsift-lightglue-r2048-k8192,rootsift,lightglue,2048,8192,875,100_0010_0073.JPG,100_0010_0080.JPG,5933,5939,0,0,0.0,0.0,0.0,0.0,0.0,True,no_matches,0.32974279997870326
D2_111_nadir,rootsift-lightglue-r2048-k8192,rootsift,lightglue,2048,8192,876,100_0010_0073.JPG,100_0010_0081.JPG,5933,6109,0,0,0.0,0.0,0.0,0.0,0.0,True,no_matches,0.3083047999825794
D2_111_nadir,rootsift-lightglue-r2048-k8192,rootsift,lightglue,2048,8192,877,100_0010_0073.JPG,100_0010_0098.JPG,5933,5864,2776,2734,0.9848703170028819,466.23465211459757,0.5625,0.59375,0.9226086735725403,False,ok,0.42592619999777526
D2_111_nadir,rootsift-lightglue-r2048-k8192,rootsift,lightglue,2048,8192,878,100_0010_0073.JPG,100_0010_0099.JPG,5933,5956,3151,3087,0.9796889876229768,520.3101297825721,0.734375,0.703125,0.9171193838119507,False,ok,0.2912355000153184
D2_111_nadir,rootsift-lightglue-r2048-k8192,rootsift,lightglue,2048,8192,879,100_0010_0073.JPG,100_0010_0100.JPG,5933,6340,2036,1961,0.9631630648330058,330.52418675206474,0.640625,0.5625,0.9047031402587891,False,ok,0.26984180000727065
D2_111_nadir,rootsift-lightglue-r2048-k8192,rootsift,lightglue,2048,8192,880,100_0010_0073.JPG,100_0010_0101.JPG,5933,6756,776,658,0.8479381443298969,110.90510702848475,0.46875,0.375,0.8473673462867737,False,ok,0.4572727000049781
D2_111_nadir,rootsift-lightglue-r2048-k8192,rootsift,lightglue,2048,8192,881,100_0010_0073.JPG,100_0010_0102.JPG,5933,6806,551,417,0.7568058076225045,70.28484746334064,0.40625,0.34375,0.7619168162345886,False,ok,0.3585990999999922
D2_111_nadir,rootsift-lightglue-r2048-k8192,rootsift,lightglue,2048,8192,882,100_0010_0073.JPG,100_0010_0103.JPG,5933,5911,1755,1629,0.9282051282051282,275.58788699035694,0.453125,0.359375,0.9166324734687805,False,ok,0.3041457000072114
D2_111_nadir,rootsift-lightglue-r2048-k8192,rootsift,lightglue,2048,8192,883,100_0010_0073.JPG,100_0010_0104.JPG,5933,5892,1309,1216,0.9289533995416348,206.3815342837746,0.328125,0.25,0.9294337630271912,False,ok,0.20271250000223517
D2_111_nadir,rootsift-lightglue-r2048-k8192,rootsift,lightglue,2048,8192,884,100_0010_0073.JPG,100_0010_0105.JPG,5933,5942,652,597,0.9156441717791411,100.62363054104163,0.125,0.140625,0.858825147151947,False,ok,0.38524770000367425
D2_111_nadir,rootsift-lightglue-r2048-k8192,rootsift,lightglue,2048,8192,885,100_0010_0073.JPG,100_0010_0106.JPG,5933,5922,10,9,0.9,1.5197568389057752,0.046875,0.046875,0.2308802604675293,True,ok,0.3336264000099618
D2_111_nadir,rootsift-lightglue-r2048-k8192,rootsift,lightglue,2048,8192,886,100_0010_0073.JPG,100_0010_0107.JPG,5933,5917,0,0,0.0,0.0,0.0,0.0,0.0,True,no_matches,0.3455965000030119
D2_111_nadir,rootsift-lightglue-r2048-k8192,rootsift,lightglue,2048,8192,887,100_0010_0074.JPG,100_0010_0075.JPG,5794,5764,3732,3705,0.9927652733118971,642.7827897293546,0.828125,0.875,0.9103243947029114,False,ok,0.2721814000105951
D2_111_nadir,rootsift-lightglue-r2048-k8192,rootsift,lightglue,2048,8192,888,100_0010_0074.JPG,100_0010_0076.JPG,5794,5751,3022,2966,0.9814692256783587,515.736393670666,0.625,0.625,0.9269178509712219,False,ok,0.3973939999996219
D2_111_nadir,rootsift-lightglue-r2048-k8192,rootsift,lightglue,2048,8192,889,100_0010_0074.JPG,100_0010_0077.JPG,5794,5790,2215,2169,0.9792325056433409,374.61139896373055,0.5,0.5,0.9303213953971863,False,ok,0.21426000000792556
D2_111_nadir,rootsift-lightglue-r2048-k8192,rootsift,lightglue,2048,8192,890,100_0010_0074.JPG,100_0010_0078.JPG,5794,5857,1110,1047,0.9432432432432433,180.704176734553,0.25,0.25,0.9349455237388611,False,ok,0.2789529000001494
D2_111_nadir,rootsift-lightglue-r2048-k8192,rootsift,lightglue,2048,8192,891,100_0010_0074.JPG,100_0010_0079.JPG,5794,5908,123,105,0.8536585365853658,18.122195374525372,0.125,0.125,0.594536304473877,False,ok,0.5622650999866892
D2_111_nadir,rootsift-lightglue-r2048-k8192,rootsift,lightglue,2048,8192,892,100_0010_0074.JPG,100_0010_0080.JPG,5794,5939,5,0,0.0,0.0,0.0,0.0,0.25045260787010193,True,too_few_matches,0.3403898999968078
D2_111_nadir,rootsift-lightglue-r2048-k8192,rootsift,lightglue,2048,8192,893,100_0010_0074.JPG,100_0010_0081.JPG,5794,6109,4,0,0.0,0.0,0.0,0.0,0.19696517288684845,True,too_few_matches,0.2631368000002112
D2_111_nadir,rootsift-lightglue-r2048-k8192,rootsift,lightglue,2048,8192,894,100_0010_0074.JPG,100_0010_0082.JPG,5794,6107,0,0,0.0,0.0,0.0,0.0,0.0,True,no_matches,0.30296020000241697
D2_111_nadir,rootsift-lightglue-r2048-k8192,rootsift,lightglue,2048,8192,895,100_0010_0074.JPG,100_0010_0096.JPG,5794,5835,2742,2695,0.9828592268417213,465.1363479461512,0.46875,0.46875,0.9308991432189941,False,ok,0.3615598000178579
D2_111_nadir,rootsift-lightglue-r2048-k8192,rootsift,lightglue,2048,8192,896,100_0010_0074.JPG,100_0010_0097.JPG,5794,5847,3068,3029,0.9872881355932204,522.7821884708319,0.59375,0.65625,0.9287610054016113,False,ok,0.27366380000603385
D2_111_nadir,rootsift-lightglue-r2048-k8192,rootsift,lightglue,2048,8192,897,100_0010_0074.JPG,100_0010_0098.JPG,5794,5864,3319,3251,0.9795119011750527,561.0976872626856,0.734375,0.703125,0.919864296913147,False,ok,0.26500350001151673
D2_111_nadir,rootsift-lightglue-r2048-k8192,rootsift,lightglue,2048,8192,898,100_0010_0074.JPG,100_0010_0099.JPG,5794,5956,2694,2646,0.9821826280623608,456.6793234380394,0.640625,0.625,0.9213268160820007,False,ok,0.32584960001986474
D2_111_nadir,rootsift-lightglue-r2048-k8192,rootsift,lightglue,2048,8192,899,100_0010_0074.JPG,100_0010_0100.JPG,5794,6340,1519,1461,0.9618169848584596,252.157404211253,0.546875,0.484375,0.9154908657073975,False,ok,0.08060360001400113
D2_111_nadir,rootsift-lightglue-r2048-k8192,rootsift,lightglue,2048,8192,900,100_0010_0074.JPG,100_0010_0104.JPG,5794,5892,1870,1746,0.9336898395721925,301.3462202278219,0.46875,0.421875,0.9328556060791016,False,ok,0.1125968000269495
D2_111_nadir,rootsift-lightglue-r2048-k8192,rootsift,lightglue,2048,8192,901,100_0010_0074.JPG,100_0010_0105.JPG,5794,5942,1306,1251,0.9578866768759571,215.9130134622023,0.375,0.359375,0.9137119650840759,False,ok,0.06972100000712089
D2_111_nadir,rootsift-lightglue-r2048-k8192,rootsift,lightglue,2048,8192,902,100_0010_0074.JPG,100_0010_0106.JPG,5794,5922,617,559,0.9059967585089141,96.47911632723508,0.234375,0.21875,0.8914691805839539,False,ok,0.34326240001246333
D2_111_nadir,rootsift-lightglue-r2048-k8192,rootsift,lightglue,2048,8192,903,100_0010_0074.JPG,100_0010_0107.JPG,5794,5917,0,0,0.0,0.0,0.0,0.0,0.0,True,no_matches,0.2953830000187736
D2_111_nadir,rootsift-lightglue-r2048-k8192,rootsift,lightglue,2048,8192,904,100_0010_0074.JPG,100_0010_0108.JPG,5794,5957,0,0,0.0,0.0,0.0,0.0,0.0,True,no_matches,0.37483420001808554
D2_111_nadir,rootsift-lightglue-r2048-k8192,rootsift,lightglue,2048,8192,905,100_0010_0075.JPG,100_0010_0076.JPG,5764,5751,3905,3881,0.993854033290653,674.8391584072335,0.875,0.875,0.910396158695221,False,ok,0.24089109999476932
D2_111_nadir,rootsift-lightglue-r2048-k8192,rootsift,lightglue,2048,8192,906,100_0010_0075.JPG,100_0010_0077.JPG,5764,5790,2995,2924,0.9762938230383973,507.28660652324777,0.625,0.625,0.9263919591903687,False,ok,0.20261979999486357
D2_111_nadir,rootsift-lightglue-r2048-k8192,rootsift,lightglue,2048,8192,907,100_0010_0075.JPG,100_0010_0078.JPG,5764,5857,1835,1762,0.9602179836512261,305.6904927133935,0.484375,0.5,0.9177127480506897,False,ok,0.37320410000393167
D2_111_nadir,rootsift-lightglue-r2048-k8192,rootsift,lightglue,2048,8192,908,100_0010_0075.JPG,100_0010_0079.JPG,5764,5908,985,922,0.9360406091370559,159.9583622484386,0.25,0.25,0.9183850288391113,False,ok,0.31942139999591745
D2_111_nadir,rootsift-lightglue-r2048-k8192,rootsift,lightglue,2048,8192,909,100_0010_0075.JPG,100_0010_0080.JPG,5764,5939,84,64,0.7619047619047619,11.103400416377516,0.0625,0.0625,0.6807986497879028,False,ok,0.48258690000511706
D2_111_nadir,rootsift-lightglue-r2048-k8192,rootsift,lightglue,2048,8192,910,100_0010_0075.JPG,100_0010_0081.JPG,5764,6109,0,0,0.0,0.0,0.0,0.0,0.0,True,no_matches,0.3240204000030644
D2_111_nadir,rootsift-lightglue-r2048-k8192,rootsift,lightglue,2048,8192,911,100_0010_0075.JPG,100_0010_0082.JPG,5764,6107,0,0,0.0,0.0,0.0,0.0,0.0,True,no_matches,0.26989250001497567
D2_111_nadir,rootsift-lightglue-r2048-k8192,rootsift,lightglue,2048,8192,912,100_0010_0075.JPG,100_0010_0083.JPG,5764,6018,0,0,0.0,0.0,0.0,0.0,0.0,True,no_matches,0.5051681000040844
D2_111_nadir,rootsift-lightglue-r2048-k8192,rootsift,lightglue,2048,8192,913,100_0010_0075.JPG,100_0010_0095.JPG,5764,5851,2331,2273,0.9751179751179752,394.3442054129077,0.46875,0.46875,0.9313241243362427,False,ok,0.2026672000065446
D2_111_nadir,rootsift-lightglue-r2048-k8192,rootsift,lightglue,2048,8192,914,100_0010_0075.JPG,100_0010_0096.JPG,5764,5835,3020,2979,0.9864238410596027,516.8285912560722,0.640625,0.640625,0.9315280318260193,False,ok,0.23497319998568855
D2_111_nadir,rootsift-lightglue-r2048-k8192,rootsift,lightglue,2048,8192,915,100_0010_0075.JPG,100_0010_0097.JPG,5764,5847,3321,3258,0.981029810298103,565.2324774462179,0.75,0.75,0.9236628413200378,False,ok,0.4622809000138659
D2_111_nadir,rootsift-lightglue-r2048-k8192,rootsift,lightglue,2048,8192,916,100_0010_0075.JPG,100_0010_0098.JPG,5764,5864,2832,2783,0.9826977401129944,482.82442748091603,0.65625,0.625,0.9286667108535767,False,ok,0.254619699990144
D2_111_nadir,rootsift-lightglue-r2048-k8192,rootsift,lightglue,2048,8192,917,100_0010_0075.JPG,100_0010_0105.JPG,5764,5942,1739,1654,0.9511213341000575,286.95350451075643,0.578125,0.484375,0.9033567905426025,False,ok,0.26421160000609234
D2_111_nadir,rootsift-lightglue-r2048-k8192,rootsift,lightglue,2048,8192,918,100_0010_0075.JPG,100_0010_0106.JPG,5764,5922,1202,1137,0.9459234608985025,197.2588480222068,0.375,0.375,0.9106459617614746,False,ok,0.309192200016696
D2_111_nadir,rootsift-lightglue-r2048-k8192,rootsift,lightglue,2048,8192,919,100_0010_0075.JPG,100_0010_0107.JPG,5764,5917,780,730,0.9358974358974359,126.64816099930604,0.21875,0.21875,0.9021425843238831,False,ok,0.3092781000013929
D2_111_nadir,rootsift-lightglue-r2048-k8192,rootsift,lightglue,2048,8192,920,100_0010_0075.JPG,100_0010_0108.JPG,5764,5957,264,214,0.8106060606060606,37.12699514226232,0.09375,0.109375,0.8312839269638062,False,ok,0.2787125000031665
D2_111_nadir,rootsift-lightglue-r2048-k8192,rootsift,lightglue,2048,8192,921,100_0010_0076.JPG,100_0010_0077.JPG,5751,5790,3726,3704,0.9940955448201825,644.0619022778648,0.84375,0.84375,0.91530442237854,False,ok,0.21243340001092292
D2_111_nadir,rootsift-lightglue-r2048-k8192,rootsift,lightglue,2048,8192,922,100_0010_0076.JPG,100_0010_0078.JPG,5751,5857,2527,2451,0.9699248120300752,426.1867501304121,0.59375,0.59375,0.92894047498703,False,ok,0.3550694999867119
D2_111_nadir,rootsift-lightglue-r2048-k8192,rootsift,lightglue,2048,8192,923,100_0010_0076.JPG,100_0010_0079.JPG,5751,5908,1639,1579,0.963392312385601,274.5609459224483,0.453125,0.453125,0.9090383052825928,False,ok,0.25915150000946596
D2_111_nadir,rootsift-lightglue-r2048-k8192,rootsift,lightglue,2048,8192,924,100_0010_0076.JPG,100_0010_0080.JPG,5751,5939,747,689,0.9223560910307899,119.80525126065032,0.203125,0.203125,0.886561393737793,False,ok,0.23221340001327917
D2_111_nadir,rootsift-lightglue-r2048-k8192,rootsift,lightglue,2048,8192,925,100_0010_0076.JPG,100_0010_0081.JPG,5751,6109,116,73,0.6293103448275862,12.693444618327247,0.0625,0.0625,0.5709115862846375,False,ok,0.5860842999827582
D2_111_nadir,rootsift-lightglue-r2048-k8192,rootsift,lightglue,2048,8192,926,100_0010_0076.JPG,100_0010_0082.JPG,5751,6107,9,8,0.8888888888888888,1.3910624239262737,0.078125,0.09375,0.19789931178092957,True,ok,0.40048729997943155
D2_111_nadir,rootsift-lightglue-r2048-k8192,rootsift,lightglue,2048,8192,927,100_0010_0076.JPG,100_0010_0083.JPG,5751,6018,2,0,0.0,0.0,0.0,0.0,0.14761866629123688,True,too_few_matches,0.22826470001018606
D2_111_nadir,rootsift-lightglue-r2048-k8192,rootsift,lightglue,2048,8192,928,100_0010_0076.JPG,100_0010_0084.JPG,5751,6008,1,0,0.0,0.0,0.0,0.0,0.27698028087615967,True,too_few_matches,0.37323660001857206
D2_111_nadir,rootsift-lightglue-r2048-k8192,rootsift,lightglue,2048,8192,929,100_0010_0076.JPG,100_0010_0094.JPG,5751,6098,1641,1554,0.946983546617916,270.21387584767865,0.453125,0.453125,0.9094966053962708,False,ok,0.41264190000947565
D2_111_nadir,rootsift-lightglue-r2048-k8192,rootsift,lightglue,2048,8192,930,100_0010_0076.JPG,100_0010_0095.JPG,5751,5851,2542,2472,0.9724626278520849,429.83828899321855,0.65625,0.625,0.9286344647407532,False,ok,0.13576130001456477
D2_111_nadir,rootsift-lightglue-r2048-k8192,rootsift,lightglue,2048,8192,931,100_0010_0076.JPG,100_0010_0096.JPG,5751,5835,3134,3072,0.9802169751116784,534.1679707876891,0.71875,0.734375,0.9273087978363037,False,ok,0.1061479999916628
D2_111_nadir,rootsift-lightglue-r2048-k8192,rootsift,lightglue,2048,8192,932,100_0010_0076.JPG,100_0010_0097.JPG,5751,5847,3031,2987,0.9854833388320686,519.3879325334724,0.65625,0.65625,0.9264333844184875,False,ok,0.1125657000229694
D2_111_nadir,rootsift-lightglue-r2048-k8192,rootsift,lightglue,2048,8192,933,100_0010_0076.JPG,100_0010_0106.JPG,5751,5922,1659,1540,0.9282700421940928,267.77951660580766,0.59375,0.453125,0.9248993396759033,False,ok,0.4357515000156127
D2_111_nadir,rootsift-lightglue-r2048-k8192,rootsift,lightglue,2048,8192,934,100_0010_0076.JPG,100_0010_0107.JPG,5751,5917,1287,1200,0.9324009324009324,208.65936358894106,0.46875,0.328125,0.9066861271858215,False,ok,0.19144170000799932
D2_111_nadir,rootsift-lightglue-r2048-k8192,rootsift,lightglue,2048,8192,935,100_0010_0076.JPG,100_0010_0108.JPG,5751,5957,801,707,0.8826466916354557,122.93514171448443,0.25,0.25,0.9081209301948547,False,ok,0.2975451000093017
D2_111_nadir,rootsift-lightglue-r2048-k8192,rootsift,lightglue,2048,8192,936,100_0010_0076.JPG,100_0010_0109.JPG,5751,5989,359,326,0.9080779944289693,56.68579377499565,0.125,0.140625,0.8975670337677002,False,ok,0.376292500004638
D2_111_nadir,rootsift-lightglue-r2048-k8192,rootsift,lightglue,2048,8192,937,100_0010_0077.JPG,100_0010_0078.JPG,5790,5857,3449,3419,0.9913018266164105,590.5008635578583,0.8125,0.78125,0.9155431985855103,False,ok,0.19756679999409243
D2_111_nadir,rootsift-lightglue-r2048-k8192,rootsift,lightglue,2048,8192,938,100_0010_0077.JPG,100_0010_0079.JPG,5790,5908,2427,2374,0.9781623403378656,410.01727115716756,0.5625,0.5625,0.9290450215339661,False,ok,0.3499642999959178
D2_111_nadir,rootsift-lightglue-r2048-k8192,rootsift,lightglue,2048,8192,939,100_0010_0077.JPG,100_0010_0080.JPG,5790,5939,1428,1379,0.9656862745098039,238.16925734024178,0.4375,0.390625,0.9261618256568909,False,ok,0.36069959998712875
D2_111_nadir,rootsift-lightglue-r2048-k8192,rootsift,lightglue,2048,8192,940,100_0010_0077.JPG,100_0010_0081.JPG,5790,6109,752,684,0.9095744680851063,118.13471502590673,0.203125,0.21875,0.8681159615516663,False,ok,0.25346959999296814
D2_111_nadir,rootsift-lightglue-r2048-k8192,rootsift,lightglue,2048,8192,941,100_0010_0077.JPG,100_0010_0082.JPG,5790,6107,39,22,0.5641025641025641,3.7996545768566494,0.09375,0.125,0.35397350788116455,False,ok,0.30047419999027625
D2_111_nadir,rootsift-lightglue-r2048-k8192,rootsift,lightglue,2048,8192,942,100_0010_0077.JPG,100_0010_0083.JPG,5790,6018,7,0,0.0,0.0,0.0,0.0,0.23113705217838287,True,too_few_matches,0.43448050000006333
D2_111_nadir,rootsift-lightglue-r2048-k8192,rootsift,lightglue,2048,8192,943,100_0010_0077.JPG,100_0010_0084.JPG,5790,6008,1,0,0.0,0.0,0.0,0.0,0.11124522984027863,True,too_few_matches,0.34692660000291653
D2_111_nadir,rootsift-lightglue-r2048-k8192,rootsift,lightglue,2048,8192,944,100_0010_0077.JPG,100_0010_0085.JPG,5790,5995,1,0,0.0,0.0,0.0,0.0,0.1317630410194397,True,too_few_matches,0.26561210001818836
D2_111_nadir,rootsift-lightglue-r2048-k8192,rootsift,lightglue,2048,8192,945,100_0010_0077.JPG,100_0010_0093.JPG,5790,6252,1399,1330,0.9506790564689064,229.706390328152,0.40625,0.40625,0.8996727466583252,False,ok,0.40919960002065636
D2_111_nadir,rootsift-lightglue-r2048-k8192,rootsift,lightglue,2048,8192,946,100_0010_0077.JPG,100_0010_0094.JPG,5790,6098,2110,2048,0.9706161137440759,353.713298791019,0.578125,0.53125,0.9269853830337524,False,ok,0.2651843999919947
D2_111_nadir,rootsift-lightglue-r2048-k8192,rootsift,lightglue,2048,8192,947,100_0010_0077.JPG,100_0010_0095.JPG,5790,5851,3031,2963,0.9775651600131969,511.7443868739206,0.6875,0.703125,0.9245473146438599,False,ok,0.28409189998637885
D2_111_nadir,rootsift-lightglue-r2048-k8192,rootsift,lightglue,2048,8192,948,100_0010_0077.JPG,100_0010_0096.JPG,5790,5835,2747,2709,0.9861667273389152,467.8756476683938,0.625,0.640625,0.9328737854957581,False,ok,0.41440129998954944
D2_111_nadir,rootsift-lightglue-r2048-k8192,rootsift,lightglue,2048,8192,949,100_0010_0077.JPG,100_0010_0097.JPG,5790,5847,2460,2403,0.9768292682926829,415.0259067357513,0.546875,0.5625,0.9258580803871155,False,ok,0.27687800000421703
D2_111_nadir,rootsift-lightglue-r2048-k8192,rootsift,lightglue,2048,8192,950,100_0010_0077.JPG,100_0010_0107.JPG,5790,5917,1682,1540,0.915576694411415,265.97582037996546,0.53125,0.421875,0.9342615604400635,False,ok,0.25377969999681227
D2_111_nadir,rootsift-lightglue-r2048-k8192,rootsift,lightglue,2048,8192,951,100_0010_0077.JPG,100_0010_0108.JPG,5790,5957,1199,1140,0.950792326939116,196.89119170984455,0.375,0.390625,0.9192867875099182,False,ok,0.367633299989393
D2_111_nadir,rootsift-lightglue-r2048-k8192,rootsift,lightglue,2048,8192,952,100_0010_0077.JPG,100_0010_0109.JPG,5790,5989,806,698,0.8660049627791563,120.55267702936096,0.234375,0.25,0.9121304750442505,False,ok,0.2063946999842301
D2_111_nadir,rootsift-lightglue-r2048-k8192,rootsift,lightglue,2048,8192,953,100_0010_0078.JPG,100_0010_0079.JPG,5857,5908,3584,3557,0.9924665178571429,607.3074953047635,0.765625,0.765625,0.9073294401168823,False,ok,0.3162365000171121
D2_111_nadir,rootsift-lightglue-r2048-k8192,rootsift,lightglue,2048,8192,954,100_0010_0078.JPG,100_0010_0080.JPG,5857,5939,2421,2357,0.9735646427096242,402.4244493768141,0.53125,0.53125,0.93333899974823,False,ok,0.37484450000920333
D2_111_nadir,rootsift-lightglue-r2048-k8192,rootsift,lightglue,2048,8192,955,100_0010_0078.JPG,100_0010_0081.JPG,5857,6109,1646,1574,0.9562575941676792,268.73826190882704,0.40625,0.421875,0.9156861901283264,False,ok,0.2554590000072494
D2_111_nadir,rootsift-lightglue-r2048-k8192,rootsift,lightglue,2048,8192,956,100_0010_0078.JPG,100_0010_0082.JPG,5857,6107,897,822,0.9163879598662207,140.34488646064537,0.203125,0.234375,0.894026517868042,False,ok,0.2450550000066869
D2_111_nadir,rootsift-lightglue-r2048-k8192,rootsift,lightglue,2048,8192,957,100_0010_0078.JPG,100_0010_0083.JPG,5857,6018,188,142,0.7553191489361702,24.244493768140686,0.078125,0.09375,0.7795196175575256,False,ok,0.5336032999912277
D2_111_nadir,rootsift-lightglue-r2048-k8192,rootsift,lightglue,2048,8192,958,100_0010_0078.JPG,100_0010_0084.JPG,5857,6008,1,0,0.0,0.0,0.0,0.0,0.19540537893772125,True,too_few_matches,0.3608764999953564
D2_111_nadir,rootsift-lightglue-r2048-k8192,rootsift,lightglue,2048,8192,959,100_0010_0078.JPG,100_0010_0085.JPG,5857,5995,0,0,0.0,0.0,0.0,0.0,0.0,True,no_matches,0.2630932999891229
D2_111_nadir,rootsift-lightglue-r2048-k8192,rootsift,lightglue,2048,8192,960,100_0010_0078.JPG,100_0010_0086.JPG,5857,6074,2,0,0.0,0.0,0.0,0.0,0.12298153340816498,True,too_few_matches,0.3407295999932103
D2_111_nadir,rootsift-lightglue-r2048-k8192,rootsift,lightglue,2048,8192,961,100_0010_0078.JPG,100_0010_0092.JPG,5857,6333,1254,1154,0.9202551834130781,197.02919583404474,0.375,0.34375,0.9153937101364136,False,ok,0.45429939997848123
D2_111_nadir,rootsift-lightglue-r2048-k8192,rootsift,lightglue,2048,8192,962,100_0010_0078.JPG,100_0010_0093.JPG,5857,6252,1987,1886,0.949169602415702,322.0078538500939,0.5625,0.53125,0.9310686588287354,False,ok,0.12667949998285621
D2_111_nadir,rootsift-lightglue-r2048-k8192,rootsift,lightglue,2048,8192,963,100_0010_0078.JPG,100_0010_0094.JPG,5857,6098,2729,2650,0.971051667277391,452.45005975755504,0.671875,0.65625,0.9187302589416504,False,ok,0.1538886999769602
D2_111_nadir,rootsift-lightglue-r2048-k8192,rootsift,lightglue,2048,8192,964,100_0010_0078.JPG,100_0010_0095.JPG,5857,5851,2443,2374,0.9717560376586164,405.74260810117926,0.546875,0.609375,0.9254916310310364,False,ok,0.3853761999926064
D2_111_nadir,rootsift-lightglue-r2048-k8192,rootsift,lightglue,2048,8192,965,100_0010_0078.JPG,100_0010_0096.JPG,5857,5835,1893,1827,0.96513470681458,313.11053984575835,0.5,0.53125,0.9179945588111877,False,ok,0.20354190000216477
D2_111_nadir,rootsift-lightglue-r2048-k8192,rootsift,lightglue,2048,8192,966,100_0010_0078.JPG,100_0010_0109.JPG,5857,5989,1269,1170,0.9219858156028369,199.76096977975072,0.40625,0.359375,0.914616584777832,False,ok,0.37507139999070205
D2_111_nadir,rootsift-lightglue-r2048-k8192,rootsift,lightglue,2048,8192,967,100_0010_0079.JPG,100_0010_0080.JPG,5908,5939,3468,3423,0.9870242214532872,579.3838862559242,0.796875,0.78125,0.9257944226264954,False,ok,0.3537633999949321
D2_111_nadir,rootsift-lightglue-r2048-k8192,rootsift,lightglue,2048,8192,968,100_0010_0079.JPG,100_0010_0081.JPG,5908,6109,2593,2509,0.9676050906286155,424.67840216655384,0.515625,0.5625,0.927790105342865,False,ok,0.2834030000085477
D2_111_nadir,rootsift-lightglue-r2048-k8192,rootsift,lightglue,2048,8192,969,100_0010_0079.JPG,100_0010_0082.JPG,5908,6107,1786,1721,0.9636058230683091,291.29993229519295,0.453125,0.4375,0.9214609265327454,False,ok,0.307533399987733
D2_111_nadir,rootsift-lightglue-r2048-k8192,rootsift,lightglue,2048,8192,970,100_0010_0079.JPG,100_0010_0083.JPG,5908,6018,975,920,0.9435897435897436,155.72105619498984,0.25,0.25,0.9015887975692749,False,ok,0.33611129998462275
D2_111_nadir,rootsift-lightglue-r2048-k8192,rootsift,lightglue,2048,8192,971,100_0010_0079.JPG,100_0010_0084.JPG,5908,6008,11,11,1.0,1.8618821936357481,0.03125,0.046875,0.6395696401596069,True,ok,0.3323701999906916
D2_111_nadir,rootsift-lightglue-r2048-k8192,rootsift,lightglue,2048,8192,972,100_0010_0079.JPG,100_0010_0085.JPG,5908,5995,1,0,0.0,0.0,0.0,0.0,0.17659619450569153,True,too_few_matches,0.3109501999861095
D2_111_nadir,rootsift-lightglue-r2048-k8192,rootsift,lightglue,2048,8192,973,100_0010_0079.JPG,100_0010_0086.JPG,5908,6074,0,0,0.0,0.0,0.0,0.0,0.0,True,no_matches,0.48573149999720044
D2_111_nadir,rootsift-lightglue-r2048-k8192,rootsift,lightglue,2048,8192,974,100_0010_0079.JPG,100_0010_0087.JPG,5908,6117,0,0,0.0,0.0,0.0,0.0,0.0,True,no_matches,0.33678189999773167
D2_111_nadir,rootsift-lightglue-r2048-k8192,rootsift,lightglue,2048,8192,975,100_0010_0079.JPG,100_0010_0091.JPG,5908,6412,1477,1360,0.9207853757616791,230.19634394041978,0.359375,0.375,0.9193467497825623,False,ok,0.24721470000804402
D2_111_nadir,rootsift-lightglue-r2048-k8192,rootsift,lightglue,2048,8192,976,100_0010_0079.JPG,100_0010_0092.JPG,5908,6333,1822,1718,0.9429198682766191,290.7921462423832,0.515625,0.5,0.9239495396614075,False,ok,0.49543439998524264
D2_111_nadir,rootsift-lightglue-r2048-k8192,rootsift,lightglue,2048,8192,977,100_0010_0079.JPG,100_0010_0093.JPG,5908,6252,2508,2425,0.9669059011164274,410.4603926878808,0.671875,0.671875,0.8991948366165161,False,ok,0.30412250000517815
D2_111_nadir,rootsift-lightglue-r2048-k8192,rootsift,lightglue,2048,8192,978,100_0010_0079.JPG,100_0010_0094.JPG,5908,6098,2194,2128,0.9699179580674567,360.18957345971563,0.546875,0.546875,0.9162343144416809,False,ok,0.27709129999857396
D2_111_nadir,rootsift-lightglue-r2048-k8192,rootsift,lightglue,2048,8192,979,100_0010_0079.JPG,100_0010_0095.JPG,5908,5851,1606,1520,0.9464508094645081,259.7846521962058,0.453125,0.5,0.910629153251648,False,ok,0.3746687000093516
D2_111_nadir,rootsift-lightglue-r2048-k8192,rootsift,lightglue,2048,8192,980,100_0010_0080.JPG,100_0010_0081.JPG,5939,6109,3662,3629,0.990988530857455,611.0456305775383,0.8125,0.796875,0.9236493110656738,False,ok,0.30841399999917485
D2_111_nadir,rootsift-lightglue-r2048-k8192,rootsift,lightglue,2048,8192,981,100_0010_0080.JPG,100_0010_0082.JPG,5939,6107,2604,2553,0.9804147465437788,429.87034854352584,0.625,0.5625,0.9213924407958984,False,ok,0.26188550001825206
D2_111_nadir,rootsift-lightglue-r2048-k8192,rootsift,lightglue,2048,8192,982,100_0010_0080.JPG,100_0010_0083.JPG,5939,6018,1527,1472,0.9639816633922724,247.85317393500588,0.453125,0.40625,0.9087526202201843,False,ok,0.3878629000100773
D2_111_nadir,rootsift-lightglue-r2048-k8192,rootsift,lightglue,2048,8192,983,100_0010_0080.JPG,100_0010_0084.JPG,5939,6008,554,525,0.9476534296028881,88.39872032328675,0.203125,0.21875,0.8889120221138,False,ok,0.25123229998280294
D2_111_nadir,rootsift-lightglue-r2048-k8192,rootsift,lightglue,2048,8192,984,100_0010_0080.JPG,100_0010_0085.JPG,5939,5995,276,241,0.8731884057971014,40.57922209126116,0.203125,0.125,0.8025721907615662,False,ok,0.3143082000024151
D2_111_nadir,rootsift-lightglue-r2048-k8192,rootsift,lightglue,2048,8192,985,100_0010_0080.JPG,100_0010_0086.JPG,5939,6074,276,225,0.8152173913043478,37.885165852837176,0.203125,0.171875,0.7709004282951355,False,ok,0.33435640000971034
D2_111_nadir,rootsift-lightglue-r2048-k8192,rootsift,lightglue,2048,8192,986,100_0010_0080.JPG,100_0010_0087.JPG,5939,6117,293,221,0.7542662116040956,37.211651793231184,0.171875,0.15625,0.7946400046348572,False,ok,0.379142599995248
D2_111_nadir,rootsift-lightglue-r2048-k8192,rootsift,lightglue,2048,8192,987,100_0010_0080.JPG,100_0010_0088.JPG,5939,6104,297,249,0.8383838383838383,41.92625021047314,0.140625,0.15625,0.7918270826339722,False,ok,0.2635119999758899
D2_111_nadir,rootsift-lightglue-r2048-k8192,rootsift,lightglue,2048,8192,988,100_0010_0080.JPG,100_0010_0089.JPG,5939,6217,1007,902,0.8957298907646475,151.8774204411517,0.3125,0.265625,0.884955883026123,False,ok,0.16691080000600778
D2_111_nadir,rootsift-lightglue-r2048-k8192,rootsift,lightglue,2048,8192,989,100_0010_0080.JPG,100_0010_0090.JPG,5939,6304,1578,1499,0.949936628643853,252.39939383734637,0.421875,0.40625,0.912355363368988,False,ok,0.3650513000029605
D2_111_nadir,rootsift-lightglue-r2048-k8192,rootsift,lightglue,2048,8192,990,100_0010_0080.JPG,100_0010_0091.JPG,5939,6412,2067,1983,0.9593613933236574,333.89459504967164,0.5625,0.46875,0.9118494391441345,False,ok,0.3014114999969024
D2_111_nadir,rootsift-lightglue-r2048-k8192,rootsift,lightglue,2048,8192,991,100_0010_0080.JPG,100_0010_0092.JPG,5939,6333,2550,2429,0.9525490196078431,408.99141269574,0.671875,0.65625,0.9244803190231323,False,ok,0.297989900020184
D2_111_nadir,rootsift-lightglue-r2048-k8192,rootsift,lightglue,2048,8192,992,100_0010_0080.JPG,100_0010_0093.JPG,5939,6252,2273,2207,0.9709634843818742,371.61138238760736,0.546875,0.5625,0.9191833138465881,False,ok,0.21698339999420568
D2_111_nadir,rootsift-lightglue-r2048-k8192,rootsift,lightglue,2048,8192,993,100_0010_0080.JPG,100_0010_0094.JPG,5939,6098,1551,1474,0.950354609929078,248.1899309648089,0.453125,0.46875,0.9207746982574463,False,ok,0.09370800000033341
D2_111_nadir,rootsift-lightglue-r2048-k8192,rootsift,lightglue,2048,8192,994,100_0010_0080.JPG,100_0010_0095.JPG,5939,5851,896,820,0.9151785714285714,140.14698342163732,0.265625,0.265625,0.9009392857551575,False,ok,0.09717019999516197
D2_111_nadir,rootsift-lightglue-r2048-k8192,rootsift,lightglue,2048,8192,995,100_0010_0081.JPG,100_0010_0082.JPG,6109,6107,3283,3222,0.9814194334450198,527.5912886851154,0.859375,0.734375,0.912865400314331,False,ok,0.29338049999205396
D2_111_nadir,rootsift-lightglue-r2048-k8192,rootsift,lightglue,2048,8192,996,100_0010_0081.JPG,100_0010_0083.JPG,6109,6018,1747,1677,0.9599313108185461,278.6640079760718,0.59375,0.609375,0.9096537828445435,False,ok,0.2923497000010684
D2_111_nadir,rootsift-lightglue-r2048-k8192,rootsift,lightglue,2048,8192,997,100_0010_0081.JPG,100_0010_0084.JPG,6109,6008,689,607,0.8809869375907112,101.03195739014647,0.421875,0.359375,0.8740816116333008,False,ok,0.4498154000029899
D2_111_nadir,rootsift-lightglue-r2048-k8192,rootsift,lightglue,2048,8192,998,100_0010_0081.JPG,100_0010_0085.JPG,6109,5995,412,312,0.7572815533980582,52.043369474562134,0.359375,0.296875,0.7810677886009216,False,ok,0.34909490001155064
D2_111_nadir,rootsift-lightglue-r2048-k8192,rootsift,lightglue,2048,8192,999,100_0010_0081.JPG,100_0010_0086.JPG,6109,6074,387,298,0.7700258397932817,49.06157392163319,0.34375,0.296875,0.7956801056861877,False,ok,0.35901580000063404
D2_111_nadir,rootsift-lightglue-r2048-k8192,rootsift,lightglue,2048,8192,1000,100_0010_0081.JPG,100_0010_0087.JPG,6109,6117,421,328,0.7790973871733967,53.691275167785236,0.296875,0.265625,0.7863454818725586,False,ok,0.18794119998347014
D2_111_nadir,rootsift-lightglue-r2048-k8192,rootsift,lightglue,2048,8192,1001,100_0010_0081.JPG,100_0010_0088.JPG,6109,6104,421,335,0.7957244655581948,54.88204456094364,0.28125,0.25,0.8176253437995911,False,ok,0.35113510000519454
D2_111_nadir,rootsift-lightglue-r2048-k8192,rootsift,lightglue,2048,8192,1002,100_0010_0081.JPG,100_0010_0089.JPG,6109,6217,1225,1143,0.9330612244897959,187.1009985267638,0.46875,0.40625,0.8830550312995911,False,ok,0.35252340001170523
D2_111_nadir,rootsift-lightglue-r2048-k8192,rootsift,lightglue,2048,8192,1003,100_0010_0081.JPG,100_0010_0090.JPG,6109,6304,2041,1951,0.9559039686428221,319.364871501064,0.59375,0.53125,0.9300447702407837,False,ok,0.28357600001618266
D2_111_nadir,rootsift-lightglue-r2048-k8192,rootsift,lightglue,2048,8192,1004,100_0010_0081.JPG,100_0010_0091.JPG,6109,6412,2726,2587,0.9490095377842993,423.4735635946964,0.71875,0.671875,0.9125961065292358,False,ok,0.35503249999601394
D2_111_nadir,rootsift-lightglue-r2048-k8192,rootsift,lightglue,2048,8192,1005,100_0010_0081.JPG,100_0010_0092.JPG,6109,6333,2557,2476,0.9683222526398123,405.3036503519398,0.59375,0.578125,0.9125977754592896,False,ok,0.38478480000048876
D2_111_nadir,rootsift-lightglue-r2048-k8192,rootsift,lightglue,2048,8192,1006,100_0010_0081.JPG,100_0010_0093.JPG,6109,6252,2112,2015,0.9540719696969697,329.841217875266,0.484375,0.421875,0.913762629032135,False,ok,0.29320390001521446
D2_111_nadir,rootsift-lightglue-r2048-k8192,rootsift,lightglue,2048,8192,1007,100_0010_0081.JPG,100_0010_0094.JPG,6109,6098,1275,1183,0.927843137254902,193.9980321416858,0.34375,0.28125,0.9059927463531494,False,ok,0.21250359999248758
D2_111_nadir,rootsift-lightglue-r2048-k8192,rootsift,lightglue,2048,8192,1008,100_0010_0082.JPG,100_0010_0083.JPG,6107,6018,3036,2954,0.9729907773386034,490.86075108009305,0.84375,0.875,0.90748131275177,False,ok,0.35677319997921586
D2_111_nadir,rootsift-lightglue-r2048-k8192,rootsift,lightglue,2048,8192,1009,100_0010_0082.JPG,100_0010_0084.JPG,6107,6008,1764,1614,0.9149659863945578,268.641810918775,0.546875,0.578125,0.9021722674369812,False,ok,0.34753339999588206
D2_111_nadir,rootsift-lightglue-r2048-k8192,rootsift,lightglue,2048,8192,1010,100_0010_0082.JPG,100_0010_0085.JPG,6107,5995,1423,1268,0.8910751932536893,211.5095913261051,0.578125,0.59375,0.886992335319519,False,ok,0.1960403000121005
D2_111_nadir,rootsift-lightglue-r2048-k8192,rootsift,lightglue,2048,8192,1011,100_0010_0082.JPG,100_0010_0086.JPG,6107,6074,1360,1241,0.9125,204.31346723740535,0.515625,0.546875,0.914082944393158,False,ok,0.3283412999880966
D2_111_nadir,rootsift-lightglue-r2048-k8192,rootsift,lightglue,2048,8192,1012,100_0010_0082.JPG,100_0010_0087.JPG,6107,6117,1306,1197,0.9165390505359877,196.00458490257083,0.4375,0.484375,0.9020633697509766,False,ok,0.42271319997962564
D2_111_nadir,rootsift-lightglue-r2048-k8192,rootsift,lightglue,2048,8192,1013,100_0010_0082.JPG,100_0010_0088.JPG,6107,6104,1315,1190,0.9049429657794676,194.954128440367,0.421875,0.46875,0.8967228531837463,False,ok,0.3463564999983646
D2_111_nadir,rootsift-lightglue-r2048-k8192,rootsift,lightglue,2048,8192,1014,100_0010_0082.JPG,100_0010_0089.JPG,6107,6217,2153,2054,0.9540176497909894,336.33535287375145,0.625,0.65625,0.9154273271560669,False,ok,0.324122099991655
D2_111_nadir,rootsift-lightglue-r2048-k8192,rootsift,lightglue,2048,8192,1015,100_0010_0082.JPG,100_0010_0090.JPG,6107,6304,2869,2736,0.9536423841059603,448.01047977730474,0.6875,0.71875,0.9147632718086243,False,ok,0.34401400000206195
D2_111_nadir,rootsift-lightglue-r2048-k8192,rootsift,lightglue,2048,8192,1016,100_0010_0082.JPG,100_0010_0091.JPG,6107,6412,2110,1977,0.9369668246445497,323.72687080399544,0.59375,0.59375,0.9146166443824768,False,ok,0.28177770000183955
D2_111_nadir,rootsift-lightglue-r2048-k8192,rootsift,lightglue,2048,8192,1017,100_0010_0082.JPG,100_0010_0092.JPG,6107,6333,1809,1717,0.94914317302377,281.15277550352056,0.40625,0.53125,0.9030471444129944,False,ok,0.37024980000569485
D2_111_nadir,rootsift-lightglue-r2048-k8192,rootsift,lightglue,2048,8192,1018,100_0010_0082.JPG,100_0010_0093.JPG,6107,6252,1430,1327,0.9279720279720279,217.29163255280827,0.328125,0.34375,0.9017636179924011,False,ok,0.3034497000044212
D2_111_nadir,rootsift-lightglue-r2048-k8192,rootsift,lightglue,2048,8192,1019,100_0010_0083.JPG,100_0010_0084.JPG,6018,6008,3382,3284,0.9710230632761679,546.6045272969374,0.828125,0.84375,0.9117228984832764,False,ok,0.2358376999909524
D2_111_nadir,rootsift-lightglue-r2048-k8192,rootsift,lightglue,2048,8192,1020,100_0010_0083.JPG,100_0010_0085.JPG,6018,5995,2912,2817,0.9673763736263736,469.89157631359467,0.734375,0.71875,0.9173223376274109,False,ok,0.3598958000075072
D2_111_nadir,rootsift-lightglue-r2048-k8192,rootsift,lightglue,2048,8192,1021,100_0010_0083.JPG,100_0010_0086.JPG,6018,6074,2667,2576,0.9658792650918635,428.04918577600534,0.640625,0.625,0.9152747988700867,False,ok,0.38244529999792576
D2_111_nadir,rootsift-lightglue-r2048-k8192,rootsift,lightglue,2048,8192,1022,100_0010_0083.JPG,100_0010_0087.JPG,6018,6117,2410,2314,0.9601659751037345,384.51312728481224,0.5625,0.53125,0.9304187297821045,False,ok,0.17220410000300035
D2_111_nadir,rootsift-lightglue-r2048-k8192,rootsift,lightglue,2048,8192,1023,100_0010_0083.JPG,100_0010_0088.JPG,6018,6104,2400,2301,0.95875,382.3529411764706,0.59375,0.59375,0.9323124289512634,False,ok,0.15645799998310395
D2_111_nadir,rootsift-lightglue-r2048-k8192,rootsift,lightglue,2048,8192,1024,100_0010_0083.JPG,100_0010_0089.JPG,6018,6217,3038,2915,0.9595128373930217,484.38019275506815,0.75,0.75,0.9160511493682861,False,ok,0.3137964000052307
D2_111_nadir,rootsift-lightglue-r2048-k8192,rootsift,lightglue,2048,8192,1025,100_0010_0083.JPG,100_0010_0090.JPG,6018,6304,2436,2303,0.9454022988505747,382.68527750083086,0.65625,0.65625,0.9185943603515625,False,ok,0.3326451000175439
D2_111_nadir,rootsift-lightglue-r2048-k8192,rootsift,lightglue,2048,8192,1026,100_0010_0083.JPG,100_0010_0091.JPG,6018,6412,1207,1084,0.8980944490472246,180.1262878032569,0.546875,0.5,0.897614061832428,False,ok,0.46630140001070686
D2_111_nadir,rootsift-lightglue-r2048-k8192,rootsift,lightglue,2048,8192,1027,100_0010_0083.JPG,100_0010_0092.JPG,6018,6333,1012,918,0.9071146245059288,152.54237288135593,0.328125,0.359375,0.8811615109443665,False,ok,0.26497280001058243
D2_111_nadir,rootsift-lightglue-r2048-k8192,rootsift,lightglue,2048,8192,1028,100_0010_0084.JPG,100_0010_0085.JPG,6008,5995,4341,4303,0.991246256622898,717.7648040033362,0.953125,1.0,0.9216203093528748,False,ok,0.3241525999910664
D2_111_nadir,rootsift-lightglue-r2048-k8192,rootsift,lightglue,2048,8192,1029,100_0010_0084.JPG,100_0010_0086.JPG,6008,6074,3705,3638,0.9819163292847504,605.525965379494,0.828125,0.875,0.9186375737190247,False,ok,0.41839799997978844
D2_111_nadir,rootsift-lightglue-r2048-k8192,rootsift,lightglue,2048,8192,1030,100_0010_0084.JPG,100_0010_0087.JPG,6008,6117,3078,2998,0.9740090968161144,499.00133155792275,0.703125,0.734375,0.9090112447738647,False,ok,0.4086031000188086
D2_111_nadir,rootsift-lightglue-r2048-k8192,rootsift,lightglue,2048,8192,1031,100_0010_0084.JPG,100_0010_0088.JPG,6008,6104,3014,2934,0.973457199734572,488.34886817576563,0.71875,0.734375,0.9103631973266602,False,ok,0.3140631999995094
D2_111_nadir,rootsift-lightglue-r2048-k8192,rootsift,lightglue,2048,8192,1032,100_0010_0084.JPG,100_0010_0089.JPG,6008,6217,2531,2424,0.9577242196760174,403.46205059920106,0.625,0.578125,0.9253830909729004,False,ok,0.2729115000111051
D2_111_nadir,rootsift-lightglue-r2048-k8192,rootsift,lightglue,2048,8192,1033,100_0010_0084.JPG,100_0010_0090.JPG,6008,6304,1562,1453,0.9302176696542894,241.84420772303596,0.515625,0.484375,0.8886745572090149,False,ok,0.40818790000048466
D2_111_nadir,rootsift-lightglue-r2048-k8192,rootsift,lightglue,2048,8192,1034,100_0010_0084.JPG,100_0010_0091.JPG,6008,6412,505,424,0.8396039603960396,70.57256990679095,0.3125,0.28125,0.8122879862785339,False,ok,0.3020779000071343
D2_111_nadir,rootsift-lightglue-r2048-k8192,rootsift,lightglue,2048,8192,1035,100_0010_0084.JPG,100_0010_0092.JPG,6008,6333,390,315,0.8076923076923077,52.4300932090546,0.171875,0.203125,0.8198851943016052,False,ok,0.24344389999168925
D2_111_nadir,rootsift-lightglue-r2048-k8192,rootsift,lightglue,2048,8192,1036,100_0010_0085.JPG,100_0010_0086.JPG,5995,6074,3947,3886,0.9845452242209273,648.2068390325271,0.875,0.875,0.9182949662208557,False,ok,0.43668119999347255
D2_111_nadir,rootsift-lightglue-r2048-k8192,rootsift,lightglue,2048,8192,1037,100_0010_0085.JPG,100_0010_0087.JPG,5995,6117,3166,3076,0.9715729627289956,513.094245204337,0.703125,0.703125,0.9094176888465881,False,ok,0.3167771000007633
D2_111_nadir,rootsift-lightglue-r2048-k8192,rootsift,lightglue,2048,8192,1038,100_0010_0085.JPG,100_0010_0088.JPG,5995,6104,3111,3016,0.9694631951141112,503.0859049207673,0.734375,0.71875,0.9053613543510437,False,ok,0.2325424999871757
D2_111_nadir,rootsift-lightglue-r2048-k8192,rootsift,lightglue,2048,8192,1039,100_0010_0085.JPG,100_0010_0089.JPG,5995,6217,2342,2223,0.9491887275832621,370.8090075062552,0.640625,0.578125,0.9288879632949829,False,ok,0.49648199998773634
D2_111_nadir,rootsift-lightglue-r2048-k8192,rootsift,lightglue,2048,8192,1040,100_0010_0085.JPG,100_0010_0090.JPG,5995,6304,1385,1267,0.9148014440433213,211.34278565471226,0.4375,0.453125,0.883791983127594,False,ok,0.272482400003355
D2_111_nadir,rootsift-lightglue-r2048-k8192,rootsift,lightglue,2048,8192,1041,100_0010_0085.JPG,100_0010_0091.JPG,5995,6412,342,252,0.7368421052631579,42.035029190992496,0.3125,0.296875,0.7734670639038086,False,ok,0.24788139999145642
D2_111_nadir,rootsift-lightglue-r2048-k8192,rootsift,lightglue,2048,8192,1042,100_0010_0085.JPG,100_0010_0092.JPG,5995,6333,212,166,0.7830188679245284,27.68974145120934,0.09375,0.171875,0.7381810545921326,False,ok,0.4317160999926273
D2_111_nadir,rootsift-lightglue-r2048-k8192,rootsift,lightglue,2048,8192,1043,100_0010_0085.JPG,100_0010_0093.JPG,5995,6252,2,0,0.0,0.0,0.0,0.0,0.12979069352149963,True,too_few_matches,0.2846912000095472
D2_111_nadir,rootsift-lightglue-r2048-k8192,rootsift,lightglue,2048,8192,1044,100_0010_0086.JPG,100_0010_0087.JPG,6074,6117,3958,3909,0.9876200101061142,643.5627263747119,0.953125,0.9375,0.9096022844314575,False,ok,0.33656260001589544
D2_111_nadir,rootsift-lightglue-r2048-k8192,rootsift,lightglue,2048,8192,1045,100_0010_0086.JPG,100_0010_0088.JPG,6074,6104,3830,3769,0.9840731070496084,620.5136648007903,0.859375,0.875,0.9071969985961914,False,ok,0.4438540999835823
D2_111_nadir,rootsift-lightglue-r2048-k8192,rootsift,lightglue,2048,8192,1046,100_0010_0086.JPG,100_0010_0089.JPG,6074,6217,2769,2671,0.9646081617912604,439.7431675996049,0.734375,0.65625,0.9054321646690369,False,ok,0.3058213999902364
D2_111_nadir,rootsift-lightglue-r2048-k8192,rootsift,lightglue,2048,8192,1047,100_0010_0086.JPG,100_0010_0090.JPG,6074,6304,1647,1545,0.9380692167577414,254.36285808363516,0.546875,0.546875,0.8888323307037354,False,ok,0.22661120002157986
D2_111_nadir,rootsift-lightglue-r2048-k8192,rootsift,lightglue,2048,8192,1048,100_0010_0086.JPG,100_0010_0091.JPG,6074,6412,407,307,0.7542997542997543,50.543299308528155,0.421875,0.359375,0.777471125125885,False,ok,0.46282429998973384
D2_111_nadir,rootsift-lightglue-r2048-k8192,rootsift,lightglue,2048,8192,1049,100_0010_0086.JPG,100_0010_0092.JPG,6074,6333,283,207,0.7314487632508834,34.07968389858413,0.15625,0.21875,0.7569220066070557,False,ok,0.28895790001843125
D2_111_nadir,rootsift-lightglue-r2048-k8192,rootsift,lightglue,2048,8192,1050,100_0010_0086.JPG,100_0010_0093.JPG,6074,6252,1,0,0.0,0.0,0.0,0.0,0.3944752812385559,True,too_few_matches,0.2924664999882225
D2_111_nadir,rootsift-lightglue-r2048-k8192,rootsift,lightglue,2048,8192,1051,100_0010_0086.JPG,100_0010_0094.JPG,6074,6098,0,0,0.0,0.0,0.0,0.0,0.0,True,no_matches,0.5033104000031017
D2_111_nadir,rootsift-lightglue-r2048-k8192,rootsift,lightglue,2048,8192,1052,100_0010_0087.JPG,100_0010_0088.JPG,6117,6104,4646,4619,0.9941885492897116,756.7169069462648,1.0,1.0,0.9041438698768616,False,ok,0.33502659999066964
D2_111_nadir,rootsift-lightglue-r2048-k8192,rootsift,lightglue,2048,8192,1053,100_0010_0087.JPG,100_0010_0089.JPG,6117,6217,3266,3141,0.9617268830373545,513.4870034330554,0.84375,0.765625,0.8941258192062378,False,ok,0.2204349999956321
D2_111_nadir,rootsift-lightglue-r2048-k8192,rootsift,lightglue,2048,8192,1054,100_0010_0087.JPG,100_0010_0090.JPG,6117,6304,1972,1809,0.9173427991886409,295.73320255026977,0.609375,0.625,0.9094865918159485,False,ok,0.14635309998993762
D2_111_nadir,rootsift-lightglue-r2048-k8192,rootsift,lightglue,2048,8192,1055,100_0010_0087.JPG,100_0010_0091.JPG,6117,6412,533,423,0.7936210131332082,69.1515448749387,0.46875,0.40625,0.8020884990692139,False,ok,0.31088800000725314
D2_111_nadir,rootsift-lightglue-r2048-k8192,rootsift,lightglue,2048,8192,1056,100_0010_0087.JPG,100_0010_0092.JPG,6117,6333,387,313,0.8087855297157622,51.1688736308648,0.1875,0.25,0.801856517791748,False,ok,0.2966506000084337
D2_111_nadir,rootsift-lightglue-r2048-k8192,rootsift,lightglue,2048,8192,1057,100_0010_0087.JPG,100_0010_0093.JPG,6117,6252,3,0,0.0,0.0,0.0,0.0,0.1521252542734146,True,too_few_matches,0.4447496999928262
D2_111_nadir,rootsift-lightglue-r2048-k8192,rootsift,lightglue,2048,8192,1058,100_0010_0087.JPG,100_0010_0094.JPG,6117,6098,0,0,0.0,0.0,0.0,0.0,0.0,True,no_matches,0.3237284000206273
D2_111_nadir,rootsift-lightglue-r2048-k8192,rootsift,lightglue,2048,8192,1059,100_0010_0087.JPG,100_0010_0095.JPG,6117,5851,1,0,0.0,0.0,0.0,0.0,0.12130658328533173,True,too_few_matches,0.3037790000089444
D2_111_nadir,rootsift-lightglue-r2048-k8192,rootsift,lightglue,2048,8192,1060,100_0010_0088.JPG,100_0010_0089.JPG,6104,6217,3380,3259,0.9642011834319527,533.9121887287025,0.875,0.78125,0.8923383355140686,False,ok,0.3612071000097785
D2_111_nadir,rootsift-lightglue-r2048-k8192,rootsift,lightglue,2048,8192,1061,100_0010_0088.JPG,100_0010_0090.JPG,6104,6304,2033,1860,0.9149040826364978,304.71821756225427,0.59375,0.625,0.9092103242874146,False,ok,0.44830519999959506
D2_111_nadir,rootsift-lightglue-r2048-k8192,rootsift,lightglue,2048,8192,1062,100_0010_0088.JPG,100_0010_0091.JPG,6104,6412,588,470,0.7993197278911565,76.99868938401049,0.4375,0.390625,0.8005664348602295,False,ok,0.3295299999881536
D2_111_nadir,rootsift-lightglue-r2048-k8192,rootsift,lightglue,2048,8192,1063,100_0010_0088.JPG,100_0010_0092.JPG,6104,6333,410,280,0.6829268292682927,45.87155963302752,0.203125,0.25,0.7710717916488647,False,ok,0.19106000001193024
D2_111_nadir,rootsift-lightglue-r2048-k8192,rootsift,lightglue,2048,8192,1064,100_0010_0088.JPG,100_0010_0093.JPG,6104,6252,50,47,0.94,7.699868938401049,0.046875,0.03125,0.5903329253196716,False,ok,0.5287698000029195
D2_111_nadir,rootsift-lightglue-r2048-k8192,rootsift,lightglue,2048,8192,1065,100_0010_0088.JPG,100_0010_0094.JPG,6104,6098,0,0,0.0,0.0,0.0,0.0,0.0,True,no_matches,0.3354936999967322
D2_111_nadir,rootsift-lightglue-r2048-k8192,rootsift,lightglue,2048,8192,1066,100_0010_0088.JPG,100_0010_0095.JPG,6104,5851,0,0,0.0,0.0,0.0,0.0,0.0,True,no_matches,0.2949240999878384
D2_111_nadir,rootsift-lightglue-r2048-k8192,rootsift,lightglue,2048,8192,1067,100_0010_0088.JPG,100_0010_0096.JPG,6104,5835,0,0,0.0,0.0,0.0,0.0,0.0,True,no_matches,0.4865562999912072
D2_111_nadir,rootsift-lightglue-r2048-k8192,rootsift,lightglue,2048,8192,1068,100_0010_0089.JPG,100_0010_0090.JPG,6217,6304,3173,3064,0.9656476520642925,492.8422068521795,0.875,0.875,0.9028710126876831,False,ok,0.30827720000525005
D2_111_nadir,rootsift-lightglue-r2048-k8192,rootsift,lightglue,2048,8192,1069,100_0010_0089.JPG,100_0010_0091.JPG,6217,6412,1462,1326,0.9069767441860465,213.2861508766286,0.625,0.640625,0.8876001238822937,False,ok,0.2828245999990031
D2_111_nadir,rootsift-lightglue-r2048-k8192,rootsift,lightglue,2048,8192,1070,100_0010_0089.JPG,100_0010_0092.JPG,6217,6333,1235,1133,0.9174089068825911,182.24223902203636,0.390625,0.5,0.9000029563903809,False,ok,0.437143199989805
D2_111_nadir,rootsift-lightglue-r2048-k8192,rootsift,lightglue,2048,8192,1071,100_0010_0089.JPG,100_0010_0093.JPG,6217,6252,815,721,0.8846625766871166,115.97233392311404,0.234375,0.21875,0.8630677461624146,False,ok,0.26230479998048395
D2_111_nadir,rootsift-lightglue-r2048-k8192,rootsift,lightglue,2048,8192,1072,100_0010_0089.JPG,100_0010_0094.JPG,6217,6098,168,119,0.7083333333333334,19.51459494916366,0.125,0.109375,0.6501507759094238,False,ok,0.4404209000058472
D2_111_nadir,rootsift-lightglue-r2048-k8192,rootsift,lightglue,2048,8192,1073,100_0010_0089.JPG,100_0010_0095.JPG,6217,5851,16,8,0.5,1.367287643137925,0.09375,0.078125,0.32916080951690674,True,ok,0.3245018000015989
D2_111_nadir,rootsift-lightglue-r2048-k8192,rootsift,lightglue,2048,8192,1074,100_0010_0089.JPG,100_0010_0096.JPG,6217,5835,14,9,0.6428571428571429,1.5424164524421593,0.0625,0.0625,0.252702534198761,True,ok,0.4660670999728609
D2_111_nadir,rootsift-lightglue-r2048-k8192,rootsift,lightglue,2048,8192,1075,100_0010_0089.JPG,100_0010_0097.JPG,6217,5847,3,0,0.0,0.0,0.0,0.0,0.22433720529079437,True,too_few_matches,0.34320770000340417
D2_111_nadir,rootsift-lightglue-r2048-k8192,rootsift,lightglue,2048,8192,1076,100_0010_0090.JPG,100_0010_0091.JPG,6304,6412,2749,2638,0.9596216806111313,418.46446700507613,0.8125,0.8125,0.9161769151687622,False,ok,0.35467920001246966
D2_111_nadir,rootsift-lightglue-r2048-k8192,rootsift,lightglue,2048,8192,1077,100_0010_0090.JPG,100_0010_0092.JPG,6304,6333,2247,2166,0.9639519359145527,343.5913705583756,0.59375,0.609375,0.8990328907966614,False,ok,0.25728339998750016
D2_111_nadir,rootsift-lightglue-r2048-k8192,rootsift,lightglue,2048,8192,1078,100_0010_0090.JPG,100_0010_0093.JPG,6304,6252,1589,1487,0.9358086847073631,237.84388995521434,0.3125,0.3125,0.9061455726623535,False,ok,0.4161879000021145
D2_111_nadir,rootsift-lightglue-r2048-k8192,rootsift,lightglue,2048,8192,1079,100_0010_0090.JPG,100_0010_0094.JPG,6304,6098,714,631,0.8837535014005602,103.47654968842244,0.21875,0.21875,0.8633479475975037,False,ok,0.2682146000151988
D2_111_nadir,rootsift-lightglue-r2048-k8192,rootsift,lightglue,2048,8192,1080,100_0010_0090.JPG,100_0010_0095.JPG,6304,5851,24,10,0.4166666666666667,1.7091095539224064,0.125,0.109375,0.2835518419742584,True,ok,0.2547315999981947
D2_111_nadir,rootsift-lightglue-r2048-k8192,rootsift,lightglue,2048,8192,1081,100_0010_0090.JPG,100_0010_0096.JPG,6304,5835,15,9,0.6,1.5424164524421593,0.09375,0.09375,0.2614559233188629,True,ok,0.498044599982677
D2_111_nadir,rootsift-lightglue-r2048-k8192,rootsift,lightglue,2048,8192,1082,100_0010_0090.JPG,100_0010_0097.JPG,6304,5847,0,0,0.0,0.0,0.0,0.0,0.0,True,no_matches,0.3653285999898799
D2_111_nadir,rootsift-lightglue-r2048-k8192,rootsift,lightglue,2048,8192,1083,100_0010_0090.JPG,100_0010_0098.JPG,6304,5864,3,0,0.0,0.0,0.0,0.0,0.17315556108951569,True,too_few_matches,0.20383049998781644
D2_111_nadir,rootsift-lightglue-r2048-k8192,rootsift,lightglue,2048,8192,1084,100_0010_0091.JPG,100_0010_0092.JPG,6412,6333,3545,3493,0.9853314527503526,551.5553450181588,0.71875,0.84375,0.8992457389831543,False,ok,0.21842849999666214
D2_111_nadir,rootsift-lightglue-r2048-k8192,rootsift,lightglue,2048,8192,1085,100_0010_0091.JPG,100_0010_0093.JPG,6412,6252,2352,2228,0.9472789115646258,356.3659628918746,0.46875,0.46875,0.9134496450424194,False,ok,0.4335084000194911
D2_111_nadir,rootsift-lightglue-r2048-k8192,rootsift,lightglue,2048,8192,1086,100_0010_0091.JPG,100_0010_0094.JPG,6412,6098,1338,1207,0.9020926756352765,197.93374877008856,0.3125,0.28125,0.8849399089813232,False,ok,0.1948848000029102
D2_111_nadir,rootsift-lightglue-r2048-k8192,rootsift,lightglue,2048,8192,1087,100_0010_0091.JPG,100_0010_0095.JPG,6412,5851,565,495,0.8761061946902655,84.60092291915912,0.140625,0.140625,0.8878953456878662,False,ok,0.46559149998938665
D2_111_nadir,rootsift-lightglue-r2048-k8192,rootsift,lightglue,2048,8192,1088,100_0010_0091.JPG,100_0010_0096.JPG,6412,5835,8,7,0.875,1.1996572407883461,0.09375,0.078125,0.20530739426612854,True,ok,0.3322988999716472
D2_111_nadir,rootsift-lightglue-r2048-k8192,rootsift,lightglue,2048,8192,1089,100_0010_0091.JPG,100_0010_0097.JPG,6412,5847,0,0,0.0,0.0,0.0,0.0,0.0,True,no_matches,0.3439417999761645
D2_111_nadir,rootsift-lightglue-r2048-k8192,rootsift,lightglue,2048,8192,1090,100_0010_0091.JPG,100_0010_0098.JPG,6412,5864,0,0,0.0,0.0,0.0,0.0,0.0,True,no_matches,0.43274670001119375
D2_111_nadir,rootsift-lightglue-r2048-k8192,rootsift,lightglue,2048,8192,1091,100_0010_0091.JPG,100_0010_0099.JPG,6412,5956,0,0,0.0,0.0,0.0,0.0,0.0,True,no_matches,0.3426010999828577
D2_111_nadir,rootsift-lightglue-r2048-k8192,rootsift,lightglue,2048,8192,1092,100_0010_0092.JPG,100_0010_0093.JPG,6333,6252,3115,2980,0.956661316211878,476.6474728087012,0.625,0.640625,0.9111036658287048,False,ok,0.31398959999205545
D2_111_nadir,rootsift-lightglue-r2048-k8192,rootsift,lightglue,2048,8192,1093,100_0010_0092.JPG,100_0010_0094.JPG,6333,6098,1893,1733,0.9154780771262546,284.19153820924896,0.359375,0.359375,0.9258661866188049,False,ok,0.3131785999867134
D2_111_nadir,rootsift-lightglue-r2048-k8192,rootsift,lightglue,2048,8192,1094,100_0010_0092.JPG,100_0010_0095.JPG,6333,5851,936,833,0.8899572649572649,142.36882584173645,0.28125,0.3125,0.8625986576080322,False,ok,0.4048348999931477
D2_111_nadir,rootsift-lightglue-r2048-k8192,rootsift,lightglue,2048,8192,1095,100_0010_0092.JPG,100_0010_0096.JPG,6333,5835,387,323,0.834625322997416,55.35561268209083,0.171875,0.1875,0.8540661931037903,False,ok,0.41926639998564497
D2_111_nadir,rootsift-lightglue-r2048-k8192,rootsift,lightglue,2048,8192,1096,100_0010_0092.JPG,100_0010_0097.JPG,6333,5847,0,0,0.0,0.0,0.0,0.0,0.0,True,no_matches,0.3123652999929618
D2_111_nadir,rootsift-lightglue-r2048-k8192,rootsift,lightglue,2048,8192,1097,100_0010_0092.JPG,100_0010_0098.JPG,6333,5864,1,0,0.0,0.0,0.0,0.0,0.10174225270748138,True,too_few_matches,0.3366377000056673
D2_111_nadir,rootsift-lightglue-r2048-k8192,rootsift,lightglue,2048,8192,1098,100_0010_0092.JPG,100_0010_0099.JPG,6333,5956,0,0,0.0,0.0,0.0,0.0,0.0,True,no_matches,0.35270190000301227
D2_111_nadir,rootsift-lightglue-r2048-k8192,rootsift,lightglue,2048,8192,1099,100_0010_0092.JPG,100_0010_0100.JPG,6333,6340,7,0,0.0,0.0,0.0,0.0,0.22507907450199127,True,too_few_matches,0.5143676999723539
D2_111_nadir,rootsift-lightglue-r2048-k8192,rootsift,lightglue,2048,8192,1100,100_0010_0093.JPG,100_0010_0094.JPG,6252,6098,3142,3069,0.9767663908338637,503.2797638570023,0.78125,0.78125,0.9034704566001892,False,ok,0.27844330001971684
D2_111_nadir,rootsift-lightglue-r2048-k8192,rootsift,lightglue,2048,8192,1101,100_0010_0093.JPG,100_0010_0095.JPG,6252,5851,1913,1813,0.9477260846837429,309.8615621261323,0.515625,0.5625,0.8919066786766052,False,ok,0.27630800000042655
D2_111_nadir,rootsift-lightglue-r2048-k8192,rootsift,lightglue,2048,8192,1102,100_0010_0093.JPG,100_0010_0096.JPG,6252,5835,1250,1140,0.912,195.3727506426735,0.453125,0.46875,0.8904802799224854,False,ok,0.4347983000043314
D2_111_nadir,rootsift-lightglue-r2048-k8192,rootsift,lightglue,2048,8192,1103,100_0010_0093.JPG,100_0010_0097.JPG,6252,5847,905,792,0.8751381215469614,135.45407901487943,0.25,0.25,0.8517733812332153,False,ok,0.3258207000035327
D2_111_nadir,rootsift-lightglue-r2048-k8192,rootsift,lightglue,2048,8192,1104,100_0010_0093.JPG,100_0010_0098.JPG,6252,5864,16,16,1.0,2.728512960436562,0.078125,0.0625,0.5454440116882324,False,ok,0.30214189999969676
D2_111_nadir,rootsift-lightglue-r2048-k8192,rootsift,lightglue,2048,8192,1105,100_0010_0093.JPG,100_0010_0099.JPG,6252,5956,5,0,0.0,0.0,0.0,0.0,0.20892086625099182,True,too_few_matches,0.3178860000043642
D2_111_nadir,rootsift-lightglue-r2048-k8192,rootsift,lightglue,2048,8192,1106,100_0010_0093.JPG,100_0010_0100.JPG,6252,6340,2,0,0.0,0.0,0.0,0.0,0.17746281623840332,True,too_few_matches,0.5078303000191227
D2_111_nadir,rootsift-lightglue-r2048-k8192,rootsift,lightglue,2048,8192,1107,100_0010_0093.JPG,100_0010_0101.JPG,6252,6756,2,0,0.0,0.0,0.0,0.0,0.23650211095809937,True,too_few_matches,0.3596239000034984
D2_111_nadir,rootsift-lightglue-r2048-k8192,rootsift,lightglue,2048,8192,1108,100_0010_0094.JPG,100_0010_0095.JPG,6098,5851,3163,3120,0.9864053114132153,533.2421808237908,0.78125,0.859375,0.9163260459899902,False,ok,0.2962229000113439
D2_111_nadir,rootsift-lightglue-r2048-k8192,rootsift,lightglue,2048,8192,1109,100_0010_0094.JPG,100_0010_0096.JPG,6098,5835,2241,2168,0.967425256581883,371.5509854327335,0.578125,0.609375,0.9104493260383606,False,ok,0.29028630000539124
D2_111_nadir,rootsift-lightglue-r2048-k8192,rootsift,lightglue,2048,8192,1110,100_0010_0094.JPG,100_0010_0097.JPG,6098,5847,1811,1731,0.9558255107675317,296.04925602873266,0.46875,0.5,0.8948041200637817,False,ok,0.36891029999242164
D2_111_nadir,rootsift-lightglue-r2048-k8192,rootsift,lightglue,2048,8192,1111,100_0010_0094.JPG,100_0010_0098.JPG,6098,5864,1214,1132,0.9324546952224053,193.04229195088678,0.25,0.25,0.9162695407867432,False,ok,0.2721347000042442
D2_111_nadir,rootsift-lightglue-r2048-k8192,rootsift,lightglue,2048,8192,1112,100_0010_0094.JPG,100_0010_0099.JPG,6098,5956,188,153,0.8138297872340425,25.688381464069845,0.125,0.125,0.5774320363998413,False,ok,0.35348119999980554
D2_111_nadir,rootsift-lightglue-r2048-k8192,rootsift,lightglue,2048,8192,1113,100_0010_0094.JPG,100_0010_0100.JPG,6098,6340,2,0,0.0,0.0,0.0,0.0,0.23381014168262482,True,too_few_matches,0.4212208999961149
D2_111_nadir,rootsift-lightglue-r2048-k8192,rootsift,lightglue,2048,8192,1114,100_0010_0094.JPG,100_0010_0101.JPG,6098,6756,3,0,0.0,0.0,0.0,0.0,0.17209136486053467,True,too_few_matches,0.3036106000072323
D2_111_nadir,rootsift-lightglue-r2048-k8192,rootsift,lightglue,2048,8192,1115,100_0010_0094.JPG,100_0010_0102.JPG,6098,6806,4,0,0.0,0.0,0.0,0.0,0.19733721017837524,True,too_few_matches,0.48912230000132695
D2_111_nadir,rootsift-lightglue-r2048-k8192,rootsift,lightglue,2048,8192,1116,100_0010_0095.JPG,100_0010_0096.JPG,5851,5835,3588,3557,0.9913600891861761,609.5972579263067,0.859375,0.84375,0.9267657995223999,False,ok,0.16198089998215437
D2_111_nadir,rootsift-lightglue-r2048-k8192,rootsift,lightglue,2048,8192,1117,100_0010_0095.JPG,100_0010_0097.JPG,5851,5847,3067,3009,0.9810890120639061,514.6228835300154,0.625,0.625,0.9219570159912109,False,ok,0.36499579998780973
D2_111_nadir,rootsift-lightglue-r2048-k8192,rootsift,lightglue,2048,8192,1118,100_0010_0095.JPG,100_0010_0098.JPG,5851,5864,2410,2352,0.9759336099585062,401.98256708255,0.46875,0.453125,0.9283302426338196,False,ok,0.3782655999821145
D2_111_nadir,rootsift-lightglue-r2048-k8192,rootsift,lightglue,2048,8192,1119,100_0010_0095.JPG,100_0010_0099.JPG,5851,5956,1511,1463,0.9682329583057577,250.04272773884807,0.234375,0.234375,0.9250099062919617,False,ok,0.17059630001313053
D2_111_nadir,rootsift-lightglue-r2048-k8192,rootsift,lightglue,2048,8192,1120,100_0010_0095.JPG,100_0010_0100.JPG,5851,6340,2,0,0.0,0.0,0.0,0.0,0.18377065658569336,True,too_few_matches,0.4878712999925483
D2_111_nadir,rootsift-lightglue-r2048-k8192,rootsift,lightglue,2048,8192,1121,100_0010_0095.JPG,100_0010_0101.JPG,5851,6756,4,0,0.0,0.0,0.0,0.0,0.13032713532447815,True,too_few_matches,0.3845795000088401
D2_111_nadir,rootsift-lightglue-r2048-k8192,rootsift,lightglue,2048,8192,1122,100_0010_0095.JPG,100_0010_0102.JPG,5851,6806,0,0,0.0,0.0,0.0,0.0,0.0,True,no_matches,0.3342443000001367
D2_111_nadir,rootsift-lightglue-r2048-k8192,rootsift,lightglue,2048,8192,1123,100_0010_0095.JPG,100_0010_0103.JPG,5851,5911,1780,1526,0.8573033707865169,260.81011792855924,0.828125,0.4375,0.8683682084083557,False,ok,0.40523940001730807
D2_111_nadir,rootsift-lightglue-r2048-k8192,rootsift,lightglue,2048,8192,1124,100_0010_0096.JPG,100_0010_0097.JPG,5835,5847,4105,4082,0.9943970767356882,699.5715509854327,0.859375,0.875,0.9225722551345825,False,ok,0.4206628000247292
D2_111_nadir,rootsift-lightglue-r2048-k8192,rootsift,lightglue,2048,8192,1125,100_0010_0096.JPG,100_0010_0098.JPG,5835,5864,3359,3297,0.9815421256326288,565.0385604113111,0.625,0.625,0.9285802245140076,False,ok,0.3127752000000328
D2_111_nadir,rootsift-lightglue-r2048-k8192,rootsift,lightglue,2048,8192,1126,100_0010_0096.JPG,100_0010_0099.JPG,5835,5956,2402,2345,0.9762697751873439,401.885175664096,0.484375,0.484375,0.9270453453063965,False,ok,0.21929899998940527
D2_111_nadir,rootsift-lightglue-r2048-k8192,rootsift,lightglue,2048,8192,1127,100_0010_0096.JPG,100_0010_0100.JPG,5835,6340,1147,1093,0.952920662598082,187.3179091688089,0.25,0.25,0.9109458327293396,False,ok,0.3245030999823939
D2_111_nadir,rootsift-lightglue-r2048-k8192,rootsift,lightglue,2048,8192,1128,100_0010_0096.JPG,100_0010_0101.JPG,5835,6756,2,0,0.0,0.0,0.0,0.0,0.18955892324447632,True,too_few_matches,0.44156720000319183
D2_111_nadir,rootsift-lightglue-r2048-k8192,rootsift,lightglue,2048,8192,1129,100_0010_0096.JPG,100_0010_0102.JPG,5835,6806,2,0,0.0,0.0,0.0,0.0,0.12193639576435089,True,too_few_matches,0.3729886999935843
D2_111_nadir,rootsift-lightglue-r2048-k8192,rootsift,lightglue,2048,8192,1130,100_0010_0096.JPG,100_0010_0103.JPG,5835,5911,2185,2002,0.9162471395881007,343.101970865467,0.875,0.578125,0.8855704665184021,False,ok,0.34500129998195916
D2_111_nadir,rootsift-lightglue-r2048-k8192,rootsift,lightglue,2048,8192,1131,100_0010_0096.JPG,100_0010_0104.JPG,5835,5892,2083,1940,0.9313490158425348,332.4764353041988,0.8125,0.53125,0.9058115482330322,False,ok,0.3658864999888465
D2_111_nadir,rootsift-lightglue-r2048-k8192,rootsift,lightglue,2048,8192,1132,100_0010_0096.JPG,100_0010_0106.JPG,5835,5922,1131,1009,0.8921308576480991,172.92202227934877,0.453125,0.34375,0.9016806483268738,False,ok,0.32385649997740984
D2_111_nadir,rootsift-lightglue-r2048-k8192,rootsift,lightglue,2048,8192,1133,100_0010_0097.JPG,100_0010_0098.JPG,5847,5864,3799,3771,0.9926296393787839,644.9461262185737,0.875,0.84375,0.9252731204032898,False,ok,0.4085445999808144
D2_111_nadir,rootsift-lightglue-r2048-k8192,rootsift,lightglue,2048,8192,1134,100_0010_0097.JPG,100_0010_0099.JPG,5847,5956,2831,2785,0.9837513246202755,476.3126389601505,0.609375,0.609375,0.9290492534637451,False,ok,0.3334568999998737
D2_111_nadir,rootsift-lightglue-r2048-k8192,rootsift,lightglue,2048,8192,1135,100_0010_0097.JPG,100_0010_0100.JPG,5847,6340,1515,1444,0.9531353135313532,246.9642551735933,0.484375,0.46875,0.9089292883872986,False,ok,0.24464620000799187
D2_111_nadir,rootsift-lightglue-r2048-k8192,rootsift,lightglue,2048,8192,1136,100_0010_0097.JPG,100_0010_0101.JPG,5847,6756,467,377,0.8072805139186295,64.47750983410296,0.25,0.21875,0.8303585052490234,False,ok,0.43712849999428727
D2_111_nadir,rootsift-lightglue-r2048-k8192,rootsift,lightglue,2048,8192,1137,100_0010_0097.JPG,100_0010_0102.JPG,5847,6806,266,185,0.6954887218045113,31.640157345647342,0.21875,0.203125,0.7208654880523682,False,ok,0.369441300019389
D2_111_nadir,rootsift-lightglue-r2048-k8192,rootsift,lightglue,2048,8192,1138,100_0010_0097.JPG,100_0010_0103.JPG,5847,5911,2219,2059,0.9278954484001802,352.1463998631777,0.8125,0.53125,0.9045618772506714,False,ok,0.30485919999773614
D2_111_nadir,rootsift-lightglue-r2048-k8192,rootsift,lightglue,2048,8192,1139,100_0010_0097.JPG,100_0010_0104.JPG,5847,5892,1947,1809,0.9291217257318952,309.38943047716776,0.640625,0.4375,0.9249871373176575,False,ok,0.30390490000718273
D2_111_nadir,rootsift-lightglue-r2048-k8192,rootsift,lightglue,2048,8192,1140,100_0010_0097.JPG,100_0010_0105.JPG,5847,5942,1424,1310,0.9199438202247191,224.04651958269199,0.5,0.359375,0.8970643877983093,False,ok,0.2493895999796223
D2_111_nadir,rootsift-lightglue-r2048-k8192,rootsift,lightglue,2048,8192,1141,100_0010_0097.JPG,100_0010_0106.JPG,5847,5922,929,818,0.8805166846071044,139.90080383102446,0.328125,0.265625,0.9100276231765747,False,ok,0.08333210001001135
D2_111_nadir,rootsift-lightglue-r2048-k8192,rootsift,lightglue,2048,8192,1142,100_0010_0098.JPG,100_0010_0099.JPG,5864,5956,3498,3461,0.9894225271583762,590.2114597544338,0.828125,0.828125,0.9155935645103455,False,ok,0.1191975999972783
D2_111_nadir,rootsift-lightglue-r2048-k8192,rootsift,lightglue,2048,8192,1143,100_0010_0098.JPG,100_0010_0100.JPG,5864,6340,2028,1944,0.9585798816568047,331.5143246930423,0.5625,0.59375,0.9296977519989014,False,ok,0.40380929998354986
D2_111_nadir,rootsift-lightglue-r2048-k8192,rootsift,lightglue,2048,8192,1144,100_0010_0098.JPG,100_0010_0101.JPG,5864,6756,703,599,0.8520625889046942,102.1487039563438,0.390625,0.390625,0.8179378509521484,False,ok,0.29402490000938997
D2_111_nadir,rootsift-lightglue-r2048-k8192,rootsift,lightglue,2048,8192,1145,100_0010_0098.JPG,100_0010_0102.JPG,5864,6806,478,383,0.801255230125523,65.3137789904502,0.328125,0.34375,0.755989134311676,False,ok,0.31706269999267533
D2_111_nadir,rootsift-lightglue-r2048-k8192,rootsift,lightglue,2048,8192,1146,100_0010_0098.JPG,100_0010_0103.JPG,5864,5911,2019,1887,0.9346210995542348,321.79399727148706,0.609375,0.4375,0.9272531270980835,False,ok,0.43355590000282973
D2_111_nadir,rootsift-lightglue-r2048-k8192,rootsift,lightglue,2048,8192,1147,100_0010_0098.JPG,100_0010_0104.JPG,5864,5892,1669,1571,0.9412822049131216,267.9058663028649,0.453125,0.421875,0.9072371125221252,False,ok,0.2697399999888148
D2_111_nadir,rootsift-lightglue-r2048-k8192,rootsift,lightglue,2048,8192,1148,100_0010_0098.JPG,100_0010_0105.JPG,5864,5942,1142,1023,0.8957968476357268,174.4542974079127,0.296875,0.28125,0.8948918581008911,False,ok,0.2548588000063319
D2_111_nadir,rootsift-lightglue-r2048-k8192,rootsift,lightglue,2048,8192,1149,100_0010_0098.JPG,100_0010_0106.JPG,5864,5922,588,520,0.8843537414965986,88.67667121418826,0.171875,0.1875,0.9092337489128113,False,ok,0.4463407000002917
D2_111_nadir,rootsift-lightglue-r2048-k8192,rootsift,lightglue,2048,8192,1150,100_0010_0099.JPG,100_0010_0100.JPG,5956,6340,2728,2607,0.9556451612903226,437.7098723975823,0.75,0.703125,0.9208798408508301,False,ok,0.4052580000134185
D2_111_nadir,rootsift-lightglue-r2048-k8192,rootsift,lightglue,2048,8192,1151,100_0010_0099.JPG,100_0010_0101.JPG,5956,6756,1071,896,0.8366013071895425,150.43653458697113,0.578125,0.53125,0.8384396433830261,False,ok,0.3450324999867007
D2_111_nadir,rootsift-lightglue-r2048-k8192,rootsift,lightglue,2048,8192,1152,100_0010_0099.JPG,100_0010_0102.JPG,5956,6806,815,590,0.7239263803680982,99.05977165883144,0.46875,0.4375,0.7948684096336365,False,ok,0.6093621000181884
D2_111_nadir,rootsift-lightglue-r2048-k8192,rootsift,lightglue,2048,8192,1153,100_0010_0099.JPG,100_0010_0103.JPG,5956,5911,1626,1534,0.9434194341943419,259.5161563187278,0.421875,0.359375,0.9005487561225891,False,ok,0.24410420001368038
D2_111_nadir,rootsift-lightglue-r2048-k8192,rootsift,lightglue,2048,8192,1154,100_0010_0099.JPG,100_0010_0104.JPG,5956,5892,1252,1159,0.9257188498402555,196.70739986422268,0.296875,0.296875,0.9017139673233032,False,ok,0.26939640002092347
D2_111_nadir,rootsift-lightglue-r2048-k8192,rootsift,lightglue,2048,8192,1155,100_0010_0099.JPG,100_0010_0105.JPG,5956,5942,648,579,0.8935185185185185,97.44193874116459,0.171875,0.1875,0.8622233271598816,False,ok,0.37162249998073094
D2_111_nadir,rootsift-lightglue-r2048-k8192,rootsift,lightglue,2048,8192,1156,100_0010_0099.JPG,100_0010_0106.JPG,5956,5922,1,0,0.0,0.0,0.0,0.0,0.10641738772392273,True,too_few_matches,0.36323190000257455
D2_111_nadir,rootsift-lightglue-r2048-k8192,rootsift,lightglue,2048,8192,1157,100_0010_0099.JPG,100_0010_0107.JPG,5956,5917,0,0,0.0,0.0,0.0,0.0,0.0,True,no_matches,0.23769259999971837
D2_111_nadir,rootsift-lightglue-r2048-k8192,rootsift,lightglue,2048,8192,1158,100_0010_0100.JPG,100_0010_0101.JPG,6340,6756,1846,1606,0.8699891657638137,253.3123028391167,0.796875,0.75,0.8284719586372375,False,ok,0.40661599999293685
D2_111_nadir,rootsift-lightglue-r2048-k8192,rootsift,lightglue,2048,8192,1159,100_0010_0100.JPG,100_0010_0102.JPG,6340,6806,1501,1212,0.8074616922051966,191.1671924290221,0.734375,0.703125,0.7872832417488098,False,ok,0.5185848000110127
D2_111_nadir,rootsift-lightglue-r2048-k8192,rootsift,lightglue,2048,8192,1160,100_0010_0100.JPG,100_0010_0103.JPG,6340,5911,898,796,0.8864142538975501,134.66418541701913,0.25,0.234375,0.8848695755004883,False,ok,0.35961859999224544
D2_111_nadir,rootsift-lightglue-r2048-k8192,rootsift,lightglue,2048,8192,1161,100_0010_0100.JPG,100_0010_0104.JPG,6340,5892,451,367,0.8137472283813747,62.28784792939579,0.09375,0.109375,0.7899156212806702,False,ok,0.25049390000640415
D2_111_nadir,rootsift-lightglue-r2048-k8192,rootsift,lightglue,2048,8192,1162,100_0010_0100.JPG,100_0010_0105.JPG,6340,5942,2,0,0.0,0.0,0.0,0.0,0.2944225072860718,True,too_few_matches,0.28244660000200383
D2_111_nadir,rootsift-lightglue-r2048-k8192,rootsift,lightglue,2048,8192,1163,100_0010_0100.JPG,100_0010_0106.JPG,6340,5922,1,0,0.0,0.0,0.0,0.0,0.2774260342121124,True,too_few_matches,0.4792726000014227
D2_111_nadir,rootsift-lightglue-r2048-k8192,rootsift,lightglue,2048,8192,1164,100_0010_0100.JPG,100_0010_0107.JPG,6340,5917,0,0,0.0,0.0,0.0,0.0,0.0,True,no_matches,0.3529419000260532
D2_111_nadir,rootsift-lightglue-r2048-k8192,rootsift,lightglue,2048,8192,1165,100_0010_0100.JPG,100_0010_0108.JPG,6340,5957,3,0,0.0,0.0,0.0,0.0,0.23269504308700562,True,too_few_matches,0.30481969998800196
D2_111_nadir,rootsift-lightglue-r2048-k8192,rootsift,lightglue,2048,8192,1166,100_0010_0101.JPG,100_0010_0102.JPG,6756,6806,3888,3493,0.8984053497942387,517.0219064535228,1.0,1.0,0.8148555159568787,False,ok,0.5886655999929644
D2_111_nadir,rootsift-lightglue-r2048-k8192,rootsift,lightglue,2048,8192,1167,100_0010_0101.JPG,100_0010_0103.JPG,6756,5911,217,162,0.7465437788018433,27.40653019793605,0.0625,0.09375,0.7398998737335205,False,ok,0.4155070999986492
D2_111_nadir,rootsift-lightglue-r2048-k8192,rootsift,lightglue,2048,8192,1168,100_0010_0101.JPG,100_0010_0104.JPG,6756,5892,2,0,0.0,0.0,0.0,0.0,0.1151130199432373,True,too_few_matches,0.3937277000222821
D2_111_nadir,rootsift-lightglue-r2048-k8192,rootsift,lightglue,2048,8192,1169,100_0010_0101.JPG,100_0010_0105.JPG,6756,5942,0,0,0.0,0.0,0.0,0.0,0.0,True,no_matches,0.2934998999990057
D2_111_nadir,rootsift-lightglue-r2048-k8192,rootsift,lightglue,2048,8192,1170,100_0010_0101.JPG,100_0010_0106.JPG,6756,5922,0,0,0.0,0.0,0.0,0.0,0.0,True,no_matches,0.46648269999423064
D2_111_nadir,rootsift-lightglue-r2048-k8192,rootsift,lightglue,2048,8192,1171,100_0010_0101.JPG,100_0010_0107.JPG,6756,5917,1,0,0.0,0.0,0.0,0.0,0.10614185780286789,True,too_few_matches,0.12699160000192933
D2_111_nadir,rootsift-lightglue-r2048-k8192,rootsift,lightglue,2048,8192,1172,100_0010_0101.JPG,100_0010_0108.JPG,6756,5957,1,0,0.0,0.0,0.0,0.0,0.2037297785282135,True,too_few_matches,0.1954608000232838
D2_111_nadir,rootsift-lightglue-r2048-k8192,rootsift,lightglue,2048,8192,1173,100_0010_0101.JPG,100_0010_0109.JPG,6756,5989,3,0,0.0,0.0,0.0,0.0,0.16030500829219818,True,too_few_matches,0.4403362000011839
D2_111_nadir,rootsift-lightglue-r2048-k8192,rootsift,lightglue,2048,8192,1174,100_0010_0102.JPG,100_0010_0103.JPG,6806,5911,2,0,0.0,0.0,0.0,0.0,0.12817679345607758,True,too_few_matches,0.373301999992691
D2_111_nadir,rootsift-lightglue-r2048-k8192,rootsift,lightglue,2048,8192,1175,100_0010_0102.JPG,100_0010_0104.JPG,6806,5892,1,0,0.0,0.0,0.0,0.0,0.1493663340806961,True,too_few_matches,0.34024289998342283
D2_111_nadir,rootsift-lightglue-r2048-k8192,rootsift,lightglue,2048,8192,1176,100_0010_0102.JPG,100_0010_0105.JPG,6806,5942,0,0,0.0,0.0,0.0,0.0,0.0,True,no_matches,0.3983312000054866
D2_111_nadir,rootsift-lightglue-r2048-k8192,rootsift,lightglue,2048,8192,1177,100_0010_0102.JPG,100_0010_0106.JPG,6806,5922,0,0,0.0,0.0,0.0,0.0,0.0,True,no_matches,0.4505312999826856
D2_111_nadir,rootsift-lightglue-r2048-k8192,rootsift,lightglue,2048,8192,1178,100_0010_0102.JPG,100_0010_0107.JPG,6806,5917,0,0,0.0,0.0,0.0,0.0,0.0,True,no_matches,0.350920099997893
D2_111_nadir,rootsift-lightglue-r2048-k8192,rootsift,lightglue,2048,8192,1179,100_0010_0102.JPG,100_0010_0108.JPG,6806,5957,0,0,0.0,0.0,0.0,0.0,0.0,True,no_matches,0.2809759999800008
D2_111_nadir,rootsift-lightglue-r2048-k8192,rootsift,lightglue,2048,8192,1180,100_0010_0102.JPG,100_0010_0109.JPG,6806,5989,3,0,0.0,0.0,0.0,0.0,0.19237804412841797,True,too_few_matches,0.3668537000194192
D2_111_nadir,rootsift-lightglue-r2048-k8192,rootsift,lightglue,2048,8192,1181,100_0010_0102.JPG,100_0010_0110.JPG,6806,5988,6,0,0.0,0.0,0.0,0.0,0.23656149208545685,True,too_few_matches,0.47991389999515377
D2_111_nadir,rootsift-lightglue-r2048-k8192,rootsift,lightglue,2048,8192,1182,100_0010_0103.JPG,100_0010_0104.JPG,5911,5892,3688,3620,0.9815618221258134,614.3923964697896,0.84375,1.0,0.914251446723938,False,ok,0.29506290002609603
D2_111_nadir,rootsift-lightglue-r2048-k8192,rootsift,lightglue,2048,8192,1183,100_0010_0103.JPG,100_0010_0105.JPG,5911,5942,2918,2733,0.9366004112405757,462.35831500592116,0.6875,1.0,0.9024531841278076,False,ok,0.4258403000130784
D2_111_nadir,rootsift-lightglue-r2048-k8192,rootsift,lightglue,2048,8192,1184,100_0010_0103.JPG,100_0010_0106.JPG,5911,5922,2348,1936,0.8245315161839863,327.5249534765691,0.515625,0.9375,0.8662324547767639,False,ok,0.4149256000237074
D2_111_nadir,rootsift-lightglue-r2048-k8192,rootsift,lightglue,2048,8192,1185,100_0010_0103.JPG,100_0010_0107.JPG,5911,5917,1990,1570,0.7889447236180904,265.6064963627136,0.46875,0.921875,0.8380861878395081,False,ok,0.3893310000130441
D2_111_nadir,rootsift-lightglue-r2048-k8192,rootsift,lightglue,2048,8192,1186,100_0010_0103.JPG,100_0010_0108.JPG,5911,5957,1575,1212,0.7695238095238095,205.04144814752158,0.34375,0.78125,0.8150155544281006,False,ok,0.5638034000003245
D2_111_nadir,rootsift-lightglue-r2048-k8192,rootsift,lightglue,2048,8192,1187,100_0010_0103.JPG,100_0010_0109.JPG,5911,5989,1277,915,0.716523101018011,154.79614278463882,0.296875,0.78125,0.7666159272193909,False,ok,0.41176759998779744
D2_111_nadir,rootsift-lightglue-r2048-k8192,rootsift,lightglue,2048,8192,1188,100_0010_0103.JPG,100_0010_0110.JPG,5911,5988,1049,682,0.6501429933269781,115.37810861106412,0.21875,0.75,0.7256249785423279,False,ok,0.5473356999864336
D2_111_nadir,rootsift-lightglue-r2048-k8192,rootsift,lightglue,2048,8192,1189,100_0010_0103.JPG,100_0010_0111.JPG,5911,5963,868,533,0.6140552995391705,90.17086787345627,0.1875,0.640625,0.6351589560508728,False,ok,0.5703642000153195
D2_111_nadir,rootsift-lightglue-r2048-k8192,rootsift,lightglue,2048,8192,1190,100_0010_0104.JPG,100_0010_0105.JPG,5892,5942,3721,3627,0.9747379736629939,615.5804480651731,0.859375,1.0,0.9054537415504456,False,ok,0.32982800001627766
D2_111_nadir,rootsift-lightglue-r2048-k8192,rootsift,lightglue,2048,8192,1191,100_0010_0104.JPG,100_0010_0106.JPG,5892,5922,2844,2620,0.9212376933895922,444.6707399864223,0.671875,0.984375,0.9002553224563599,False,ok,0.38962240002001636
D2_111_nadir,rootsift-lightglue-r2048-k8192,rootsift,lightglue,2048,8192,1192,100_0010_0104.JPG,100_0010_0107.JPG,5892,5917,2369,2080,0.8780075981426763,353.02104548540393,0.53125,0.984375,0.864657461643219,False,ok,0.29750280000735074
D2_111_nadir,rootsift-lightglue-r2048-k8192,rootsift,lightglue,2048,8192,1193,100_0010_0104.JPG,100_0010_0108.JPG,5892,5957,1967,1617,0.8220640569395018,274.4399185336049,0.421875,0.875,0.8543115854263306,False,ok,0.40554599999450147
D2_111_nadir,rootsift-lightglue-r2048-k8192,rootsift,lightglue,2048,8192,1194,100_0010_0104.JPG,100_0010_0109.JPG,5892,5989,1585,1226,0.7735015772870663,208.07875084860828,0.34375,0.796875,0.8306383490562439,False,ok,0.39535170001909137
D2_111_nadir,rootsift-lightglue-r2048-k8192,rootsift,lightglue,2048,8192,1195,100_0010_0104.JPG,100_0010_0110.JPG,5892,5988,1273,918,0.7211311861743912,155.80448065173115,0.328125,0.75,0.7951570153236389,False,ok,0.5067069999931846
D2_111_nadir,rootsift-lightglue-r2048-k8192,rootsift,lightglue,2048,8192,1196,100_0010_0104.JPG,100_0010_0111.JPG,5892,5963,1092,734,0.6721611721611722,124.57569585879158,0.21875,0.703125,0.7373722195625305,False,ok,0.49837670000852086
D2_111_nadir,rootsift-lightglue-r2048-k8192,rootsift,lightglue,2048,8192,1197,100_0010_0105.JPG,100_0010_0106.JPG,5942,5922,3645,3557,0.9758573388203018,600.6416751097602,0.859375,0.984375,0.9086393117904663,False,ok,0.43924589999369346
D2_111_nadir,rootsift-lightglue-r2048-k8192,rootsift,lightglue,2048,8192,1198,100_0010_0105.JPG,100_0010_0107.JPG,5942,5917,2992,2815,0.9408422459893048,475.7478451918202,0.65625,1.0,0.9049432873725891,False,ok,0.11888500000350177
D2_111_nadir,rootsift-lightglue-r2048-k8192,rootsift,lightglue,2048,8192,1199,100_0010_0105.JPG,100_0010_0108.JPG,5942,5957,2430,2187,0.9,368.0578929653315,0.546875,0.953125,0.8742868900299072,False,ok,0.1478345000068657
D2_111_nadir,rootsift-lightglue-r2048-k8192,rootsift,lightglue,2048,8192,1200,100_0010_0105.JPG,100_0010_0109.JPG,5942,5989,2034,1671,0.8215339233038348,281.21844496802424,0.4375,0.875,0.8615147471427917,False,ok,0.5270178999926429
D2_111_nadir,rootsift-lightglue-r2048-k8192,rootsift,lightglue,2048,8192,1201,100_0010_0105.JPG,100_0010_0110.JPG,5942,5988,1643,1244,0.7571515520389531,209.35711881521374,0.34375,0.796875,0.8336148262023926,False,ok,0.5094970000209287
D2_111_nadir,rootsift-lightglue-r2048-k8192,rootsift,lightglue,2048,8192,1202,100_0010_0105.JPG,100_0010_0111.JPG,5942,5963,1431,1014,0.7085953878406709,170.6496129249411,0.296875,0.734375,0.789538562297821,False,ok,0.5359029000101145
D2_111_nadir,rootsift-lightglue-r2048-k8192,rootsift,lightglue,2048,8192,1203,100_0010_0106.JPG,100_0010_0107.JPG,5922,5917,3750,3686,0.9829333333333333,622.9508196721312,0.859375,1.0,0.9108011722564697,False,ok,0.3479236999992281
D2_111_nadir,rootsift-lightglue-r2048-k8192,rootsift,lightglue,2048,8192,1204,100_0010_0106.JPG,100_0010_0108.JPG,5922,5957,3043,2878,0.9457771935589878,485.98446470786894,0.640625,0.96875,0.9089580178260803,False,ok,0.2808946000004653
D2_111_nadir,rootsift-lightglue-r2048-k8192,rootsift,lightglue,2048,8192,1205,100_0010_0106.JPG,100_0010_0109.JPG,5922,5989,2446,2184,0.892886345053148,368.79432624113474,0.578125,0.921875,0.8867422938346863,False,ok,0.340870799991535
D2_111_nadir,rootsift-lightglue-r2048-k8192,rootsift,lightglue,2048,8192,1206,100_0010_0106.JPG,100_0010_0110.JPG,5922,5988,2066,1620,0.7841239109390126,273.5562310030395,0.453125,0.859375,0.8663612604141235,False,ok,0.5004979999794159
D2_111_nadir,rootsift-lightglue-r2048-k8192,rootsift,lightglue,2048,8192,1207,100_0010_0106.JPG,100_0010_0111.JPG,5922,5963,1734,1287,0.7422145328719724,217.32522796352583,0.34375,0.78125,0.8184976577758789,False,ok,0.5267080999910831
D2_111_nadir,rootsift-lightglue-r2048-k8192,rootsift,lightglue,2048,8192,1208,100_0010_0107.JPG,100_0010_0108.JPG,5917,5957,3744,3672,0.9807692307692307,620.5847557884063,0.828125,0.984375,0.911307156085968,False,ok,0.40206839999882504
D2_111_nadir,rootsift-lightglue-r2048-k8192,rootsift,lightglue,2048,8192,1209,100_0010_0107.JPG,100_0010_0109.JPG,5917,5989,2960,2804,0.9472972972972973,473.8887949974649,0.609375,0.953125,0.9019448757171631,False,ok,0.2834226999839302
D2_111_nadir,rootsift-lightglue-r2048-k8192,rootsift,lightglue,2048,8192,1210,100_0010_0107.JPG,100_0010_0110.JPG,5917,5988,2406,2131,0.8857024106400665,360.1487240155484,0.59375,0.9375,0.8925548791885376,False,ok,0.3044350999989547
D2_111_nadir,rootsift-lightglue-r2048-k8192,rootsift,lightglue,2048,8192,1211,100_0010_0107.JPG,100_0010_0111.JPG,5917,5963,2079,1694,0.8148148148148148,286.29372993070814,0.453125,0.796875,0.8678480386734009,False,ok,0.45686740000382997
D2_111_nadir,rootsift-lightglue-r2048-k8192,rootsift,lightglue,2048,8192,1212,100_0010_0108.JPG,100_0010_0109.JPG,5957,5989,3770,3700,0.9814323607427056,621.1180124223603,0.84375,0.984375,0.9194977283477783,False,ok,0.4368204000056721
D2_111_nadir,rootsift-lightglue-r2048-k8192,rootsift,lightglue,2048,8192,1213,100_0010_0108.JPG,100_0010_0110.JPG,5957,5988,2972,2833,0.9532301480484522,475.5749538358234,0.65625,0.953125,0.9032812118530273,False,ok,0.3030231000157073
D2_111_nadir,rootsift-lightglue-r2048-k8192,rootsift,lightglue,2048,8192,1214,100_0010_0108.JPG,100_0010_0111.JPG,5957,5963,2464,2079,0.84375,349.0011750881316,0.578125,0.890625,0.8876584768295288,False,ok,0.28787900001043454
D2_111_nadir,rootsift-lightglue-r2048-k8192,rootsift,lightglue,2048,8192,1215,100_0010_0109.JPG,100_0010_0110.JPG,5989,5988,3817,3748,0.9819229761592874,625.9185036740147,0.84375,1.0,0.9237508773803711,False,ok,0.47604690000298433
D2_111_nadir,rootsift-lightglue-r2048-k8192,rootsift,lightglue,2048,8192,1216,100_0010_0109.JPG,100_0010_0111.JPG,5989,5963,3020,2744,0.9086092715231788,460.1710548381687,0.640625,0.96875,0.908044695854187,False,ok,0.4334421000094153
D2_111_nadir,rootsift-lightglue-r2048-k8192,rootsift,lightglue,2048,8192,1217,100_0010_0110.JPG,100_0010_0111.JPG,5988,5963,3806,3744,0.9837099316868103,627.8718765721952,0.8125,0.984375,0.9254710674285889,False,ok,0.34698510001180694
