dataset,config,front_end,matcher,working_resolution,keypoint_budget,pair_index,image1,image2,keypoints_image1,keypoints_image2,raw_matches,verified_inliers,inlier_ratio,inliers_per_1000_keypoints,coverage_image1,coverage_image2,mean_match_score,failed_pair,verification_status,seconds
D2_111_nadir,rootsift-lightglue-r3200-k8192,rootsift,lightglue,3200,8192,1,100_0010_0001.JPG,100_0010_0002.JPG,6173,6055,3041,2768,0.9102268990463663,457.14285714285717,0.71875,0.734375,0.8818208575248718,False,ok,0.43229820000124164
D2_111_nadir,rootsift-lightglue-r3200-k8192,rootsift,lightglue,3200,8192,2,100_0010_0001.JPG,100_0010_0003.JPG,6173,5971,1965,1746,0.8885496183206106,292.4133311003182,0.5625,0.5625,0.8616008162498474,False,ok,0.11556310000014491
D2_111_nadir,rootsift-lightglue-r3200-k8192,rootsift,lightglue,3200,8192,3,100_0010_0001.JPG,100_0010_0004.JPG,6173,5877,1400,1218,0.87,207.24859622256253,0.40625,0.40625,0.853818953037262,False,ok,0.11070849999669008
D2_111_nadir,rootsift-lightglue-r3200-k8192,rootsift,lightglue,3200,8192,4,100_0010_0001.JPG,100_0010_0005.JPG,6173,5868,490,396,0.8081632653061225,67.48466257668711,0.203125,0.1875,0.7981352806091309,False,ok,0.14682329999050125
D2_111_nadir,rootsift-lightglue-r3200-k8192,rootsift,lightglue,3200,8192,5,100_0010_0001.JPG,100_0010_0006.JPG,6173,5883,7,0,0.0,0.0,0.0,0.0,0.15331445634365082,True,too_few_matches,0.1652784000034444
D2_111_nadir,rootsift-lightglue-r3200-k8192,rootsift,lightglue,3200,8192,6,100_0010_0001.JPG,100_0010_0007.JPG,6173,5915,4,0,0.0,0.0,0.0,0.0,0.1652846485376358,True,too_few_matches,0.19434620000538416
D2_111_nadir,rootsift-lightglue-r3200-k8192,rootsift,lightglue,3200,8192,7,100_0010_0001.JPG,100_0010_0008.JPG,6173,6020,4,0,0.0,0.0,0.0,0.0,0.14444495737552643,True,too_few_matches,0.21250590001000091
D2_111_nadir,rootsift-lightglue-r3200-k8192,rootsift,lightglue,3200,8192,8,100_0010_0001.JPG,100_0010_0009.JPG,6173,6048,7,0,0.0,0.0,0.0,0.0,0.17277295887470245,True,too_few_matches,0.1720495000045048
D2_111_nadir,rootsift-lightglue-r3200-k8192,rootsift,lightglue,3200,8192,9,100_0010_0001.JPG,100_0010_0029.JPG,6173,5908,742,594,0.8005390835579514,100.5416384563304,0.21875,0.21875,0.7943233847618103,False,ok,0.13163589999021497
D2_111_nadir,rootsift-lightglue-r3200-k8192,rootsift,lightglue,3200,8192,10,100_0010_0001.JPG,100_0010_0030.JPG,6173,5885,1400,1217,0.8692857142857143,206.79694137638063,0.328125,0.359375,0.8593599796295166,False,ok,0.11537400000088383
D2_111_nadir,rootsift-lightglue-r3200-k8192,rootsift,lightglue,3200,8192,11,100_0010_0001.JPG,100_0010_0031.JPG,6173,5851,1900,1665,0.8763157894736842,284.5667407280807,0.515625,0.53125,0.8548287749290466,False,ok,0.13335730000108015
D2_111_nadir,rootsift-lightglue-r3200-k8192,rootsift,lightglue,3200,8192,12,100_0010_0001.JPG,100_0010_0032.JPG,6173,5886,2226,1964,0.8823000898472596,333.67312266394833,0.609375,0.625,0.8532080054283142,False,ok,0.14546979998704046
D2_111_nadir,rootsift-lightglue-r3200-k8192,rootsift,lightglue,3200,8192,13,100_0010_0001.JPG,100_0010_0033.JPG,6173,5987,2522,2274,0.901665344964314,379.82294972440286,0.71875,0.703125,0.842936098575592,False,ok,0.1751217999990331
D2_111_nadir,rootsift-lightglue-r3200-k8192,rootsift,lightglue,3200,8192,14,100_0010_0001.JPG,100_0010_0034.JPG,6173,5996,2473,2224,0.8993125758188435,370.91394262841897,0.6875,0.6875,0.8498483896255493,False,ok,0.14614739999524318
D2_111_nadir,rootsift-lightglue-r3200-k8192,rootsift,lightglue,3200,8192,15,100_0010_0001.JPG,100_0010_0035.JPG,6173,5957,2040,1830,0.8970588235294118,307.20161154943764,0.546875,0.5,0.8628917336463928,False,ok,0.13454030000139028
D2_111_nadir,rootsift-lightglue-r3200-k8192,rootsift,lightglue,3200,8192,16,100_0010_0001.JPG,100_0010_0036.JPG,6173,6052,1604,1413,0.8809226932668329,233.47653668208858,0.453125,0.4375,0.8590087890625,False,ok,0.12638470000820234
D2_111_nadir,rootsift-lightglue-r3200-k8192,rootsift,lightglue,3200,8192,17,100_0010_0002.JPG,100_0010_0003.JPG,6055,5971,3004,2852,0.9494007989347537,477.64193602411655,0.8125,0.875,0.877751886844635,False,ok,0.14594700001180172
D2_111_nadir,rootsift-lightglue-r3200-k8192,rootsift,lightglue,3200,8192,18,100_0010_0002.JPG,100_0010_0004.JPG,6055,5877,2415,2200,0.9109730848861284,374.3406499914923,0.625,0.625,0.8892333507537842,False,ok,0.13168369999038987
D2_111_nadir,rootsift-lightglue-r3200-k8192,rootsift,lightglue,3200,8192,19,100_0010_0002.JPG,100_0010_0005.JPG,6055,5868,1477,1301,0.8808395396073121,221.71097477845944,0.484375,0.5,0.8756086826324463,False,ok,0.11472739999589976
D2_111_nadir,rootsift-lightglue-r3200-k8192,rootsift,lightglue,3200,8192,20,100_0010_0002.JPG,100_0010_0006.JPG,6055,5883,746,669,0.8967828418230563,113.71749107598164,0.25,0.25,0.8709273338317871,False,ok,0.10431189999508206
D2_111_nadir,rootsift-lightglue-r3200-k8192,rootsift,lightglue,3200,8192,21,100_0010_0002.JPG,100_0010_0007.JPG,6055,5915,22,14,0.6363636363636364,2.366863905325444,0.09375,0.109375,0.2567231357097626,True,ok,0.20011930000327993
D2_111_nadir,rootsift-lightglue-r3200-k8192,rootsift,lightglue,3200,8192,22,100_0010_0002.JPG,100_0010_0008.JPG,6055,6020,34,17,0.5,2.823920265780731,0.109375,0.125,0.23532727360725403,False,ok,0.2152269000071101
D2_111_nadir,rootsift-lightglue-r3200-k8192,rootsift,lightglue,3200,8192,23,100_0010_0002.JPG,100_0010_0009.JPG,6055,6048,15,10,0.6666666666666666,1.6534391534391535,0.109375,0.109375,0.21194472908973694,True,ok,0.1728953999991063
D2_111_nadir,rootsift-lightglue-r3200-k8192,rootsift,lightglue,3200,8192,24,100_0010_0002.JPG,100_0010_0010.JPG,6055,5933,13,9,0.6923076923076923,1.5169391538850496,0.09375,0.09375,0.16911618411540985,True,ok,0.17027209998923354
D2_111_nadir,rootsift-lightglue-r3200-k8192,rootsift,lightglue,3200,8192,25,100_0010_0002.JPG,100_0010_0029.JPG,6055,5908,1444,1271,0.8801939058171745,215.13202437373053,0.375,0.375,0.8750089406967163,False,ok,0.12807320000138134
D2_111_nadir,rootsift-lightglue-r3200-k8192,rootsift,lightglue,3200,8192,26,100_0010_0002.JPG,100_0010_0030.JPG,6055,5885,2146,1912,0.8909599254426841,324.89379779099403,0.515625,0.5625,0.8821724653244019,False,ok,0.1312206000002334
D2_111_nadir,rootsift-lightglue-r3200-k8192,rootsift,lightglue,3200,8192,27,100_0010_0002.JPG,100_0010_0031.JPG,6055,5851,2452,2285,0.9318923327895595,390.53153307126985,0.640625,0.65625,0.855522632598877,False,ok,0.12350359999982174
D2_111_nadir,rootsift-lightglue-r3200-k8192,rootsift,lightglue,3200,8192,28,100_0010_0002.JPG,100_0010_0032.JPG,6055,5886,2536,2291,0.9033911671924291,389.22867821950393,0.71875,0.71875,0.8647107481956482,False,ok,0.14907630000379868
D2_111_nadir,rootsift-lightglue-r3200-k8192,rootsift,lightglue,3200,8192,29,100_0010_0002.JPG,100_0010_0033.JPG,6055,5987,2066,1833,0.8872216844143272,306.1633539335226,0.546875,0.546875,0.8628885746002197,False,ok,0.12976229999912903
D2_111_nadir,rootsift-lightglue-r3200-k8192,rootsift,lightglue,3200,8192,30,100_0010_0002.JPG,100_0010_0034.JPG,6055,5996,2066,1824,0.882865440464666,304.20280186791194,0.546875,0.5625,0.8596417307853699,False,ok,0.12941280000086408
D2_111_nadir,rootsift-lightglue-r3200-k8192,rootsift,lightglue,3200,8192,31,100_0010_0002.JPG,100_0010_0035.JPG,6055,5957,1760,1541,0.8755681818181819,258.6872586872587,0.46875,0.453125,0.8576513528823853,False,ok,0.11541849999048281
D2_111_nadir,rootsift-lightglue-r3200-k8192,rootsift,lightglue,3200,8192,32,100_0010_0003.JPG,100_0010_0004.JPG,5971,5877,3382,3295,0.9742755765819042,560.6602007827123,0.875,0.875,0.897980272769928,False,ok,0.13556450000032783
D2_111_nadir,rootsift-lightglue-r3200-k8192,rootsift,lightglue,3200,8192,33,100_0010_0003.JPG,100_0010_0005.JPG,5971,5868,2368,2239,0.9455236486486487,381.5610088616224,0.625,0.625,0.8751117587089539,False,ok,0.12224569999671075
D2_111_nadir,rootsift-lightglue-r3200-k8192,rootsift,lightglue,3200,8192,34,100_0010_0003.JPG,100_0010_0006.JPG,5971,5883,1639,1527,0.9316656497864552,259.56144824069355,0.5,0.484375,0.9185830354690552,False,ok,0.11089320000610314
D2_111_nadir,rootsift-lightglue-r3200-k8192,rootsift,lightglue,3200,8192,35,100_0010_0003.JPG,100_0010_0007.JPG,5971,5915,838,754,0.8997613365155132,127.47252747252747,0.25,0.25,0.838676929473877,False,ok,0.1177740000130143
D2_111_nadir,rootsift-lightglue-r3200-k8192,rootsift,lightglue,3200,8192,36,100_0010_0003.JPG,100_0010_0008.JPG,5971,6020,12,9,0.75,1.5072852118573103,0.078125,0.09375,0.23271964490413666,True,ok,0.165168999999878
D2_111_nadir,rootsift-lightglue-r3200-k8192,rootsift,lightglue,3200,8192,37,100_0010_0003.JPG,100_0010_0009.JPG,5971,6048,15,10,0.6666666666666666,1.6747613465081226,0.0625,0.0625,0.24165526032447815,True,ok,0.17477929999586195
D2_111_nadir,rootsift-lightglue-r3200-k8192,rootsift,lightglue,3200,8192,38,100_0010_0003.JPG,100_0010_0010.JPG,5971,5933,12,8,0.6666666666666666,1.348390359008933,0.09375,0.09375,0.21803516149520874,True,ok,0.17337299999780953
D2_111_nadir,rootsift-lightglue-r3200-k8192,rootsift,lightglue,3200,8192,39,100_0010_0003.JPG,100_0010_0011.JPG,5971,5951,21,10,0.47619047619047616,1.6803898504453032,0.0625,0.078125,0.20362429320812225,True,ok,0.17439790000207722
D2_111_nadir,rootsift-lightglue-r3200-k8192,rootsift,lightglue,3200,8192,40,100_0010_0003.JPG,100_0010_0028.JPG,5971,5795,1359,1233,0.9072847682119205,212.76962899050906,0.375,0.375,0.8594310283660889,False,ok,0.10879310000746045
D2_111_nadir,rootsift-lightglue-r3200-k8192,rootsift,lightglue,3200,8192,41,100_0010_0003.JPG,100_0010_0029.JPG,5971,5908,1937,1776,0.9168817759421787,300.6093432633717,0.5625,0.5625,0.853961706161499,False,ok,0.11516059999121353
D2_111_nadir,rootsift-lightglue-r3200-k8192,rootsift,lightglue,3200,8192,42,100_0010_0003.JPG,100_0010_0030.JPG,5971,5885,2494,2356,0.9446672012830793,400.33984706881904,0.65625,0.65625,0.8827858567237854,False,ok,0.11466399999335408
D2_111_nadir,rootsift-lightglue-r3200-k8192,rootsift,lightglue,3200,8192,43,100_0010_0003.JPG,100_0010_0031.JPG,5971,5851,2426,2283,0.9410552349546579,390.1897111604854,0.75,0.71875,0.8603625297546387,False,ok,0.12176029999682214
D2_111_nadir,rootsift-lightglue-r3200-k8192,rootsift,lightglue,3200,8192,44,100_0010_0003.JPG,100_0010_0032.JPG,5971,5886,1840,1646,0.8945652173913043,279.6466190961604,0.5625,0.5625,0.871676504611969,False,ok,0.12378799999714829
D2_111_nadir,rootsift-lightglue-r3200-k8192,rootsift,lightglue,3200,8192,45,100_0010_0003.JPG,100_0010_0033.JPG,5971,5987,1329,1139,0.8570353649360422,190.75531736727515,0.421875,0.4375,0.8614208698272705,False,ok,0.11247019999427721
D2_111_nadir,rootsift-lightglue-r3200-k8192,rootsift,lightglue,3200,8192,46,100_0010_0003.JPG,100_0010_0034.JPG,5971,5996,1324,1137,0.8587613293051359,190.42036509797353,0.40625,0.421875,0.8632508516311646,False,ok,0.12095350000890903
D2_111_nadir,rootsift-lightglue-r3200-k8192,rootsift,lightglue,3200,8192,47,100_0010_0004.JPG,100_0010_0005.JPG,5877,5868,3538,3442,0.9728660260033918,586.5712338104976,0.875,0.859375,0.9066575169563293,False,ok,0.13457770000968594
D2_111_nadir,rootsift-lightglue-r3200-k8192,rootsift,lightglue,3200,8192,48,100_0010_0004.JPG,100_0010_0006.JPG,5877,5883,2607,2507,0.9616417337936325,426.57818614939595,0.609375,0.609375,0.8952356576919556,False,ok,0.12391629999910947
D2_111_nadir,rootsift-lightglue-r3200-k8192,rootsift,lightglue,3200,8192,49,100_0010_0004.JPG,100_0010_0007.JPG,5877,5915,1731,1601,0.9248989023685731,272.41790028926323,0.484375,0.46875,0.8963418006896973,False,ok,0.1169417000055546
D2_111_nadir,rootsift-lightglue-r3200-k8192,rootsift,lightglue,3200,8192,50,100_0010_0004.JPG,100_0010_0008.JPG,5877,6020,842,736,0.8741092636579573,125.23396290624468,0.25,0.25,0.850143551826477,False,ok,0.12346160000015516
D2_111_nadir,rootsift-lightglue-r3200-k8192,rootsift,lightglue,3200,8192,51,100_0010_0004.JPG,100_0010_0009.JPG,5877,6048,7,0,0.0,0.0,0.0,0.0,0.15311454236507416,True,too_few_matches,0.16488390001177322
D2_111_nadir,rootsift-lightglue-r3200-k8192,rootsift,lightglue,3200,8192,52,100_0010_0004.JPG,100_0010_0010.JPG,5877,5933,10,7,0.7,1.1910838863365663,0.09375,0.109375,0.14538441598415375,True,ok,0.1500291999982437
D2_111_nadir,rootsift-lightglue-r3200-k8192,rootsift,lightglue,3200,8192,53,100_0010_0004.JPG,100_0010_0011.JPG,5877,5951,4,0,0.0,0.0,0.0,0.0,0.1941836029291153,True,too_few_matches,0.1434949999966193
D2_111_nadir,rootsift-lightglue-r3200-k8192,rootsift,lightglue,3200,8192,54,100_0010_0004.JPG,100_0010_0012.JPG,5877,5875,3,0,0.0,0.0,0.0,0.0,0.24642162024974823,True,too_few_matches,0.16124700001091696
D2_111_nadir,rootsift-lightglue-r3200-k8192,rootsift,lightglue,3200,8192,55,100_0010_0004.JPG,100_0010_0027.JPG,5877,5807,1517,1407,0.9274884640738299,242.2937833649044,0.375,0.375,0.8727949857711792,False,ok,0.12421829999948386
D2_111_nadir,rootsift-lightglue-r3200-k8192,rootsift,lightglue,3200,8192,56,100_0010_0004.JPG,100_0010_0028.JPG,5877,5795,2060,1923,0.933495145631068,331.8377911993098,0.5625,0.5625,0.8831185698509216,False,ok,0.11183829999936279
D2_111_nadir,rootsift-lightglue-r3200-k8192,rootsift,lightglue,3200,8192,57,100_0010_0004.JPG,100_0010_0029.JPG,5877,5908,2591,2470,0.953299884214589,420.28245703590267,0.65625,0.65625,0.8798624873161316,False,ok,0.13269420000142418
D2_111_nadir,rootsift-lightglue-r3200-k8192,rootsift,lightglue,3200,8192,58,100_0010_0004.JPG,100_0010_0030.JPG,5877,5885,2847,2732,0.9596066034422199,464.8630253530713,0.75,0.75,0.8880136013031006,False,ok,0.12380630000552628
D2_111_nadir,rootsift-lightglue-r3200-k8192,rootsift,lightglue,3200,8192,59,100_0010_0004.JPG,100_0010_0031.JPG,5877,5851,2002,1850,0.9240759240759241,316.18526747564516,0.5625,0.5625,0.8635423183441162,False,ok,0.10642309999093413
D2_111_nadir,rootsift-lightglue-r3200-k8192,rootsift,lightglue,3200,8192,60,100_0010_0004.JPG,100_0010_0032.JPG,5877,5886,1389,1233,0.8876889848812095,209.80091883614088,0.46875,0.46875,0.8833541870117188,False,ok,0.11280860000988469
D2_111_nadir,rootsift-lightglue-r3200-k8192,rootsift,lightglue,3200,8192,61,100_0010_0005.JPG,100_0010_0006.JPG,5868,5883,3564,3504,0.9831649831649831,597.1370143149285,0.875,0.859375,0.911902129650116,False,ok,0.12795490000280552
D2_111_nadir,rootsift-lightglue-r3200-k8192,rootsift,lightglue,3200,8192,62,100_0010_0005.JPG,100_0010_0007.JPG,5868,5915,2475,2364,0.9551515151515152,402.8629856850716,0.625,0.609375,0.888141393661499,False,ok,0.11819520000426564
D2_111_nadir,rootsift-lightglue-r3200-k8192,rootsift,lightglue,3200,8192,63,100_0010_0005.JPG,100_0010_0008.JPG,5868,6020,1531,1416,0.9248856956237753,241.30879345603273,0.484375,0.453125,0.8675145506858826,False,ok,0.11152359998959582
D2_111_nadir,rootsift-lightglue-r3200-k8192,rootsift,lightglue,3200,8192,64,100_0010_0005.JPG,100_0010_0009.JPG,5868,6048,631,546,0.8652931854199684,93.04703476482618,0.25,0.234375,0.8670042753219604,False,ok,0.11664120000205003
D2_111_nadir,rootsift-lightglue-r3200-k8192,rootsift,lightglue,3200,8192,65,100_0010_0005.JPG,100_0010_0010.JPG,5868,5933,14,10,0.7142857142857143,1.7041581458759374,0.109375,0.109375,0.18177543580532074,True,ok,0.16425810000509955
D2_111_nadir,rootsift-lightglue-r3200-k8192,rootsift,lightglue,3200,8192,66,100_0010_0005.JPG,100_0010_0011.JPG,5868,5951,10,7,0.7,1.1929107021131562,0.09375,0.109375,0.16903787851333618,True,ok,0.1503384000097867
D2_111_nadir,rootsift-lightglue-r3200-k8192,rootsift,lightglue,3200,8192,67,100_0010_0005.JPG,100_0010_0012.JPG,5868,5875,12,8,0.6666666666666666,1.3633265167007498,0.109375,0.109375,0.17232351005077362,True,ok,0.14002969999273773
D2_111_nadir,rootsift-lightglue-r3200-k8192,rootsift,lightglue,3200,8192,68,100_0010_0005.JPG,100_0010_0013.JPG,5868,5795,7,0,0.0,0.0,0.0,0.0,0.2505245804786682,True,too_few_matches,0.13550100001157261
D2_111_nadir,rootsift-lightglue-r3200-k8192,rootsift,lightglue,3200,8192,69,100_0010_0005.JPG,100_0010_0026.JPG,5868,5765,1518,1384,0.9117259552042161,240.06938421509108,0.375,0.375,0.8642578721046448,False,ok,0.11221330000262242
D2_111_nadir,rootsift-lightglue-r3200-k8192,rootsift,lightglue,3200,8192,70,100_0010_0005.JPG,100_0010_0027.JPG,5868,5807,2130,2023,0.9497652582159625,348.3726536938178,0.5625,0.5625,0.8927960991859436,False,ok,0.10168479999992996
D2_111_nadir,rootsift-lightglue-r3200-k8192,rootsift,lightglue,3200,8192,71,100_0010_0005.JPG,100_0010_0028.JPG,5868,5795,2667,2569,0.963254593175853,443.3132010353753,0.65625,0.65625,0.8974900245666504,False,ok,0.13015300000552088
D2_111_nadir,rootsift-lightglue-r3200-k8192,rootsift,lightglue,3200,8192,72,100_0010_0005.JPG,100_0010_0029.JPG,5868,5908,2884,2756,0.955617198335645,469.6659850034083,0.75,0.75,0.8817972540855408,False,ok,0.13291080000635702
D2_111_nadir,rootsift-lightglue-r3200-k8192,rootsift,lightglue,3200,8192,73,100_0010_0005.JPG,100_0010_0030.JPG,5868,5885,2199,2084,0.9477035015916325,355.14655760054535,0.59375,0.5625,0.8927677273750305,False,ok,0.11826419999124482
D2_111_nadir,rootsift-lightglue-r3200-k8192,rootsift,lightglue,3200,8192,74,100_0010_0005.JPG,100_0010_0031.JPG,5868,5851,1373,1223,0.8907501820830298,209.02409844471032,0.46875,0.46875,0.8889608383178711,False,ok,0.10967879999952856
D2_111_nadir,rootsift-lightglue-r3200-k8192,rootsift,lightglue,3200,8192,75,100_0010_0006.JPG,100_0010_0007.JPG,5883,5915,3455,3381,0.9785817655571636,574.706782253952,0.875,0.859375,0.908016562461853,False,ok,0.13934030001109932
D2_111_nadir,rootsift-lightglue-r3200-k8192,rootsift,lightglue,3200,8192,76,100_0010_0006.JPG,100_0010_0008.JPG,5883,6020,2368,2242,0.9467905405405406,381.09807921128674,0.625,0.59375,0.8844884037971497,False,ok,0.11897129999124445
D2_111_nadir,rootsift-lightglue-r3200-k8192,rootsift,lightglue,3200,8192,77,100_0010_0006.JPG,100_0010_0009.JPG,5883,6048,1359,1246,0.9168506254598969,211.7967023627401,0.484375,0.421875,0.873440146446228,False,ok,0.10150370000337716
D2_111_nadir,rootsift-lightglue-r3200-k8192,rootsift,lightglue,3200,8192,78,100_0010_0006.JPG,100_0010_0010.JPG,5883,5933,719,639,0.8887343532684284,108.61805201427843,0.21875,0.21875,0.8759648203849792,False,ok,0.12048990000039339
D2_111_nadir,rootsift-lightglue-r3200-k8192,rootsift,lightglue,3200,8192,79,100_0010_0006.JPG,100_0010_0011.JPG,5883,5951,15,11,0.7333333333333333,1.8697943226245113,0.140625,0.140625,0.2609010636806488,True,ok,0.16218499999376945
D2_111_nadir,rootsift-lightglue-r3200-k8192,rootsift,lightglue,3200,8192,80,100_0010_0006.JPG,100_0010_0012.JPG,5883,5875,18,9,0.5,1.5319148936170213,0.078125,0.109375,0.1907174289226532,True,ok,0.1417700000019977
D2_111_nadir,rootsift-lightglue-r3200-k8192,rootsift,lightglue,3200,8192,81,100_0010_0006.JPG,100_0010_0013.JPG,5883,5795,5,0,0.0,0.0,0.0,0.0,0.14831264317035675,True,too_few_matches,0.13708859999314882
D2_111_nadir,rootsift-lightglue-r3200-k8192,rootsift,lightglue,3200,8192,82,100_0010_0006.JPG,100_0010_0014.JPG,5883,5743,4,0,0.0,0.0,0.0,0.0,0.14901185035705566,True,too_few_matches,0.13995929999509826
D2_111_nadir,rootsift-lightglue-r3200-k8192,rootsift,lightglue,3200,8192,83,100_0010_0006.JPG,100_0010_0025.JPG,5883,5773,1421,1300,0.9148486980999296,225.18621167503898,0.375,0.375,0.8653787970542908,False,ok,0.11066039999423083
D2_111_nadir,rootsift-lightglue-r3200-k8192,rootsift,lightglue,3200,8192,84,100_0010_0006.JPG,100_0010_0026.JPG,5883,5765,2171,2066,0.9516351911561493,358.3694709453599,0.5625,0.5625,0.8834452033042908,False,ok,0.11363360000541434
D2_111_nadir,rootsift-lightglue-r3200-k8192,rootsift,lightglue,3200,8192,85,100_0010_0006.JPG,100_0010_0027.JPG,5883,5807,2745,2650,0.9653916211293261,456.3457895643189,0.65625,0.65625,0.8967617154121399,False,ok,0.12180590000934899
D2_111_nadir,rootsift-lightglue-r3200-k8192,rootsift,lightglue,3200,8192,86,100_0010_0006.JPG,100_0010_0028.JPG,5883,5795,2917,2811,0.9636612958519026,485.07333908541847,0.75,0.75,0.8955174088478088,False,ok,0.12838100000226405
D2_111_nadir,rootsift-lightglue-r3200-k8192,rootsift,lightglue,3200,8192,87,100_0010_0006.JPG,100_0010_0029.JPG,5883,5908,2252,2140,0.9502664298401421,363.75998640149584,0.5625,0.5625,0.8913281559944153,False,ok,0.11362629999348428
D2_111_nadir,rootsift-lightglue-r3200-k8192,rootsift,lightglue,3200,8192,88,100_0010_0006.JPG,100_0010_0030.JPG,5883,5885,1599,1483,0.9274546591619762,252.08227095019546,0.46875,0.46875,0.8877823948860168,False,ok,0.10123740001290571
D2_111_nadir,rootsift-lightglue-r3200-k8192,rootsift,lightglue,3200,8192,89,100_0010_0007.JPG,100_0010_0008.JPG,5915,6020,3305,3182,0.9627836611195159,537.9543533389688,0.859375,0.828125,0.8912972211837769,False,ok,0.14102930000808556
D2_111_nadir,rootsift-lightglue-r3200-k8192,rootsift,lightglue,3200,8192,90,100_0010_0007.JPG,100_0010_0009.JPG,5915,6048,2174,2004,0.921803127874885,338.79966187658493,0.59375,0.5625,0.8779618740081787,False,ok,0.11529520001204219
D2_111_nadir,rootsift-lightglue-r3200-k8192,rootsift,lightglue,3200,8192,91,100_0010_0007.JPG,100_0010_0010.JPG,5915,5933,1396,1229,0.8803724928366762,207.7768385460693,0.453125,0.4375,0.8824687004089355,False,ok,0.11107700000866316
D2_111_nadir,rootsift-lightglue-r3200-k8192,rootsift,lightglue,3200,8192,92,100_0010_0007.JPG,100_0010_0011.JPG,5915,5951,786,672,0.8549618320610687,113.6094674556213,0.203125,0.203125,0.8592019081115723,False,ok,0.09877769999729935
D2_111_nadir,rootsift-lightglue-r3200-k8192,rootsift,lightglue,3200,8192,93,100_0010_0007.JPG,100_0010_0012.JPG,5915,5875,35,21,0.6,3.574468085106383,0.109375,0.125,0.4327826499938965,False,ok,0.1613130000041565
D2_111_nadir,rootsift-lightglue-r3200-k8192,rootsift,lightglue,3200,8192,94,100_0010_0007.JPG,100_0010_0013.JPG,5915,5795,6,0,0.0,0.0,0.0,0.0,0.18482904136180878,True,too_few_matches,0.13337850000243634
D2_111_nadir,rootsift-lightglue-r3200-k8192,rootsift,lightglue,3200,8192,95,100_0010_0007.JPG,100_0010_0014.JPG,5915,5743,2,0,0.0,0.0,0.0,0.0,0.13270899653434753,True,too_few_matches,0.135587900003884
D2_111_nadir,rootsift-lightglue-r3200-k8192,rootsift,lightglue,3200,8192,96,100_0010_0007.JPG,100_0010_0015.JPG,5915,5648,2,0,0.0,0.0,0.0,0.0,0.19452281296253204,True,too_few_matches,0.13454999998793937
D2_111_nadir,rootsift-lightglue-r3200-k8192,rootsift,lightglue,3200,8192,97,100_0010_0007.JPG,100_0010_0024.JPG,5915,5708,1327,1182,0.8907309721175584,207.07778556412055,0.375,0.375,0.8948495984077454,False,ok,0.12315479999233503
D2_111_nadir,rootsift-lightglue-r3200-k8192,rootsift,lightglue,3200,8192,98,100_0010_0007.JPG,100_0010_0025.JPG,5915,5773,2002,1878,0.938061938061938,325.30746578901784,0.5625,0.5625,0.8808704018592834,False,ok,0.10380959999747574
D2_111_nadir,rootsift-lightglue-r3200-k8192,rootsift,lightglue,3200,8192,99,100_0010_0007.JPG,100_0010_0026.JPG,5915,5765,2651,2552,0.9626556016597511,442.67129228100606,0.65625,0.65625,0.8925796151161194,False,ok,0.12348190000921022
D2_111_nadir,rootsift-lightglue-r3200-k8192,rootsift,lightglue,3200,8192,100,100_0010_0007.JPG,100_0010_0027.JPG,5915,5807,2938,2805,0.9547311095983663,483.03771310487343,0.75,0.75,0.8861781358718872,False,ok,0.13645450001058634
D2_111_nadir,rootsift-lightglue-r3200-k8192,rootsift,lightglue,3200,8192,101,100_0010_0007.JPG,100_0010_0028.JPG,5915,5795,2332,2224,0.9536878216123499,383.77911993097496,0.640625,0.59375,0.886410653591156,False,ok,0.2189758000022266
D2_111_nadir,rootsift-lightglue-r3200-k8192,rootsift,lightglue,3200,8192,102,100_0010_0007.JPG,100_0010_0029.JPG,5915,5908,1674,1563,0.9336917562724014,264.55653351387946,0.46875,0.46875,0.8880352973937988,False,ok,0.17683759999636095
D2_111_nadir,rootsift-lightglue-r3200-k8192,rootsift,lightglue,3200,8192,103,100_0010_0008.JPG,100_0010_0009.JPG,6020,6048,3194,3099,0.9702567313713212,514.7840531561462,0.84375,0.828125,0.8738365769386292,False,ok,0.24257580000266898
D2_111_nadir,rootsift-lightglue-r3200-k8192,rootsift,lightglue,3200,8192,104,100_0010_0008.JPG,100_0010_0010.JPG,6020,5933,2132,1942,0.9108818011257036,327.3217596494185,0.578125,0.5625,0.9000529646873474,False,ok,0.23642240000481252
D2_111_nadir,rootsift-lightglue-r3200-k8192,rootsift,lightglue,3200,8192,105,100_0010_0008.JPG,100_0010_0011.JPG,6020,5951,1347,1243,0.9227913882702301,208.87245841035121,0.40625,0.40625,0.8687697649002075,False,ok,0.17849690000002738
D2_111_nadir,rootsift-lightglue-r3200-k8192,rootsift,lightglue,3200,8192,106,100_0010_0008.JPG,100_0010_0012.JPG,6020,5875,624,573,0.9182692307692307,97.53191489361703,0.1875,0.1875,0.8476498126983643,False,ok,0.19086509999760892
D2_111_nadir,rootsift-lightglue-r3200-k8192,rootsift,lightglue,3200,8192,107,100_0010_0008.JPG,100_0010_0013.JPG,6020,5795,21,11,0.5238095238095238,1.8981880931837791,0.109375,0.09375,0.3183131217956543,True,ok,0.25641230000474025
D2_111_nadir,rootsift-lightglue-r3200-k8192,rootsift,lightglue,3200,8192,108,100_0010_0008.JPG,100_0010_0014.JPG,6020,5743,3,0,0.0,0.0,0.0,0.0,0.3959033787250519,True,too_few_matches,0.24007889999484178
D2_111_nadir,rootsift-lightglue-r3200-k8192,rootsift,lightglue,3200,8192,109,100_0010_0008.JPG,100_0010_0015.JPG,6020,5648,6,0,0.0,0.0,0.0,0.0,0.1868695765733719,True,too_few_matches,0.23628090000420343
D2_111_nadir,rootsift-lightglue-r3200-k8192,rootsift,lightglue,3200,8192,110,100_0010_0008.JPG,100_0010_0016.JPG,6020,5709,10,9,0.9,1.5764582238570677,0.09375,0.09375,0.2246926724910736,True,ok,0.23611610000079963
D2_111_nadir,rootsift-lightglue-r3200-k8192,rootsift,lightglue,3200,8192,111,100_0010_0008.JPG,100_0010_0023.JPG,6020,5804,1305,1205,0.9233716475095786,207.61543762922122,0.375,0.375,0.8631948232650757,False,ok,0.20990819999133237
D2_111_nadir,rootsift-lightglue-r3200-k8192,rootsift,lightglue,3200,8192,112,100_0010_0008.JPG,100_0010_0024.JPG,6020,5708,1826,1720,0.9419496166484118,301.3314646110722,0.5625,0.5625,0.8850371837615967,False,ok,0.1919903000089107
D2_111_nadir,rootsift-lightglue-r3200-k8192,rootsift,lightglue,3200,8192,113,100_0010_0008.JPG,100_0010_0025.JPG,6020,5773,2535,2454,0.9680473372781065,425.08227957734283,0.65625,0.65625,0.8975350260734558,False,ok,0.21114819998911116
D2_111_nadir,rootsift-lightglue-r3200-k8192,rootsift,lightglue,3200,8192,114,100_0010_0008.JPG,100_0010_0026.JPG,6020,5765,2914,2777,0.9529855868222374,481.69991326973116,0.75,0.75,0.8873576521873474,False,ok,0.2556053000007523
D2_111_nadir,rootsift-lightglue-r3200-k8192,rootsift,lightglue,3200,8192,115,100_0010_0008.JPG,100_0010_0027.JPG,6020,5807,2343,2234,0.953478446436193,384.70811090063717,0.65625,0.640625,0.8765042424201965,False,ok,0.2146558999957051
D2_111_nadir,rootsift-lightglue-r3200-k8192,rootsift,lightglue,3200,8192,116,100_0010_0008.JPG,100_0010_0028.JPG,6020,5795,1754,1626,0.927023945267959,280.58671268334774,0.46875,0.46875,0.8649126887321472,False,ok,0.1526713000057498
D2_111_nadir,rootsift-lightglue-r3200-k8192,rootsift,lightglue,3200,8192,117,100_0010_0009.JPG,100_0010_0010.JPG,6048,5933,3326,3170,0.9530968129885748,534.2996797572897,0.84375,0.828125,0.8839061260223389,False,ok,0.2179111000004923
D2_111_nadir,rootsift-lightglue-r3200-k8192,rootsift,lightglue,3200,8192,118,100_0010_0009.JPG,100_0010_0011.JPG,6048,5951,2253,2136,0.948069241011984,358.9312720551168,0.59375,0.609375,0.880682110786438,False,ok,0.163749999992433
D2_111_nadir,rootsift-lightglue-r3200-k8192,rootsift,lightglue,3200,8192,119,100_0010_0009.JPG,100_0010_0012.JPG,6048,5875,1411,1309,0.927710843373494,222.80851063829786,0.453125,0.421875,0.8707597851753235,False,ok,0.14542460000666324
D2_111_nadir,rootsift-lightglue-r3200-k8192,rootsift,lightglue,3200,8192,120,100_0010_0009.JPG,100_0010_0013.JPG,6048,5795,811,724,0.8927250308261405,124.93528904227783,0.25,0.25,0.8558009266853333,False,ok,0.13646489998791367
D2_111_nadir,rootsift-lightglue-r3200-k8192,rootsift,lightglue,3200,8192,121,100_0010_0009.JPG,100_0010_0014.JPG,6048,5743,41,24,0.5853658536585366,4.179000522375065,0.15625,0.125,0.3758202791213989,False,ok,0.25104680001095403
D2_111_nadir,rootsift-lightglue-r3200-k8192,rootsift,lightglue,3200,8192,122,100_0010_0009.JPG,100_0010_0015.JPG,6048,5648,5,0,0.0,0.0,0.0,0.0,0.17283537983894348,True,too_few_matches,0.17115480000211392
D2_111_nadir,rootsift-lightglue-r3200-k8192,rootsift,lightglue,3200,8192,123,100_0010_0009.JPG,100_0010_0016.JPG,6048,5709,5,0,0.0,0.0,0.0,0.0,0.13536414504051208,True,too_few_matches,0.24803630000678822
D2_111_nadir,rootsift-lightglue-r3200-k8192,rootsift,lightglue,3200,8192,124,100_0010_0009.JPG,100_0010_0017.JPG,6048,5674,9,8,0.8888888888888888,1.4099400775467044,0.09375,0.078125,0.1738610863685608,True,ok,0.2376230000081705
D2_111_nadir,rootsift-lightglue-r3200-k8192,rootsift,lightglue,3200,8192,125,100_0010_0009.JPG,100_0010_0022.JPG,6048,5853,1512,1382,0.9140211640211641,236.118229967538,0.375,0.375,0.8581557273864746,False,ok,0.18548179999925196
D2_111_nadir,rootsift-lightglue-r3200-k8192,rootsift,lightglue,3200,8192,126,100_0010_0009.JPG,100_0010_0023.JPG,6048,5804,2008,1878,0.9352589641434262,323.56995175740866,0.546875,0.5625,0.8682358264923096,False,ok,0.19195870000112336
D2_111_nadir,rootsift-lightglue-r3200-k8192,rootsift,lightglue,3200,8192,127,100_0010_0009.JPG,100_0010_0024.JPG,6048,5708,2538,2376,0.9361702127659575,416.25788367203927,0.65625,0.65625,0.9085621237754822,False,ok,0.24160249999840744
D2_111_nadir,rootsift-lightglue-r3200-k8192,rootsift,lightglue,3200,8192,128,100_0010_0009.JPG,100_0010_0025.JPG,6048,5773,2900,2695,0.9293103448275862,466.8283388186385,0.75,0.75,0.9122176170349121,False,ok,0.28585410000232514
D2_111_nadir,rootsift-lightglue-r3200-k8192,rootsift,lightglue,3200,8192,129,100_0010_0009.JPG,100_0010_0026.JPG,6048,5765,2203,2085,0.9464366772582842,361.6652211621856,0.640625,0.65625,0.8857308626174927,False,ok,0.2080569999961881
D2_111_nadir,rootsift-lightglue-r3200-k8192,rootsift,lightglue,3200,8192,130,100_0010_0009.JPG,100_0010_0027.JPG,6048,5807,1629,1512,0.9281767955801105,260.375408989151,0.46875,0.46875,0.8727171421051025,False,ok,0.18374490000132937
D2_111_nadir,rootsift-lightglue-r3200-k8192,rootsift,lightglue,3200,8192,131,100_0010_0010.JPG,100_0010_0011.JPG,5933,5951,3425,3325,0.9708029197080292,560.4247429630879,0.859375,0.875,0.8818967342376709,False,ok,0.2105437999998685
D2_111_nadir,rootsift-lightglue-r3200-k8192,rootsift,lightglue,3200,8192,132,100_0010_0010.JPG,100_0010_0012.JPG,5933,5875,2412,2304,0.9552238805970149,392.17021276595744,0.59375,0.59375,0.8859652876853943,False,ok,0.1594475999881979
D2_111_nadir,rootsift-lightglue-r3200-k8192,rootsift,lightglue,3200,8192,133,100_0010_0010.JPG,100_0010_0013.JPG,5933,5795,1700,1593,0.9370588235294117,274.8921484037964,0.5,0.5,0.8587074875831604,False,ok,0.13623509999888483
D2_111_nadir,rootsift-lightglue-r3200-k8192,rootsift,lightglue,3200,8192,134,100_0010_0010.JPG,100_0010_0014.JPG,5933,5743,934,868,0.9293361884368309,151.14051889256487,0.25,0.25,0.8634544610977173,False,ok,0.14635500000440516
D2_111_nadir,rootsift-lightglue-r3200-k8192,rootsift,lightglue,3200,8192,135,100_0010_0010.JPG,100_0010_0015.JPG,5933,5648,13,13,1.0,2.301699716713881,0.078125,0.078125,0.4982451796531677,True,ok,0.1691737000073772
D2_111_nadir,rootsift-lightglue-r3200-k8192,rootsift,lightglue,3200,8192,136,100_0010_0010.JPG,100_0010_0016.JPG,5933,5709,5,0,0.0,0.0,0.0,0.0,0.21876096725463867,True,too_few_matches,0.18007820000639185
D2_111_nadir,rootsift-lightglue-r3200-k8192,rootsift,lightglue,3200,8192,137,100_0010_0010.JPG,100_0010_0017.JPG,5933,5674,7,0,0.0,0.0,0.0,0.0,0.15705116093158722,True,too_few_matches,0.17117630000575446
D2_111_nadir,rootsift-lightglue-r3200-k8192,rootsift,lightglue,3200,8192,138,100_0010_0010.JPG,100_0010_0018.JPG,5933,5682,2,0,0.0,0.0,0.0,0.0,0.23394450545310974,True,too_few_matches,0.1970690000016475
D2_111_nadir,rootsift-lightglue-r3200-k8192,rootsift,lightglue,3200,8192,139,100_0010_0010.JPG,100_0010_0021.JPG,5933,5751,1569,1430,0.911408540471638,248.65240827682143,0.375,0.375,0.8915342688560486,False,ok,0.1908747000125004
D2_111_nadir,rootsift-lightglue-r3200-k8192,rootsift,lightglue,3200,8192,140,100_0010_0010.JPG,100_0010_0022.JPG,5933,5853,2192,2078,0.947992700729927,355.03160772253545,0.546875,0.5625,0.8768346309661865,False,ok,0.19054270000196993
D2_111_nadir,rootsift-lightglue-r3200-k8192,rootsift,lightglue,3200,8192,141,100_0010_0010.JPG,100_0010_0023.JPG,5933,5804,2608,2500,0.9585889570552147,430.73742246726397,0.65625,0.65625,0.8865028619766235,False,ok,0.2111626999976579
D2_111_nadir,rootsift-lightglue-r3200-k8192,rootsift,lightglue,3200,8192,142,100_0010_0010.JPG,100_0010_0024.JPG,5933,5708,2774,2663,0.9599855803893295,466.53819201121235,0.75,0.75,0.8793707489967346,False,ok,0.21014060000015888
D2_111_nadir,rootsift-lightglue-r3200-k8192,rootsift,lightglue,3200,8192,143,100_0010_0010.JPG,100_0010_0025.JPG,5933,5773,2119,2017,0.951864086833412,349.3850684219643,0.65625,0.640625,0.8895230293273926,False,ok,0.20156840000709053
D2_111_nadir,rootsift-lightglue-r3200-k8192,rootsift,lightglue,3200,8192,144,100_0010_0010.JPG,100_0010_0026.JPG,5933,5765,1559,1463,0.9384220654265555,253.77276669557676,0.46875,0.46875,0.8787075281143188,False,ok,0.19151940000301693
D2_111_nadir,rootsift-lightglue-r3200-k8192,rootsift,lightglue,3200,8192,145,100_0010_0011.JPG,100_0010_0012.JPG,5951,5875,3142,3038,0.9669000636537237,517.1063829787234,0.84375,0.796875,0.8830241560935974,False,ok,0.16857620001246687
D2_111_nadir,rootsift-lightglue-r3200-k8192,rootsift,lightglue,3200,8192,146,100_0010_0011.JPG,100_0010_0013.JPG,5951,5795,2099,1961,0.9342544068604097,338.39516824849005,0.625,0.625,0.8680087327957153,False,ok,0.13617800000065472
D2_111_nadir,rootsift-lightglue-r3200-k8192,rootsift,lightglue,3200,8192,147,100_0010_0011.JPG,100_0010_0014.JPG,5951,5743,1197,1090,0.910609857978279,189.79627372453422,0.46875,0.390625,0.8787389993667603,False,ok,0.12810210000316147
D2_111_nadir,rootsift-lightglue-r3200-k8192,rootsift,lightglue,3200,8192,148,100_0010_0011.JPG,100_0010_0015.JPG,5951,5648,340,281,0.8264705882352941,49.75212464589235,0.265625,0.25,0.7229224443435669,False,ok,0.19208870000147726
D2_111_nadir,rootsift-lightglue-r3200-k8192,rootsift,lightglue,3200,8192,149,100_0010_0011.JPG,100_0010_0016.JPG,5951,5709,77,66,0.8571428571428571,11.560693641618498,0.140625,0.203125,0.4927594065666199,False,ok,0.26429569999163505
D2_111_nadir,rootsift-lightglue-r3200-k8192,rootsift,lightglue,3200,8192,150,100_0010_0011.JPG,100_0010_0017.JPG,5951,5674,218,172,0.7889908256880734,30.313711667254143,0.21875,0.21875,0.5509137511253357,False,ok,0.3158593000116525
D2_111_nadir,rootsift-lightglue-r3200-k8192,rootsift,lightglue,3200,8192,151,100_0010_0011.JPG,100_0010_0018.JPG,5951,5682,250,197,0.788,34.67089053150299,0.203125,0.1875,0.6545276045799255,False,ok,0.25997800000186544
D2_111_nadir,rootsift-lightglue-r3200-k8192,rootsift,lightglue,3200,8192,152,100_0010_0011.JPG,100_0010_0019.JPG,5951,5666,268,218,0.8134328358208955,38.47511471937875,0.1875,0.1875,0.6676945686340332,False,ok,0.2518442000000505
D2_111_nadir,rootsift-lightglue-r3200-k8192,rootsift,lightglue,3200,8192,153,100_0010_0011.JPG,100_0010_0020.JPG,5951,5708,1178,1043,0.8853989813242784,182.72599859845832,0.375,0.359375,0.8737332820892334,False,ok,0.19073250000656117
D2_111_nadir,rootsift-lightglue-r3200-k8192,rootsift,lightglue,3200,8192,154,100_0010_0011.JPG,100_0010_0021.JPG,5951,5751,1816,1695,0.9333700440528634,294.73135106937923,0.5625,0.484375,0.866172730922699,False,ok,0.12294700001075398
D2_111_nadir,rootsift-lightglue-r3200-k8192,rootsift,lightglue,3200,8192,155,100_0010_0011.JPG,100_0010_0022.JPG,5951,5853,2569,2454,0.9552355001946282,419.2721681189134,0.65625,0.65625,0.885723352432251,False,ok,0.15020459999504965
D2_111_nadir,rootsift-lightglue-r3200-k8192,rootsift,lightglue,3200,8192,156,100_0010_0011.JPG,100_0010_0023.JPG,5951,5804,2790,2686,0.9627240143369176,462.7842866988284,0.75,0.75,0.8889412879943848,False,ok,0.17800070000521373
D2_111_nadir,rootsift-lightglue-r3200-k8192,rootsift,lightglue,3200,8192,157,100_0010_0011.JPG,100_0010_0024.JPG,5951,5708,2270,2148,0.9462555066079296,376.31394533987384,0.65625,0.65625,0.8800459504127502,False,ok,0.15039840000099503
D2_111_nadir,rootsift-lightglue-r3200-k8192,rootsift,lightglue,3200,8192,158,100_0010_0011.JPG,100_0010_0025.JPG,5951,5773,1609,1496,0.9297700435052828,259.1373635891218,0.46875,0.46875,0.8731592297554016,False,ok,0.13487259999965318
D2_111_nadir,rootsift-lightglue-r3200-k8192,rootsift,lightglue,3200,8192,159,100_0010_0012.JPG,100_0010_0013.JPG,5875,5795,3103,3008,0.9693844666451821,519.0681622088007,0.875,0.875,0.8926467299461365,False,ok,0.22875300000305288
D2_111_nadir,rootsift-lightglue-r3200-k8192,rootsift,lightglue,3200,8192,160,100_0010_0012.JPG,100_0010_0014.JPG,5875,5743,2059,1951,0.9475473530840214,339.7179174647397,0.625,0.625,0.8800943493843079,False,ok,0.19292940000013914
D2_111_nadir,rootsift-lightglue-r3200-k8192,rootsift,lightglue,3200,8192,161,100_0010_0012.JPG,100_0010_0015.JPG,5875,5648,1151,1002,0.8705473501303215,177.40793201133144,0.5,0.5,0.8719235062599182,False,ok,0.17261020001024008
D2_111_nadir,rootsift-lightglue-r3200-k8192,rootsift,lightglue,3200,8192,162,100_0010_0012.JPG,100_0010_0016.JPG,5875,5709,1001,885,0.8841158841158842,155.01839201261166,0.421875,0.5,0.8721878528594971,False,ok,0.1287014999979874
D2_111_nadir,rootsift-lightglue-r3200-k8192,rootsift,lightglue,3200,8192,163,100_0010_0012.JPG,100_0010_0017.JPG,5875,5674,978,865,0.8844580777096115,152.4497708847374,0.4375,0.4375,0.8784299492835999,False,ok,0.13168820001010317
D2_111_nadir,rootsift-lightglue-r3200-k8192,rootsift,lightglue,3200,8192,164,100_0010_0012.JPG,100_0010_0018.JPG,5875,5682,936,808,0.8632478632478633,142.20344948961633,0.375,0.375,0.8627266883850098,False,ok,0.12903839998762123
D2_111_nadir,rootsift-lightglue-r3200-k8192,rootsift,lightglue,3200,8192,165,100_0010_0012.JPG,100_0010_0019.JPG,5875,5666,944,811,0.8591101694915254,143.1344864101659,0.375,0.375,0.8621023297309875,False,ok,0.13558309999643825
D2_111_nadir,rootsift-lightglue-r3200-k8192,rootsift,lightglue,3200,8192,166,100_0010_0012.JPG,100_0010_0020.JPG,5875,5708,1821,1709,0.9384953322350357,299.4043447792572,0.53125,0.5625,0.8587077260017395,False,ok,0.1226916000014171
D2_111_nadir,rootsift-lightglue-r3200-k8192,rootsift,lightglue,3200,8192,167,100_0010_0012.JPG,100_0010_0021.JPG,5875,5751,2459,2338,0.950793005286702,406.5379933924535,0.65625,0.65625,0.8737559914588928,False,ok,0.15342279999458697
D2_111_nadir,rootsift-lightglue-r3200-k8192,rootsift,lightglue,3200,8192,168,100_0010_0012.JPG,100_0010_0022.JPG,5875,5853,2803,2698,0.9625401355690332,460.96019135486074,0.75,0.75,0.8867151737213135,False,ok,0.16479339999204967
D2_111_nadir,rootsift-lightglue-r3200-k8192,rootsift,lightglue,3200,8192,169,100_0010_0012.JPG,100_0010_0023.JPG,5875,5804,2095,1977,0.9436754176610979,340.62715368711235,0.5625,0.65625,0.8823215961456299,False,ok,0.1429711000091629
D2_111_nadir,rootsift-lightglue-r3200-k8192,rootsift,lightglue,3200,8192,170,100_0010_0012.JPG,100_0010_0024.JPG,5875,5708,1633,1523,0.9326393141457441,266.8185003503854,0.453125,0.46875,0.8667742609977722,False,ok,0.1345978000026662
D2_111_nadir,rootsift-lightglue-r3200-k8192,rootsift,lightglue,3200,8192,171,100_0010_0013.JPG,100_0010_0014.JPG,5795,5743,3381,3311,0.979296066252588,576.5279470659934,0.859375,0.875,0.8966386318206787,False,ok,0.16746449998754542
D2_111_nadir,rootsift-lightglue-r3200-k8192,rootsift,lightglue,3200,8192,172,100_0010_0013.JPG,100_0010_0015.JPG,5795,5648,2338,2228,0.9529512403763901,394.4759206798867,0.609375,0.625,0.8997358679771423,False,ok,0.13885859999572858
D2_111_nadir,rootsift-lightglue-r3200-k8192,rootsift,lightglue,3200,8192,173,100_0010_0013.JPG,100_0010_0016.JPG,5795,5709,2185,2100,0.9610983981693364,367.8402522333158,0.5625,0.625,0.9076477289199829,False,ok,0.12952020000375342
D2_111_nadir,rootsift-lightglue-r3200-k8192,rootsift,lightglue,3200,8192,174,100_0010_0013.JPG,100_0010_0017.JPG,5795,5674,1923,1834,0.9537181487259491,323.22876277758195,0.53125,0.546875,0.9049888253211975,False,ok,0.1303180999966571
D2_111_nadir,rootsift-lightglue-r3200-k8192,rootsift,lightglue,3200,8192,175,100_0010_0013.JPG,100_0010_0018.JPG,5795,5682,1690,1603,0.9485207100591716,282.1189721928898,0.46875,0.46875,0.9017581939697266,False,ok,0.11665039999934379
D2_111_nadir,rootsift-lightglue-r3200-k8192,rootsift,lightglue,3200,8192,176,100_0010_0013.JPG,100_0010_0019.JPG,5795,5666,1680,1591,0.9470238095238095,280.7977409106954,0.546875,0.53125,0.900115966796875,False,ok,0.1309029000112787
D2_111_nadir,rootsift-lightglue-r3200-k8192,rootsift,lightglue,3200,8192,177,100_0010_0013.JPG,100_0010_0020.JPG,5795,5708,2576,2500,0.9704968944099379,437.98177995795373,0.65625,0.65625,0.8926967978477478,False,ok,0.14746290000039153
D2_111_nadir,rootsift-lightglue-r3200-k8192,rootsift,lightglue,3200,8192,178,100_0010_0013.JPG,100_0010_0021.JPG,5795,5751,2973,2882,0.9693911873528422,501.1302382194401,0.75,0.75,0.8843085765838623,False,ok,0.19994980000774376
D2_111_nadir,rootsift-lightglue-r3200-k8192,rootsift,lightglue,3200,8192,179,100_0010_0013.JPG,100_0010_0022.JPG,5795,5853,2105,1990,0.9453681710213777,343.39948231233825,0.65625,0.640625,0.8794641494750977,False,ok,0.18559860000095796
D2_111_nadir,rootsift-lightglue-r3200-k8192,rootsift,lightglue,3200,8192,180,100_0010_0014.JPG,100_0010_0015.JPG,5743,5648,3432,3375,0.9833916083916084,597.556657223796,0.875,0.875,0.9157890677452087,False,ok,0.2108643999963533
D2_111_nadir,rootsift-lightglue-r3200-k8192,rootsift,lightglue,3200,8192,181,100_0010_0014.JPG,100_0010_0016.JPG,5743,5709,3304,3236,0.9794188861985472,566.8243124890523,0.828125,0.875,0.9181321859359741,False,ok,0.152105200002552
D2_111_nadir,rootsift-lightglue-r3200-k8192,rootsift,lightglue,3200,8192,182,100_0010_0014.JPG,100_0010_0017.JPG,5743,5674,2847,2789,0.9796276782578153,491.54035953471976,0.765625,0.765625,0.9213805198669434,False,ok,0.11572100000921637
D2_111_nadir,rootsift-lightglue-r3200-k8192,rootsift,lightglue,3200,8192,183,100_0010_0014.JPG,100_0010_0018.JPG,5743,5682,2411,2338,0.9697221070095396,411.4748328053502,0.65625,0.65625,0.9132635593414307,False,ok,0.11813979998987634
D2_111_nadir,rootsift-lightglue-r3200-k8192,rootsift,lightglue,3200,8192,184,100_0010_0014.JPG,100_0010_0019.JPG,5743,5666,2386,2309,0.9677284157585918,407.518531591952,0.65625,0.65625,0.913803219795227,False,ok,0.12409219999972265
D2_111_nadir,rootsift-lightglue-r3200-k8192,rootsift,lightglue,3200,8192,185,100_0010_0014.JPG,100_0010_0020.JPG,5743,5708,2936,2855,0.9724114441416893,500.1751927119832,0.75,0.75,0.897333025932312,False,ok,0.12492519999796059
D2_111_nadir,rootsift-lightglue-r3200-k8192,rootsift,lightglue,3200,8192,186,100_0010_0014.JPG,100_0010_0021.JPG,5743,5751,2192,2110,0.9625912408759124,367.40379592547447,0.65625,0.65625,0.897417426109314,False,ok,0.11127120000310242
D2_111_nadir,rootsift-lightglue-r3200-k8192,rootsift,lightglue,3200,8192,187,100_0010_0014.JPG,100_0010_0022.JPG,5743,5853,1379,1262,0.9151559100797679,219.74577746822217,0.46875,0.46875,0.8623473644256592,False,ok,0.11109500000020489
D2_111_nadir,rootsift-lightglue-r3200-k8192,rootsift,lightglue,3200,8192,188,100_0010_0014.JPG,100_0010_0023.JPG,5743,5804,807,718,0.8897149938042132,125.0217656277207,0.28125,0.375,0.8820503354072571,False,ok,0.11290940000617411
D2_111_nadir,rootsift-lightglue-r3200-k8192,rootsift,lightglue,3200,8192,189,100_0010_0015.JPG,100_0010_0016.JPG,5648,5709,4385,4358,0.9938426453819841,771.600566572238,0.953125,1.0,0.8864979147911072,False,ok,0.12377289999858476
D2_111_nadir,rootsift-lightglue-r3200-k8192,rootsift,lightglue,3200,8192,190,100_0010_0015.JPG,100_0010_0017.JPG,5648,5674,3719,3671,0.9870933046517881,649.9645892351275,0.875,0.875,0.9143552780151367,False,ok,0.1178556000086246
D2_111_nadir,rootsift-lightglue-r3200-k8192,rootsift,lightglue,3200,8192,191,100_0010_0015.JPG,100_0010_0018.JPG,5648,5682,3067,2984,0.9729377241604173,528.328611898017,0.75,0.75,0.9118024110794067,False,ok,0.11388299999816809
D2_111_nadir,rootsift-lightglue-r3200-k8192,rootsift,lightglue,3200,8192,192,100_0010_0015.JPG,100_0010_0019.JPG,5648,5666,2969,2889,0.9730549006399462,511.5084985835694,0.75,0.734375,0.9142587184906006,False,ok,0.11410230000910815
D2_111_nadir,rootsift-lightglue-r3200-k8192,rootsift,lightglue,3200,8192,193,100_0010_0015.JPG,100_0010_0020.JPG,5648,5708,2218,2141,0.9652840396753832,379.0722379603399,0.65625,0.640625,0.9074628353118896,False,ok,0.10228259999712463
D2_111_nadir,rootsift-lightglue-r3200-k8192,rootsift,lightglue,3200,8192,194,100_0010_0015.JPG,100_0010_0021.JPG,5648,5751,1446,1359,0.9398340248962656,240.61614730878188,0.46875,0.46875,0.8967238068580627,False,ok,0.09836629999335855
D2_111_nadir,rootsift-lightglue-r3200-k8192,rootsift,lightglue,3200,8192,195,100_0010_0015.JPG,100_0010_0022.JPG,5648,5853,658,553,0.8404255319148937,97.91076487252124,0.375,0.328125,0.8343472480773926,False,ok,0.12592060001043137
D2_111_nadir,rootsift-lightglue-r3200-k8192,rootsift,lightglue,3200,8192,196,100_0010_0015.JPG,100_0010_0023.JPG,5648,5804,7,0,0.0,0.0,0.0,0.0,0.2103939950466156,True,too_few_matches,0.117636399998446
D2_111_nadir,rootsift-lightglue-r3200-k8192,rootsift,lightglue,3200,8192,197,100_0010_0015.JPG,100_0010_0051.JPG,5648,5711,1448,1352,0.9337016574585635,239.37677053824362,0.5,0.5,0.8984279036521912,False,ok,0.10650299998815171
D2_111_nadir,rootsift-lightglue-r3200-k8192,rootsift,lightglue,3200,8192,198,100_0010_0016.JPG,100_0010_0017.JPG,5709,5674,3737,3692,0.9879582552849879,650.687345787804,0.875,0.859375,0.9200689196586609,False,ok,0.12675389999640174
D2_111_nadir,rootsift-lightglue-r3200-k8192,rootsift,lightglue,3200,8192,199,100_0010_0016.JPG,100_0010_0018.JPG,5709,5682,3045,2974,0.9766830870279146,523.407250967969,0.734375,0.71875,0.9156434535980225,False,ok,0.11495439999271184
D2_111_nadir,rootsift-lightglue-r3200-k8192,rootsift,lightglue,3200,8192,200,100_0010_0016.JPG,100_0010_0019.JPG,5709,5666,2959,2882,0.9739776951672863,508.648076244264,0.75,0.703125,0.9159063696861267,False,ok,0.11179580001044087
D2_111_nadir,rootsift-lightglue-r3200-k8192,rootsift,lightglue,3200,8192,201,100_0010_0016.JPG,100_0010_0020.JPG,5709,5708,2167,2095,0.9667743424088602,367.02873160476526,0.640625,0.578125,0.9131572842597961,False,ok,0.09323690000746865
D2_111_nadir,rootsift-lightglue-r3200-k8192,rootsift,lightglue,3200,8192,202,100_0010_0016.JPG,100_0010_0021.JPG,5709,5751,1372,1298,0.9460641399416909,227.36030828516377,0.46875,0.421875,0.9114716053009033,False,ok,0.09827620000578463
D2_111_nadir,rootsift-lightglue-r3200-k8192,rootsift,lightglue,3200,8192,203,100_0010_0016.JPG,100_0010_0022.JPG,5709,5853,582,497,0.8539518900343642,87.05552636188474,0.28125,0.265625,0.8434050679206848,False,ok,0.13074609999603126
D2_111_nadir,rootsift-lightglue-r3200-k8192,rootsift,lightglue,3200,8192,204,100_0010_0016.JPG,100_0010_0023.JPG,5709,5804,6,0,0.0,0.0,0.0,0.0,0.21069036424160004,True,too_few_matches,0.12402000000292901
D2_111_nadir,rootsift-lightglue-r3200-k8192,rootsift,lightglue,3200,8192,205,100_0010_0016.JPG,100_0010_0024.JPG,5709,5708,12,8,0.6666666666666666,1.401541695865452,0.046875,0.0625,0.18915849924087524,True,ok,0.13497089999145828
D2_111_nadir,rootsift-lightglue-r3200-k8192,rootsift,lightglue,3200,8192,206,100_0010_0016.JPG,100_0010_0051.JPG,5709,5711,1451,1349,0.9297036526533425,236.29357155368717,0.5,0.484375,0.901375412940979,False,ok,0.10732100000313949
D2_111_nadir,rootsift-lightglue-r3200-k8192,rootsift,lightglue,3200,8192,207,100_0010_0017.JPG,100_0010_0018.JPG,5674,5682,3863,3821,0.9891276210199327,673.4226295382447,0.9375,0.921875,0.9208715558052063,False,ok,0.12293169999611564
D2_111_nadir,rootsift-lightglue-r3200-k8192,rootsift,lightglue,3200,8192,208,100_0010_0017.JPG,100_0010_0019.JPG,5674,5666,3749,3694,0.985329421178981,651.9590540063537,0.875,0.875,0.9186655282974243,False,ok,0.12471319999895059
D2_111_nadir,rootsift-lightglue-r3200-k8192,rootsift,lightglue,3200,8192,209,100_0010_0017.JPG,100_0010_0020.JPG,5674,5708,2626,2560,0.9748667174409749,451.18082481494537,0.765625,0.734375,0.9124059677124023,False,ok,0.1042851999955019
D2_111_nadir,rootsift-lightglue-r3200-k8192,rootsift,lightglue,3200,8192,210,100_0010_0017.JPG,100_0010_0021.JPG,5674,5751,1583,1495,0.9444093493367025,263.48255199154033,0.53125,0.546875,0.9086384177207947,False,ok,0.09546660000341944
D2_111_nadir,rootsift-lightglue-r3200-k8192,rootsift,lightglue,3200,8192,211,100_0010_0017.JPG,100_0010_0022.JPG,5674,5853,718,626,0.871866295264624,110.3278110680296,0.40625,0.40625,0.8729651570320129,False,ok,0.12168430000019725
D2_111_nadir,rootsift-lightglue-r3200-k8192,rootsift,lightglue,3200,8192,212,100_0010_0017.JPG,100_0010_0023.JPG,5674,5804,29,20,0.6896551724137931,3.5248501938667607,0.15625,0.15625,0.3500303328037262,False,ok,0.1161953000118956
D2_111_nadir,rootsift-lightglue-r3200-k8192,rootsift,lightglue,3200,8192,213,100_0010_0017.JPG,100_0010_0024.JPG,5674,5708,5,0,0.0,0.0,0.0,0.0,0.16269154846668243,True,too_few_matches,0.13178060000063851
D2_111_nadir,rootsift-lightglue-r3200-k8192,rootsift,lightglue,3200,8192,214,100_0010_0017.JPG,100_0010_0025.JPG,5674,5773,6,0,0.0,0.0,0.0,0.0,0.19537824392318726,True,too_few_matches,0.13595480000367388
D2_111_nadir,rootsift-lightglue-r3200-k8192,rootsift,lightglue,3200,8192,215,100_0010_0017.JPG,100_0010_0050.JPG,5674,5743,1591,1504,0.9453174104336896,265.0687345787804,0.546875,0.546875,0.9006937742233276,False,ok,0.1041931000072509
D2_111_nadir,rootsift-lightglue-r3200-k8192,rootsift,lightglue,3200,8192,216,100_0010_0017.JPG,100_0010_0051.JPG,5674,5711,2037,1943,0.9538537064310261,342.4391963341558,0.625,0.625,0.9097006916999817,False,ok,0.09491220000199974
D2_111_nadir,rootsift-lightglue-r3200-k8192,rootsift,lightglue,3200,8192,217,100_0010_0018.JPG,100_0010_0019.JPG,5682,5666,4467,4431,0.9919408999328408,782.0331803741617,1.0,1.0,0.8874438405036926,False,ok,0.1099510000058217
D2_111_nadir,rootsift-lightglue-r3200-k8192,rootsift,lightglue,3200,8192,218,100_0010_0018.JPG,100_0010_0020.JPG,5682,5708,3043,2977,0.9783108774235951,523.9352340725097,0.875,0.859375,0.916242778301239,False,ok,0.11134269999456592
D2_111_nadir,rootsift-lightglue-r3200-k8192,rootsift,lightglue,3200,8192,219,100_0010_0018.JPG,100_0010_0021.JPG,5682,5751,1846,1762,0.9544962080173348,310.10207673354455,0.625,0.625,0.9090338349342346,False,ok,0.10603270000137854
D2_111_nadir,rootsift-lightglue-r3200-k8192,rootsift,lightglue,3200,8192,220,100_0010_0018.JPG,100_0010_0022.JPG,5682,5853,840,744,0.8857142857142857,130.93980992608238,0.5,0.484375,0.8761801719665527,False,ok,0.10477259999606758
D2_111_nadir,rootsift-lightglue-r3200-k8192,rootsift,lightglue,3200,8192,221,100_0010_0018.JPG,100_0010_0023.JPG,5682,5804,167,147,0.8802395209580839,25.87117212249208,0.25,0.25,0.6088245511054993,False,ok,0.16178350000700448
D2_111_nadir,rootsift-lightglue-r3200-k8192,rootsift,lightglue,3200,8192,222,100_0010_0018.JPG,100_0010_0024.JPG,5682,5708,5,0,0.0,0.0,0.0,0.0,0.22372576594352722,True,too_few_matches,0.12965590000385419
D2_111_nadir,rootsift-lightglue-r3200-k8192,rootsift,lightglue,3200,8192,223,100_0010_0018.JPG,100_0010_0025.JPG,5682,5773,4,0,0.0,0.0,0.0,0.0,0.21462838351726532,True,too_few_matches,0.13663129998894874
D2_111_nadir,rootsift-lightglue-r3200-k8192,rootsift,lightglue,3200,8192,224,100_0010_0018.JPG,100_0010_0026.JPG,5682,5765,6,0,0.0,0.0,0.0,0.0,0.1929590255022049,True,too_few_matches,0.13132399998721667
D2_111_nadir,rootsift-lightglue-r3200-k8192,rootsift,lightglue,3200,8192,225,100_0010_0018.JPG,100_0010_0049.JPG,5682,5761,1273,1205,0.9465828750981933,212.07321365716297,0.5625,0.53125,0.9127090573310852,False,ok,0.10093349999806378
D2_111_nadir,rootsift-lightglue-r3200-k8192,rootsift,lightglue,3200,8192,226,100_0010_0018.JPG,100_0010_0050.JPG,5682,5743,2074,1992,0.9604628736740598,350.5807814149947,0.65625,0.65625,0.9178785681724548,False,ok,0.09470249999139924
D2_111_nadir,rootsift-lightglue-r3200-k8192,rootsift,lightglue,3200,8192,227,100_0010_0018.JPG,100_0010_0051.JPG,5682,5711,2604,2522,0.9685099846390169,443.8577965505104,0.75,0.75,0.9195721745491028,False,ok,0.10404180000477936
D2_111_nadir,rootsift-lightglue-r3200-k8192,rootsift,lightglue,3200,8192,228,100_0010_0019.JPG,100_0010_0020.JPG,5666,5708,3077,3024,0.9827754306142347,533.7098482174373,0.875,0.875,0.9141907095909119,False,ok,0.10817049999604933
D2_111_nadir,rootsift-lightglue-r3200-k8192,rootsift,lightglue,3200,8192,229,100_0010_0019.JPG,100_0010_0021.JPG,5666,5751,1873,1783,0.9519487453283503,314.6840804800565,0.625,0.625,0.9079616069793701,False,ok,0.10240980000526179
D2_111_nadir,rootsift-lightglue-r3200-k8192,rootsift,lightglue,3200,8192,230,100_0010_0019.JPG,100_0010_0022.JPG,5666,5853,873,767,0.8785796105383734,135.36886692552065,0.5,0.5,0.8796716928482056,False,ok,0.10934189999534283
D2_111_nadir,rootsift-lightglue-r3200-k8192,rootsift,lightglue,3200,8192,231,100_0010_0019.JPG,100_0010_0023.JPG,5666,5804,271,219,0.8081180811808119,38.6516060713025,0.265625,0.25,0.5874056220054626,False,ok,0.17340029998740647
D2_111_nadir,rootsift-lightglue-r3200-k8192,rootsift,lightglue,3200,8192,232,100_0010_0019.JPG,100_0010_0024.JPG,5666,5708,10,8,0.8,1.4119308153900458,0.09375,0.0625,0.2374909222126007,True,ok,0.12263349999557249
D2_111_nadir,rootsift-lightglue-r3200-k8192,rootsift,lightglue,3200,8192,233,100_0010_0019.JPG,100_0010_0025.JPG,5666,5773,2,0,0.0,0.0,0.0,0.0,0.10728796571493149,True,too_few_matches,0.13826479999988806
D2_111_nadir,rootsift-lightglue-r3200-k8192,rootsift,lightglue,3200,8192,234,100_0010_0019.JPG,100_0010_0026.JPG,5666,5765,5,0,0.0,0.0,0.0,0.0,0.13589248061180115,True,too_few_matches,0.12829679998685606
D2_111_nadir,rootsift-lightglue-r3200-k8192,rootsift,lightglue,3200,8192,235,100_0010_0019.JPG,100_0010_0027.JPG,5666,5807,3,0,0.0,0.0,0.0,0.0,0.2612389326095581,True,too_few_matches,0.13536219998786692
D2_111_nadir,rootsift-lightglue-r3200-k8192,rootsift,lightglue,3200,8192,236,100_0010_0019.JPG,100_0010_0049.JPG,5666,5761,1327,1257,0.947249434815373,221.84962936816095,0.546875,0.5625,0.9187425374984741,False,ok,0.09822680000797845
D2_111_nadir,rootsift-lightglue-r3200-k8192,rootsift,lightglue,3200,8192,237,100_0010_0019.JPG,100_0010_0050.JPG,5666,5743,2124,2042,0.9613935969868174,360.3953406283092,0.65625,0.65625,0.9223185777664185,False,ok,0.09782619999896269
D2_111_nadir,rootsift-lightglue-r3200-k8192,rootsift,lightglue,3200,8192,238,100_0010_0019.JPG,100_0010_0051.JPG,5666,5711,2678,2604,0.9723674383868559,459.5834804094599,0.75,0.75,0.9218788146972656,False,ok,0.10632349998923019
D2_111_nadir,rootsift-lightglue-r3200-k8192,rootsift,lightglue,3200,8192,239,100_0010_0019.JPG,100_0010_0052.JPG,5666,5660,2135,2036,0.9536299765807963,359.7173144876325,0.625,0.625,0.9101479053497314,False,ok,0.09345409998786636
D2_111_nadir,rootsift-lightglue-r3200-k8192,rootsift,lightglue,3200,8192,240,100_0010_0020.JPG,100_0010_0021.JPG,5708,5751,3260,3201,0.9819018404907975,560.791871058164,0.875,0.875,0.8920696377754211,False,ok,0.12064419999660458
D2_111_nadir,rootsift-lightglue-r3200-k8192,rootsift,lightglue,3200,8192,241,100_0010_0020.JPG,100_0010_0022.JPG,5708,5853,2128,2021,0.9497180451127819,354.0644709180098,0.640625,0.65625,0.8783333897590637,False,ok,0.11281729998881929
D2_111_nadir,rootsift-lightglue-r3200-k8192,rootsift,lightglue,3200,8192,242,100_0010_0020.JPG,100_0010_0023.JPG,5708,5804,1414,1325,0.937057991513437,232.1303433777155,0.484375,0.5,0.9106829762458801,False,ok,0.10688010000740178
D2_111_nadir,rootsift-lightglue-r3200-k8192,rootsift,lightglue,3200,8192,243,100_0010_0020.JPG,100_0010_0024.JPG,5708,5708,981,916,0.9337410805300713,160.47652417659427,0.25,0.28125,0.8790547251701355,False,ok,0.10098930000094697
D2_111_nadir,rootsift-lightglue-r3200-k8192,rootsift,lightglue,3200,8192,244,100_0010_0020.JPG,100_0010_0025.JPG,5708,5773,21,20,0.9523809523809523,3.50385423966363,0.078125,0.078125,0.4283384084701538,False,ok,0.11905900000419933
D2_111_nadir,rootsift-lightglue-r3200-k8192,rootsift,lightglue,3200,8192,245,100_0010_0020.JPG,100_0010_0026.JPG,5708,5765,6,0,0.0,0.0,0.0,0.0,0.1220916137099266,True,too_few_matches,0.13843150000320747
D2_111_nadir,rootsift-lightglue-r3200-k8192,rootsift,lightglue,3200,8192,246,100_0010_0020.JPG,100_0010_0027.JPG,5708,5807,15,10,0.6666666666666666,1.751927119831815,0.109375,0.125,0.2269117385149002,True,ok,0.14157809999596793
D2_111_nadir,rootsift-lightglue-r3200-k8192,rootsift,lightglue,3200,8192,247,100_0010_0020.JPG,100_0010_0028.JPG,5708,5795,8,7,0.875,1.2263489838822705,0.09375,0.078125,0.20352353155612946,True,ok,0.1267266000068048
D2_111_nadir,rootsift-lightglue-r3200-k8192,rootsift,lightglue,3200,8192,248,100_0010_0020.JPG,100_0010_0049.JPG,5708,5761,2266,2197,0.96954986760812,384.89838822704974,0.734375,0.671875,0.8829279541969299,False,ok,0.11729920000652783
D2_111_nadir,rootsift-lightglue-r3200-k8192,rootsift,lightglue,3200,8192,249,100_0010_0020.JPG,100_0010_0050.JPG,5708,5743,2434,2355,0.9675431388660641,412.5788367203924,0.75,0.75,0.897717297077179,False,ok,0.10674869999638759
D2_111_nadir,rootsift-lightglue-r3200-k8192,rootsift,lightglue,3200,8192,250,100_0010_0020.JPG,100_0010_0051.JPG,5708,5711,1911,1828,0.956567242281528,320.2522775052558,0.65625,0.65625,0.9115328192710876,False,ok,0.09529910000856034
D2_111_nadir,rootsift-lightglue-r3200-k8192,rootsift,lightglue,3200,8192,251,100_0010_0021.JPG,100_0010_0022.JPG,5751,5853,3295,3214,0.9754172989377845,558.8593288123805,0.875,0.875,0.896937370300293,False,ok,0.1171197000076063
D2_111_nadir,rootsift-lightglue-r3200-k8192,rootsift,lightglue,3200,8192,252,100_0010_0021.JPG,100_0010_0023.JPG,5751,5804,2324,2245,0.9660068846815835,390.36689271431055,0.625,0.625,0.8947867155075073,False,ok,0.09124510000401642
D2_111_nadir,rootsift-lightglue-r3200-k8192,rootsift,lightglue,3200,8192,253,100_0010_0021.JPG,100_0010_0024.JPG,5751,5708,1746,1655,0.9478808705612829,289.9439383321654,0.5,0.5,0.866743803024292,False,ok,0.10017960000550374
D2_111_nadir,rootsift-lightglue-r3200-k8192,rootsift,lightglue,3200,8192,254,100_0010_0021.JPG,100_0010_0025.JPG,5751,5773,849,787,0.9269729093050648,136.84576595374716,0.25,0.25,0.8835013508796692,False,ok,0.10704569998779334
D2_111_nadir,rootsift-lightglue-r3200-k8192,rootsift,lightglue,3200,8192,255,100_0010_0021.JPG,100_0010_0026.JPG,5751,5765,3,0,0.0,0.0,0.0,0.0,0.16378052532672882,True,too_few_matches,0.1520318000111729
D2_111_nadir,rootsift-lightglue-r3200-k8192,rootsift,lightglue,3200,8192,256,100_0010_0021.JPG,100_0010_0027.JPG,5751,5807,6,0,0.0,0.0,0.0,0.0,0.20321430265903473,True,too_few_matches,0.16868079999403562
D2_111_nadir,rootsift-lightglue-r3200-k8192,rootsift,lightglue,3200,8192,257,100_0010_0021.JPG,100_0010_0028.JPG,5751,5795,12,8,0.6666666666666666,1.3910624239262737,0.09375,0.078125,0.20165760815143585,True,ok,0.13327800000843126
D2_111_nadir,rootsift-lightglue-r3200-k8192,rootsift,lightglue,3200,8192,258,100_0010_0021.JPG,100_0010_0029.JPG,5751,5908,6,0,0.0,0.0,0.0,0.0,0.12282107025384903,True,too_few_matches,0.13109120000444818
D2_111_nadir,rootsift-lightglue-r3200-k8192,rootsift,lightglue,3200,8192,259,100_0010_0021.JPG,100_0010_0047.JPG,5751,5770,1589,1515,0.9534298300818125,263.43244653103807,0.46875,0.5625,0.8895612955093384,False,ok,0.10827869999047834
D2_111_nadir,rootsift-lightglue-r3200-k8192,rootsift,lightglue,3200,8192,260,100_0010_0021.JPG,100_0010_0048.JPG,5751,5741,2308,2214,0.9592720970537262,385.64709980839575,0.65625,0.65625,0.8797554969787598,False,ok,0.1012483000085922
D2_111_nadir,rootsift-lightglue-r3200-k8192,rootsift,lightglue,3200,8192,261,100_0010_0021.JPG,100_0010_0049.JPG,5751,5761,2523,2439,0.9667063020214031,424.1001564945227,0.75,0.75,0.8781580328941345,False,ok,0.10423880000598729
D2_111_nadir,rootsift-lightglue-r3200-k8192,rootsift,lightglue,3200,8192,262,100_0010_0021.JPG,100_0010_0050.JPG,5751,5743,1816,1747,0.9620044052863436,304.19641302455165,0.578125,0.5625,0.8916492462158203,False,ok,0.09215019999828655
D2_111_nadir,rootsift-lightglue-r3200-k8192,rootsift,lightglue,3200,8192,263,100_0010_0021.JPG,100_0010_0051.JPG,5751,5711,1252,1172,0.9361022364217252,205.21800035020138,0.46875,0.46875,0.8970465660095215,False,ok,0.08858559999498539
D2_111_nadir,rootsift-lightglue-r3200-k8192,rootsift,lightglue,3200,8192,264,100_0010_0022.JPG,100_0010_0023.JPG,5853,5804,3428,3366,0.9819136522753792,579.9448656099241,0.875,0.875,0.9053734540939331,False,ok,0.11915140000928659
D2_111_nadir,rootsift-lightglue-r3200-k8192,rootsift,lightglue,3200,8192,265,100_0010_0022.JPG,100_0010_0024.JPG,5853,5708,2635,2540,0.9639468690702088,444.989488437281,0.625,0.625,0.886302649974823,False,ok,0.12282720000075642
D2_111_nadir,rootsift-lightglue-r3200-k8192,rootsift,lightglue,3200,8192,266,100_0010_0022.JPG,100_0010_0025.JPG,5853,5773,1673,1586,0.9479976090854751,274.72717824354754,0.5,0.5,0.8737639784812927,False,ok,0.10709320000023581
D2_111_nadir,rootsift-lightglue-r3200-k8192,rootsift,lightglue,3200,8192,267,100_0010_0022.JPG,100_0010_0026.JPG,5853,5765,761,690,0.9067017082785808,119.6877710320902,0.25,0.25,0.8429784178733826,False,ok,0.12289090000558645
D2_111_nadir,rootsift-lightglue-r3200-k8192,rootsift,lightglue,3200,8192,268,100_0010_0022.JPG,100_0010_0027.JPG,5853,5807,12,9,0.75,1.5498536249354227,0.09375,0.078125,0.18712788820266724,True,ok,0.15727539999352302
D2_111_nadir,rootsift-lightglue-r3200-k8192,rootsift,lightglue,3200,8192,269,100_0010_0022.JPG,100_0010_0028.JPG,5853,5795,10,7,0.7,1.2079378774805867,0.078125,0.078125,0.13225619494915009,True,ok,0.13958020000427496
D2_111_nadir,rootsift-lightglue-r3200-k8192,rootsift,lightglue,3200,8192,270,100_0010_0022.JPG,100_0010_0029.JPG,5853,5908,4,0,0.0,0.0,0.0,0.0,0.15090808272361755,True,too_few_matches,0.14072029999806546
D2_111_nadir,rootsift-lightglue-r3200-k8192,rootsift,lightglue,3200,8192,271,100_0010_0022.JPG,100_0010_0030.JPG,5853,5885,4,0,0.0,0.0,0.0,0.0,0.1782294511795044,True,too_few_matches,0.1354876000114018
D2_111_nadir,rootsift-lightglue-r3200-k8192,rootsift,lightglue,3200,8192,272,100_0010_0022.JPG,100_0010_0046.JPG,5853,5639,1856,1754,0.9450431034482759,311.04805816634155,0.5625,0.5625,0.8716546893119812,False,ok,0.1079574000032153
D2_111_nadir,rootsift-lightglue-r3200-k8192,rootsift,lightglue,3200,8192,273,100_0010_0022.JPG,100_0010_0047.JPG,5853,5770,2306,2222,0.9635732870771899,385.0953206239168,0.65625,0.65625,0.8923242688179016,False,ok,0.10541550000198185
D2_111_nadir,rootsift-lightglue-r3200-k8192,rootsift,lightglue,3200,8192,274,100_0010_0022.JPG,100_0010_0048.JPG,5853,5741,2605,2513,0.96468330134357,437.72861870754224,0.75,0.75,0.8902842402458191,False,ok,0.11635720000776928
D2_111_nadir,rootsift-lightglue-r3200-k8192,rootsift,lightglue,3200,8192,275,100_0010_0022.JPG,100_0010_0049.JPG,5853,5761,2052,1947,0.9488304093567251,337.96215934733556,0.59375,0.5625,0.8794267773628235,False,ok,0.10774639999726787
D2_111_nadir,rootsift-lightglue-r3200-k8192,rootsift,lightglue,3200,8192,276,100_0010_0023.JPG,100_0010_0024.JPG,5804,5708,3683,3622,0.9834374151506924,634.5480028030834,0.875,0.875,0.8806496262550354,False,ok,0.13163620000705123
D2_111_nadir,rootsift-lightglue-r3200-k8192,rootsift,lightglue,3200,8192,277,100_0010_0023.JPG,100_0010_0025.JPG,5804,5773,2545,2440,0.9587426326129665,422.65719729776544,0.625,0.625,0.8724125623703003,False,ok,0.11462259999825619
D2_111_nadir,rootsift-lightglue-r3200-k8192,rootsift,lightglue,3200,8192,278,100_0010_0023.JPG,100_0010_0026.JPG,5804,5765,1576,1447,0.9181472081218274,250.9973980919341,0.5,0.5,0.8837987184524536,False,ok,0.11534319999918807
D2_111_nadir,rootsift-lightglue-r3200-k8192,rootsift,lightglue,3200,8192,279,100_0010_0023.JPG,100_0010_0027.JPG,5804,5807,843,768,0.9110320284697508,132.3225361819435,0.25,0.25,0.8756265044212341,False,ok,0.10542089999944437
D2_111_nadir,rootsift-lightglue-r3200-k8192,rootsift,lightglue,3200,8192,280,100_0010_0023.JPG,100_0010_0028.JPG,5804,5795,19,10,0.5263157894736842,1.7256255392579811,0.109375,0.09375,0.2996140718460083,True,ok,0.14927590001025237
D2_111_nadir,rootsift-lightglue-r3200-k8192,rootsift,lightglue,3200,8192,281,100_0010_0023.JPG,100_0010_0029.JPG,5804,5908,19,10,0.5263157894736842,1.7229496898690557,0.109375,0.109375,0.17145323753356934,True,ok,0.14145369999459945
D2_111_nadir,rootsift-lightglue-r3200-k8192,rootsift,lightglue,3200,8192,282,100_0010_0023.JPG,100_0010_0030.JPG,5804,5885,1,0,0.0,0.0,0.0,0.0,0.11595761030912399,True,too_few_matches,0.16548109998984728
D2_111_nadir,rootsift-lightglue-r3200-k8192,rootsift,lightglue,3200,8192,283,100_0010_0023.JPG,100_0010_0031.JPG,5804,5851,24,12,0.5,2.067539627842867,0.0625,0.078125,0.22398097813129425,True,ok,0.1886199000000488
D2_111_nadir,rootsift-lightglue-r3200-k8192,rootsift,lightglue,3200,8192,284,100_0010_0023.JPG,100_0010_0045.JPG,5804,5664,1825,1723,0.9441095890410959,304.20197740112997,0.5625,0.5625,0.8816277980804443,False,ok,0.10649510000075679
D2_111_nadir,rootsift-lightglue-r3200-k8192,rootsift,lightglue,3200,8192,285,100_0010_0023.JPG,100_0010_0046.JPG,5804,5639,2440,2337,0.9577868852459016,414.43518354318144,0.65625,0.65625,0.8868893384933472,False,ok,0.10587279999163002
D2_111_nadir,rootsift-lightglue-r3200-k8192,rootsift,lightglue,3200,8192,286,100_0010_0023.JPG,100_0010_0047.JPG,5804,5770,2703,2592,0.9589345172031076,449.2201039861352,0.734375,0.75,0.8901364207267761,False,ok,0.12487189999956172
D2_111_nadir,rootsift-lightglue-r3200-k8192,rootsift,lightglue,3200,8192,287,100_0010_0023.JPG,100_0010_0048.JPG,5804,5741,2139,2044,0.9555867227676484,356.0355338791151,0.59375,0.5625,0.8886986970901489,False,ok,0.09739840000111144
D2_111_nadir,rootsift-lightglue-r3200-k8192,rootsift,lightglue,3200,8192,288,100_0010_0024.JPG,100_0010_0025.JPG,5708,5773,3504,3448,0.9840182648401826,604.0644709180098,0.875,0.875,0.8933002948760986,False,ok,0.12512529999366961
D2_111_nadir,rootsift-lightglue-r3200-k8192,rootsift,lightglue,3200,8192,289,100_0010_0024.JPG,100_0010_0026.JPG,5708,5765,2364,2262,0.9568527918781726,396.28591450595655,0.625,0.625,0.8673128485679626,False,ok,0.1068741999915801
D2_111_nadir,rootsift-lightglue-r3200-k8192,rootsift,lightglue,3200,8192,290,100_0010_0024.JPG,100_0010_0027.JPG,5708,5807,1541,1451,0.9415963659961064,254.20462508759636,0.5,0.5,0.8710900545120239,False,ok,0.09945609999704175
D2_111_nadir,rootsift-lightglue-r3200-k8192,rootsift,lightglue,3200,8192,291,100_0010_0024.JPG,100_0010_0028.JPG,5708,5795,767,703,0.9165580182529335,123.16047652417659,0.25,0.25,0.8867785930633545,False,ok,0.10715419999905862
D2_111_nadir,rootsift-lightglue-r3200-k8192,rootsift,lightglue,3200,8192,292,100_0010_0024.JPG,100_0010_0029.JPG,5708,5908,71,18,0.2535211267605634,3.153468815697267,0.15625,0.171875,0.2035401165485382,False,ok,0.17897580000862945
D2_111_nadir,rootsift-lightglue-r3200-k8192,rootsift,lightglue,3200,8192,293,100_0010_0024.JPG,100_0010_0030.JPG,5708,5885,16,9,0.5625,1.5767344078486334,0.078125,0.078125,0.2494131177663803,True,ok,0.13521170000603888
D2_111_nadir,rootsift-lightglue-r3200-k8192,rootsift,lightglue,3200,8192,294,100_0010_0024.JPG,100_0010_0031.JPG,5708,5851,3,0,0.0,0.0,0.0,0.0,0.1711648851633072,True,too_few_matches,0.16848799999570474
D2_111_nadir,rootsift-lightglue-r3200-k8192,rootsift,lightglue,3200,8192,295,100_0010_0024.JPG,100_0010_0032.JPG,5708,5886,10,8,0.8,1.401541695865452,0.078125,0.078125,0.23387077450752258,True,ok,0.17497970000840724
D2_111_nadir,rootsift-lightglue-r3200-k8192,rootsift,lightglue,3200,8192,296,100_0010_0024.JPG,100_0010_0044.JPG,5708,5708,1555,1463,0.9408360128617363,256.30693763139453,0.5625,0.5625,0.894030749797821,False,ok,0.11364440000033937
D2_111_nadir,rootsift-lightglue-r3200-k8192,rootsift,lightglue,3200,8192,297,100_0010_0024.JPG,100_0010_0045.JPG,5708,5664,2261,2171,0.9601946041574525,383.29802259887003,0.65625,0.65625,0.8950222134590149,False,ok,0.11154919999535196
D2_111_nadir,rootsift-lightglue-r3200-k8192,rootsift,lightglue,3200,8192,298,100_0010_0024.JPG,100_0010_0046.JPG,5708,5639,2679,2563,0.9567002612915267,454.51321156233377,0.75,0.75,0.8893415331840515,False,ok,0.10061569999379572
D2_111_nadir,rootsift-lightglue-r3200-k8192,rootsift,lightglue,3200,8192,299,100_0010_0024.JPG,100_0010_0047.JPG,5708,5770,2290,2189,0.9558951965065502,383.4968465311843,0.59375,0.5625,0.8840426802635193,False,ok,0.10654819999763276
D2_111_nadir,rootsift-lightglue-r3200-k8192,rootsift,lightglue,3200,8192,300,100_0010_0025.JPG,100_0010_0026.JPG,5773,5765,3434,3379,0.9839836924868958,586.1231569817867,0.875,0.875,0.8979249000549316,False,ok,0.15065119999053422
D2_111_nadir,rootsift-lightglue-r3200-k8192,rootsift,lightglue,3200,8192,301,100_0010_0025.JPG,100_0010_0027.JPG,5773,5807,2441,2351,0.9631298648095044,407.24060280616663,0.625,0.625,0.894609272480011,False,ok,0.1321664000133751
D2_111_nadir,rootsift-lightglue-r3200-k8192,rootsift,lightglue,3200,8192,302,100_0010_0025.JPG,100_0010_0028.JPG,5773,5795,1579,1482,0.9385687143761875,256.71228130954444,0.5,0.5,0.8830040693283081,False,ok,0.1839485000091372
D2_111_nadir,rootsift-lightglue-r3200-k8192,rootsift,lightglue,3200,8192,303,100_0010_0025.JPG,100_0010_0029.JPG,5773,5908,733,669,0.91268758526603,115.8842889312316,0.25,0.25,0.9006502628326416,False,ok,0.17805329999828245
D2_111_nadir,rootsift-lightglue-r3200-k8192,rootsift,lightglue,3200,8192,304,100_0010_0025.JPG,100_0010_0030.JPG,5773,5885,7,0,0.0,0.0,0.0,0.0,0.19922982156276703,True,too_few_matches,0.5399151000019629
D2_111_nadir,rootsift-lightglue-r3200-k8192,rootsift,lightglue,3200,8192,305,100_0010_0025.JPG,100_0010_0031.JPG,5773,5851,2,0,0.0,0.0,0.0,0.0,0.1355801671743393,True,too_few_matches,0.971737400002894
D2_111_nadir,rootsift-lightglue-r3200-k8192,rootsift,lightglue,3200,8192,306,100_0010_0025.JPG,100_0010_0032.JPG,5773,5886,3,0,0.0,0.0,0.0,0.0,0.12722928822040558,True,too_few_matches,0.7357370999961859
D2_111_nadir,rootsift-lightglue-r3200-k8192,rootsift,lightglue,3200,8192,307,100_0010_0025.JPG,100_0010_0033.JPG,5773,5987,5,0,0.0,0.0,0.0,0.0,0.13529689610004425,True,too_few_matches,0.9407638999982737
D2_111_nadir,rootsift-lightglue-r3200-k8192,rootsift,lightglue,3200,8192,308,100_0010_0025.JPG,100_0010_0043.JPG,5773,5692,1545,1473,0.9533980582524272,258.78425860857345,0.546875,0.5625,0.9110921025276184,False,ok,0.5759105000033742
D2_111_nadir,rootsift-lightglue-r3200-k8192,rootsift,lightglue,3200,8192,309,100_0010_0025.JPG,100_0010_0044.JPG,5773,5708,2158,2083,0.9652455977757183,364.9264190609671,0.65625,0.65625,0.9062003493309021,False,ok,0.6381686000095215
D2_111_nadir,rootsift-lightglue-r3200-k8192,rootsift,lightglue,3200,8192,310,100_0010_0025.JPG,100_0010_0045.JPG,5773,5664,2498,2412,0.9655724579663731,425.8474576271187,0.75,0.75,0.9052100777626038,False,ok,0.6630444000038551
D2_111_nadir,rootsift-lightglue-r3200-k8192,rootsift,lightglue,3200,8192,311,100_0010_0025.JPG,100_0010_0046.JPG,5773,5639,2088,2011,0.9631226053639846,356.62351480758997,0.578125,0.578125,0.896995484828949,False,ok,0.6053123000019696
D2_111_nadir,rootsift-lightglue-r3200-k8192,rootsift,lightglue,3200,8192,312,100_0010_0026.JPG,100_0010_0027.JPG,5765,5807,3543,3480,0.9822184589331076,603.642671292281,0.875,0.875,0.9054451584815979,False,ok,0.7958650000073249
D2_111_nadir,rootsift-lightglue-r3200-k8192,rootsift,lightglue,3200,8192,313,100_0010_0026.JPG,100_0010_0028.JPG,5765,5795,2496,2401,0.9619391025641025,416.47875108412836,0.625,0.625,0.9052145481109619,False,ok,0.6684417999931611
D2_111_nadir,rootsift-lightglue-r3200-k8192,rootsift,lightglue,3200,8192,314,100_0010_0026.JPG,100_0010_0029.JPG,5765,5908,1545,1450,0.9385113268608414,251.51777970511708,0.5,0.5,0.8914178013801575,False,ok,0.615175700004329
D2_111_nadir,rootsift-lightglue-r3200-k8192,rootsift,lightglue,3200,8192,315,100_0010_0026.JPG,100_0010_0030.JPG,5765,5885,809,728,0.899876390605686,126.27927146574154,0.25,0.25,0.8805599808692932,False,ok,0.6660070999932941
D2_111_nadir,rootsift-lightglue-r3200-k8192,rootsift,lightglue,3200,8192,316,100_0010_0026.JPG,100_0010_0031.JPG,5765,5851,33,15,0.45454545454545453,2.6019080659150045,0.140625,0.125,0.2239396721124649,False,ok,1.0941194000042742
D2_111_nadir,rootsift-lightglue-r3200-k8192,rootsift,lightglue,3200,8192,317,100_0010_0026.JPG,100_0010_0032.JPG,5765,5886,38,15,0.39473684210526316,2.6019080659150045,0.109375,0.09375,0.22958910465240479,False,ok,1.0818032000097446
D2_111_nadir,rootsift-lightglue-r3200-k8192,rootsift,lightglue,3200,8192,318,100_0010_0026.JPG,100_0010_0033.JPG,5765,5987,17,10,0.5882352941176471,1.7346053772766696,0.09375,0.078125,0.17491018772125244,True,ok,1.092951800004812
D2_111_nadir,rootsift-lightglue-r3200-k8192,rootsift,lightglue,3200,8192,319,100_0010_0026.JPG,100_0010_0034.JPG,5765,5996,4,0,0.0,0.0,0.0,0.0,0.15324904024600983,True,too_few_matches,1.0911568000010448
D2_111_nadir,rootsift-lightglue-r3200-k8192,rootsift,lightglue,3200,8192,320,100_0010_0026.JPG,100_0010_0042.JPG,5765,5708,1531,1451,0.9477465708687133,254.20462508759636,0.546875,0.5625,0.9029111862182617,False,ok,0.5643812000053003
D2_111_nadir,rootsift-lightglue-r3200-k8192,rootsift,lightglue,3200,8192,321,100_0010_0026.JPG,100_0010_0043.JPG,5765,5692,2213,2131,0.9629462268413918,374.38510189739986,0.640625,0.65625,0.9069336652755737,False,ok,0.6428643000108423
D2_111_nadir,rootsift-lightglue-r3200-k8192,rootsift,lightglue,3200,8192,322,100_0010_0026.JPG,100_0010_0044.JPG,5765,5708,2456,2366,0.9633550488599348,414.5059565522074,0.75,0.75,0.9045268893241882,False,ok,0.6729032000002917
D2_111_nadir,rootsift-lightglue-r3200-k8192,rootsift,lightglue,3200,8192,323,100_0010_0026.JPG,100_0010_0045.JPG,5765,5664,1958,1868,0.9540347293156282,329.8022598870057,0.578125,0.5625,0.9007713794708252,False,ok,0.6243648999952711
D2_111_nadir,rootsift-lightglue-r3200-k8192,rootsift,lightglue,3200,8192,324,100_0010_0027.JPG,100_0010_0028.JPG,5807,5795,3454,3431,0.993341053850608,592.0621225194133,0.875,0.875,0.890091598033905,False,ok,0.6647611999942455
D2_111_nadir,rootsift-lightglue-r3200-k8192,rootsift,lightglue,3200,8192,325,100_0010_0027.JPG,100_0010_0029.JPG,5807,5908,2469,2385,0.9659781287970839,410.71121060788704,0.625,0.625,0.9114516377449036,False,ok,0.6840211999951862
D2_111_nadir,rootsift-lightglue-r3200-k8192,rootsift,lightglue,3200,8192,326,100_0010_0027.JPG,100_0010_0030.JPG,5807,5885,1592,1502,0.9434673366834171,258.65334940588946,0.5,0.5,0.8974253535270691,False,ok,0.6124270000000251
D2_111_nadir,rootsift-lightglue-r3200-k8192,rootsift,lightglue,3200,8192,327,100_0010_0027.JPG,100_0010_0031.JPG,5807,5851,683,619,0.9062957540263543,106.59548820389186,0.25,0.25,0.8826737403869629,False,ok,0.6649031999986619
D2_111_nadir,rootsift-lightglue-r3200-k8192,rootsift,lightglue,3200,8192,328,100_0010_0027.JPG,100_0010_0032.JPG,5807,5886,14,10,0.7142857142857143,1.7220595832615808,0.078125,0.09375,0.2090240716934204,True,ok,1.069846200000029
D2_111_nadir,rootsift-lightglue-r3200-k8192,rootsift,lightglue,3200,8192,329,100_0010_0027.JPG,100_0010_0033.JPG,5807,5987,4,0,0.0,0.0,0.0,0.0,0.16642332077026367,True,too_few_matches,0.7556399000022793
D2_111_nadir,rootsift-lightglue-r3200-k8192,rootsift,lightglue,3200,8192,330,100_0010_0027.JPG,100_0010_0034.JPG,5807,5996,5,0,0.0,0.0,0.0,0.0,0.14945879578590393,True,too_few_matches,0.788693599999533
D2_111_nadir,rootsift-lightglue-r3200-k8192,rootsift,lightglue,3200,8192,331,100_0010_0027.JPG,100_0010_0035.JPG,5807,5957,12,8,0.6666666666666666,1.3776476666092647,0.078125,0.078125,0.19211746752262115,True,ok,0.7657334999967134
D2_111_nadir,rootsift-lightglue-r3200-k8192,rootsift,lightglue,3200,8192,332,100_0010_0027.JPG,100_0010_0041.JPG,5807,5854,1584,1502,0.9482323232323232,258.65334940588946,0.5625,0.5625,0.9075020551681519,False,ok,0.6065630999946734
D2_111_nadir,rootsift-lightglue-r3200-k8192,rootsift,lightglue,3200,8192,333,100_0010_0027.JPG,100_0010_0042.JPG,5807,5708,2125,2046,0.9628235294117647,358.44428871758936,0.65625,0.65625,0.9097505807876587,False,ok,0.628598499999498
D2_111_nadir,rootsift-lightglue-r3200-k8192,rootsift,lightglue,3200,8192,334,100_0010_0027.JPG,100_0010_0043.JPG,5807,5692,2580,2498,0.9682170542635659,438.86156008432886,0.75,0.75,0.9048196077346802,False,ok,0.6819074999948498
D2_111_nadir,rootsift-lightglue-r3200-k8192,rootsift,lightglue,3200,8192,335,100_0010_0027.JPG,100_0010_0044.JPG,5807,5708,2129,2049,0.9624236730859559,358.9698668535389,0.5625,0.5625,0.9035183787345886,False,ok,0.631755800000974
D2_111_nadir,rootsift-lightglue-r3200-k8192,rootsift,lightglue,3200,8192,336,100_0010_0028.JPG,100_0010_0029.JPG,5795,5908,3459,3432,0.9921942758022549,592.234685073339,0.875,0.875,0.8894090056419373,False,ok,0.6670849000074668
D2_111_nadir,rootsift-lightglue-r3200-k8192,rootsift,lightglue,3200,8192,337,100_0010_0028.JPG,100_0010_0030.JPG,5795,5885,2525,2429,0.961980198019802,419.1544434857636,0.625,0.625,0.9045801758766174,False,ok,0.6924262999964412
D2_111_nadir,rootsift-lightglue-r3200-k8192,rootsift,lightglue,3200,8192,338,100_0010_0028.JPG,100_0010_0031.JPG,5795,5851,1447,1359,0.9391845196959226,234.51251078515963,0.5,0.4375,0.879010796546936,False,ok,0.5779403000051389
D2_111_nadir,rootsift-lightglue-r3200-k8192,rootsift,lightglue,3200,8192,339,100_0010_0028.JPG,100_0010_0032.JPG,5795,5886,685,601,0.8773722627737226,103.71009490940466,0.25,0.25,0.8468177914619446,False,ok,0.6296463000035146
D2_111_nadir,rootsift-lightglue-r3200-k8192,rootsift,lightglue,3200,8192,340,100_0010_0028.JPG,100_0010_0033.JPG,5795,5987,3,0,0.0,0.0,0.0,0.0,0.23929248750209808,True,too_few_matches,0.7795591000030981
D2_111_nadir,rootsift-lightglue-r3200-k8192,rootsift,lightglue,3200,8192,341,100_0010_0028.JPG,100_0010_0034.JPG,5795,5996,10,8,0.8,1.380500431406385,0.078125,0.078125,0.15960495173931122,True,ok,0.7153097999980673
D2_111_nadir,rootsift-lightglue-r3200-k8192,rootsift,lightglue,3200,8192,342,100_0010_0028.JPG,100_0010_0035.JPG,5795,5957,8,0,0.0,0.0,0.0,0.0,0.18123859167099,True,no_model,0.5929945999960182
D2_111_nadir,rootsift-lightglue-r3200-k8192,rootsift,lightglue,3200,8192,343,100_0010_0028.JPG,100_0010_0036.JPG,5795,6052,10,7,0.7,1.2079378774805867,0.109375,0.078125,0.2418593168258667,True,ok,0.7511628000065684
D2_111_nadir,rootsift-lightglue-r3200-k8192,rootsift,lightglue,3200,8192,344,100_0010_0028.JPG,100_0010_0040.JPG,5795,5963,1702,1603,0.9418331374853114,276.6177739430544,0.515625,0.546875,0.8962591886520386,False,ok,0.5873971999972127
D2_111_nadir,rootsift-lightglue-r3200-k8192,rootsift,lightglue,3200,8192,345,100_0010_0028.JPG,100_0010_0041.JPG,5795,5854,2205,2124,0.963265306122449,366.52286453839514,0.65625,0.65625,0.9148146510124207,False,ok,0.3013537999941036
D2_111_nadir,rootsift-lightglue-r3200-k8192,rootsift,lightglue,3200,8192,346,100_0010_0028.JPG,100_0010_0042.JPG,5795,5708,2372,2277,0.9599494097807757,398.9138051857043,0.75,0.75,0.9106460809707642,False,ok,0.09366480000608135
D2_111_nadir,rootsift-lightglue-r3200-k8192,rootsift,lightglue,3200,8192,347,100_0010_0028.JPG,100_0010_0043.JPG,5795,5692,2129,2031,0.9539689995302959,356.81658468025296,0.5625,0.5625,0.9035704135894775,False,ok,0.09137310000369325
D2_111_nadir,rootsift-lightglue-r3200-k8192,rootsift,lightglue,3200,8192,348,100_0010_0029.JPG,100_0010_0030.JPG,5908,5885,3460,3403,0.9835260115606936,578.249787595582,0.875,0.859375,0.8801957964897156,False,ok,0.12483690000954084
D2_111_nadir,rootsift-lightglue-r3200-k8192,rootsift,lightglue,3200,8192,349,100_0010_0029.JPG,100_0010_0031.JPG,5908,5851,2205,2065,0.9365079365079365,352.9311228849769,0.625,0.625,0.8779119849205017,False,ok,0.1138589000038337
D2_111_nadir,rootsift-lightglue-r3200-k8192,rootsift,lightglue,3200,8192,350,100_0010_0029.JPG,100_0010_0032.JPG,5908,5886,1340,1192,0.8895522388059701,202.51444104655113,0.5,0.484375,0.8673944473266602,False,ok,0.17777779999596532
D2_111_nadir,rootsift-lightglue-r3200-k8192,rootsift,lightglue,3200,8192,351,100_0010_0029.JPG,100_0010_0033.JPG,5908,5987,608,482,0.7927631578947368,81.58429248476642,0.234375,0.234375,0.7811729311943054,False,ok,0.1813428000023123
D2_111_nadir,rootsift-lightglue-r3200-k8192,rootsift,lightglue,3200,8192,352,100_0010_0029.JPG,100_0010_0034.JPG,5908,5996,581,478,0.8227194492254734,80.90724441435341,0.25,0.234375,0.8109433650970459,False,ok,0.17427970000426285
D2_111_nadir,rootsift-lightglue-r3200-k8192,rootsift,lightglue,3200,8192,353,100_0010_0029.JPG,100_0010_0035.JPG,5908,5957,527,427,0.8102466793168881,72.27488151658768,0.21875,0.203125,0.8123837113380432,False,ok,0.21144990000175312
D2_111_nadir,rootsift-lightglue-r3200-k8192,rootsift,lightglue,3200,8192,354,100_0010_0029.JPG,100_0010_0036.JPG,5908,6052,432,353,0.8171296296296297,59.74949221394719,0.15625,0.171875,0.8089428544044495,False,ok,0.21284639999794308
D2_111_nadir,rootsift-lightglue-r3200-k8192,rootsift,lightglue,3200,8192,355,100_0010_0029.JPG,100_0010_0037.JPG,5908,6025,510,419,0.8215686274509804,70.92078537576168,0.15625,0.15625,0.8180579543113708,False,ok,0.21124370000325143
D2_111_nadir,rootsift-lightglue-r3200-k8192,rootsift,lightglue,3200,8192,356,100_0010_0029.JPG,100_0010_0039.JPG,5908,5900,1615,1490,0.9226006191950464,252.54237288135593,0.484375,0.546875,0.8643258213996887,False,ok,0.17635240001254715
D2_111_nadir,rootsift-lightglue-r3200-k8192,rootsift,lightglue,3200,8192,357,100_0010_0029.JPG,100_0010_0040.JPG,5908,5963,2258,2155,0.954384410983171,364.7596479350034,0.609375,0.640625,0.8910710215568542,False,ok,0.18743720000202302
D2_111_nadir,rootsift-lightglue-r3200-k8192,rootsift,lightglue,3200,8192,358,100_0010_0029.JPG,100_0010_0041.JPG,5908,5854,2455,2357,0.960081466395112,402.6306798770072,0.734375,0.75,0.9006566405296326,False,ok,0.19040139998833183
D2_111_nadir,rootsift-lightglue-r3200-k8192,rootsift,lightglue,3200,8192,359,100_0010_0029.JPG,100_0010_0042.JPG,5908,5708,1950,1850,0.9487179487179487,324.1065171688858,0.5625,0.5625,0.9024117588996887,False,ok,0.182434899994405
D2_111_nadir,rootsift-lightglue-r3200-k8192,rootsift,lightglue,3200,8192,360,100_0010_0030.JPG,100_0010_0031.JPG,5885,5851,3164,3083,0.9743994943109987,526.9184754742779,0.875,0.828125,0.9051950573921204,False,ok,0.15029210000648163
D2_111_nadir,rootsift-lightglue-r3200-k8192,rootsift,lightglue,3200,8192,361,100_0010_0030.JPG,100_0010_0032.JPG,5885,5886,2126,1974,0.9285042333019755,335.42905692438404,0.625,0.625,0.8505952954292297,False,ok,0.09444190000067465
D2_111_nadir,rootsift-lightglue-r3200-k8192,rootsift,lightglue,3200,8192,362,100_0010_0030.JPG,100_0010_0033.JPG,5885,5987,1341,1151,0.8583146905294556,195.5819881053526,0.40625,0.46875,0.8636490702629089,False,ok,0.12829249999776948
D2_111_nadir,rootsift-lightglue-r3200-k8192,rootsift,lightglue,3200,8192,363,100_0010_0030.JPG,100_0010_0034.JPG,5885,5996,1364,1198,0.8782991202346041,203.56839422259984,0.421875,0.46875,0.8684951663017273,False,ok,0.11015670000051614
D2_111_nadir,rootsift-lightglue-r3200-k8192,rootsift,lightglue,3200,8192,364,100_0010_0030.JPG,100_0010_0035.JPG,5885,5957,1187,1042,0.8778433024431339,177.06032285471537,0.359375,0.421875,0.8735007047653198,False,ok,0.1197249999968335
D2_111_nadir,rootsift-lightglue-r3200-k8192,rootsift,lightglue,3200,8192,365,100_0010_0030.JPG,100_0010_0036.JPG,5885,6052,943,810,0.8589607635206787,137.63806287170775,0.28125,0.359375,0.8604753017425537,False,ok,0.6262387000024319
D2_111_nadir,rootsift-lightglue-r3200-k8192,rootsift,lightglue,3200,8192,366,100_0010_0030.JPG,100_0010_0037.JPG,5885,6025,1005,886,0.881592039800995,150.55225148683093,0.296875,0.359375,0.8706483840942383,False,ok,0.6475610000052257
D2_111_nadir,rootsift-lightglue-r3200-k8192,rootsift,lightglue,3200,8192,367,100_0010_0030.JPG,100_0010_0038.JPG,5885,5854,1299,1180,0.9083910700538876,201.57157499145885,0.53125,0.546875,0.8319876194000244,False,ok,0.593685200001346
D2_111_nadir,rootsift-lightglue-r3200-k8192,rootsift,lightglue,3200,8192,368,100_0010_0030.JPG,100_0010_0039.JPG,5885,5900,2113,1982,0.9380028395646001,336.78844519966015,0.625,0.640625,0.8751890063285828,False,ok,0.27438259999325965
D2_111_nadir,rootsift-lightglue-r3200-k8192,rootsift,lightglue,3200,8192,369,100_0010_0030.JPG,100_0010_0040.JPG,5885,5963,2519,2410,0.9567288606589917,409.5157179269329,0.703125,0.734375,0.8929100632667542,False,ok,0.14751789999718312
D2_111_nadir,rootsift-lightglue-r3200-k8192,rootsift,lightglue,3200,8192,370,100_0010_0030.JPG,100_0010_0041.JPG,5885,5854,2092,1988,0.9502868068833652,339.5968568500171,0.546875,0.5625,0.8948923349380493,False,ok,0.10261159999936353
D2_111_nadir,rootsift-lightglue-r3200-k8192,rootsift,lightglue,3200,8192,371,100_0010_0031.JPG,100_0010_0032.JPG,5851,5886,3361,3230,0.9610235049092531,552.0423859169373,0.875,0.875,0.8657651543617249,False,ok,0.30042470000626054
D2_111_nadir,rootsift-lightglue-r3200-k8192,rootsift,lightglue,3200,8192,372,100_0010_0031.JPG,100_0010_0033.JPG,5851,5987,2491,2254,0.9048574869530309,385.2332934541104,0.625,0.625,0.8688471913337708,False,ok,0.3394265999959316
D2_111_nadir,rootsift-lightglue-r3200-k8192,rootsift,lightglue,3200,8192,373,100_0010_0031.JPG,100_0010_0034.JPG,5851,5996,2376,2195,0.9238215488215489,375.1495470859682,0.625,0.625,0.8449437618255615,False,ok,0.5925143999920692
D2_111_nadir,rootsift-lightglue-r3200-k8192,rootsift,lightglue,3200,8192,374,100_0010_0031.JPG,100_0010_0035.JPG,5851,5957,2082,1916,0.920268972142171,327.46539053153305,0.53125,0.53125,0.8508948087692261,False,ok,0.6719905000063591
D2_111_nadir,rootsift-lightglue-r3200-k8192,rootsift,lightglue,3200,8192,375,100_0010_0031.JPG,100_0010_0036.JPG,5851,6052,1788,1631,0.9121923937360179,278.7557682447445,0.46875,0.46875,0.8424413204193115,False,ok,0.6151908000028925
D2_111_nadir,rootsift-lightglue-r3200-k8192,rootsift,lightglue,3200,8192,376,100_0010_0031.JPG,100_0010_0037.JPG,5851,6025,1851,1680,0.9076175040518638,287.1304050589643,0.515625,0.53125,0.8394862413406372,False,ok,0.622472299990477
D2_111_nadir,rootsift-lightglue-r3200-k8192,rootsift,lightglue,3200,8192,377,100_0010_0031.JPG,100_0010_0038.JPG,5851,5854,2192,2033,0.927463503649635,347.46197231242525,0.640625,0.65625,0.8424093723297119,False,ok,0.4815004999982193
D2_111_nadir,rootsift-lightglue-r3200-k8192,rootsift,lightglue,3200,8192,378,100_0010_0031.JPG,100_0010_0039.JPG,5851,5900,2431,2308,0.9494035376388318,394.46248504529143,0.6875,0.75,0.8614726662635803,False,ok,0.6184109000023454
D2_111_nadir,rootsift-lightglue-r3200-k8192,rootsift,lightglue,3200,8192,379,100_0010_0031.JPG,100_0010_0040.JPG,5851,5963,1820,1695,0.9313186813186813,289.69406938984787,0.53125,0.5625,0.8683598041534424,False,ok,0.40670969999337103
D2_111_nadir,rootsift-lightglue-r3200-k8192,rootsift,lightglue,3200,8192,380,100_0010_0032.JPG,100_0010_0033.JPG,5886,5987,3039,2876,0.9463639355051003,488.6170574243969,0.84375,0.828125,0.8595736026763916,False,ok,0.6477405999903567
D2_111_nadir,rootsift-lightglue-r3200-k8192,rootsift,lightglue,3200,8192,381,100_0010_0032.JPG,100_0010_0034.JPG,5886,5996,3013,2850,0.9459010952538998,484.1997961264016,0.859375,0.84375,0.85618656873703,False,ok,0.5405739000125322
D2_111_nadir,rootsift-lightglue-r3200-k8192,rootsift,lightglue,3200,8192,382,100_0010_0032.JPG,100_0010_0035.JPG,5886,5957,2550,2387,0.936078431372549,405.5385660890248,0.71875,0.703125,0.8653709888458252,False,ok,0.6488016999937827
D2_111_nadir,rootsift-lightglue-r3200-k8192,rootsift,lightglue,3200,8192,383,100_0010_0032.JPG,100_0010_0036.JPG,5886,6052,2165,2019,0.9325635103926097,343.01732925586134,0.609375,0.609375,0.8618490099906921,False,ok,0.6046703000029083
D2_111_nadir,rootsift-lightglue-r3200-k8192,rootsift,lightglue,3200,8192,384,100_0010_0032.JPG,100_0010_0037.JPG,5886,6025,2216,2061,0.9300541516245487,350.15290519877675,0.609375,0.578125,0.8552356362342834,False,ok,0.6299698999937391
D2_111_nadir,rootsift-lightglue-r3200-k8192,rootsift,lightglue,3200,8192,385,100_0010_0032.JPG,100_0010_0038.JPG,5886,5854,2319,2169,0.9353169469598965,370.51588657328324,0.75,0.75,0.8426245450973511,False,ok,0.5455313999991631
D2_111_nadir,rootsift-lightglue-r3200-k8192,rootsift,lightglue,3200,8192,386,100_0010_0032.JPG,100_0010_0039.JPG,5886,5900,1994,1826,0.9157472417251755,310.22765885151205,0.5625,0.5625,0.8257527947425842,False,ok,0.5573029000079259
D2_111_nadir,rootsift-lightglue-r3200-k8192,rootsift,lightglue,3200,8192,387,100_0010_0032.JPG,100_0010_0040.JPG,5886,5963,1247,1097,0.8797113071371291,186.37444784233776,0.453125,0.453125,0.8143061995506287,False,ok,0.4945478000008734
D2_111_nadir,rootsift-lightglue-r3200-k8192,rootsift,lightglue,3200,8192,388,100_0010_0033.JPG,100_0010_0034.JPG,5987,5996,4250,4148,0.976,692.8344746951728,0.984375,1.0,0.8586786389350891,False,ok,0.7139085999951931
D2_111_nadir,rootsift-lightglue-r3200-k8192,rootsift,lightglue,3200,8192,389,100_0010_0033.JPG,100_0010_0035.JPG,5987,5957,3189,3065,0.9611163374098464,514.5207319120362,0.84375,0.875,0.8655250072479248,False,ok,0.6490210000047227
D2_111_nadir,rootsift-lightglue-r3200-k8192,rootsift,lightglue,3200,8192,390,100_0010_0033.JPG,100_0010_0036.JPG,5987,6052,2622,2496,0.9519450800915332,416.90329046266913,0.734375,0.671875,0.8558133840560913,False,ok,0.62335599999642
D2_111_nadir,rootsift-lightglue-r3200-k8192,rootsift,lightglue,3200,8192,391,100_0010_0033.JPG,100_0010_0037.JPG,5987,6025,2577,2424,0.940628637951106,404.8772340070152,0.6875,0.65625,0.8438054919242859,False,ok,0.5841987000021618
D2_111_nadir,rootsift-lightglue-r3200-k8192,rootsift,lightglue,3200,8192,392,100_0010_0033.JPG,100_0010_0038.JPG,5987,5854,1838,1685,0.9167573449401524,287.83737615305773,0.59375,0.5625,0.838355541229248,False,ok,0.5734536999952979
D2_111_nadir,rootsift-lightglue-r3200-k8192,rootsift,lightglue,3200,8192,393,100_0010_0033.JPG,100_0010_0039.JPG,5987,5900,1428,1266,0.8865546218487395,214.57627118644066,0.4375,0.390625,0.8029249906539917,False,ok,0.5389366999879712
D2_111_nadir,rootsift-lightglue-r3200-k8192,rootsift,lightglue,3200,8192,394,100_0010_0033.JPG,100_0010_0040.JPG,5987,5963,680,574,0.8441176470588235,96.26027167533121,0.265625,0.265625,0.8463594317436218,False,ok,0.6084212999994634
D2_111_nadir,rootsift-lightglue-r3200-k8192,rootsift,lightglue,3200,8192,395,100_0010_0033.JPG,100_0010_0041.JPG,5987,5854,187,147,0.786096256684492,25.11103518961394,0.140625,0.09375,0.5394260287284851,False,ok,0.8103589999955148
D2_111_nadir,rootsift-lightglue-r3200-k8192,rootsift,lightglue,3200,8192,396,100_0010_0034.JPG,100_0010_0035.JPG,5996,5957,3257,3120,0.9579367516119128,523.7535672318281,0.859375,0.875,0.8599796295166016,False,ok,0.703411700000288
D2_111_nadir,rootsift-lightglue-r3200-k8192,rootsift,lightglue,3200,8192,397,100_0010_0034.JPG,100_0010_0036.JPG,5996,6052,2667,2525,0.9467566554180727,421.1140760507005,0.734375,0.671875,0.8546549677848816,False,ok,0.6238966999953846
D2_111_nadir,rootsift-lightglue-r3200-k8192,rootsift,lightglue,3200,8192,398,100_0010_0034.JPG,100_0010_0037.JPG,5996,6025,2613,2448,0.9368541905855339,408.2721814543029,0.703125,0.671875,0.851324737071991,False,ok,0.12779800000134856
D2_111_nadir,rootsift-lightglue-r3200-k8192,rootsift,lightglue,3200,8192,399,100_0010_0034.JPG,100_0010_0038.JPG,5996,5854,1869,1705,0.9122525414660246,291.2538435257943,0.609375,0.5625,0.8504767417907715,False,ok,0.10356180000235327
D2_111_nadir,rootsift-lightglue-r3200-k8192,rootsift,lightglue,3200,8192,400,100_0010_0034.JPG,100_0010_0039.JPG,5996,5900,1443,1309,0.9071379071379071,221.864406779661,0.453125,0.390625,0.8135076761245728,False,ok,0.15693400001327973
D2_111_nadir,rootsift-lightglue-r3200-k8192,rootsift,lightglue,3200,8192,401,100_0010_0034.JPG,100_0010_0040.JPG,5996,5963,680,588,0.8647058823529412,98.60808317960758,0.265625,0.28125,0.8438200354576111,False,ok,0.33283420000225306
D2_111_nadir,rootsift-lightglue-r3200-k8192,rootsift,lightglue,3200,8192,402,100_0010_0034.JPG,100_0010_0041.JPG,5996,5854,163,135,0.8282208588957055,23.061154765971985,0.109375,0.0625,0.5926986336708069,False,ok,0.6335321000078693
D2_111_nadir,rootsift-lightglue-r3200-k8192,rootsift,lightglue,3200,8192,403,100_0010_0034.JPG,100_0010_0042.JPG,5996,5708,6,0,0.0,0.0,0.0,0.0,0.23674021661281586,True,too_few_matches,0.532142299998668
D2_111_nadir,rootsift-lightglue-r3200-k8192,rootsift,lightglue,3200,8192,404,100_0010_0035.JPG,100_0010_0036.JPG,5957,6052,3438,3322,0.9662594531704479,557.6632533154273,0.875,0.859375,0.8610072731971741,False,ok,0.6112949000089429
D2_111_nadir,rootsift-lightglue-r3200-k8192,rootsift,lightglue,3200,8192,405,100_0010_0035.JPG,100_0010_0037.JPG,5957,6025,3285,3169,0.9646879756468798,531.9791841530972,0.875,0.84375,0.8655636310577393,False,ok,0.1368817000038689
D2_111_nadir,rootsift-lightglue-r3200-k8192,rootsift,lightglue,3200,8192,406,100_0010_0035.JPG,100_0010_0038.JPG,5957,5854,2239,2061,0.9205002233139794,352.06696276050565,0.65625,0.640625,0.8515322208404541,False,ok,0.41482049999467563
D2_111_nadir,rootsift-lightglue-r3200-k8192,rootsift,lightglue,3200,8192,407,100_0010_0035.JPG,100_0010_0039.JPG,5957,5900,1604,1453,0.905860349127182,246.27118644067798,0.5,0.4375,0.8035023212432861,False,ok,0.17984070000238717
D2_111_nadir,rootsift-lightglue-r3200-k8192,rootsift,lightglue,3200,8192,408,100_0010_0035.JPG,100_0010_0040.JPG,5957,5963,702,605,0.8618233618233618,101.56118851771026,0.3125,0.296875,0.8612858653068542,False,ok,0.12635140000202227
D2_111_nadir,rootsift-lightglue-r3200-k8192,rootsift,lightglue,3200,8192,409,100_0010_0035.JPG,100_0010_0041.JPG,5957,5854,189,153,0.8095238095238095,26.135975401434916,0.109375,0.078125,0.5827803015708923,False,ok,0.20503399999870453
D2_111_nadir,rootsift-lightglue-r3200-k8192,rootsift,lightglue,3200,8192,410,100_0010_0035.JPG,100_0010_0042.JPG,5957,5708,5,0,0.0,0.0,0.0,0.0,0.2205003798007965,True,too_few_matches,0.5306321999960346
D2_111_nadir,rootsift-lightglue-r3200-k8192,rootsift,lightglue,3200,8192,411,100_0010_0035.JPG,100_0010_0043.JPG,5957,5692,5,0,0.0,0.0,0.0,0.0,0.2295726239681244,True,too_few_matches,0.5008553999941796
D2_111_nadir,rootsift-lightglue-r3200-k8192,rootsift,lightglue,3200,8192,412,100_0010_0035.JPG,100_0010_0067.JPG,5957,5939,1642,1521,0.9263093788063338,256.1037211651793,0.453125,0.421875,0.8533135652542114,False,ok,0.11331439999048598
D2_111_nadir,rootsift-lightglue-r3200-k8192,rootsift,lightglue,3200,8192,413,100_0010_0035.JPG,100_0010_0068.JPG,5957,6042,1786,1667,0.9333706606942889,279.8388450562364,0.46875,0.4375,0.8415898084640503,False,ok,0.09122259999276139
D2_111_nadir,rootsift-lightglue-r3200-k8192,rootsift,lightglue,3200,8192,414,100_0010_0036.JPG,100_0010_0037.JPG,6052,6025,4378,4233,0.9668798538145272,702.5726141078839,0.96875,0.984375,0.865930438041687,False,ok,0.15876839999691583
D2_111_nadir,rootsift-lightglue-r3200-k8192,rootsift,lightglue,3200,8192,415,100_0010_0036.JPG,100_0010_0038.JPG,6052,5854,2663,2468,0.9267743146826887,421.5920737956952,0.78125,0.75,0.8523889780044556,False,ok,0.11274640000192448
D2_111_nadir,rootsift-lightglue-r3200-k8192,rootsift,lightglue,3200,8192,416,100_0010_0036.JPG,100_0010_0039.JPG,6052,5900,2009,1812,0.9019412643106023,307.1186440677966,0.609375,0.5625,0.8517979979515076,False,ok,0.12485750000632834
D2_111_nadir,rootsift-lightglue-r3200-k8192,rootsift,lightglue,3200,8192,417,100_0010_0036.JPG,100_0010_0040.JPG,6052,5963,965,854,0.8849740932642487,143.21650176085862,0.375,0.375,0.8538933396339417,False,ok,0.3077140999957919
D2_111_nadir,rootsift-lightglue-r3200-k8192,rootsift,lightglue,3200,8192,418,100_0010_0036.JPG,100_0010_0041.JPG,6052,5854,317,253,0.7981072555205048,43.218312265117866,0.203125,0.15625,0.6485713720321655,False,ok,0.4649543999985326
D2_111_nadir,rootsift-lightglue-r3200-k8192,rootsift,lightglue,3200,8192,419,100_0010_0036.JPG,100_0010_0042.JPG,6052,5708,6,0,0.0,0.0,0.0,0.0,0.1690213829278946,True,too_few_matches,0.42009390000021085
D2_111_nadir,rootsift-lightglue-r3200-k8192,rootsift,lightglue,3200,8192,420,100_0010_0036.JPG,100_0010_0043.JPG,6052,5692,7,0,0.0,0.0,0.0,0.0,0.14130109548568726,True,too_few_matches,0.48182669999368954
D2_111_nadir,rootsift-lightglue-r3200-k8192,rootsift,lightglue,3200,8192,421,100_0010_0036.JPG,100_0010_0044.JPG,6052,5708,1,0,0.0,0.0,0.0,0.0,0.16842994093894958,True,too_few_matches,0.4494004000007408
D2_111_nadir,rootsift-lightglue-r3200-k8192,rootsift,lightglue,3200,8192,422,100_0010_0036.JPG,100_0010_0066.JPG,6052,5806,1792,1569,0.8755580357142857,270.2376851532897,0.53125,0.46875,0.8636387586593628,False,ok,0.40213619999121875
D2_111_nadir,rootsift-lightglue-r3200-k8192,rootsift,lightglue,3200,8192,423,100_0010_0036.JPG,100_0010_0067.JPG,6052,5939,2212,2004,0.9059674502712477,337.43054386260314,0.578125,0.578125,0.8754565119743347,False,ok,0.4823253999929875
D2_111_nadir,rootsift-lightglue-r3200-k8192,rootsift,lightglue,3200,8192,424,100_0010_0036.JPG,100_0010_0068.JPG,6052,6042,2462,2234,0.9073923639317628,369.745117510758,0.671875,0.671875,0.8677431344985962,False,ok,0.24865189999400172
D2_111_nadir,rootsift-lightglue-r3200-k8192,rootsift,lightglue,3200,8192,425,100_0010_0037.JPG,100_0010_0038.JPG,6025,5854,2723,2537,0.9316929856775615,433.3788862316365,0.78125,0.796875,0.8567291498184204,False,ok,0.1319249999942258
D2_111_nadir,rootsift-lightglue-r3200-k8192,rootsift,lightglue,3200,8192,426,100_0010_0037.JPG,100_0010_0039.JPG,6025,5900,2086,1876,0.8993288590604027,317.96610169491527,0.609375,0.59375,0.8568443059921265,False,ok,0.10482839999895077
D2_111_nadir,rootsift-lightglue-r3200-k8192,rootsift,lightglue,3200,8192,427,100_0010_0037.JPG,100_0010_0040.JPG,6025,5963,1043,903,0.8657718120805369,151.43384202582592,0.375,0.375,0.8445265293121338,False,ok,0.08752490000915714
D2_111_nadir,rootsift-lightglue-r3200-k8192,rootsift,lightglue,3200,8192,428,100_0010_0037.JPG,100_0010_0041.JPG,6025,5854,427,335,0.7845433255269321,57.225828493337886,0.203125,0.1875,0.7475728988647461,False,ok,0.1219000999990385
D2_111_nadir,rootsift-lightglue-r3200-k8192,rootsift,lightglue,3200,8192,429,100_0010_0037.JPG,100_0010_0042.JPG,6025,5708,9,7,0.7777777777777778,1.2263489838822705,0.078125,0.09375,0.2923325300216675,True,ok,0.1258483999990858
D2_111_nadir,rootsift-lightglue-r3200-k8192,rootsift,lightglue,3200,8192,430,100_0010_0037.JPG,100_0010_0043.JPG,6025,5692,4,0,0.0,0.0,0.0,0.0,0.17179211974143982,True,too_few_matches,0.16732649999903515
D2_111_nadir,rootsift-lightglue-r3200-k8192,rootsift,lightglue,3200,8192,431,100_0010_0037.JPG,100_0010_0044.JPG,6025,5708,2,0,0.0,0.0,0.0,0.0,0.15157301723957062,True,too_few_matches,0.12707859999500215
D2_111_nadir,rootsift-lightglue-r3200-k8192,rootsift,lightglue,3200,8192,432,100_0010_0037.JPG,100_0010_0045.JPG,6025,5664,4,0,0.0,0.0,0.0,0.0,0.18787135183811188,True,too_few_matches,0.21490560000529513
D2_111_nadir,rootsift-lightglue-r3200-k8192,rootsift,lightglue,3200,8192,433,100_0010_0037.JPG,100_0010_0066.JPG,6025,5806,1770,1596,0.9016949152542373,274.8880468480882,0.546875,0.484375,0.8277816772460938,False,ok,0.40249670000048354
D2_111_nadir,rootsift-lightglue-r3200-k8192,rootsift,lightglue,3200,8192,434,100_0010_0037.JPG,100_0010_0067.JPG,6025,5939,2199,2034,0.9249658935879945,342.4818993096481,0.578125,0.578125,0.8492236733436584,False,ok,0.42062809999333695
D2_111_nadir,rootsift-lightglue-r3200-k8192,rootsift,lightglue,3200,8192,435,100_0010_0037.JPG,100_0010_0068.JPG,6025,6042,2517,2241,0.8903456495828367,371.9502074688797,0.609375,0.59375,0.8621112704277039,False,ok,0.5433915999892633
D2_111_nadir,rootsift-lightglue-r3200-k8192,rootsift,lightglue,3200,8192,436,100_0010_0038.JPG,100_0010_0039.JPG,5854,5900,3244,3118,0.9611590628853267,532.6272634096345,0.84375,0.875,0.8704128861427307,False,ok,0.3763273999938974
D2_111_nadir,rootsift-lightglue-r3200-k8192,rootsift,lightglue,3200,8192,437,100_0010_0038.JPG,100_0010_0040.JPG,5854,5963,2183,2020,0.9253321117727897,345.0632046463956,0.625,0.625,0.8878434896469116,False,ok,0.18016679999709595
D2_111_nadir,rootsift-lightglue-r3200-k8192,rootsift,lightglue,3200,8192,438,100_0010_0038.JPG,100_0010_0041.JPG,5854,5854,1517,1376,0.9070533948582729,235.05295524427743,0.46875,0.5,0.8868333101272583,False,ok,0.10398720001103356
D2_111_nadir,rootsift-lightglue-r3200-k8192,rootsift,lightglue,3200,8192,439,100_0010_0038.JPG,100_0010_0042.JPG,5854,5708,875,770,0.88,134.89838822704976,0.25,0.25,0.8461136817932129,False,ok,0.11401160000241362
D2_111_nadir,rootsift-lightglue-r3200-k8192,rootsift,lightglue,3200,8192,440,100_0010_0038.JPG,100_0010_0043.JPG,5854,5692,6,0,0.0,0.0,0.0,0.0,0.22075574100017548,True,too_few_matches,0.5075259000004735
D2_111_nadir,rootsift-lightglue-r3200-k8192,rootsift,lightglue,3200,8192,441,100_0010_0038.JPG,100_0010_0044.JPG,5854,5708,3,0,0.0,0.0,0.0,0.0,0.12034153193235397,True,too_few_matches,0.7690498000010848
D2_111_nadir,rootsift-lightglue-r3200-k8192,rootsift,lightglue,3200,8192,442,100_0010_0038.JPG,100_0010_0045.JPG,5854,5664,3,0,0.0,0.0,0.0,0.0,0.2576748728752136,True,too_few_matches,0.7920521999913035
D2_111_nadir,rootsift-lightglue-r3200-k8192,rootsift,lightglue,3200,8192,443,100_0010_0038.JPG,100_0010_0046.JPG,5854,5639,7,0,0.0,0.0,0.0,0.0,0.31322112679481506,True,too_few_matches,0.7971125000040047
D2_111_nadir,rootsift-lightglue-r3200-k8192,rootsift,lightglue,3200,8192,444,100_0010_0038.JPG,100_0010_0066.JPG,5854,5806,2598,2438,0.9384141647421094,419.91043747847056,0.6875,0.71875,0.8373711705207825,False,ok,0.6542086999979801
D2_111_nadir,rootsift-lightglue-r3200-k8192,rootsift,lightglue,3200,8192,445,100_0010_0038.JPG,100_0010_0067.JPG,5854,5939,2615,2382,0.9108986615678776,406.90126409292793,0.75,0.65625,0.8757755756378174,False,ok,0.7855530000088038
D2_111_nadir,rootsift-lightglue-r3200-k8192,rootsift,lightglue,3200,8192,446,100_0010_0038.JPG,100_0010_0068.JPG,5854,6042,2156,1891,0.87708719851577,323.0269900922446,0.65625,0.5625,0.845349133014679,False,ok,0.7269910000031814
D2_111_nadir,rootsift-lightglue-r3200-k8192,rootsift,lightglue,3200,8192,447,100_0010_0039.JPG,100_0010_0040.JPG,5900,5963,3438,3348,0.9738219895287958,567.457627118644,0.875,0.875,0.9132139086723328,False,ok,0.12561299999651965
D2_111_nadir,rootsift-lightglue-r3200-k8192,rootsift,lightglue,3200,8192,448,100_0010_0039.JPG,100_0010_0041.JPG,5900,5854,2588,2478,0.9574961360123647,423.30030748206354,0.625,0.625,0.8956443071365356,False,ok,0.4367977000074461
D2_111_nadir,rootsift-lightglue-r3200-k8192,rootsift,lightglue,3200,8192,449,100_0010_0039.JPG,100_0010_0042.JPG,5900,5708,1770,1655,0.9350282485875706,289.9439383321654,0.5,0.484375,0.8810532689094543,False,ok,0.559907300004852
D2_111_nadir,rootsift-lightglue-r3200-k8192,rootsift,lightglue,3200,8192,450,100_0010_0039.JPG,100_0010_0043.JPG,5900,5692,823,770,0.9356014580801945,135.27758257203092,0.25,0.25,0.9016294479370117,False,ok,0.5767210999911185
D2_111_nadir,rootsift-lightglue-r3200-k8192,rootsift,lightglue,3200,8192,451,100_0010_0039.JPG,100_0010_0044.JPG,5900,5708,5,0,0.0,0.0,0.0,0.0,0.170065239071846,True,too_few_matches,0.669550699996762
D2_111_nadir,rootsift-lightglue-r3200-k8192,rootsift,lightglue,3200,8192,452,100_0010_0039.JPG,100_0010_0045.JPG,5900,5664,5,0,0.0,0.0,0.0,0.0,0.13194382190704346,True,too_few_matches,0.6654527999926358
D2_111_nadir,rootsift-lightglue-r3200-k8192,rootsift,lightglue,3200,8192,453,100_0010_0039.JPG,100_0010_0046.JPG,5900,5639,2,0,0.0,0.0,0.0,0.0,0.15471073985099792,True,too_few_matches,0.6682684999977937
D2_111_nadir,rootsift-lightglue-r3200-k8192,rootsift,lightglue,3200,8192,454,100_0010_0039.JPG,100_0010_0047.JPG,5900,5770,4,0,0.0,0.0,0.0,0.0,0.16417357325553894,True,too_few_matches,0.6729556000063894
D2_111_nadir,rootsift-lightglue-r3200-k8192,rootsift,lightglue,3200,8192,455,100_0010_0039.JPG,100_0010_0064.JPG,5900,5740,2005,1889,0.94214463840399,329.0940766550523,0.5625,0.5625,0.8631263375282288,False,ok,0.575762799999211
D2_111_nadir,rootsift-lightglue-r3200-k8192,rootsift,lightglue,3200,8192,456,100_0010_0039.JPG,100_0010_0065.JPG,5900,5798,2642,2522,0.9545798637395913,434.9775784753363,0.75,0.734375,0.8594264984130859,False,ok,0.6367834999982733
D2_111_nadir,rootsift-lightglue-r3200-k8192,rootsift,lightglue,3200,8192,457,100_0010_0039.JPG,100_0010_0066.JPG,5900,5806,2632,2512,0.9544072948328267,432.65587323458493,0.75,0.75,0.8473954200744629,False,ok,0.6535962999914773
D2_111_nadir,rootsift-lightglue-r3200-k8192,rootsift,lightglue,3200,8192,458,100_0010_0039.JPG,100_0010_0067.JPG,5900,5939,2088,1924,0.921455938697318,326.10169491525426,0.546875,0.546875,0.818632185459137,False,ok,0.6270178999984637
D2_111_nadir,rootsift-lightglue-r3200-k8192,rootsift,lightglue,3200,8192,459,100_0010_0039.JPG,100_0010_0068.JPG,5900,6042,1642,1398,0.8514007308160779,236.94915254237287,0.46875,0.4375,0.8220710158348083,False,ok,0.2685328999941703
D2_111_nadir,rootsift-lightglue-r3200-k8192,rootsift,lightglue,3200,8192,460,100_0010_0040.JPG,100_0010_0041.JPG,5963,5854,3683,3642,0.9888677708389899,622.1387085753331,0.859375,0.875,0.890889585018158,False,ok,0.11444059999485034
D2_111_nadir,rootsift-lightglue-r3200-k8192,rootsift,lightglue,3200,8192,461,100_0010_0040.JPG,100_0010_0042.JPG,5963,5708,2695,2598,0.9640074211502783,455.1506657323055,0.625,0.625,0.9155948162078857,False,ok,0.12612489999446552
D2_111_nadir,rootsift-lightglue-r3200-k8192,rootsift,lightglue,3200,8192,462,100_0010_0040.JPG,100_0010_0043.JPG,5963,5692,1630,1561,0.9576687116564417,274.24455375966267,0.5,0.5,0.9019497036933899,False,ok,0.09073650000209454
D2_111_nadir,rootsift-lightglue-r3200-k8192,rootsift,lightglue,3200,8192,463,100_0010_0040.JPG,100_0010_0044.JPG,5963,5708,751,692,0.9214380825565912,121.2333566923616,0.25,0.25,0.8852407932281494,False,ok,0.09486619998642709
D2_111_nadir,rootsift-lightglue-r3200-k8192,rootsift,lightglue,3200,8192,464,100_0010_0040.JPG,100_0010_0045.JPG,5963,5664,5,0,0.0,0.0,0.0,0.0,0.18975183367729187,True,too_few_matches,0.12308130000019446
D2_111_nadir,rootsift-lightglue-r3200-k8192,rootsift,lightglue,3200,8192,465,100_0010_0040.JPG,100_0010_0046.JPG,5963,5639,5,0,0.0,0.0,0.0,0.0,0.18340983986854553,True,too_few_matches,0.13882989999547135
D2_111_nadir,rootsift-lightglue-r3200-k8192,rootsift,lightglue,3200,8192,466,100_0010_0040.JPG,100_0010_0047.JPG,5963,5770,2,0,0.0,0.0,0.0,0.0,0.24692191183567047,True,too_few_matches,0.1401282999868272
D2_111_nadir,rootsift-lightglue-r3200-k8192,rootsift,lightglue,3200,8192,467,100_0010_0040.JPG,100_0010_0048.JPG,5963,5741,6,0,0.0,0.0,0.0,0.0,0.19344502687454224,True,too_few_matches,0.15257350000320002
D2_111_nadir,rootsift-lightglue-r3200-k8192,rootsift,lightglue,3200,8192,468,100_0010_0040.JPG,100_0010_0063.JPG,5963,5731,2087,1990,0.9535218016291327,347.2343395567964,0.546875,0.546875,0.8864892721176147,False,ok,0.3963515999930678
D2_111_nadir,rootsift-lightglue-r3200-k8192,rootsift,lightglue,3200,8192,469,100_0010_0040.JPG,100_0010_0064.JPG,5963,5740,2500,2423,0.9692,422.1254355400697,0.71875,0.703125,0.8860990405082703,False,ok,0.1041655000008177
D2_111_nadir,rootsift-lightglue-r3200-k8192,rootsift,lightglue,3200,8192,470,100_0010_0040.JPG,100_0010_0065.JPG,5963,5798,2512,2397,0.95421974522293,413.41842014487753,0.75,0.75,0.8721869587898254,False,ok,0.3520681000081822
D2_111_nadir,rootsift-lightglue-r3200-k8192,rootsift,lightglue,3200,8192,471,100_0010_0040.JPG,100_0010_0066.JPG,5963,5806,1898,1735,0.9141201264488936,298.8287977953841,0.546875,0.546875,0.880744993686676,False,ok,0.677000700001372
D2_111_nadir,rootsift-lightglue-r3200-k8192,rootsift,lightglue,3200,8192,472,100_0010_0041.JPG,100_0010_0042.JPG,5854,5708,3578,3545,0.9907769703745108,621.0581639803784,0.875,0.875,0.8960211873054504,False,ok,0.6135450000001583
D2_111_nadir,rootsift-lightglue-r3200-k8192,rootsift,lightglue,3200,8192,473,100_0010_0041.JPG,100_0010_0043.JPG,5854,5692,2475,2416,0.9761616161616161,424.45537596626843,0.625,0.625,0.917902946472168,False,ok,0.6197713000001386
D2_111_nadir,rootsift-lightglue-r3200-k8192,rootsift,lightglue,3200,8192,474,100_0010_0041.JPG,100_0010_0044.JPG,5854,5708,1495,1423,0.9518394648829431,249.29922915206728,0.5,0.5,0.9043807983398438,False,ok,0.5349171000125352
D2_111_nadir,rootsift-lightglue-r3200-k8192,rootsift,lightglue,3200,8192,475,100_0010_0041.JPG,100_0010_0045.JPG,5854,5664,690,641,0.9289855072463769,113.17090395480226,0.25,0.25,0.9051363468170166,False,ok,0.5650878000014927
D2_111_nadir,rootsift-lightglue-r3200-k8192,rootsift,lightglue,3200,8192,476,100_0010_0041.JPG,100_0010_0046.JPG,5854,5639,9,7,0.7777777777777778,1.2413548501507359,0.109375,0.09375,0.19403953850269318,True,ok,0.5504100999969523
D2_111_nadir,rootsift-lightglue-r3200-k8192,rootsift,lightglue,3200,8192,477,100_0010_0041.JPG,100_0010_0047.JPG,5854,5770,1,0,0.0,0.0,0.0,0.0,0.13411188125610352,True,too_few_matches,0.13922959999763407
D2_111_nadir,rootsift-lightglue-r3200-k8192,rootsift,lightglue,3200,8192,478,100_0010_0041.JPG,100_0010_0048.JPG,5854,5741,0,0,0.0,0.0,0.0,0.0,0.0,True,no_matches,0.1492422000010265
D2_111_nadir,rootsift-lightglue-r3200-k8192,rootsift,lightglue,3200,8192,479,100_0010_0041.JPG,100_0010_0049.JPG,5854,5761,2,0,0.0,0.0,0.0,0.0,0.29130446910858154,True,too_few_matches,0.1396281000052113
D2_111_nadir,rootsift-lightglue-r3200-k8192,rootsift,lightglue,3200,8192,480,100_0010_0041.JPG,100_0010_0062.JPG,5854,5634,1814,1744,0.9614112458654906,309.5491657791977,0.5625,0.5625,0.8970943093299866,False,ok,0.11608619999606162
D2_111_nadir,rootsift-lightglue-r3200-k8192,rootsift,lightglue,3200,8192,481,100_0010_0041.JPG,100_0010_0063.JPG,5854,5731,2452,2375,0.9685970636215334,414.41284243587506,0.6875,0.734375,0.9012755751609802,False,ok,0.175156600002083
D2_111_nadir,rootsift-lightglue-r3200-k8192,rootsift,lightglue,3200,8192,482,100_0010_0041.JPG,100_0010_0064.JPG,5854,5740,2408,2318,0.9626245847176079,403.8327526132404,0.75,0.71875,0.8920193910598755,False,ok,0.2287482999963686
D2_111_nadir,rootsift-lightglue-r3200-k8192,rootsift,lightglue,3200,8192,483,100_0010_0041.JPG,100_0010_0109.JPG,5854,5886,0,0,0.0,0.0,0.0,0.0,0.0,True,no_matches,0.20860859999083914
D2_111_nadir,rootsift-lightglue-r3200-k8192,rootsift,lightglue,3200,8192,484,100_0010_0041.JPG,100_0010_0110.JPG,5854,5910,2,0,0.0,0.0,0.0,0.0,0.11246649920940399,True,too_few_matches,0.38132870000845287
D2_111_nadir,rootsift-lightglue-r3200-k8192,rootsift,lightglue,3200,8192,485,100_0010_0042.JPG,100_0010_0043.JPG,5708,5692,3370,3349,0.9937685459940653,588.3696416022487,0.875,0.875,0.8936578035354614,False,ok,0.28555979998782277
D2_111_nadir,rootsift-lightglue-r3200-k8192,rootsift,lightglue,3200,8192,486,100_0010_0042.JPG,100_0010_0044.JPG,5708,5708,2371,2309,0.9738506959088992,404.5199719691661,0.625,0.625,0.923380434513092,False,ok,0.259300700010499
D2_111_nadir,rootsift-lightglue-r3200-k8192,rootsift,lightglue,3200,8192,487,100_0010_0042.JPG,100_0010_0045.JPG,5708,5664,1453,1392,0.9580178940123881,245.76271186440678,0.5,0.5,0.9137650728225708,False,ok,0.2231266000017058
D2_111_nadir,rootsift-lightglue-r3200-k8192,rootsift,lightglue,3200,8192,488,100_0010_0042.JPG,100_0010_0046.JPG,5708,5639,791,734,0.9279393173198482,130.1649228586629,0.25,0.25,0.9060288667678833,False,ok,0.2582172999973409
D2_111_nadir,rootsift-lightglue-r3200-k8192,rootsift,lightglue,3200,8192,489,100_0010_0042.JPG,100_0010_0047.JPG,5708,5770,13,8,0.6153846153846154,1.401541695865452,0.09375,0.09375,0.19657835364341736,True,ok,0.3568417999922531
D2_111_nadir,rootsift-lightglue-r3200-k8192,rootsift,lightglue,3200,8192,490,100_0010_0042.JPG,100_0010_0048.JPG,5708,5741,5,0,0.0,0.0,0.0,0.0,0.17124459147453308,True,too_few_matches,0.23947259999113157
D2_111_nadir,rootsift-lightglue-r3200-k8192,rootsift,lightglue,3200,8192,491,100_0010_0042.JPG,100_0010_0049.JPG,5708,5761,3,0,0.0,0.0,0.0,0.0,0.22328448295593262,True,too_few_matches,0.3550470000045607
D2_111_nadir,rootsift-lightglue-r3200-k8192,rootsift,lightglue,3200,8192,492,100_0010_0042.JPG,100_0010_0050.JPG,5708,5743,11,10,0.9090909090909091,1.751927119831815,0.046875,0.0625,0.3153555989265442,True,ok,0.33044170000357553
D2_111_nadir,rootsift-lightglue-r3200-k8192,rootsift,lightglue,3200,8192,493,100_0010_0042.JPG,100_0010_0062.JPG,5708,5634,2281,2223,0.9745725558965366,394.56869009584665,0.734375,0.75,0.9047470688819885,False,ok,0.27350949999527074
D2_111_nadir,rootsift-lightglue-r3200-k8192,rootsift,lightglue,3200,8192,494,100_0010_0042.JPG,100_0010_0063.JPG,5708,5731,2406,2321,0.9646716541978387,406.62228451296426,0.75,0.75,0.892916738986969,False,ok,0.2810708000033628
D2_111_nadir,rootsift-lightglue-r3200-k8192,rootsift,lightglue,3200,8192,495,100_0010_0042.JPG,100_0010_0109.JPG,5708,5886,211,173,0.8199052132701422,30.3083391730904,0.078125,0.078125,0.7175652384757996,False,ok,0.3383265000011306
D2_111_nadir,rootsift-lightglue-r3200-k8192,rootsift,lightglue,3200,8192,496,100_0010_0042.JPG,100_0010_0110.JPG,5708,5910,0,0,0.0,0.0,0.0,0.0,0.0,True,no_matches,0.32223370000428986
D2_111_nadir,rootsift-lightglue-r3200-k8192,rootsift,lightglue,3200,8192,497,100_0010_0042.JPG,100_0010_0111.JPG,5708,5938,0,0,0.0,0.0,0.0,0.0,0.0,True,no_matches,0.3416108999954304
D2_111_nadir,rootsift-lightglue-r3200-k8192,rootsift,lightglue,3200,8192,498,100_0010_0043.JPG,100_0010_0044.JPG,5692,5708,3391,3378,0.9961663226186965,593.4645115952213,0.875,0.875,0.8925447463989258,False,ok,0.2945200999965891
D2_111_nadir,rootsift-lightglue-r3200-k8192,rootsift,lightglue,3200,8192,499,100_0010_0043.JPG,100_0010_0045.JPG,5692,5664,2342,2280,0.9735269000853971,402.54237288135596,0.625,0.625,0.9192203283309937,False,ok,0.25587210000958294
D2_111_nadir,rootsift-lightglue-r3200-k8192,rootsift,lightglue,3200,8192,500,100_0010_0043.JPG,100_0010_0046.JPG,5692,5639,1504,1434,0.9534574468085106,254.30040787373648,0.5,0.5,0.9116717576980591,False,ok,0.2269131000066409
D2_111_nadir,rootsift-lightglue-r3200-k8192,rootsift,lightglue,3200,8192,501,100_0010_0043.JPG,100_0010_0047.JPG,5692,5770,747,696,0.9317269076305221,122.27687983134223,0.25,0.25,0.9096513986587524,False,ok,0.26905050000641495
D2_111_nadir,rootsift-lightglue-r3200-k8192,rootsift,lightglue,3200,8192,502,100_0010_0043.JPG,100_0010_0048.JPG,5692,5741,14,8,0.5714285714285714,1.4054813773717498,0.078125,0.0625,0.20635081827640533,True,ok,0.33591309998882934
D2_111_nadir,rootsift-lightglue-r3200-k8192,rootsift,lightglue,3200,8192,503,100_0010_0043.JPG,100_0010_0049.JPG,5692,5761,19,10,0.5263157894736842,1.7568517217146873,0.078125,0.09375,0.24997073411941528,True,ok,0.33947859999898355
D2_111_nadir,rootsift-lightglue-r3200-k8192,rootsift,lightglue,3200,8192,504,100_0010_0043.JPG,100_0010_0050.JPG,5692,5743,10,9,0.9,1.5811665495432186,0.109375,0.109375,0.21631546318531036,True,ok,0.33222729999397416
D2_111_nadir,rootsift-lightglue-r3200-k8192,rootsift,lightglue,3200,8192,505,100_0010_0043.JPG,100_0010_0051.JPG,5692,5711,2,0,0.0,0.0,0.0,0.0,0.12658245861530304,True,too_few_matches,0.32910679999622516
D2_111_nadir,rootsift-lightglue-r3200-k8192,rootsift,lightglue,3200,8192,506,100_0010_0043.JPG,100_0010_0060.JPG,5692,5637,1790,1746,0.9754189944134078,309.7392229909526,0.5625,0.5625,0.929704487323761,False,ok,0.22512170000118203
D2_111_nadir,rootsift-lightglue-r3200-k8192,rootsift,lightglue,3200,8192,507,100_0010_0043.JPG,100_0010_0061.JPG,5692,5614,2332,2281,0.9781303602058319,406.3056644104026,0.75,0.734375,0.9165105223655701,False,ok,0.18992690001323353
D2_111_nadir,rootsift-lightglue-r3200-k8192,rootsift,lightglue,3200,8192,508,100_0010_0043.JPG,100_0010_0062.JPG,5692,5634,2222,2160,0.9720972097209721,383.38658146964855,0.75,0.75,0.906337320804596,False,ok,0.20365599999786355
D2_111_nadir,rootsift-lightglue-r3200-k8192,rootsift,lightglue,3200,8192,509,100_0010_0043.JPG,100_0010_0109.JPG,5692,5886,534,471,0.8820224719101124,82.74771609276178,0.296875,0.265625,0.8558416366577148,False,ok,0.14808799998718314
D2_111_nadir,rootsift-lightglue-r3200-k8192,rootsift,lightglue,3200,8192,510,100_0010_0043.JPG,100_0010_0110.JPG,5692,5910,155,128,0.8258064516129032,22.487702037947997,0.140625,0.140625,0.727294921875,False,ok,0.22425270000530872
D2_111_nadir,rootsift-lightglue-r3200-k8192,rootsift,lightglue,3200,8192,511,100_0010_0043.JPG,100_0010_0111.JPG,5692,5938,2,0,0.0,0.0,0.0,0.0,0.1462741196155548,True,too_few_matches,0.2568215000064811
D2_111_nadir,rootsift-lightglue-r3200-k8192,rootsift,lightglue,3200,8192,512,100_0010_0044.JPG,100_0010_0045.JPG,5708,5664,3410,3368,0.987683284457478,594.632768361582,0.875,0.875,0.9251973032951355,False,ok,0.24794469999324065
D2_111_nadir,rootsift-lightglue-r3200-k8192,rootsift,lightglue,3200,8192,513,100_0010_0044.JPG,100_0010_0046.JPG,5708,5639,2331,2257,0.9682539682539683,400.24827097003015,0.625,0.625,0.9219543933868408,False,ok,0.19820299999264535
D2_111_nadir,rootsift-lightglue-r3200-k8192,rootsift,lightglue,3200,8192,514,100_0010_0044.JPG,100_0010_0047.JPG,5708,5770,1549,1479,0.9548095545513234,259.11002102312546,0.5,0.5,0.9146750569343567,False,ok,0.1917265999945812
D2_111_nadir,rootsift-lightglue-r3200-k8192,rootsift,lightglue,3200,8192,515,100_0010_0044.JPG,100_0010_0048.JPG,5708,5741,744,685,0.9206989247311828,120.00700770847932,0.25,0.25,0.8694865107536316,False,ok,0.20759390000603162
D2_111_nadir,rootsift-lightglue-r3200-k8192,rootsift,lightglue,3200,8192,516,100_0010_0044.JPG,100_0010_0049.JPG,5708,5761,8,8,1.0,1.401541695865452,0.0625,0.078125,0.2524116635322571,True,ok,0.3049662000121316
D2_111_nadir,rootsift-lightglue-r3200-k8192,rootsift,lightglue,3200,8192,517,100_0010_0044.JPG,100_0010_0050.JPG,5708,5743,7,0,0.0,0.0,0.0,0.0,0.179841086268425,True,too_few_matches,0.19653220000327565
D2_111_nadir,rootsift-lightglue-r3200-k8192,rootsift,lightglue,3200,8192,518,100_0010_0044.JPG,100_0010_0051.JPG,5708,5711,4,0,0.0,0.0,0.0,0.0,0.15064549446105957,True,too_few_matches,0.13530579999496695
D2_111_nadir,rootsift-lightglue-r3200-k8192,rootsift,lightglue,3200,8192,519,100_0010_0044.JPG,100_0010_0052.JPG,5708,5660,1,0,0.0,0.0,0.0,0.0,0.14498202502727509,True,too_few_matches,0.3732658000080846
D2_111_nadir,rootsift-lightglue-r3200-k8192,rootsift,lightglue,3200,8192,520,100_0010_0044.JPG,100_0010_0059.JPG,5708,5621,1864,1824,0.9785407725321889,324.49742038783137,0.5625,0.5625,0.9291549921035767,False,ok,0.4609463000087999
D2_111_nadir,rootsift-lightglue-r3200-k8192,rootsift,lightglue,3200,8192,521,100_0010_0044.JPG,100_0010_0060.JPG,5708,5637,2265,2225,0.9823399558498896,394.7135000886997,0.75,0.71875,0.925011396408081,False,ok,0.5883328999916557
D2_111_nadir,rootsift-lightglue-r3200-k8192,rootsift,lightglue,3200,8192,522,100_0010_0044.JPG,100_0010_0061.JPG,5708,5614,2230,2188,0.9811659192825112,389.7399358745992,0.75,0.75,0.9187719821929932,False,ok,0.45403979999537114
D2_111_nadir,rootsift-lightglue-r3200-k8192,rootsift,lightglue,3200,8192,523,100_0010_0044.JPG,100_0010_0110.JPG,5708,5910,594,539,0.9074074074074074,94.42887175893483,0.34375,0.3125,0.8841500282287598,False,ok,0.6643324999895412
D2_111_nadir,rootsift-lightglue-r3200-k8192,rootsift,lightglue,3200,8192,524,100_0010_0044.JPG,100_0010_0111.JPG,5708,5938,388,347,0.8943298969072165,60.79187105816398,0.234375,0.234375,0.8539189696311951,False,ok,0.7327065999998013
D2_111_nadir,rootsift-lightglue-r3200-k8192,rootsift,lightglue,3200,8192,525,100_0010_0045.JPG,100_0010_0046.JPG,5664,5639,3495,3461,0.990271816881259,613.7613051959568,0.875,0.875,0.8884026408195496,False,ok,0.5890995999943698
D2_111_nadir,rootsift-lightglue-r3200-k8192,rootsift,lightglue,3200,8192,526,100_0010_0045.JPG,100_0010_0047.JPG,5664,5770,2691,2595,0.9643255295429208,458.15677966101697,0.625,0.625,0.9112147092819214,False,ok,0.6188709999987623
D2_111_nadir,rootsift-lightglue-r3200-k8192,rootsift,lightglue,3200,8192,527,100_0010_0045.JPG,100_0010_0048.JPG,5664,5741,1804,1705,0.9451219512195121,301.024011299435,0.5,0.5,0.8911733031272888,False,ok,0.5247386999981245
D2_111_nadir,rootsift-lightglue-r3200-k8192,rootsift,lightglue,3200,8192,528,100_0010_0045.JPG,100_0010_0049.JPG,5664,5761,1039,981,0.944177093358999,173.19915254237287,0.25,0.25,0.9058915376663208,False,ok,0.5239037999999709
D2_111_nadir,rootsift-lightglue-r3200-k8192,rootsift,lightglue,3200,8192,529,100_0010_0045.JPG,100_0010_0050.JPG,5664,5743,23,17,0.7391304347826086,3.001412429378531,0.09375,0.078125,0.36493971943855286,False,ok,0.6176831999910064
D2_111_nadir,rootsift-lightglue-r3200-k8192,rootsift,lightglue,3200,8192,530,100_0010_0045.JPG,100_0010_0051.JPG,5664,5711,1,0,0.0,0.0,0.0,0.0,0.12564173340797424,True,too_few_matches,0.7967188999900827
D2_111_nadir,rootsift-lightglue-r3200-k8192,rootsift,lightglue,3200,8192,531,100_0010_0045.JPG,100_0010_0052.JPG,5664,5660,0,0,0.0,0.0,0.0,0.0,0.0,True,no_matches,0.6896640999912051
D2_111_nadir,rootsift-lightglue-r3200-k8192,rootsift,lightglue,3200,8192,532,100_0010_0045.JPG,100_0010_0053.JPG,5664,5674,0,0,0.0,0.0,0.0,0.0,0.0,True,no_matches,0.5982360000052722
D2_111_nadir,rootsift-lightglue-r3200-k8192,rootsift,lightglue,3200,8192,533,100_0010_0045.JPG,100_0010_0058.JPG,5664,5666,2188,2138,0.9771480804387569,377.4717514124294,0.5625,0.5625,0.9131521582603455,False,ok,0.5687625999999
D2_111_nadir,rootsift-lightglue-r3200-k8192,rootsift,lightglue,3200,8192,534,100_0010_0045.JPG,100_0010_0059.JPG,5664,5621,2540,2495,0.9822834645669292,443.8711972958548,0.75,0.75,0.9182507395744324,False,ok,0.6014451999944868
D2_111_nadir,rootsift-lightglue-r3200-k8192,rootsift,lightglue,3200,8192,535,100_0010_0045.JPG,100_0010_0060.JPG,5664,5637,2355,2294,0.9740976645435244,406.9540535745964,0.75,0.75,0.9126439094543457,False,ok,0.5521012999961386
D2_111_nadir,rootsift-lightglue-r3200-k8192,rootsift,lightglue,3200,8192,536,100_0010_0045.JPG,100_0010_0110.JPG,5664,5910,1154,1018,0.8821490467937608,179.7316384180791,0.5625,0.421875,0.8870716094970703,False,ok,0.5790694000024814
D2_111_nadir,rootsift-lightglue-r3200-k8192,rootsift,lightglue,3200,8192,537,100_0010_0045.JPG,100_0010_0111.JPG,5664,5938,1012,910,0.8992094861660079,160.6638418079096,0.46875,0.34375,0.8728305697441101,False,ok,0.5130583999998635
D2_111_nadir,rootsift-lightglue-r3200-k8192,rootsift,lightglue,3200,8192,538,100_0010_0046.JPG,100_0010_0047.JPG,5639,5770,3656,3607,0.986597374179431,639.6524206419577,0.875,0.859375,0.9164116382598877,False,ok,0.7106485999975121
D2_111_nadir,rootsift-lightglue-r3200-k8192,rootsift,lightglue,3200,8192,539,100_0010_0046.JPG,100_0010_0048.JPG,5639,5741,2672,2571,0.9622005988023952,455.9319028196489,0.625,0.625,0.9011332988739014,False,ok,0.6125308999908157
D2_111_nadir,rootsift-lightglue-r3200-k8192,rootsift,lightglue,3200,8192,540,100_0010_0046.JPG,100_0010_0049.JPG,5639,5761,1817,1730,0.9521188772702256,306.7919843943962,0.5,0.484375,0.880655825138092,False,ok,0.5020877000060864
D2_111_nadir,rootsift-lightglue-r3200-k8192,rootsift,lightglue,3200,8192,541,100_0010_0046.JPG,100_0010_0050.JPG,5639,5743,791,725,0.9165613147914032,128.56889519418337,0.25,0.25,0.8685632944107056,False,ok,0.5048678000021027
D2_111_nadir,rootsift-lightglue-r3200-k8192,rootsift,lightglue,3200,8192,542,100_0010_0046.JPG,100_0010_0051.JPG,5639,5711,20,17,0.85,3.0147189217946444,0.078125,0.09375,0.356101393699646,False,ok,0.6539665999880526
D2_111_nadir,rootsift-lightglue-r3200-k8192,rootsift,lightglue,3200,8192,543,100_0010_0046.JPG,100_0010_0052.JPG,5639,5660,216,175,0.8101851851851852,31.0338712537684,0.109375,0.125,0.5477584600448608,False,ok,1.00415759999305
D2_111_nadir,rootsift-lightglue-r3200-k8192,rootsift,lightglue,3200,8192,544,100_0010_0046.JPG,100_0010_0053.JPG,5639,5674,17,16,0.9411764705882353,2.8373825146302534,0.078125,0.09375,0.4276786744594574,False,ok,0.679299199997331
D2_111_nadir,rootsift-lightglue-r3200-k8192,rootsift,lightglue,3200,8192,545,100_0010_0046.JPG,100_0010_0054.JPG,5639,5677,151,135,0.8940397350993378,23.940414967192766,0.09375,0.09375,0.6375582218170166,False,ok,0.8412074999941979
D2_111_nadir,rootsift-lightglue-r3200-k8192,rootsift,lightglue,3200,8192,546,100_0010_0046.JPG,100_0010_0057.JPG,5639,5770,2229,2149,0.9641094661283086,381.09593899627595,0.5625,0.5625,0.8948858976364136,False,ok,0.49660830000357237
D2_111_nadir,rootsift-lightglue-r3200-k8192,rootsift,lightglue,3200,8192,547,100_0010_0046.JPG,100_0010_0058.JPG,5639,5666,2689,2640,0.9817776124953514,468.1681149139918,0.75,0.671875,0.9114539623260498,False,ok,0.6059932000061963
D2_111_nadir,rootsift-lightglue-r3200-k8192,rootsift,lightglue,3200,8192,548,100_0010_0046.JPG,100_0010_0059.JPG,5639,5621,2613,2535,0.9701492537313433,450.987368795588,0.75,0.75,0.9081487655639648,False,ok,0.5859906999976374
D2_111_nadir,rootsift-lightglue-r3200-k8192,rootsift,lightglue,3200,8192,549,100_0010_0046.JPG,100_0010_0060.JPG,5639,5637,1786,1725,0.9658454647256439,306.0138371474188,0.5625,0.5625,0.9064154624938965,False,ok,0.532228900003247
D2_111_nadir,rootsift-lightglue-r3200-k8192,rootsift,lightglue,3200,8192,550,100_0010_0046.JPG,100_0010_0111.JPG,5639,5938,1412,1322,0.9362606232294618,234.43873027132472,0.609375,0.453125,0.8554075360298157,False,ok,0.2530887999892002
D2_111_nadir,rootsift-lightglue-r3200-k8192,rootsift,lightglue,3200,8192,551,100_0010_0047.JPG,100_0010_0048.JPG,5770,5741,3459,3394,0.9812084417461694,591.1862044939905,0.875,0.796875,0.9144143462181091,False,ok,0.17195670001092367
D2_111_nadir,rootsift-lightglue-r3200-k8192,rootsift,lightglue,3200,8192,552,100_0010_0047.JPG,100_0010_0049.JPG,5770,5761,2276,2202,0.9674868189806678,382.2253081062316,0.625,0.625,0.9007207155227661,False,ok,0.10542970000824425
D2_111_nadir,rootsift-lightglue-r3200-k8192,rootsift,lightglue,3200,8192,553,100_0010_0047.JPG,100_0010_0050.JPG,5770,5743,1056,970,0.9185606060606061,168.9012711126589,0.5,0.359375,0.8507865071296692,False,ok,0.18984350000391714
D2_111_nadir,rootsift-lightglue-r3200-k8192,rootsift,lightglue,3200,8192,554,100_0010_0047.JPG,100_0010_0051.JPG,5770,5711,388,313,0.8067010309278351,54.806513745403606,0.375,0.25,0.7629480361938477,False,ok,0.12101659999461845
D2_111_nadir,rootsift-lightglue-r3200-k8192,rootsift,lightglue,3200,8192,555,100_0010_0047.JPG,100_0010_0052.JPG,5770,5660,397,331,0.8337531486146096,58.48056537102474,0.34375,0.234375,0.7650184631347656,False,ok,0.4709869000071194
D2_111_nadir,rootsift-lightglue-r3200-k8192,rootsift,lightglue,3200,8192,556,100_0010_0047.JPG,100_0010_0053.JPG,5770,5674,365,301,0.8246575342465754,53.04899541769475,0.328125,0.203125,0.7544242143630981,False,ok,0.12310659998911433
D2_111_nadir,rootsift-lightglue-r3200-k8192,rootsift,lightglue,3200,8192,557,100_0010_0047.JPG,100_0010_0054.JPG,5770,5677,368,290,0.7880434782608695,51.08331865421878,0.28125,0.1875,0.7390193343162537,False,ok,0.6019073000061326
D2_111_nadir,rootsift-lightglue-r3200-k8192,rootsift,lightglue,3200,8192,558,100_0010_0047.JPG,100_0010_0055.JPG,5770,5714,1416,1326,0.9364406779661016,232.06160308015401,0.4375,0.375,0.8690487146377563,False,ok,0.5082593999977689
D2_111_nadir,rootsift-lightglue-r3200-k8192,rootsift,lightglue,3200,8192,559,100_0010_0047.JPG,100_0010_0056.JPG,5770,5712,2183,2100,0.961978928080623,367.6470588235294,0.5625,0.515625,0.903078019618988,False,ok,0.6163582000008319
D2_111_nadir,rootsift-lightglue-r3200-k8192,rootsift,lightglue,3200,8192,560,100_0010_0047.JPG,100_0010_0057.JPG,5770,5770,2635,2554,0.9692599620493358,442.63431542461007,0.75,0.65625,0.9062327742576599,False,ok,0.6114077999955043
D2_111_nadir,rootsift-lightglue-r3200-k8192,rootsift,lightglue,3200,8192,561,100_0010_0047.JPG,100_0010_0058.JPG,5770,5666,2713,2635,0.9712495392554368,465.0547123190964,0.75,0.75,0.9129268527030945,False,ok,0.601745200008736
D2_111_nadir,rootsift-lightglue-r3200-k8192,rootsift,lightglue,3200,8192,562,100_0010_0047.JPG,100_0010_0059.JPG,5770,5621,2188,2116,0.9670932358318098,376.44547233588327,0.5625,0.5625,0.9040330052375793,False,ok,0.5505309000000125
D2_111_nadir,rootsift-lightglue-r3200-k8192,rootsift,lightglue,3200,8192,563,100_0010_0048.JPG,100_0010_0049.JPG,5741,5761,3233,3177,0.9826786266625426,553.3879115136735,0.875,0.875,0.9056132435798645,False,ok,0.6097518000024138
D2_111_nadir,rootsift-lightglue-r3200-k8192,rootsift,lightglue,3200,8192,564,100_0010_0048.JPG,100_0010_0050.JPG,5741,5743,1906,1796,0.9422875131164743,312.83748475875285,0.625,0.625,0.8823774456977844,False,ok,0.45262779999757186
D2_111_nadir,rootsift-lightglue-r3200-k8192,rootsift,lightglue,3200,8192,565,100_0010_0048.JPG,100_0010_0051.JPG,5741,5711,1073,966,0.9002795899347623,169.14725967431272,0.5,0.5,0.8642946481704712,False,ok,0.4487608000054024
D2_111_nadir,rootsift-lightglue-r3200-k8192,rootsift,lightglue,3200,8192,566,100_0010_0048.JPG,100_0010_0052.JPG,5741,5660,1016,914,0.8996062992125984,161.48409893992934,0.453125,0.453125,0.8736286163330078,False,ok,0.47964400000637397
D2_111_nadir,rootsift-lightglue-r3200-k8192,rootsift,lightglue,3200,8192,567,100_0010_0048.JPG,100_0010_0053.JPG,5741,5674,855,756,0.8842105263157894,133.23933732816354,0.4375,0.375,0.8568409085273743,False,ok,0.471361000003526
D2_111_nadir,rootsift-lightglue-r3200-k8192,rootsift,lightglue,3200,8192,568,100_0010_0048.JPG,100_0010_0054.JPG,5741,5677,841,749,0.8906064209274673,131.93588162762023,0.375,0.375,0.8933694958686829,False,ok,0.48743609999655746
D2_111_nadir,rootsift-lightglue-r3200-k8192,rootsift,lightglue,3200,8192,569,100_0010_0048.JPG,100_0010_0055.JPG,5741,5714,1928,1830,0.9491701244813278,320.266013300665,0.5625,0.5625,0.8856644630432129,False,ok,0.5031238000083249
D2_111_nadir,rootsift-lightglue-r3200-k8192,rootsift,lightglue,3200,8192,570,100_0010_0048.JPG,100_0010_0056.JPG,5741,5712,2655,2563,0.9653483992467043,448.7044817927171,0.734375,0.71875,0.8981170654296875,False,ok,0.5427743999898667
D2_111_nadir,rootsift-lightglue-r3200-k8192,rootsift,lightglue,3200,8192,571,100_0010_0048.JPG,100_0010_0057.JPG,5741,5770,2660,2573,0.9672932330827068,448.1797596237589,0.75,0.75,0.8983835577964783,False,ok,0.5554196000011871
D2_111_nadir,rootsift-lightglue-r3200-k8192,rootsift,lightglue,3200,8192,572,100_0010_0048.JPG,100_0010_0058.JPG,5741,5666,2143,2066,0.9640690620625292,364.63113307447935,0.5625,0.5625,0.9048621654510498,False,ok,0.5347646000009263
D2_111_nadir,rootsift-lightglue-r3200-k8192,rootsift,lightglue,3200,8192,573,100_0010_0049.JPG,100_0010_0050.JPG,5761,5743,3156,3100,0.982256020278834,539.787567473446,0.875,0.875,0.9025222659111023,False,ok,0.6441775000130292
D2_111_nadir,rootsift-lightglue-r3200-k8192,rootsift,lightglue,3200,8192,574,100_0010_0049.JPG,100_0010_0051.JPG,5761,5711,2161,2076,0.960666358167515,363.509017685169,0.75,0.75,0.912888765335083,False,ok,0.5506773999950383
D2_111_nadir,rootsift-lightglue-r3200-k8192,rootsift,lightglue,3200,8192,575,100_0010_0049.JPG,100_0010_0052.JPG,5761,5660,1981,1907,0.9626451287228672,336.9257950530035,0.65625,0.65625,0.9109728336334229,False,ok,0.5643372000049567
D2_111_nadir,rootsift-lightglue-r3200-k8192,rootsift,lightglue,3200,8192,576,100_0010_0049.JPG,100_0010_0053.JPG,5761,5674,1708,1630,0.9543325526932084,287.275290800141,0.625,0.5625,0.9025251865386963,False,ok,0.5648270999954548
D2_111_nadir,rootsift-lightglue-r3200-k8192,rootsift,lightglue,3200,8192,577,100_0010_0049.JPG,100_0010_0054.JPG,5761,5677,1640,1569,0.9567073170731707,276.37836885679053,0.5625,0.5625,0.9017705917358398,False,ok,0.543211699987296
D2_111_nadir,rootsift-lightglue-r3200-k8192,rootsift,lightglue,3200,8192,578,100_0010_0049.JPG,100_0010_0055.JPG,5761,5714,2698,2612,0.9681245366938473,457.12285614280717,0.75,0.71875,0.8848094940185547,False,ok,0.6168189999880269
D2_111_nadir,rootsift-lightglue-r3200-k8192,rootsift,lightglue,3200,8192,579,100_0010_0049.JPG,100_0010_0056.JPG,5761,5712,2655,2569,0.9676082862523541,449.7549019607843,0.75,0.75,0.8856596350669861,False,ok,0.6089742000040133
D2_111_nadir,rootsift-lightglue-r3200-k8192,rootsift,lightglue,3200,8192,580,100_0010_0049.JPG,100_0010_0057.JPG,5761,5770,1925,1832,0.9516883116883117,318.000347161951,0.5625,0.5625,0.889883279800415,False,ok,0.5405795999977272
D2_111_nadir,rootsift-lightglue-r3200-k8192,rootsift,lightglue,3200,8192,581,100_0010_0050.JPG,100_0010_0051.JPG,5743,5711,3510,3471,0.9888888888888889,607.7744703204343,0.875,0.875,0.8941938281059265,False,ok,0.17182680001133122
D2_111_nadir,rootsift-lightglue-r3200-k8192,rootsift,lightglue,3200,8192,582,100_0010_0050.JPG,100_0010_0052.JPG,5743,5660,3194,3116,0.9755792110206637,550.530035335689,0.765625,0.765625,0.9195494651794434,False,ok,0.20952230000693817
D2_111_nadir,rootsift-lightglue-r3200-k8192,rootsift,lightglue,3200,8192,583,100_0010_0050.JPG,100_0010_0053.JPG,5743,5674,2648,2570,0.9705438066465257,452.94324991187875,0.65625,0.65625,0.9146114587783813,False,ok,0.6170536999998149
D2_111_nadir,rootsift-lightglue-r3200-k8192,rootsift,lightglue,3200,8192,584,100_0010_0050.JPG,100_0010_0054.JPG,5743,5677,2564,2489,0.9707488299531981,438.43579355293286,0.671875,0.65625,0.9113444089889526,False,ok,0.40698210000118706
D2_111_nadir,rootsift-lightglue-r3200-k8192,rootsift,lightglue,3200,8192,585,100_0010_0050.JPG,100_0010_0055.JPG,5743,5714,2695,2602,0.9654916512059369,455.3727686384319,0.75,0.75,0.8942388296127319,False,ok,0.2407459999958519
D2_111_nadir,rootsift-lightglue-r3200-k8192,rootsift,lightglue,3200,8192,586,100_0010_0050.JPG,100_0010_0056.JPG,5743,5712,1784,1698,0.9517937219730942,297.2689075630252,0.5625,0.5625,0.8802191615104675,False,ok,0.509536500001559
D2_111_nadir,rootsift-lightglue-r3200-k8192,rootsift,lightglue,3200,8192,587,100_0010_0050.JPG,100_0010_0057.JPG,5743,5770,1059,958,0.9046270066100094,166.81177085147135,0.46875,0.46875,0.858515202999115,False,ok,0.543291699999827
D2_111_nadir,rootsift-lightglue-r3200-k8192,rootsift,lightglue,3200,8192,588,100_0010_0050.JPG,100_0010_0058.JPG,5743,5666,709,634,0.8942172073342737,111.89551711966114,0.265625,0.28125,0.8769968748092651,False,ok,0.6601197999989381
D2_111_nadir,rootsift-lightglue-r3200-k8192,rootsift,lightglue,3200,8192,589,100_0010_0051.JPG,100_0010_0052.JPG,5711,5660,3830,3800,0.9921671018276762,671.3780918727915,0.875,0.875,0.8931009769439697,False,ok,0.5742698999965796
D2_111_nadir,rootsift-lightglue-r3200-k8192,rootsift,lightglue,3200,8192,590,100_0010_0051.JPG,100_0010_0053.JPG,5711,5674,3060,2966,0.969281045751634,522.7352837504407,0.75,0.75,0.9209161996841431,False,ok,0.6338180999882752
D2_111_nadir,rootsift-lightglue-r3200-k8192,rootsift,lightglue,3200,8192,591,100_0010_0051.JPG,100_0010_0054.JPG,5711,5677,2930,2843,0.9703071672354949,500.79267218601376,0.75,0.75,0.9221146702766418,False,ok,0.5502957999997307
D2_111_nadir,rootsift-lightglue-r3200-k8192,rootsift,lightglue,3200,8192,592,100_0010_0051.JPG,100_0010_0055.JPG,5711,5714,2086,1992,0.9549376797698945,348.8005603221853,0.65625,0.640625,0.9027822017669678,False,ok,0.5754300999979023
D2_111_nadir,rootsift-lightglue-r3200-k8192,rootsift,lightglue,3200,8192,593,100_0010_0051.JPG,100_0010_0056.JPG,5711,5712,1168,1088,0.9315068493150684,190.50954298721766,0.46875,0.4375,0.8954363465309143,False,ok,0.48892450000857934
D2_111_nadir,rootsift-lightglue-r3200-k8192,rootsift,lightglue,3200,8192,594,100_0010_0051.JPG,100_0010_0057.JPG,5711,5770,520,448,0.8615384615384616,78.44510593591315,0.359375,0.359375,0.8641905784606934,False,ok,0.5945571999909589
D2_111_nadir,rootsift-lightglue-r3200-k8192,rootsift,lightglue,3200,8192,595,100_0010_0051.JPG,100_0010_0058.JPG,5711,5666,52,51,0.9807692307692307,9.001058948111542,0.140625,0.15625,0.4515925943851471,False,ok,0.37952110001060646
D2_111_nadir,rootsift-lightglue-r3200-k8192,rootsift,lightglue,3200,8192,596,100_0010_0051.JPG,100_0010_0059.JPG,5711,5621,1,0,0.0,0.0,0.0,0.0,0.13413116335868835,True,too_few_matches,0.579330900000059
D2_111_nadir,rootsift-lightglue-r3200-k8192,rootsift,lightglue,3200,8192,597,100_0010_0052.JPG,100_0010_0053.JPG,5660,5674,3722,3669,0.9857603439011284,648.2332155477031,0.96875,0.921875,0.8975902795791626,False,ok,0.4694294999935664
D2_111_nadir,rootsift-lightglue-r3200-k8192,rootsift,lightglue,3200,8192,598,100_0010_0052.JPG,100_0010_0054.JPG,5660,5677,3605,3548,0.9841886269070735,626.8551236749116,0.875,0.875,0.9279870390892029,False,ok,0.43560789999901317
D2_111_nadir,rootsift-lightglue-r3200-k8192,rootsift,lightglue,3200,8192,599,100_0010_0052.JPG,100_0010_0055.JPG,5660,5714,2485,2410,0.9698189134808853,425.79505300353355,0.765625,0.765625,0.9137837886810303,False,ok,0.10486930000479333
D2_111_nadir,rootsift-lightglue-r3200-k8192,rootsift,lightglue,3200,8192,600,100_0010_0052.JPG,100_0010_0056.JPG,5660,5712,1371,1269,0.925601750547046,224.20494699646642,0.546875,0.546875,0.8838754296302795,False,ok,0.10834500000055414
D2_111_nadir,rootsift-lightglue-r3200-k8192,rootsift,lightglue,3200,8192,601,100_0010_0052.JPG,100_0010_0057.JPG,5660,5770,622,539,0.8665594855305466,95.22968197879858,0.4375,0.4375,0.8684906363487244,False,ok,0.6307983000006061
D2_111_nadir,rootsift-lightglue-r3200-k8192,rootsift,lightglue,3200,8192,602,100_0010_0052.JPG,100_0010_0058.JPG,5660,5666,283,243,0.8586572438162544,42.93286219081272,0.1875,0.203125,0.7027844190597534,False,ok,0.2172571999981301
D2_111_nadir,rootsift-lightglue-r3200-k8192,rootsift,lightglue,3200,8192,603,100_0010_0052.JPG,100_0010_0059.JPG,5660,5621,1,0,0.0,0.0,0.0,0.0,0.10317345708608627,True,too_few_matches,0.6092417000036221
D2_111_nadir,rootsift-lightglue-r3200-k8192,rootsift,lightglue,3200,8192,604,100_0010_0052.JPG,100_0010_0060.JPG,5660,5637,4,0,0.0,0.0,0.0,0.0,0.12404908984899521,True,too_few_matches,0.358183000003919
D2_111_nadir,rootsift-lightglue-r3200-k8192,rootsift,lightglue,3200,8192,605,100_0010_0052.JPG,100_0010_0084.JPG,5660,5790,2046,1933,0.944770283479961,341.51943462897526,0.625,0.625,0.9070764183998108,False,ok,0.3263937000010628
D2_111_nadir,rootsift-lightglue-r3200-k8192,rootsift,lightglue,3200,8192,606,100_0010_0052.JPG,100_0010_0085.JPG,5660,5761,2237,2126,0.9503799731783639,375.6183745583039,0.625,0.609375,0.9071339964866638,False,ok,0.6424701000069035
D2_111_nadir,rootsift-lightglue-r3200-k8192,rootsift,lightglue,3200,8192,607,100_0010_0053.JPG,100_0010_0054.JPG,5674,5677,4431,4402,0.9934552019860077,775.819527670074,1.0,0.984375,0.9023848176002502,False,ok,0.7127980999939609
D2_111_nadir,rootsift-lightglue-r3200-k8192,rootsift,lightglue,3200,8192,608,100_0010_0053.JPG,100_0010_0055.JPG,5674,5714,2862,2790,0.9748427672955975,491.7166020444131,0.875,0.859375,0.9191288948059082,False,ok,0.3810336000024108
D2_111_nadir,rootsift-lightglue-r3200-k8192,rootsift,lightglue,3200,8192,609,100_0010_0053.JPG,100_0010_0056.JPG,5674,5712,1569,1480,0.9432759719566602,260.8389143461403,0.625,0.625,0.8985261917114258,False,ok,0.4241613000049256
D2_111_nadir,rootsift-lightglue-r3200-k8192,rootsift,lightglue,3200,8192,610,100_0010_0053.JPG,100_0010_0057.JPG,5674,5770,652,553,0.848159509202454,97.46210786041593,0.46875,0.453125,0.8790168762207031,False,ok,0.4728239999967627
D2_111_nadir,rootsift-lightglue-r3200-k8192,rootsift,lightglue,3200,8192,611,100_0010_0053.JPG,100_0010_0058.JPG,5674,5666,310,267,0.8612903225806452,47.123190963642784,0.203125,0.234375,0.736741304397583,False,ok,0.6275767000042833
D2_111_nadir,rootsift-lightglue-r3200-k8192,rootsift,lightglue,3200,8192,612,100_0010_0053.JPG,100_0010_0059.JPG,5674,5621,0,0,0.0,0.0,0.0,0.0,0.0,True,no_matches,0.5597943999891868
D2_111_nadir,rootsift-lightglue-r3200-k8192,rootsift,lightglue,3200,8192,613,100_0010_0053.JPG,100_0010_0060.JPG,5674,5637,2,0,0.0,0.0,0.0,0.0,0.16699185967445374,True,too_few_matches,0.3300218000076711
D2_111_nadir,rootsift-lightglue-r3200-k8192,rootsift,lightglue,3200,8192,614,100_0010_0053.JPG,100_0010_0061.JPG,5674,5614,3,0,0.0,0.0,0.0,0.0,0.1765952706336975,True,too_few_matches,0.4764061999885598
D2_111_nadir,rootsift-lightglue-r3200-k8192,rootsift,lightglue,3200,8192,615,100_0010_0053.JPG,100_0010_0083.JPG,5674,5863,1692,1590,0.9397163120567376,280.2255904124075,0.546875,0.515625,0.9059739708900452,False,ok,0.44444199999270495
D2_111_nadir,rootsift-lightglue-r3200-k8192,rootsift,lightglue,3200,8192,616,100_0010_0053.JPG,100_0010_0084.JPG,5674,5790,2669,2549,0.9550393405769951,449.24215720831864,0.734375,0.703125,0.9153438210487366,False,ok,0.47984710001037456
D2_111_nadir,rootsift-lightglue-r3200-k8192,rootsift,lightglue,3200,8192,617,100_0010_0053.JPG,100_0010_0085.JPG,5674,5761,2887,2775,0.9612054035330794,489.072964399013,0.75,0.75,0.9176270961761475,False,ok,0.41368209999927785
D2_111_nadir,rootsift-lightglue-r3200-k8192,rootsift,lightglue,3200,8192,618,100_0010_0054.JPG,100_0010_0055.JPG,5677,5714,2951,2873,0.973568281938326,506.0771534261053,0.875,0.875,0.9164773225784302,False,ok,0.08286470000166446
D2_111_nadir,rootsift-lightglue-r3200-k8192,rootsift,lightglue,3200,8192,619,100_0010_0054.JPG,100_0010_0056.JPG,5677,5712,1592,1492,0.9371859296482412,262.8148670072221,0.609375,0.59375,0.8968252539634705,False,ok,0.18274740000197198
D2_111_nadir,rootsift-lightglue-r3200-k8192,rootsift,lightglue,3200,8192,620,100_0010_0054.JPG,100_0010_0057.JPG,5677,5770,674,595,0.8827893175074184,104.80887792848335,0.484375,0.46875,0.8912196159362793,False,ok,0.2865546999964863
D2_111_nadir,rootsift-lightglue-r3200-k8192,rootsift,lightglue,3200,8192,621,100_0010_0054.JPG,100_0010_0058.JPG,5677,5666,341,288,0.844574780058651,50.829509354041654,0.21875,0.234375,0.7405022382736206,False,ok,0.47541630000341684
D2_111_nadir,rootsift-lightglue-r3200-k8192,rootsift,lightglue,3200,8192,622,100_0010_0054.JPG,100_0010_0059.JPG,5677,5621,0,0,0.0,0.0,0.0,0.0,0.0,True,no_matches,0.48676690000866074
D2_111_nadir,rootsift-lightglue-r3200-k8192,rootsift,lightglue,3200,8192,623,100_0010_0054.JPG,100_0010_0060.JPG,5677,5637,2,0,0.0,0.0,0.0,0.0,0.14829173684120178,True,too_few_matches,0.4909570000017993
D2_111_nadir,rootsift-lightglue-r3200-k8192,rootsift,lightglue,3200,8192,624,100_0010_0054.JPG,100_0010_0061.JPG,5677,5614,3,0,0.0,0.0,0.0,0.0,0.23449714481830597,True,too_few_matches,0.40692730000591837
D2_111_nadir,rootsift-lightglue-r3200-k8192,rootsift,lightglue,3200,8192,625,100_0010_0054.JPG,100_0010_0062.JPG,5677,5634,2,0,0.0,0.0,0.0,0.0,0.14016462862491608,True,too_few_matches,0.4152468999964185
D2_111_nadir,rootsift-lightglue-r3200-k8192,rootsift,lightglue,3200,8192,626,100_0010_0054.JPG,100_0010_0083.JPG,5677,5863,1750,1627,0.9297142857142857,286.5950325876343,0.5625,0.515625,0.9002759456634521,False,ok,0.37923600000794977
D2_111_nadir,rootsift-lightglue-r3200-k8192,rootsift,lightglue,3200,8192,627,100_0010_0054.JPG,100_0010_0084.JPG,5677,5790,2769,2650,0.9570241964608162,466.7958428747578,0.75,0.71875,0.9186226725578308,False,ok,0.42295029999513645
D2_111_nadir,rootsift-lightglue-r3200-k8192,rootsift,lightglue,3200,8192,628,100_0010_0054.JPG,100_0010_0085.JPG,5677,5761,2975,2864,0.9626890756302521,504.49180905407786,0.75,0.734375,0.9211810827255249,False,ok,0.41819650000252295
D2_111_nadir,rootsift-lightglue-r3200-k8192,rootsift,lightglue,3200,8192,629,100_0010_0054.JPG,100_0010_0086.JPG,5677,5779,2273,2144,0.943246810382754,377.6642592918795,0.625,0.609375,0.9094089269638062,False,ok,0.37872650001372676
D2_111_nadir,rootsift-lightglue-r3200-k8192,rootsift,lightglue,3200,8192,630,100_0010_0054.JPG,100_0010_0087.JPG,5677,5858,1721,1600,0.9296920395119117,281.83899947155186,0.484375,0.4375,0.8969337940216064,False,ok,0.36992969999846537
D2_111_nadir,rootsift-lightglue-r3200-k8192,rootsift,lightglue,3200,8192,631,100_0010_0054.JPG,100_0010_0088.JPG,5677,5859,1630,1506,0.9239263803680982,265.2809582525982,0.484375,0.453125,0.8949348330497742,False,ok,0.348141399997985
D2_111_nadir,rootsift-lightglue-r3200-k8192,rootsift,lightglue,3200,8192,632,100_0010_0055.JPG,100_0010_0056.JPG,5714,5712,3129,3071,0.9814637264301694,537.640056022409,0.859375,0.859375,0.9051271677017212,False,ok,0.43607840000186116
D2_111_nadir,rootsift-lightglue-r3200-k8192,rootsift,lightglue,3200,8192,633,100_0010_0055.JPG,100_0010_0057.JPG,5714,5770,2015,1925,0.9553349875930521,336.89184459222963,0.671875,0.671875,0.8943976759910583,False,ok,0.27723959999275394
D2_111_nadir,rootsift-lightglue-r3200-k8192,rootsift,lightglue,3200,8192,634,100_0010_0055.JPG,100_0010_0058.JPG,5714,5666,1541,1464,0.9500324464633355,258.3833392163784,0.46875,0.5,0.8762115240097046,False,ok,0.3146712000016123
D2_111_nadir,rootsift-lightglue-r3200-k8192,rootsift,lightglue,3200,8192,635,100_0010_0055.JPG,100_0010_0059.JPG,5714,5621,1114,1034,0.9281867145421903,183.95303326810176,0.28125,0.28125,0.8888945579528809,False,ok,0.3248235999926692
D2_111_nadir,rootsift-lightglue-r3200-k8192,rootsift,lightglue,3200,8192,636,100_0010_0055.JPG,100_0010_0060.JPG,5714,5637,69,68,0.9855072463768116,12.063154160014191,0.125,0.125,0.554736316204071,False,ok,0.40092069999082014
D2_111_nadir,rootsift-lightglue-r3200-k8192,rootsift,lightglue,3200,8192,637,100_0010_0055.JPG,100_0010_0061.JPG,5714,5614,4,0,0.0,0.0,0.0,0.0,0.1477050632238388,True,too_few_matches,0.4414434999926016
D2_111_nadir,rootsift-lightglue-r3200-k8192,rootsift,lightglue,3200,8192,638,100_0010_0055.JPG,100_0010_0062.JPG,5714,5634,1,0,0.0,0.0,0.0,0.0,0.1299026608467102,True,too_few_matches,0.5367407000012463
D2_111_nadir,rootsift-lightglue-r3200-k8192,rootsift,lightglue,3200,8192,639,100_0010_0055.JPG,100_0010_0063.JPG,5714,5731,0,0,0.0,0.0,0.0,0.0,0.0,True,no_matches,0.44774730000062846
D2_111_nadir,rootsift-lightglue-r3200-k8192,rootsift,lightglue,3200,8192,640,100_0010_0055.JPG,100_0010_0082.JPG,5714,5982,1770,1644,0.9288135593220339,287.714385719286,0.609375,0.609375,0.886425793170929,False,ok,0.36552980000851676
D2_111_nadir,rootsift-lightglue-r3200-k8192,rootsift,lightglue,3200,8192,641,100_0010_0055.JPG,100_0010_0083.JPG,5714,5863,2686,2593,0.9653760238272524,453.7976898844942,0.75,0.71875,0.9051612019538879,False,ok,0.41590870000072755
D2_111_nadir,rootsift-lightglue-r3200-k8192,rootsift,lightglue,3200,8192,642,100_0010_0055.JPG,100_0010_0084.JPG,5714,5790,2398,2303,0.9603836530442035,403.04515225761287,0.65625,0.640625,0.909382164478302,False,ok,0.4160801999969408
D2_111_nadir,rootsift-lightglue-r3200-k8192,rootsift,lightglue,3200,8192,643,100_0010_0055.JPG,100_0010_0085.JPG,5714,5761,2128,2027,0.9525375939849624,354.7427371368568,0.640625,0.65625,0.9112500548362732,False,ok,0.3582330000062939
D2_111_nadir,rootsift-lightglue-r3200-k8192,rootsift,lightglue,3200,8192,644,100_0010_0055.JPG,100_0010_0086.JPG,5714,5779,1657,1536,0.9269764634882317,268.8134406720336,0.515625,0.53125,0.8952460885047913,False,ok,0.32582869999168906
D2_111_nadir,rootsift-lightglue-r3200-k8192,rootsift,lightglue,3200,8192,645,100_0010_0056.JPG,100_0010_0057.JPG,5712,5770,3290,3222,0.9793313069908814,564.0756302521008,0.875,0.875,0.9137068390846252,False,ok,0.45772130000113975
D2_111_nadir,rootsift-lightglue-r3200-k8192,rootsift,lightglue,3200,8192,646,100_0010_0056.JPG,100_0010_0058.JPG,5712,5666,2624,2546,0.9702743902439024,449.3469819978821,0.625,0.609375,0.9082001447677612,False,ok,0.3693752000108361
D2_111_nadir,rootsift-lightglue-r3200-k8192,rootsift,lightglue,3200,8192,647,100_0010_0056.JPG,100_0010_0059.JPG,5712,5621,1965,1851,0.9419847328244275,329.3008361501512,0.5,0.5,0.8838835954666138,False,ok,0.35182300000451505
D2_111_nadir,rootsift-lightglue-r3200-k8192,rootsift,lightglue,3200,8192,648,100_0010_0056.JPG,100_0010_0060.JPG,5712,5637,934,843,0.9025695931477516,149.54763171899947,0.25,0.25,0.8871864080429077,False,ok,0.2827496000099927
D2_111_nadir,rootsift-lightglue-r3200-k8192,rootsift,lightglue,3200,8192,649,100_0010_0056.JPG,100_0010_0061.JPG,5712,5614,13,9,0.6923076923076923,1.6031350195938725,0.0625,0.09375,0.22248679399490356,True,ok,0.3372096999955829
D2_111_nadir,rootsift-lightglue-r3200-k8192,rootsift,lightglue,3200,8192,650,100_0010_0056.JPG,100_0010_0062.JPG,5712,5634,3,0,0.0,0.0,0.0,0.0,0.1861354112625122,True,too_few_matches,0.25842450000345707
D2_111_nadir,rootsift-lightglue-r3200-k8192,rootsift,lightglue,3200,8192,651,100_0010_0056.JPG,100_0010_0063.JPG,5712,5731,1,0,0.0,0.0,0.0,0.0,0.13289016485214233,True,too_few_matches,0.4158882000047015
D2_111_nadir,rootsift-lightglue-r3200-k8192,rootsift,lightglue,3200,8192,652,100_0010_0056.JPG,100_0010_0064.JPG,5712,5740,0,0,0.0,0.0,0.0,0.0,0.0,True,no_matches,0.42802550000487827
D2_111_nadir,rootsift-lightglue-r3200-k8192,rootsift,lightglue,3200,8192,653,100_0010_0056.JPG,100_0010_0081.JPG,5712,5889,2049,1940,0.9468033186920449,339.6358543417367,0.5625,0.59375,0.8957412242889404,False,ok,0.44314289999601897
D2_111_nadir,rootsift-lightglue-r3200-k8192,rootsift,lightglue,3200,8192,654,100_0010_0056.JPG,100_0010_0082.JPG,5712,5982,2686,2565,0.9549516008935219,449.0546218487395,0.75,0.734375,0.8966909050941467,False,ok,0.467592799992417
D2_111_nadir,rootsift-lightglue-r3200-k8192,rootsift,lightglue,3200,8192,655,100_0010_0056.JPG,100_0010_0083.JPG,5712,5863,2488,2388,0.9598070739549839,418.06722689075633,0.640625,0.625,0.9022768139839172,False,ok,0.42705270000442397
D2_111_nadir,rootsift-lightglue-r3200-k8192,rootsift,lightglue,3200,8192,656,100_0010_0056.JPG,100_0010_0084.JPG,5712,5790,1559,1460,0.9364977549711353,255.60224089635855,0.5625,0.5625,0.888628363609314,False,ok,0.3758375000033993
D2_111_nadir,rootsift-lightglue-r3200-k8192,rootsift,lightglue,3200,8192,657,100_0010_0056.JPG,100_0010_0085.JPG,5712,5761,1233,1144,0.9278183292781833,200.28011204481794,0.46875,0.46875,0.8972082734107971,False,ok,0.39671309999539517
D2_111_nadir,rootsift-lightglue-r3200-k8192,rootsift,lightglue,3200,8192,658,100_0010_0057.JPG,100_0010_0058.JPG,5770,5666,3587,3542,0.987454697518818,625.1323685139428,0.84375,0.859375,0.9200388193130493,False,ok,0.10287909999897238
D2_111_nadir,rootsift-lightglue-r3200-k8192,rootsift,lightglue,3200,8192,659,100_0010_0057.JPG,100_0010_0059.JPG,5770,5621,2704,2599,0.9611686390532544,462.373243195161,0.625,0.625,0.9024342894554138,False,ok,0.11267449999286328
D2_111_nadir,rootsift-lightglue-r3200-k8192,rootsift,lightglue,3200,8192,660,100_0010_0057.JPG,100_0010_0060.JPG,5770,5637,1567,1483,0.9463943841735801,263.08320028383895,0.5,0.5,0.8884802460670471,False,ok,0.11803650000365451
D2_111_nadir,rootsift-lightglue-r3200-k8192,rootsift,lightglue,3200,8192,661,100_0010_0057.JPG,100_0010_0061.JPG,5770,5614,697,621,0.890961262553802,110.6163163519772,0.25,0.25,0.8827822208404541,False,ok,0.10441159999754746
D2_111_nadir,rootsift-lightglue-r3200-k8192,rootsift,lightglue,3200,8192,662,100_0010_0057.JPG,100_0010_0062.JPG,5770,5634,9,8,0.8888888888888888,1.419950301739439,0.03125,0.046875,0.40321823954582214,True,ok,0.11682890000520274
D2_111_nadir,rootsift-lightglue-r3200-k8192,rootsift,lightglue,3200,8192,663,100_0010_0057.JPG,100_0010_0063.JPG,5770,5731,2,0,0.0,0.0,0.0,0.0,0.11365513503551483,True,too_few_matches,0.21770560000732075
D2_111_nadir,rootsift-lightglue-r3200-k8192,rootsift,lightglue,3200,8192,664,100_0010_0057.JPG,100_0010_0064.JPG,5770,5740,5,0,0.0,0.0,0.0,0.0,0.20022174715995789,True,too_few_matches,0.45281709999835584
D2_111_nadir,rootsift-lightglue-r3200-k8192,rootsift,lightglue,3200,8192,665,100_0010_0057.JPG,100_0010_0065.JPG,5770,5798,2,0,0.0,0.0,0.0,0.0,0.11408399045467377,True,too_few_matches,0.49245970000629313
D2_111_nadir,rootsift-lightglue-r3200-k8192,rootsift,lightglue,3200,8192,666,100_0010_0057.JPG,100_0010_0080.JPG,5770,5850,2470,2386,0.965991902834008,413.51819757365683,0.5625,0.546875,0.9149556159973145,False,ok,0.3272242999955779
D2_111_nadir,rootsift-lightglue-r3200-k8192,rootsift,lightglue,3200,8192,667,100_0010_0057.JPG,100_0010_0081.JPG,5770,5889,2864,2748,0.9594972067039106,476.25649913344887,0.671875,0.734375,0.9077746272087097,False,ok,0.45124420001229737
D2_111_nadir,rootsift-lightglue-r3200-k8192,rootsift,lightglue,3200,8192,668,100_0010_0057.JPG,100_0010_0082.JPG,5770,5982,2573,2464,0.9576369996113486,427.03639514731367,0.65625,0.640625,0.9040520787239075,False,ok,0.4763477999949828
D2_111_nadir,rootsift-lightglue-r3200-k8192,rootsift,lightglue,3200,8192,669,100_0010_0057.JPG,100_0010_0083.JPG,5770,5863,1747,1640,0.9387521465369204,284.2287694974003,0.546875,0.546875,0.9058034420013428,False,ok,0.1296029999939492
D2_111_nadir,rootsift-lightglue-r3200-k8192,rootsift,lightglue,3200,8192,670,100_0010_0058.JPG,100_0010_0059.JPG,5666,5621,3608,3569,0.989190687361419,634.9404020636897,0.875,0.875,0.9156084060668945,False,ok,0.1245753999974113
D2_111_nadir,rootsift-lightglue-r3200-k8192,rootsift,lightglue,3200,8192,671,100_0010_0058.JPG,100_0010_0060.JPG,5666,5637,2374,2287,0.9633529907329402,405.7122582934185,0.625,0.625,0.9069147706031799,False,ok,0.18716329999733716
D2_111_nadir,rootsift-lightglue-r3200-k8192,rootsift,lightglue,3200,8192,672,100_0010_0058.JPG,100_0010_0061.JPG,5666,5614,1435,1368,0.9533101045296167,243.67652297826862,0.5,0.5,0.8946176171302795,False,ok,0.513681299999007
D2_111_nadir,rootsift-lightglue-r3200-k8192,rootsift,lightglue,3200,8192,673,100_0010_0058.JPG,100_0010_0062.JPG,5666,5634,752,700,0.9308510638297872,124.24565140220092,0.25,0.25,0.9032341241836548,False,ok,0.5114224999997532
D2_111_nadir,rootsift-lightglue-r3200-k8192,rootsift,lightglue,3200,8192,674,100_0010_0058.JPG,100_0010_0063.JPG,5666,5731,9,9,1.0,1.5884221673138017,0.0625,0.0625,0.6005690097808838,True,ok,0.6633894999977201
D2_111_nadir,rootsift-lightglue-r3200-k8192,rootsift,lightglue,3200,8192,675,100_0010_0058.JPG,100_0010_0064.JPG,5666,5740,1,0,0.0,0.0,0.0,0.0,0.26170381903648376,True,too_few_matches,0.6451142000005348
D2_111_nadir,rootsift-lightglue-r3200-k8192,rootsift,lightglue,3200,8192,676,100_0010_0058.JPG,100_0010_0065.JPG,5666,5798,3,0,0.0,0.0,0.0,0.0,0.14185860753059387,True,too_few_matches,0.5859105999988969
D2_111_nadir,rootsift-lightglue-r3200-k8192,rootsift,lightglue,3200,8192,677,100_0010_0058.JPG,100_0010_0066.JPG,5666,5806,7,0,0.0,0.0,0.0,0.0,0.20270797610282898,True,too_few_matches,0.7188320999994176
D2_111_nadir,rootsift-lightglue-r3200-k8192,rootsift,lightglue,3200,8192,678,100_0010_0058.JPG,100_0010_0079.JPG,5666,5777,2321,2241,0.96553209823352,395.51711966113663,0.578125,0.53125,0.9129405617713928,False,ok,0.5670543999876827
D2_111_nadir,rootsift-lightglue-r3200-k8192,rootsift,lightglue,3200,8192,679,100_0010_0058.JPG,100_0010_0080.JPG,5666,5850,2971,2879,0.9690339952877819,508.1186021884928,0.6875,0.71875,0.9141302108764648,False,ok,0.6454888000007486
D2_111_nadir,rootsift-lightglue-r3200-k8192,rootsift,lightglue,3200,8192,680,100_0010_0058.JPG,100_0010_0081.JPG,5666,5889,2790,2686,0.9627240143369176,474.0557712672079,0.6875,0.65625,0.9096667170524597,False,ok,0.6413533000013558
D2_111_nadir,rootsift-lightglue-r3200-k8192,rootsift,lightglue,3200,8192,681,100_0010_0058.JPG,100_0010_0082.JPG,5666,5982,2184,2070,0.9478021978021978,365.3370984821744,0.546875,0.5,0.9073508381843567,False,ok,0.5653883999912068
D2_111_nadir,rootsift-lightglue-r3200-k8192,rootsift,lightglue,3200,8192,682,100_0010_0059.JPG,100_0010_0060.JPG,5621,5637,3361,3318,0.9872061886343351,590.2864259028643,0.875,0.875,0.914888858795166,False,ok,0.31625929998699576
D2_111_nadir,rootsift-lightglue-r3200-k8192,rootsift,lightglue,3200,8192,683,100_0010_0059.JPG,100_0010_0061.JPG,5621,5614,2258,2199,0.9738706820194862,391.6993231207695,0.625,0.625,0.9171005487442017,False,ok,0.10137429999304004
D2_111_nadir,rootsift-lightglue-r3200-k8192,rootsift,lightglue,3200,8192,684,100_0010_0059.JPG,100_0010_0062.JPG,5621,5634,1502,1421,0.9460719041278296,252.80199252801992,0.5,0.5,0.8973579406738281,False,ok,0.08328719998826273
D2_111_nadir,rootsift-lightglue-r3200-k8192,rootsift,lightglue,3200,8192,685,100_0010_0059.JPG,100_0010_0063.JPG,5621,5731,799,747,0.934918648310388,132.89450275751645,0.25,0.25,0.905282735824585,False,ok,0.09299570000439417
D2_111_nadir,rootsift-lightglue-r3200-k8192,rootsift,lightglue,3200,8192,686,100_0010_0059.JPG,100_0010_0064.JPG,5621,5740,2,0,0.0,0.0,0.0,0.0,0.39449256658554077,True,too_few_matches,0.11307140000280924
D2_111_nadir,rootsift-lightglue-r3200-k8192,rootsift,lightglue,3200,8192,687,100_0010_0059.JPG,100_0010_0065.JPG,5621,5798,0,0,0.0,0.0,0.0,0.0,0.0,True,no_matches,0.13679129999945872
D2_111_nadir,rootsift-lightglue-r3200-k8192,rootsift,lightglue,3200,8192,688,100_0010_0059.JPG,100_0010_0066.JPG,5621,5806,4,0,0.0,0.0,0.0,0.0,0.1281508505344391,True,too_few_matches,0.13003800000296906
D2_111_nadir,rootsift-lightglue-r3200-k8192,rootsift,lightglue,3200,8192,689,100_0010_0059.JPG,100_0010_0067.JPG,5621,5939,2,0,0.0,0.0,0.0,0.0,0.1880701780319214,True,too_few_matches,0.2437725999916438
D2_111_nadir,rootsift-lightglue-r3200-k8192,rootsift,lightglue,3200,8192,690,100_0010_0059.JPG,100_0010_0078.JPG,5621,5770,2157,2068,0.9587389893370422,367.9060665362035,0.578125,0.53125,0.9010153412818909,False,ok,0.22241589998884592
D2_111_nadir,rootsift-lightglue-r3200-k8192,rootsift,lightglue,3200,8192,691,100_0010_0059.JPG,100_0010_0079.JPG,5621,5777,2985,2896,0.9701842546063651,515.2108165806796,0.75,0.703125,0.905670702457428,False,ok,0.11340560000098776
D2_111_nadir,rootsift-lightglue-r3200-k8192,rootsift,lightglue,3200,8192,692,100_0010_0059.JPG,100_0010_0080.JPG,5621,5850,2837,2766,0.974973563623546,492.08325920654687,0.6875,0.65625,0.9140768647193909,False,ok,0.3039767000009306
D2_111_nadir,rootsift-lightglue-r3200-k8192,rootsift,lightglue,3200,8192,693,100_0010_0059.JPG,100_0010_0081.JPG,5621,5889,2306,2224,0.9644405897658282,395.65913538516276,0.5625,0.515625,0.9136922955513,False,ok,0.11438539999653585
D2_111_nadir,rootsift-lightglue-r3200-k8192,rootsift,lightglue,3200,8192,694,100_0010_0059.JPG,100_0010_0110.JPG,5621,5910,1485,1364,0.9185185185185185,242.6614481409002,0.71875,0.46875,0.8857446312904358,False,ok,0.11478709999937564
D2_111_nadir,rootsift-lightglue-r3200-k8192,rootsift,lightglue,3200,8192,695,100_0010_0059.JPG,100_0010_0111.JPG,5621,5938,1190,1093,0.9184873949579831,194.44938623020815,0.453125,0.40625,0.9105657339096069,False,ok,0.11910229999921285
D2_111_nadir,rootsift-lightglue-r3200-k8192,rootsift,lightglue,3200,8192,696,100_0010_0060.JPG,100_0010_0061.JPG,5637,5614,3329,3296,0.9900871132472214,587.1036693979337,0.875,0.875,0.8821448087692261,False,ok,0.13959289999911562
D2_111_nadir,rootsift-lightglue-r3200-k8192,rootsift,lightglue,3200,8192,697,100_0010_0060.JPG,100_0010_0062.JPG,5637,5634,2412,2336,0.9684908789386402,414.6254881079162,0.625,0.625,0.9160004258155823,False,ok,0.14923450000060257
D2_111_nadir,rootsift-lightglue-r3200-k8192,rootsift,lightglue,3200,8192,698,100_0010_0060.JPG,100_0010_0063.JPG,5637,5731,1588,1498,0.9433249370277078,265.74419017207737,0.5,0.5,0.893696129322052,False,ok,0.17890479999186937
D2_111_nadir,rootsift-lightglue-r3200-k8192,rootsift,lightglue,3200,8192,699,100_0010_0060.JPG,100_0010_0064.JPG,5637,5740,805,742,0.9217391304347826,131.63029980486075,0.25,0.25,0.90321946144104,False,ok,0.19592369999736547
D2_111_nadir,rootsift-lightglue-r3200-k8192,rootsift,lightglue,3200,8192,700,100_0010_0060.JPG,100_0010_0065.JPG,5637,5798,0,0,0.0,0.0,0.0,0.0,0.0,True,no_matches,0.31571679998887703
D2_111_nadir,rootsift-lightglue-r3200-k8192,rootsift,lightglue,3200,8192,701,100_0010_0060.JPG,100_0010_0066.JPG,5637,5806,4,0,0.0,0.0,0.0,0.0,0.14179246127605438,True,too_few_matches,0.3316077000054065
D2_111_nadir,rootsift-lightglue-r3200-k8192,rootsift,lightglue,3200,8192,702,100_0010_0060.JPG,100_0010_0067.JPG,5637,5939,1,0,0.0,0.0,0.0,0.0,0.33385029435157776,True,too_few_matches,0.36079099999915343
D2_111_nadir,rootsift-lightglue-r3200-k8192,rootsift,lightglue,3200,8192,703,100_0010_0060.JPG,100_0010_0068.JPG,5637,6042,5,0,0.0,0.0,0.0,0.0,0.2120896279811859,True,too_few_matches,0.31746530000236817
D2_111_nadir,rootsift-lightglue-r3200-k8192,rootsift,lightglue,3200,8192,704,100_0010_0060.JPG,100_0010_0078.JPG,5637,5770,2945,2859,0.9707979626485569,507.18467269824373,0.75,0.71875,0.8987727761268616,False,ok,0.3475386000063736
D2_111_nadir,rootsift-lightglue-r3200-k8192,rootsift,lightglue,3200,8192,705,100_0010_0060.JPG,100_0010_0079.JPG,5637,5777,2834,2757,0.9728299223712068,489.0899414582225,0.671875,0.609375,0.9032684564590454,False,ok,0.32335239999520127
D2_111_nadir,rootsift-lightglue-r3200-k8192,rootsift,lightglue,3200,8192,706,100_0010_0060.JPG,100_0010_0080.JPG,5637,5850,2163,2080,0.9616273693943597,368.99059783572824,0.5625,0.515625,0.9088906645774841,False,ok,0.2867536999983713
D2_111_nadir,rootsift-lightglue-r3200-k8192,rootsift,lightglue,3200,8192,707,100_0010_0060.JPG,100_0010_0109.JPG,5637,5886,1376,1251,0.909156976744186,221.92655667908463,0.625,0.46875,0.8918128609657288,False,ok,0.2652001999958884
D2_111_nadir,rootsift-lightglue-r3200-k8192,rootsift,lightglue,3200,8192,708,100_0010_0060.JPG,100_0010_0110.JPG,5637,5910,996,890,0.893574297188755,157.88540003547988,0.484375,0.375,0.9003337621688843,False,ok,0.28595010000572074
D2_111_nadir,rootsift-lightglue-r3200-k8192,rootsift,lightglue,3200,8192,709,100_0010_0060.JPG,100_0010_0111.JPG,5637,5938,630,572,0.9079365079365079,101.47241440482526,0.3125,0.328125,0.9068941473960876,False,ok,0.253317299997434
D2_111_nadir,rootsift-lightglue-r3200-k8192,rootsift,lightglue,3200,8192,710,100_0010_0061.JPG,100_0010_0062.JPG,5614,5634,3422,3392,0.9912331969608417,604.2037762736018,0.875,0.875,0.890957236289978,False,ok,0.26807749998988584
D2_111_nadir,rootsift-lightglue-r3200-k8192,rootsift,lightglue,3200,8192,711,100_0010_0061.JPG,100_0010_0063.JPG,5614,5731,2531,2461,0.9723429474516001,438.36836480228004,0.625,0.625,0.9167376160621643,False,ok,0.24707269998907577
D2_111_nadir,rootsift-lightglue-r3200-k8192,rootsift,lightglue,3200,8192,712,100_0010_0061.JPG,100_0010_0064.JPG,5614,5740,1705,1619,0.9495601173020528,288.38617741360883,0.5,0.5,0.9023652076721191,False,ok,0.24120720000064466
D2_111_nadir,rootsift-lightglue-r3200-k8192,rootsift,lightglue,3200,8192,713,100_0010_0061.JPG,100_0010_0065.JPG,5614,5798,958,910,0.9498956158663883,162.09476309226932,0.25,0.25,0.9169158339500427,False,ok,0.252324300003238
D2_111_nadir,rootsift-lightglue-r3200-k8192,rootsift,lightglue,3200,8192,714,100_0010_0061.JPG,100_0010_0066.JPG,5614,5806,2,0,0.0,0.0,0.0,0.0,0.2263057827949524,True,too_few_matches,0.3351362999965204
D2_111_nadir,rootsift-lightglue-r3200-k8192,rootsift,lightglue,3200,8192,715,100_0010_0061.JPG,100_0010_0067.JPG,5614,5939,1,0,0.0,0.0,0.0,0.0,0.12606266140937805,True,too_few_matches,0.3599116999976104
D2_111_nadir,rootsift-lightglue-r3200-k8192,rootsift,lightglue,3200,8192,716,100_0010_0061.JPG,100_0010_0068.JPG,5614,6042,0,0,0.0,0.0,0.0,0.0,0.0,True,no_matches,0.33599919998960104
D2_111_nadir,rootsift-lightglue-r3200-k8192,rootsift,lightglue,3200,8192,717,100_0010_0061.JPG,100_0010_0069.JPG,5614,6111,2,0,0.0,0.0,0.0,0.0,0.11452596634626389,True,too_few_matches,0.34536339998885524
D2_111_nadir,rootsift-lightglue-r3200-k8192,rootsift,lightglue,3200,8192,718,100_0010_0061.JPG,100_0010_0077.JPG,5614,5701,2935,2843,0.9686541737649063,506.4125400783755,0.75,0.71875,0.9027498364448547,False,ok,0.3130131999932928
D2_111_nadir,rootsift-lightglue-r3200-k8192,rootsift,lightglue,3200,8192,719,100_0010_0061.JPG,100_0010_0078.JPG,5614,5770,2770,2688,0.9703971119133574,478.80299251870326,0.65625,0.609375,0.9050315618515015,False,ok,0.2364609000069322
D2_111_nadir,rootsift-lightglue-r3200-k8192,rootsift,lightglue,3200,8192,720,100_0010_0061.JPG,100_0010_0079.JPG,5614,5777,2180,2096,0.9614678899082569,373.35233345208405,0.5625,0.515625,0.8995655179023743,False,ok,0.22048530000029132
D2_111_nadir,rootsift-lightglue-r3200-k8192,rootsift,lightglue,3200,8192,721,100_0010_0061.JPG,100_0010_0108.JPG,5614,5858,1297,1184,0.912875867386276,210.90131813323833,0.609375,0.46875,0.8561914563179016,False,ok,0.193646899992018
D2_111_nadir,rootsift-lightglue-r3200-k8192,rootsift,lightglue,3200,8192,722,100_0010_0061.JPG,100_0010_0109.JPG,5614,5886,891,854,0.9584736251402918,152.11970074812967,0.484375,0.375,0.9022532105445862,False,ok,0.08991970001079608
D2_111_nadir,rootsift-lightglue-r3200-k8192,rootsift,lightglue,3200,8192,723,100_0010_0061.JPG,100_0010_0110.JPG,5614,5910,495,442,0.8929292929292929,78.73174207338796,0.265625,0.234375,0.8443703055381775,False,ok,0.1402587000047788
D2_111_nadir,rootsift-lightglue-r3200-k8192,rootsift,lightglue,3200,8192,724,100_0010_0061.JPG,100_0010_0111.JPG,5614,5938,153,129,0.8431372549019608,22.978268614178837,0.109375,0.109375,0.5913270711898804,False,ok,0.2584551000036299
D2_111_nadir,rootsift-lightglue-r3200-k8192,rootsift,lightglue,3200,8192,725,100_0010_0062.JPG,100_0010_0063.JPG,5634,5731,3432,3408,0.993006993006993,604.8988285410011,0.875,0.875,0.8884893655776978,False,ok,0.12205279999761842
D2_111_nadir,rootsift-lightglue-r3200-k8192,rootsift,lightglue,3200,8192,726,100_0010_0062.JPG,100_0010_0064.JPG,5634,5740,2604,2534,0.9731182795698925,449.76925807596734,0.625,0.625,0.9113720655441284,False,ok,0.5550494000053732
D2_111_nadir,rootsift-lightglue-r3200-k8192,rootsift,lightglue,3200,8192,727,100_0010_0062.JPG,100_0010_0065.JPG,5634,5798,1792,1720,0.9598214285714286,305.28931487397944,0.484375,0.5,0.8912215232849121,False,ok,0.4183270000066841
D2_111_nadir,rootsift-lightglue-r3200-k8192,rootsift,lightglue,3200,8192,728,100_0010_0062.JPG,100_0010_0066.JPG,5634,5806,891,814,0.9135802469135802,144.47994320198794,0.25,0.25,0.8646814823150635,False,ok,0.5069675999984611
D2_111_nadir,rootsift-lightglue-r3200-k8192,rootsift,lightglue,3200,8192,729,100_0010_0062.JPG,100_0010_0067.JPG,5634,5939,4,0,0.0,0.0,0.0,0.0,0.1444021463394165,True,too_few_matches,0.5813148000015644
D2_111_nadir,rootsift-lightglue-r3200-k8192,rootsift,lightglue,3200,8192,730,100_0010_0062.JPG,100_0010_0068.JPG,5634,6042,0,0,0.0,0.0,0.0,0.0,0.0,True,no_matches,0.5896005000104196
D2_111_nadir,rootsift-lightglue-r3200-k8192,rootsift,lightglue,3200,8192,731,100_0010_0062.JPG,100_0010_0069.JPG,5634,6111,3,0,0.0,0.0,0.0,0.0,0.1786280870437622,True,too_few_matches,0.6286019999970449
D2_111_nadir,rootsift-lightglue-r3200-k8192,rootsift,lightglue,3200,8192,732,100_0010_0062.JPG,100_0010_0070.JPG,5634,6232,2,0,0.0,0.0,0.0,0.0,0.13105317950248718,True,too_few_matches,0.6549853000033181
D2_111_nadir,rootsift-lightglue-r3200-k8192,rootsift,lightglue,3200,8192,733,100_0010_0062.JPG,100_0010_0076.JPG,5634,5707,2934,2818,0.9604635310156783,500.1774937877174,0.734375,0.734375,0.8893589377403259,False,ok,0.5829832000017632
D2_111_nadir,rootsift-lightglue-r3200-k8192,rootsift,lightglue,3200,8192,734,100_0010_0062.JPG,100_0010_0077.JPG,5634,5701,2874,2780,0.9672929714683368,493.4327298544551,0.65625,0.640625,0.9000167846679688,False,ok,0.5615757000050507
D2_111_nadir,rootsift-lightglue-r3200-k8192,rootsift,lightglue,3200,8192,735,100_0010_0062.JPG,100_0010_0078.JPG,5634,5770,2235,2134,0.9548098434004474,378.7717429889954,0.5625,0.53125,0.9002087712287903,False,ok,0.566610199995921
D2_111_nadir,rootsift-lightglue-r3200-k8192,rootsift,lightglue,3200,8192,736,100_0010_0062.JPG,100_0010_0107.JPG,5634,5856,1270,1118,0.8803149606299212,198.4380546680866,0.4375,0.421875,0.916304349899292,False,ok,0.5226303999952506
D2_111_nadir,rootsift-lightglue-r3200-k8192,rootsift,lightglue,3200,8192,737,100_0010_0062.JPG,100_0010_0108.JPG,5634,5858,959,880,0.9176225234619395,156.1945331913383,0.375,0.359375,0.885776937007904,False,ok,0.46439129998907447
D2_111_nadir,rootsift-lightglue-r3200-k8192,rootsift,lightglue,3200,8192,738,100_0010_0062.JPG,100_0010_0109.JPG,5634,5886,545,519,0.9522935779816514,92.11927582534611,0.25,0.25,0.8871190547943115,False,ok,0.4854992000036873
D2_111_nadir,rootsift-lightglue-r3200-k8192,rootsift,lightglue,3200,8192,739,100_0010_0062.JPG,100_0010_0110.JPG,5634,5910,29,17,0.5862068965517241,3.017394391196308,0.046875,0.046875,0.40393149852752686,False,ok,0.5761691000079736
D2_111_nadir,rootsift-lightglue-r3200-k8192,rootsift,lightglue,3200,8192,740,100_0010_0062.JPG,100_0010_0111.JPG,5634,5938,0,0,0.0,0.0,0.0,0.0,0.0,True,no_matches,0.5847940999956336
D2_111_nadir,rootsift-lightglue-r3200-k8192,rootsift,lightglue,3200,8192,741,100_0010_0063.JPG,100_0010_0064.JPG,5731,5740,3617,3581,0.9900470002764722,624.8473215843658,0.875,0.859375,0.8823186755180359,False,ok,0.5449274999991758
D2_111_nadir,rootsift-lightglue-r3200-k8192,rootsift,lightglue,3200,8192,742,100_0010_0063.JPG,100_0010_0065.JPG,5731,5798,2696,2630,0.9755192878338279,458.907694992148,0.625,0.625,0.9018729329109192,False,ok,0.5943515999970259
D2_111_nadir,rootsift-lightglue-r3200-k8192,rootsift,lightglue,3200,8192,743,100_0010_0063.JPG,100_0010_0066.JPG,5731,5806,1809,1679,0.9281370923161968,292.9680683999302,0.5,0.453125,0.8994279503822327,False,ok,0.6049560999963433
D2_111_nadir,rootsift-lightglue-r3200-k8192,rootsift,lightglue,3200,8192,744,100_0010_0063.JPG,100_0010_0067.JPG,5731,5939,922,816,0.8850325379609545,142.38352818007328,0.25,0.25,0.8471406698226929,False,ok,0.532941600002232
D2_111_nadir,rootsift-lightglue-r3200-k8192,rootsift,lightglue,3200,8192,745,100_0010_0063.JPG,100_0010_0068.JPG,5731,6042,17,15,0.8823529411764706,2.617344268016053,0.078125,0.078125,0.4793030321598053,False,ok,0.5860957999975653
D2_111_nadir,rootsift-lightglue-r3200-k8192,rootsift,lightglue,3200,8192,746,100_0010_0063.JPG,100_0010_0069.JPG,5731,6111,23,22,0.9565217391304348,3.838771593090211,0.0625,0.046875,0.4749687910079956,False,ok,0.5825000000040745
D2_111_nadir,rootsift-lightglue-r3200-k8192,rootsift,lightglue,3200,8192,747,100_0010_0063.JPG,100_0010_0070.JPG,5731,6232,243,176,0.7242798353909465,30.71017274472169,0.109375,0.078125,0.589589536190033,False,ok,0.9667196999944281
D2_111_nadir,rootsift-lightglue-r3200-k8192,rootsift,lightglue,3200,8192,748,100_0010_0063.JPG,100_0010_0071.JPG,5731,6275,365,269,0.736986301369863,46.937707206421216,0.09375,0.078125,0.7247170805931091,False,ok,0.824843399997917
D2_111_nadir,rootsift-lightglue-r3200-k8192,rootsift,lightglue,3200,8192,749,100_0010_0063.JPG,100_0010_0075.JPG,5731,5619,3115,3021,0.9698234349919743,537.6401494927923,0.75,0.71875,0.8890568017959595,False,ok,0.628650699989521
D2_111_nadir,rootsift-lightglue-r3200-k8192,rootsift,lightglue,3200,8192,750,100_0010_0063.JPG,100_0010_0076.JPG,5731,5707,2935,2847,0.9700170357751278,498.8610478359909,0.65625,0.671875,0.9004181027412415,False,ok,0.5511287000117591
D2_111_nadir,rootsift-lightglue-r3200-k8192,rootsift,lightglue,3200,8192,751,100_0010_0063.JPG,100_0010_0106.JPG,5731,5805,1207,1075,0.8906379453189727,187.57633920781714,0.4375,0.3125,0.8692251443862915,False,ok,0.4593447999941418
D2_111_nadir,rootsift-lightglue-r3200-k8192,rootsift,lightglue,3200,8192,752,100_0010_0063.JPG,100_0010_0107.JPG,5731,5856,838,712,0.8496420047732697,124.23660792182865,0.328125,0.3125,0.8952471613883972,False,ok,0.4515756000037072
D2_111_nadir,rootsift-lightglue-r3200-k8192,rootsift,lightglue,3200,8192,753,100_0010_0063.JPG,100_0010_0108.JPG,5731,5858,499,442,0.8857715430861723,77.12441109753969,0.234375,0.234375,0.8854495286941528,False,ok,0.4926387000014074
D2_111_nadir,rootsift-lightglue-r3200-k8192,rootsift,lightglue,3200,8192,754,100_0010_0063.JPG,100_0010_0109.JPG,5731,5886,2,0,0.0,0.0,0.0,0.0,0.14547917246818542,True,too_few_matches,0.5638009000103921
D2_111_nadir,rootsift-lightglue-r3200-k8192,rootsift,lightglue,3200,8192,755,100_0010_0063.JPG,100_0010_0110.JPG,5731,5910,1,0,0.0,0.0,0.0,0.0,0.13501378893852234,True,too_few_matches,0.5664405999996234
D2_111_nadir,rootsift-lightglue-r3200-k8192,rootsift,lightglue,3200,8192,756,100_0010_0063.JPG,100_0010_0111.JPG,5731,5938,3,0,0.0,0.0,0.0,0.0,0.12915296852588654,True,too_few_matches,0.5324219999893103
D2_111_nadir,rootsift-lightglue-r3200-k8192,rootsift,lightglue,3200,8192,757,100_0010_0064.JPG,100_0010_0065.JPG,5740,5798,3455,3420,0.9898697539797395,595.8188153310105,0.875,0.875,0.8722543120384216,False,ok,0.5272341999952914
D2_111_nadir,rootsift-lightglue-r3200-k8192,rootsift,lightglue,3200,8192,758,100_0010_0064.JPG,100_0010_0066.JPG,5740,5806,2392,2314,0.967391304347826,403.13588850174216,0.625,0.625,0.8803747892379761,False,ok,0.5144053999974858
D2_111_nadir,rootsift-lightglue-r3200-k8192,rootsift,lightglue,3200,8192,759,100_0010_0064.JPG,100_0010_0067.JPG,5740,5939,1385,1250,0.9025270758122743,217.77003484320556,0.484375,0.453125,0.872751772403717,False,ok,0.5256362000072841
D2_111_nadir,rootsift-lightglue-r3200-k8192,rootsift,lightglue,3200,8192,760,100_0010_0064.JPG,100_0010_0068.JPG,5740,6042,631,525,0.8320126782884311,91.46341463414635,0.328125,0.34375,0.7797681093215942,False,ok,0.6376485000073444
D2_111_nadir,rootsift-lightglue-r3200-k8192,rootsift,lightglue,3200,8192,761,100_0010_0064.JPG,100_0010_0069.JPG,5740,6111,609,499,0.819376026272578,86.93379790940766,0.3125,0.28125,0.7970491647720337,False,ok,0.6125804000039352
D2_111_nadir,rootsift-lightglue-r3200-k8192,rootsift,lightglue,3200,8192,762,100_0010_0064.JPG,100_0010_0070.JPG,5740,6232,577,470,0.8145580589254766,81.88153310104529,0.265625,0.25,0.7928797602653503,False,ok,0.6382568999979412
D2_111_nadir,rootsift-lightglue-r3200-k8192,rootsift,lightglue,3200,8192,763,100_0010_0064.JPG,100_0010_0071.JPG,5740,6275,679,551,0.8114874815905744,95.99303135888502,0.265625,0.25,0.7976962327957153,False,ok,0.6079878000018653
D2_111_nadir,rootsift-lightglue-r3200-k8192,rootsift,lightglue,3200,8192,764,100_0010_0064.JPG,100_0010_0072.JPG,5740,6025,1651,1484,0.8988491823137492,258.5365853658537,0.46875,0.4375,0.8925840258598328,False,ok,0.5299769999983255
D2_111_nadir,rootsift-lightglue-r3200-k8192,rootsift,lightglue,3200,8192,765,100_0010_0064.JPG,100_0010_0074.JPG,5740,5733,3063,2982,0.9735553379040157,520.1465201465202,0.75,0.75,0.8903912901878357,False,ok,0.6023903000022983
D2_111_nadir,rootsift-lightglue-r3200-k8192,rootsift,lightglue,3200,8192,766,100_0010_0064.JPG,100_0010_0075.JPG,5740,5619,2958,2865,0.9685598377281948,509.8772023491725,0.671875,0.671875,0.8915042281150818,False,ok,0.5814307999971788
D2_111_nadir,rootsift-lightglue-r3200-k8192,rootsift,lightglue,3200,8192,767,100_0010_0064.JPG,100_0010_0106.JPG,5740,5805,700,565,0.8071428571428572,98.43205574912892,0.203125,0.21875,0.9007521271705627,False,ok,0.5140646000072593
D2_111_nadir,rootsift-lightglue-r3200-k8192,rootsift,lightglue,3200,8192,768,100_0010_0064.JPG,100_0010_0107.JPG,5740,5856,279,233,0.8351254480286738,40.59233449477352,0.109375,0.109375,0.7997904419898987,False,ok,0.6355358000000706
D2_111_nadir,rootsift-lightglue-r3200-k8192,rootsift,lightglue,3200,8192,769,100_0010_0064.JPG,100_0010_0108.JPG,5740,5858,0,0,0.0,0.0,0.0,0.0,0.0,True,no_matches,0.5608374999865191
D2_111_nadir,rootsift-lightglue-r3200-k8192,rootsift,lightglue,3200,8192,770,100_0010_0064.JPG,100_0010_0109.JPG,5740,5886,1,0,0.0,0.0,0.0,0.0,0.1444036364555359,True,too_few_matches,0.6347619000007398
D2_111_nadir,rootsift-lightglue-r3200-k8192,rootsift,lightglue,3200,8192,771,100_0010_0065.JPG,100_0010_0066.JPG,5798,5806,3352,3258,0.9719570405727923,561.9179027250776,0.875,0.875,0.8869389295578003,False,ok,0.7088039000082063
D2_111_nadir,rootsift-lightglue-r3200-k8192,rootsift,lightglue,3200,8192,772,100_0010_0065.JPG,100_0010_0067.JPG,5798,5939,2241,2058,0.9183400267737617,354.94998275267335,0.609375,0.609375,0.8377125859260559,False,ok,0.5380748000025051
D2_111_nadir,rootsift-lightglue-r3200-k8192,rootsift,lightglue,3200,8192,773,100_0010_0065.JPG,100_0010_0068.JPG,5798,6042,1500,1296,0.864,223.52535357019661,0.484375,0.484375,0.8279427289962769,False,ok,0.5728906000003917
D2_111_nadir,rootsift-lightglue-r3200-k8192,rootsift,lightglue,3200,8192,774,100_0010_0065.JPG,100_0010_0069.JPG,5798,6111,1301,1087,0.8355111452728671,187.47844084166954,0.4375,0.421875,0.8259831070899963,False,ok,0.5804191999923205
D2_111_nadir,rootsift-lightglue-r3200-k8192,rootsift,lightglue,3200,8192,775,100_0010_0065.JPG,100_0010_0070.JPG,5798,6232,1134,960,0.8465608465608465,165.57433597792343,0.34375,0.359375,0.8258365392684937,False,ok,0.5642353000002913
D2_111_nadir,rootsift-lightglue-r3200-k8192,rootsift,lightglue,3200,8192,776,100_0010_0065.JPG,100_0010_0071.JPG,5798,6275,1221,1011,0.828009828009828,174.37047257675061,0.421875,0.359375,0.8192436695098877,False,ok,0.58788980000827
D2_111_nadir,rootsift-lightglue-r3200-k8192,rootsift,lightglue,3200,8192,777,100_0010_0065.JPG,100_0010_0072.JPG,5798,6025,2145,2001,0.9328671328671329,345.11900655398415,0.53125,0.5625,0.8559848070144653,False,ok,0.5537560999946436
D2_111_nadir,rootsift-lightglue-r3200-k8192,rootsift,lightglue,3200,8192,778,100_0010_0065.JPG,100_0010_0073.JPG,5798,5817,2937,2836,0.9656111678583589,489.13418420144876,0.6875,0.75,0.8718434572219849,False,ok,0.6057303999987198
D2_111_nadir,rootsift-lightglue-r3200-k8192,rootsift,lightglue,3200,8192,779,100_0010_0065.JPG,100_0010_0074.JPG,5798,5733,2809,2733,0.9729441082235671,476.71376242804814,0.625,0.625,0.8871609568595886,False,ok,0.6291120999958366
D2_111_nadir,rootsift-lightglue-r3200-k8192,rootsift,lightglue,3200,8192,780,100_0010_0065.JPG,100_0010_0105.JPG,5798,5884,643,578,0.8989113530326595,99.6895481200414,0.1875,0.1875,0.899817168712616,False,ok,0.5617820000043139
D2_111_nadir,rootsift-lightglue-r3200-k8192,rootsift,lightglue,3200,8192,781,100_0010_0065.JPG,100_0010_0106.JPG,5798,5805,0,0,0.0,0.0,0.0,0.0,0.0,True,no_matches,0.696356200001901
D2_111_nadir,rootsift-lightglue-r3200-k8192,rootsift,lightglue,3200,8192,782,100_0010_0065.JPG,100_0010_0107.JPG,5798,5856,1,0,0.0,0.0,0.0,0.0,0.1551658660173416,True,too_few_matches,0.6789957000000868
D2_111_nadir,rootsift-lightglue-r3200-k8192,rootsift,lightglue,3200,8192,783,100_0010_0065.JPG,100_0010_0108.JPG,5798,5858,0,0,0.0,0.0,0.0,0.0,0.0,True,no_matches,0.5726185999956215
D2_111_nadir,rootsift-lightglue-r3200-k8192,rootsift,lightglue,3200,8192,784,100_0010_0066.JPG,100_0010_0067.JPG,5806,5939,3306,3186,0.9637023593466425,548.7426799862211,0.859375,0.84375,0.8787117600440979,False,ok,0.6588235999952303
D2_111_nadir,rootsift-lightglue-r3200-k8192,rootsift,lightglue,3200,8192,785,100_0010_0066.JPG,100_0010_0068.JPG,5806,6042,2442,2244,0.918918918918919,386.4967275232518,0.734375,0.71875,0.8462539911270142,False,ok,0.5375104999984615
D2_111_nadir,rootsift-lightglue-r3200-k8192,rootsift,lightglue,3200,8192,786,100_0010_0066.JPG,100_0010_0069.JPG,5806,6111,1999,1797,0.8989494747373686,309.507406131588,0.65625,0.625,0.8166767358779907,False,ok,0.5382024999998976
D2_111_nadir,rootsift-lightglue-r3200-k8192,rootsift,lightglue,3200,8192,787,100_0010_0066.JPG,100_0010_0070.JPG,5806,6232,1702,1436,0.8437132784958872,247.330347915949,0.5625,0.515625,0.8341673612594604,False,ok,0.34249070000078063
D2_111_nadir,rootsift-lightglue-r3200-k8192,rootsift,lightglue,3200,8192,788,100_0010_0066.JPG,100_0010_0071.JPG,5806,6275,1677,1479,0.8819320214669052,254.73647950396142,0.546875,0.546875,0.8112558722496033,False,ok,0.31730020001123194
D2_111_nadir,rootsift-lightglue-r3200-k8192,rootsift,lightglue,3200,8192,789,100_0010_0066.JPG,100_0010_0072.JPG,5806,6025,2668,2547,0.954647676161919,438.68411987599035,0.75,0.734375,0.8603021502494812,False,ok,0.6185190999967745
D2_111_nadir,rootsift-lightglue-r3200-k8192,rootsift,lightglue,3200,8192,790,100_0010_0066.JPG,100_0010_0073.JPG,5806,5817,2552,2427,0.9510188087774295,418.015845676886,0.671875,0.6875,0.8576382994651794,False,ok,0.636285599990515
D2_111_nadir,rootsift-lightglue-r3200-k8192,rootsift,lightglue,3200,8192,791,100_0010_0066.JPG,100_0010_0074.JPG,5806,5733,2065,1952,0.9452784503631961,340.48491191348336,0.546875,0.53125,0.8668671250343323,False,ok,0.5604368999920553
D2_111_nadir,rootsift-lightglue-r3200-k8192,rootsift,lightglue,3200,8192,792,100_0010_0066.JPG,100_0010_0105.JPG,5806,5884,2,0,0.0,0.0,0.0,0.0,0.11468133330345154,True,too_few_matches,0.7347557000030065
D2_111_nadir,rootsift-lightglue-r3200-k8192,rootsift,lightglue,3200,8192,793,100_0010_0066.JPG,100_0010_0106.JPG,5806,5805,1,0,0.0,0.0,0.0,0.0,0.23786291480064392,True,too_few_matches,0.5180744000099367
D2_111_nadir,rootsift-lightglue-r3200-k8192,rootsift,lightglue,3200,8192,794,100_0010_0066.JPG,100_0010_0107.JPG,5806,5856,2,0,0.0,0.0,0.0,0.0,0.19940121471881866,True,too_few_matches,0.5801612000068417
D2_111_nadir,rootsift-lightglue-r3200-k8192,rootsift,lightglue,3200,8192,795,100_0010_0067.JPG,100_0010_0068.JPG,5939,6042,3284,3123,0.9509744214372716,525.84610203738,0.921875,0.875,0.8729645609855652,False,ok,0.6756232000043383
D2_111_nadir,rootsift-lightglue-r3200-k8192,rootsift,lightglue,3200,8192,796,100_0010_0067.JPG,100_0010_0069.JPG,5939,6111,2593,2408,0.9286540686463556,405.45546388280854,0.796875,0.78125,0.859458863735199,False,ok,0.6002012000099057
D2_111_nadir,rootsift-lightglue-r3200-k8192,rootsift,lightglue,3200,8192,797,100_0010_0067.JPG,100_0010_0070.JPG,5939,6232,2126,1919,0.9026340545625587,323.11837009597576,0.703125,0.671875,0.8276863694190979,False,ok,0.5723632000008365
D2_111_nadir,rootsift-lightglue-r3200-k8192,rootsift,lightglue,3200,8192,798,100_0010_0067.JPG,100_0010_0071.JPG,5939,6275,2284,2002,0.8765323992994746,337.09378683280016,0.71875,0.71875,0.8447799682617188,False,ok,0.697018199993181
D2_111_nadir,rootsift-lightglue-r3200-k8192,rootsift,lightglue,3200,8192,799,100_0010_0067.JPG,100_0010_0072.JPG,5939,6025,2483,2316,0.9327426500201369,389.9646405118707,0.640625,0.671875,0.8475003838539124,False,ok,0.6022183000022778
D2_111_nadir,rootsift-lightglue-r3200-k8192,rootsift,lightglue,3200,8192,800,100_0010_0067.JPG,100_0010_0073.JPG,5939,5817,1856,1669,0.8992456896551724,286.91765514870207,0.546875,0.5625,0.8050791025161743,False,ok,0.5433634999935748
D2_111_nadir,rootsift-lightglue-r3200-k8192,rootsift,lightglue,3200,8192,801,100_0010_0067.JPG,100_0010_0074.JPG,5939,5733,1397,1227,0.8783106657122405,214.0240711669283,0.359375,0.359375,0.8643707036972046,False,ok,0.5256033999903593
D2_111_nadir,rootsift-lightglue-r3200-k8192,rootsift,lightglue,3200,8192,802,100_0010_0067.JPG,100_0010_0075.JPG,5939,5619,962,832,0.8648648648648649,148.06905143263927,0.25,0.28125,0.8520826697349548,False,ok,0.4960117000009632
D2_111_nadir,rootsift-lightglue-r3200-k8192,rootsift,lightglue,3200,8192,803,100_0010_0068.JPG,100_0010_0069.JPG,6042,6111,3279,3134,0.9557792009759073,518.7024164184045,0.828125,0.828125,0.8566807508468628,False,ok,0.673710699993535
D2_111_nadir,rootsift-lightglue-r3200-k8192,rootsift,lightglue,3200,8192,804,100_0010_0068.JPG,100_0010_0070.JPG,6042,6232,2690,2400,0.8921933085501859,397.2194637537239,0.734375,0.703125,0.8442721962928772,False,ok,0.8229431000072509
D2_111_nadir,rootsift-lightglue-r3200-k8192,rootsift,lightglue,3200,8192,805,100_0010_0068.JPG,100_0010_0071.JPG,6042,6275,2582,2310,0.8946553059643687,382.3237338629593,0.71875,0.734375,0.8423206210136414,False,ok,0.8518973000027472
D2_111_nadir,rootsift-lightglue-r3200-k8192,rootsift,lightglue,3200,8192,806,100_0010_0068.JPG,100_0010_0072.JPG,6042,6025,1992,1702,0.8544176706827309,282.4896265560166,0.578125,0.609375,0.8322605490684509,False,ok,0.6886519999970915
D2_111_nadir,rootsift-lightglue-r3200-k8192,rootsift,lightglue,3200,8192,807,100_0010_0068.JPG,100_0010_0073.JPG,6042,5817,1257,1054,0.8385043754972156,181.19305483926422,0.453125,0.4375,0.8121079206466675,False,ok,0.6282368999964092
D2_111_nadir,rootsift-lightglue-r3200-k8192,rootsift,lightglue,3200,8192,808,100_0010_0068.JPG,100_0010_0074.JPG,6042,5733,640,543,0.8484375,94.71480900052329,0.265625,0.265625,0.7932420969009399,False,ok,0.6788098999968497
D2_111_nadir,rootsift-lightglue-r3200-k8192,rootsift,lightglue,3200,8192,809,100_0010_0068.JPG,100_0010_0075.JPG,6042,5619,146,124,0.8493150684931506,22.06798362697989,0.140625,0.125,0.6424937844276428,False,ok,0.8848096000001533
D2_111_nadir,rootsift-lightglue-r3200-k8192,rootsift,lightglue,3200,8192,810,100_0010_0068.JPG,100_0010_0076.JPG,6042,5707,5,0,0.0,0.0,0.0,0.0,0.13962097465991974,True,too_few_matches,0.6524062999960734
D2_111_nadir,rootsift-lightglue-r3200-k8192,rootsift,lightglue,3200,8192,811,100_0010_0069.JPG,100_0010_0070.JPG,6111,6232,3619,3315,0.915998894722299,542.4644084437899,0.859375,0.84375,0.8361983299255371,False,ok,0.9004099000012502
D2_111_nadir,rootsift-lightglue-r3200-k8192,rootsift,lightglue,3200,8192,812,100_0010_0069.JPG,100_0010_0071.JPG,6111,6275,3431,3129,0.911979014864471,512.0274914089347,0.84375,0.84375,0.8389053344726562,False,ok,0.9178576000122121
D2_111_nadir,rootsift-lightglue-r3200-k8192,rootsift,lightglue,3200,8192,813,100_0010_0069.JPG,100_0010_0072.JPG,6111,6025,2332,2034,0.87221269296741,337.5933609958506,0.6875,0.71875,0.8561691641807556,False,ok,0.7685180000116816
D2_111_nadir,rootsift-lightglue-r3200-k8192,rootsift,lightglue,3200,8192,814,100_0010_0069.JPG,100_0010_0073.JPG,6111,5817,1435,1234,0.8599303135888502,212.13684029568506,0.546875,0.53125,0.8280593156814575,False,ok,0.5803473999985727
D2_111_nadir,rootsift-lightglue-r3200-k8192,rootsift,lightglue,3200,8192,815,100_0010_0069.JPG,100_0010_0074.JPG,6111,5733,777,638,0.8211068211068211,111.28553985696843,0.328125,0.328125,0.7674134969711304,False,ok,0.5889776999974856
D2_111_nadir,rootsift-lightglue-r3200-k8192,rootsift,lightglue,3200,8192,816,100_0010_0069.JPG,100_0010_0075.JPG,6111,5619,211,172,0.8151658767772512,30.610428901939848,0.140625,0.171875,0.6201345920562744,False,ok,0.8144799000001512
D2_111_nadir,rootsift-lightglue-r3200-k8192,rootsift,lightglue,3200,8192,817,100_0010_0069.JPG,100_0010_0076.JPG,6111,5707,0,0,0.0,0.0,0.0,0.0,0.0,True,no_matches,0.6376820000004955
D2_111_nadir,rootsift-lightglue-r3200-k8192,rootsift,lightglue,3200,8192,818,100_0010_0069.JPG,100_0010_0077.JPG,6111,5701,6,0,0.0,0.0,0.0,0.0,0.1483435183763504,True,too_few_matches,0.6663452999928268
D2_111_nadir,rootsift-lightglue-r3200-k8192,rootsift,lightglue,3200,8192,819,100_0010_0069.JPG,100_0010_0101.JPG,6111,6572,1375,1172,0.8523636363636363,191.78530518736704,0.625,0.53125,0.8120722770690918,False,ok,0.776224999994156
D2_111_nadir,rootsift-lightglue-r3200-k8192,rootsift,lightglue,3200,8192,820,100_0010_0069.JPG,100_0010_0102.JPG,6111,6612,1504,1282,0.8523936170212766,209.78563246604483,0.625,0.515625,0.8143582344055176,False,ok,0.363137899999856
D2_111_nadir,rootsift-lightglue-r3200-k8192,rootsift,lightglue,3200,8192,821,100_0010_0069.JPG,100_0010_0103.JPG,6111,5829,3,0,0.0,0.0,0.0,0.0,0.18546105921268463,True,too_few_matches,0.3794796000001952
D2_111_nadir,rootsift-lightglue-r3200-k8192,rootsift,lightglue,3200,8192,822,100_0010_0069.JPG,100_0010_0104.JPG,6111,5798,0,0,0.0,0.0,0.0,0.0,0.0,True,no_matches,0.42549989999679383
D2_111_nadir,rootsift-lightglue-r3200-k8192,rootsift,lightglue,3200,8192,823,100_0010_0069.JPG,100_0010_0105.JPG,6111,5884,3,0,0.0,0.0,0.0,0.0,0.12967626750469208,True,too_few_matches,0.13614329999836627
D2_111_nadir,rootsift-lightglue-r3200-k8192,rootsift,lightglue,3200,8192,824,100_0010_0069.JPG,100_0010_0106.JPG,6111,5805,1,0,0.0,0.0,0.0,0.0,0.1166343167424202,True,too_few_matches,0.14916240000457037
D2_111_nadir,rootsift-lightglue-r3200-k8192,rootsift,lightglue,3200,8192,825,100_0010_0070.JPG,100_0010_0071.JPG,6232,6275,4592,4360,0.9494773519163763,699.6148908857509,0.984375,0.96875,0.8345078229904175,False,ok,0.24466179999581072
D2_111_nadir,rootsift-lightglue-r3200-k8192,rootsift,lightglue,3200,8192,826,100_0010_0070.JPG,100_0010_0072.JPG,6232,6025,2530,2231,0.8818181818181818,370.2904564315353,0.71875,0.765625,0.8491111397743225,False,ok,0.16072660000645556
D2_111_nadir,rootsift-lightglue-r3200-k8192,rootsift,lightglue,3200,8192,827,100_0010_0070.JPG,100_0010_0073.JPG,6232,5817,1562,1312,0.8399487836107554,225.54581399346742,0.546875,0.5625,0.8290113210678101,False,ok,0.13917439999931958
D2_111_nadir,rootsift-lightglue-r3200-k8192,rootsift,lightglue,3200,8192,828,100_0010_0070.JPG,100_0010_0074.JPG,6232,5733,830,694,0.8361445783132531,121.0535496249782,0.3125,0.328125,0.8161873817443848,False,ok,0.0991304999915883
D2_111_nadir,rootsift-lightglue-r3200-k8192,rootsift,lightglue,3200,8192,829,100_0010_0070.JPG,100_0010_0075.JPG,6232,5619,287,236,0.8222996515679443,42.00035593521979,0.21875,0.234375,0.5955544114112854,False,ok,0.4035180999926524
D2_111_nadir,rootsift-lightglue-r3200-k8192,rootsift,lightglue,3200,8192,830,100_0010_0070.JPG,100_0010_0076.JPG,6232,5707,2,0,0.0,0.0,0.0,0.0,0.2731208801269531,True,too_few_matches,0.17098239999904763
D2_111_nadir,rootsift-lightglue-r3200-k8192,rootsift,lightglue,3200,8192,831,100_0010_0070.JPG,100_0010_0077.JPG,6232,5701,4,0,0.0,0.0,0.0,0.0,0.18518973886966705,True,too_few_matches,0.5563167999935104
D2_111_nadir,rootsift-lightglue-r3200-k8192,rootsift,lightglue,3200,8192,832,100_0010_0070.JPG,100_0010_0078.JPG,6232,5770,3,0,0.0,0.0,0.0,0.0,0.1480172872543335,True,too_few_matches,0.7099979000049643
D2_111_nadir,rootsift-lightglue-r3200-k8192,rootsift,lightglue,3200,8192,833,100_0010_0070.JPG,100_0010_0100.JPG,6232,6235,1253,1046,0.8347964884277733,167.8433889602054,0.5,0.4375,0.835363507270813,False,ok,0.6467113000107929
D2_111_nadir,rootsift-lightglue-r3200-k8192,rootsift,lightglue,3200,8192,834,100_0010_0070.JPG,100_0010_0101.JPG,6232,6572,1535,1307,0.8514657980456026,209.7240051347882,0.65625,0.5625,0.8349323868751526,False,ok,1.0298348000069382
D2_111_nadir,rootsift-lightglue-r3200-k8192,rootsift,lightglue,3200,8192,835,100_0010_0070.JPG,100_0010_0102.JPG,6232,6612,1690,1458,0.8627218934911243,233.9537869062901,0.671875,0.5625,0.83868408203125,False,ok,0.9584355000115465
D2_111_nadir,rootsift-lightglue-r3200-k8192,rootsift,lightglue,3200,8192,836,100_0010_0070.JPG,100_0010_0103.JPG,6232,5829,2,0,0.0,0.0,0.0,0.0,0.24648943543434143,True,too_few_matches,0.6281948999967426
D2_111_nadir,rootsift-lightglue-r3200-k8192,rootsift,lightglue,3200,8192,837,100_0010_0070.JPG,100_0010_0104.JPG,6232,5798,2,0,0.0,0.0,0.0,0.0,0.24380356073379517,True,too_few_matches,0.14340629999060184
D2_111_nadir,rootsift-lightglue-r3200-k8192,rootsift,lightglue,3200,8192,838,100_0010_0070.JPG,100_0010_0105.JPG,6232,5884,2,0,0.0,0.0,0.0,0.0,0.16406424343585968,True,too_few_matches,0.3738887999934377
D2_111_nadir,rootsift-lightglue-r3200-k8192,rootsift,lightglue,3200,8192,839,100_0010_0071.JPG,100_0010_0072.JPG,6275,6025,2662,2363,0.8876784372652141,392.1991701244813,0.796875,0.84375,0.8502883315086365,False,ok,0.5386797999963164
D2_111_nadir,rootsift-lightglue-r3200-k8192,rootsift,lightglue,3200,8192,840,100_0010_0071.JPG,100_0010_0073.JPG,6275,5817,1659,1410,0.8499095840867993,242.39298607529653,0.578125,0.59375,0.8409668207168579,False,ok,0.37597149999055546
D2_111_nadir,rootsift-lightglue-r3200-k8192,rootsift,lightglue,3200,8192,841,100_0010_0071.JPG,100_0010_0074.JPG,6275,5733,948,804,0.8481012658227848,140.2407116692831,0.34375,0.390625,0.8473023176193237,False,ok,0.3557232000021031
D2_111_nadir,rootsift-lightglue-r3200-k8192,rootsift,lightglue,3200,8192,842,100_0010_0071.JPG,100_0010_0075.JPG,6275,5619,471,369,0.7834394904458599,65.67004805125467,0.21875,0.234375,0.7436346411705017,False,ok,0.4354710000043269
D2_111_nadir,rootsift-lightglue-r3200-k8192,rootsift,lightglue,3200,8192,843,100_0010_0071.JPG,100_0010_0076.JPG,6275,5707,2,0,0.0,0.0,0.0,0.0,0.18423175811767578,True,too_few_matches,0.4066538000042783
D2_111_nadir,rootsift-lightglue-r3200-k8192,rootsift,lightglue,3200,8192,844,100_0010_0071.JPG,100_0010_0077.JPG,6275,5701,3,0,0.0,0.0,0.0,0.0,0.16622237861156464,True,too_few_matches,0.20195040000544395
D2_111_nadir,rootsift-lightglue-r3200-k8192,rootsift,lightglue,3200,8192,845,100_0010_0071.JPG,100_0010_0078.JPG,6275,5770,5,0,0.0,0.0,0.0,0.0,0.17481054365634918,True,too_few_matches,0.4433091999962926
D2_111_nadir,rootsift-lightglue-r3200-k8192,rootsift,lightglue,3200,8192,846,100_0010_0071.JPG,100_0010_0079.JPG,6275,5777,6,0,0.0,0.0,0.0,0.0,0.224226713180542,True,too_few_matches,0.13153240000247024
D2_111_nadir,rootsift-lightglue-r3200-k8192,rootsift,lightglue,3200,8192,847,100_0010_0071.JPG,100_0010_0100.JPG,6275,6235,1316,1118,0.8495440729483282,179.31034482758622,0.5,0.46875,0.840471088886261,False,ok,0.14263989999017213
D2_111_nadir,rootsift-lightglue-r3200-k8192,rootsift,lightglue,3200,8192,848,100_0010_0071.JPG,100_0010_0101.JPG,6275,6572,1616,1398,0.8650990099009901,222.78884462151393,0.671875,0.65625,0.8387346863746643,False,ok,0.16268770000897348
D2_111_nadir,rootsift-lightglue-r3200-k8192,rootsift,lightglue,3200,8192,849,100_0010_0071.JPG,100_0010_0102.JPG,6275,6612,1771,1500,0.846979107848673,239.0438247011952,0.65625,0.59375,0.8321177959442139,False,ok,0.5188955000048736
D2_111_nadir,rootsift-lightglue-r3200-k8192,rootsift,lightglue,3200,8192,850,100_0010_0071.JPG,100_0010_0103.JPG,6275,5829,4,0,0.0,0.0,0.0,0.0,0.22089643776416779,True,too_few_matches,0.4700302000128431
D2_111_nadir,rootsift-lightglue-r3200-k8192,rootsift,lightglue,3200,8192,851,100_0010_0071.JPG,100_0010_0104.JPG,6275,5798,4,0,0.0,0.0,0.0,0.0,0.3452192544937134,True,too_few_matches,0.4165288999938639
D2_111_nadir,rootsift-lightglue-r3200-k8192,rootsift,lightglue,3200,8192,852,100_0010_0071.JPG,100_0010_0105.JPG,6275,5884,3,0,0.0,0.0,0.0,0.0,0.32057997584342957,True,too_few_matches,0.49034890001348685
D2_111_nadir,rootsift-lightglue-r3200-k8192,rootsift,lightglue,3200,8192,853,100_0010_0072.JPG,100_0010_0073.JPG,6025,5817,3130,3031,0.968370607028754,521.0589651022864,0.875,0.875,0.8761956691741943,False,ok,0.3274348999984795
D2_111_nadir,rootsift-lightglue-r3200-k8192,rootsift,lightglue,3200,8192,854,100_0010_0072.JPG,100_0010_0074.JPG,6025,5733,2274,2150,0.9454705364995603,375.02180359323216,0.578125,0.59375,0.8861051201820374,False,ok,0.4293729000055464
D2_111_nadir,rootsift-lightglue-r3200-k8192,rootsift,lightglue,3200,8192,855,100_0010_0072.JPG,100_0010_0075.JPG,6025,5619,1668,1531,0.9178657074340527,272.4684107492436,0.46875,0.484375,0.896427571773529,False,ok,0.3008558000001358
D2_111_nadir,rootsift-lightglue-r3200-k8192,rootsift,lightglue,3200,8192,856,100_0010_0072.JPG,100_0010_0076.JPG,6025,5707,985,907,0.9208121827411168,158.92763273173296,0.25,0.25,0.8914206027984619,False,ok,0.2657327000051737
D2_111_nadir,rootsift-lightglue-r3200-k8192,rootsift,lightglue,3200,8192,857,100_0010_0072.JPG,100_0010_0077.JPG,6025,5701,28,26,0.9285714285714286,4.56060340291177,0.0625,0.078125,0.606401801109314,False,ok,0.3712152999942191
D2_111_nadir,rootsift-lightglue-r3200-k8192,rootsift,lightglue,3200,8192,858,100_0010_0072.JPG,100_0010_0078.JPG,6025,5770,1,0,0.0,0.0,0.0,0.0,0.15786175429821014,True,too_few_matches,0.4750639999983832
D2_111_nadir,rootsift-lightglue-r3200-k8192,rootsift,lightglue,3200,8192,859,100_0010_0072.JPG,100_0010_0079.JPG,6025,5777,6,0,0.0,0.0,0.0,0.0,0.12300530076026917,True,too_few_matches,0.4222841000009794
D2_111_nadir,rootsift-lightglue-r3200-k8192,rootsift,lightglue,3200,8192,860,100_0010_0072.JPG,100_0010_0080.JPG,6025,5850,7,0,0.0,0.0,0.0,0.0,0.1846858263015747,True,too_few_matches,0.4411033999931533
D2_111_nadir,rootsift-lightglue-r3200-k8192,rootsift,lightglue,3200,8192,861,100_0010_0072.JPG,100_0010_0099.JPG,6025,5875,1900,1785,0.9394736842105263,303.82978723404256,0.515625,0.5625,0.8942076563835144,False,ok,0.415406999993138
D2_111_nadir,rootsift-lightglue-r3200-k8192,rootsift,lightglue,3200,8192,862,100_0010_0072.JPG,100_0010_0100.JPG,6025,6235,2301,2102,0.913515862668405,348.87966804979254,0.703125,0.6875,0.8871237635612488,False,ok,0.4942408999922918
D2_111_nadir,rootsift-lightglue-r3200-k8192,rootsift,lightglue,3200,8192,863,100_0010_0072.JPG,100_0010_0101.JPG,6025,6572,1429,1268,0.887333799860042,210.4564315352697,0.5625,0.484375,0.8369565010070801,False,ok,0.36240659999020863
D2_111_nadir,rootsift-lightglue-r3200-k8192,rootsift,lightglue,3200,8192,864,100_0010_0072.JPG,100_0010_0102.JPG,6025,6612,1168,1003,0.8587328767123288,166.47302904564316,0.546875,0.484375,0.8235751986503601,False,ok,0.3214804000017466
D2_111_nadir,rootsift-lightglue-r3200-k8192,rootsift,lightglue,3200,8192,865,100_0010_0072.JPG,100_0010_0103.JPG,6025,5829,1000,905,0.905,155.25819179962258,0.234375,0.21875,0.8759205341339111,False,ok,0.2729639000026509
D2_111_nadir,rootsift-lightglue-r3200-k8192,rootsift,lightglue,3200,8192,866,100_0010_0072.JPG,100_0010_0104.JPG,6025,5798,262,225,0.8587786259541985,38.8064849948258,0.109375,0.125,0.7373666167259216,False,ok,0.35345880000386387
D2_111_nadir,rootsift-lightglue-r3200-k8192,rootsift,lightglue,3200,8192,867,100_0010_0072.JPG,100_0010_0105.JPG,6025,5884,2,0,0.0,0.0,0.0,0.0,0.25371652841567993,True,too_few_matches,0.40132489999814425
D2_111_nadir,rootsift-lightglue-r3200-k8192,rootsift,lightglue,3200,8192,868,100_0010_0072.JPG,100_0010_0106.JPG,6025,5805,2,0,0.0,0.0,0.0,0.0,0.166756734251976,True,too_few_matches,0.4226134000055026
D2_111_nadir,rootsift-lightglue-r3200-k8192,rootsift,lightglue,3200,8192,869,100_0010_0073.JPG,100_0010_0074.JPG,5817,5733,3422,3393,0.9915254237288136,591.8367346938776,0.84375,0.875,0.8688791394233704,False,ok,0.3783477000106359
D2_111_nadir,rootsift-lightglue-r3200-k8192,rootsift,lightglue,3200,8192,870,100_0010_0073.JPG,100_0010_0075.JPG,5817,5619,2655,2590,0.975517890772128,460.9361096280477,0.625,0.625,0.8986772894859314,False,ok,0.38179969998600427
D2_111_nadir,rootsift-lightglue-r3200-k8192,rootsift,lightglue,3200,8192,871,100_0010_0073.JPG,100_0010_0076.JPG,5817,5707,1950,1854,0.9507692307692308,324.86420185736813,0.484375,0.484375,0.8807799816131592,False,ok,0.334164799991413
D2_111_nadir,rootsift-lightglue-r3200-k8192,rootsift,lightglue,3200,8192,872,100_0010_0073.JPG,100_0010_0077.JPG,5817,5701,1103,1033,0.9365367180417045,181.1962813541484,0.25,0.25,0.9178249835968018,False,ok,0.3261194000078831
D2_111_nadir,rootsift-lightglue-r3200-k8192,rootsift,lightglue,3200,8192,873,100_0010_0073.JPG,100_0010_0078.JPG,5817,5770,4,0,0.0,0.0,0.0,0.0,0.15259213745594025,True,too_few_matches,0.36211039999034256
D2_111_nadir,rootsift-lightglue-r3200-k8192,rootsift,lightglue,3200,8192,874,100_0010_0073.JPG,100_0010_0079.JPG,5817,5777,2,0,0.0,0.0,0.0,0.0,0.37150248885154724,True,too_few_matches,0.4014750000060303
D2_111_nadir,rootsift-lightglue-r3200-k8192,rootsift,lightglue,3200,8192,875,100_0010_0073.JPG,100_0010_0080.JPG,5817,5850,5,0,0.0,0.0,0.0,0.0,0.20633971691131592,True,too_few_matches,0.420157400003518
D2_111_nadir,rootsift-lightglue-r3200-k8192,rootsift,lightglue,3200,8192,876,100_0010_0073.JPG,100_0010_0081.JPG,5817,5889,5,0,0.0,0.0,0.0,0.0,0.25023722648620605,True,too_few_matches,0.43111460001091473
D2_111_nadir,rootsift-lightglue-r3200-k8192,rootsift,lightglue,3200,8192,877,100_0010_0073.JPG,100_0010_0098.JPG,5817,5751,2414,2345,0.9714167357083678,407.75517301338897,0.625,0.609375,0.9054207801818848,False,ok,0.3493034999992233
D2_111_nadir,rootsift-lightglue-r3200-k8192,rootsift,lightglue,3200,8192,878,100_0010_0073.JPG,100_0010_0099.JPG,5817,5875,2719,2628,0.9665318131666054,451.7792676637442,0.75,0.71875,0.8967368602752686,False,ok,0.3842108999961056
D2_111_nadir,rootsift-lightglue-r3200-k8192,rootsift,lightglue,3200,8192,879,100_0010_0073.JPG,100_0010_0100.JPG,5817,6235,2049,1918,0.936066373840898,329.7232250300842,0.640625,0.578125,0.8724232316017151,False,ok,0.3828051000018604
D2_111_nadir,rootsift-lightglue-r3200-k8192,rootsift,lightglue,3200,8192,880,100_0010_0073.JPG,100_0010_0101.JPG,5817,6572,1162,982,0.8450946643717728,168.8155406566959,0.484375,0.390625,0.8426371812820435,False,ok,0.4075332999927923
D2_111_nadir,rootsift-lightglue-r3200-k8192,rootsift,lightglue,3200,8192,881,100_0010_0073.JPG,100_0010_0102.JPG,5817,6612,922,743,0.8058568329718004,127.72906996733711,0.40625,0.34375,0.8143081665039062,False,ok,0.40343390000634827
D2_111_nadir,rootsift-lightglue-r3200-k8192,rootsift,lightglue,3200,8192,882,100_0010_0073.JPG,100_0010_0103.JPG,5817,5829,1697,1485,0.8750736593989393,255.2862300154719,0.4375,0.328125,0.8904687166213989,False,ok,0.3477656000031857
D2_111_nadir,rootsift-lightglue-r3200-k8192,rootsift,lightglue,3200,8192,883,100_0010_0073.JPG,100_0010_0104.JPG,5817,5798,1091,993,0.9101741521539871,171.26595377716453,0.34375,0.265625,0.888702392578125,False,ok,0.3121965000027558
D2_111_nadir,rootsift-lightglue-r3200-k8192,rootsift,lightglue,3200,8192,884,100_0010_0073.JPG,100_0010_0105.JPG,5817,5884,559,521,0.9320214669051878,89.56506790441809,0.125,0.125,0.8622562885284424,False,ok,0.31546569999773055
D2_111_nadir,rootsift-lightglue-r3200-k8192,rootsift,lightglue,3200,8192,885,100_0010_0073.JPG,100_0010_0106.JPG,5817,5805,4,0,0.0,0.0,0.0,0.0,0.19465933740139008,True,too_few_matches,0.46970619999046903
D2_111_nadir,rootsift-lightglue-r3200-k8192,rootsift,lightglue,3200,8192,886,100_0010_0073.JPG,100_0010_0107.JPG,5817,5856,0,0,0.0,0.0,0.0,0.0,0.0,True,no_matches,0.4802083999966271
D2_111_nadir,rootsift-lightglue-r3200-k8192,rootsift,lightglue,3200,8192,887,100_0010_0074.JPG,100_0010_0075.JPG,5733,5619,3627,3602,0.9931072511717673,641.0393308417868,0.875,0.875,0.8742594122886658,False,ok,0.40017389999411535
D2_111_nadir,rootsift-lightglue-r3200-k8192,rootsift,lightglue,3200,8192,888,100_0010_0074.JPG,100_0010_0076.JPG,5733,5707,2803,2721,0.970745629682483,476.78289819519887,0.625,0.625,0.8964365720748901,False,ok,0.34815039999375585
D2_111_nadir,rootsift-lightglue-r3200-k8192,rootsift,lightglue,3200,8192,889,100_0010_0074.JPG,100_0010_0077.JPG,5733,5701,1921,1836,0.9557522123893806,322.04876337484654,0.5,0.484375,0.8897439241409302,False,ok,0.26871329999994487
D2_111_nadir,rootsift-lightglue-r3200-k8192,rootsift,lightglue,3200,8192,890,100_0010_0074.JPG,100_0010_0078.JPG,5733,5770,987,910,0.9219858156028369,158.73015873015873,0.25,0.25,0.9006889462471008,False,ok,0.37199929999769665
D2_111_nadir,rootsift-lightglue-r3200-k8192,rootsift,lightglue,3200,8192,891,100_0010_0074.JPG,100_0010_0079.JPG,5733,5777,2,0,0.0,0.0,0.0,0.0,0.5864496231079102,True,too_few_matches,0.4082674999954179
D2_111_nadir,rootsift-lightglue-r3200-k8192,rootsift,lightglue,3200,8192,892,100_0010_0074.JPG,100_0010_0080.JPG,5733,5850,2,0,0.0,0.0,0.0,0.0,0.2706414759159088,True,too_few_matches,0.39561340000364
D2_111_nadir,rootsift-lightglue-r3200-k8192,rootsift,lightglue,3200,8192,893,100_0010_0074.JPG,100_0010_0081.JPG,5733,5889,1,0,0.0,0.0,0.0,0.0,0.16486123204231262,True,too_few_matches,0.43027599999913946
D2_111_nadir,rootsift-lightglue-r3200-k8192,rootsift,lightglue,3200,8192,894,100_0010_0074.JPG,100_0010_0082.JPG,5733,5982,1,0,0.0,0.0,0.0,0.0,0.10819318890571594,True,too_few_matches,0.4775251999963075
D2_111_nadir,rootsift-lightglue-r3200-k8192,rootsift,lightglue,3200,8192,895,100_0010_0074.JPG,100_0010_0096.JPG,5733,5697,2265,2176,0.9607064017660044,381.9554151307706,0.46875,0.46875,0.8944013118743896,False,ok,0.37830110000504646
D2_111_nadir,rootsift-lightglue-r3200-k8192,rootsift,lightglue,3200,8192,896,100_0010_0074.JPG,100_0010_0097.JPG,5733,5697,2729,2663,0.9758153169659216,467.4390029840267,0.625,0.65625,0.9017917513847351,False,ok,0.4069579000060912
D2_111_nadir,rootsift-lightglue-r3200-k8192,rootsift,lightglue,3200,8192,897,100_0010_0074.JPG,100_0010_0098.JPG,5733,5751,2992,2913,0.973596256684492,508.11093668236526,0.734375,0.703125,0.892860472202301,False,ok,0.456661800009897
D2_111_nadir,rootsift-lightglue-r3200-k8192,rootsift,lightglue,3200,8192,898,100_0010_0074.JPG,100_0010_0099.JPG,5733,5875,2485,2396,0.9641851106639839,417.9312750741322,0.640625,0.578125,0.8972029685974121,False,ok,0.3699211000057403
D2_111_nadir,rootsift-lightglue-r3200-k8192,rootsift,lightglue,3200,8192,899,100_0010_0074.JPG,100_0010_0100.JPG,5733,6235,1650,1548,0.9381818181818182,270.01569858712713,0.53125,0.453125,0.8824036717414856,False,ok,0.2868097000027774
D2_111_nadir,rootsift-lightglue-r3200-k8192,rootsift,lightglue,3200,8192,900,100_0010_0074.JPG,100_0010_0104.JPG,5733,5798,1630,1547,0.949079754601227,269.8412698412698,0.484375,0.421875,0.8932667970657349,False,ok,0.2979170000035083
D2_111_nadir,rootsift-lightglue-r3200-k8192,rootsift,lightglue,3200,8192,901,100_0010_0074.JPG,100_0010_0105.JPG,5733,5884,1229,1173,0.9544344995931652,204.60491889063317,0.375,0.375,0.9041463136672974,False,ok,0.32562719999987166
D2_111_nadir,rootsift-lightglue-r3200-k8192,rootsift,lightglue,3200,8192,902,100_0010_0074.JPG,100_0010_0106.JPG,5733,5805,608,560,0.9210526315789473,97.68009768009767,0.21875,0.21875,0.8718309998512268,False,ok,0.3193698000104632
D2_111_nadir,rootsift-lightglue-r3200-k8192,rootsift,lightglue,3200,8192,903,100_0010_0074.JPG,100_0010_0107.JPG,5733,5856,2,0,0.0,0.0,0.0,0.0,0.13666068017482758,True,too_few_matches,0.24151499998697545
D2_111_nadir,rootsift-lightglue-r3200-k8192,rootsift,lightglue,3200,8192,904,100_0010_0074.JPG,100_0010_0108.JPG,5733,5858,0,0,0.0,0.0,0.0,0.0,0.0,True,no_matches,0.270052099993336
D2_111_nadir,rootsift-lightglue-r3200-k8192,rootsift,lightglue,3200,8192,905,100_0010_0075.JPG,100_0010_0076.JPG,5619,5707,3585,3558,0.9924686192468619,633.2087560064068,0.875,0.859375,0.8781236410140991,False,ok,0.647708499993314
D2_111_nadir,rootsift-lightglue-r3200-k8192,rootsift,lightglue,3200,8192,906,100_0010_0075.JPG,100_0010_0077.JPG,5619,5701,2680,2594,0.9679104477611941,461.6479800676277,0.625,0.625,0.9032477140426636,False,ok,0.6210870999930194
D2_111_nadir,rootsift-lightglue-r3200-k8192,rootsift,lightglue,3200,8192,907,100_0010_0075.JPG,100_0010_0078.JPG,5619,5770,1702,1598,0.9388954171562868,284.3922406122086,0.5,0.484375,0.86757493019104,False,ok,0.5808228999958374
D2_111_nadir,rootsift-lightglue-r3200-k8192,rootsift,lightglue,3200,8192,908,100_0010_0075.JPG,100_0010_0079.JPG,5619,5777,828,759,0.9166666666666666,135.07741591030432,0.25,0.25,0.8585686683654785,False,ok,0.5802218000026187
D2_111_nadir,rootsift-lightglue-r3200-k8192,rootsift,lightglue,3200,8192,909,100_0010_0075.JPG,100_0010_0080.JPG,5619,5850,1,0,0.0,0.0,0.0,0.0,0.2649114727973938,True,too_few_matches,0.8197323999920627
D2_111_nadir,rootsift-lightglue-r3200-k8192,rootsift,lightglue,3200,8192,910,100_0010_0075.JPG,100_0010_0081.JPG,5619,5889,3,0,0.0,0.0,0.0,0.0,0.13656194508075714,True,too_few_matches,0.7052106999908574
D2_111_nadir,rootsift-lightglue-r3200-k8192,rootsift,lightglue,3200,8192,911,100_0010_0075.JPG,100_0010_0082.JPG,5619,5982,1,0,0.0,0.0,0.0,0.0,0.11104198545217514,True,too_few_matches,0.7096397999994224
D2_111_nadir,rootsift-lightglue-r3200-k8192,rootsift,lightglue,3200,8192,912,100_0010_0075.JPG,100_0010_0083.JPG,5619,5863,2,0,0.0,0.0,0.0,0.0,0.15016022324562073,True,too_few_matches,0.6131068999966374
D2_111_nadir,rootsift-lightglue-r3200-k8192,rootsift,lightglue,3200,8192,913,100_0010_0075.JPG,100_0010_0095.JPG,5619,5799,2163,2057,0.9509939898289412,366.07937355401316,0.46875,0.46875,0.8809079527854919,False,ok,0.08564640000986401
D2_111_nadir,rootsift-lightglue-r3200-k8192,rootsift,lightglue,3200,8192,914,100_0010_0075.JPG,100_0010_0096.JPG,5619,5697,2729,2639,0.9670208867717113,469.65652251290265,0.640625,0.609375,0.8921209573745728,False,ok,0.09292619999905583
D2_111_nadir,rootsift-lightglue-r3200-k8192,rootsift,lightglue,3200,8192,915,100_0010_0075.JPG,100_0010_0097.JPG,5619,5697,3097,2991,0.9657733290280917,532.3011211959423,0.75,0.75,0.8912731409072876,False,ok,0.13666689999809023
D2_111_nadir,rootsift-lightglue-r3200-k8192,rootsift,lightglue,3200,8192,916,100_0010_0075.JPG,100_0010_0098.JPG,5619,5751,2638,2554,0.9681576952236542,454.52927567182775,0.65625,0.640625,0.8932045102119446,False,ok,0.10006080000312068
D2_111_nadir,rootsift-lightglue-r3200-k8192,rootsift,lightglue,3200,8192,917,100_0010_0075.JPG,100_0010_0105.JPG,5619,5884,1672,1547,0.9252392344497608,275.3158925075636,0.578125,0.46875,0.8810636401176453,False,ok,0.08859050000319257
D2_111_nadir,rootsift-lightglue-r3200-k8192,rootsift,lightglue,3200,8192,918,100_0010_0075.JPG,100_0010_0106.JPG,5619,5805,1161,1089,0.937984496124031,193.80672717565403,0.375,0.359375,0.9124934673309326,False,ok,0.10298540000803769
D2_111_nadir,rootsift-lightglue-r3200-k8192,rootsift,lightglue,3200,8192,919,100_0010_0075.JPG,100_0010_0107.JPG,5619,5856,659,609,0.9241274658573596,108.38227442605445,0.21875,0.21875,0.8935698866844177,False,ok,0.24787380000634585
D2_111_nadir,rootsift-lightglue-r3200-k8192,rootsift,lightglue,3200,8192,920,100_0010_0075.JPG,100_0010_0108.JPG,5619,5858,41,36,0.8780487804878049,6.406833956219968,0.09375,0.078125,0.5719536542892456,False,ok,0.5286163999990094
D2_111_nadir,rootsift-lightglue-r3200-k8192,rootsift,lightglue,3200,8192,921,100_0010_0076.JPG,100_0010_0077.JPG,5707,5701,3429,3395,0.9900845727617381,595.5095597263638,0.875,0.84375,0.8810558915138245,False,ok,0.43454339999880176
D2_111_nadir,rootsift-lightglue-r3200-k8192,rootsift,lightglue,3200,8192,922,100_0010_0076.JPG,100_0010_0078.JPG,5707,5770,2461,2363,0.9601787891101179,414.05291746977394,0.609375,0.609375,0.8936336636543274,False,ok,0.43122859999130014
D2_111_nadir,rootsift-lightglue-r3200-k8192,rootsift,lightglue,3200,8192,923,100_0010_0076.JPG,100_0010_0079.JPG,5707,5777,1547,1408,0.9101486748545572,246.71456106535834,0.46875,0.453125,0.8970820307731628,False,ok,0.3866451999929268
D2_111_nadir,rootsift-lightglue-r3200-k8192,rootsift,lightglue,3200,8192,924,100_0010_0076.JPG,100_0010_0080.JPG,5707,5850,623,555,0.8908507223113965,97.24899246539337,0.234375,0.21875,0.8637454509735107,False,ok,0.42300569999497384
D2_111_nadir,rootsift-lightglue-r3200-k8192,rootsift,lightglue,3200,8192,925,100_0010_0076.JPG,100_0010_0081.JPG,5707,5889,8,0,0.0,0.0,0.0,0.0,0.16015580296516418,True,no_model,0.4292845000018133
D2_111_nadir,rootsift-lightglue-r3200-k8192,rootsift,lightglue,3200,8192,926,100_0010_0076.JPG,100_0010_0082.JPG,5707,5982,19,12,0.631578947368421,2.102680918170668,0.078125,0.078125,0.31163549423217773,True,ok,0.448012299995753
D2_111_nadir,rootsift-lightglue-r3200-k8192,rootsift,lightglue,3200,8192,927,100_0010_0076.JPG,100_0010_0083.JPG,5707,5863,1,0,0.0,0.0,0.0,0.0,0.21862801909446716,True,too_few_matches,0.498921500009601
D2_111_nadir,rootsift-lightglue-r3200-k8192,rootsift,lightglue,3200,8192,928,100_0010_0076.JPG,100_0010_0084.JPG,5707,5790,3,0,0.0,0.0,0.0,0.0,0.15114961564540863,True,too_few_matches,0.46137539998744614
D2_111_nadir,rootsift-lightglue-r3200-k8192,rootsift,lightglue,3200,8192,929,100_0010_0076.JPG,100_0010_0094.JPG,5707,5952,1880,1740,0.925531914893617,304.8887331347468,0.4375,0.421875,0.8532474637031555,False,ok,0.4177406999951927
D2_111_nadir,rootsift-lightglue-r3200-k8192,rootsift,lightglue,3200,8192,930,100_0010_0076.JPG,100_0010_0095.JPG,5707,5799,2575,2444,0.949126213592233,428.246013667426,0.625,0.609375,0.8839259743690491,False,ok,0.4535984000103781
D2_111_nadir,rootsift-lightglue-r3200-k8192,rootsift,lightglue,3200,8192,931,100_0010_0076.JPG,100_0010_0096.JPG,5707,5697,3068,2950,0.9615384615384616,517.8163945936458,0.75,0.71875,0.884838342666626,False,ok,0.4875465999939479
D2_111_nadir,rootsift-lightglue-r3200-k8192,rootsift,lightglue,3200,8192,932,100_0010_0076.JPG,100_0010_0097.JPG,5707,5697,2809,2701,0.9615521537913848,474.1091802703177,0.65625,0.65625,0.8898182511329651,False,ok,0.4643416999897454
D2_111_nadir,rootsift-lightglue-r3200-k8192,rootsift,lightglue,3200,8192,933,100_0010_0076.JPG,100_0010_0106.JPG,5707,5805,1619,1449,0.8949969116738727,253.8987208691081,0.625,0.46875,0.8753296136856079,False,ok,0.4331294000003254
D2_111_nadir,rootsift-lightglue-r3200-k8192,rootsift,lightglue,3200,8192,934,100_0010_0076.JPG,100_0010_0107.JPG,5707,5856,1152,1061,0.9210069444444444,185.91203784825652,0.453125,0.328125,0.8692680597305298,False,ok,0.3607577999937348
D2_111_nadir,rootsift-lightglue-r3200-k8192,rootsift,lightglue,3200,8192,935,100_0010_0076.JPG,100_0010_0108.JPG,5707,5858,709,615,0.8674188998589563,107.76239705624671,0.296875,0.25,0.8915168642997742,False,ok,0.4047174000006635
D2_111_nadir,rootsift-lightglue-r3200-k8192,rootsift,lightglue,3200,8192,936,100_0010_0076.JPG,100_0010_0109.JPG,5707,5886,283,252,0.8904593639575972,44.15629928158402,0.125,0.140625,0.7932534217834473,False,ok,0.5980373000056716
D2_111_nadir,rootsift-lightglue-r3200-k8192,rootsift,lightglue,3200,8192,937,100_0010_0077.JPG,100_0010_0078.JPG,5701,5770,3300,3232,0.9793939393939394,566.9180845465708,0.84375,0.796875,0.8737399578094482,False,ok,0.437723900002311
D2_111_nadir,rootsift-lightglue-r3200-k8192,rootsift,lightglue,3200,8192,938,100_0010_0077.JPG,100_0010_0079.JPG,5701,5777,2240,2169,0.9683035714285714,380.45956849675497,0.578125,0.59375,0.8938829302787781,False,ok,0.42557099999976344
D2_111_nadir,rootsift-lightglue-r3200-k8192,rootsift,lightglue,3200,8192,939,100_0010_0077.JPG,100_0010_0080.JPG,5701,5850,1245,1154,0.9269076305220884,202.420627960007,0.4375,0.421875,0.8794214129447937,False,ok,0.3597375999961514
D2_111_nadir,rootsift-lightglue-r3200-k8192,rootsift,lightglue,3200,8192,940,100_0010_0077.JPG,100_0010_0081.JPG,5701,5889,591,519,0.8781725888324873,91.03666023504648,0.1875,0.25,0.869326114654541,False,ok,0.42771230000653304
D2_111_nadir,rootsift-lightglue-r3200-k8192,rootsift,lightglue,3200,8192,941,100_0010_0077.JPG,100_0010_0082.JPG,5701,5982,21,9,0.42857142857142855,1.5786704087002281,0.0625,0.109375,0.2688674330711365,True,ok,0.48827969998819754
D2_111_nadir,rootsift-lightglue-r3200-k8192,rootsift,lightglue,3200,8192,942,100_0010_0077.JPG,100_0010_0083.JPG,5701,5863,3,0,0.0,0.0,0.0,0.0,0.19570083916187286,True,too_few_matches,0.48387799999909475
D2_111_nadir,rootsift-lightglue-r3200-k8192,rootsift,lightglue,3200,8192,943,100_0010_0077.JPG,100_0010_0084.JPG,5701,5790,1,0,0.0,0.0,0.0,0.0,0.17948953807353973,True,too_few_matches,0.36050779999641236
D2_111_nadir,rootsift-lightglue-r3200-k8192,rootsift,lightglue,3200,8192,944,100_0010_0077.JPG,100_0010_0085.JPG,5701,5761,2,0,0.0,0.0,0.0,0.0,0.24248576164245605,True,too_few_matches,0.10252610000316054
D2_111_nadir,rootsift-lightglue-r3200-k8192,rootsift,lightglue,3200,8192,945,100_0010_0077.JPG,100_0010_0093.JPG,5701,6111,1658,1450,0.8745476477683957,254.34134362392564,0.421875,0.40625,0.8656253218650818,False,ok,0.11404539999784902
D2_111_nadir,rootsift-lightglue-r3200-k8192,rootsift,lightglue,3200,8192,946,100_0010_0077.JPG,100_0010_0094.JPG,5701,5952,2358,2233,0.946988973706531,391.6856691808455,0.609375,0.5625,0.8786478042602539,False,ok,0.590235700001358
D2_111_nadir,rootsift-lightglue-r3200-k8192,rootsift,lightglue,3200,8192,947,100_0010_0077.JPG,100_0010_0095.JPG,5701,5799,2987,2851,0.9544693672581185,500.0877039115945,0.703125,0.71875,0.8823713064193726,False,ok,0.5884769999975106
D2_111_nadir,rootsift-lightglue-r3200-k8192,rootsift,lightglue,3200,8192,948,100_0010_0077.JPG,100_0010_0096.JPG,5701,5697,2721,2613,0.960308710033076,458.6624539231174,0.640625,0.640625,0.8835848569869995,False,ok,0.650829900012468
D2_111_nadir,rootsift-lightglue-r3200-k8192,rootsift,lightglue,3200,8192,949,100_0010_0077.JPG,100_0010_0097.JPG,5701,5697,2275,2176,0.9564835164835165,381.9554151307706,0.5625,0.546875,0.8776638507843018,False,ok,0.6369813999917824
D2_111_nadir,rootsift-lightglue-r3200-k8192,rootsift,lightglue,3200,8192,950,100_0010_0077.JPG,100_0010_0107.JPG,5701,5856,1497,1340,0.895123580494322,235.04648307314505,0.546875,0.4375,0.885012149810791,False,ok,0.6402765999955591
D2_111_nadir,rootsift-lightglue-r3200-k8192,rootsift,lightglue,3200,8192,951,100_0010_0077.JPG,100_0010_0108.JPG,5701,5858,1061,882,0.8312912346842601,154.70970005262234,0.375,0.34375,0.8823121786117554,False,ok,0.5661492999934126
D2_111_nadir,rootsift-lightglue-r3200-k8192,rootsift,lightglue,3200,8192,952,100_0010_0077.JPG,100_0010_0109.JPG,5701,5886,575,536,0.9321739130434783,94.01859322925803,0.234375,0.265625,0.8827042579650879,False,ok,0.35103289999824483
D2_111_nadir,rootsift-lightglue-r3200-k8192,rootsift,lightglue,3200,8192,953,100_0010_0078.JPG,100_0010_0079.JPG,5770,5777,3282,3223,0.982023156611822,558.578856152513,0.84375,0.828125,0.9052122831344604,False,ok,0.12300600000889972
D2_111_nadir,rootsift-lightglue-r3200-k8192,rootsift,lightglue,3200,8192,954,100_0010_0078.JPG,100_0010_0080.JPG,5770,5850,2097,2008,0.9575584167858846,348.0069324090121,0.5625,0.5625,0.904675304889679,False,ok,0.10953420000441838
D2_111_nadir,rootsift-lightglue-r3200-k8192,rootsift,lightglue,3200,8192,955,100_0010_0078.JPG,100_0010_0081.JPG,5770,5889,1342,1251,0.9321907600596125,216.8110918544194,0.421875,0.421875,0.8800165057182312,False,ok,0.0943900999991456
D2_111_nadir,rootsift-lightglue-r3200-k8192,rootsift,lightglue,3200,8192,956,100_0010_0078.JPG,100_0010_0082.JPG,5770,5982,703,639,0.9089615931721194,110.74523396880416,0.21875,0.234375,0.8668699264526367,False,ok,0.12088919999951031
D2_111_nadir,rootsift-lightglue-r3200-k8192,rootsift,lightglue,3200,8192,957,100_0010_0078.JPG,100_0010_0083.JPG,5770,5863,18,14,0.7777777777777778,2.4263431542461005,0.0625,0.0625,0.4787226915359497,True,ok,0.13099269999656826
D2_111_nadir,rootsift-lightglue-r3200-k8192,rootsift,lightglue,3200,8192,958,100_0010_0078.JPG,100_0010_0084.JPG,5770,5790,2,0,0.0,0.0,0.0,0.0,0.29696956276893616,True,too_few_matches,0.13910859999305103
D2_111_nadir,rootsift-lightglue-r3200-k8192,rootsift,lightglue,3200,8192,959,100_0010_0078.JPG,100_0010_0085.JPG,5770,5761,4,0,0.0,0.0,0.0,0.0,0.17522583901882172,True,too_few_matches,0.14463810001325328
D2_111_nadir,rootsift-lightglue-r3200-k8192,rootsift,lightglue,3200,8192,960,100_0010_0078.JPG,100_0010_0086.JPG,5770,5779,6,0,0.0,0.0,0.0,0.0,0.14204473793506622,True,too_few_matches,0.3197015000041574
D2_111_nadir,rootsift-lightglue-r3200-k8192,rootsift,lightglue,3200,8192,961,100_0010_0078.JPG,100_0010_0092.JPG,5770,6200,1255,1086,0.8653386454183267,188.21490467937608,0.421875,0.40625,0.8652730584144592,False,ok,0.11815160000696778
D2_111_nadir,rootsift-lightglue-r3200-k8192,rootsift,lightglue,3200,8192,962,100_0010_0078.JPG,100_0010_0093.JPG,5770,6111,2066,1915,0.9269119070667957,331.88908145580587,0.578125,0.5625,0.8510076403617859,False,ok,0.4009053000045242
D2_111_nadir,rootsift-lightglue-r3200-k8192,rootsift,lightglue,3200,8192,963,100_0010_0078.JPG,100_0010_0094.JPG,5770,5952,2801,2672,0.9539450196358443,463.0849220103986,0.6875,0.6875,0.8741522431373596,False,ok,0.669043200003216
D2_111_nadir,rootsift-lightglue-r3200-k8192,rootsift,lightglue,3200,8192,964,100_0010_0078.JPG,100_0010_0095.JPG,5770,5799,2471,2336,0.9453662484823958,404.8526863084922,0.59375,0.609375,0.8766983151435852,False,ok,0.6319215999974404
D2_111_nadir,rootsift-lightglue-r3200-k8192,rootsift,lightglue,3200,8192,965,100_0010_0078.JPG,100_0010_0096.JPG,5770,5697,2070,1877,0.9067632850241546,329.47165174653327,0.515625,0.546875,0.8940283060073853,False,ok,0.6172182000009343
D2_111_nadir,rootsift-lightglue-r3200-k8192,rootsift,lightglue,3200,8192,966,100_0010_0078.JPG,100_0010_0109.JPG,5770,5886,930,838,0.9010752688172043,145.23396880415945,0.421875,0.375,0.8810479044914246,False,ok,0.46399220000603236
D2_111_nadir,rootsift-lightglue-r3200-k8192,rootsift,lightglue,3200,8192,967,100_0010_0079.JPG,100_0010_0080.JPG,5777,5850,3228,3162,0.9795539033457249,547.342911545785,0.796875,0.78125,0.9137576818466187,False,ok,0.6376589999999851
D2_111_nadir,rootsift-lightglue-r3200-k8192,rootsift,lightglue,3200,8192,968,100_0010_0079.JPG,100_0010_0081.JPG,5777,5889,2359,2262,0.9588808817295464,391.55270901852174,0.5625,0.5625,0.9074041843414307,False,ok,0.5663797999877715
D2_111_nadir,rootsift-lightglue-r3200-k8192,rootsift,lightglue,3200,8192,969,100_0010_0079.JPG,100_0010_0082.JPG,5777,5982,1571,1462,0.9306174411203055,253.0725289942877,0.453125,0.453125,0.8889559507369995,False,ok,0.5364010999910533
D2_111_nadir,rootsift-lightglue-r3200-k8192,rootsift,lightglue,3200,8192,970,100_0010_0079.JPG,100_0010_0083.JPG,5777,5863,913,815,0.8926615553121577,141.07668339968842,0.25,0.25,0.8976597785949707,False,ok,0.5448733999946853
D2_111_nadir,rootsift-lightglue-r3200-k8192,rootsift,lightglue,3200,8192,971,100_0010_0079.JPG,100_0010_0084.JPG,5777,5790,1,0,0.0,0.0,0.0,0.0,0.10407436639070511,True,too_few_matches,0.6542275999963749
D2_111_nadir,rootsift-lightglue-r3200-k8192,rootsift,lightglue,3200,8192,972,100_0010_0079.JPG,100_0010_0085.JPG,5777,5761,4,0,0.0,0.0,0.0,0.0,0.16431385278701782,True,too_few_matches,0.6555045999994036
D2_111_nadir,rootsift-lightglue-r3200-k8192,rootsift,lightglue,3200,8192,973,100_0010_0079.JPG,100_0010_0086.JPG,5777,5779,2,0,0.0,0.0,0.0,0.0,0.1466289758682251,True,too_few_matches,0.6754514999920502
D2_111_nadir,rootsift-lightglue-r3200-k8192,rootsift,lightglue,3200,8192,974,100_0010_0079.JPG,100_0010_0087.JPG,5777,5858,0,0,0.0,0.0,0.0,0.0,0.0,True,no_matches,0.6626280000054976
D2_111_nadir,rootsift-lightglue-r3200-k8192,rootsift,lightglue,3200,8192,975,100_0010_0079.JPG,100_0010_0091.JPG,5777,6235,1411,1240,0.8788093550673282,214.64427903756274,0.40625,0.421875,0.8853127956390381,False,ok,0.6057007000054
D2_111_nadir,rootsift-lightglue-r3200-k8192,rootsift,lightglue,3200,8192,976,100_0010_0079.JPG,100_0010_0092.JPG,5777,6200,1810,1626,0.8983425414364641,281.46096589925565,0.5625,0.5625,0.8858264684677124,False,ok,0.7058088999910979
D2_111_nadir,rootsift-lightglue-r3200-k8192,rootsift,lightglue,3200,8192,977,100_0010_0079.JPG,100_0010_0093.JPG,5777,6111,2550,2427,0.951764705882353,420.11424614852,0.703125,0.6875,0.8641653060913086,False,ok,0.6223793999961345
D2_111_nadir,rootsift-lightglue-r3200-k8192,rootsift,lightglue,3200,8192,978,100_0010_0079.JPG,100_0010_0094.JPG,5777,5952,2128,1993,0.9365601503759399,344.98874848537304,0.5625,0.578125,0.8696890473365784,False,ok,0.5950264999992214
D2_111_nadir,rootsift-lightglue-r3200-k8192,rootsift,lightglue,3200,8192,979,100_0010_0079.JPG,100_0010_0095.JPG,5777,5799,1631,1477,0.9055793991416309,255.66903236974207,0.453125,0.46875,0.893669068813324,False,ok,0.5713445000001229
D2_111_nadir,rootsift-lightglue-r3200-k8192,rootsift,lightglue,3200,8192,980,100_0010_0080.JPG,100_0010_0081.JPG,5850,5889,3531,3465,0.9813084112149533,592.3076923076923,0.78125,0.78125,0.913735568523407,False,ok,0.6917868000018643
D2_111_nadir,rootsift-lightglue-r3200-k8192,rootsift,lightglue,3200,8192,981,100_0010_0080.JPG,100_0010_0082.JPG,5850,5982,2508,2417,0.9637161084529505,413.1623931623932,0.5625,0.59375,0.9105722308158875,False,ok,0.591151999993599
D2_111_nadir,rootsift-lightglue-r3200-k8192,rootsift,lightglue,3200,8192,982,100_0010_0080.JPG,100_0010_0083.JPG,5850,5863,1557,1463,0.9396274887604368,250.0854700854701,0.4375,0.4375,0.9004194736480713,False,ok,0.5471598000003723
D2_111_nadir,rootsift-lightglue-r3200-k8192,rootsift,lightglue,3200,8192,983,100_0010_0080.JPG,100_0010_0084.JPG,5850,5790,558,484,0.8673835125448028,83.59240069084629,0.203125,0.21875,0.8325320482254028,False,ok,0.6696939000103157
D2_111_nadir,rootsift-lightglue-r3200-k8192,rootsift,lightglue,3200,8192,984,100_0010_0080.JPG,100_0010_0085.JPG,5850,5761,224,195,0.8705357142857143,33.848290227391075,0.203125,0.140625,0.757889449596405,False,ok,0.8491428999986965
D2_111_nadir,rootsift-lightglue-r3200-k8192,rootsift,lightglue,3200,8192,985,100_0010_0080.JPG,100_0010_0086.JPG,5850,5779,245,210,0.8571428571428571,36.33846686277903,0.203125,0.15625,0.7676088809967041,False,ok,0.8373652000009315
D2_111_nadir,rootsift-lightglue-r3200-k8192,rootsift,lightglue,3200,8192,986,100_0010_0080.JPG,100_0010_0087.JPG,5850,5858,168,156,0.9285714285714286,26.666666666666668,0.15625,0.171875,0.5389586091041565,False,ok,0.33555669999623206
D2_111_nadir,rootsift-lightglue-r3200-k8192,rootsift,lightglue,3200,8192,987,100_0010_0080.JPG,100_0010_0088.JPG,5850,5859,291,230,0.7903780068728522,39.31623931623932,0.140625,0.15625,0.7422414422035217,False,ok,0.17340119999425951
D2_111_nadir,rootsift-lightglue-r3200-k8192,rootsift,lightglue,3200,8192,988,100_0010_0080.JPG,100_0010_0089.JPG,5850,5987,1027,889,0.8656280428432327,151.96581196581195,0.34375,0.28125,0.8869194388389587,False,ok,0.10558260000834707
D2_111_nadir,rootsift-lightglue-r3200-k8192,rootsift,lightglue,3200,8192,989,100_0010_0080.JPG,100_0010_0090.JPG,5850,6167,1601,1462,0.9131792629606496,249.9145299145299,0.40625,0.40625,0.877726137638092,False,ok,0.09765660000266507
D2_111_nadir,rootsift-lightglue-r3200-k8192,rootsift,lightglue,3200,8192,990,100_0010_0080.JPG,100_0010_0091.JPG,5850,6235,2110,1958,0.9279620853080569,334.7008547008547,0.546875,0.515625,0.8811885118484497,False,ok,0.12762210000073537
D2_111_nadir,rootsift-lightglue-r3200-k8192,rootsift,lightglue,3200,8192,991,100_0010_0080.JPG,100_0010_0092.JPG,5850,6200,2469,2334,0.945321992709599,398.97435897435895,0.65625,0.6875,0.8737713098526001,False,ok,0.12622010000632145
D2_111_nadir,rootsift-lightglue-r3200-k8192,rootsift,lightglue,3200,8192,992,100_0010_0080.JPG,100_0010_0093.JPG,5850,6111,2050,1906,0.9297560975609757,325.8119658119658,0.53125,0.609375,0.8831175565719604,False,ok,0.12082879999070428
D2_111_nadir,rootsift-lightglue-r3200-k8192,rootsift,lightglue,3200,8192,993,100_0010_0080.JPG,100_0010_0094.JPG,5850,5952,1344,1192,0.8869047619047619,203.76068376068375,0.515625,0.5,0.8909766674041748,False,ok,0.3418937999958871
D2_111_nadir,rootsift-lightglue-r3200-k8192,rootsift,lightglue,3200,8192,994,100_0010_0080.JPG,100_0010_0095.JPG,5850,5799,792,682,0.8611111111111112,117.60648387653043,0.296875,0.3125,0.8697543144226074,False,ok,0.1222503000026336
D2_111_nadir,rootsift-lightglue-r3200-k8192,rootsift,lightglue,3200,8192,995,100_0010_0081.JPG,100_0010_0082.JPG,5889,5982,3210,3114,0.9700934579439252,528.7824758023434,0.828125,0.765625,0.9091827273368835,False,ok,0.3596990999940317
D2_111_nadir,rootsift-lightglue-r3200-k8192,rootsift,lightglue,3200,8192,996,100_0010_0081.JPG,100_0010_0083.JPG,5889,5863,1893,1795,0.948230322239831,306.15725737676956,0.609375,0.609375,0.9011318683624268,False,ok,0.5628150999982608
D2_111_nadir,rootsift-lightglue-r3200-k8192,rootsift,lightglue,3200,8192,997,100_0010_0081.JPG,100_0010_0084.JPG,5889,5790,694,613,0.8832853025936599,105.87219343696027,0.4375,0.34375,0.8249988555908203,False,ok,0.5813218000112101
D2_111_nadir,rootsift-lightglue-r3200-k8192,rootsift,lightglue,3200,8192,998,100_0010_0081.JPG,100_0010_0085.JPG,5889,5761,380,288,0.7578947368421053,49.99132095122375,0.359375,0.3125,0.760002076625824,False,ok,0.7662968999939039
D2_111_nadir,rootsift-lightglue-r3200-k8192,rootsift,lightglue,3200,8192,999,100_0010_0081.JPG,100_0010_0086.JPG,5889,5779,360,257,0.7138888888888889,44.47136182730576,0.359375,0.296875,0.7577955722808838,False,ok,0.7472523000033107
D2_111_nadir,rootsift-lightglue-r3200-k8192,rootsift,lightglue,3200,8192,1000,100_0010_0081.JPG,100_0010_0087.JPG,5889,5858,364,290,0.7967032967032966,49.504950495049506,0.3125,0.28125,0.8071895837783813,False,ok,0.629819599998882
D2_111_nadir,rootsift-lightglue-r3200-k8192,rootsift,lightglue,3200,8192,1001,100_0010_0081.JPG,100_0010_0088.JPG,5889,5859,393,285,0.7251908396946565,48.64311315924219,0.28125,0.265625,0.7998496294021606,False,ok,0.6601357000035932
D2_111_nadir,rootsift-lightglue-r3200-k8192,rootsift,lightglue,3200,8192,1002,100_0010_0081.JPG,100_0010_0089.JPG,5889,5987,1239,1096,0.8845843422114609,186.10969604347088,0.46875,0.390625,0.8900244235992432,False,ok,0.5957678999984637
D2_111_nadir,rootsift-lightglue-r3200-k8192,rootsift,lightglue,3200,8192,1003,100_0010_0081.JPG,100_0010_0090.JPG,5889,6167,1941,1804,0.9294178258629573,306.33384275768384,0.609375,0.5625,0.8759207129478455,False,ok,0.5920665000012377
D2_111_nadir,rootsift-lightglue-r3200-k8192,rootsift,lightglue,3200,8192,1004,100_0010_0081.JPG,100_0010_0091.JPG,5889,6235,2673,2439,0.9124579124579124,414.1619969434539,0.75,0.671875,0.8852985501289368,False,ok,0.7668361999967601
D2_111_nadir,rootsift-lightglue-r3200-k8192,rootsift,lightglue,3200,8192,1005,100_0010_0081.JPG,100_0010_0092.JPG,5889,6200,2448,2223,0.9080882352941176,377.4834437086093,0.625,0.640625,0.8954599499702454,False,ok,0.739144999999553
D2_111_nadir,rootsift-lightglue-r3200-k8192,rootsift,lightglue,3200,8192,1006,100_0010_0081.JPG,100_0010_0093.JPG,5889,6111,1657,1535,0.9263729631864815,260.65545933095603,0.484375,0.515625,0.8850934505462646,False,ok,0.5347706000029575
D2_111_nadir,rootsift-lightglue-r3200-k8192,rootsift,lightglue,3200,8192,1007,100_0010_0081.JPG,100_0010_0094.JPG,5889,5952,932,812,0.871244635193133,137.8841908643233,0.328125,0.328125,0.8919547200202942,False,ok,0.5809640999941621
D2_111_nadir,rootsift-lightglue-r3200-k8192,rootsift,lightglue,3200,8192,1008,100_0010_0082.JPG,100_0010_0083.JPG,5982,5863,2945,2833,0.9619694397283531,483.19972710216615,0.84375,0.875,0.9048075675964355,False,ok,0.5995467999891844
D2_111_nadir,rootsift-lightglue-r3200-k8192,rootsift,lightglue,3200,8192,1009,100_0010_0082.JPG,100_0010_0084.JPG,5982,5790,1582,1437,0.9083438685208597,248.1865284974093,0.578125,0.609375,0.886021077632904,False,ok,0.5018708999996306
D2_111_nadir,rootsift-lightglue-r3200-k8192,rootsift,lightglue,3200,8192,1010,100_0010_0082.JPG,100_0010_0085.JPG,5982,5761,1188,1048,0.8821548821548821,181.91286235028642,0.578125,0.609375,0.8756422996520996,False,ok,0.48952589998953044
D2_111_nadir,rootsift-lightglue-r3200-k8192,rootsift,lightglue,3200,8192,1011,100_0010_0082.JPG,100_0010_0086.JPG,5982,5779,1136,994,0.875,172.00207648382073,0.515625,0.546875,0.8616092801094055,False,ok,0.4828417999960948
D2_111_nadir,rootsift-lightglue-r3200-k8192,rootsift,lightglue,3200,8192,1012,100_0010_0082.JPG,100_0010_0087.JPG,5982,5858,1077,944,0.8765088207985144,161.1471491976784,0.46875,0.46875,0.8634691834449768,False,ok,0.5057467000006
D2_111_nadir,rootsift-lightglue-r3200-k8192,rootsift,lightglue,3200,8192,1013,100_0010_0082.JPG,100_0010_0088.JPG,5982,5859,1086,952,0.8766114180478821,162.48506571087216,0.421875,0.46875,0.8594415187835693,False,ok,0.5084290000086185
D2_111_nadir,rootsift-lightglue-r3200-k8192,rootsift,lightglue,3200,8192,1014,100_0010_0082.JPG,100_0010_0089.JPG,5982,5987,1927,1777,0.9221587960560457,297.05784018722835,0.625,0.65625,0.8713400363922119,False,ok,0.5510992999916198
D2_111_nadir,rootsift-lightglue-r3200-k8192,rootsift,lightglue,3200,8192,1015,100_0010_0082.JPG,100_0010_0090.JPG,5982,6167,2651,2528,0.953602414183327,422.60113674356404,0.71875,0.75,0.8765935897827148,False,ok,0.6718828000011854
D2_111_nadir,rootsift-lightglue-r3200-k8192,rootsift,lightglue,3200,8192,1016,100_0010_0082.JPG,100_0010_0091.JPG,5982,6235,2178,1947,0.8939393939393939,325.4764292878636,0.609375,0.609375,0.8905660510063171,False,ok,0.7089053999952739
D2_111_nadir,rootsift-lightglue-r3200-k8192,rootsift,lightglue,3200,8192,1017,100_0010_0082.JPG,100_0010_0092.JPG,5982,6200,1841,1637,0.8891906572514937,273.65429622199935,0.421875,0.515625,0.8974748849868774,False,ok,0.6610406999971019
D2_111_nadir,rootsift-lightglue-r3200-k8192,rootsift,lightglue,3200,8192,1018,100_0010_0082.JPG,100_0010_0093.JPG,5982,6111,1141,1024,0.8974583698510079,171.18020728853227,0.328125,0.359375,0.860978901386261,False,ok,0.5684560999943642
D2_111_nadir,rootsift-lightglue-r3200-k8192,rootsift,lightglue,3200,8192,1019,100_0010_0083.JPG,100_0010_0084.JPG,5863,5790,3078,2979,0.9678362573099415,514.5077720207254,0.8125,0.84375,0.922848641872406,False,ok,0.6476330999867059
D2_111_nadir,rootsift-lightglue-r3200-k8192,rootsift,lightglue,3200,8192,1020,100_0010_0083.JPG,100_0010_0085.JPG,5863,5761,2580,2460,0.9534883720930233,427.0091997917028,0.75,0.75,0.917985200881958,False,ok,0.5937168999953428
D2_111_nadir,rootsift-lightglue-r3200-k8192,rootsift,lightglue,3200,8192,1021,100_0010_0083.JPG,100_0010_0086.JPG,5863,5779,2370,2249,0.9489451476793249,389.167676068524,0.640625,0.65625,0.912852942943573,False,ok,0.5626022000069497
D2_111_nadir,rootsift-lightglue-r3200-k8192,rootsift,lightglue,3200,8192,1022,100_0010_0083.JPG,100_0010_0087.JPG,5863,5858,2097,1985,0.9465903671912256,338.8528508023216,0.5625,0.5625,0.9059593677520752,False,ok,0.5718908999988344
D2_111_nadir,rootsift-lightglue-r3200-k8192,rootsift,lightglue,3200,8192,1023,100_0010_0083.JPG,100_0010_0088.JPG,5863,5859,2069,1945,0.9400676655389076,331.9679126130739,0.578125,0.59375,0.9038692712783813,False,ok,0.5544055999926059
D2_111_nadir,rootsift-lightglue-r3200-k8192,rootsift,lightglue,3200,8192,1024,100_0010_0083.JPG,100_0010_0089.JPG,5863,5987,2775,2634,0.9491891891891892,449.2580590141566,0.75,0.75,0.8808518052101135,False,ok,0.6549715000001015
D2_111_nadir,rootsift-lightglue-r3200-k8192,rootsift,lightglue,3200,8192,1025,100_0010_0083.JPG,100_0010_0090.JPG,5863,6167,2240,2093,0.934375,356.98447893569846,0.640625,0.640625,0.8756316900253296,False,ok,0.6107084999966901
D2_111_nadir,rootsift-lightglue-r3200-k8192,rootsift,lightglue,3200,8192,1026,100_0010_0083.JPG,100_0010_0091.JPG,5863,6235,1276,1127,0.8832288401253918,192.22241173460685,0.546875,0.515625,0.8507462739944458,False,ok,0.5257550000096671
D2_111_nadir,rootsift-lightglue-r3200-k8192,rootsift,lightglue,3200,8192,1027,100_0010_0083.JPG,100_0010_0092.JPG,5863,6200,1088,910,0.8363970588235294,155.21064301552107,0.3125,0.3125,0.8654698729515076,False,ok,0.5614822000061395
D2_111_nadir,rootsift-lightglue-r3200-k8192,rootsift,lightglue,3200,8192,1028,100_0010_0084.JPG,100_0010_0085.JPG,5790,5761,4111,4059,0.9873510094867429,704.5651796563096,0.96875,1.0,0.9136338829994202,False,ok,0.5940657000028295
D2_111_nadir,rootsift-lightglue-r3200-k8192,rootsift,lightglue,3200,8192,1029,100_0010_0084.JPG,100_0010_0086.JPG,5790,5779,3454,3406,0.9861030689056167,589.375324450597,0.84375,0.875,0.9100803136825562,False,ok,0.5698783000116237
D2_111_nadir,rootsift-lightglue-r3200-k8192,rootsift,lightglue,3200,8192,1030,100_0010_0084.JPG,100_0010_0087.JPG,5790,5858,2936,2809,0.9567438692098093,485.146804835924,0.71875,0.75,0.9159497618675232,False,ok,0.6129512000043178
D2_111_nadir,rootsift-lightglue-r3200-k8192,rootsift,lightglue,3200,8192,1031,100_0010_0084.JPG,100_0010_0088.JPG,5790,5859,2841,2709,0.9535374868004224,467.8756476683938,0.703125,0.75,0.9106860160827637,False,ok,0.6399361999938264
D2_111_nadir,rootsift-lightglue-r3200-k8192,rootsift,lightglue,3200,8192,1032,100_0010_0084.JPG,100_0010_0089.JPG,5790,5987,2317,2189,0.9447561501942167,378.0656303972366,0.625,0.609375,0.8997342586517334,False,ok,0.6023252000013599
D2_111_nadir,rootsift-lightglue-r3200-k8192,rootsift,lightglue,3200,8192,1033,100_0010_0084.JPG,100_0010_0090.JPG,5790,6167,1369,1234,0.9013878743608473,213.12607944732298,0.5,0.46875,0.8744319081306458,False,ok,0.5263059999997495
D2_111_nadir,rootsift-lightglue-r3200-k8192,rootsift,lightglue,3200,8192,1034,100_0010_0084.JPG,100_0010_0091.JPG,5790,6235,504,410,0.8134920634920635,70.81174438687393,0.3125,0.296875,0.8064110279083252,False,ok,0.5294900000008056
D2_111_nadir,rootsift-lightglue-r3200-k8192,rootsift,lightglue,3200,8192,1035,100_0010_0084.JPG,100_0010_0092.JPG,5790,6200,371,297,0.8005390835579514,51.295336787564764,0.15625,0.203125,0.8367745280265808,False,ok,0.63910840000608
D2_111_nadir,rootsift-lightglue-r3200-k8192,rootsift,lightglue,3200,8192,1036,100_0010_0085.JPG,100_0010_0086.JPG,5761,5779,3680,3612,0.9815217391304348,626.9744835965978,0.875,0.875,0.9069650769233704,False,ok,0.581043000012869
D2_111_nadir,rootsift-lightglue-r3200-k8192,rootsift,lightglue,3200,8192,1037,100_0010_0085.JPG,100_0010_0087.JPG,5761,5858,3026,2903,0.9593522802379378,503.9055719493144,0.75,0.75,0.9170430302619934,False,ok,0.6472161999990931
D2_111_nadir,rootsift-lightglue-r3200-k8192,rootsift,lightglue,3200,8192,1038,100_0010_0085.JPG,100_0010_0088.JPG,5761,5859,2883,2750,0.9538674991328477,477.34768269397676,0.75,0.75,0.9151369333267212,False,ok,0.6281979000050342
D2_111_nadir,rootsift-lightglue-r3200-k8192,rootsift,lightglue,3200,8192,1039,100_0010_0085.JPG,100_0010_0089.JPG,5761,5987,2079,1939,0.9326599326599326,336.5735115431349,0.640625,0.59375,0.8978022933006287,False,ok,0.5920917000039481
D2_111_nadir,rootsift-lightglue-r3200-k8192,rootsift,lightglue,3200,8192,1040,100_0010_0085.JPG,100_0010_0090.JPG,5761,6167,1129,1003,0.8883968113374667,174.1017184516577,0.4375,0.453125,0.8645109534263611,False,ok,0.535285500009195
D2_111_nadir,rootsift-lightglue-r3200-k8192,rootsift,lightglue,3200,8192,1041,100_0010_0085.JPG,100_0010_0091.JPG,5761,6235,317,219,0.6908517350157729,38.01423363999306,0.328125,0.296875,0.7661268711090088,False,ok,0.6785993999947095
D2_111_nadir,rootsift-lightglue-r3200-k8192,rootsift,lightglue,3200,8192,1042,100_0010_0085.JPG,100_0010_0092.JPG,5761,6200,199,142,0.7135678391959799,24.64849852456171,0.09375,0.171875,0.7075675129890442,False,ok,0.8599336000042967
D2_111_nadir,rootsift-lightglue-r3200-k8192,rootsift,lightglue,3200,8192,1043,100_0010_0085.JPG,100_0010_0093.JPG,5761,6111,2,0,0.0,0.0,0.0,0.0,0.1256103515625,True,too_few_matches,0.7372162999963621
D2_111_nadir,rootsift-lightglue-r3200-k8192,rootsift,lightglue,3200,8192,1044,100_0010_0086.JPG,100_0010_0087.JPG,5779,5858,3770,3721,0.9870026525198939,643.8830247447655,0.984375,0.9375,0.9049136638641357,False,ok,0.6562758999934886
D2_111_nadir,rootsift-lightglue-r3200-k8192,rootsift,lightglue,3200,8192,1045,100_0010_0086.JPG,100_0010_0088.JPG,5779,5859,3567,3494,0.9795346229324362,604.6028724692853,0.875,0.875,0.9032010436058044,False,ok,0.28682300000218675
D2_111_nadir,rootsift-lightglue-r3200-k8192,rootsift,lightglue,3200,8192,1046,100_0010_0086.JPG,100_0010_0089.JPG,5779,5987,2591,2446,0.9440370513315323,423.2566187921786,0.75,0.671875,0.9070020914077759,False,ok,0.5976709999958985
D2_111_nadir,rootsift-lightglue-r3200-k8192,rootsift,lightglue,3200,8192,1047,100_0010_0086.JPG,100_0010_0090.JPG,5779,6167,1453,1302,0.8960770818995183,225.29849454922996,0.546875,0.546875,0.8698419332504272,False,ok,0.589200600006734
D2_111_nadir,rootsift-lightglue-r3200-k8192,rootsift,lightglue,3200,8192,1048,100_0010_0086.JPG,100_0010_0091.JPG,5779,6235,392,289,0.7372448979591837,50.00865201591971,0.4375,0.359375,0.7779539227485657,False,ok,0.5995747999986634
D2_111_nadir,rootsift-lightglue-r3200-k8192,rootsift,lightglue,3200,8192,1049,100_0010_0086.JPG,100_0010_0092.JPG,5779,6200,257,189,0.7354085603112841,32.70462017650112,0.171875,0.21875,0.6825218200683594,False,ok,0.3798862000112422
D2_111_nadir,rootsift-lightglue-r3200-k8192,rootsift,lightglue,3200,8192,1050,100_0010_0086.JPG,100_0010_0093.JPG,5779,6111,1,0,0.0,0.0,0.0,0.0,0.10919239372015,True,too_few_matches,0.65271959999518
D2_111_nadir,rootsift-lightglue-r3200-k8192,rootsift,lightglue,3200,8192,1051,100_0010_0086.JPG,100_0010_0094.JPG,5779,5952,4,0,0.0,0.0,0.0,0.0,0.16033200919628143,True,too_few_matches,0.5150967000081437
D2_111_nadir,rootsift-lightglue-r3200-k8192,rootsift,lightglue,3200,8192,1052,100_0010_0087.JPG,100_0010_0088.JPG,5858,5859,4410,4383,0.9938775510204082,748.2075793786275,1.0,0.984375,0.9109692573547363,False,ok,0.708714799999143
D2_111_nadir,rootsift-lightglue-r3200-k8192,rootsift,lightglue,3200,8192,1053,100_0010_0087.JPG,100_0010_0089.JPG,5858,5987,3050,2900,0.9508196721311475,495.0495049504951,0.859375,0.796875,0.909162700176239,False,ok,0.7023140999954194
D2_111_nadir,rootsift-lightglue-r3200-k8192,rootsift,lightglue,3200,8192,1054,100_0010_0087.JPG,100_0010_0090.JPG,5858,6167,1715,1545,0.9008746355685131,263.74189143052234,0.59375,0.609375,0.8829271197319031,False,ok,0.5453625999944052
D2_111_nadir,rootsift-lightglue-r3200-k8192,rootsift,lightglue,3200,8192,1055,100_0010_0087.JPG,100_0010_0091.JPG,5858,6235,491,380,0.7739307535641547,64.86855582109935,0.484375,0.390625,0.7997459769248962,False,ok,0.538566000002902
D2_111_nadir,rootsift-lightglue-r3200-k8192,rootsift,lightglue,3200,8192,1056,100_0010_0087.JPG,100_0010_0092.JPG,5858,6200,355,282,0.7943661971830986,48.13929668828952,0.21875,0.234375,0.7800331711769104,False,ok,0.8048359999957029
D2_111_nadir,rootsift-lightglue-r3200-k8192,rootsift,lightglue,3200,8192,1057,100_0010_0087.JPG,100_0010_0093.JPG,5858,6111,1,0,0.0,0.0,0.0,0.0,0.1898277848958969,True,too_few_matches,0.653076400005375
D2_111_nadir,rootsift-lightglue-r3200-k8192,rootsift,lightglue,3200,8192,1058,100_0010_0087.JPG,100_0010_0094.JPG,5858,5952,0,0,0.0,0.0,0.0,0.0,0.0,True,no_matches,0.6504400999983773
D2_111_nadir,rootsift-lightglue-r3200-k8192,rootsift,lightglue,3200,8192,1059,100_0010_0087.JPG,100_0010_0095.JPG,5858,5799,1,0,0.0,0.0,0.0,0.0,0.12358123809099197,True,too_few_matches,0.6426868999988073
D2_111_nadir,rootsift-lightglue-r3200-k8192,rootsift,lightglue,3200,8192,1060,100_0010_0088.JPG,100_0010_0089.JPG,5859,5987,3124,2979,0.9535851472471191,508.44854070660523,0.875,0.796875,0.909334123134613,False,ok,0.6770725999958813
D2_111_nadir,rootsift-lightglue-r3200-k8192,rootsift,lightglue,3200,8192,1061,100_0010_0088.JPG,100_0010_0090.JPG,5859,6167,1804,1644,0.9113082039911308,280.59395801331283,0.625,0.625,0.8835088610649109,False,ok,0.5708006999921054
D2_111_nadir,rootsift-lightglue-r3200-k8192,rootsift,lightglue,3200,8192,1062,100_0010_0088.JPG,100_0010_0091.JPG,5859,6235,533,437,0.8198874296435272,74.58610684417135,0.46875,0.40625,0.8272631168365479,False,ok,0.5551760000089416
D2_111_nadir,rootsift-lightglue-r3200-k8192,rootsift,lightglue,3200,8192,1063,100_0010_0088.JPG,100_0010_0092.JPG,5859,6200,395,315,0.7974683544303798,53.763440860215056,0.21875,0.25,0.7963454723358154,False,ok,0.7289557000040077
D2_111_nadir,rootsift-lightglue-r3200-k8192,rootsift,lightglue,3200,8192,1064,100_0010_0088.JPG,100_0010_0093.JPG,5859,6111,0,0,0.0,0.0,0.0,0.0,0.0,True,no_matches,0.6501927000063006
D2_111_nadir,rootsift-lightglue-r3200-k8192,rootsift,lightglue,3200,8192,1065,100_0010_0088.JPG,100_0010_0094.JPG,5859,5952,3,0,0.0,0.0,0.0,0.0,0.1502530574798584,True,too_few_matches,0.6468997000047239
D2_111_nadir,rootsift-lightglue-r3200-k8192,rootsift,lightglue,3200,8192,1066,100_0010_0088.JPG,100_0010_0095.JPG,5859,5799,1,0,0.0,0.0,0.0,0.0,0.14405538141727448,True,too_few_matches,0.6545093000022462
D2_111_nadir,rootsift-lightglue-r3200-k8192,rootsift,lightglue,3200,8192,1067,100_0010_0088.JPG,100_0010_0096.JPG,5859,5697,2,0,0.0,0.0,0.0,0.0,0.4227927029132843,True,too_few_matches,0.5005436999927042
D2_111_nadir,rootsift-lightglue-r3200-k8192,rootsift,lightglue,3200,8192,1068,100_0010_0089.JPG,100_0010_0090.JPG,5987,6167,2996,2857,0.9536048064085447,477.2006013028228,0.875,0.875,0.8925618529319763,False,ok,0.9204089999984717
D2_111_nadir,rootsift-lightglue-r3200-k8192,rootsift,lightglue,3200,8192,1069,100_0010_0089.JPG,100_0010_0091.JPG,5987,6235,1485,1341,0.9030303030303031,223.9853014865542,0.65625,0.625,0.8526923060417175,False,ok,0.7466051999945194
D2_111_nadir,rootsift-lightglue-r3200-k8192,rootsift,lightglue,3200,8192,1070,100_0010_0089.JPG,100_0010_0092.JPG,5987,6200,1229,1066,0.8673718470301057,178.0524469684316,0.421875,0.484375,0.8546874523162842,False,ok,0.7359437999984948
D2_111_nadir,rootsift-lightglue-r3200-k8192,rootsift,lightglue,3200,8192,1071,100_0010_0089.JPG,100_0010_0093.JPG,5987,6111,682,578,0.8475073313782991,96.5425087689995,0.234375,0.203125,0.8622490167617798,False,ok,0.6118067999923369
D2_111_nadir,rootsift-lightglue-r3200-k8192,rootsift,lightglue,3200,8192,1072,100_0010_0089.JPG,100_0010_0094.JPG,5987,5952,24,12,0.5,2.0161290322580645,0.078125,0.078125,0.38442620635032654,True,ok,0.6482968000054825
D2_111_nadir,rootsift-lightglue-r3200-k8192,rootsift,lightglue,3200,8192,1073,100_0010_0089.JPG,100_0010_0095.JPG,5987,5799,16,10,0.625,1.724435247456458,0.03125,0.046875,0.3193114995956421,True,ok,0.6658498000033433
D2_111_nadir,rootsift-lightglue-r3200-k8192,rootsift,lightglue,3200,8192,1074,100_0010_0089.JPG,100_0010_0096.JPG,5987,5697,9,8,0.8888888888888888,1.40424784974548,0.078125,0.078125,0.18177443742752075,True,ok,0.6596749000018463
D2_111_nadir,rootsift-lightglue-r3200-k8192,rootsift,lightglue,3200,8192,1075,100_0010_0089.JPG,100_0010_0097.JPG,5987,5697,0,0,0.0,0.0,0.0,0.0,0.0,True,no_matches,0.6384784999972908
D2_111_nadir,rootsift-lightglue-r3200-k8192,rootsift,lightglue,3200,8192,1076,100_0010_0090.JPG,100_0010_0091.JPG,6167,6235,2818,2589,0.9187366926898509,419.8151451272904,0.859375,0.828125,0.8830616474151611,False,ok,0.7730120000051102
D2_111_nadir,rootsift-lightglue-r3200-k8192,rootsift,lightglue,3200,8192,1077,100_0010_0090.JPG,100_0010_0092.JPG,6167,6200,2176,1976,0.9080882352941176,320.415112696611,0.609375,0.609375,0.8868813514709473,False,ok,0.6667024000053061
D2_111_nadir,rootsift-lightglue-r3200-k8192,rootsift,lightglue,3200,8192,1078,100_0010_0090.JPG,100_0010_0093.JPG,6167,6111,1248,1123,0.8998397435897436,183.76697758141057,0.375,0.421875,0.8717544674873352,False,ok,0.5349704999971436
D2_111_nadir,rootsift-lightglue-r3200-k8192,rootsift,lightglue,3200,8192,1079,100_0010_0090.JPG,100_0010_0094.JPG,6167,5952,535,441,0.8242990654205608,74.09274193548387,0.21875,0.234375,0.8266456127166748,False,ok,0.5996865000051912
D2_111_nadir,rootsift-lightglue-r3200-k8192,rootsift,lightglue,3200,8192,1080,100_0010_0090.JPG,100_0010_0095.JPG,6167,5799,11,8,0.7272727272727273,1.3795481979651665,0.078125,0.046875,0.21735094487667084,True,ok,0.6665188999904785
D2_111_nadir,rootsift-lightglue-r3200-k8192,rootsift,lightglue,3200,8192,1081,100_0010_0090.JPG,100_0010_0096.JPG,6167,5697,10,7,0.7,1.2287168685272951,0.03125,0.078125,0.2188829928636551,True,ok,0.6635282000061125
D2_111_nadir,rootsift-lightglue-r3200-k8192,rootsift,lightglue,3200,8192,1082,100_0010_0090.JPG,100_0010_0097.JPG,6167,5697,4,0,0.0,0.0,0.0,0.0,0.17422997951507568,True,too_few_matches,0.6117839000071399
D2_111_nadir,rootsift-lightglue-r3200-k8192,rootsift,lightglue,3200,8192,1083,100_0010_0090.JPG,100_0010_0098.JPG,6167,5751,3,0,0.0,0.0,0.0,0.0,0.12772692739963531,True,too_few_matches,0.6576231999933952
D2_111_nadir,rootsift-lightglue-r3200-k8192,rootsift,lightglue,3200,8192,1084,100_0010_0091.JPG,100_0010_0092.JPG,6235,6200,3348,3207,0.9578853046594982,517.258064516129,0.828125,0.84375,0.8831571340560913,False,ok,0.7380398999957833
D2_111_nadir,rootsift-lightglue-r3200-k8192,rootsift,lightglue,3200,8192,1085,100_0010_0091.JPG,100_0010_0093.JPG,6235,6111,1947,1778,0.9131997945557268,290.95074455899197,0.546875,0.546875,0.874545156955719,False,ok,0.6185441999987233
D2_111_nadir,rootsift-lightglue-r3200-k8192,rootsift,lightglue,3200,8192,1086,100_0010_0091.JPG,100_0010_0094.JPG,6235,5952,1029,875,0.8503401360544217,147.00940860215053,0.421875,0.4375,0.854729413986206,False,ok,0.5872481999977026
D2_111_nadir,rootsift-lightglue-r3200-k8192,rootsift,lightglue,3200,8192,1087,100_0010_0091.JPG,100_0010_0095.JPG,6235,5799,434,350,0.8064516129032258,60.35523366097603,0.1875,0.1875,0.7968446016311646,False,ok,0.6382794999954058
D2_111_nadir,rootsift-lightglue-r3200-k8192,rootsift,lightglue,3200,8192,1088,100_0010_0091.JPG,100_0010_0096.JPG,6235,5697,12,8,0.6666666666666666,1.40424784974548,0.078125,0.0625,0.26695579290390015,True,ok,0.6549945000006119
D2_111_nadir,rootsift-lightglue-r3200-k8192,rootsift,lightglue,3200,8192,1089,100_0010_0091.JPG,100_0010_0097.JPG,6235,5697,0,0,0.0,0.0,0.0,0.0,0.0,True,no_matches,0.6611463000008371
D2_111_nadir,rootsift-lightglue-r3200-k8192,rootsift,lightglue,3200,8192,1090,100_0010_0091.JPG,100_0010_0098.JPG,6235,5751,0,0,0.0,0.0,0.0,0.0,0.0,True,no_matches,0.6581451999954879
D2_111_nadir,rootsift-lightglue-r3200-k8192,rootsift,lightglue,3200,8192,1091,100_0010_0091.JPG,100_0010_0099.JPG,6235,5875,7,0,0.0,0.0,0.0,0.0,0.15246059000492096,True,too_few_matches,0.6699526000011247
D2_111_nadir,rootsift-lightglue-r3200-k8192,rootsift,lightglue,3200,8192,1092,100_0010_0092.JPG,100_0010_0093.JPG,6200,6111,2635,2521,0.9567362428842505,412.5347733595156,0.78125,0.84375,0.8771379590034485,False,ok,0.6647110000048997
D2_111_nadir,rootsift-lightglue-r3200-k8192,rootsift,lightglue,3200,8192,1093,100_0010_0092.JPG,100_0010_0094.JPG,6200,5952,1581,1391,0.8798228969006958,233.7029569892473,0.609375,0.609375,0.8560473918914795,False,ok,0.6519269999989774
D2_111_nadir,rootsift-lightglue-r3200-k8192,rootsift,lightglue,3200,8192,1094,100_0010_0092.JPG,100_0010_0095.JPG,6200,5799,873,736,0.843069873997709,126.9184342127953,0.40625,0.453125,0.8258799314498901,False,ok,0.640449800004717
D2_111_nadir,rootsift-lightglue-r3200-k8192,rootsift,lightglue,3200,8192,1095,100_0010_0092.JPG,100_0010_0096.JPG,6200,5697,407,345,0.8476658476658476,60.55818852027383,0.171875,0.1875,0.6777916550636292,False,ok,0.82189500000095
D2_111_nadir,rootsift-lightglue-r3200-k8192,rootsift,lightglue,3200,8192,1096,100_0010_0092.JPG,100_0010_0097.JPG,6200,5697,4,0,0.0,0.0,0.0,0.0,0.13378843665122986,True,too_few_matches,0.6532791999925394
D2_111_nadir,rootsift-lightglue-r3200-k8192,rootsift,lightglue,3200,8192,1097,100_0010_0092.JPG,100_0010_0098.JPG,6200,5751,1,0,0.0,0.0,0.0,0.0,0.3137328624725342,True,too_few_matches,0.6461202000064077
D2_111_nadir,rootsift-lightglue-r3200-k8192,rootsift,lightglue,3200,8192,1098,100_0010_0092.JPG,100_0010_0099.JPG,6200,5875,4,0,0.0,0.0,0.0,0.0,0.15625827014446259,True,too_few_matches,0.6615269000030821
D2_111_nadir,rootsift-lightglue-r3200-k8192,rootsift,lightglue,3200,8192,1099,100_0010_0092.JPG,100_0010_0100.JPG,6200,6235,2,0,0.0,0.0,0.0,0.0,0.18356290459632874,True,too_few_matches,0.7138647999963723
D2_111_nadir,rootsift-lightglue-r3200-k8192,rootsift,lightglue,3200,8192,1100,100_0010_0093.JPG,100_0010_0094.JPG,6111,5952,3053,2854,0.9348182115951523,479.502688172043,0.84375,0.859375,0.8849297165870667,False,ok,0.7518818999960786
D2_111_nadir,rootsift-lightglue-r3200-k8192,rootsift,lightglue,3200,8192,1101,100_0010_0093.JPG,100_0010_0095.JPG,6111,5799,2098,1918,0.9142040038131554,330.7466804621487,0.609375,0.609375,0.8794696927070618,False,ok,0.6720081999956165
D2_111_nadir,rootsift-lightglue-r3200-k8192,rootsift,lightglue,3200,8192,1102,100_0010_0093.JPG,100_0010_0096.JPG,6111,5697,1471,1333,0.9061862678450034,233.98279796384062,0.453125,0.484375,0.8655946850776672,False,ok,0.7731690000073286
D2_111_nadir,rootsift-lightglue-r3200-k8192,rootsift,lightglue,3200,8192,1103,100_0010_0093.JPG,100_0010_0097.JPG,6111,5697,952,844,0.8865546218487395,148.14814814814815,0.25,0.25,0.8305016756057739,False,ok,0.7945157000067411
D2_111_nadir,rootsift-lightglue-r3200-k8192,rootsift,lightglue,3200,8192,1104,100_0010_0093.JPG,100_0010_0098.JPG,6111,5751,2,0,0.0,0.0,0.0,0.0,0.16563014686107635,True,too_few_matches,0.8612896999984514
D2_111_nadir,rootsift-lightglue-r3200-k8192,rootsift,lightglue,3200,8192,1105,100_0010_0093.JPG,100_0010_0099.JPG,6111,5875,3,0,0.0,0.0,0.0,0.0,0.16733825206756592,True,too_few_matches,0.8578990999958478
D2_111_nadir,rootsift-lightglue-r3200-k8192,rootsift,lightglue,3200,8192,1106,100_0010_0093.JPG,100_0010_0100.JPG,6111,6235,4,0,0.0,0.0,0.0,0.0,0.1864994317293167,True,too_few_matches,0.939196000006632
D2_111_nadir,rootsift-lightglue-r3200-k8192,rootsift,lightglue,3200,8192,1107,100_0010_0093.JPG,100_0010_0101.JPG,6111,6572,0,0,0.0,0.0,0.0,0.0,0.0,True,no_matches,0.8969896000053268
D2_111_nadir,rootsift-lightglue-r3200-k8192,rootsift,lightglue,3200,8192,1108,100_0010_0094.JPG,100_0010_0095.JPG,5952,5799,3340,3180,0.9520958083832335,548.3704086911537,0.828125,0.875,0.9089307188987732,False,ok,1.026012800008175
D2_111_nadir,rootsift-lightglue-r3200-k8192,rootsift,lightglue,3200,8192,1109,100_0010_0094.JPG,100_0010_0096.JPG,5952,5697,2532,2329,0.919826224328594,408.8116552571529,0.609375,0.609375,0.8992752432823181,False,ok,0.8598453000013251
D2_111_nadir,rootsift-lightglue-r3200-k8192,rootsift,lightglue,3200,8192,1110,100_0010_0094.JPG,100_0010_0097.JPG,5952,5697,1894,1718,0.9070749736008448,301.56222573284185,0.5,0.5,0.8860068321228027,False,ok,0.7665199000039138
D2_111_nadir,rootsift-lightglue-r3200-k8192,rootsift,lightglue,3200,8192,1111,100_0010_0094.JPG,100_0010_0098.JPG,5952,5751,959,875,0.9124087591240876,152.1474526169362,0.21875,0.21875,0.8815743327140808,False,ok,0.6922909999993863
D2_111_nadir,rootsift-lightglue-r3200-k8192,rootsift,lightglue,3200,8192,1112,100_0010_0094.JPG,100_0010_0099.JPG,5952,5875,119,85,0.7142857142857143,14.46808510638298,0.109375,0.109375,0.4917275309562683,False,ok,1.0999518000026
D2_111_nadir,rootsift-lightglue-r3200-k8192,rootsift,lightglue,3200,8192,1113,100_0010_0094.JPG,100_0010_0100.JPG,5952,6235,2,0,0.0,0.0,0.0,0.0,0.15850573778152466,True,too_few_matches,0.8456782000139356
D2_111_nadir,rootsift-lightglue-r3200-k8192,rootsift,lightglue,3200,8192,1114,100_0010_0094.JPG,100_0010_0101.JPG,5952,6572,1,0,0.0,0.0,0.0,0.0,0.10716970264911652,True,too_few_matches,0.9214142999990145
D2_111_nadir,rootsift-lightglue-r3200-k8192,rootsift,lightglue,3200,8192,1115,100_0010_0094.JPG,100_0010_0102.JPG,5952,6612,3,0,0.0,0.0,0.0,0.0,0.1408696323633194,True,too_few_matches,0.41014609999547247
D2_111_nadir,rootsift-lightglue-r3200-k8192,rootsift,lightglue,3200,8192,1116,100_0010_0095.JPG,100_0010_0096.JPG,5799,5697,3542,3461,0.9771315640880859,607.5127259961383,0.84375,0.828125,0.9131297469139099,False,ok,0.6154368999996223
D2_111_nadir,rootsift-lightglue-r3200-k8192,rootsift,lightglue,3200,8192,1117,100_0010_0095.JPG,100_0010_0097.JPG,5799,5697,2948,2771,0.9399592944369064,486.39634895559067,0.625,0.625,0.9214563369750977,False,ok,0.8899494000070263
D2_111_nadir,rootsift-lightglue-r3200-k8192,rootsift,lightglue,3200,8192,1118,100_0010_0095.JPG,100_0010_0098.JPG,5799,5751,1968,1861,0.945630081300813,323.5958963658494,0.453125,0.453125,0.8899549245834351,False,ok,0.6656603000010364
D2_111_nadir,rootsift-lightglue-r3200-k8192,rootsift,lightglue,3200,8192,1119,100_0010_0095.JPG,100_0010_0099.JPG,5799,5875,1145,1088,0.9502183406113537,187.61855492326262,0.234375,0.234375,0.8921866416931152,False,ok,0.5973563000006834
D2_111_nadir,rootsift-lightglue-r3200-k8192,rootsift,lightglue,3200,8192,1120,100_0010_0095.JPG,100_0010_0100.JPG,5799,6235,2,0,0.0,0.0,0.0,0.0,0.19382277131080627,True,too_few_matches,0.9320002000022214
D2_111_nadir,rootsift-lightglue-r3200-k8192,rootsift,lightglue,3200,8192,1121,100_0010_0095.JPG,100_0010_0101.JPG,5799,6572,6,0,0.0,0.0,0.0,0.0,0.20628197491168976,True,too_few_matches,0.559485500009032
D2_111_nadir,rootsift-lightglue-r3200-k8192,rootsift,lightglue,3200,8192,1122,100_0010_0095.JPG,100_0010_0102.JPG,5799,6612,2,0,0.0,0.0,0.0,0.0,0.2351636290550232,True,too_few_matches,0.7009936999966158
D2_111_nadir,rootsift-lightglue-r3200-k8192,rootsift,lightglue,3200,8192,1123,100_0010_0095.JPG,100_0010_0103.JPG,5799,5829,1730,1489,0.8606936416184972,256.7684083462666,0.859375,0.46875,0.7829247117042542,False,ok,0.798283199997968
D2_111_nadir,rootsift-lightglue-r3200-k8192,rootsift,lightglue,3200,8192,1124,100_0010_0096.JPG,100_0010_0097.JPG,5697,5697,3769,3716,0.985937914566198,652.2731262067755,0.859375,0.875,0.9149275422096252,False,ok,0.617278499994427
D2_111_nadir,rootsift-lightglue-r3200-k8192,rootsift,lightglue,3200,8192,1125,100_0010_0096.JPG,100_0010_0098.JPG,5697,5751,2803,2691,0.9600428112736354,472.3538704581359,0.609375,0.609375,0.9053682088851929,False,ok,0.5920464000082575
D2_111_nadir,rootsift-lightglue-r3200-k8192,rootsift,lightglue,3200,8192,1126,100_0010_0096.JPG,100_0010_0099.JPG,5697,5875,2001,1905,0.952023988005997,334.38651922064247,0.46875,0.484375,0.8968672156333923,False,ok,0.41906300000846386
D2_111_nadir,rootsift-lightglue-r3200-k8192,rootsift,lightglue,3200,8192,1127,100_0010_0096.JPG,100_0010_0100.JPG,5697,6235,1003,926,0.9232303090727817,162.54168860803932,0.25,0.25,0.8964308500289917,False,ok,0.6442076000093948
D2_111_nadir,rootsift-lightglue-r3200-k8192,rootsift,lightglue,3200,8192,1128,100_0010_0096.JPG,100_0010_0101.JPG,5697,6572,4,0,0.0,0.0,0.0,0.0,0.24388813972473145,True,too_few_matches,0.8333983999909833
D2_111_nadir,rootsift-lightglue-r3200-k8192,rootsift,lightglue,3200,8192,1129,100_0010_0096.JPG,100_0010_0102.JPG,5697,6612,1,0,0.0,0.0,0.0,0.0,0.12244957685470581,True,too_few_matches,0.6522311000007903
D2_111_nadir,rootsift-lightglue-r3200-k8192,rootsift,lightglue,3200,8192,1130,100_0010_0096.JPG,100_0010_0103.JPG,5697,5829,2150,1917,0.8916279069767442,336.49289099526067,0.875,0.609375,0.8319469690322876,False,ok,0.799243600005866
D2_111_nadir,rootsift-lightglue-r3200-k8192,rootsift,lightglue,3200,8192,1131,100_0010_0096.JPG,100_0010_0104.JPG,5697,5798,2064,1834,0.8885658914728682,321.9238195541513,0.796875,0.53125,0.8493385910987854,False,ok,0.6969307999970624
D2_111_nadir,rootsift-lightglue-r3200-k8192,rootsift,lightglue,3200,8192,1132,100_0010_0096.JPG,100_0010_0106.JPG,5697,5805,1236,1032,0.8349514563106796,181.14797261716694,0.421875,0.328125,0.8592801690101624,False,ok,0.535878299997421
D2_111_nadir,rootsift-lightglue-r3200-k8192,rootsift,lightglue,3200,8192,1133,100_0010_0097.JPG,100_0010_0098.JPG,5697,5751,3560,3504,0.9842696629213483,615.0605581885203,0.875,0.859375,0.9152334928512573,False,ok,0.8416804000007687
D2_111_nadir,rootsift-lightglue-r3200-k8192,rootsift,lightglue,3200,8192,1134,100_0010_0097.JPG,100_0010_0099.JPG,5697,5875,2622,2521,0.9614797864225781,442.51360365104443,0.609375,0.609375,0.9094614386558533,False,ok,0.6634933000023011
D2_111_nadir,rootsift-lightglue-r3200-k8192,rootsift,lightglue,3200,8192,1135,100_0010_0097.JPG,100_0010_0100.JPG,5697,6235,1577,1477,0.9365884590995561,259.25925925925924,0.5,0.46875,0.886434018611908,False,ok,0.5356064999941736
D2_111_nadir,rootsift-lightglue-r3200-k8192,rootsift,lightglue,3200,8192,1136,100_0010_0097.JPG,100_0010_0101.JPG,5697,6572,604,511,0.8460264900662252,89.69633140249255,0.25,0.21875,0.8066298961639404,False,ok,0.4528495999984443
D2_111_nadir,rootsift-lightglue-r3200-k8192,rootsift,lightglue,3200,8192,1137,100_0010_0097.JPG,100_0010_0102.JPG,5697,6612,372,286,0.7688172043010753,50.201860628400915,0.234375,0.1875,0.7529418468475342,False,ok,0.5894225999945775
D2_111_nadir,rootsift-lightglue-r3200-k8192,rootsift,lightglue,3200,8192,1138,100_0010_0097.JPG,100_0010_0103.JPG,5697,5829,2214,2009,0.9074074074074074,352.64174126733366,0.84375,0.546875,0.8650386333465576,False,ok,0.7150452999921981
D2_111_nadir,rootsift-lightglue-r3200-k8192,rootsift,lightglue,3200,8192,1139,100_0010_0097.JPG,100_0010_0104.JPG,5697,5798,1870,1698,0.9080213903743316,298.05160610847815,0.640625,0.484375,0.8863497376441956,False,ok,0.6562795999925584
D2_111_nadir,rootsift-lightglue-r3200-k8192,rootsift,lightglue,3200,8192,1140,100_0010_0097.JPG,100_0010_0105.JPG,5697,5884,1480,1314,0.8878378378378379,230.6477093206951,0.5,0.375,0.8936211466789246,False,ok,0.51462650000758
D2_111_nadir,rootsift-lightglue-r3200-k8192,rootsift,lightglue,3200,8192,1141,100_0010_0097.JPG,100_0010_0106.JPG,5697,5805,999,864,0.8648648648648649,151.65876777251185,0.3125,0.28125,0.8950638771057129,False,ok,0.5620141999970656
D2_111_nadir,rootsift-lightglue-r3200-k8192,rootsift,lightglue,3200,8192,1142,100_0010_0098.JPG,100_0010_0099.JPG,5751,5875,3336,3276,0.9820143884892086,569.6400625978091,0.796875,0.828125,0.9117341041564941,False,ok,0.697297399994568
D2_111_nadir,rootsift-lightglue-r3200-k8192,rootsift,lightglue,3200,8192,1143,100_0010_0098.JPG,100_0010_0100.JPG,5751,6235,2157,2020,0.9364858599907279,351.2432620413841,0.5625,0.578125,0.8904713988304138,False,ok,0.25042060000123456
D2_111_nadir,rootsift-lightglue-r3200-k8192,rootsift,lightglue,3200,8192,1144,100_0010_0098.JPG,100_0010_0101.JPG,5751,6572,1016,862,0.8484251968503937,149.886976178056,0.40625,0.40625,0.8569552898406982,False,ok,0.1263455000007525
D2_111_nadir,rootsift-lightglue-r3200-k8192,rootsift,lightglue,3200,8192,1145,100_0010_0098.JPG,100_0010_0102.JPG,5751,6612,729,612,0.8395061728395061,106.41627543035993,0.3125,0.328125,0.8271539807319641,False,ok,0.12008390000846703
D2_111_nadir,rootsift-lightglue-r3200-k8192,rootsift,lightglue,3200,8192,1146,100_0010_0098.JPG,100_0010_0103.JPG,5751,5829,1953,1795,0.9190988223246288,312.11963136845765,0.609375,0.40625,0.8944548964500427,False,ok,0.1174062999925809
D2_111_nadir,rootsift-lightglue-r3200-k8192,rootsift,lightglue,3200,8192,1147,100_0010_0098.JPG,100_0010_0104.JPG,5751,5798,1488,1396,0.9381720430107527,242.74039297513477,0.421875,0.390625,0.893211841583252,False,ok,0.10099939999054186
D2_111_nadir,rootsift-lightglue-r3200-k8192,rootsift,lightglue,3200,8192,1148,100_0010_0098.JPG,100_0010_0105.JPG,5751,5884,1032,943,0.9137596899224806,163.97148322030952,0.28125,0.265625,0.8860648274421692,False,ok,0.09197739999217447
D2_111_nadir,rootsift-lightglue-r3200-k8192,rootsift,lightglue,3200,8192,1149,100_0010_0098.JPG,100_0010_0106.JPG,5751,5805,558,482,0.8637992831541219,83.81151104155799,0.171875,0.1875,0.8722655177116394,False,ok,0.1345782000134932
D2_111_nadir,rootsift-lightglue-r3200-k8192,rootsift,lightglue,3200,8192,1150,100_0010_0099.JPG,100_0010_0100.JPG,5875,6235,2929,2828,0.9655172413793104,481.36170212765956,0.828125,0.765625,0.8900168538093567,False,ok,0.28671400000166614
D2_111_nadir,rootsift-lightglue-r3200-k8192,rootsift,lightglue,3200,8192,1151,100_0010_0099.JPG,100_0010_0101.JPG,5875,6572,1591,1289,0.8101822752985544,219.40425531914894,0.453125,0.40625,0.8327062726020813,False,ok,0.23305789999722037
D2_111_nadir,rootsift-lightglue-r3200-k8192,rootsift,lightglue,3200,8192,1152,100_0010_0099.JPG,100_0010_0102.JPG,5875,6612,1274,1078,0.8461538461538461,183.48936170212767,0.5625,0.5,0.8040609359741211,False,ok,0.4869695000088541
D2_111_nadir,rootsift-lightglue-r3200-k8192,rootsift,lightglue,3200,8192,1153,100_0010_0099.JPG,100_0010_0103.JPG,5875,5829,1529,1413,0.9241334205362982,242.40864642305712,0.453125,0.375,0.8804244995117188,False,ok,0.5412433000019519
D2_111_nadir,rootsift-lightglue-r3200-k8192,rootsift,lightglue,3200,8192,1154,100_0010_0099.JPG,100_0010_0104.JPG,5875,5798,1019,879,0.8626104023552502,151.60400137978613,0.265625,0.28125,0.9026502966880798,False,ok,0.5196954999992158
D2_111_nadir,rootsift-lightglue-r3200-k8192,rootsift,lightglue,3200,8192,1155,100_0010_0099.JPG,100_0010_0105.JPG,5875,5884,511,466,0.9119373776908023,79.31914893617021,0.1875,0.1875,0.8683397769927979,False,ok,0.5646203999931458
D2_111_nadir,rootsift-lightglue-r3200-k8192,rootsift,lightglue,3200,8192,1156,100_0010_0099.JPG,100_0010_0106.JPG,5875,5805,1,0,0.0,0.0,0.0,0.0,0.11848472058773041,True,too_few_matches,0.7658429000002798
D2_111_nadir,rootsift-lightglue-r3200-k8192,rootsift,lightglue,3200,8192,1157,100_0010_0099.JPG,100_0010_0107.JPG,5875,5856,3,0,0.0,0.0,0.0,0.0,0.22286415100097656,True,too_few_matches,0.7967465999972774
D2_111_nadir,rootsift-lightglue-r3200-k8192,rootsift,lightglue,3200,8192,1158,100_0010_0100.JPG,100_0010_0101.JPG,6235,6572,2507,2239,0.8930993218986837,359.10184442662387,0.8125,0.78125,0.8048115968704224,False,ok,0.9936784000019543
D2_111_nadir,rootsift-lightglue-r3200-k8192,rootsift,lightglue,3200,8192,1159,100_0010_0100.JPG,100_0010_0102.JPG,6235,6612,2063,1805,0.8749394086282113,289.4947874899759,0.71875,0.71875,0.7870422601699829,False,ok,0.9491818999958923
D2_111_nadir,rootsift-lightglue-r3200-k8192,rootsift,lightglue,3200,8192,1160,100_0010_0100.JPG,100_0010_0103.JPG,6235,5829,918,781,0.8507625272331155,133.9852461828787,0.234375,0.234375,0.8709939122200012,False,ok,0.5228715999983251
D2_111_nadir,rootsift-lightglue-r3200-k8192,rootsift,lightglue,3200,8192,1161,100_0010_0100.JPG,100_0010_0104.JPG,6235,5798,366,313,0.855191256830601,53.98413245946878,0.09375,0.109375,0.7996619343757629,False,ok,0.5366247999918414
D2_111_nadir,rootsift-lightglue-r3200-k8192,rootsift,lightglue,3200,8192,1162,100_0010_0100.JPG,100_0010_0105.JPG,6235,5884,2,0,0.0,0.0,0.0,0.0,0.1736769676208496,True,too_few_matches,0.812809399998514
D2_111_nadir,rootsift-lightglue-r3200-k8192,rootsift,lightglue,3200,8192,1163,100_0010_0100.JPG,100_0010_0106.JPG,6235,5805,1,0,0.0,0.0,0.0,0.0,0.13999836146831512,True,too_few_matches,0.6847019999986514
D2_111_nadir,rootsift-lightglue-r3200-k8192,rootsift,lightglue,3200,8192,1164,100_0010_0100.JPG,100_0010_0107.JPG,6235,5856,1,0,0.0,0.0,0.0,0.0,0.26146239042282104,True,too_few_matches,0.759367899998324
D2_111_nadir,rootsift-lightglue-r3200-k8192,rootsift,lightglue,3200,8192,1165,100_0010_0100.JPG,100_0010_0108.JPG,6235,5858,8,7,0.875,1.194947080914988,0.109375,0.09375,0.2400926798582077,True,ok,0.845914499994251
D2_111_nadir,rootsift-lightglue-r3200-k8192,rootsift,lightglue,3200,8192,1166,100_0010_0101.JPG,100_0010_0102.JPG,6572,6612,4193,3815,0.9098497495826378,580.4930006086428,0.984375,1.0,0.7711715698242188,False,ok,1.2224595000006957
D2_111_nadir,rootsift-lightglue-r3200-k8192,rootsift,lightglue,3200,8192,1167,100_0010_0101.JPG,100_0010_0103.JPG,6572,5829,269,221,0.8215613382899628,37.91387888145479,0.078125,0.09375,0.7192527055740356,False,ok,0.66780490000383
D2_111_nadir,rootsift-lightglue-r3200-k8192,rootsift,lightglue,3200,8192,1168,100_0010_0101.JPG,100_0010_0104.JPG,6572,5798,3,0,0.0,0.0,0.0,0.0,0.13938772678375244,True,too_few_matches,0.6897910000116099
D2_111_nadir,rootsift-lightglue-r3200-k8192,rootsift,lightglue,3200,8192,1169,100_0010_0101.JPG,100_0010_0105.JPG,6572,5884,1,0,0.0,0.0,0.0,0.0,0.108902707695961,True,too_few_matches,0.7289193000033265
D2_111_nadir,rootsift-lightglue-r3200-k8192,rootsift,lightglue,3200,8192,1170,100_0010_0101.JPG,100_0010_0106.JPG,6572,5805,1,0,0.0,0.0,0.0,0.0,0.1253577321767807,True,too_few_matches,0.686163199992734
D2_111_nadir,rootsift-lightglue-r3200-k8192,rootsift,lightglue,3200,8192,1171,100_0010_0101.JPG,100_0010_0107.JPG,6572,5856,1,0,0.0,0.0,0.0,0.0,0.1527784764766693,True,too_few_matches,0.7190311000013025
D2_111_nadir,rootsift-lightglue-r3200-k8192,rootsift,lightglue,3200,8192,1172,100_0010_0101.JPG,100_0010_0108.JPG,6572,5858,3,0,0.0,0.0,0.0,0.0,0.25892046093940735,True,too_few_matches,0.7418128999997862
D2_111_nadir,rootsift-lightglue-r3200-k8192,rootsift,lightglue,3200,8192,1173,100_0010_0101.JPG,100_0010_0109.JPG,6572,5886,2,0,0.0,0.0,0.0,0.0,0.26612886786460876,True,too_few_matches,0.7321651999955066
D2_111_nadir,rootsift-lightglue-r3200-k8192,rootsift,lightglue,3200,8192,1174,100_0010_0102.JPG,100_0010_0103.JPG,6612,5829,10,9,0.9,1.5440041173443129,0.078125,0.078125,0.39707091450691223,True,ok,0.7226456999924267
D2_111_nadir,rootsift-lightglue-r3200-k8192,rootsift,lightglue,3200,8192,1175,100_0010_0102.JPG,100_0010_0104.JPG,6612,5798,4,0,0.0,0.0,0.0,0.0,0.17024807631969452,True,too_few_matches,0.6246903000137536
D2_111_nadir,rootsift-lightglue-r3200-k8192,rootsift,lightglue,3200,8192,1176,100_0010_0102.JPG,100_0010_0105.JPG,6612,5884,2,0,0.0,0.0,0.0,0.0,0.14350810647010803,True,too_few_matches,0.7705728000000818
D2_111_nadir,rootsift-lightglue-r3200-k8192,rootsift,lightglue,3200,8192,1177,100_0010_0102.JPG,100_0010_0106.JPG,6612,5805,1,0,0.0,0.0,0.0,0.0,0.14754393696784973,True,too_few_matches,0.7386774000042351
D2_111_nadir,rootsift-lightglue-r3200-k8192,rootsift,lightglue,3200,8192,1178,100_0010_0102.JPG,100_0010_0107.JPG,6612,5856,1,0,0.0,0.0,0.0,0.0,0.11786892265081406,True,too_few_matches,0.67637349999859
D2_111_nadir,rootsift-lightglue-r3200-k8192,rootsift,lightglue,3200,8192,1179,100_0010_0102.JPG,100_0010_0108.JPG,6612,5858,2,0,0.0,0.0,0.0,0.0,0.11870034039020538,True,too_few_matches,0.6322496000066167
D2_111_nadir,rootsift-lightglue-r3200-k8192,rootsift,lightglue,3200,8192,1180,100_0010_0102.JPG,100_0010_0109.JPG,6612,5886,2,0,0.0,0.0,0.0,0.0,0.28130507469177246,True,too_few_matches,0.6613366999954451
D2_111_nadir,rootsift-lightglue-r3200-k8192,rootsift,lightglue,3200,8192,1181,100_0010_0102.JPG,100_0010_0110.JPG,6612,5910,2,0,0.0,0.0,0.0,0.0,0.40101635456085205,True,too_few_matches,0.755183000001125
D2_111_nadir,rootsift-lightglue-r3200-k8192,rootsift,lightglue,3200,8192,1182,100_0010_0103.JPG,100_0010_0104.JPG,5829,5798,3624,3498,0.9652317880794702,603.3114867195585,0.84375,1.0,0.8902656435966492,False,ok,0.7647313000052236
D2_111_nadir,rootsift-lightglue-r3200-k8192,rootsift,lightglue,3200,8192,1183,100_0010_0103.JPG,100_0010_0105.JPG,5829,5884,2884,2599,0.9011789181692095,445.8740778864299,0.6875,1.0,0.8721527457237244,False,ok,0.6033647000003839
D2_111_nadir,rootsift-lightglue-r3200-k8192,rootsift,lightglue,3200,8192,1184,100_0010_0103.JPG,100_0010_0106.JPG,5829,5805,2235,1907,0.8532438478747204,328.5099052540913,0.515625,0.96875,0.8321598172187805,False,ok,0.1422342000005301
D2_111_nadir,rootsift-lightglue-r3200-k8192,rootsift,lightglue,3200,8192,1185,100_0010_0103.JPG,100_0010_0107.JPG,5829,5856,1759,1413,0.8032973280272883,242.40864642305712,0.4375,0.90625,0.7892775535583496,False,ok,0.23595200000272598
D2_111_nadir,rootsift-lightglue-r3200-k8192,rootsift,lightglue,3200,8192,1186,100_0010_0103.JPG,100_0010_0108.JPG,5829,5858,1380,1069,0.7746376811594203,183.39337793789673,0.328125,0.78125,0.754805326461792,False,ok,0.793395499989856
D2_111_nadir,rootsift-lightglue-r3200-k8192,rootsift,lightglue,3200,8192,1187,100_0010_0103.JPG,100_0010_0109.JPG,5829,5886,1153,855,0.7415437987857763,146.6803911477097,0.296875,0.765625,0.7016556262969971,False,ok,0.8631327000039164
D2_111_nadir,rootsift-lightglue-r3200-k8192,rootsift,lightglue,3200,8192,1188,100_0010_0103.JPG,100_0010_0110.JPG,5829,5910,880,587,0.6670454545454545,100.70337965345685,0.21875,0.75,0.6036710739135742,False,ok,0.8045047000050545
D2_111_nadir,rootsift-lightglue-r3200-k8192,rootsift,lightglue,3200,8192,1189,100_0010_0103.JPG,100_0010_0111.JPG,5829,5938,632,393,0.6218354430379747,67.421513124035,0.203125,0.640625,0.45161640644073486,False,ok,0.5947302999993553
D2_111_nadir,rootsift-lightglue-r3200-k8192,rootsift,lightglue,3200,8192,1190,100_0010_0104.JPG,100_0010_0105.JPG,5798,5884,3726,3569,0.9578636607622115,615.557088651259,0.875,1.0,0.8857545852661133,False,ok,0.6112687999993796
D2_111_nadir,rootsift-lightglue-r3200-k8192,rootsift,lightglue,3200,8192,1191,100_0010_0104.JPG,100_0010_0106.JPG,5798,5805,2901,2596,0.8948638400551534,447.74060020696794,0.671875,0.984375,0.8740118145942688,False,ok,0.13570009999966715
D2_111_nadir,rootsift-lightglue-r3200-k8192,rootsift,lightglue,3200,8192,1192,100_0010_0104.JPG,100_0010_0107.JPG,5798,5856,2317,1999,0.862753560638757,344.77406002069677,0.515625,0.9375,0.8334436416625977,False,ok,0.3227511000004597
D2_111_nadir,rootsift-lightglue-r3200-k8192,rootsift,lightglue,3200,8192,1193,100_0010_0104.JPG,100_0010_0108.JPG,5798,5858,1837,1522,0.8285247686445292,262.5043118316661,0.421875,0.875,0.8054341673851013,False,ok,0.41526759999396745
D2_111_nadir,rootsift-lightglue-r3200-k8192,rootsift,lightglue,3200,8192,1194,100_0010_0104.JPG,100_0010_0109.JPG,5798,5886,1457,1122,0.7700754975978037,193.515005174198,0.34375,0.734375,0.7599692344665527,False,ok,0.49824999998963904
D2_111_nadir,rootsift-lightglue-r3200-k8192,rootsift,lightglue,3200,8192,1195,100_0010_0104.JPG,100_0010_0110.JPG,5798,5910,1183,838,0.7083685545224007,144.53259744739566,0.296875,0.734375,0.693723738193512,False,ok,0.5254833999933908
D2_111_nadir,rootsift-lightglue-r3200-k8192,rootsift,lightglue,3200,8192,1196,100_0010_0104.JPG,100_0010_0111.JPG,5798,5938,958,618,0.6450939457202505,106.5884787857882,0.21875,0.671875,0.6044996976852417,False,ok,0.22895479999715462
D2_111_nadir,rootsift-lightglue-r3200-k8192,rootsift,lightglue,3200,8192,1197,100_0010_0105.JPG,100_0010_0106.JPG,5884,5805,3653,3514,0.9619490829455243,605.3402239448751,0.84375,1.0,0.8918728232383728,False,ok,0.12079969998740125
D2_111_nadir,rootsift-lightglue-r3200-k8192,rootsift,lightglue,3200,8192,1198,100_0010_0105.JPG,100_0010_0107.JPG,5884,5856,2980,2711,0.9097315436241611,462.94398907103823,0.65625,1.0,0.8680490255355835,False,ok,0.16135989999747835
D2_111_nadir,rootsift-lightglue-r3200-k8192,rootsift,lightglue,3200,8192,1199,100_0010_0105.JPG,100_0010_0108.JPG,5884,5858,2372,2025,0.8537099494097807,345.6811198361215,0.578125,0.953125,0.83688884973526,False,ok,0.14686939999228343
D2_111_nadir,rootsift-lightglue-r3200-k8192,rootsift,lightglue,3200,8192,1200,100_0010_0105.JPG,100_0010_0109.JPG,5884,5886,1867,1523,0.8157471880021425,258.83752549286197,0.453125,0.875,0.8134335279464722,False,ok,0.35296269999525975
D2_111_nadir,rootsift-lightglue-r3200-k8192,rootsift,lightglue,3200,8192,1201,100_0010_0105.JPG,100_0010_0110.JPG,5884,5910,1521,1183,0.7777777777777778,201.05370496261048,0.34375,0.8125,0.7639653086662292,False,ok,0.6574415999930352
D2_111_nadir,rootsift-lightglue-r3200-k8192,rootsift,lightglue,3200,8192,1202,100_0010_0105.JPG,100_0010_0111.JPG,5884,5938,1272,906,0.7122641509433962,153.9768864717879,0.3125,0.734375,0.6870213150978088,False,ok,0.5115363999939291
D2_111_nadir,rootsift-lightglue-r3200-k8192,rootsift,lightglue,3200,8192,1203,100_0010_0106.JPG,100_0010_0107.JPG,5805,5856,3678,3583,0.9741707449700925,617.2265288544359,0.875,1.0,0.8989741206169128,False,ok,0.5587431000021752
D2_111_nadir,rootsift-lightglue-r3200-k8192,rootsift,lightglue,3200,8192,1204,100_0010_0106.JPG,100_0010_0108.JPG,5805,5858,3029,2752,0.9085506767910201,474.0740740740741,0.640625,0.984375,0.8761113286018372,False,ok,0.3627494999964256
D2_111_nadir,rootsift-lightglue-r3200-k8192,rootsift,lightglue,3200,8192,1205,100_0010_0106.JPG,100_0010_0109.JPG,5805,5886,2454,2094,0.8533007334963325,360.7235142118863,0.5625,0.9375,0.8529582023620605,False,ok,0.17362789998878725
D2_111_nadir,rootsift-lightglue-r3200-k8192,rootsift,lightglue,3200,8192,1206,100_0010_0106.JPG,100_0010_0110.JPG,5805,5910,1970,1605,0.8147208121827412,276.4857881136951,0.453125,0.890625,0.8159946799278259,False,ok,0.6838522000034573
D2_111_nadir,rootsift-lightglue-r3200-k8192,rootsift,lightglue,3200,8192,1207,100_0010_0106.JPG,100_0010_0111.JPG,5805,5938,1667,1301,0.7804439112177565,224.11714039621017,0.359375,0.765625,0.7692718505859375,False,ok,0.9180711999943014
D2_111_nadir,rootsift-lightglue-r3200-k8192,rootsift,lightglue,3200,8192,1208,100_0010_0107.JPG,100_0010_0108.JPG,5856,5858,3638,3511,0.9650907091808686,599.5560109289618,0.84375,0.984375,0.9013324975967407,False,ok,0.7750499999965541
D2_111_nadir,rootsift-lightglue-r3200-k8192,rootsift,lightglue,3200,8192,1209,100_0010_0107.JPG,100_0010_0109.JPG,5856,5886,3049,2774,0.9098064939324368,473.7021857923497,0.609375,0.953125,0.891363263130188,False,ok,0.7979865999950562
D2_111_nadir,rootsift-lightglue-r3200-k8192,rootsift,lightglue,3200,8192,1210,100_0010_0107.JPG,100_0010_0110.JPG,5856,5910,2481,2146,0.8649738008867393,366.4617486338798,0.59375,0.953125,0.8552253246307373,False,ok,0.8771170000109123
D2_111_nadir,rootsift-lightglue-r3200-k8192,rootsift,lightglue,3200,8192,1211,100_0010_0107.JPG,100_0010_0111.JPG,5856,5938,2058,1675,0.8138969873663752,286.03142076502735,0.453125,0.84375,0.8118283152580261,False,ok,0.32136119999631774
D2_111_nadir,rootsift-lightglue-r3200-k8192,rootsift,lightglue,3200,8192,1212,100_0010_0108.JPG,100_0010_0109.JPG,5858,5886,3640,3571,0.981043956043956,609.5937179924889,0.84375,1.0,0.8955729603767395,False,ok,0.15918709999823477
D2_111_nadir,rootsift-lightglue-r3200-k8192,rootsift,lightglue,3200,8192,1213,100_0010_0108.JPG,100_0010_0110.JPG,5858,5910,2981,2817,0.9449849043944984,480.88084670536017,0.640625,0.96875,0.8845683932304382,False,ok,0.31759649999730755
D2_111_nadir,rootsift-lightglue-r3200-k8192,rootsift,lightglue,3200,8192,1214,100_0010_0108.JPG,100_0010_0111.JPG,5858,5938,2584,2235,0.864938080495356,381.5295322635712,0.5625,0.9375,0.8645609021186829,False,ok,0.35303420000127517
D2_111_nadir,rootsift-lightglue-r3200-k8192,rootsift,lightglue,3200,8192,1215,100_0010_0109.JPG,100_0010_0110.JPG,5886,5910,3803,3734,0.9818564291348935,634.3866802582398,0.828125,1.0,0.9002723693847656,False,ok,0.2714657000033185
D2_111_nadir,rootsift-lightglue-r3200-k8192,rootsift,lightglue,3200,8192,1216,100_0010_0109.JPG,100_0010_0111.JPG,5886,5938,3219,3052,0.9481205343274309,518.5185185185185,0.640625,0.96875,0.8948153853416443,False,ok,0.4631591999932425
D2_111_nadir,rootsift-lightglue-r3200-k8192,rootsift,lightglue,3200,8192,1217,100_0010_0110.JPG,100_0010_0111.JPG,5910,5938,3874,3830,0.9886422302529685,648.0541455160744,0.84375,1.0,0.9060958027839661,False,ok,0.3959043999930145
