dataset,config,front_end,matcher,working_resolution,keypoint_budget,pair_index,image1,image2,keypoints_image1,keypoints_image2,raw_matches,verified_inliers,inlier_ratio,inliers_per_1000_keypoints,coverage_image1,coverage_image2,mean_match_score,failed_pair,verification_status,seconds
D2_111_nadir,superpoint-lightglue-r1024-k8192,superpoint,lightglue,1024,8192,1,100_0010_0001.JPG,100_0010_0002.JPG,3066,3099,1652,885,0.5357142857142857,288.6497064579256,0.796875,0.796875,0.8528879880905151,False,ok,0.11485650000395253
D2_111_nadir,superpoint-lightglue-r1024-k8192,superpoint,lightglue,1024,8192,2,100_0010_0001.JPG,100_0010_0003.JPG,3066,3121,1127,608,0.5394853593611357,198.30397912589694,0.5625,0.5625,0.8692532181739807,False,ok,0.04242159999557771
D2_111_nadir,superpoint-lightglue-r1024-k8192,superpoint,lightglue,1024,8192,3,100_0010_0001.JPG,100_0010_0004.JPG,3066,2781,716,386,0.5391061452513967,138.7989931679252,0.375,0.40625,0.8734723925590515,False,ok,0.03349160000652773
D2_111_nadir,superpoint-lightglue-r1024-k8192,superpoint,lightglue,1024,8192,4,100_0010_0001.JPG,100_0010_0005.JPG,3066,2830,300,139,0.4633333333333333,49.11660777385159,0.1875,0.21875,0.7389736771583557,False,ok,0.039538499993795995
D2_111_nadir,superpoint-lightglue-r1024-k8192,superpoint,lightglue,1024,8192,5,100_0010_0001.JPG,100_0010_0006.JPG,3066,2720,20,9,0.45,3.3088235294117645,0.125,0.125,0.21881985664367676,True,ok,0.04159050000453135
D2_111_nadir,superpoint-lightglue-r1024-k8192,superpoint,lightglue,1024,8192,6,100_0010_0001.JPG,100_0010_0007.JPG,3066,2817,65,15,0.23076923076923078,5.324813631522897,0.09375,0.109375,0.2176990956068039,False,ok,0.03673079999862239
D2_111_nadir,superpoint-lightglue-r1024-k8192,superpoint,lightglue,1024,8192,7,100_0010_0001.JPG,100_0010_0008.JPG,3066,3035,22,10,0.45454545454545453,3.2948929159802307,0.140625,0.140625,0.23641782999038696,True,ok,0.04487080000399146
D2_111_nadir,superpoint-lightglue-r1024-k8192,superpoint,lightglue,1024,8192,8,100_0010_0001.JPG,100_0010_0009.JPG,3066,3039,35,12,0.34285714285714286,3.9486673247778876,0.03125,0.0625,0.29505521059036255,True,ok,0.0522871000066516
D2_111_nadir,superpoint-lightglue-r1024-k8192,superpoint,lightglue,1024,8192,9,100_0010_0001.JPG,100_0010_0029.JPG,3066,2264,289,136,0.47058823529411764,60.07067137809187,0.15625,0.203125,0.8103585839271545,False,ok,0.03240350000123726
D2_111_nadir,superpoint-lightglue-r1024-k8192,superpoint,lightglue,1024,8192,10,100_0010_0001.JPG,100_0010_0030.JPG,3066,2362,557,259,0.4649910233393178,109.6528365791702,0.359375,0.34375,0.8862944841384888,False,ok,0.03213379999942845
D2_111_nadir,superpoint-lightglue-r1024-k8192,superpoint,lightglue,1024,8192,11,100_0010_0001.JPG,100_0010_0031.JPG,3066,2859,973,458,0.47070914696813976,160.1958726827562,0.515625,0.515625,0.8543776273727417,False,ok,0.033133400000224356
D2_111_nadir,superpoint-lightglue-r1024-k8192,superpoint,lightglue,1024,8192,12,100_0010_0001.JPG,100_0010_0032.JPG,3066,3274,1251,581,0.4644284572342126,189.49771689497717,0.625,0.640625,0.8325265645980835,False,ok,0.040996600000653416
D2_111_nadir,superpoint-lightglue-r1024-k8192,superpoint,lightglue,1024,8192,13,100_0010_0001.JPG,100_0010_0033.JPG,3066,3340,1340,621,0.4634328358208955,202.5440313111546,0.734375,0.703125,0.8327131867408752,False,ok,0.04582230000232812
D2_111_nadir,superpoint-lightglue-r1024-k8192,superpoint,lightglue,1024,8192,14,100_0010_0001.JPG,100_0010_0034.JPG,3066,3285,1314,579,0.4406392694063927,188.8454011741683,0.671875,0.671875,0.8318045735359192,False,ok,0.04087920000165468
D2_111_nadir,superpoint-lightglue-r1024-k8192,superpoint,lightglue,1024,8192,15,100_0010_0001.JPG,100_0010_0035.JPG,3066,3195,930,445,0.478494623655914,145.1402478799739,0.546875,0.53125,0.8257023692131042,False,ok,0.032893700001295656
D2_111_nadir,superpoint-lightglue-r1024-k8192,superpoint,lightglue,1024,8192,16,100_0010_0001.JPG,100_0010_0036.JPG,3066,3270,731,348,0.47606019151846785,113.50293542074364,0.390625,0.40625,0.8546500205993652,False,ok,0.032596599994576536
D2_111_nadir,superpoint-lightglue-r1024-k8192,superpoint,lightglue,1024,8192,17,100_0010_0002.JPG,100_0010_0003.JPG,3099,3121,1891,1059,0.5600211528291908,341.72313649564376,0.8125,0.875,0.9113937020301819,False,ok,0.043943800003034994
D2_111_nadir,superpoint-lightglue-r1024-k8192,superpoint,lightglue,1024,8192,18,100_0010_0002.JPG,100_0010_0004.JPG,3099,2781,1377,739,0.5366739288307916,265.7317511686444,0.625,0.625,0.894454300403595,False,ok,0.02945969999564113
D2_111_nadir,superpoint-lightglue-r1024-k8192,superpoint,lightglue,1024,8192,19,100_0010_0002.JPG,100_0010_0005.JPG,3099,2830,894,463,0.5178970917225951,163.6042402826855,0.46875,0.484375,0.8997727632522583,False,ok,0.031822199998714495
D2_111_nadir,superpoint-lightglue-r1024-k8192,superpoint,lightglue,1024,8192,20,100_0010_0002.JPG,100_0010_0006.JPG,3099,2720,403,230,0.5707196029776674,84.55882352941177,0.25,0.25,0.8888740539550781,False,ok,0.02510939999774564
D2_111_nadir,superpoint-lightglue-r1024-k8192,superpoint,lightglue,1024,8192,21,100_0010_0002.JPG,100_0010_0007.JPG,3099,2817,19,9,0.47368421052631576,3.194888178913738,0.078125,0.09375,0.2553703486919403,True,ok,0.04323109999677399
D2_111_nadir,superpoint-lightglue-r1024-k8192,superpoint,lightglue,1024,8192,22,100_0010_0002.JPG,100_0010_0008.JPG,3099,3035,15,10,0.6666666666666666,3.2948929159802307,0.09375,0.09375,0.20295053720474243,True,ok,0.051485399999364745
D2_111_nadir,superpoint-lightglue-r1024-k8192,superpoint,lightglue,1024,8192,23,100_0010_0002.JPG,100_0010_0009.JPG,3099,3039,26,11,0.4230769230769231,3.6196117143797304,0.109375,0.125,0.22211210429668427,True,ok,0.05469050000101561
D2_111_nadir,superpoint-lightglue-r1024-k8192,superpoint,lightglue,1024,8192,24,100_0010_0002.JPG,100_0010_0010.JPG,3099,3016,43,15,0.3488372093023256,4.973474801061008,0.125,0.15625,0.22725163400173187,False,ok,0.04280879999714671
D2_111_nadir,superpoint-lightglue-r1024-k8192,superpoint,lightglue,1024,8192,25,100_0010_0002.JPG,100_0010_0029.JPG,3099,2264,661,328,0.4962178517397882,144.87632508833923,0.375,0.375,0.8948742747306824,False,ok,0.02860050000163028
D2_111_nadir,superpoint-lightglue-r1024-k8192,superpoint,lightglue,1024,8192,26,100_0010_0002.JPG,100_0010_0030.JPG,3099,2362,978,480,0.49079754601226994,203.21761219305674,0.53125,0.5625,0.8938999772071838,False,ok,0.02772759999788832
D2_111_nadir,superpoint-lightglue-r1024-k8192,superpoint,lightglue,1024,8192,27,100_0010_0002.JPG,100_0010_0031.JPG,3099,2859,1417,680,0.4798870853916726,237.8454004896817,0.640625,0.65625,0.8810428977012634,False,ok,0.036554899998009205
D2_111_nadir,superpoint-lightglue-r1024-k8192,superpoint,lightglue,1024,8192,28,100_0010_0002.JPG,100_0010_0032.JPG,3099,3274,1464,762,0.5204918032786885,245.88576960309777,0.71875,0.71875,0.8713048100471497,False,ok,0.03915399999823421
D2_111_nadir,superpoint-lightglue-r1024-k8192,superpoint,lightglue,1024,8192,29,100_0010_0002.JPG,100_0010_0033.JPG,3099,3340,1101,502,0.45594913714804725,161.98773797999354,0.5625,0.5625,0.8528499603271484,False,ok,0.037870600004680455
D2_111_nadir,superpoint-lightglue-r1024-k8192,superpoint,lightglue,1024,8192,30,100_0010_0002.JPG,100_0010_0034.JPG,3099,3285,1103,462,0.4188576609247507,149.08034849951596,0.5625,0.546875,0.8460930585861206,False,ok,0.034418299997923896
D2_111_nadir,superpoint-lightglue-r1024-k8192,superpoint,lightglue,1024,8192,31,100_0010_0002.JPG,100_0010_0035.JPG,3099,3195,816,394,0.48284313725490197,127.13778638270409,0.40625,0.4375,0.8532379865646362,False,ok,0.030304699997941498
D2_111_nadir,superpoint-lightglue-r1024-k8192,superpoint,lightglue,1024,8192,32,100_0010_0003.JPG,100_0010_0004.JPG,3121,2781,1795,963,0.5364902506963788,346.27831715210357,0.84375,0.859375,0.9251797199249268,False,ok,0.029968399998324458
D2_111_nadir,superpoint-lightglue-r1024-k8192,superpoint,lightglue,1024,8192,33,100_0010_0003.JPG,100_0010_0005.JPG,3121,2830,1278,715,0.5594679186228482,252.65017667844523,0.625,0.625,0.9195898771286011,False,ok,0.03132019999611657
D2_111_nadir,superpoint-lightglue-r1024-k8192,superpoint,lightglue,1024,8192,34,100_0010_0003.JPG,100_0010_0006.JPG,3121,2720,739,381,0.5155615696887687,140.0735294117647,0.4375,0.5,0.8661836981773376,False,ok,0.023279199995158706
D2_111_nadir,superpoint-lightglue-r1024-k8192,superpoint,lightglue,1024,8192,35,100_0010_0003.JPG,100_0010_0007.JPG,3121,2817,296,147,0.4966216216216216,52.18317358892439,0.25,0.25,0.9159464240074158,False,ok,0.030174800005625002
D2_111_nadir,superpoint-lightglue-r1024-k8192,superpoint,lightglue,1024,8192,36,100_0010_0003.JPG,100_0010_0008.JPG,3121,3035,59,29,0.4915254237288136,9.555189456342669,0.109375,0.140625,0.3067249059677124,False,ok,0.061298600005102344
D2_111_nadir,superpoint-lightglue-r1024-k8192,superpoint,lightglue,1024,8192,37,100_0010_0003.JPG,100_0010_0009.JPG,3121,3039,18,12,0.6666666666666666,3.9486673247778876,0.125,0.125,0.2098991870880127,True,ok,0.05736990000150399
D2_111_nadir,superpoint-lightglue-r1024-k8192,superpoint,lightglue,1024,8192,38,100_0010_0003.JPG,100_0010_0010.JPG,3121,3016,46,19,0.41304347826086957,6.29973474801061,0.125,0.15625,0.19876722991466522,False,ok,0.037358199995651376
D2_111_nadir,superpoint-lightglue-r1024-k8192,superpoint,lightglue,1024,8192,39,100_0010_0003.JPG,100_0010_0011.JPG,3121,3234,43,17,0.3953488372093023,5.446972124319129,0.140625,0.125,0.20339025557041168,False,ok,0.04401569999754429
D2_111_nadir,superpoint-lightglue-r1024-k8192,superpoint,lightglue,1024,8192,40,100_0010_0003.JPG,100_0010_0028.JPG,3121,2150,528,301,0.5700757575757576,140.0,0.375,0.375,0.9232909083366394,False,ok,0.026683799995225854
D2_111_nadir,superpoint-lightglue-r1024-k8192,superpoint,lightglue,1024,8192,41,100_0010_0003.JPG,100_0010_0029.JPG,3121,2264,859,482,0.5611175785797439,212.89752650176678,0.53125,0.53125,0.9159643054008484,False,ok,0.031043499999213964
D2_111_nadir,superpoint-lightglue-r1024-k8192,superpoint,lightglue,1024,8192,42,100_0010_0003.JPG,100_0010_0030.JPG,3121,2362,1163,644,0.5537403267411866,272.6502963590178,0.640625,0.65625,0.9075377583503723,False,ok,0.03014229999826057
D2_111_nadir,superpoint-lightglue-r1024-k8192,superpoint,lightglue,1024,8192,43,100_0010_0003.JPG,100_0010_0031.JPG,3121,2859,1436,771,0.536908077994429,269.6747114375656,0.71875,0.75,0.9027578830718994,False,ok,0.03919609999866225
D2_111_nadir,superpoint-lightglue-r1024-k8192,superpoint,lightglue,1024,8192,44,100_0010_0003.JPG,100_0010_0032.JPG,3121,3274,1170,585,0.5,187.43992310157,0.5625,0.5625,0.8824617266654968,False,ok,0.03773139999975683
D2_111_nadir,superpoint-lightglue-r1024-k8192,superpoint,lightglue,1024,8192,45,100_0010_0003.JPG,100_0010_0033.JPG,3121,3340,800,382,0.4775,122.39666773470042,0.453125,0.4375,0.8669069409370422,False,ok,0.03222339999774704
D2_111_nadir,superpoint-lightglue-r1024-k8192,superpoint,lightglue,1024,8192,46,100_0010_0003.JPG,100_0010_0034.JPG,3121,3285,802,362,0.4513715710723192,115.98846523550144,0.46875,0.46875,0.8615448474884033,False,ok,0.03491359999316046
D2_111_nadir,superpoint-lightglue-r1024-k8192,superpoint,lightglue,1024,8192,47,100_0010_0004.JPG,100_0010_0005.JPG,2781,2830,1784,890,0.49887892376681614,320.0287666307084,0.84375,0.828125,0.9131137728691101,False,ok,0.03103939999709837
D2_111_nadir,superpoint-lightglue-r1024-k8192,superpoint,lightglue,1024,8192,48,100_0010_0004.JPG,100_0010_0006.JPG,2781,2720,1201,617,0.5137385512073273,226.83823529411765,0.625,0.625,0.9334903955459595,False,ok,0.02321920000395039
D2_111_nadir,superpoint-lightglue-r1024-k8192,superpoint,lightglue,1024,8192,49,100_0010_0004.JPG,100_0010_0007.JPG,2781,2817,687,330,0.48034934497816595,118.66235167206041,0.46875,0.484375,0.9231665730476379,False,ok,0.023679700003413018
D2_111_nadir,superpoint-lightglue-r1024-k8192,superpoint,lightglue,1024,8192,50,100_0010_0004.JPG,100_0010_0008.JPG,2781,3035,357,189,0.5294117647058824,67.96116504854369,0.25,0.25,0.8618640303611755,False,ok,0.030264000000897795
D2_111_nadir,superpoint-lightglue-r1024-k8192,superpoint,lightglue,1024,8192,51,100_0010_0004.JPG,100_0010_0009.JPG,2781,3039,44,15,0.3409090909090909,5.393743257820928,0.125,0.125,0.2279074341058731,False,ok,0.04994080000324175
D2_111_nadir,superpoint-lightglue-r1024-k8192,superpoint,lightglue,1024,8192,52,100_0010_0004.JPG,100_0010_0010.JPG,2781,3016,45,17,0.37777777777777777,6.112909025530385,0.109375,0.140625,0.23283593356609344,False,ok,0.04756669999915175
D2_111_nadir,superpoint-lightglue-r1024-k8192,superpoint,lightglue,1024,8192,53,100_0010_0004.JPG,100_0010_0011.JPG,2781,3234,113,42,0.37168141592920356,15.102481121898597,0.09375,0.09375,0.2714076638221741,False,ok,0.058419699998921715
D2_111_nadir,superpoint-lightglue-r1024-k8192,superpoint,lightglue,1024,8192,54,100_0010_0004.JPG,100_0010_0012.JPG,2781,3134,37,11,0.2972972972972973,3.9554117224020136,0.125,0.078125,0.2169191837310791,True,ok,0.030898099998012185
D2_111_nadir,superpoint-lightglue-r1024-k8192,superpoint,lightglue,1024,8192,55,100_0010_0004.JPG,100_0010_0027.JPG,2781,2123,446,236,0.5291479820627802,111.16344795101271,0.359375,0.375,0.9441708922386169,False,ok,0.021762100004707463
D2_111_nadir,superpoint-lightglue-r1024-k8192,superpoint,lightglue,1024,8192,56,100_0010_0004.JPG,100_0010_0028.JPG,2781,2150,807,473,0.5861214374225526,220.0,0.5625,0.546875,0.9359103441238403,False,ok,0.022214899996470194
D2_111_nadir,superpoint-lightglue-r1024-k8192,superpoint,lightglue,1024,8192,57,100_0010_0004.JPG,100_0010_0029.JPG,2781,2264,1101,623,0.5658492279745686,275.1766784452297,0.65625,0.65625,0.9059427380561829,False,ok,0.022172999997565057
D2_111_nadir,superpoint-lightglue-r1024-k8192,superpoint,lightglue,1024,8192,58,100_0010_0004.JPG,100_0010_0030.JPG,2781,2362,1264,714,0.564873417721519,302.2861981371719,0.734375,0.75,0.9192842841148376,False,ok,0.03085099999589147
D2_111_nadir,superpoint-lightglue-r1024-k8192,superpoint,lightglue,1024,8192,59,100_0010_0004.JPG,100_0010_0031.JPG,2781,2859,1038,523,0.5038535645472062,188.061848256023,0.546875,0.5625,0.9199830293655396,False,ok,0.02768619999551447
D2_111_nadir,superpoint-lightglue-r1024-k8192,superpoint,lightglue,1024,8192,60,100_0010_0004.JPG,100_0010_0032.JPG,2781,3274,787,388,0.49301143583227447,139.51815893563466,0.453125,0.453125,0.8815537691116333,False,ok,0.02777839999907883
D2_111_nadir,superpoint-lightglue-r1024-k8192,superpoint,lightglue,1024,8192,61,100_0010_0005.JPG,100_0010_0006.JPG,2830,2720,1734,836,0.48212226066897346,307.3529411764706,0.875,0.84375,0.9340430498123169,False,ok,0.02444850000028964
D2_111_nadir,superpoint-lightglue-r1024-k8192,superpoint,lightglue,1024,8192,62,100_0010_0005.JPG,100_0010_0007.JPG,2830,2817,1219,657,0.538966365873667,233.22683706070288,0.625,0.625,0.920548141002655,False,ok,0.023629299997992348
D2_111_nadir,superpoint-lightglue-r1024-k8192,superpoint,lightglue,1024,8192,63,100_0010_0005.JPG,100_0010_0008.JPG,2830,3035,848,471,0.5554245283018868,166.4310954063604,0.453125,0.5,0.9260819554328918,False,ok,0.028983800002606586
D2_111_nadir,superpoint-lightglue-r1024-k8192,superpoint,lightglue,1024,8192,64,100_0010_0005.JPG,100_0010_0009.JPG,2830,3039,452,203,0.4491150442477876,71.73144876325088,0.234375,0.25,0.8797516226768494,False,ok,0.035112999998091254
D2_111_nadir,superpoint-lightglue-r1024-k8192,superpoint,lightglue,1024,8192,65,100_0010_0005.JPG,100_0010_0010.JPG,2830,3016,46,18,0.391304347826087,6.360424028268551,0.15625,0.140625,0.20258654654026031,False,ok,0.041918999995687045
D2_111_nadir,superpoint-lightglue-r1024-k8192,superpoint,lightglue,1024,8192,66,100_0010_0005.JPG,100_0010_0011.JPG,2830,3234,92,45,0.4891304347826087,15.901060070671377,0.15625,0.125,0.308666467666626,False,ok,0.05982689999655122
D2_111_nadir,superpoint-lightglue-r1024-k8192,superpoint,lightglue,1024,8192,67,100_0010_0005.JPG,100_0010_0012.JPG,2830,3134,50,15,0.3,5.30035335689046,0.15625,0.109375,0.2321278601884842,False,ok,0.033046399999875575
D2_111_nadir,superpoint-lightglue-r1024-k8192,superpoint,lightglue,1024,8192,68,100_0010_0005.JPG,100_0010_0013.JPG,2830,3140,24,10,0.4166666666666667,3.5335689045936394,0.125,0.109375,0.19059956073760986,True,ok,0.04450609999912558
D2_111_nadir,superpoint-lightglue-r1024-k8192,superpoint,lightglue,1024,8192,69,100_0010_0005.JPG,100_0010_0026.JPG,2830,2300,577,295,0.511265164644714,128.2608695652174,0.359375,0.375,0.9267072677612305,False,ok,0.02451370000198949
D2_111_nadir,superpoint-lightglue-r1024-k8192,superpoint,lightglue,1024,8192,70,100_0010_0005.JPG,100_0010_0027.JPG,2830,2123,749,410,0.5473965287049399,193.1229392369289,0.546875,0.5,0.9358595609664917,False,ok,0.023323999994318
D2_111_nadir,superpoint-lightglue-r1024-k8192,superpoint,lightglue,1024,8192,71,100_0010_0005.JPG,100_0010_0028.JPG,2830,2150,1053,611,0.5802469135802469,284.1860465116279,0.65625,0.65625,0.9469130039215088,False,ok,0.026683700001740362
D2_111_nadir,superpoint-lightglue-r1024-k8192,superpoint,lightglue,1024,8192,72,100_0010_0005.JPG,100_0010_0029.JPG,2830,2264,1223,686,0.5609157808667212,303.0035335689046,0.75,0.734375,0.9313053488731384,False,ok,0.02752209999744082
D2_111_nadir,superpoint-lightglue-r1024-k8192,superpoint,lightglue,1024,8192,73,100_0010_0005.JPG,100_0010_0030.JPG,2830,2362,958,524,0.5469728601252609,221.8458933107536,0.546875,0.5625,0.9254664778709412,False,ok,0.027711200003977865
D2_111_nadir,superpoint-lightglue-r1024-k8192,superpoint,lightglue,1024,8192,74,100_0010_0005.JPG,100_0010_0031.JPG,2830,2859,744,383,0.5147849462365591,135.3356890459364,0.4375,0.4375,0.9162246584892273,False,ok,0.028223799999977928
D2_111_nadir,superpoint-lightglue-r1024-k8192,superpoint,lightglue,1024,8192,75,100_0010_0006.JPG,100_0010_0007.JPG,2720,2817,1725,989,0.5733333333333334,363.6029411764706,0.875,0.875,0.9226425290107727,False,ok,0.026346300001023337
D2_111_nadir,superpoint-lightglue-r1024-k8192,superpoint,lightglue,1024,8192,76,100_0010_0006.JPG,100_0010_0008.JPG,2720,3035,1320,786,0.5954545454545455,288.97058823529414,0.625,0.625,0.914443850517273,False,ok,0.025638099999923725
D2_111_nadir,superpoint-lightglue-r1024-k8192,superpoint,lightglue,1024,8192,77,100_0010_0006.JPG,100_0010_0009.JPG,2720,3039,855,454,0.5309941520467836,166.91176470588235,0.4375,0.453125,0.9045458436012268,False,ok,0.03138010000111535
D2_111_nadir,superpoint-lightglue-r1024-k8192,superpoint,lightglue,1024,8192,78,100_0010_0006.JPG,100_0010_0010.JPG,2720,3016,279,132,0.4731182795698925,48.529411764705884,0.25,0.234375,0.8614690899848938,False,ok,0.03270389999670442
D2_111_nadir,superpoint-lightglue-r1024-k8192,superpoint,lightglue,1024,8192,79,100_0010_0006.JPG,100_0010_0011.JPG,2720,3234,34,13,0.38235294117647056,4.779411764705882,0.125,0.109375,0.21311847865581512,True,ok,0.05564760000561364
D2_111_nadir,superpoint-lightglue-r1024-k8192,superpoint,lightglue,1024,8192,80,100_0010_0006.JPG,100_0010_0012.JPG,2720,3134,7,0,0.0,0.0,0.0,0.0,0.1848335713148117,True,too_few_matches,0.042305700000724755
D2_111_nadir,superpoint-lightglue-r1024-k8192,superpoint,lightglue,1024,8192,81,100_0010_0006.JPG,100_0010_0013.JPG,2720,3140,15,8,0.5333333333333333,2.9411764705882355,0.09375,0.109375,0.21218113601207733,True,ok,0.043916500006162096
D2_111_nadir,superpoint-lightglue-r1024-k8192,superpoint,lightglue,1024,8192,82,100_0010_0006.JPG,100_0010_0014.JPG,2720,3118,59,10,0.1694915254237288,3.676470588235294,0.140625,0.109375,0.2203991711139679,True,ok,0.0335237999970559
D2_111_nadir,superpoint-lightglue-r1024-k8192,superpoint,lightglue,1024,8192,83,100_0010_0006.JPG,100_0010_0025.JPG,2720,2521,632,335,0.5300632911392406,132.88377627925428,0.359375,0.375,0.9208456873893738,False,ok,0.02159419999952661
D2_111_nadir,superpoint-lightglue-r1024-k8192,superpoint,lightglue,1024,8192,84,100_0010_0006.JPG,100_0010_0026.JPG,2720,2300,872,468,0.536697247706422,203.47826086956522,0.484375,0.546875,0.9300521612167358,False,ok,0.022327700004098006
D2_111_nadir,superpoint-lightglue-r1024-k8192,superpoint,lightglue,1024,8192,85,100_0010_0006.JPG,100_0010_0027.JPG,2720,2123,1049,591,0.563393708293613,278.37965143664627,0.65625,0.65625,0.9324633479118347,False,ok,0.022161900000355672
D2_111_nadir,superpoint-lightglue-r1024-k8192,superpoint,lightglue,1024,8192,86,100_0010_0006.JPG,100_0010_0028.JPG,2720,2150,1180,654,0.5542372881355933,304.1860465116279,0.75,0.75,0.9321708083152771,False,ok,0.02128900000388967
D2_111_nadir,superpoint-lightglue-r1024-k8192,superpoint,lightglue,1024,8192,87,100_0010_0006.JPG,100_0010_0029.JPG,2720,2264,902,511,0.5665188470066519,225.70671378091873,0.5625,0.5625,0.9451490044593811,False,ok,0.019955000003392342
D2_111_nadir,superpoint-lightglue-r1024-k8192,superpoint,lightglue,1024,8192,88,100_0010_0006.JPG,100_0010_0030.JPG,2720,2362,623,347,0.5569823434991974,146.90939881456393,0.453125,0.46875,0.9427037835121155,False,ok,0.020467399997869506
D2_111_nadir,superpoint-lightglue-r1024-k8192,superpoint,lightglue,1024,8192,89,100_0010_0007.JPG,100_0010_0008.JPG,2817,3035,1848,984,0.5324675324675324,349.30777422790203,0.859375,0.875,0.9107230305671692,False,ok,0.03701530000398634
D2_111_nadir,superpoint-lightglue-r1024-k8192,superpoint,lightglue,1024,8192,90,100_0010_0007.JPG,100_0010_0009.JPG,2817,3039,1312,650,0.4954268292682927,230.74192403265886,0.609375,0.59375,0.8887325525283813,False,ok,0.04104599999845959
D2_111_nadir,superpoint-lightglue-r1024-k8192,superpoint,lightglue,1024,8192,91,100_0010_0007.JPG,100_0010_0010.JPG,2817,3016,701,309,0.44079885877318115,109.69116080937167,0.46875,0.46875,0.8450682163238525,False,ok,0.04133400000137044
D2_111_nadir,superpoint-lightglue-r1024-k8192,superpoint,lightglue,1024,8192,92,100_0010_0007.JPG,100_0010_0011.JPG,2817,3234,351,119,0.33903133903133903,42.24352147674831,0.203125,0.21875,0.8097102046012878,False,ok,0.03207019999535987
D2_111_nadir,superpoint-lightglue-r1024-k8192,superpoint,lightglue,1024,8192,93,100_0010_0007.JPG,100_0010_0012.JPG,2817,3134,37,13,0.35135135135135137,4.6148384806531775,0.171875,0.109375,0.19107910990715027,True,ok,0.02684909999516094
D2_111_nadir,superpoint-lightglue-r1024-k8192,superpoint,lightglue,1024,8192,94,100_0010_0007.JPG,100_0010_0013.JPG,2817,3140,11,7,0.6363636363636364,2.4849130280440184,0.109375,0.09375,0.17634843289852142,True,ok,0.038901300002180506
D2_111_nadir,superpoint-lightglue-r1024-k8192,superpoint,lightglue,1024,8192,95,100_0010_0007.JPG,100_0010_0014.JPG,2817,3118,53,11,0.20754716981132076,3.9048633297834576,0.15625,0.109375,0.1963024139404297,True,ok,0.027748100001190323
D2_111_nadir,superpoint-lightglue-r1024-k8192,superpoint,lightglue,1024,8192,96,100_0010_0007.JPG,100_0010_0015.JPG,2817,2904,13,8,0.6153846153846154,2.839900603478878,0.109375,0.078125,0.1730029284954071,True,ok,0.03916149999713525
D2_111_nadir,superpoint-lightglue-r1024-k8192,superpoint,lightglue,1024,8192,97,100_0010_0007.JPG,100_0010_0024.JPG,2817,2746,632,321,0.5079113924050633,116.89730517115805,0.359375,0.375,0.9128952026367188,False,ok,0.028430200000002515
D2_111_nadir,superpoint-lightglue-r1024-k8192,superpoint,lightglue,1024,8192,98,100_0010_0007.JPG,100_0010_0025.JPG,2817,2521,924,515,0.5573593073593074,204.2840142800476,0.515625,0.515625,0.9244885444641113,False,ok,0.02842840000084834
D2_111_nadir,superpoint-lightglue-r1024-k8192,superpoint,lightglue,1024,8192,99,100_0010_0007.JPG,100_0010_0026.JPG,2817,2300,1156,656,0.5674740484429066,285.2173913043478,0.65625,0.65625,0.9486802816390991,False,ok,0.026198999999905936
D2_111_nadir,superpoint-lightglue-r1024-k8192,superpoint,lightglue,1024,8192,100,100_0010_0007.JPG,100_0010_0027.JPG,2817,2123,1229,686,0.5581773799837266,323.12764955252004,0.75,0.75,0.9325103163719177,False,ok,0.021335999997972976
D2_111_nadir,superpoint-lightglue-r1024-k8192,superpoint,lightglue,1024,8192,101,100_0010_0007.JPG,100_0010_0028.JPG,2817,2150,876,483,0.5513698630136986,224.65116279069767,0.578125,0.5625,0.9329222440719604,False,ok,0.022526499997184146
D2_111_nadir,superpoint-lightglue-r1024-k8192,superpoint,lightglue,1024,8192,102,100_0010_0007.JPG,100_0010_0029.JPG,2817,2264,585,312,0.5333333333333333,137.80918727915196,0.46875,0.4375,0.927141547203064,False,ok,0.01952000000164844
D2_111_nadir,superpoint-lightglue-r1024-k8192,superpoint,lightglue,1024,8192,103,100_0010_0008.JPG,100_0010_0009.JPG,3035,3039,1856,1063,0.5727370689655172,350.2471169686985,0.875,0.84375,0.8798584342002869,False,ok,0.04610940000566188
D2_111_nadir,superpoint-lightglue-r1024-k8192,superpoint,lightglue,1024,8192,104,100_0010_0008.JPG,100_0010_0010.JPG,3035,3016,1174,576,0.4906303236797274,190.9814323607427,0.625,0.59375,0.8106406927108765,False,ok,0.049203400005353615
D2_111_nadir,superpoint-lightglue-r1024-k8192,superpoint,lightglue,1024,8192,105,100_0010_0008.JPG,100_0010_0011.JPG,3035,3234,694,363,0.5230547550432276,119.60461285008238,0.4375,0.4375,0.8168693780899048,False,ok,0.04256600000371691
D2_111_nadir,superpoint-lightglue-r1024-k8192,superpoint,lightglue,1024,8192,106,100_0010_0008.JPG,100_0010_0012.JPG,3035,3134,232,107,0.46120689655172414,35.25535420098847,0.171875,0.171875,0.8343257904052734,False,ok,0.029615100000228267
D2_111_nadir,superpoint-lightglue-r1024-k8192,superpoint,lightglue,1024,8192,107,100_0010_0008.JPG,100_0010_0013.JPG,3035,3140,33,12,0.36363636363636365,3.9538714991762767,0.125,0.109375,0.1975940465927124,True,ok,0.048560399998677894
D2_111_nadir,superpoint-lightglue-r1024-k8192,superpoint,lightglue,1024,8192,108,100_0010_0008.JPG,100_0010_0014.JPG,3035,3118,25,10,0.4,3.2948929159802307,0.109375,0.09375,0.211909219622612,True,ok,0.04137769999942975
D2_111_nadir,superpoint-lightglue-r1024-k8192,superpoint,lightglue,1024,8192,109,100_0010_0008.JPG,100_0010_0015.JPG,3035,2904,21,10,0.47619047619047616,3.443526170798898,0.09375,0.078125,0.183258056640625,True,ok,0.043210399999225046
D2_111_nadir,superpoint-lightglue-r1024-k8192,superpoint,lightglue,1024,8192,110,100_0010_0008.JPG,100_0010_0016.JPG,3035,2947,14,9,0.6428571428571429,3.0539531727180185,0.09375,0.078125,0.22099018096923828,True,ok,0.043670300001394935
D2_111_nadir,superpoint-lightglue-r1024-k8192,superpoint,lightglue,1024,8192,111,100_0010_0008.JPG,100_0010_0023.JPG,3035,3094,601,315,0.5241264559068219,103.78912685337727,0.359375,0.375,0.8952137231826782,False,ok,0.030484100003377534
D2_111_nadir,superpoint-lightglue-r1024-k8192,superpoint,lightglue,1024,8192,112,100_0010_0008.JPG,100_0010_0024.JPG,3035,2746,891,477,0.5353535353535354,173.7072104879825,0.53125,0.546875,0.9038859605789185,False,ok,0.031070199998794124
D2_111_nadir,superpoint-lightglue-r1024-k8192,superpoint,lightglue,1024,8192,113,100_0010_0008.JPG,100_0010_0025.JPG,3035,2521,1190,660,0.5546218487394958,261.80087266957554,0.65625,0.65625,0.9191440939903259,False,ok,0.030311099995742552
D2_111_nadir,superpoint-lightglue-r1024-k8192,superpoint,lightglue,1024,8192,114,100_0010_0008.JPG,100_0010_0026.JPG,3035,2300,1329,733,0.5515425131677953,318.69565217391306,0.75,0.75,0.9278467893600464,False,ok,0.030202900001313537
D2_111_nadir,superpoint-lightglue-r1024-k8192,superpoint,lightglue,1024,8192,115,100_0010_0008.JPG,100_0010_0027.JPG,3035,2123,1054,589,0.5588235294117647,277.43758831841734,0.578125,0.5625,0.9310667514801025,False,ok,0.02479479999601608
D2_111_nadir,superpoint-lightglue-r1024-k8192,superpoint,lightglue,1024,8192,116,100_0010_0008.JPG,100_0010_0028.JPG,3035,2150,711,398,0.559774964838256,185.11627906976744,0.46875,0.46875,0.923706591129303,False,ok,0.021749400002590846
D2_111_nadir,superpoint-lightglue-r1024-k8192,superpoint,lightglue,1024,8192,117,100_0010_0009.JPG,100_0010_0010.JPG,3039,3016,1803,977,0.5418746533555185,323.9389920424403,0.875,0.84375,0.8696928024291992,False,ok,0.04434860000037588
D2_111_nadir,superpoint-lightglue-r1024-k8192,superpoint,lightglue,1024,8192,118,100_0010_0009.JPG,100_0010_0011.JPG,3039,3234,1269,644,0.5074862096138691,211.91181309641328,0.625,0.625,0.8554341197013855,False,ok,0.04423259999748552
D2_111_nadir,superpoint-lightglue-r1024-k8192,superpoint,lightglue,1024,8192,119,100_0010_0009.JPG,100_0010_0012.JPG,3039,3134,715,347,0.4853146853146853,114.18229680816057,0.421875,0.40625,0.8882284760475159,False,ok,0.02726979999715695
D2_111_nadir,superpoint-lightglue-r1024-k8192,superpoint,lightglue,1024,8192,120,100_0010_0009.JPG,100_0010_0013.JPG,3039,3140,467,240,0.5139186295503212,78.97334649555775,0.25,0.25,0.9096245765686035,False,ok,0.02991199999814853
D2_111_nadir,superpoint-lightglue-r1024-k8192,superpoint,lightglue,1024,8192,121,100_0010_0009.JPG,100_0010_0014.JPG,3039,3118,42,15,0.35714285714285715,4.935834155972359,0.109375,0.09375,0.234134241938591,False,ok,0.04735149999760324
D2_111_nadir,superpoint-lightglue-r1024-k8192,superpoint,lightglue,1024,8192,122,100_0010_0009.JPG,100_0010_0015.JPG,3039,2904,15,8,0.5333333333333333,2.7548209366391183,0.078125,0.078125,0.1968904286623001,True,ok,0.04409670000313781
D2_111_nadir,superpoint-lightglue-r1024-k8192,superpoint,lightglue,1024,8192,123,100_0010_0009.JPG,100_0010_0016.JPG,3039,2947,13,9,0.6923076923076923,3.0539531727180185,0.109375,0.109375,0.17117427289485931,True,ok,0.05038559999957215
D2_111_nadir,superpoint-lightglue-r1024-k8192,superpoint,lightglue,1024,8192,124,100_0010_0009.JPG,100_0010_0017.JPG,3039,3103,15,8,0.5333333333333333,2.6324448831852583,0.109375,0.09375,0.21103665232658386,True,ok,0.05142660000274191
D2_111_nadir,superpoint-lightglue-r1024-k8192,superpoint,lightglue,1024,8192,125,100_0010_0009.JPG,100_0010_0022.JPG,3039,3232,619,308,0.4975767366720517,101.34912800263244,0.375,0.375,0.9092226624488831,False,ok,0.031236100003297906
D2_111_nadir,superpoint-lightglue-r1024-k8192,superpoint,lightglue,1024,8192,126,100_0010_0009.JPG,100_0010_0023.JPG,3039,3094,947,498,0.5258711721224921,163.86969397828233,0.515625,0.546875,0.90915447473526,False,ok,0.03173600000445731
D2_111_nadir,superpoint-lightglue-r1024-k8192,superpoint,lightglue,1024,8192,127,100_0010_0009.JPG,100_0010_0024.JPG,3039,2746,1222,669,0.5474631751227496,243.62709395484342,0.65625,0.65625,0.908051073551178,False,ok,0.0352809999967576
D2_111_nadir,superpoint-lightglue-r1024-k8192,superpoint,lightglue,1024,8192,128,100_0010_0009.JPG,100_0010_0025.JPG,3039,2521,1418,740,0.5218617771509168,293.53431178103926,0.75,0.75,0.9173918962478638,False,ok,0.030687200000102166
D2_111_nadir,superpoint-lightglue-r1024-k8192,superpoint,lightglue,1024,8192,129,100_0010_0009.JPG,100_0010_0026.JPG,3039,2300,1092,609,0.5576923076923077,264.7826086956522,0.59375,0.5625,0.9184120893478394,False,ok,0.02832730000227457
D2_111_nadir,superpoint-lightglue-r1024-k8192,superpoint,lightglue,1024,8192,130,100_0010_0009.JPG,100_0010_0027.JPG,3039,2123,808,427,0.5284653465346535,201.1304757418747,0.46875,0.453125,0.9376072883605957,False,ok,0.027803799996036105
D2_111_nadir,superpoint-lightglue-r1024-k8192,superpoint,lightglue,1024,8192,131,100_0010_0010.JPG,100_0010_0011.JPG,3016,3234,1886,1077,0.5710498409331919,357.0954907161804,0.859375,0.875,0.9099965691566467,False,ok,0.04726189999928465
D2_111_nadir,superpoint-lightglue-r1024-k8192,superpoint,lightglue,1024,8192,132,100_0010_0010.JPG,100_0010_0012.JPG,3016,3134,1292,709,0.5487616099071208,235.07957559681697,0.59375,0.59375,0.9257610440254211,False,ok,0.03261850000126287
D2_111_nadir,superpoint-lightglue-r1024-k8192,superpoint,lightglue,1024,8192,133,100_0010_0010.JPG,100_0010_0013.JPG,3016,3140,1004,373,0.3715139442231076,123.6737400530504,0.46875,0.5,0.9281648993492126,False,ok,0.02939189999597147
D2_111_nadir,superpoint-lightglue-r1024-k8192,superpoint,lightglue,1024,8192,134,100_0010_0010.JPG,100_0010_0014.JPG,3016,3118,540,285,0.5277777777777778,94.49602122015915,0.25,0.25,0.9091670513153076,False,ok,0.031628600001567975
D2_111_nadir,superpoint-lightglue-r1024-k8192,superpoint,lightglue,1024,8192,135,100_0010_0010.JPG,100_0010_0015.JPG,3016,2904,60,21,0.35,7.231404958677686,0.125,0.109375,0.43780896067619324,False,ok,0.04574300000240328
D2_111_nadir,superpoint-lightglue-r1024-k8192,superpoint,lightglue,1024,8192,136,100_0010_0010.JPG,100_0010_0016.JPG,3016,2947,62,17,0.27419354838709675,5.768578215134035,0.125,0.109375,0.38297736644744873,False,ok,0.029673300006834324
D2_111_nadir,superpoint-lightglue-r1024-k8192,superpoint,lightglue,1024,8192,137,100_0010_0010.JPG,100_0010_0017.JPG,3016,3103,48,17,0.3541666666666667,5.636604774535809,0.140625,0.140625,0.4288140833377838,False,ok,0.030017600001883693
D2_111_nadir,superpoint-lightglue-r1024-k8192,superpoint,lightglue,1024,8192,138,100_0010_0010.JPG,100_0010_0018.JPG,3016,3296,90,29,0.32222222222222224,9.615384615384615,0.140625,0.203125,0.36373087763786316,False,ok,0.035598700000264216
D2_111_nadir,superpoint-lightglue-r1024-k8192,superpoint,lightglue,1024,8192,139,100_0010_0010.JPG,100_0010_0021.JPG,3016,3383,809,420,0.519159456118665,139.25729442970822,0.375,0.375,0.898306131362915,False,ok,0.024593199996161275
D2_111_nadir,superpoint-lightglue-r1024-k8192,superpoint,lightglue,1024,8192,140,100_0010_0010.JPG,100_0010_0022.JPG,3016,3232,1060,563,0.5311320754716982,186.6710875331565,0.53125,0.5625,0.917829155921936,False,ok,0.02825440000015078
D2_111_nadir,superpoint-lightglue-r1024-k8192,superpoint,lightglue,1024,8192,141,100_0010_0010.JPG,100_0010_0023.JPG,3016,3094,1371,721,0.525893508388038,239.0583554376658,0.65625,0.65625,0.9140692949295044,False,ok,0.03048570000100881
D2_111_nadir,superpoint-lightglue-r1024-k8192,superpoint,lightglue,1024,8192,142,100_0010_0010.JPG,100_0010_0024.JPG,3016,2746,1496,774,0.517379679144385,281.86453022578297,0.75,0.75,0.9088303446769714,False,ok,0.031120799998461735
D2_111_nadir,superpoint-lightglue-r1024-k8192,superpoint,lightglue,1024,8192,143,100_0010_0010.JPG,100_0010_0025.JPG,3016,2521,1090,577,0.5293577981651376,228.87742959143196,0.625,0.5625,0.9140585660934448,False,ok,0.02698180000152206
D2_111_nadir,superpoint-lightglue-r1024-k8192,superpoint,lightglue,1024,8192,144,100_0010_0010.JPG,100_0010_0026.JPG,3016,2300,773,399,0.5161707632600259,173.47826086956522,0.46875,0.46875,0.901885449886322,False,ok,0.02654610000172397
D2_111_nadir,superpoint-lightglue-r1024-k8192,superpoint,lightglue,1024,8192,145,100_0010_0011.JPG,100_0010_0012.JPG,3234,3134,1976,878,0.444331983805668,280.1531589023612,0.84375,0.859375,0.8854894042015076,False,ok,0.04260400000202935
D2_111_nadir,superpoint-lightglue-r1024-k8192,superpoint,lightglue,1024,8192,146,100_0010_0011.JPG,100_0010_0013.JPG,3234,3140,1562,671,0.4295774647887324,213.69426751592357,0.625,0.625,0.8914420008659363,False,ok,0.036659099998360034
D2_111_nadir,superpoint-lightglue-r1024-k8192,superpoint,lightglue,1024,8192,147,100_0010_0011.JPG,100_0010_0014.JPG,3234,3118,1083,532,0.49122807017543857,170.6221937139192,0.484375,0.484375,0.8551347851753235,False,ok,0.03304310000385158
D2_111_nadir,superpoint-lightglue-r1024-k8192,superpoint,lightglue,1024,8192,148,100_0010_0011.JPG,100_0010_0015.JPG,3234,2904,600,261,0.435,89.87603305785125,0.25,0.25,0.7937312722206116,False,ok,0.04270910000195727
D2_111_nadir,superpoint-lightglue-r1024-k8192,superpoint,lightglue,1024,8192,149,100_0010_0011.JPG,100_0010_0016.JPG,3234,2947,538,206,0.3828996282527881,69.90159484221242,0.25,0.25,0.785139799118042,False,ok,0.04606820000481093
D2_111_nadir,superpoint-lightglue-r1024-k8192,superpoint,lightglue,1024,8192,150,100_0010_0011.JPG,100_0010_0017.JPG,3234,3103,530,216,0.4075471698113208,69.61005478569126,0.21875,0.21875,0.7937909960746765,False,ok,0.03992640000069514
D2_111_nadir,superpoint-lightglue-r1024-k8192,superpoint,lightglue,1024,8192,151,100_0010_0011.JPG,100_0010_0018.JPG,3234,3296,489,238,0.4867075664621677,73.5930735930736,0.1875,0.1875,0.7755828499794006,False,ok,0.03660200000012992
D2_111_nadir,superpoint-lightglue-r1024-k8192,superpoint,lightglue,1024,8192,152,100_0010_0011.JPG,100_0010_0019.JPG,3234,3266,472,226,0.4788135593220339,69.88249845392703,0.1875,0.1875,0.7974077463150024,False,ok,0.036501700000371784
D2_111_nadir,superpoint-lightglue-r1024-k8192,superpoint,lightglue,1024,8192,153,100_0010_0011.JPG,100_0010_0020.JPG,3234,3423,926,405,0.4373650107991361,125.23191094619666,0.34375,0.375,0.8435140252113342,False,ok,0.029935500002466142
D2_111_nadir,superpoint-lightglue-r1024-k8192,superpoint,lightglue,1024,8192,154,100_0010_0011.JPG,100_0010_0021.JPG,3234,3383,1246,605,0.485553772070626,187.0748299319728,0.515625,0.515625,0.8750957250595093,False,ok,0.030780599998252
D2_111_nadir,superpoint-lightglue-r1024-k8192,superpoint,lightglue,1024,8192,155,100_0010_0011.JPG,100_0010_0022.JPG,3234,3232,1476,809,0.5481029810298103,250.30940594059405,0.65625,0.65625,0.8685309886932373,False,ok,0.033424100001866464
D2_111_nadir,superpoint-lightglue-r1024-k8192,superpoint,lightglue,1024,8192,156,100_0010_0011.JPG,100_0010_0023.JPG,3234,3094,1640,836,0.5097560975609756,270.2003878474467,0.75,0.75,0.8890861868858337,False,ok,0.03409780000220053
D2_111_nadir,superpoint-lightglue-r1024-k8192,superpoint,lightglue,1024,8192,157,100_0010_0011.JPG,100_0010_0024.JPG,3234,2746,1174,619,0.5272572402044293,225.41879096868172,0.65625,0.59375,0.9100574851036072,False,ok,0.030781499997829087
D2_111_nadir,superpoint-lightglue-r1024-k8192,superpoint,lightglue,1024,8192,158,100_0010_0011.JPG,100_0010_0025.JPG,3234,2521,787,392,0.49809402795425667,155.49385164617215,0.46875,0.46875,0.8993188738822937,False,ok,0.028146399999968708
D2_111_nadir,superpoint-lightglue-r1024-k8192,superpoint,lightglue,1024,8192,159,100_0010_0012.JPG,100_0010_0013.JPG,3134,3140,2035,951,0.4673218673218673,303.446075303127,0.84375,0.859375,0.8688782453536987,False,ok,0.038819699999294244
D2_111_nadir,superpoint-lightglue-r1024-k8192,superpoint,lightglue,1024,8192,160,100_0010_0012.JPG,100_0010_0014.JPG,3134,3118,1529,570,0.3727926749509483,182.8094932649134,0.625,0.625,0.8749992847442627,False,ok,0.042744099999254104
D2_111_nadir,superpoint-lightglue-r1024-k8192,superpoint,lightglue,1024,8192,161,100_0010_0012.JPG,100_0010_0015.JPG,3134,2904,1034,516,0.4990328820116054,177.68595041322314,0.5,0.484375,0.8344697952270508,False,ok,0.042833100000279956
D2_111_nadir,superpoint-lightglue-r1024-k8192,superpoint,lightglue,1024,8192,162,100_0010_0012.JPG,100_0010_0016.JPG,3134,2947,969,385,0.3973168214654283,130.6413301662708,0.5,0.46875,0.8152064681053162,False,ok,0.05114100000355393
D2_111_nadir,superpoint-lightglue-r1024-k8192,superpoint,lightglue,1024,8192,163,100_0010_0012.JPG,100_0010_0017.JPG,3134,3103,923,382,0.41386782231852653,123.10667096358362,0.4375,0.390625,0.8456869721412659,False,ok,0.04832209999585757
D2_111_nadir,superpoint-lightglue-r1024-k8192,superpoint,lightglue,1024,8192,164,100_0010_0012.JPG,100_0010_0018.JPG,3134,3296,846,351,0.4148936170212766,111.99744735162732,0.375,0.34375,0.8057889938354492,False,ok,0.04067969999596244
D2_111_nadir,superpoint-lightglue-r1024-k8192,superpoint,lightglue,1024,8192,165,100_0010_0012.JPG,100_0010_0019.JPG,3134,3266,816,381,0.46691176470588236,121.5698787492023,0.375,0.34375,0.8252301812171936,False,ok,0.03982479999831412
D2_111_nadir,superpoint-lightglue-r1024-k8192,superpoint,lightglue,1024,8192,166,100_0010_0012.JPG,100_0010_0020.JPG,3134,3423,1263,581,0.4600158353127474,185.38608806636887,0.5,0.5,0.8599875569343567,False,ok,0.04136540000035893
D2_111_nadir,superpoint-lightglue-r1024-k8192,superpoint,lightglue,1024,8192,167,100_0010_0012.JPG,100_0010_0021.JPG,3134,3383,1563,879,0.5623800383877159,280.47223994894705,0.65625,0.65625,0.8713915944099426,False,ok,0.04238679999980377
D2_111_nadir,superpoint-lightglue-r1024-k8192,superpoint,lightglue,1024,8192,168,100_0010_0012.JPG,100_0010_0022.JPG,3134,3232,1668,937,0.5617505995203836,298.9789406509253,0.75,0.75,0.8720244765281677,False,ok,0.04392119999829447
D2_111_nadir,superpoint-lightglue-r1024-k8192,superpoint,lightglue,1024,8192,169,100_0010_0012.JPG,100_0010_0023.JPG,3134,3094,1309,684,0.5225362872421696,221.07304460245638,0.640625,0.59375,0.8873692750930786,False,ok,0.038243700000748504
D2_111_nadir,superpoint-lightglue-r1024-k8192,superpoint,lightglue,1024,8192,170,100_0010_0012.JPG,100_0010_0024.JPG,3134,2746,861,470,0.5458768873403019,171.1580480699199,0.46875,0.46875,0.9051922559738159,False,ok,0.02905789999931585
D2_111_nadir,superpoint-lightglue-r1024-k8192,superpoint,lightglue,1024,8192,171,100_0010_0013.JPG,100_0010_0014.JPG,3140,3118,2003,792,0.39540688966550175,254.00898011545863,0.875,0.875,0.8705947399139404,False,ok,0.04632069999934174
D2_111_nadir,superpoint-lightglue-r1024-k8192,superpoint,lightglue,1024,8192,172,100_0010_0013.JPG,100_0010_0015.JPG,3140,2904,1494,794,0.5314591700133868,273.41597796143253,0.625,0.625,0.8513802289962769,False,ok,0.041020600001502316
D2_111_nadir,superpoint-lightglue-r1024-k8192,superpoint,lightglue,1024,8192,173,100_0010_0013.JPG,100_0010_0016.JPG,3140,2947,1427,569,0.3987386124737211,193.07770614183917,0.59375,0.625,0.8697026371955872,False,ok,0.04837819999374915
D2_111_nadir,superpoint-lightglue-r1024-k8192,superpoint,lightglue,1024,8192,174,100_0010_0013.JPG,100_0010_0017.JPG,3140,3103,1292,554,0.42879256965944273,178.53689977441186,0.546875,0.546875,0.8567637205123901,False,ok,0.04061829999409383
D2_111_nadir,superpoint-lightglue-r1024-k8192,superpoint,lightglue,1024,8192,175,100_0010_0013.JPG,100_0010_0018.JPG,3140,3296,1176,384,0.32653061224489793,122.29299363057325,0.453125,0.46875,0.8620878458023071,False,ok,0.03576759999850765
D2_111_nadir,superpoint-lightglue-r1024-k8192,superpoint,lightglue,1024,8192,176,100_0010_0013.JPG,100_0010_0019.JPG,3140,3266,1153,595,0.5160450997398092,189.4904458598726,0.46875,0.46875,0.8685840368270874,False,ok,0.02983719999610912
D2_111_nadir,superpoint-lightglue-r1024-k8192,superpoint,lightglue,1024,8192,177,100_0010_0013.JPG,100_0010_0020.JPG,3140,3423,1548,840,0.5426356589147286,267.515923566879,0.65625,0.65625,0.8678295016288757,False,ok,0.03164970000216272
D2_111_nadir,superpoint-lightglue-r1024-k8192,superpoint,lightglue,1024,8192,178,100_0010_0013.JPG,100_0010_0021.JPG,3140,3383,1773,1001,0.5645798082346306,318.78980891719743,0.75,0.75,0.8771249651908875,False,ok,0.035202200000640005
D2_111_nadir,superpoint-lightglue-r1024-k8192,superpoint,lightglue,1024,8192,179,100_0010_0013.JPG,100_0010_0022.JPG,3140,3232,1400,745,0.5321428571428571,237.2611464968153,0.625,0.578125,0.8780276775360107,False,ok,0.03293300000223098
D2_111_nadir,superpoint-lightglue-r1024-k8192,superpoint,lightglue,1024,8192,180,100_0010_0014.JPG,100_0010_0015.JPG,3118,2904,2008,1052,0.5239043824701195,362.25895316804406,0.875,0.875,0.8706278800964355,False,ok,0.03758409999863943
D2_111_nadir,superpoint-lightglue-r1024-k8192,superpoint,lightglue,1024,8192,181,100_0010_0014.JPG,100_0010_0016.JPG,3118,2947,1969,1080,0.5485017775520569,366.4743807261622,0.875,0.859375,0.8770717978477478,False,ok,0.0363775000005262
D2_111_nadir,superpoint-lightglue-r1024-k8192,superpoint,lightglue,1024,8192,182,100_0010_0014.JPG,100_0010_0017.JPG,3118,3103,1739,925,0.5319148936170213,298.0986142442797,0.765625,0.765625,0.8636545538902283,False,ok,0.03300940000190167
D2_111_nadir,superpoint-lightglue-r1024-k8192,superpoint,lightglue,1024,8192,183,100_0010_0014.JPG,100_0010_0018.JPG,3118,3296,1564,635,0.40601023017902815,203.65618986529827,0.609375,0.640625,0.8754097819328308,False,ok,0.03185440000379458
D2_111_nadir,superpoint-lightglue-r1024-k8192,superpoint,lightglue,1024,8192,184,100_0010_0014.JPG,100_0010_0019.JPG,3118,3266,1505,820,0.5448504983388704,262.989095574086,0.65625,0.65625,0.8714128136634827,False,ok,0.031515299997408874
D2_111_nadir,superpoint-lightglue-r1024-k8192,superpoint,lightglue,1024,8192,185,100_0010_0014.JPG,100_0010_0020.JPG,3118,3423,1786,984,0.5509518477043673,315.58691468890316,0.75,0.75,0.8786273002624512,False,ok,0.035207000000809785
D2_111_nadir,superpoint-lightglue-r1024-k8192,superpoint,lightglue,1024,8192,186,100_0010_0014.JPG,100_0010_0021.JPG,3118,3383,1436,749,0.5215877437325905,240.21808851828095,0.65625,0.65625,0.8763644695281982,False,ok,0.031246500002453104
D2_111_nadir,superpoint-lightglue-r1024-k8192,superpoint,lightglue,1024,8192,187,100_0010_0014.JPG,100_0010_0022.JPG,3118,3232,1091,537,0.4922089825847846,172.22578576010264,0.46875,0.46875,0.8495534062385559,False,ok,0.030602699996961746
D2_111_nadir,superpoint-lightglue-r1024-k8192,superpoint,lightglue,1024,8192,188,100_0010_0014.JPG,100_0010_0023.JPG,3118,3094,722,332,0.4598337950138504,107.30446024563672,0.3125,0.28125,0.8539739847183228,False,ok,0.02886469999793917
D2_111_nadir,superpoint-lightglue-r1024-k8192,superpoint,lightglue,1024,8192,189,100_0010_0015.JPG,100_0010_0016.JPG,2904,2947,2299,1313,0.571117877337973,452.1349862258953,1.0,0.984375,0.8921933770179749,False,ok,0.04181049999897368
D2_111_nadir,superpoint-lightglue-r1024-k8192,superpoint,lightglue,1024,8192,190,100_0010_0015.JPG,100_0010_0017.JPG,2904,3103,2027,1175,0.5796743956586088,404.6143250688705,0.859375,0.875,0.8789804577827454,False,ok,0.03615169999829959
D2_111_nadir,superpoint-lightglue-r1024-k8192,superpoint,lightglue,1024,8192,191,100_0010_0015.JPG,100_0010_0018.JPG,2904,3296,1824,1034,0.5668859649122807,356.06060606060606,0.75,0.75,0.8745322823524475,False,ok,0.03377760000148555
D2_111_nadir,superpoint-lightglue-r1024-k8192,superpoint,lightglue,1024,8192,192,100_0010_0015.JPG,100_0010_0019.JPG,2904,3266,1738,1000,0.5753739930955121,344.3526170798898,0.75,0.75,0.8752812147140503,False,ok,0.035172700001567136
D2_111_nadir,superpoint-lightglue-r1024-k8192,superpoint,lightglue,1024,8192,193,100_0010_0015.JPG,100_0010_0020.JPG,2904,3423,1386,746,0.5382395382395382,256.8870523415978,0.640625,0.625,0.8621822595596313,False,ok,0.03424110000196379
D2_111_nadir,superpoint-lightglue-r1024-k8192,superpoint,lightglue,1024,8192,194,100_0010_0015.JPG,100_0010_0021.JPG,2904,3383,1055,497,0.4710900473933649,171.14325068870522,0.46875,0.46875,0.8533760905265808,False,ok,0.030577800003811717
D2_111_nadir,superpoint-lightglue-r1024-k8192,superpoint,lightglue,1024,8192,195,100_0010_0015.JPG,100_0010_0022.JPG,2904,3232,722,325,0.45013850415512463,111.91460055096418,0.3125,0.3125,0.8519608974456787,False,ok,0.03273169999738457
D2_111_nadir,superpoint-lightglue-r1024-k8192,superpoint,lightglue,1024,8192,196,100_0010_0015.JPG,100_0010_0023.JPG,2904,3094,378,176,0.4656084656084656,60.60606060606061,0.1875,0.1875,0.7976967692375183,False,ok,0.03825439999491209
D2_111_nadir,superpoint-lightglue-r1024-k8192,superpoint,lightglue,1024,8192,197,100_0010_0015.JPG,100_0010_0051.JPG,2904,3167,1035,547,0.5285024154589372,188.36088154269973,0.5,0.5,0.8504605889320374,False,ok,0.02825239999947371
D2_111_nadir,superpoint-lightglue-r1024-k8192,superpoint,lightglue,1024,8192,198,100_0010_0016.JPG,100_0010_0017.JPG,2947,3103,2007,1033,0.5146985550572994,350.5259586019681,0.875,0.875,0.9026573896408081,False,ok,0.0444668999989517
D2_111_nadir,superpoint-lightglue-r1024-k8192,superpoint,lightglue,1024,8192,199,100_0010_0016.JPG,100_0010_0018.JPG,2947,3296,1774,1005,0.5665163472378805,341.024770953512,0.75,0.75,0.8804135918617249,False,ok,0.032033199997385964
D2_111_nadir,superpoint-lightglue-r1024-k8192,superpoint,lightglue,1024,8192,200,100_0010_0016.JPG,100_0010_0019.JPG,2947,3266,1706,970,0.5685814771395076,329.148286392942,0.734375,0.734375,0.8739242553710938,False,ok,0.03425479999714298
D2_111_nadir,superpoint-lightglue-r1024-k8192,superpoint,lightglue,1024,8192,201,100_0010_0016.JPG,100_0010_0020.JPG,2947,3423,1343,717,0.533879374534624,243.29826942653546,0.578125,0.5625,0.8650163412094116,False,ok,0.03177249999862397
D2_111_nadir,superpoint-lightglue-r1024-k8192,superpoint,lightglue,1024,8192,202,100_0010_0016.JPG,100_0010_0021.JPG,2947,3383,1006,487,0.4840954274353877,165.25279945707499,0.46875,0.46875,0.8453877568244934,False,ok,0.028659000003244728
D2_111_nadir,superpoint-lightglue-r1024-k8192,superpoint,lightglue,1024,8192,203,100_0010_0016.JPG,100_0010_0022.JPG,2947,3232,678,313,0.4616519174041298,106.20970478452664,0.28125,0.28125,0.8315333127975464,False,ok,0.034609400005138014
D2_111_nadir,superpoint-lightglue-r1024-k8192,superpoint,lightglue,1024,8192,204,100_0010_0016.JPG,100_0010_0023.JPG,2947,3094,335,119,0.35522388059701493,40.38004750593824,0.1875,0.171875,0.7535712122917175,False,ok,0.04623530000390019
D2_111_nadir,superpoint-lightglue-r1024-k8192,superpoint,lightglue,1024,8192,205,100_0010_0016.JPG,100_0010_0024.JPG,2947,2746,46,22,0.4782608695652174,8.011653313911143,0.109375,0.140625,0.3730429410934448,False,ok,0.039886099999421276
D2_111_nadir,superpoint-lightglue-r1024-k8192,superpoint,lightglue,1024,8192,206,100_0010_0016.JPG,100_0010_0051.JPG,2947,3167,1016,549,0.5403543307086615,186.2911435357991,0.5,0.5,0.8504465222358704,False,ok,0.03130100000271341
D2_111_nadir,superpoint-lightglue-r1024-k8192,superpoint,lightglue,1024,8192,207,100_0010_0017.JPG,100_0010_0018.JPG,3103,3296,2295,1318,0.5742919389978214,424.7502417015791,0.875,0.875,0.8830435276031494,False,ok,0.0394562000001315
D2_111_nadir,superpoint-lightglue-r1024-k8192,superpoint,lightglue,1024,8192,208,100_0010_0017.JPG,100_0010_0019.JPG,3103,3266,2208,1288,0.5833333333333334,415.0821785368998,0.859375,0.875,0.8879184126853943,False,ok,0.038257899999734946
D2_111_nadir,superpoint-lightglue-r1024-k8192,superpoint,lightglue,1024,8192,209,100_0010_0017.JPG,100_0010_0020.JPG,3103,3423,1737,855,0.49222797927461137,275.53980019336126,0.734375,0.6875,0.8630670309066772,False,ok,0.03402990000176942
D2_111_nadir,superpoint-lightglue-r1024-k8192,superpoint,lightglue,1024,8192,210,100_0010_0017.JPG,100_0010_0021.JPG,3103,3383,1268,597,0.47082018927444796,192.39445697711892,0.53125,0.546875,0.8403811454772949,False,ok,0.03184730000066338
D2_111_nadir,superpoint-lightglue-r1024-k8192,superpoint,lightglue,1024,8192,211,100_0010_0017.JPG,100_0010_0022.JPG,3103,3232,848,315,0.3714622641509434,101.51466322913309,0.359375,0.328125,0.8346179127693176,False,ok,0.03515109999716515
D2_111_nadir,superpoint-lightglue-r1024-k8192,superpoint,lightglue,1024,8192,212,100_0010_0017.JPG,100_0010_0023.JPG,3103,3094,453,212,0.46799116997792495,68.5197155785391,0.21875,0.21875,0.7938623428344727,False,ok,0.037882800002989825
D2_111_nadir,superpoint-lightglue-r1024-k8192,superpoint,lightglue,1024,8192,213,100_0010_0017.JPG,100_0010_0024.JPG,3103,2746,68,25,0.36764705882352944,9.104151493080845,0.15625,0.109375,0.35329532623291016,False,ok,0.030701200004841667
D2_111_nadir,superpoint-lightglue-r1024-k8192,superpoint,lightglue,1024,8192,214,100_0010_0017.JPG,100_0010_0025.JPG,3103,2521,31,14,0.45161290322580644,5.553351844506149,0.15625,0.15625,0.18663290143013,True,ok,0.04749159999482799
D2_111_nadir,superpoint-lightglue-r1024-k8192,superpoint,lightglue,1024,8192,215,100_0010_0017.JPG,100_0010_0050.JPG,3103,3225,1227,695,0.5664221678891606,223.97679664840476,0.546875,0.546875,0.8619509339332581,False,ok,0.03234760000486858
D2_111_nadir,superpoint-lightglue-r1024-k8192,superpoint,lightglue,1024,8192,216,100_0010_0017.JPG,100_0010_0051.JPG,3103,3167,1476,797,0.5399728997289973,256.8482114083145,0.625,0.625,0.8680219650268555,False,ok,0.03613439999753609
D2_111_nadir,superpoint-lightglue-r1024-k8192,superpoint,lightglue,1024,8192,217,100_0010_0018.JPG,100_0010_0019.JPG,3296,3266,2654,1595,0.6009796533534287,488.3649724433558,0.984375,0.984375,0.8914056420326233,False,ok,0.03309430000081193
D2_111_nadir,superpoint-lightglue-r1024-k8192,superpoint,lightglue,1024,8192,218,100_0010_0018.JPG,100_0010_0020.JPG,3296,3423,2078,1111,0.5346487006737247,337.0752427184466,0.84375,0.8125,0.8827590346336365,False,ok,0.03724279999732971
D2_111_nadir,superpoint-lightglue-r1024-k8192,superpoint,lightglue,1024,8192,219,100_0010_0018.JPG,100_0010_0021.JPG,3296,3383,1536,800,0.5208333333333334,242.71844660194174,0.625,0.625,0.8597626686096191,False,ok,0.03261719999863999
D2_111_nadir,superpoint-lightglue-r1024-k8192,superpoint,lightglue,1024,8192,220,100_0010_0018.JPG,100_0010_0022.JPG,3296,3232,1039,515,0.4956689124157844,159.34405940594058,0.4375,0.40625,0.8104651570320129,False,ok,0.03312559999903897
D2_111_nadir,superpoint-lightglue-r1024-k8192,superpoint,lightglue,1024,8192,221,100_0010_0018.JPG,100_0010_0023.JPG,3296,3094,546,247,0.4523809523809524,79.83193277310924,0.25,0.25,0.7701240181922913,False,ok,0.034398700001474936
D2_111_nadir,superpoint-lightglue-r1024-k8192,superpoint,lightglue,1024,8192,222,100_0010_0018.JPG,100_0010_0024.JPG,3296,2746,48,18,0.375,6.5549890750182085,0.109375,0.078125,0.3454751968383789,False,ok,0.049347199994372204
D2_111_nadir,superpoint-lightglue-r1024-k8192,superpoint,lightglue,1024,8192,223,100_0010_0018.JPG,100_0010_0025.JPG,3296,2521,20,10,0.5,3.9666798889329633,0.078125,0.09375,0.1819899082183838,True,ok,0.040711899993766565
D2_111_nadir,superpoint-lightglue-r1024-k8192,superpoint,lightglue,1024,8192,224,100_0010_0018.JPG,100_0010_0026.JPG,3296,2300,12,8,0.6666666666666666,3.4782608695652173,0.078125,0.09375,0.1664784699678421,True,ok,0.041826699998637196
D2_111_nadir,superpoint-lightglue-r1024-k8192,superpoint,lightglue,1024,8192,225,100_0010_0018.JPG,100_0010_0049.JPG,3296,3278,1165,602,0.5167381974248927,183.64856619890176,0.546875,0.484375,0.8701750040054321,False,ok,0.0343972999980906
D2_111_nadir,superpoint-lightglue-r1024-k8192,superpoint,lightglue,1024,8192,226,100_0010_0018.JPG,100_0010_0050.JPG,3296,3225,1585,905,0.5709779179810726,280.62015503875966,0.65625,0.65625,0.8837693333625793,False,ok,0.03700280000339262
D2_111_nadir,superpoint-lightglue-r1024-k8192,superpoint,lightglue,1024,8192,227,100_0010_0018.JPG,100_0010_0051.JPG,3296,3167,1844,1040,0.5639913232104121,328.38648563309124,0.75,0.75,0.8860709071159363,False,ok,0.03508529999817256
D2_111_nadir,superpoint-lightglue-r1024-k8192,superpoint,lightglue,1024,8192,228,100_0010_0019.JPG,100_0010_0020.JPG,3266,3423,2096,1110,0.5295801526717557,339.8652786282915,0.84375,0.828125,0.8717269897460938,False,ok,0.03251060000184225
D2_111_nadir,superpoint-lightglue-r1024-k8192,superpoint,lightglue,1024,8192,229,100_0010_0019.JPG,100_0010_0021.JPG,3266,3383,1559,803,0.5150737652341244,245.8665033680343,0.625,0.625,0.8533275723457336,False,ok,0.030815400001301896
D2_111_nadir,superpoint-lightglue-r1024-k8192,superpoint,lightglue,1024,8192,230,100_0010_0019.JPG,100_0010_0022.JPG,3266,3232,1048,524,0.5,162.12871287128712,0.46875,0.484375,0.8234085440635681,False,ok,0.03327949999948032
D2_111_nadir,superpoint-lightglue-r1024-k8192,superpoint,lightglue,1024,8192,231,100_0010_0019.JPG,100_0010_0023.JPG,3266,3094,560,268,0.4785714285714286,86.61926308985133,0.25,0.25,0.7866925001144409,False,ok,0.03143770000315271
D2_111_nadir,superpoint-lightglue-r1024-k8192,superpoint,lightglue,1024,8192,232,100_0010_0019.JPG,100_0010_0024.JPG,3266,2746,70,19,0.2714285714285714,6.919155134741442,0.140625,0.125,0.3561004102230072,False,ok,0.031185900006676093
D2_111_nadir,superpoint-lightglue-r1024-k8192,superpoint,lightglue,1024,8192,233,100_0010_0019.JPG,100_0010_0025.JPG,3266,2521,32,12,0.375,4.760015866719556,0.09375,0.125,0.1874728798866272,True,ok,0.0421040000001085
D2_111_nadir,superpoint-lightglue-r1024-k8192,superpoint,lightglue,1024,8192,234,100_0010_0019.JPG,100_0010_0026.JPG,3266,2300,10,7,0.7,3.0434782608695654,0.0625,0.078125,0.1936010718345642,True,ok,0.037142400004086085
D2_111_nadir,superpoint-lightglue-r1024-k8192,superpoint,lightglue,1024,8192,235,100_0010_0019.JPG,100_0010_0027.JPG,3266,2123,24,11,0.4583333333333333,5.181347150259067,0.0625,0.109375,0.23067767918109894,True,ok,0.04006700000172714
D2_111_nadir,superpoint-lightglue-r1024-k8192,superpoint,lightglue,1024,8192,236,100_0010_0019.JPG,100_0010_0049.JPG,3266,3278,1209,630,0.5210918114143921,192.896509491733,0.546875,0.515625,0.8750132322311401,False,ok,0.033724299995810725
D2_111_nadir,superpoint-lightglue-r1024-k8192,superpoint,lightglue,1024,8192,237,100_0010_0019.JPG,100_0010_0050.JPG,3266,3225,1637,920,0.5620036652412951,285.27131782945736,0.65625,0.65625,0.8863030076026917,False,ok,0.036129000000073574
D2_111_nadir,superpoint-lightglue-r1024-k8192,superpoint,lightglue,1024,8192,238,100_0010_0019.JPG,100_0010_0051.JPG,3266,3167,1905,1105,0.5800524934383202,348.91064098515943,0.734375,0.75,0.8882008790969849,False,ok,0.03323880000243662
D2_111_nadir,superpoint-lightglue-r1024-k8192,superpoint,lightglue,1024,8192,239,100_0010_0019.JPG,100_0010_0052.JPG,3266,3025,1471,851,0.5785180149558123,281.3223140495868,0.625,0.625,0.8948045969009399,False,ok,0.03179130000353325
D2_111_nadir,superpoint-lightglue-r1024-k8192,superpoint,lightglue,1024,8192,240,100_0010_0020.JPG,100_0010_0021.JPG,3423,3383,2256,1171,0.5190602836879432,346.14247709133906,0.875,0.875,0.8718200922012329,False,ok,0.03125469999940833
D2_111_nadir,superpoint-lightglue-r1024-k8192,superpoint,lightglue,1024,8192,241,100_0010_0020.JPG,100_0010_0022.JPG,3423,3232,1744,895,0.5131880733944955,276.91831683168317,0.625,0.625,0.859467089176178,False,ok,0.032925300001807045
D2_111_nadir,superpoint-lightglue-r1024-k8192,superpoint,lightglue,1024,8192,242,100_0010_0020.JPG,100_0010_0023.JPG,3423,3094,1194,601,0.5033500837520938,194.2469295410472,0.484375,0.5,0.8746303915977478,False,ok,0.030996699999377597
D2_111_nadir,superpoint-lightglue-r1024-k8192,superpoint,lightglue,1024,8192,243,100_0010_0020.JPG,100_0010_0024.JPG,3423,2746,588,311,0.5289115646258503,113.25564457392571,0.25,0.25,0.9151201248168945,False,ok,0.028276700002606958
D2_111_nadir,superpoint-lightglue-r1024-k8192,superpoint,lightglue,1024,8192,244,100_0010_0020.JPG,100_0010_0025.JPG,3423,2521,42,15,0.35714285714285715,5.950019833399445,0.0625,0.09375,0.2300969809293747,False,ok,0.05469450000236975
D2_111_nadir,superpoint-lightglue-r1024-k8192,superpoint,lightglue,1024,8192,245,100_0010_0020.JPG,100_0010_0026.JPG,3423,2300,25,10,0.4,4.3478260869565215,0.109375,0.140625,0.20648229122161865,True,ok,0.03588799999852199
D2_111_nadir,superpoint-lightglue-r1024-k8192,superpoint,lightglue,1024,8192,246,100_0010_0020.JPG,100_0010_0027.JPG,3423,2123,20,9,0.45,4.239284032030146,0.09375,0.109375,0.24547763168811798,True,ok,0.036325199995189905
D2_111_nadir,superpoint-lightglue-r1024-k8192,superpoint,lightglue,1024,8192,247,100_0010_0020.JPG,100_0010_0028.JPG,3423,2150,12,8,0.6666666666666666,3.7209302325581395,0.09375,0.09375,0.191968634724617,True,ok,0.046041499997954816
D2_111_nadir,superpoint-lightglue-r1024-k8192,superpoint,lightglue,1024,8192,248,100_0010_0020.JPG,100_0010_0049.JPG,3423,3278,1737,911,0.5244674726540012,277.91336180597926,0.65625,0.65625,0.8660762906074524,False,ok,0.03345509999780916
D2_111_nadir,superpoint-lightglue-r1024-k8192,superpoint,lightglue,1024,8192,249,100_0010_0020.JPG,100_0010_0050.JPG,3423,3225,1862,1006,0.5402792696025779,311.93798449612405,0.75,0.734375,0.8653950095176697,False,ok,0.02979790000244975
D2_111_nadir,superpoint-lightglue-r1024-k8192,superpoint,lightglue,1024,8192,250,100_0010_0020.JPG,100_0010_0051.JPG,3423,3167,1554,830,0.5341055341055341,262.07767603410167,0.625,0.65625,0.878978431224823,False,ok,0.033893100000568666
D2_111_nadir,superpoint-lightglue-r1024-k8192,superpoint,lightglue,1024,8192,251,100_0010_0021.JPG,100_0010_0022.JPG,3383,3232,2262,1258,0.5561450044208665,389.23267326732673,0.875,0.875,0.8757694363594055,False,ok,0.028800399995816406
D2_111_nadir,superpoint-lightglue-r1024-k8192,superpoint,lightglue,1024,8192,252,100_0010_0021.JPG,100_0010_0023.JPG,3383,3094,1682,857,0.509512485136742,276.9877181641888,0.625,0.625,0.9097474813461304,False,ok,0.03447810000216123
D2_111_nadir,superpoint-lightglue-r1024-k8192,superpoint,lightglue,1024,8192,253,100_0010_0021.JPG,100_0010_0024.JPG,3383,2746,1042,587,0.5633397312859885,213.76547705753825,0.5,0.5,0.9161532521247864,False,ok,0.02407659999880707
D2_111_nadir,superpoint-lightglue-r1024-k8192,superpoint,lightglue,1024,8192,254,100_0010_0021.JPG,100_0010_0025.JPG,3383,2521,475,262,0.5515789473684211,103.92701309004363,0.25,0.25,0.899326503276825,False,ok,0.023462500001187436
D2_111_nadir,superpoint-lightglue-r1024-k8192,superpoint,lightglue,1024,8192,255,100_0010_0021.JPG,100_0010_0026.JPG,3383,2300,94,30,0.3191489361702128,13.043478260869565,0.09375,0.15625,0.22444675862789154,False,ok,0.05311660000006668
D2_111_nadir,superpoint-lightglue-r1024-k8192,superpoint,lightglue,1024,8192,256,100_0010_0021.JPG,100_0010_0027.JPG,3383,2123,88,32,0.36363636363636365,15.07300989166274,0.09375,0.15625,0.25766026973724365,False,ok,0.045725099997071084
D2_111_nadir,superpoint-lightglue-r1024-k8192,superpoint,lightglue,1024,8192,257,100_0010_0021.JPG,100_0010_0028.JPG,3383,2150,115,40,0.34782608695652173,18.6046511627907,0.09375,0.234375,0.3263600468635559,False,ok,0.04596339999989141
D2_111_nadir,superpoint-lightglue-r1024-k8192,superpoint,lightglue,1024,8192,258,100_0010_0021.JPG,100_0010_0029.JPG,3383,2264,30,9,0.3,3.9752650176678443,0.109375,0.109375,0.17950020730495453,True,ok,0.02407639999728417
D2_111_nadir,superpoint-lightglue-r1024-k8192,superpoint,lightglue,1024,8192,259,100_0010_0021.JPG,100_0010_0047.JPG,3383,3214,1362,682,0.5007342143906021,212.1966397013068,0.5625,0.5625,0.8924456834793091,False,ok,0.028369499996188097
D2_111_nadir,superpoint-lightglue-r1024-k8192,superpoint,lightglue,1024,8192,260,100_0010_0021.JPG,100_0010_0048.JPG,3383,3301,1684,920,0.5463182897862233,278.7034232050894,0.65625,0.65625,0.8774122595787048,False,ok,0.02653419999842299
D2_111_nadir,superpoint-lightglue-r1024-k8192,superpoint,lightglue,1024,8192,261,100_0010_0021.JPG,100_0010_0049.JPG,3383,3278,1846,1026,0.5557963163596966,312.99572910311167,0.75,0.75,0.8735740780830383,False,ok,0.027242899996053893
D2_111_nadir,superpoint-lightglue-r1024-k8192,superpoint,lightglue,1024,8192,262,100_0010_0021.JPG,100_0010_0050.JPG,3383,3225,1485,787,0.52996632996633,244.03100775193798,0.5625,0.5625,0.8562343120574951,False,ok,0.027181999997992534
D2_111_nadir,superpoint-lightglue-r1024-k8192,superpoint,lightglue,1024,8192,263,100_0010_0021.JPG,100_0010_0051.JPG,3383,3167,1173,568,0.484228473998295,179.34954215345752,0.46875,0.46875,0.8704326152801514,False,ok,0.02796180000586901
D2_111_nadir,superpoint-lightglue-r1024-k8192,superpoint,lightglue,1024,8192,264,100_0010_0022.JPG,100_0010_0023.JPG,3232,3094,2125,1190,0.56,384.61538461538464,0.875,0.859375,0.8972554206848145,False,ok,0.028117599998950027
D2_111_nadir,superpoint-lightglue-r1024-k8192,superpoint,lightglue,1024,8192,265,100_0010_0022.JPG,100_0010_0024.JPG,3232,2746,1412,792,0.5609065155807366,288.41951930080114,0.625,0.625,0.8932031989097595,False,ok,0.02138299999933224
D2_111_nadir,superpoint-lightglue-r1024-k8192,superpoint,lightglue,1024,8192,266,100_0010_0022.JPG,100_0010_0025.JPG,3232,2521,821,450,0.5481120584652862,178.50059500198333,0.5,0.484375,0.9045695662498474,False,ok,0.0224476000003051
D2_111_nadir,superpoint-lightglue-r1024-k8192,superpoint,lightglue,1024,8192,267,100_0010_0022.JPG,100_0010_0026.JPG,3232,2300,336,176,0.5238095238095238,76.52173913043478,0.25,0.265625,0.8286868333816528,False,ok,0.021508399993763305
D2_111_nadir,superpoint-lightglue-r1024-k8192,superpoint,lightglue,1024,8192,268,100_0010_0022.JPG,100_0010_0027.JPG,3232,2123,33,11,0.3333333333333333,5.181347150259067,0.125,0.125,0.17662101984024048,True,ok,0.03684229999635136
D2_111_nadir,superpoint-lightglue-r1024-k8192,superpoint,lightglue,1024,8192,269,100_0010_0022.JPG,100_0010_0028.JPG,3232,2150,45,16,0.35555555555555557,7.441860465116279,0.0625,0.078125,0.2042374312877655,False,ok,0.04852170000231126
D2_111_nadir,superpoint-lightglue-r1024-k8192,superpoint,lightglue,1024,8192,270,100_0010_0022.JPG,100_0010_0029.JPG,3232,2264,31,13,0.41935483870967744,5.742049469964664,0.078125,0.125,0.17867648601531982,True,ok,0.054095600004075095
D2_111_nadir,superpoint-lightglue-r1024-k8192,superpoint,lightglue,1024,8192,271,100_0010_0022.JPG,100_0010_0030.JPG,3232,2362,42,11,0.2619047619047619,4.657070279424217,0.125,0.15625,0.20947010815143585,True,ok,0.03101310000056401
D2_111_nadir,superpoint-lightglue-r1024-k8192,superpoint,lightglue,1024,8192,272,100_0010_0022.JPG,100_0010_0046.JPG,3232,2839,1208,642,0.5314569536423841,226.13596336738289,0.5625,0.546875,0.9099873900413513,False,ok,0.025869899996905588
D2_111_nadir,superpoint-lightglue-r1024-k8192,superpoint,lightglue,1024,8192,273,100_0010_0022.JPG,100_0010_0047.JPG,3232,3214,1631,946,0.5800122624156959,294.3372744243933,0.65625,0.65625,0.8926509022712708,False,ok,0.03297030000248924
D2_111_nadir,superpoint-lightglue-r1024-k8192,superpoint,lightglue,1024,8192,274,100_0010_0022.JPG,100_0010_0048.JPG,3232,3301,1800,1014,0.5633333333333334,313.73762376237624,0.75,0.75,0.897022008895874,False,ok,0.0354938000018592
D2_111_nadir,superpoint-lightglue-r1024-k8192,superpoint,lightglue,1024,8192,275,100_0010_0022.JPG,100_0010_0049.JPG,3232,3278,1528,824,0.5392670157068062,254.95049504950495,0.5625,0.5625,0.8720797300338745,False,ok,0.02723870000045281
D2_111_nadir,superpoint-lightglue-r1024-k8192,superpoint,lightglue,1024,8192,276,100_0010_0023.JPG,100_0010_0024.JPG,3094,2746,1818,1040,0.5720572057205721,378.73270211216317,0.875,0.875,0.9017555713653564,False,ok,0.02233669999986887
D2_111_nadir,superpoint-lightglue-r1024-k8192,superpoint,lightglue,1024,8192,277,100_0010_0023.JPG,100_0010_0025.JPG,3094,2521,1253,722,0.5762170790103751,286.3942879809599,0.625,0.625,0.9362010955810547,False,ok,0.025592899997718632
D2_111_nadir,superpoint-lightglue-r1024-k8192,superpoint,lightglue,1024,8192,278,100_0010_0023.JPG,100_0010_0026.JPG,3094,2300,733,412,0.5620736698499318,179.1304347826087,0.5,0.484375,0.9108883142471313,False,ok,0.024348599996301346
D2_111_nadir,superpoint-lightglue-r1024-k8192,superpoint,lightglue,1024,8192,279,100_0010_0023.JPG,100_0010_0027.JPG,3094,2123,363,192,0.5289256198347108,90.43805934997644,0.25,0.234375,0.8847895860671997,False,ok,0.02122370000142837
D2_111_nadir,superpoint-lightglue-r1024-k8192,superpoint,lightglue,1024,8192,280,100_0010_0023.JPG,100_0010_0028.JPG,3094,2150,36,18,0.5,8.372093023255815,0.046875,0.078125,0.1888243705034256,False,ok,0.047376800001075026
D2_111_nadir,superpoint-lightglue-r1024-k8192,superpoint,lightglue,1024,8192,281,100_0010_0023.JPG,100_0010_0029.JPG,3094,2264,19,8,0.42105263157894735,3.5335689045936394,0.09375,0.109375,0.20658035576343536,True,ok,0.04567370000586379
D2_111_nadir,superpoint-lightglue-r1024-k8192,superpoint,lightglue,1024,8192,282,100_0010_0023.JPG,100_0010_0030.JPG,3094,2362,18,10,0.5555555555555556,4.233700254022016,0.125,0.109375,0.20245316624641418,True,ok,0.046905199997127056
D2_111_nadir,superpoint-lightglue-r1024-k8192,superpoint,lightglue,1024,8192,283,100_0010_0023.JPG,100_0010_0031.JPG,3094,2859,83,26,0.3132530120481928,9.094088842252535,0.09375,0.078125,0.3318052291870117,False,ok,0.07115060000069207
D2_111_nadir,superpoint-lightglue-r1024-k8192,superpoint,lightglue,1024,8192,284,100_0010_0023.JPG,100_0010_0045.JPG,3094,2556,965,491,0.5088082901554404,192.09702660406884,0.5625,0.5625,0.9230226874351501,False,ok,0.021999399999913294
D2_111_nadir,superpoint-lightglue-r1024-k8192,superpoint,lightglue,1024,8192,285,100_0010_0023.JPG,100_0010_0046.JPG,3094,2839,1431,774,0.5408805031446541,272.6312081718915,0.65625,0.640625,0.9144496321678162,False,ok,0.022704199996951502
D2_111_nadir,superpoint-lightglue-r1024-k8192,superpoint,lightglue,1024,8192,286,100_0010_0023.JPG,100_0010_0047.JPG,3094,3214,1727,989,0.5726693688477128,319.6509372979961,0.75,0.75,0.8961094617843628,False,ok,0.025750000000698492
D2_111_nadir,superpoint-lightglue-r1024-k8192,superpoint,lightglue,1024,8192,287,100_0010_0023.JPG,100_0010_0048.JPG,3094,3301,1493,768,0.5144005358338914,248.2223658694247,0.5625,0.5625,0.8895648121833801,False,ok,0.024882700003217906
D2_111_nadir,superpoint-lightglue-r1024-k8192,superpoint,lightglue,1024,8192,288,100_0010_0024.JPG,100_0010_0025.JPG,2746,2521,1681,966,0.5746579417013682,383.1812772709242,0.875,0.859375,0.9290782809257507,False,ok,0.023570599994855
D2_111_nadir,superpoint-lightglue-r1024-k8192,superpoint,lightglue,1024,8192,289,100_0010_0024.JPG,100_0010_0026.JPG,2746,2300,1124,647,0.5756227758007118,281.30434782608694,0.625,0.625,0.9331523776054382,False,ok,0.023816299995814916
D2_111_nadir,superpoint-lightglue-r1024-k8192,superpoint,lightglue,1024,8192,290,100_0010_0024.JPG,100_0010_0027.JPG,2746,2123,740,407,0.55,191.7098445595855,0.484375,0.5,0.9130375981330872,False,ok,0.02032599999802187
D2_111_nadir,superpoint-lightglue-r1024-k8192,superpoint,lightglue,1024,8192,291,100_0010_0024.JPG,100_0010_0028.JPG,2746,2150,343,185,0.5393586005830904,86.04651162790698,0.25,0.25,0.9006507992744446,False,ok,0.01996289999806322
D2_111_nadir,superpoint-lightglue-r1024-k8192,superpoint,lightglue,1024,8192,292,100_0010_0024.JPG,100_0010_0029.JPG,2746,2264,61,28,0.45901639344262296,12.36749116607774,0.125,0.1875,0.21231409907341003,False,ok,0.049779400003899354
D2_111_nadir,superpoint-lightglue-r1024-k8192,superpoint,lightglue,1024,8192,293,100_0010_0024.JPG,100_0010_0030.JPG,2746,2362,16,10,0.625,4.233700254022016,0.09375,0.09375,0.21655917167663574,True,ok,0.04149369999504415
D2_111_nadir,superpoint-lightglue-r1024-k8192,superpoint,lightglue,1024,8192,294,100_0010_0024.JPG,100_0010_0031.JPG,2746,2859,24,10,0.4166666666666667,3.641660597232338,0.09375,0.078125,0.20224611461162567,True,ok,0.0446663000038825
D2_111_nadir,superpoint-lightglue-r1024-k8192,superpoint,lightglue,1024,8192,295,100_0010_0024.JPG,100_0010_0032.JPG,2746,3274,42,14,0.3333333333333333,5.098324836125273,0.109375,0.078125,0.2828592360019684,True,ok,0.0448748999988311
D2_111_nadir,superpoint-lightglue-r1024-k8192,superpoint,lightglue,1024,8192,296,100_0010_0024.JPG,100_0010_0044.JPG,2746,2253,823,465,0.5650060753341434,206.39147802929426,0.5625,0.5625,0.9445927739143372,False,ok,0.023282000001927372
D2_111_nadir,superpoint-lightglue-r1024-k8192,superpoint,lightglue,1024,8192,297,100_0010_0024.JPG,100_0010_0045.JPG,2746,2556,1230,691,0.5617886178861788,270.34428794992175,0.65625,0.65625,0.943760335445404,False,ok,0.021283499998389743
D2_111_nadir,superpoint-lightglue-r1024-k8192,superpoint,lightglue,1024,8192,298,100_0010_0024.JPG,100_0010_0046.JPG,2746,2839,1459,813,0.5572309801233721,296.06700655498906,0.75,0.75,0.9437761902809143,False,ok,0.02096929999970598
D2_111_nadir,superpoint-lightglue-r1024-k8192,superpoint,lightglue,1024,8192,299,100_0010_0024.JPG,100_0010_0047.JPG,2746,3214,1259,716,0.5687053216838761,260.7428987618354,0.5625,0.5625,0.9405868649482727,False,ok,0.021720000004279427
D2_111_nadir,superpoint-lightglue-r1024-k8192,superpoint,lightglue,1024,8192,300,100_0010_0025.JPG,100_0010_0026.JPG,2521,2300,1567,796,0.5079770261646458,346.0869565217391,0.875,0.875,0.9360752105712891,False,ok,0.02048579999973299
D2_111_nadir,superpoint-lightglue-r1024-k8192,superpoint,lightglue,1024,8192,301,100_0010_0025.JPG,100_0010_0027.JPG,2521,2123,1138,655,0.5755711775043937,308.52567121997174,0.625,0.625,0.9344934821128845,False,ok,0.020396800005983096
D2_111_nadir,superpoint-lightglue-r1024-k8192,superpoint,lightglue,1024,8192,302,100_0010_0025.JPG,100_0010_0028.JPG,2521,2150,689,381,0.5529753265602322,177.2093023255814,0.484375,0.484375,0.9187130331993103,False,ok,0.020169800001895055
D2_111_nadir,superpoint-lightglue-r1024-k8192,superpoint,lightglue,1024,8192,303,100_0010_0025.JPG,100_0010_0029.JPG,2521,2264,295,177,0.6,78.18021201413427,0.25,0.265625,0.8808369040489197,False,ok,0.020605099998647347
D2_111_nadir,superpoint-lightglue-r1024-k8192,superpoint,lightglue,1024,8192,304,100_0010_0025.JPG,100_0010_0030.JPG,2521,2362,39,12,0.3076923076923077,5.080440304826419,0.15625,0.125,0.1793150007724762,True,ok,0.042624900001101196
D2_111_nadir,superpoint-lightglue-r1024-k8192,superpoint,lightglue,1024,8192,305,100_0010_0025.JPG,100_0010_0031.JPG,2521,2859,29,11,0.3793103448275862,4.36334787782626,0.109375,0.09375,0.2456027865409851,True,ok,0.04260190000059083
D2_111_nadir,superpoint-lightglue-r1024-k8192,superpoint,lightglue,1024,8192,306,100_0010_0025.JPG,100_0010_0032.JPG,2521,3274,34,13,0.38235294117647056,5.156683855612852,0.140625,0.09375,0.3029929995536804,True,ok,0.053348100002040155
D2_111_nadir,superpoint-lightglue-r1024-k8192,superpoint,lightglue,1024,8192,307,100_0010_0025.JPG,100_0010_0033.JPG,2521,3340,21,9,0.42857142857142855,3.570011900039667,0.09375,0.078125,0.19479742646217346,True,ok,0.036085400002775714
D2_111_nadir,superpoint-lightglue-r1024-k8192,superpoint,lightglue,1024,8192,308,100_0010_0025.JPG,100_0010_0043.JPG,2521,2023,757,454,0.5997357992073976,224.41917943648048,0.5625,0.5625,0.9382312893867493,False,ok,0.02186450000590412
D2_111_nadir,superpoint-lightglue-r1024-k8192,superpoint,lightglue,1024,8192,309,100_0010_0025.JPG,100_0010_0044.JPG,2521,2253,1095,638,0.582648401826484,283.1779849090102,0.65625,0.65625,0.9528610110282898,False,ok,0.02535109999735141
D2_111_nadir,superpoint-lightglue-r1024-k8192,superpoint,lightglue,1024,8192,310,100_0010_0025.JPG,100_0010_0045.JPG,2521,2556,1305,740,0.5670498084291188,293.53431178103926,0.75,0.75,0.9360050559043884,False,ok,0.02370340000197757
D2_111_nadir,superpoint-lightglue-r1024-k8192,superpoint,lightglue,1024,8192,311,100_0010_0025.JPG,100_0010_0046.JPG,2521,2839,1041,577,0.5542747358309318,228.87742959143196,0.5625,0.5625,0.9581655263900757,False,ok,0.025217499998689163
D2_111_nadir,superpoint-lightglue-r1024-k8192,superpoint,lightglue,1024,8192,312,100_0010_0026.JPG,100_0010_0027.JPG,2300,2123,1491,878,0.5888665325285044,413.56570890249645,0.875,0.875,0.9519721865653992,False,ok,0.020243599996319972
D2_111_nadir,superpoint-lightglue-r1024-k8192,superpoint,lightglue,1024,8192,313,100_0010_0026.JPG,100_0010_0028.JPG,2300,2150,1048,600,0.5725190839694656,279.06976744186045,0.625,0.625,0.9359346628189087,False,ok,0.01890329999878304
D2_111_nadir,superpoint-lightglue-r1024-k8192,superpoint,lightglue,1024,8192,314,100_0010_0026.JPG,100_0010_0029.JPG,2300,2264,624,337,0.5400641025641025,148.85159010600708,0.4375,0.453125,0.9417382478713989,False,ok,0.018803300001309253
D2_111_nadir,superpoint-lightglue-r1024-k8192,superpoint,lightglue,1024,8192,315,100_0010_0026.JPG,100_0010_0030.JPG,2300,2362,278,144,0.5179856115107914,62.608695652173914,0.25,0.25,0.8675481677055359,False,ok,0.019892799995432142
D2_111_nadir,superpoint-lightglue-r1024-k8192,superpoint,lightglue,1024,8192,316,100_0010_0026.JPG,100_0010_0031.JPG,2300,2859,21,9,0.42857142857142855,3.9130434782608696,0.125,0.125,0.2148805558681488,True,ok,0.034224800001538824
D2_111_nadir,superpoint-lightglue-r1024-k8192,superpoint,lightglue,1024,8192,317,100_0010_0026.JPG,100_0010_0032.JPG,2300,3274,42,16,0.38095238095238093,6.956521739130435,0.09375,0.09375,0.1922180950641632,False,ok,0.043120800000906456
D2_111_nadir,superpoint-lightglue-r1024-k8192,superpoint,lightglue,1024,8192,318,100_0010_0026.JPG,100_0010_0033.JPG,2300,3340,19,10,0.5263157894736842,4.3478260869565215,0.09375,0.109375,0.16933032870292664,True,ok,0.04315889999998035
D2_111_nadir,superpoint-lightglue-r1024-k8192,superpoint,lightglue,1024,8192,319,100_0010_0026.JPG,100_0010_0034.JPG,2300,3285,37,14,0.3783783783783784,6.086956521739131,0.140625,0.109375,0.18019984662532806,True,ok,0.04607730000134325
D2_111_nadir,superpoint-lightglue-r1024-k8192,superpoint,lightglue,1024,8192,320,100_0010_0026.JPG,100_0010_0042.JPG,2300,1953,742,415,0.5592991913746631,212.49359959037378,0.546875,0.53125,0.9367152452468872,False,ok,0.019739300005312543
D2_111_nadir,superpoint-lightglue-r1024-k8192,superpoint,lightglue,1024,8192,321,100_0010_0026.JPG,100_0010_0043.JPG,2300,2023,991,556,0.5610494450050454,274.83934750370736,0.65625,0.65625,0.9583806991577148,False,ok,0.02292689999740105
D2_111_nadir,superpoint-lightglue-r1024-k8192,superpoint,lightglue,1024,8192,322,100_0010_0026.JPG,100_0010_0044.JPG,2300,2253,1139,657,0.5768217734855136,291.61118508655125,0.75,0.75,0.9524242877960205,False,ok,0.02474120000260882
D2_111_nadir,superpoint-lightglue-r1024-k8192,superpoint,lightglue,1024,8192,323,100_0010_0026.JPG,100_0010_0045.JPG,2300,2556,928,532,0.5732758620689655,231.30434782608697,0.5625,0.5625,0.953585684299469,False,ok,0.023432199996022973
D2_111_nadir,superpoint-lightglue-r1024-k8192,superpoint,lightglue,1024,8192,324,100_0010_0027.JPG,100_0010_0028.JPG,2123,2150,1327,813,0.6126601356443104,382.9486575600565,0.875,0.875,0.9248075485229492,False,ok,0.016608800004178192
D2_111_nadir,superpoint-lightglue-r1024-k8192,superpoint,lightglue,1024,8192,325,100_0010_0027.JPG,100_0010_0029.JPG,2123,2264,878,513,0.5842824601366743,241.63918982571832,0.625,0.609375,0.9494268298149109,False,ok,0.019574499994632788
D2_111_nadir,superpoint-lightglue-r1024-k8192,superpoint,lightglue,1024,8192,326,100_0010_0027.JPG,100_0010_0030.JPG,2123,2362,520,299,0.575,140.83843617522373,0.484375,0.46875,0.9385297298431396,False,ok,0.018895599998359103
D2_111_nadir,superpoint-lightglue-r1024-k8192,superpoint,lightglue,1024,8192,327,100_0010_0027.JPG,100_0010_0031.JPG,2123,2859,212,129,0.6084905660377359,60.76307112576543,0.234375,0.234375,0.9185187220573425,False,ok,0.02444370000011986
D2_111_nadir,superpoint-lightglue-r1024-k8192,superpoint,lightglue,1024,8192,328,100_0010_0027.JPG,100_0010_0032.JPG,2123,3274,32,13,0.40625,6.123410268487989,0.09375,0.109375,0.19590219855308533,True,ok,0.035616399996797554
D2_111_nadir,superpoint-lightglue-r1024-k8192,superpoint,lightglue,1024,8192,329,100_0010_0027.JPG,100_0010_0033.JPG,2123,3340,21,10,0.47619047619047616,4.710315591144607,0.09375,0.078125,0.20686136186122894,True,ok,0.03067929999815533
D2_111_nadir,superpoint-lightglue-r1024-k8192,superpoint,lightglue,1024,8192,330,100_0010_0027.JPG,100_0010_0034.JPG,2123,3285,36,12,0.3333333333333333,5.652378709373528,0.125,0.078125,0.1932370960712433,True,ok,0.036721300006320234
D2_111_nadir,superpoint-lightglue-r1024-k8192,superpoint,lightglue,1024,8192,331,100_0010_0027.JPG,100_0010_0035.JPG,2123,3195,21,11,0.5238095238095238,5.181347150259067,0.109375,0.078125,0.15637096762657166,True,ok,0.030033800001547206
D2_111_nadir,superpoint-lightglue-r1024-k8192,superpoint,lightglue,1024,8192,332,100_0010_0027.JPG,100_0010_0041.JPG,2123,2219,681,376,0.5521292217327459,177.10786622703722,0.546875,0.53125,0.9393507838249207,False,ok,0.020037399997818284
D2_111_nadir,superpoint-lightglue-r1024-k8192,superpoint,lightglue,1024,8192,333,100_0010_0027.JPG,100_0010_0042.JPG,2123,1953,926,550,0.593952483801296,281.61802355350744,0.65625,0.65625,0.941157877445221,False,ok,0.019616400000813883
D2_111_nadir,superpoint-lightglue-r1024-k8192,superpoint,lightglue,1024,8192,334,100_0010_0027.JPG,100_0010_0043.JPG,2123,2023,1056,614,0.5814393939393939,303.50963914977757,0.75,0.75,0.9573483467102051,False,ok,0.02338410000083968
D2_111_nadir,superpoint-lightglue-r1024-k8192,superpoint,lightglue,1024,8192,335,100_0010_0027.JPG,100_0010_0044.JPG,2123,2253,890,511,0.5741573033707865,240.6971267074894,0.5625,0.5625,0.9620204567909241,False,ok,0.022613599998294376
D2_111_nadir,superpoint-lightglue-r1024-k8192,superpoint,lightglue,1024,8192,336,100_0010_0028.JPG,100_0010_0029.JPG,2150,2264,1367,827,0.6049743964886612,384.6511627906977,0.859375,0.875,0.9431650638580322,False,ok,0.02006960000289837
D2_111_nadir,superpoint-lightglue-r1024-k8192,superpoint,lightglue,1024,8192,337,100_0010_0028.JPG,100_0010_0030.JPG,2150,2362,999,581,0.5815815815815816,270.2325581395349,0.625,0.625,0.9402940273284912,False,ok,0.021433499998238403
D2_111_nadir,superpoint-lightglue-r1024-k8192,superpoint,lightglue,1024,8192,338,100_0010_0028.JPG,100_0010_0031.JPG,2150,2859,656,396,0.6036585365853658,184.1860465116279,0.453125,0.46875,0.939027726650238,False,ok,0.02571489999536425
D2_111_nadir,superpoint-lightglue-r1024-k8192,superpoint,lightglue,1024,8192,339,100_0010_0028.JPG,100_0010_0032.JPG,2150,3274,373,224,0.6005361930294906,104.18604651162791,0.25,0.25,0.8953618407249451,False,ok,0.026575900003081188
D2_111_nadir,superpoint-lightglue-r1024-k8192,superpoint,lightglue,1024,8192,340,100_0010_0028.JPG,100_0010_0033.JPG,2150,3340,42,13,0.30952380952380953,6.046511627906977,0.09375,0.078125,0.21350276470184326,True,ok,0.03715790000569541
D2_111_nadir,superpoint-lightglue-r1024-k8192,superpoint,lightglue,1024,8192,341,100_0010_0028.JPG,100_0010_0034.JPG,2150,3285,41,12,0.2926829268292683,5.5813953488372094,0.109375,0.109375,0.20317032933235168,True,ok,0.03246989999752259
D2_111_nadir,superpoint-lightglue-r1024-k8192,superpoint,lightglue,1024,8192,342,100_0010_0028.JPG,100_0010_0035.JPG,2150,3195,39,13,0.3333333333333333,6.046511627906977,0.15625,0.109375,0.20289236307144165,True,ok,0.0323662999944645
D2_111_nadir,superpoint-lightglue-r1024-k8192,superpoint,lightglue,1024,8192,343,100_0010_0028.JPG,100_0010_0036.JPG,2150,3270,43,15,0.3488372093023256,6.976744186046512,0.1875,0.046875,0.2274797409772873,False,ok,0.03077540000231238
D2_111_nadir,superpoint-lightglue-r1024-k8192,superpoint,lightglue,1024,8192,344,100_0010_0028.JPG,100_0010_0040.JPG,2150,2149,748,423,0.5655080213903744,196.83573755234994,0.5625,0.5625,0.9474098086357117,False,ok,0.024384600001212675
D2_111_nadir,superpoint-lightglue-r1024-k8192,superpoint,lightglue,1024,8192,345,100_0010_0028.JPG,100_0010_0041.JPG,2150,2219,1007,570,0.5660377358490566,265.1162790697674,0.65625,0.65625,0.9514278769493103,False,ok,0.023250399994140025
D2_111_nadir,superpoint-lightglue-r1024-k8192,superpoint,lightglue,1024,8192,346,100_0010_0028.JPG,100_0010_0042.JPG,2150,1953,1055,552,0.5232227488151658,282.642089093702,0.75,0.734375,0.9633744955062866,False,ok,0.022897499999089632
D2_111_nadir,superpoint-lightglue-r1024-k8192,superpoint,lightglue,1024,8192,347,100_0010_0028.JPG,100_0010_0043.JPG,2150,2023,843,483,0.5729537366548043,238.75432525951558,0.5625,0.5625,0.9603196978569031,False,ok,0.022485299996333197
D2_111_nadir,superpoint-lightglue-r1024-k8192,superpoint,lightglue,1024,8192,348,100_0010_0029.JPG,100_0010_0030.JPG,2264,2362,1438,834,0.5799721835883171,368.37455830388694,0.859375,0.859375,0.9325163960456848,False,ok,0.027484500002174173
D2_111_nadir,superpoint-lightglue-r1024-k8192,superpoint,lightglue,1024,8192,349,100_0010_0029.JPG,100_0010_0031.JPG,2264,2859,1035,570,0.5507246376811594,251.76678445229683,0.625,0.625,0.9310362339019775,False,ok,0.03121839999948861
D2_111_nadir,superpoint-lightglue-r1024-k8192,superpoint,lightglue,1024,8192,350,100_0010_0029.JPG,100_0010_0032.JPG,2264,3274,733,375,0.5115961800818554,165.63604240282686,0.453125,0.421875,0.885150134563446,False,ok,0.02966269999888027
D2_111_nadir,superpoint-lightglue-r1024-k8192,superpoint,lightglue,1024,8192,351,100_0010_0029.JPG,100_0010_0033.JPG,2264,3340,254,107,0.421259842519685,47.26148409893993,0.203125,0.203125,0.7787894010543823,False,ok,0.03178250000200933
D2_111_nadir,superpoint-lightglue-r1024-k8192,superpoint,lightglue,1024,8192,352,100_0010_0029.JPG,100_0010_0034.JPG,2264,3285,275,129,0.4690909090909091,56.97879858657244,0.21875,0.203125,0.8053303956985474,False,ok,0.0322057000012137
D2_111_nadir,superpoint-lightglue-r1024-k8192,superpoint,lightglue,1024,8192,353,100_0010_0029.JPG,100_0010_0035.JPG,2264,3195,215,116,0.5395348837209303,51.236749116607776,0.171875,0.140625,0.7985061407089233,False,ok,0.033523099999001715
D2_111_nadir,superpoint-lightglue-r1024-k8192,superpoint,lightglue,1024,8192,354,100_0010_0029.JPG,100_0010_0036.JPG,2264,3270,191,89,0.46596858638743455,39.31095406360424,0.140625,0.140625,0.7867195010185242,False,ok,0.03240880000521429
D2_111_nadir,superpoint-lightglue-r1024-k8192,superpoint,lightglue,1024,8192,355,100_0010_0029.JPG,100_0010_0037.JPG,2264,3221,209,92,0.44019138755980863,40.63604240282685,0.171875,0.140625,0.7649465203285217,False,ok,0.03244529999938095
D2_111_nadir,superpoint-lightglue-r1024-k8192,superpoint,lightglue,1024,8192,356,100_0010_0029.JPG,100_0010_0039.JPG,2264,2515,787,440,0.5590851334180432,194.34628975265016,0.5625,0.5,0.9308147430419922,False,ok,0.027433600000222214
D2_111_nadir,superpoint-lightglue-r1024-k8192,superpoint,lightglue,1024,8192,357,100_0010_0029.JPG,100_0010_0040.JPG,2264,2149,1015,492,0.48472906403940885,228.94369474174033,0.65625,0.65625,0.9132087230682373,False,ok,0.023997400006919634
D2_111_nadir,superpoint-lightglue-r1024-k8192,superpoint,lightglue,1024,8192,358,100_0010_0029.JPG,100_0010_0041.JPG,2264,2219,1142,631,0.5525394045534151,284.3623253717891,0.734375,0.71875,0.9259189367294312,False,ok,0.024259199999505654
D2_111_nadir,superpoint-lightglue-r1024-k8192,superpoint,lightglue,1024,8192,359,100_0010_0029.JPG,100_0010_0042.JPG,2264,1953,833,485,0.5822328931572629,248.33589349718383,0.5625,0.5625,0.959318220615387,False,ok,0.02365060000010999
D2_111_nadir,superpoint-lightglue-r1024-k8192,superpoint,lightglue,1024,8192,360,100_0010_0030.JPG,100_0010_0031.JPG,2362,2859,1506,857,0.5690571049136787,362.8281117696867,0.859375,0.875,0.9134677052497864,False,ok,0.030498699998133816
D2_111_nadir,superpoint-lightglue-r1024-k8192,superpoint,lightglue,1024,8192,361,100_0010_0030.JPG,100_0010_0032.JPG,2362,3274,1094,601,0.5493601462522852,254.44538526672312,0.625,0.609375,0.8977232575416565,False,ok,0.032183199997234624
D2_111_nadir,superpoint-lightglue-r1024-k8192,superpoint,lightglue,1024,8192,362,100_0010_0030.JPG,100_0010_0033.JPG,2362,3340,616,283,0.4594155844155844,119.81371718882303,0.46875,0.46875,0.8408430814743042,False,ok,0.03425789999892004
D2_111_nadir,superpoint-lightglue-r1024-k8192,superpoint,lightglue,1024,8192,363,100_0010_0030.JPG,100_0010_0034.JPG,2362,3285,625,292,0.4672,123.62404741744284,0.46875,0.453125,0.8649756908416748,False,ok,0.029940299995359965
D2_111_nadir,superpoint-lightglue-r1024-k8192,superpoint,lightglue,1024,8192,364,100_0010_0030.JPG,100_0010_0035.JPG,2362,3195,496,251,0.5060483870967742,106.26587637595259,0.40625,0.40625,0.8678710460662842,False,ok,0.03111689999786904
D2_111_nadir,superpoint-lightglue-r1024-k8192,superpoint,lightglue,1024,8192,365,100_0010_0030.JPG,100_0010_0036.JPG,2362,3270,414,196,0.47342995169082125,82.9805249788315,0.359375,0.3125,0.8519126176834106,False,ok,0.03018230000452604
D2_111_nadir,superpoint-lightglue-r1024-k8192,superpoint,lightglue,1024,8192,366,100_0010_0030.JPG,100_0010_0037.JPG,2362,3221,428,198,0.46261682242990654,83.8272650296359,0.375,0.328125,0.8093225955963135,False,ok,0.030251800002588425
D2_111_nadir,superpoint-lightglue-r1024-k8192,superpoint,lightglue,1024,8192,367,100_0010_0030.JPG,100_0010_0038.JPG,2362,2890,760,369,0.4855263157894737,156.22353937341236,0.515625,0.515625,0.8987502455711365,False,ok,0.0312259999991511
D2_111_nadir,superpoint-lightglue-r1024-k8192,superpoint,lightglue,1024,8192,368,100_0010_0030.JPG,100_0010_0039.JPG,2362,2515,1029,563,0.5471331389698737,238.35732430143946,0.65625,0.640625,0.9108855724334717,False,ok,0.030330600005981978
D2_111_nadir,superpoint-lightglue-r1024-k8192,superpoint,lightglue,1024,8192,369,100_0010_0030.JPG,100_0010_0040.JPG,2362,2149,1078,643,0.5964749536178108,299.20893438808747,0.734375,0.71875,0.9262292981147766,False,ok,0.029328499993425794
D2_111_nadir,superpoint-lightglue-r1024-k8192,superpoint,lightglue,1024,8192,370,100_0010_0030.JPG,100_0010_0041.JPG,2362,2219,897,439,0.48940914158305465,197.83686345200542,0.5625,0.546875,0.9411035776138306,False,ok,0.03001570000196807
D2_111_nadir,superpoint-lightglue-r1024-k8192,superpoint,lightglue,1024,8192,371,100_0010_0031.JPG,100_0010_0032.JPG,2859,3274,1880,1019,0.5420212765957447,356.4183280867436,0.875,0.859375,0.8837252855300903,False,ok,0.03599530000064988
D2_111_nadir,superpoint-lightglue-r1024-k8192,superpoint,lightglue,1024,8192,372,100_0010_0031.JPG,100_0010_0033.JPG,2859,3340,1277,624,0.48864526233359434,218.25813221406085,0.625,0.625,0.8532559871673584,False,ok,0.03528819999337429
D2_111_nadir,superpoint-lightglue-r1024-k8192,superpoint,lightglue,1024,8192,373,100_0010_0031.JPG,100_0010_0034.JPG,2859,3285,1280,651,0.50859375,227.70199370409233,0.625,0.625,0.8591319918632507,False,ok,0.03538700000353856
D2_111_nadir,superpoint-lightglue-r1024-k8192,superpoint,lightglue,1024,8192,374,100_0010_0031.JPG,100_0010_0035.JPG,2859,3195,1026,395,0.38499025341130605,138.16019587268275,0.484375,0.5,0.8624129295349121,False,ok,0.03380480000487296
D2_111_nadir,superpoint-lightglue-r1024-k8192,superpoint,lightglue,1024,8192,375,100_0010_0031.JPG,100_0010_0036.JPG,2859,3270,867,411,0.4740484429065744,143.75655823714587,0.46875,0.46875,0.8739906549453735,False,ok,0.02945950000139419
D2_111_nadir,superpoint-lightglue-r1024-k8192,superpoint,lightglue,1024,8192,376,100_0010_0031.JPG,100_0010_0037.JPG,2859,3221,863,403,0.46697566628041715,140.9583770549143,0.46875,0.4375,0.863514244556427,False,ok,0.03219399999943562
D2_111_nadir,superpoint-lightglue-r1024-k8192,superpoint,lightglue,1024,8192,377,100_0010_0031.JPG,100_0010_0038.JPG,2859,2890,1261,622,0.49325931800158607,217.55858691850298,0.65625,0.640625,0.8684817552566528,False,ok,0.02992929999891203
D2_111_nadir,superpoint-lightglue-r1024-k8192,superpoint,lightglue,1024,8192,378,100_0010_0031.JPG,100_0010_0039.JPG,2859,2515,1248,663,0.53125,263.6182902584493,0.75,0.734375,0.9053716659545898,False,ok,0.03313960000377847
D2_111_nadir,superpoint-lightglue-r1024-k8192,superpoint,lightglue,1024,8192,379,100_0010_0031.JPG,100_0010_0040.JPG,2859,2149,843,432,0.5124555160142349,201.02373196835737,0.5625,0.546875,0.9222698211669922,False,ok,0.028636299997742753
D2_111_nadir,superpoint-lightglue-r1024-k8192,superpoint,lightglue,1024,8192,380,100_0010_0032.JPG,100_0010_0033.JPG,3274,3340,1952,1004,0.514344262295082,306.658521686011,0.875,0.875,0.8532651662826538,False,ok,0.044866499993077014
D2_111_nadir,superpoint-lightglue-r1024-k8192,superpoint,lightglue,1024,8192,381,100_0010_0032.JPG,100_0010_0034.JPG,3274,3285,1888,975,0.5164194915254238,297.80085522296883,0.875,0.859375,0.8507454991340637,False,ok,0.04659700000047451
D2_111_nadir,superpoint-lightglue-r1024-k8192,superpoint,lightglue,1024,8192,382,100_0010_0032.JPG,100_0010_0035.JPG,3274,3195,1436,561,0.3906685236768802,175.5868544600939,0.6875,0.671875,0.8487195372581482,False,ok,0.04187380000075791
D2_111_nadir,superpoint-lightglue-r1024-k8192,superpoint,lightglue,1024,8192,383,100_0010_0032.JPG,100_0010_0036.JPG,3274,3270,1225,556,0.45387755102040817,170.03058103975536,0.625,0.59375,0.8445027470588684,False,ok,0.034653099995921366
D2_111_nadir,superpoint-lightglue-r1024-k8192,superpoint,lightglue,1024,8192,384,100_0010_0032.JPG,100_0010_0037.JPG,3274,3221,1218,590,0.48440065681444994,183.1729276622167,0.65625,0.625,0.8385587334632874,False,ok,0.034024100001261104
D2_111_nadir,superpoint-lightglue-r1024-k8192,superpoint,lightglue,1024,8192,385,100_0010_0032.JPG,100_0010_0038.JPG,3274,2890,1481,759,0.512491559756921,262.6297577854671,0.75,0.75,0.8729578852653503,False,ok,0.03660189999936847
D2_111_nadir,superpoint-lightglue-r1024-k8192,superpoint,lightglue,1024,8192,386,100_0010_0032.JPG,100_0010_0039.JPG,3274,2515,1044,555,0.5316091954022989,220.67594433399603,0.546875,0.546875,0.8974412679672241,False,ok,0.035782400002062786
D2_111_nadir,superpoint-lightglue-r1024-k8192,superpoint,lightglue,1024,8192,387,100_0010_0032.JPG,100_0010_0040.JPG,3274,2149,651,292,0.4485407066052227,135.87715216379712,0.40625,0.421875,0.8840872049331665,False,ok,0.030080399999860674
D2_111_nadir,superpoint-lightglue-r1024-k8192,superpoint,lightglue,1024,8192,388,100_0010_0033.JPG,100_0010_0034.JPG,3340,3285,2638,1494,0.5663381349507203,454.7945205479452,1.0,1.0,0.8665696382522583,False,ok,0.030603100000007544
D2_111_nadir,superpoint-lightglue-r1024-k8192,superpoint,lightglue,1024,8192,389,100_0010_0033.JPG,100_0010_0035.JPG,3340,3195,1908,856,0.44863731656184486,267.9186228482003,0.875,0.875,0.8244550824165344,False,ok,0.04830240000592312
D2_111_nadir,superpoint-lightglue-r1024-k8192,superpoint,lightglue,1024,8192,390,100_0010_0033.JPG,100_0010_0036.JPG,3340,3270,1541,802,0.5204412719013628,245.2599388379205,0.75,0.75,0.8297598361968994,False,ok,0.04904369999712799
D2_111_nadir,superpoint-lightglue-r1024-k8192,superpoint,lightglue,1024,8192,391,100_0010_0033.JPG,100_0010_0037.JPG,3340,3221,1503,781,0.5196274118429807,242.47128221049363,0.75,0.71875,0.8271209597587585,False,ok,0.05574750000232598
D2_111_nadir,superpoint-lightglue-r1024-k8192,superpoint,lightglue,1024,8192,392,100_0010_0033.JPG,100_0010_0038.JPG,3340,2890,1140,570,0.5,197.2318339100346,0.546875,0.5625,0.8676502108573914,False,ok,0.04207390000374289
D2_111_nadir,superpoint-lightglue-r1024-k8192,superpoint,lightglue,1024,8192,393,100_0010_0033.JPG,100_0010_0039.JPG,3340,2515,718,340,0.4735376044568245,135.18886679920476,0.4375,0.421875,0.8704546093940735,False,ok,0.031009000005724374
D2_111_nadir,superpoint-lightglue-r1024-k8192,superpoint,lightglue,1024,8192,394,100_0010_0033.JPG,100_0010_0040.JPG,3340,2149,340,117,0.34411764705882353,54.44392740809679,0.25,0.203125,0.7915184497833252,False,ok,0.030259999999543652
D2_111_nadir,superpoint-lightglue-r1024-k8192,superpoint,lightglue,1024,8192,395,100_0010_0033.JPG,100_0010_0041.JPG,3340,2219,106,45,0.42452830188679247,20.279405137449302,0.09375,0.078125,0.6334369778633118,False,ok,0.02382209999632323
D2_111_nadir,superpoint-lightglue-r1024-k8192,superpoint,lightglue,1024,8192,396,100_0010_0034.JPG,100_0010_0035.JPG,3285,3195,1983,991,0.49974785678265254,310.1721439749609,0.875,0.875,0.8316320776939392,False,ok,0.043486200003826525
D2_111_nadir,superpoint-lightglue-r1024-k8192,superpoint,lightglue,1024,8192,397,100_0010_0034.JPG,100_0010_0036.JPG,3285,3270,1590,829,0.5213836477987421,253.51681957186545,0.75,0.75,0.8323758244514465,False,ok,0.056254799994349014
D2_111_nadir,superpoint-lightglue-r1024-k8192,superpoint,lightglue,1024,8192,398,100_0010_0034.JPG,100_0010_0037.JPG,3285,3221,1525,773,0.5068852459016393,239.98758149642967,0.75,0.734375,0.8277732729911804,False,ok,0.057214300002669916
D2_111_nadir,superpoint-lightglue-r1024-k8192,superpoint,lightglue,1024,8192,399,100_0010_0034.JPG,100_0010_0038.JPG,3285,2890,1143,546,0.4776902887139108,188.9273356401384,0.578125,0.578125,0.8673185110092163,False,ok,0.035744299995712936
D2_111_nadir,superpoint-lightglue-r1024-k8192,superpoint,lightglue,1024,8192,400,100_0010_0034.JPG,100_0010_0039.JPG,3285,2515,734,329,0.4482288828337875,130.81510934393637,0.453125,0.40625,0.8488233089447021,False,ok,0.030399099996429868
D2_111_nadir,superpoint-lightglue-r1024-k8192,superpoint,lightglue,1024,8192,401,100_0010_0034.JPG,100_0010_0040.JPG,3285,2149,341,135,0.39589442815249265,62.81991624011168,0.265625,0.28125,0.7900980114936829,False,ok,0.029631700002937578
D2_111_nadir,superpoint-lightglue-r1024-k8192,superpoint,lightglue,1024,8192,402,100_0010_0034.JPG,100_0010_0041.JPG,3285,2219,117,54,0.46153846153846156,24.335286164939163,0.078125,0.078125,0.6222049593925476,False,ok,0.023208600003272295
D2_111_nadir,superpoint-lightglue-r1024-k8192,superpoint,lightglue,1024,8192,403,100_0010_0034.JPG,100_0010_0042.JPG,3285,1953,32,13,0.40625,6.656426011264721,0.09375,0.125,0.2940780520439148,True,ok,0.04828740000084508
D2_111_nadir,superpoint-lightglue-r1024-k8192,superpoint,lightglue,1024,8192,404,100_0010_0035.JPG,100_0010_0036.JPG,3195,3270,2055,1125,0.5474452554744526,352.11267605633805,0.875,0.875,0.8396440148353577,False,ok,0.0477141000010306
D2_111_nadir,superpoint-lightglue-r1024-k8192,superpoint,lightglue,1024,8192,405,100_0010_0035.JPG,100_0010_0037.JPG,3195,3221,1980,1053,0.5318181818181819,329.5774647887324,0.875,0.875,0.8238623738288879,False,ok,0.048531000000366475
D2_111_nadir,superpoint-lightglue-r1024-k8192,superpoint,lightglue,1024,8192,406,100_0010_0035.JPG,100_0010_0038.JPG,3195,2890,1351,649,0.48038490007401924,224.5674740484429,0.671875,0.6875,0.867296040058136,False,ok,0.037542399993981235
D2_111_nadir,superpoint-lightglue-r1024-k8192,superpoint,lightglue,1024,8192,407,100_0010_0035.JPG,100_0010_0039.JPG,3195,2515,832,376,0.4519230769230769,149.50298210735588,0.546875,0.484375,0.8532118201255798,False,ok,0.029705399996601045
D2_111_nadir,superpoint-lightglue-r1024-k8192,superpoint,lightglue,1024,8192,408,100_0010_0035.JPG,100_0010_0040.JPG,3195,2149,396,143,0.3611111111111111,66.5425779432294,0.265625,0.25,0.7500092387199402,False,ok,0.031093300000065938
D2_111_nadir,superpoint-lightglue-r1024-k8192,superpoint,lightglue,1024,8192,409,100_0010_0035.JPG,100_0010_0041.JPG,3195,2219,130,63,0.4846153846153846,28.391167192429023,0.109375,0.125,0.7368355989456177,False,ok,0.03184699999837903
D2_111_nadir,superpoint-lightglue-r1024-k8192,superpoint,lightglue,1024,8192,410,100_0010_0035.JPG,100_0010_0042.JPG,3195,1953,22,10,0.45454545454545453,5.1203277009728625,0.078125,0.140625,0.27904951572418213,True,ok,0.034553899997263215
D2_111_nadir,superpoint-lightglue-r1024-k8192,superpoint,lightglue,1024,8192,411,100_0010_0035.JPG,100_0010_0043.JPG,3195,2023,28,11,0.39285714285714285,5.437469105289175,0.140625,0.15625,0.24186530709266663,True,ok,0.03534829999989597
D2_111_nadir,superpoint-lightglue-r1024-k8192,superpoint,lightglue,1024,8192,412,100_0010_0035.JPG,100_0010_0067.JPG,3195,2918,859,424,0.4935972060535506,145.3050034270048,0.515625,0.515625,0.8086768388748169,False,ok,0.04218910000054166
D2_111_nadir,superpoint-lightglue-r1024-k8192,superpoint,lightglue,1024,8192,413,100_0010_0035.JPG,100_0010_0068.JPG,3195,2955,985,474,0.4812182741116751,160.40609137055839,0.59375,0.5625,0.7653549313545227,False,ok,0.04365269999834709
D2_111_nadir,superpoint-lightglue-r1024-k8192,superpoint,lightglue,1024,8192,414,100_0010_0036.JPG,100_0010_0037.JPG,3270,3221,2522,1363,0.5404440919904837,423.1605091586464,1.0,1.0,0.852306067943573,False,ok,0.0325204999971902
D2_111_nadir,superpoint-lightglue-r1024-k8192,superpoint,lightglue,1024,8192,415,100_0010_0036.JPG,100_0010_0038.JPG,3270,2890,1638,846,0.5164835164835165,292.7335640138408,0.78125,0.796875,0.8820748329162598,False,ok,0.04174359999888111
D2_111_nadir,superpoint-lightglue-r1024-k8192,superpoint,lightglue,1024,8192,416,100_0010_0036.JPG,100_0010_0039.JPG,3270,2515,1022,492,0.48140900195694714,195.6262425447316,0.609375,0.609375,0.8535750508308411,False,ok,0.030968600003689062
D2_111_nadir,superpoint-lightglue-r1024-k8192,superpoint,lightglue,1024,8192,417,100_0010_0036.JPG,100_0010_0040.JPG,3270,2149,488,226,0.46311475409836067,105.16519311307584,0.359375,0.359375,0.7948409914970398,False,ok,0.02997519999917131
D2_111_nadir,superpoint-lightglue-r1024-k8192,superpoint,lightglue,1024,8192,418,100_0010_0036.JPG,100_0010_0041.JPG,3270,2219,218,84,0.3853211009174312,37.85488958990536,0.1875,0.1875,0.6992524862289429,False,ok,0.03930949999630684
D2_111_nadir,superpoint-lightglue-r1024-k8192,superpoint,lightglue,1024,8192,419,100_0010_0036.JPG,100_0010_0042.JPG,3270,1953,24,11,0.4583333333333333,5.6323604710701485,0.0625,0.140625,0.21795468032360077,True,ok,0.032383999998273794
D2_111_nadir,superpoint-lightglue-r1024-k8192,superpoint,lightglue,1024,8192,420,100_0010_0036.JPG,100_0010_0043.JPG,3270,2023,22,10,0.45454545454545453,4.9431537320810675,0.125,0.140625,0.2369663566350937,True,ok,0.03530680000403663
D2_111_nadir,superpoint-lightglue-r1024-k8192,superpoint,lightglue,1024,8192,421,100_0010_0036.JPG,100_0010_0044.JPG,3270,2253,44,12,0.2727272727272727,5.326231691078562,0.109375,0.125,0.20482273399829865,True,ok,0.025934900004358497
D2_111_nadir,superpoint-lightglue-r1024-k8192,superpoint,lightglue,1024,8192,422,100_0010_0036.JPG,100_0010_0066.JPG,3270,2541,826,370,0.44794188861985473,145.61196379378197,0.53125,0.484375,0.8746978044509888,False,ok,0.029571400002168957
D2_111_nadir,superpoint-lightglue-r1024-k8192,superpoint,lightglue,1024,8192,423,100_0010_0036.JPG,100_0010_0067.JPG,3270,2918,1200,574,0.47833333333333333,196.71007539410556,0.625,0.65625,0.8362127542495728,False,ok,0.048158400000829715
D2_111_nadir,superpoint-lightglue-r1024-k8192,superpoint,lightglue,1024,8192,424,100_0010_0036.JPG,100_0010_0068.JPG,3270,2955,1351,696,0.5151739452257587,235.53299492385787,0.71875,0.734375,0.8037720322608948,False,ok,0.05066090000036638
D2_111_nadir,superpoint-lightglue-r1024-k8192,superpoint,lightglue,1024,8192,425,100_0010_0037.JPG,100_0010_0038.JPG,3221,2890,1678,878,0.5232419547079857,303.8062283737024,0.78125,0.828125,0.8792625665664673,False,ok,0.038250400000833906
D2_111_nadir,superpoint-lightglue-r1024-k8192,superpoint,lightglue,1024,8192,426,100_0010_0037.JPG,100_0010_0039.JPG,3221,2515,1042,519,0.4980806142034549,206.36182902584494,0.625,0.609375,0.851088285446167,False,ok,0.032664699996530544
D2_111_nadir,superpoint-lightglue-r1024-k8192,superpoint,lightglue,1024,8192,427,100_0010_0037.JPG,100_0010_0040.JPG,3221,2149,527,237,0.4497153700189753,110.28385295486272,0.375,0.375,0.7870154976844788,False,ok,0.03187640000396641
D2_111_nadir,superpoint-lightglue-r1024-k8192,superpoint,lightglue,1024,8192,428,100_0010_0037.JPG,100_0010_0041.JPG,3221,2219,253,98,0.38735177865612647,44.16403785488959,0.203125,0.25,0.6762229800224304,False,ok,0.038014400000975
D2_111_nadir,superpoint-lightglue-r1024-k8192,superpoint,lightglue,1024,8192,429,100_0010_0037.JPG,100_0010_0042.JPG,3221,1953,22,11,0.5,5.6323604710701485,0.078125,0.140625,0.22853368520736694,True,ok,0.03513309999834746
D2_111_nadir,superpoint-lightglue-r1024-k8192,superpoint,lightglue,1024,8192,430,100_0010_0037.JPG,100_0010_0043.JPG,3221,2023,23,10,0.43478260869565216,4.9431537320810675,0.0625,0.109375,0.23199042677879333,True,ok,0.033883500000229105
D2_111_nadir,superpoint-lightglue-r1024-k8192,superpoint,lightglue,1024,8192,431,100_0010_0037.JPG,100_0010_0044.JPG,3221,2253,54,12,0.2222222222222222,5.326231691078562,0.09375,0.109375,0.18969260156154633,True,ok,0.02519149999716319
D2_111_nadir,superpoint-lightglue-r1024-k8192,superpoint,lightglue,1024,8192,432,100_0010_0037.JPG,100_0010_0045.JPG,3221,2556,56,13,0.23214285714285715,5.086071987480438,0.078125,0.171875,0.25350093841552734,True,ok,0.024546900000132155
D2_111_nadir,superpoint-lightglue-r1024-k8192,superpoint,lightglue,1024,8192,433,100_0010_0037.JPG,100_0010_0066.JPG,3221,2541,870,407,0.46781609195402296,160.17316017316017,0.5625,0.5625,0.8650638461112976,False,ok,0.02867359999800101
D2_111_nadir,superpoint-lightglue-r1024-k8192,superpoint,lightglue,1024,8192,434,100_0010_0037.JPG,100_0010_0067.JPG,3221,2918,1221,582,0.47665847665847666,199.45167923235093,0.65625,0.65625,0.8426835536956787,False,ok,0.044243900003493764
D2_111_nadir,superpoint-lightglue-r1024-k8192,superpoint,lightglue,1024,8192,435,100_0010_0037.JPG,100_0010_0068.JPG,3221,2955,1426,659,0.46213183730715285,223.0118443316413,0.71875,0.75,0.7980828881263733,False,ok,0.050304399999731686
D2_111_nadir,superpoint-lightglue-r1024-k8192,superpoint,lightglue,1024,8192,436,100_0010_0038.JPG,100_0010_0039.JPG,2890,2515,1653,878,0.5311554748941318,349.10536779324053,0.875,0.859375,0.876128077507019,False,ok,0.030559600003471132
D2_111_nadir,superpoint-lightglue-r1024-k8192,superpoint,lightglue,1024,8192,437,100_0010_0038.JPG,100_0010_0040.JPG,2890,2149,993,507,0.5105740181268882,235.9236854350861,0.625,0.625,0.8817253112792969,False,ok,0.028125600001658313
D2_111_nadir,superpoint-lightglue-r1024-k8192,superpoint,lightglue,1024,8192,438,100_0010_0038.JPG,100_0010_0041.JPG,2890,2219,717,365,0.5090655509065551,164.48850833708877,0.40625,0.453125,0.8720812201499939,False,ok,0.02718240000103833
D2_111_nadir,superpoint-lightglue-r1024-k8192,superpoint,lightglue,1024,8192,439,100_0010_0038.JPG,100_0010_0042.JPG,2890,1953,262,133,0.5076335877862596,68.10035842293907,0.25,0.25,0.8698406219482422,False,ok,0.020980799999961164
D2_111_nadir,superpoint-lightglue-r1024-k8192,superpoint,lightglue,1024,8192,440,100_0010_0038.JPG,100_0010_0043.JPG,2890,2023,20,11,0.55,5.437469105289175,0.109375,0.140625,0.24935808777809143,True,ok,0.029051199999230448
D2_111_nadir,superpoint-lightglue-r1024-k8192,superpoint,lightglue,1024,8192,441,100_0010_0038.JPG,100_0010_0044.JPG,2890,2253,73,15,0.2054794520547945,6.657789613848203,0.0625,0.078125,0.18781325221061707,False,ok,0.02538549999735551
D2_111_nadir,superpoint-lightglue-r1024-k8192,superpoint,lightglue,1024,8192,442,100_0010_0038.JPG,100_0010_0045.JPG,2890,2556,72,13,0.18055555555555555,5.086071987480438,0.125,0.109375,0.2049976885318756,True,ok,0.021844499999133404
D2_111_nadir,superpoint-lightglue-r1024-k8192,superpoint,lightglue,1024,8192,443,100_0010_0038.JPG,100_0010_0046.JPG,2890,2839,50,12,0.24,4.226840436773512,0.078125,0.125,0.2021002173423767,True,ok,0.02540210000006482
D2_111_nadir,superpoint-lightglue-r1024-k8192,superpoint,lightglue,1024,8192,444,100_0010_0038.JPG,100_0010_0066.JPG,2890,2541,1207,648,0.5368682684341343,255.01770956316412,0.6875,0.6875,0.8782058954238892,False,ok,0.027514800000062678
D2_111_nadir,superpoint-lightglue-r1024-k8192,superpoint,lightglue,1024,8192,445,100_0010_0038.JPG,100_0010_0067.JPG,2890,2918,1318,637,0.48330804248861914,220.4152249134948,0.71875,0.671875,0.8673155903816223,False,ok,0.03739329999370966
D2_111_nadir,superpoint-lightglue-r1024-k8192,superpoint,lightglue,1024,8192,446,100_0010_0038.JPG,100_0010_0068.JPG,2890,2955,1086,488,0.44935543278084716,168.85813148788927,0.65625,0.578125,0.846075177192688,False,ok,0.03300080000190064
D2_111_nadir,superpoint-lightglue-r1024-k8192,superpoint,lightglue,1024,8192,447,100_0010_0039.JPG,100_0010_0040.JPG,2515,2149,1399,778,0.5561115082201572,362.02885062819917,0.84375,0.875,0.9083243012428284,False,ok,0.023404899999150075
D2_111_nadir,superpoint-lightglue-r1024-k8192,superpoint,lightglue,1024,8192,448,100_0010_0039.JPG,100_0010_0041.JPG,2515,2219,1061,593,0.5589066918001885,267.2374943668319,0.625,0.625,0.9244735836982727,False,ok,0.027419400001235772
D2_111_nadir,superpoint-lightglue-r1024-k8192,superpoint,lightglue,1024,8192,449,100_0010_0039.JPG,100_0010_0042.JPG,2515,1953,570,352,0.6175438596491228,180.23553507424475,0.46875,0.46875,0.9286931753158569,False,ok,0.02154760000121314
D2_111_nadir,superpoint-lightglue-r1024-k8192,superpoint,lightglue,1024,8192,450,100_0010_0039.JPG,100_0010_0043.JPG,2515,2023,262,170,0.648854961832061,84.03361344537815,0.234375,0.265625,0.9094919562339783,False,ok,0.019569800002500415
D2_111_nadir,superpoint-lightglue-r1024-k8192,superpoint,lightglue,1024,8192,451,100_0010_0039.JPG,100_0010_0044.JPG,2515,2253,59,16,0.2711864406779661,7.1016422547714155,0.125,0.15625,0.20134003460407257,False,ok,0.02083209999545943
D2_111_nadir,superpoint-lightglue-r1024-k8192,superpoint,lightglue,1024,8192,452,100_0010_0039.JPG,100_0010_0045.JPG,2515,2556,70,15,0.21428571428571427,5.964214711729622,0.125,0.171875,0.22189602255821228,False,ok,0.02171259999886388
D2_111_nadir,superpoint-lightglue-r1024-k8192,superpoint,lightglue,1024,8192,453,100_0010_0039.JPG,100_0010_0046.JPG,2515,2839,56,12,0.21428571428571427,4.7713717693836974,0.125,0.125,0.20283553004264832,True,ok,0.02440080000087619
D2_111_nadir,superpoint-lightglue-r1024-k8192,superpoint,lightglue,1024,8192,454,100_0010_0039.JPG,100_0010_0047.JPG,2515,3214,50,14,0.28,5.566600397614314,0.09375,0.15625,0.2221583127975464,True,ok,0.031781000005139504
D2_111_nadir,superpoint-lightglue-r1024-k8192,superpoint,lightglue,1024,8192,455,100_0010_0039.JPG,100_0010_0064.JPG,2515,2152,781,390,0.499359795134443,181.2267657992565,0.546875,0.5625,0.9148788452148438,False,ok,0.02609860000666231
D2_111_nadir,superpoint-lightglue-r1024-k8192,superpoint,lightglue,1024,8192,456,100_0010_0039.JPG,100_0010_0065.JPG,2515,2281,1037,536,0.5168756027000965,234.9846558526962,0.703125,0.65625,0.8844355940818787,False,ok,0.02350250000017695
D2_111_nadir,superpoint-lightglue-r1024-k8192,superpoint,lightglue,1024,8192,457,100_0010_0039.JPG,100_0010_0066.JPG,2515,2541,1116,570,0.510752688172043,226.64015904572565,0.75,0.75,0.884375810623169,False,ok,0.025558799999998882
D2_111_nadir,superpoint-lightglue-r1024-k8192,superpoint,lightglue,1024,8192,458,100_0010_0039.JPG,100_0010_0067.JPG,2515,2918,876,386,0.4406392694063927,153.47912524850895,0.5625,0.5625,0.8685169219970703,False,ok,0.03181130000302801
D2_111_nadir,superpoint-lightglue-r1024-k8192,superpoint,lightglue,1024,8192,459,100_0010_0039.JPG,100_0010_0068.JPG,2515,2955,695,287,0.41294964028776976,114.11530815109344,0.46875,0.46875,0.8381518125534058,False,ok,0.029319400004169438
D2_111_nadir,superpoint-lightglue-r1024-k8192,superpoint,lightglue,1024,8192,460,100_0010_0040.JPG,100_0010_0041.JPG,2149,2219,1405,609,0.43345195729537367,283.3876221498371,0.859375,0.859375,0.9248999357223511,False,ok,0.02419289999670582
D2_111_nadir,superpoint-lightglue-r1024-k8192,superpoint,lightglue,1024,8192,461,100_0010_0040.JPG,100_0010_0042.JPG,2149,1953,851,505,0.5934195064629847,258.57654889912953,0.625,0.625,0.9192278981208801,False,ok,0.020331300001998898
D2_111_nadir,superpoint-lightglue-r1024-k8192,superpoint,lightglue,1024,8192,462,100_0010_0040.JPG,100_0010_0043.JPG,2149,2023,533,305,0.5722326454033771,150.76618882847256,0.46875,0.5,0.9073930978775024,False,ok,0.020005699996545445
D2_111_nadir,superpoint-lightglue-r1024-k8192,superpoint,lightglue,1024,8192,463,100_0010_0040.JPG,100_0010_0044.JPG,2149,2253,255,153,0.6,71.19590507212656,0.234375,0.25,0.9066448211669922,False,ok,0.02450200000021141
D2_111_nadir,superpoint-lightglue-r1024-k8192,superpoint,lightglue,1024,8192,464,100_0010_0040.JPG,100_0010_0045.JPG,2149,2556,102,16,0.1568627450980392,7.445323406235459,0.140625,0.1875,0.22445522248744965,False,ok,0.02939160000096308
D2_111_nadir,superpoint-lightglue-r1024-k8192,superpoint,lightglue,1024,8192,465,100_0010_0040.JPG,100_0010_0046.JPG,2149,2839,47,12,0.2553191489361702,5.583992554676594,0.109375,0.109375,0.23291118443012238,True,ok,0.03283130000636447
D2_111_nadir,superpoint-lightglue-r1024-k8192,superpoint,lightglue,1024,8192,466,100_0010_0040.JPG,100_0010_0047.JPG,2149,3214,46,11,0.2391304347826087,5.118659841786878,0.109375,0.09375,0.19107793271541595,True,ok,0.034863799999584444
D2_111_nadir,superpoint-lightglue-r1024-k8192,superpoint,lightglue,1024,8192,467,100_0010_0040.JPG,100_0010_0048.JPG,2149,3301,41,10,0.24390243902439024,4.653327128897161,0.109375,0.125,0.2047598510980606,True,ok,0.03559279999899445
D2_111_nadir,superpoint-lightglue-r1024-k8192,superpoint,lightglue,1024,8192,468,100_0010_0040.JPG,100_0010_0063.JPG,2149,2101,748,425,0.5681818181818182,202.284626368396,0.5625,0.5625,0.9486614465713501,False,ok,0.01975479999964591
D2_111_nadir,superpoint-lightglue-r1024-k8192,superpoint,lightglue,1024,8192,469,100_0010_0040.JPG,100_0010_0064.JPG,2149,2152,964,534,0.553941908713693,248.4876686831084,0.65625,0.671875,0.9109518527984619,False,ok,0.022463699999207165
D2_111_nadir,superpoint-lightglue-r1024-k8192,superpoint,lightglue,1024,8192,470,100_0010_0040.JPG,100_0010_0065.JPG,2149,2281,955,495,0.518324607329843,230.3396928804095,0.703125,0.71875,0.9045650362968445,False,ok,0.02332139999634819
D2_111_nadir,superpoint-lightglue-r1024-k8192,superpoint,lightglue,1024,8192,471,100_0010_0040.JPG,100_0010_0066.JPG,2149,2541,730,353,0.48356164383561645,164.2624476500698,0.546875,0.5625,0.8797258734703064,False,ok,0.02705170000263024
D2_111_nadir,superpoint-lightglue-r1024-k8192,superpoint,lightglue,1024,8192,472,100_0010_0041.JPG,100_0010_0042.JPG,2219,1953,1235,678,0.5489878542510122,347.15821812596005,0.859375,0.875,0.9242931008338928,False,ok,0.015543499997875188
D2_111_nadir,superpoint-lightglue-r1024-k8192,superpoint,lightglue,1024,8192,473,100_0010_0041.JPG,100_0010_0043.JPG,2219,2023,885,521,0.5887005649717514,257.5383094414236,0.640625,0.625,0.9256693720817566,False,ok,0.015217899999697693
D2_111_nadir,superpoint-lightglue-r1024-k8192,superpoint,lightglue,1024,8192,474,100_0010_0041.JPG,100_0010_0044.JPG,2219,2253,567,322,0.5679012345679012,145.11041009463722,0.46875,0.5,0.9142573475837708,False,ok,0.015500400004384574
D2_111_nadir,superpoint-lightglue-r1024-k8192,superpoint,lightglue,1024,8192,475,100_0010_0041.JPG,100_0010_0045.JPG,2219,2556,322,164,0.5093167701863354,73.90716538981523,0.25,0.25,0.8974118232727051,False,ok,0.019824000002699904
D2_111_nadir,superpoint-lightglue-r1024-k8192,superpoint,lightglue,1024,8192,476,100_0010_0041.JPG,100_0010_0046.JPG,2219,2839,115,21,0.1826086956521739,9.46372239747634,0.1875,0.15625,0.2648678123950958,False,ok,0.02498300000297604
D2_111_nadir,superpoint-lightglue-r1024-k8192,superpoint,lightglue,1024,8192,477,100_0010_0041.JPG,100_0010_0047.JPG,2219,3214,40,12,0.3,5.40784136998648,0.125,0.125,0.21575310826301575,True,ok,0.04012679999868851
D2_111_nadir,superpoint-lightglue-r1024-k8192,superpoint,lightglue,1024,8192,478,100_0010_0041.JPG,100_0010_0048.JPG,2219,3301,88,20,0.22727272727272727,9.013068949977468,0.140625,0.140625,0.20554308593273163,False,ok,0.028803499997593462
D2_111_nadir,superpoint-lightglue-r1024-k8192,superpoint,lightglue,1024,8192,479,100_0010_0041.JPG,100_0010_0049.JPG,2219,3278,57,12,0.21052631578947367,5.40784136998648,0.171875,0.140625,0.22510670125484467,True,ok,0.026663200005714316
D2_111_nadir,superpoint-lightglue-r1024-k8192,superpoint,lightglue,1024,8192,480,100_0010_0041.JPG,100_0010_0062.JPG,2219,2187,672,369,0.5491071428571429,168.72427983539094,0.546875,0.5625,0.9668900370597839,False,ok,0.015783399998326786
D2_111_nadir,superpoint-lightglue-r1024-k8192,superpoint,lightglue,1024,8192,481,100_0010_0041.JPG,100_0010_0063.JPG,2219,2101,971,515,0.5303810504634398,245.12137077582105,0.65625,0.703125,0.935070812702179,False,ok,0.015406799997435883
D2_111_nadir,superpoint-lightglue-r1024-k8192,superpoint,lightglue,1024,8192,482,100_0010_0041.JPG,100_0010_0064.JPG,2219,2152,1033,574,0.5556631171345595,266.728624535316,0.734375,0.75,0.9275941848754883,False,ok,0.022369199999957345
D2_111_nadir,superpoint-lightglue-r1024-k8192,superpoint,lightglue,1024,8192,483,100_0010_0041.JPG,100_0010_0109.JPG,2219,3414,22,9,0.4090909090909091,4.0558810274898605,0.125,0.09375,0.20904268324375153,True,ok,0.03595639999548439
D2_111_nadir,superpoint-lightglue-r1024-k8192,superpoint,lightglue,1024,8192,484,100_0010_0041.JPG,100_0010_0110.JPG,2219,3281,22,9,0.4090909090909091,4.0558810274898605,0.09375,0.109375,0.17827725410461426,True,ok,0.055888499999127816
D2_111_nadir,superpoint-lightglue-r1024-k8192,superpoint,lightglue,1024,8192,485,100_0010_0042.JPG,100_0010_0043.JPG,1953,2023,1260,747,0.5928571428571429,382.4884792626728,0.875,0.875,0.9274541735649109,False,ok,0.01984249999804888
D2_111_nadir,superpoint-lightglue-r1024-k8192,superpoint,lightglue,1024,8192,486,100_0010_0042.JPG,100_0010_0044.JPG,1953,2253,935,554,0.5925133689839572,283.66615463389655,0.640625,0.625,0.9289056062698364,False,ok,0.01569240000389982
D2_111_nadir,superpoint-lightglue-r1024-k8192,superpoint,lightglue,1024,8192,487,100_0010_0042.JPG,100_0010_0045.JPG,1953,2556,655,376,0.5740458015267176,192.52432155657962,0.5,0.484375,0.9444796442985535,False,ok,0.018821999998181127
D2_111_nadir,superpoint-lightglue-r1024-k8192,superpoint,lightglue,1024,8192,488,100_0010_0042.JPG,100_0010_0046.JPG,1953,2839,328,187,0.5701219512195121,95.75012800819252,0.25,0.25,0.9275821447372437,False,ok,0.020687800002633594
D2_111_nadir,superpoint-lightglue-r1024-k8192,superpoint,lightglue,1024,8192,489,100_0010_0042.JPG,100_0010_0047.JPG,1953,3214,32,11,0.34375,5.6323604710701485,0.109375,0.078125,0.19732129573822021,True,ok,0.03484070000558859
D2_111_nadir,superpoint-lightglue-r1024-k8192,superpoint,lightglue,1024,8192,490,100_0010_0042.JPG,100_0010_0048.JPG,1953,3301,65,18,0.27692307692307694,9.216589861751151,0.140625,0.125,0.20932680368423462,False,ok,0.035981000000901986
D2_111_nadir,superpoint-lightglue-r1024-k8192,superpoint,lightglue,1024,8192,491,100_0010_0042.JPG,100_0010_0049.JPG,1953,3278,108,16,0.14814814814814814,8.19252432155658,0.171875,0.09375,0.22803479433059692,False,ok,0.05963509999855887
D2_111_nadir,superpoint-lightglue-r1024-k8192,superpoint,lightglue,1024,8192,492,100_0010_0042.JPG,100_0010_0050.JPG,1953,3225,75,11,0.14666666666666667,5.6323604710701485,0.140625,0.125,0.22731252014636993,True,ok,0.025071600000956096
D2_111_nadir,superpoint-lightglue-r1024-k8192,superpoint,lightglue,1024,8192,493,100_0010_0042.JPG,100_0010_0062.JPG,1953,2187,921,519,0.5635179153094463,265.74500768049154,0.65625,0.703125,0.9669401049613953,False,ok,0.015066200001456309
D2_111_nadir,superpoint-lightglue-r1024-k8192,superpoint,lightglue,1024,8192,494,100_0010_0042.JPG,100_0010_0063.JPG,1953,2101,907,552,0.6085997794928335,282.642089093702,0.75,0.75,0.971979022026062,False,ok,0.014637700005550869
D2_111_nadir,superpoint-lightglue-r1024-k8192,superpoint,lightglue,1024,8192,495,100_0010_0042.JPG,100_0010_0109.JPG,1953,3414,116,63,0.5431034482758621,32.25806451612903,0.09375,0.09375,0.84343421459198,False,ok,0.03425190000416478
D2_111_nadir,superpoint-lightglue-r1024-k8192,superpoint,lightglue,1024,8192,496,100_0010_0042.JPG,100_0010_0110.JPG,1953,3281,12,8,0.6666666666666666,4.09626216077829,0.09375,0.09375,0.1593223661184311,True,ok,0.06448539999837521
D2_111_nadir,superpoint-lightglue-r1024-k8192,superpoint,lightglue,1024,8192,497,100_0010_0042.JPG,100_0010_0111.JPG,1953,3150,42,14,0.3333333333333333,7.168458781362007,0.171875,0.109375,0.2276701182126999,True,ok,0.06692610000027344
D2_111_nadir,superpoint-lightglue-r1024-k8192,superpoint,lightglue,1024,8192,498,100_0010_0043.JPG,100_0010_0044.JPG,2023,2253,1322,823,0.6225416036308623,406.8215521502719,0.859375,0.875,0.9254177808761597,False,ok,0.016432000003987923
D2_111_nadir,superpoint-lightglue-r1024-k8192,superpoint,lightglue,1024,8192,499,100_0010_0043.JPG,100_0010_0045.JPG,2023,2556,1000,558,0.558,275.8279782501236,0.625,0.625,0.9531975388526917,False,ok,0.021141300007002428
D2_111_nadir,superpoint-lightglue-r1024-k8192,superpoint,lightglue,1024,8192,500,100_0010_0043.JPG,100_0010_0046.JPG,2023,2839,649,406,0.6255778120184899,200.69204152249134,0.5,0.5,0.9439184665679932,False,ok,0.020421000001078937
D2_111_nadir,superpoint-lightglue-r1024-k8192,superpoint,lightglue,1024,8192,501,100_0010_0043.JPG,100_0010_0047.JPG,2023,3214,326,191,0.5858895705521472,94.41423628274839,0.25,0.25,0.9153025150299072,False,ok,0.02058470000338275
D2_111_nadir,superpoint-lightglue-r1024-k8192,superpoint,lightglue,1024,8192,502,100_0010_0043.JPG,100_0010_0048.JPG,2023,3301,104,20,0.19230769230769232,9.886307464162135,0.15625,0.15625,0.2305469512939453,False,ok,0.02571449999959441
D2_111_nadir,superpoint-lightglue-r1024-k8192,superpoint,lightglue,1024,8192,503,100_0010_0043.JPG,100_0010_0049.JPG,2023,3278,83,16,0.1927710843373494,7.909045971329708,0.140625,0.09375,0.23615726828575134,False,ok,0.05217909999919357
D2_111_nadir,superpoint-lightglue-r1024-k8192,superpoint,lightglue,1024,8192,504,100_0010_0043.JPG,100_0010_0050.JPG,2023,3225,23,10,0.43478260869565216,4.9431537320810675,0.140625,0.0625,0.22190694510936737,True,ok,0.033220899997104425
D2_111_nadir,superpoint-lightglue-r1024-k8192,superpoint,lightglue,1024,8192,505,100_0010_0043.JPG,100_0010_0051.JPG,2023,3167,59,11,0.1864406779661017,5.437469105289175,0.125,0.125,0.2058998942375183,True,ok,0.027002799994079396
D2_111_nadir,superpoint-lightglue-r1024-k8192,superpoint,lightglue,1024,8192,506,100_0010_0043.JPG,100_0010_0060.JPG,2023,2854,736,414,0.5625,204.64656450815622,0.5625,0.5625,0.9624660611152649,False,ok,0.021321799998986535
D2_111_nadir,superpoint-lightglue-r1024-k8192,superpoint,lightglue,1024,8192,507,100_0010_0043.JPG,100_0010_0061.JPG,2023,2459,945,535,0.5661375661375662,264.4587246663371,0.65625,0.65625,0.9630565047264099,False,ok,0.017728799997712485
D2_111_nadir,superpoint-lightglue-r1024-k8192,superpoint,lightglue,1024,8192,508,100_0010_0043.JPG,100_0010_0062.JPG,2023,2187,962,569,0.5914760914760915,281.26544735541273,0.75,0.734375,0.9647834897041321,False,ok,0.016841799995745532
D2_111_nadir,superpoint-lightglue-r1024-k8192,superpoint,lightglue,1024,8192,509,100_0010_0043.JPG,100_0010_0109.JPG,2023,3414,317,160,0.5047318611987381,79.09045971329708,0.28125,0.25,0.9263767004013062,False,ok,0.025192599998263177
D2_111_nadir,superpoint-lightglue-r1024-k8192,superpoint,lightglue,1024,8192,510,100_0010_0043.JPG,100_0010_0110.JPG,2023,3281,178,82,0.4606741573033708,40.53386060306475,0.171875,0.15625,0.8515840768814087,False,ok,0.028291300004639197
D2_111_nadir,superpoint-lightglue-r1024-k8192,superpoint,lightglue,1024,8192,511,100_0010_0043.JPG,100_0010_0111.JPG,2023,3150,10,8,0.8,3.954522985664854,0.109375,0.109375,0.17199599742889404,True,ok,0.0603424000000814
D2_111_nadir,superpoint-lightglue-r1024-k8192,superpoint,lightglue,1024,8192,512,100_0010_0044.JPG,100_0010_0045.JPG,2253,2556,1545,896,0.5799352750809061,397.6919662671993,0.875,0.875,0.9577726721763611,False,ok,0.027370999996492174
D2_111_nadir,superpoint-lightglue-r1024-k8192,superpoint,lightglue,1024,8192,513,100_0010_0044.JPG,100_0010_0046.JPG,2253,2839,1175,689,0.5863829787234043,305.8144695960941,0.625,0.625,0.9400943517684937,False,ok,0.02299979999952484
D2_111_nadir,superpoint-lightglue-r1024-k8192,superpoint,lightglue,1024,8192,514,100_0010_0044.JPG,100_0010_0047.JPG,2253,3214,804,437,0.5435323383084577,193.9636040834443,0.484375,0.5,0.9364227056503296,False,ok,0.02379079999809619
D2_111_nadir,superpoint-lightglue-r1024-k8192,superpoint,lightglue,1024,8192,515,100_0010_0044.JPG,100_0010_0048.JPG,2253,3301,482,262,0.5435684647302904,116.28939192188193,0.25,0.25,0.913973331451416,False,ok,0.025725399995280895
D2_111_nadir,superpoint-lightglue-r1024-k8192,superpoint,lightglue,1024,8192,516,100_0010_0044.JPG,100_0010_0049.JPG,2253,3278,38,15,0.39473684210526316,6.657789613848203,0.125,0.09375,0.18082018196582794,False,ok,0.059462199998961296
D2_111_nadir,superpoint-lightglue-r1024-k8192,superpoint,lightglue,1024,8192,517,100_0010_0044.JPG,100_0010_0050.JPG,2253,3225,39,13,0.3333333333333333,5.770084332001775,0.171875,0.125,0.2467688024044037,True,ok,0.040247199998702854
D2_111_nadir,superpoint-lightglue-r1024-k8192,superpoint,lightglue,1024,8192,518,100_0010_0044.JPG,100_0010_0051.JPG,2253,3167,47,13,0.2765957446808511,5.770084332001775,0.09375,0.078125,0.21147571504116058,True,ok,0.03313120000530034
D2_111_nadir,superpoint-lightglue-r1024-k8192,superpoint,lightglue,1024,8192,519,100_0010_0044.JPG,100_0010_0052.JPG,2253,3025,43,10,0.23255813953488372,4.438526409232135,0.125,0.140625,0.21971534192562103,True,ok,0.021197800000663847
D2_111_nadir,superpoint-lightglue-r1024-k8192,superpoint,lightglue,1024,8192,520,100_0010_0044.JPG,100_0010_0059.JPG,2253,3204,947,543,0.573389651531151,241.01198402130493,0.5625,0.5625,0.9530543684959412,False,ok,0.021106600004713982
D2_111_nadir,superpoint-lightglue-r1024-k8192,superpoint,lightglue,1024,8192,521,100_0010_0044.JPG,100_0010_0060.JPG,2253,2854,1100,642,0.5836363636363636,284.95339547270305,0.65625,0.65625,0.9570751786231995,False,ok,0.020608300001185853
D2_111_nadir,superpoint-lightglue-r1024-k8192,superpoint,lightglue,1024,8192,522,100_0010_0044.JPG,100_0010_0061.JPG,2253,2459,1024,599,0.5849609375,265.8677319130049,0.75,0.75,0.9567478895187378,False,ok,0.01961250000022119
D2_111_nadir,superpoint-lightglue-r1024-k8192,superpoint,lightglue,1024,8192,523,100_0010_0044.JPG,100_0010_0110.JPG,2253,3281,464,238,0.5129310344827587,105.6369285397248,0.328125,0.3125,0.9177525043487549,False,ok,0.022711199999321252
D2_111_nadir,superpoint-lightglue-r1024-k8192,superpoint,lightglue,1024,8192,524,100_0010_0044.JPG,100_0010_0111.JPG,2253,3150,387,195,0.5038759689922481,86.55126498002663,0.25,0.234375,0.9297571182250977,False,ok,0.023593200006871484
D2_111_nadir,superpoint-lightglue-r1024-k8192,superpoint,lightglue,1024,8192,525,100_0010_0045.JPG,100_0010_0046.JPG,2556,2839,1736,1047,0.603110599078341,409.6244131455399,0.859375,0.875,0.9359894394874573,False,ok,0.02167130000452744
D2_111_nadir,superpoint-lightglue-r1024-k8192,superpoint,lightglue,1024,8192,526,100_0010_0045.JPG,100_0010_0047.JPG,2556,3214,1364,850,0.6231671554252199,332.5508607198748,0.625,0.625,0.9256174564361572,False,ok,0.024609400003100745
D2_111_nadir,superpoint-lightglue-r1024-k8192,superpoint,lightglue,1024,8192,527,100_0010_0045.JPG,100_0010_0048.JPG,2556,3301,1025,589,0.5746341463414634,230.4381846635368,0.5,0.5,0.9347721338272095,False,ok,0.027005600000848062
D2_111_nadir,superpoint-lightglue-r1024-k8192,superpoint,lightglue,1024,8192,528,100_0010_0045.JPG,100_0010_0049.JPG,2556,3278,552,288,0.5217391304347826,112.67605633802818,0.25,0.25,0.9236593246459961,False,ok,0.027533599997696
D2_111_nadir,superpoint-lightglue-r1024-k8192,superpoint,lightglue,1024,8192,529,100_0010_0045.JPG,100_0010_0050.JPG,2556,3225,34,12,0.35294117647058826,4.694835680751174,0.140625,0.09375,0.24423545598983765,True,ok,0.04756759999872884
D2_111_nadir,superpoint-lightglue-r1024-k8192,superpoint,lightglue,1024,8192,530,100_0010_0045.JPG,100_0010_0051.JPG,2556,3167,42,18,0.42857142857142855,7.042253521126761,0.09375,0.078125,0.20856605470180511,False,ok,0.038529299999936484
D2_111_nadir,superpoint-lightglue-r1024-k8192,superpoint,lightglue,1024,8192,531,100_0010_0045.JPG,100_0010_0052.JPG,2556,3025,46,10,0.21739130434782608,3.912363067292645,0.140625,0.125,0.2093466818332672,True,ok,0.02313700000377139
D2_111_nadir,superpoint-lightglue-r1024-k8192,superpoint,lightglue,1024,8192,532,100_0010_0045.JPG,100_0010_0053.JPG,2556,3003,45,10,0.2222222222222222,3.912363067292645,0.15625,0.140625,0.2167036086320877,True,ok,0.02210919999924954
D2_111_nadir,superpoint-lightglue-r1024-k8192,superpoint,lightglue,1024,8192,533,100_0010_0045.JPG,100_0010_0058.JPG,2556,3546,1125,627,0.5573333333333333,245.30516431924883,0.5625,0.5625,0.9433706402778625,False,ok,0.023317099999985658
D2_111_nadir,superpoint-lightglue-r1024-k8192,superpoint,lightglue,1024,8192,534,100_0010_0045.JPG,100_0010_0059.JPG,2556,3204,1313,753,0.5734958111195735,294.60093896713613,0.6875,0.6875,0.9544808864593506,False,ok,0.021811499995237682
D2_111_nadir,superpoint-lightglue-r1024-k8192,superpoint,lightglue,1024,8192,535,100_0010_0045.JPG,100_0010_0060.JPG,2556,2854,1227,729,0.5941320293398533,285.2112676056338,0.75,0.734375,0.9555988311767578,False,ok,0.020974999999452848
D2_111_nadir,superpoint-lightglue-r1024-k8192,superpoint,lightglue,1024,8192,536,100_0010_0045.JPG,100_0010_0110.JPG,2556,3281,666,311,0.466966966966967,121.67449139280126,0.546875,0.40625,0.9104060530662537,False,ok,0.024854300005245022
D2_111_nadir,superpoint-lightglue-r1024-k8192,superpoint,lightglue,1024,8192,537,100_0010_0045.JPG,100_0010_0111.JPG,2556,3150,715,374,0.5230769230769231,146.3223787167449,0.421875,0.328125,0.9249564409255981,False,ok,0.027296399995975662
D2_111_nadir,superpoint-lightglue-r1024-k8192,superpoint,lightglue,1024,8192,538,100_0010_0046.JPG,100_0010_0047.JPG,2839,3214,2054,1259,0.612950340798442,443.4660091581543,0.875,0.875,0.9429659247398376,False,ok,0.027939799998421222
D2_111_nadir,superpoint-lightglue-r1024-k8192,superpoint,lightglue,1024,8192,539,100_0010_0046.JPG,100_0010_0048.JPG,2839,3301,1628,904,0.5552825552825553,318.4219795702712,0.625,0.625,0.944543182849884,False,ok,0.03489619999891147
D2_111_nadir,superpoint-lightglue-r1024-k8192,superpoint,lightglue,1024,8192,540,100_0010_0046.JPG,100_0010_0049.JPG,2839,3278,1144,634,0.5541958041958042,223.3180697428672,0.5,0.5,0.9194297790527344,False,ok,0.025949499999114778
D2_111_nadir,superpoint-lightglue-r1024-k8192,superpoint,lightglue,1024,8192,541,100_0010_0046.JPG,100_0010_0050.JPG,2839,3225,614,303,0.49348534201954397,106.72772102853118,0.25,0.25,0.8767449855804443,False,ok,0.03498379999655299
D2_111_nadir,superpoint-lightglue-r1024-k8192,superpoint,lightglue,1024,8192,542,100_0010_0046.JPG,100_0010_0051.JPG,2839,3167,227,104,0.4581497797356828,36.63261711870377,0.125,0.125,0.7296119332313538,False,ok,0.051340400001208764
D2_111_nadir,superpoint-lightglue-r1024-k8192,superpoint,lightglue,1024,8192,543,100_0010_0046.JPG,100_0010_0052.JPG,2839,3025,229,108,0.47161572052401746,38.04156393096161,0.109375,0.125,0.8224841952323914,False,ok,0.03886310000234516
D2_111_nadir,superpoint-lightglue-r1024-k8192,superpoint,lightglue,1024,8192,544,100_0010_0046.JPG,100_0010_0053.JPG,2839,3003,217,88,0.4055299539170507,30.99682986967242,0.109375,0.09375,0.8114439845085144,False,ok,0.039741999993566424
D2_111_nadir,superpoint-lightglue-r1024-k8192,superpoint,lightglue,1024,8192,545,100_0010_0046.JPG,100_0010_0054.JPG,2839,2969,228,99,0.4342105263157895,34.87143360338147,0.109375,0.09375,0.8327866792678833,False,ok,0.033503400001791306
D2_111_nadir,superpoint-lightglue-r1024-k8192,superpoint,lightglue,1024,8192,546,100_0010_0046.JPG,100_0010_0057.JPG,2839,3697,1306,753,0.5765696784073507,265.2342374075379,0.5625,0.5625,0.934334397315979,False,ok,0.03306180000072345
D2_111_nadir,superpoint-lightglue-r1024-k8192,superpoint,lightglue,1024,8192,547,100_0010_0046.JPG,100_0010_0058.JPG,2839,3546,1534,889,0.5795306388526728,313.13842902430434,0.703125,0.6875,0.9422040581703186,False,ok,0.02453570000216132
D2_111_nadir,superpoint-lightglue-r1024-k8192,superpoint,lightglue,1024,8192,548,100_0010_0046.JPG,100_0010_0059.JPG,2839,3204,1441,821,0.5697432338653713,289.1863332159211,0.75,0.75,0.9541440010070801,False,ok,0.024149400000169408
D2_111_nadir,superpoint-lightglue-r1024-k8192,superpoint,lightglue,1024,8192,549,100_0010_0046.JPG,100_0010_0060.JPG,2839,2854,1020,583,0.5715686274509804,205.35399788657978,0.546875,0.5625,0.9489584565162659,False,ok,0.01981079999677604
D2_111_nadir,superpoint-lightglue-r1024-k8192,superpoint,lightglue,1024,8192,550,100_0010_0046.JPG,100_0010_0111.JPG,2839,3150,1024,490,0.478515625,172.59598450158506,0.609375,0.453125,0.9073772430419922,False,ok,0.027825700002722442
D2_111_nadir,superpoint-lightglue-r1024-k8192,superpoint,lightglue,1024,8192,551,100_0010_0047.JPG,100_0010_0048.JPG,3214,3301,2247,1222,0.5438362260792168,380.21157436216555,0.875,0.875,0.9045006632804871,False,ok,0.03654780000215396
D2_111_nadir,superpoint-lightglue-r1024-k8192,superpoint,lightglue,1024,8192,552,100_0010_0047.JPG,100_0010_0049.JPG,3214,3278,1709,922,0.5394967817437097,286.8699439950218,0.625,0.625,0.8857828974723816,False,ok,0.034858500002883375
D2_111_nadir,superpoint-lightglue-r1024-k8192,superpoint,lightglue,1024,8192,553,100_0010_0047.JPG,100_0010_0050.JPG,3214,3225,1177,516,0.43840271877655057,160.54760423148724,0.5,0.5,0.835728108882904,False,ok,0.03758410000591539
D2_111_nadir,superpoint-lightglue-r1024-k8192,superpoint,lightglue,1024,8192,554,100_0010_0047.JPG,100_0010_0051.JPG,3214,3167,740,343,0.4635135135135135,108.30438901168299,0.328125,0.359375,0.8175494074821472,False,ok,0.03371139999944717
D2_111_nadir,superpoint-lightglue-r1024-k8192,superpoint,lightglue,1024,8192,555,100_0010_0047.JPG,100_0010_0052.JPG,3214,3025,697,325,0.46628407460545196,107.43801652892562,0.359375,0.328125,0.8144816756248474,False,ok,0.031655400001909584
D2_111_nadir,superpoint-lightglue-r1024-k8192,superpoint,lightglue,1024,8192,556,100_0010_0047.JPG,100_0010_0053.JPG,3214,3003,630,309,0.49047619047619045,102.8971028971029,0.3125,0.3125,0.8199357390403748,False,ok,0.03327669999998761
D2_111_nadir,superpoint-lightglue-r1024-k8192,superpoint,lightglue,1024,8192,557,100_0010_0047.JPG,100_0010_0054.JPG,3214,2969,617,293,0.47487844408427876,98.68642640619737,0.28125,0.28125,0.827942430973053,False,ok,0.0332027000040398
D2_111_nadir,superpoint-lightglue-r1024-k8192,superpoint,lightglue,1024,8192,558,100_0010_0047.JPG,100_0010_0055.JPG,3214,3226,1040,543,0.5221153846153846,168.9483509645302,0.40625,0.390625,0.8872426152229309,False,ok,0.03468220000650035
D2_111_nadir,superpoint-lightglue-r1024-k8192,superpoint,lightglue,1024,8192,559,100_0010_0047.JPG,100_0010_0056.JPG,3214,3588,1449,793,0.5472739820565907,246.73304293714997,0.5625,0.5625,0.8930832743644714,False,ok,0.03535740000370424
D2_111_nadir,superpoint-lightglue-r1024-k8192,superpoint,lightglue,1024,8192,560,100_0010_0047.JPG,100_0010_0057.JPG,3214,3697,1692,972,0.574468085106383,302.4268823895457,0.65625,0.671875,0.9130986928939819,False,ok,0.04224080000130925
D2_111_nadir,superpoint-lightglue-r1024-k8192,superpoint,lightglue,1024,8192,561,100_0010_0047.JPG,100_0010_0058.JPG,3214,3546,1643,942,0.5733414485696896,293.09271935283135,0.734375,0.75,0.9290865659713745,False,ok,0.03380209999886574
D2_111_nadir,superpoint-lightglue-r1024-k8192,superpoint,lightglue,1024,8192,562,100_0010_0047.JPG,100_0010_0059.JPG,3214,3204,1179,663,0.5623409669211196,206.92883895131087,0.5625,0.5625,0.9382967352867126,False,ok,0.028782699999283068
D2_111_nadir,superpoint-lightglue-r1024-k8192,superpoint,lightglue,1024,8192,563,100_0010_0048.JPG,100_0010_0049.JPG,3301,3278,2258,1230,0.5447298494242693,375.22879804759,0.875,0.875,0.8870357871055603,False,ok,0.03651069999614265
D2_111_nadir,superpoint-lightglue-r1024-k8192,superpoint,lightglue,1024,8192,564,100_0010_0048.JPG,100_0010_0050.JPG,3301,3225,1639,814,0.4966442953020134,252.4031007751938,0.625,0.625,0.8701686263084412,False,ok,0.030929799999285024
D2_111_nadir,superpoint-lightglue-r1024-k8192,superpoint,lightglue,1024,8192,565,100_0010_0048.JPG,100_0010_0051.JPG,3301,3167,1194,573,0.4798994974874372,180.92832333438585,0.5,0.5,0.8363506197929382,False,ok,0.031156199998804368
D2_111_nadir,superpoint-lightglue-r1024-k8192,superpoint,lightglue,1024,8192,566,100_0010_0048.JPG,100_0010_0052.JPG,3301,3025,1089,520,0.47750229568411384,171.900826446281,0.46875,0.4375,0.8360463976860046,False,ok,0.029095799996866845
D2_111_nadir,superpoint-lightglue-r1024-k8192,superpoint,lightglue,1024,8192,567,100_0010_0048.JPG,100_0010_0053.JPG,3301,3003,954,443,0.4643605870020964,147.5191475191475,0.40625,0.375,0.8410171866416931,False,ok,0.027854500003741123
D2_111_nadir,superpoint-lightglue-r1024-k8192,superpoint,lightglue,1024,8192,568,100_0010_0048.JPG,100_0010_0054.JPG,3301,2969,937,471,0.5026680896478122,158.63927248231727,0.375,0.375,0.8421453833580017,False,ok,0.029499399999622256
D2_111_nadir,superpoint-lightglue-r1024-k8192,superpoint,lightglue,1024,8192,569,100_0010_0048.JPG,100_0010_0055.JPG,3301,3226,1361,740,0.5437178545187362,229.38623682579046,0.5625,0.5625,0.8905450105667114,False,ok,0.03154070000164211
D2_111_nadir,superpoint-lightglue-r1024-k8192,superpoint,lightglue,1024,8192,570,100_0010_0048.JPG,100_0010_0056.JPG,3301,3588,1755,1023,0.582905982905983,309.90608906392004,0.671875,0.6875,0.9115410447120667,False,ok,0.039980699999432545
D2_111_nadir,superpoint-lightglue-r1024-k8192,superpoint,lightglue,1024,8192,571,100_0010_0048.JPG,100_0010_0057.JPG,3301,3697,1811,1056,0.5831032578685809,319.9030596788852,0.75,0.734375,0.9139857888221741,False,ok,0.03798580000147922
D2_111_nadir,superpoint-lightglue-r1024-k8192,superpoint,lightglue,1024,8192,572,100_0010_0048.JPG,100_0010_0058.JPG,3301,3546,1419,790,0.5567300916138126,239.3214177521963,0.5625,0.5625,0.9226148128509521,False,ok,0.030256099998950958
D2_111_nadir,superpoint-lightglue-r1024-k8192,superpoint,lightglue,1024,8192,573,100_0010_0049.JPG,100_0010_0050.JPG,3278,3225,2131,1083,0.5082121069920226,335.8139534883721,0.875,0.875,0.8957974314689636,False,ok,0.03915710000001127
D2_111_nadir,superpoint-lightglue-r1024-k8192,superpoint,lightglue,1024,8192,574,100_0010_0049.JPG,100_0010_0051.JPG,3278,3167,1693,869,0.5132900177200236,274.3921692453426,0.734375,0.75,0.8635140061378479,False,ok,0.03277979999984382
D2_111_nadir,superpoint-lightglue-r1024-k8192,superpoint,lightglue,1024,8192,575,100_0010_0049.JPG,100_0010_0052.JPG,3278,3025,1499,747,0.4983322214809873,246.94214876033058,0.640625,0.65625,0.8713681697845459,False,ok,0.03260449999652337
D2_111_nadir,superpoint-lightglue-r1024-k8192,superpoint,lightglue,1024,8192,576,100_0010_0049.JPG,100_0010_0053.JPG,3278,3003,1329,690,0.5191873589164786,229.77022977022978,0.5625,0.5625,0.8757623434066772,False,ok,0.030990799998107832
D2_111_nadir,superpoint-lightglue-r1024-k8192,superpoint,lightglue,1024,8192,577,100_0010_0049.JPG,100_0010_0054.JPG,3278,2969,1306,692,0.5298621745788668,233.07510946446615,0.5625,0.5625,0.8805878758430481,False,ok,0.03408330000092974
D2_111_nadir,superpoint-lightglue-r1024-k8192,superpoint,lightglue,1024,8192,578,100_0010_0049.JPG,100_0010_0055.JPG,3278,3226,1706,1038,0.608440797186401,321.7606943583385,0.6875,0.703125,0.9006116986274719,False,ok,0.034691799999563955
D2_111_nadir,superpoint-lightglue-r1024-k8192,superpoint,lightglue,1024,8192,579,100_0010_0049.JPG,100_0010_0056.JPG,3278,3588,1787,1019,0.570229434806939,310.8602806589384,0.734375,0.75,0.9062113165855408,False,ok,0.04249269999854732
D2_111_nadir,superpoint-lightglue-r1024-k8192,superpoint,lightglue,1024,8192,580,100_0010_0049.JPG,100_0010_0057.JPG,3278,3697,1475,811,0.5498305084745763,247.40695546064674,0.5625,0.5625,0.8958731889724731,False,ok,0.03602510000200709
D2_111_nadir,superpoint-lightglue-r1024-k8192,superpoint,lightglue,1024,8192,581,100_0010_0050.JPG,100_0010_0051.JPG,3225,3167,2215,1268,0.5724604966139955,400.3789074834228,0.875,0.875,0.8903865814208984,False,ok,0.046992100003990345
D2_111_nadir,superpoint-lightglue-r1024-k8192,superpoint,lightglue,1024,8192,582,100_0010_0050.JPG,100_0010_0052.JPG,3225,3025,1936,1132,0.5847107438016529,374.21487603305786,0.765625,0.765625,0.892015814781189,False,ok,0.033888400001160335
D2_111_nadir,superpoint-lightglue-r1024-k8192,superpoint,lightglue,1024,8192,583,100_0010_0050.JPG,100_0010_0053.JPG,3225,3003,1687,978,0.5797273266152935,325.6743256743257,0.65625,0.65625,0.8979812860488892,False,ok,0.03480550000676885
D2_111_nadir,superpoint-lightglue-r1024-k8192,superpoint,lightglue,1024,8192,584,100_0010_0050.JPG,100_0010_0054.JPG,3225,2969,1625,923,0.568,310.8790838666218,0.65625,0.65625,0.8943125009536743,False,ok,0.04006099999969592
D2_111_nadir,superpoint-lightglue-r1024-k8192,superpoint,lightglue,1024,8192,585,100_0010_0050.JPG,100_0010_0055.JPG,3225,3226,1730,1015,0.5867052023121387,314.72868217054264,0.75,0.75,0.8975719809532166,False,ok,0.036796899999899324
D2_111_nadir,superpoint-lightglue-r1024-k8192,superpoint,lightglue,1024,8192,586,100_0010_0050.JPG,100_0010_0056.JPG,3225,3588,1415,748,0.5286219081272084,231.93798449612405,0.5625,0.5625,0.8797862529754639,False,ok,0.038736500006052665
D2_111_nadir,superpoint-lightglue-r1024-k8192,superpoint,lightglue,1024,8192,587,100_0010_0050.JPG,100_0010_0057.JPG,3225,3697,1055,492,0.4663507109004739,152.5581395348837,0.453125,0.453125,0.851176917552948,False,ok,0.03539509999973234
D2_111_nadir,superpoint-lightglue-r1024-k8192,superpoint,lightglue,1024,8192,588,100_0010_0050.JPG,100_0010_0058.JPG,3225,3546,683,339,0.49633967789165445,105.11627906976744,0.28125,0.28125,0.8696994781494141,False,ok,0.029755600000498816
D2_111_nadir,superpoint-lightglue-r1024-k8192,superpoint,lightglue,1024,8192,589,100_0010_0051.JPG,100_0010_0052.JPG,3167,3025,2161,1288,0.5960203609440075,425.78512396694214,0.875,0.875,0.899992823600769,False,ok,0.038707600004272535
D2_111_nadir,superpoint-lightglue-r1024-k8192,superpoint,lightglue,1024,8192,590,100_0010_0051.JPG,100_0010_0053.JPG,3167,3003,1850,1072,0.5794594594594594,356.97635697635695,0.75,0.75,0.8942691683769226,False,ok,0.03248109999549342
D2_111_nadir,superpoint-lightglue-r1024-k8192,superpoint,lightglue,1024,8192,591,100_0010_0051.JPG,100_0010_0054.JPG,3167,2969,1790,1069,0.5972067039106145,360.0538901987201,0.75,0.75,0.9005001187324524,False,ok,0.0348154000021168
D2_111_nadir,superpoint-lightglue-r1024-k8192,superpoint,lightglue,1024,8192,592,100_0010_0051.JPG,100_0010_0055.JPG,3167,3226,1421,759,0.5341308937368051,239.65898326491947,0.640625,0.65625,0.8758664131164551,False,ok,0.034555900005216245
D2_111_nadir,superpoint-lightglue-r1024-k8192,superpoint,lightglue,1024,8192,593,100_0010_0051.JPG,100_0010_0056.JPG,3167,3588,1082,524,0.48428835489833644,165.45626776128827,0.46875,0.46875,0.8481366634368896,False,ok,0.030663799996546004
D2_111_nadir,superpoint-lightglue-r1024-k8192,superpoint,lightglue,1024,8192,594,100_0010_0051.JPG,100_0010_0057.JPG,3167,3697,748,272,0.36363636363636365,85.88569624250079,0.265625,0.3125,0.8277134895324707,False,ok,0.033068299999285955
D2_111_nadir,superpoint-lightglue-r1024-k8192,superpoint,lightglue,1024,8192,595,100_0010_0051.JPG,100_0010_0058.JPG,3167,3546,379,179,0.47229551451187335,56.520366277233975,0.171875,0.1875,0.8142087459564209,False,ok,0.0372505999985151
D2_111_nadir,superpoint-lightglue-r1024-k8192,superpoint,lightglue,1024,8192,596,100_0010_0051.JPG,100_0010_0059.JPG,3167,3204,27,9,0.3333333333333333,2.841806125670982,0.140625,0.09375,0.16728755831718445,True,ok,0.03286939999816241
D2_111_nadir,superpoint-lightglue-r1024-k8192,superpoint,lightglue,1024,8192,597,100_0010_0052.JPG,100_0010_0053.JPG,3025,3003,2173,1320,0.6074551311550851,439.56043956043953,0.90625,0.875,0.9015184044837952,False,ok,0.04165119999379385
D2_111_nadir,superpoint-lightglue-r1024-k8192,superpoint,lightglue,1024,8192,598,100_0010_0052.JPG,100_0010_0054.JPG,3025,2969,2096,1262,0.6020992366412213,425.05894240485014,0.875,0.875,0.9060105085372925,False,ok,0.03747560000192607
D2_111_nadir,superpoint-lightglue-r1024-k8192,superpoint,lightglue,1024,8192,599,100_0010_0052.JPG,100_0010_0055.JPG,3025,3226,1682,918,0.5457788347205708,303.4710743801653,0.765625,0.765625,0.8767297863960266,False,ok,0.03387690000090515
D2_111_nadir,superpoint-lightglue-r1024-k8192,superpoint,lightglue,1024,8192,600,100_0010_0052.JPG,100_0010_0056.JPG,3025,3588,1291,629,0.4872192099147947,207.93388429752065,0.546875,0.546875,0.852130115032196,False,ok,0.03509529999428196
D2_111_nadir,superpoint-lightglue-r1024-k8192,superpoint,lightglue,1024,8192,601,100_0010_0052.JPG,100_0010_0057.JPG,3025,3697,931,428,0.4597207303974221,141.48760330578511,0.40625,0.421875,0.834973931312561,False,ok,0.03385520000301767
D2_111_nadir,superpoint-lightglue-r1024-k8192,superpoint,lightglue,1024,8192,602,100_0010_0052.JPG,100_0010_0058.JPG,3025,3546,478,220,0.4602510460251046,72.72727272727273,0.21875,0.21875,0.7727264165878296,False,ok,0.029013400002440903
D2_111_nadir,superpoint-lightglue-r1024-k8192,superpoint,lightglue,1024,8192,603,100_0010_0052.JPG,100_0010_0059.JPG,3025,3204,51,11,0.21568627450980393,3.6363636363636362,0.140625,0.109375,0.19956906139850616,True,ok,0.024996700005431194
D2_111_nadir,superpoint-lightglue-r1024-k8192,superpoint,lightglue,1024,8192,604,100_0010_0052.JPG,100_0010_0060.JPG,3025,2854,50,10,0.2,3.50385423966363,0.125,0.109375,0.20310716331005096,True,ok,0.024442500005534384
D2_111_nadir,superpoint-lightglue-r1024-k8192,superpoint,lightglue,1024,8192,605,100_0010_0052.JPG,100_0010_0084.JPG,3025,2806,1096,637,0.5812043795620438,227.01354240912332,0.625,0.625,0.8942039012908936,False,ok,0.028727800003252923
D2_111_nadir,superpoint-lightglue-r1024-k8192,superpoint,lightglue,1024,8192,606,100_0010_0052.JPG,100_0010_0085.JPG,3025,2774,1148,689,0.6001742160278746,248.3777937995674,0.625,0.625,0.9011521935462952,False,ok,0.03178299999854062
D2_111_nadir,superpoint-lightglue-r1024-k8192,superpoint,lightglue,1024,8192,607,100_0010_0053.JPG,100_0010_0054.JPG,3003,2969,2426,1463,0.6030502885408079,492.75850454698553,1.0,1.0,0.9023236036300659,False,ok,0.04230200000165496
D2_111_nadir,superpoint-lightglue-r1024-k8192,superpoint,lightglue,1024,8192,608,100_0010_0053.JPG,100_0010_0055.JPG,3003,3226,1886,1016,0.5387062566277837,338.3283383283383,0.84375,0.859375,0.8732237815856934,False,ok,0.038099899997178
D2_111_nadir,superpoint-lightglue-r1024-k8192,superpoint,lightglue,1024,8192,609,100_0010_0053.JPG,100_0010_0056.JPG,3003,3588,1459,698,0.47840986977381766,232.43423243423243,0.625,0.625,0.8531906604766846,False,ok,0.036121699995419476
D2_111_nadir,superpoint-lightglue-r1024-k8192,superpoint,lightglue,1024,8192,610,100_0010_0053.JPG,100_0010_0057.JPG,3003,3697,1040,513,0.4932692307692308,170.82917082917083,0.484375,0.484375,0.8413861393928528,False,ok,0.038730100000975654
D2_111_nadir,superpoint-lightglue-r1024-k8192,superpoint,lightglue,1024,8192,611,100_0010_0053.JPG,100_0010_0058.JPG,3003,3546,554,234,0.4223826714801444,77.92207792207792,0.25,0.25,0.7987134456634521,False,ok,0.03265319999627536
D2_111_nadir,superpoint-lightglue-r1024-k8192,superpoint,lightglue,1024,8192,612,100_0010_0053.JPG,100_0010_0059.JPG,3003,3204,38,9,0.23684210526315788,2.997002997002997,0.125,0.140625,0.2304152399301529,True,ok,0.02403739999863319
D2_111_nadir,superpoint-lightglue-r1024-k8192,superpoint,lightglue,1024,8192,613,100_0010_0053.JPG,100_0010_0060.JPG,3003,2854,48,10,0.20833333333333334,3.50385423966363,0.125,0.15625,0.20892566442489624,True,ok,0.02207520000229124
D2_111_nadir,superpoint-lightglue-r1024-k8192,superpoint,lightglue,1024,8192,614,100_0010_0053.JPG,100_0010_0061.JPG,3003,2459,42,9,0.21428571428571427,3.660024400162668,0.09375,0.125,0.21681781113147736,True,ok,0.02116340000065975
D2_111_nadir,superpoint-lightglue-r1024-k8192,superpoint,lightglue,1024,8192,615,100_0010_0053.JPG,100_0010_0083.JPG,3003,3109,1064,582,0.5469924812030075,193.80619380619382,0.5625,0.5625,0.8867179751396179,False,ok,0.034570700001495425
D2_111_nadir,superpoint-lightglue-r1024-k8192,superpoint,lightglue,1024,8192,616,100_0010_0053.JPG,100_0010_0084.JPG,3003,2806,1319,751,0.5693707354056103,267.6407697790449,0.75,0.75,0.8895797729492188,False,ok,0.03160119999665767
D2_111_nadir,superpoint-lightglue-r1024-k8192,superpoint,lightglue,1024,8192,617,100_0010_0053.JPG,100_0010_0085.JPG,3003,2774,1409,835,0.5926188786373314,301.0093727469358,0.75,0.75,0.8954582810401917,False,ok,0.03307440000207862
D2_111_nadir,superpoint-lightglue-r1024-k8192,superpoint,lightglue,1024,8192,618,100_0010_0054.JPG,100_0010_0055.JPG,2969,3226,1920,1040,0.5416666666666666,350.2862916807006,0.84375,0.859375,0.882357656955719,False,ok,0.03560950000246521
D2_111_nadir,superpoint-lightglue-r1024-k8192,superpoint,lightglue,1024,8192,619,100_0010_0054.JPG,100_0010_0056.JPG,2969,3588,1469,724,0.4928522804628999,243.8531492084877,0.625,0.625,0.8554474711418152,False,ok,0.03292900000087684
D2_111_nadir,superpoint-lightglue-r1024-k8192,superpoint,lightglue,1024,8192,620,100_0010_0054.JPG,100_0010_0057.JPG,2969,3697,1067,521,0.48828491096532334,175.47995958235097,0.46875,0.5,0.8540167212486267,False,ok,0.03894629999558674
D2_111_nadir,superpoint-lightglue-r1024-k8192,superpoint,lightglue,1024,8192,621,100_0010_0054.JPG,100_0010_0058.JPG,2969,3546,571,284,0.4973730297723292,95.65510272819131,0.25,0.25,0.8082467913627625,False,ok,0.03298089999589138
D2_111_nadir,superpoint-lightglue-r1024-k8192,superpoint,lightglue,1024,8192,622,100_0010_0054.JPG,100_0010_0059.JPG,2969,3204,34,9,0.2647058823529412,3.031323678006063,0.140625,0.109375,0.2043142318725586,True,ok,0.025080800005525816
D2_111_nadir,superpoint-lightglue-r1024-k8192,superpoint,lightglue,1024,8192,623,100_0010_0054.JPG,100_0010_0060.JPG,2969,2854,50,10,0.2,3.50385423966363,0.125,0.140625,0.2074514776468277,True,ok,0.023213000000396278
D2_111_nadir,superpoint-lightglue-r1024-k8192,superpoint,lightglue,1024,8192,624,100_0010_0054.JPG,100_0010_0061.JPG,2969,2459,54,11,0.2037037037037037,4.473363155754372,0.125,0.171875,0.22721287608146667,True,ok,0.024446500006888527
D2_111_nadir,superpoint-lightglue-r1024-k8192,superpoint,lightglue,1024,8192,625,100_0010_0054.JPG,100_0010_0062.JPG,2969,2187,45,9,0.2,4.11522633744856,0.140625,0.125,0.17567060887813568,True,ok,0.01878690000012284
D2_111_nadir,superpoint-lightglue-r1024-k8192,superpoint,lightglue,1024,8192,626,100_0010_0054.JPG,100_0010_0083.JPG,2969,3109,1103,599,0.543064369900272,201.75143145840352,0.5625,0.5625,0.87205970287323,False,ok,0.029149499998311512
D2_111_nadir,superpoint-lightglue-r1024-k8192,superpoint,lightglue,1024,8192,627,100_0010_0054.JPG,100_0010_0084.JPG,2969,2806,1349,798,0.5915492957746479,284.39059158945116,0.75,0.75,0.9036319851875305,False,ok,0.030067699997744057
D2_111_nadir,superpoint-lightglue-r1024-k8192,superpoint,lightglue,1024,8192,628,100_0010_0054.JPG,100_0010_0085.JPG,2969,2774,1462,853,0.5834473324213406,307.4981975486662,0.75,0.75,0.8930228352546692,False,ok,0.03426069999841275
D2_111_nadir,superpoint-lightglue-r1024-k8192,superpoint,lightglue,1024,8192,629,100_0010_0054.JPG,100_0010_0086.JPG,2969,2832,1011,590,0.5835806132542037,208.33333333333334,0.625,0.625,0.8995046019554138,False,ok,0.03537589999905322
D2_111_nadir,superpoint-lightglue-r1024-k8192,superpoint,lightglue,1024,8192,630,100_0010_0054.JPG,100_0010_0087.JPG,2969,2947,790,437,0.5531645569620253,148.2863929419749,0.5,0.5,0.8879157900810242,False,ok,0.03918990000238409
D2_111_nadir,superpoint-lightglue-r1024-k8192,superpoint,lightglue,1024,8192,631,100_0010_0054.JPG,100_0010_0088.JPG,2969,2936,741,416,0.5614035087719298,141.68937329700273,0.5,0.5,0.8945040702819824,False,ok,0.03877440000360366
D2_111_nadir,superpoint-lightglue-r1024-k8192,superpoint,lightglue,1024,8192,632,100_0010_0055.JPG,100_0010_0056.JPG,3226,3588,2224,1124,0.5053956834532374,348.41909485430875,0.875,0.875,0.8908348679542542,False,ok,0.04588330000115093
D2_111_nadir,superpoint-lightglue-r1024-k8192,superpoint,lightglue,1024,8192,633,100_0010_0055.JPG,100_0010_0057.JPG,3226,3697,1766,944,0.5345413363533409,292.62244265344077,0.625,0.65625,0.8722566962242126,False,ok,0.034737699999823235
D2_111_nadir,superpoint-lightglue-r1024-k8192,superpoint,lightglue,1024,8192,634,100_0010_0055.JPG,100_0010_0058.JPG,3226,3546,1219,614,0.5036915504511895,190.32858028518288,0.5,0.5,0.8871868252754211,False,ok,0.03274960000271676
D2_111_nadir,superpoint-lightglue-r1024-k8192,superpoint,lightglue,1024,8192,635,100_0010_0055.JPG,100_0010_0059.JPG,3226,3204,636,335,0.5267295597484277,104.55680399500625,0.25,0.265625,0.8755953907966614,False,ok,0.0288423000019975
D2_111_nadir,superpoint-lightglue-r1024-k8192,superpoint,lightglue,1024,8192,636,100_0010_0055.JPG,100_0010_0060.JPG,3226,2854,94,39,0.4148936170212766,13.665031534688158,0.109375,0.125,0.7497130632400513,False,ok,0.03482780000194907
D2_111_nadir,superpoint-lightglue-r1024-k8192,superpoint,lightglue,1024,8192,637,100_0010_0055.JPG,100_0010_0061.JPG,3226,2459,36,9,0.25,3.660024400162668,0.125,0.140625,0.20126891136169434,True,ok,0.02309199999581324
D2_111_nadir,superpoint-lightglue-r1024-k8192,superpoint,lightglue,1024,8192,638,100_0010_0055.JPG,100_0010_0062.JPG,3226,2187,27,9,0.3333333333333333,4.11522633744856,0.109375,0.140625,0.24817602336406708,True,ok,0.026530900002398994
D2_111_nadir,superpoint-lightglue-r1024-k8192,superpoint,lightglue,1024,8192,639,100_0010_0055.JPG,100_0010_0063.JPG,3226,2101,40,9,0.225,4.283674440742503,0.09375,0.125,0.23784200847148895,True,ok,0.03234140000131447
D2_111_nadir,superpoint-lightglue-r1024-k8192,superpoint,lightglue,1024,8192,640,100_0010_0055.JPG,100_0010_0082.JPG,3226,3549,1372,725,0.5284256559766763,224.73651580905147,0.609375,0.59375,0.8775821328163147,False,ok,0.036569000003510155
D2_111_nadir,superpoint-lightglue-r1024-k8192,superpoint,lightglue,1024,8192,641,100_0010_0055.JPG,100_0010_0083.JPG,3226,3109,1606,944,0.5877957658779577,303.6346091990994,0.75,0.75,0.8797621130943298,False,ok,0.03564360000018496
D2_111_nadir,superpoint-lightglue-r1024-k8192,superpoint,lightglue,1024,8192,642,100_0010_0055.JPG,100_0010_0084.JPG,3226,2806,1367,795,0.5815654718361375,283.3214540270848,0.65625,0.65625,0.8956665992736816,False,ok,0.03430359999765642
D2_111_nadir,superpoint-lightglue-r1024-k8192,superpoint,lightglue,1024,8192,643,100_0010_0055.JPG,100_0010_0085.JPG,3226,2774,1222,679,0.5556464811783961,244.77289113193945,0.625,0.625,0.8852742910385132,False,ok,0.03297859999292996
D2_111_nadir,superpoint-lightglue-r1024-k8192,superpoint,lightglue,1024,8192,644,100_0010_0055.JPG,100_0010_0086.JPG,3226,2832,850,458,0.5388235294117647,161.72316384180792,0.53125,0.515625,0.8888872861862183,False,ok,0.03380219999962719
D2_111_nadir,superpoint-lightglue-r1024-k8192,superpoint,lightglue,1024,8192,645,100_0010_0056.JPG,100_0010_0057.JPG,3588,3697,2470,1283,0.5194331983805668,357.58082497212934,0.875,0.875,0.893320620059967,False,ok,0.04704870000568917
D2_111_nadir,superpoint-lightglue-r1024-k8192,superpoint,lightglue,1024,8192,646,100_0010_0056.JPG,100_0010_0058.JPG,3588,3546,1866,981,0.5257234726688103,276.6497461928934,0.625,0.625,0.9004918932914734,False,ok,0.04129570000077365
D2_111_nadir,superpoint-lightglue-r1024-k8192,superpoint,lightglue,1024,8192,647,100_0010_0056.JPG,100_0010_0059.JPG,3588,3204,1227,669,0.5452322738386308,208.80149812734084,0.5,0.5,0.8880288004875183,False,ok,0.03951219999726163
D2_111_nadir,superpoint-lightglue-r1024-k8192,superpoint,lightglue,1024,8192,648,100_0010_0056.JPG,100_0010_0060.JPG,3588,2854,634,344,0.5425867507886435,120.53258584442887,0.25,0.25,0.8823245763778687,False,ok,0.02809240000351565
D2_111_nadir,superpoint-lightglue-r1024-k8192,superpoint,lightglue,1024,8192,649,100_0010_0056.JPG,100_0010_0061.JPG,3588,2459,82,38,0.4634146341463415,15.453436356242374,0.125,0.109375,0.5777696967124939,False,ok,0.039581000004545785
D2_111_nadir,superpoint-lightglue-r1024-k8192,superpoint,lightglue,1024,8192,650,100_0010_0056.JPG,100_0010_0062.JPG,3588,2187,49,11,0.22448979591836735,5.029721079103795,0.125,0.140625,0.2138632982969284,True,ok,0.035170800001651514
D2_111_nadir,superpoint-lightglue-r1024-k8192,superpoint,lightglue,1024,8192,651,100_0010_0056.JPG,100_0010_0063.JPG,3588,2101,52,11,0.21153846153846154,5.2356020942408374,0.125,0.140625,0.21159502863883972,True,ok,0.02700349999940954
D2_111_nadir,superpoint-lightglue-r1024-k8192,superpoint,lightglue,1024,8192,652,100_0010_0056.JPG,100_0010_0064.JPG,3588,2152,27,10,0.37037037037037035,4.646840148698884,0.140625,0.109375,0.16649962961673737,True,ok,0.026836299999558832
D2_111_nadir,superpoint-lightglue-r1024-k8192,superpoint,lightglue,1024,8192,653,100_0010_0056.JPG,100_0010_0081.JPG,3588,3949,1529,827,0.540876389797253,230.49052396878483,0.578125,0.5625,0.8923793435096741,False,ok,0.04553039999882458
D2_111_nadir,superpoint-lightglue-r1024-k8192,superpoint,lightglue,1024,8192,654,100_0010_0056.JPG,100_0010_0082.JPG,3588,3549,1839,1054,0.5731375747688962,296.98506621583545,0.75,0.75,0.8859637975692749,False,ok,0.04053340000245953
D2_111_nadir,superpoint-lightglue-r1024-k8192,superpoint,lightglue,1024,8192,655,100_0010_0056.JPG,100_0010_0083.JPG,3588,3109,1598,926,0.5794743429286608,297.84496622708264,0.65625,0.65625,0.88427734375,False,ok,0.03874510000605369
D2_111_nadir,superpoint-lightglue-r1024-k8192,superpoint,lightglue,1024,8192,656,100_0010_0056.JPG,100_0010_0084.JPG,3588,2806,1201,585,0.4870940882597835,208.48182466143976,0.5625,0.515625,0.871814489364624,False,ok,0.0332672000004095
D2_111_nadir,superpoint-lightglue-r1024-k8192,superpoint,lightglue,1024,8192,657,100_0010_0056.JPG,100_0010_0085.JPG,3588,2774,1023,515,0.5034213098729228,185.65248738284066,0.46875,0.46875,0.8940844535827637,False,ok,0.03219829999579815
D2_111_nadir,superpoint-lightglue-r1024-k8192,superpoint,lightglue,1024,8192,658,100_0010_0057.JPG,100_0010_0058.JPG,3697,3546,2406,1337,0.5556940980881131,377.04455724760294,0.875,0.875,0.9171835780143738,False,ok,0.04581049999978859
D2_111_nadir,superpoint-lightglue-r1024-k8192,superpoint,lightglue,1024,8192,659,100_0010_0057.JPG,100_0010_0059.JPG,3697,3204,1702,947,0.5564042303172738,295.5680399500624,0.625,0.625,0.8929535150527954,False,ok,0.03525680000166176
D2_111_nadir,superpoint-lightglue-r1024-k8192,superpoint,lightglue,1024,8192,660,100_0010_0057.JPG,100_0010_0060.JPG,3697,2854,1112,582,0.5233812949640287,203.92431674842325,0.5,0.5,0.9043734073638916,False,ok,0.03210820000094827
D2_111_nadir,superpoint-lightglue-r1024-k8192,superpoint,lightglue,1024,8192,661,100_0010_0057.JPG,100_0010_0061.JPG,3697,2459,505,262,0.5188118811881188,106.54737698251321,0.25,0.25,0.8586324453353882,False,ok,0.025920599997334648
D2_111_nadir,superpoint-lightglue-r1024-k8192,superpoint,lightglue,1024,8192,662,100_0010_0057.JPG,100_0010_0062.JPG,3697,2187,41,16,0.3902439024390244,7.315957933241884,0.078125,0.078125,0.2433898001909256,False,ok,0.04775050000171177
D2_111_nadir,superpoint-lightglue-r1024-k8192,superpoint,lightglue,1024,8192,663,100_0010_0057.JPG,100_0010_0063.JPG,3697,2101,57,10,0.17543859649122806,4.75963826749167,0.109375,0.125,0.23793913424015045,True,ok,0.029468400003679562
D2_111_nadir,superpoint-lightglue-r1024-k8192,superpoint,lightglue,1024,8192,664,100_0010_0057.JPG,100_0010_0064.JPG,3697,2152,40,9,0.225,4.182156133828996,0.09375,0.109375,0.18434222042560577,True,ok,0.030259500003012363
D2_111_nadir,superpoint-lightglue-r1024-k8192,superpoint,lightglue,1024,8192,665,100_0010_0057.JPG,100_0010_0065.JPG,3697,2281,26,9,0.34615384615384615,3.94563787812363,0.078125,0.125,0.24249090254306793,True,ok,0.03241859999980079
D2_111_nadir,superpoint-lightglue-r1024-k8192,superpoint,lightglue,1024,8192,666,100_0010_0057.JPG,100_0010_0080.JPG,3697,3920,1553,798,0.5138441725692209,215.8506897484447,0.578125,0.5625,0.9031041264533997,False,ok,0.03861160000087693
D2_111_nadir,superpoint-lightglue-r1024-k8192,superpoint,lightglue,1024,8192,667,100_0010_0057.JPG,100_0010_0081.JPG,3697,3949,1950,1059,0.5430769230769231,286.44847173383823,0.75,0.75,0.892615556716919,False,ok,0.05338730000221403
D2_111_nadir,superpoint-lightglue-r1024-k8192,superpoint,lightglue,1024,8192,668,100_0010_0057.JPG,100_0010_0082.JPG,3697,3549,1852,1011,0.5458963282937365,284.8689771766695,0.65625,0.65625,0.8812518119812012,False,ok,0.044246299999940675
D2_111_nadir,superpoint-lightglue-r1024-k8192,superpoint,lightglue,1024,8192,669,100_0010_0057.JPG,100_0010_0083.JPG,3697,3109,1364,713,0.5227272727272727,229.33419105821807,0.5625,0.5625,0.8790373802185059,False,ok,0.038404900005843956
D2_111_nadir,superpoint-lightglue-r1024-k8192,superpoint,lightglue,1024,8192,670,100_0010_0058.JPG,100_0010_0059.JPG,3546,3204,2273,891,0.39199296084469865,278.08988764044943,0.78125,0.734375,0.8994662761688232,False,ok,0.02867349999723956
D2_111_nadir,superpoint-lightglue-r1024-k8192,superpoint,lightglue,1024,8192,671,100_0010_0058.JPG,100_0010_0060.JPG,3546,2854,1595,853,0.534796238244514,298.87876664330764,0.625,0.625,0.9222016930580139,False,ok,0.032397900002251845
D2_111_nadir,superpoint-lightglue-r1024-k8192,superpoint,lightglue,1024,8192,672,100_0010_0058.JPG,100_0010_0061.JPG,3546,2459,980,553,0.5642857142857143,224.88816592110615,0.5,0.5,0.9072220921516418,False,ok,0.028849299997091293
D2_111_nadir,superpoint-lightglue-r1024-k8192,superpoint,lightglue,1024,8192,673,100_0010_0058.JPG,100_0010_0062.JPG,3546,2187,464,234,0.5043103448275862,106.99588477366255,0.25,0.25,0.869045078754425,False,ok,0.023694700001215097
D2_111_nadir,superpoint-lightglue-r1024-k8192,superpoint,lightglue,1024,8192,674,100_0010_0058.JPG,100_0010_0063.JPG,3546,2101,96,11,0.11458333333333333,5.2356020942408374,0.171875,0.125,0.2481648325920105,True,ok,0.028972100000828505
D2_111_nadir,superpoint-lightglue-r1024-k8192,superpoint,lightglue,1024,8192,675,100_0010_0058.JPG,100_0010_0064.JPG,3546,2152,58,10,0.1724137931034483,4.646840148698884,0.109375,0.109375,0.2255910038948059,True,ok,0.03239010000106646
D2_111_nadir,superpoint-lightglue-r1024-k8192,superpoint,lightglue,1024,8192,676,100_0010_0058.JPG,100_0010_0065.JPG,3546,2281,56,11,0.19642857142857142,4.822446295484436,0.125,0.140625,0.20741845667362213,True,ok,0.028942899996764027
D2_111_nadir,superpoint-lightglue-r1024-k8192,superpoint,lightglue,1024,8192,677,100_0010_0058.JPG,100_0010_0066.JPG,3546,2541,23,9,0.391304347826087,3.541912632821724,0.078125,0.09375,0.1974087804555893,True,ok,0.032373699999880046
D2_111_nadir,superpoint-lightglue-r1024-k8192,superpoint,lightglue,1024,8192,678,100_0010_0058.JPG,100_0010_0079.JPG,3546,3726,1545,743,0.4809061488673139,209.53186689227297,0.5625,0.5625,0.9014858603477478,False,ok,0.03988229999959003
D2_111_nadir,superpoint-lightglue-r1024-k8192,superpoint,lightglue,1024,8192,679,100_0010_0058.JPG,100_0010_0080.JPG,3546,3920,1941,1023,0.527047913446677,288.49407783417934,0.75,0.75,0.9072425961494446,False,ok,0.04379000000335509
D2_111_nadir,superpoint-lightglue-r1024-k8192,superpoint,lightglue,1024,8192,680,100_0010_0058.JPG,100_0010_0081.JPG,3546,3949,1867,1035,0.5543652919121586,291.8781725888325,0.65625,0.65625,0.9001312255859375,False,ok,0.03935839999758173
D2_111_nadir,superpoint-lightglue-r1024-k8192,superpoint,lightglue,1024,8192,681,100_0010_0058.JPG,100_0010_0082.JPG,3546,3549,1496,780,0.5213903743315508,219.96615905245346,0.5625,0.5625,0.8916325569152832,False,ok,0.03758090000337688
D2_111_nadir,superpoint-lightglue-r1024-k8192,superpoint,lightglue,1024,8192,682,100_0010_0059.JPG,100_0010_0060.JPG,3204,2854,1986,1052,0.5297079556898288,368.6054660126139,0.859375,0.84375,0.9109055399894714,False,ok,0.02578180000273278
D2_111_nadir,superpoint-lightglue-r1024-k8192,superpoint,lightglue,1024,8192,683,100_0010_0059.JPG,100_0010_0061.JPG,3204,2459,1345,721,0.5360594795539033,293.2086213908093,0.625,0.625,0.921330988407135,False,ok,0.0251434000019799
D2_111_nadir,superpoint-lightglue-r1024-k8192,superpoint,lightglue,1024,8192,684,100_0010_0059.JPG,100_0010_0062.JPG,3204,2187,818,452,0.5525672371638142,206.67581161408322,0.484375,0.5,0.9068042635917664,False,ok,0.022966899996390566
D2_111_nadir,superpoint-lightglue-r1024-k8192,superpoint,lightglue,1024,8192,685,100_0010_0059.JPG,100_0010_0063.JPG,3204,2101,337,182,0.5400593471810089,86.6254164683484,0.25,0.25,0.8919011354446411,False,ok,0.02157479999732459
D2_111_nadir,superpoint-lightglue-r1024-k8192,superpoint,lightglue,1024,8192,686,100_0010_0059.JPG,100_0010_0064.JPG,3204,2152,92,11,0.11956521739130435,5.111524163568773,0.125,0.109375,0.23297961056232452,True,ok,0.02657049999834271
D2_111_nadir,superpoint-lightglue-r1024-k8192,superpoint,lightglue,1024,8192,687,100_0010_0059.JPG,100_0010_0065.JPG,3204,2281,67,11,0.16417910447761194,4.822446295484436,0.171875,0.125,0.218340203166008,True,ok,0.02386790000309702
D2_111_nadir,superpoint-lightglue-r1024-k8192,superpoint,lightglue,1024,8192,688,100_0010_0059.JPG,100_0010_0066.JPG,3204,2541,37,9,0.24324324324324326,3.541912632821724,0.09375,0.125,0.19631938636302948,True,ok,0.022425399998610374
D2_111_nadir,superpoint-lightglue-r1024-k8192,superpoint,lightglue,1024,8192,689,100_0010_0059.JPG,100_0010_0067.JPG,3204,2918,18,9,0.5,3.0843043180260454,0.109375,0.078125,0.19968509674072266,True,ok,0.023701500002061948
D2_111_nadir,superpoint-lightglue-r1024-k8192,superpoint,lightglue,1024,8192,690,100_0010_0059.JPG,100_0010_0078.JPG,3204,3401,1403,718,0.5117605131860299,224.0948813982522,0.5625,0.5625,0.90213543176651,False,ok,0.039982900001632515
D2_111_nadir,superpoint-lightglue-r1024-k8192,superpoint,lightglue,1024,8192,691,100_0010_0059.JPG,100_0010_0079.JPG,3204,3726,1831,991,0.5412342981977062,309.3008739076155,0.75,0.75,0.9100013375282288,False,ok,0.042910399999527726
D2_111_nadir,superpoint-lightglue-r1024-k8192,superpoint,lightglue,1024,8192,692,100_0010_0059.JPG,100_0010_0080.JPG,3204,3920,1788,927,0.5184563758389261,289.3258426966292,0.65625,0.65625,0.9120098948478699,False,ok,0.04338290000305278
D2_111_nadir,superpoint-lightglue-r1024-k8192,superpoint,lightglue,1024,8192,693,100_0010_0059.JPG,100_0010_0081.JPG,3204,3949,1479,764,0.5165652467883706,238.45193508114858,0.5625,0.5625,0.9031857848167419,False,ok,0.036431000000447966
D2_111_nadir,superpoint-lightglue-r1024-k8192,superpoint,lightglue,1024,8192,694,100_0010_0059.JPG,100_0010_0110.JPG,3204,3281,1046,481,0.4598470363288719,150.12484394506868,0.640625,0.453125,0.8774460554122925,False,ok,0.03769130000000587
D2_111_nadir,superpoint-lightglue-r1024-k8192,superpoint,lightglue,1024,8192,695,100_0010_0059.JPG,100_0010_0111.JPG,3204,3150,863,430,0.4982618771726535,136.5079365079365,0.484375,0.390625,0.8934487700462341,False,ok,0.026620399999956135
D2_111_nadir,superpoint-lightglue-r1024-k8192,superpoint,lightglue,1024,8192,696,100_0010_0060.JPG,100_0010_0061.JPG,2854,2459,1688,958,0.5675355450236966,389.5892639284262,0.875,0.875,0.9110528230667114,False,ok,0.02132500000152504
D2_111_nadir,superpoint-lightglue-r1024-k8192,superpoint,lightglue,1024,8192,697,100_0010_0060.JPG,100_0010_0062.JPG,2854,2187,1123,610,0.5431878895814782,278.9208962048468,0.625,0.625,0.9164771437644958,False,ok,0.02109500000369735
D2_111_nadir,superpoint-lightglue-r1024-k8192,superpoint,lightglue,1024,8192,698,100_0010_0060.JPG,100_0010_0063.JPG,2854,2101,616,366,0.5941558441558441,174.20276059019514,0.5,0.5,0.9374755024909973,False,ok,0.022227499997825362
D2_111_nadir,superpoint-lightglue-r1024-k8192,superpoint,lightglue,1024,8192,699,100_0010_0060.JPG,100_0010_0064.JPG,2854,2152,287,155,0.5400696864111498,72.02602230483271,0.25,0.25,0.8950971364974976,False,ok,0.02210229999764124
D2_111_nadir,superpoint-lightglue-r1024-k8192,superpoint,lightglue,1024,8192,700,100_0010_0060.JPG,100_0010_0065.JPG,2854,2281,98,11,0.11224489795918367,4.822446295484436,0.109375,0.109375,0.29068589210510254,True,ok,0.030288800000562333
D2_111_nadir,superpoint-lightglue-r1024-k8192,superpoint,lightglue,1024,8192,701,100_0010_0060.JPG,100_0010_0066.JPG,2854,2541,31,9,0.2903225806451613,3.541912632821724,0.09375,0.109375,0.22941172122955322,True,ok,0.023641500003577676
D2_111_nadir,superpoint-lightglue-r1024-k8192,superpoint,lightglue,1024,8192,702,100_0010_0060.JPG,100_0010_0067.JPG,2854,2918,17,8,0.47058823529411764,2.803083391730904,0.109375,0.109375,0.2353818267583847,True,ok,0.02994050000415882
D2_111_nadir,superpoint-lightglue-r1024-k8192,superpoint,lightglue,1024,8192,703,100_0010_0060.JPG,100_0010_0068.JPG,2854,2955,16,8,0.5,2.803083391730904,0.078125,0.09375,0.22990909218788147,True,ok,0.02768849999847589
D2_111_nadir,superpoint-lightglue-r1024-k8192,superpoint,lightglue,1024,8192,704,100_0010_0060.JPG,100_0010_0078.JPG,2854,3401,1662,864,0.51985559566787,302.7330063069376,0.75,0.75,0.9179120659828186,False,ok,0.04006860000663437
D2_111_nadir,superpoint-lightglue-r1024-k8192,superpoint,lightglue,1024,8192,705,100_0010_0060.JPG,100_0010_0079.JPG,2854,3726,1675,900,0.5373134328358209,315.3468815697267,0.65625,0.65625,0.9166505932807922,False,ok,0.03901960000075633
D2_111_nadir,superpoint-lightglue-r1024-k8192,superpoint,lightglue,1024,8192,706,100_0010_0060.JPG,100_0010_0080.JPG,2854,3920,1450,750,0.5172413793103449,262.78906797477225,0.5625,0.5625,0.9105601906776428,False,ok,0.035717899998417124
D2_111_nadir,superpoint-lightglue-r1024-k8192,superpoint,lightglue,1024,8192,707,100_0010_0060.JPG,100_0010_0109.JPG,2854,3414,996,501,0.5030120481927711,175.54309740714785,0.625,0.46875,0.8724768161773682,False,ok,0.03066469999612309
D2_111_nadir,superpoint-lightglue-r1024-k8192,superpoint,lightglue,1024,8192,708,100_0010_0060.JPG,100_0010_0110.JPG,2854,3281,818,381,0.46577017114914426,133.4968465311843,0.484375,0.359375,0.8880178928375244,False,ok,0.02764770000067074
D2_111_nadir,superpoint-lightglue-r1024-k8192,superpoint,lightglue,1024,8192,709,100_0010_0060.JPG,100_0010_0111.JPG,2854,3150,579,298,0.5146804835924007,104.41485634197618,0.3125,0.328125,0.9309598803520203,False,ok,0.024146099996869452
D2_111_nadir,superpoint-lightglue-r1024-k8192,superpoint,lightglue,1024,8192,710,100_0010_0061.JPG,100_0010_0062.JPG,2459,2187,1482,696,0.46963562753036436,318.24417009602195,0.8125,0.828125,0.9277477264404297,False,ok,0.018512599999667145
D2_111_nadir,superpoint-lightglue-r1024-k8192,superpoint,lightglue,1024,8192,711,100_0010_0061.JPG,100_0010_0063.JPG,2459,2101,959,501,0.5224191866527633,238.4578772013327,0.609375,0.625,0.9526029825210571,False,ok,0.016964499998721294
D2_111_nadir,superpoint-lightglue-r1024-k8192,superpoint,lightglue,1024,8192,712,100_0010_0061.JPG,100_0010_0064.JPG,2459,2152,595,320,0.5378151260504201,148.6988847583643,0.5,0.5,0.9448491334915161,False,ok,0.017191299994010478
D2_111_nadir,superpoint-lightglue-r1024-k8192,superpoint,lightglue,1024,8192,713,100_0010_0061.JPG,100_0010_0065.JPG,2459,2281,285,157,0.5508771929824562,68.82946076282332,0.25,0.25,0.9379231929779053,False,ok,0.017538499996589962
D2_111_nadir,superpoint-lightglue-r1024-k8192,superpoint,lightglue,1024,8192,714,100_0010_0061.JPG,100_0010_0066.JPG,2459,2541,29,12,0.41379310344827586,4.8800325335502235,0.140625,0.125,0.1939183920621872,True,ok,0.025195900001563132
D2_111_nadir,superpoint-lightglue-r1024-k8192,superpoint,lightglue,1024,8192,715,100_0010_0061.JPG,100_0010_0067.JPG,2459,2918,23,9,0.391304347826087,3.660024400162668,0.125,0.09375,0.18569311499595642,True,ok,0.02066499999637017
D2_111_nadir,superpoint-lightglue-r1024-k8192,superpoint,lightglue,1024,8192,716,100_0010_0061.JPG,100_0010_0068.JPG,2459,2955,21,8,0.38095238095238093,3.253355022366816,0.109375,0.0625,0.182574063539505,True,ok,0.02064550000068266
D2_111_nadir,superpoint-lightglue-r1024-k8192,superpoint,lightglue,1024,8192,717,100_0010_0061.JPG,100_0010_0069.JPG,2459,2887,19,8,0.42105263157894735,3.253355022366816,0.125,0.09375,0.20670342445373535,True,ok,0.020279899996239692
D2_111_nadir,superpoint-lightglue-r1024-k8192,superpoint,lightglue,1024,8192,718,100_0010_0061.JPG,100_0010_0077.JPG,2459,2852,1398,755,0.5400572246065808,307.0353802358682,0.75,0.75,0.9210264682769775,False,ok,0.022565699997358024
D2_111_nadir,superpoint-lightglue-r1024-k8192,superpoint,lightglue,1024,8192,719,100_0010_0061.JPG,100_0010_0078.JPG,2459,3401,1426,716,0.5021037868162693,291.17527450183,0.65625,0.65625,0.9056040644645691,False,ok,0.024556099997425918
D2_111_nadir,superpoint-lightglue-r1024-k8192,superpoint,lightglue,1024,8192,720,100_0010_0061.JPG,100_0010_0079.JPG,2459,3726,1213,629,0.5185490519373455,255.79503863359088,0.546875,0.5625,0.8996366858482361,False,ok,0.025582100002793595
D2_111_nadir,superpoint-lightglue-r1024-k8192,superpoint,lightglue,1024,8192,721,100_0010_0061.JPG,100_0010_0108.JPG,2459,3521,822,415,0.5048661800486618,168.76779178527858,0.609375,0.46875,0.8807581067085266,False,ok,0.028729800003929995
D2_111_nadir,superpoint-lightglue-r1024-k8192,superpoint,lightglue,1024,8192,722,100_0010_0061.JPG,100_0010_0109.JPG,2459,3414,759,388,0.5111989459815547,157.78771858479055,0.4375,0.375,0.8945145010948181,False,ok,0.0296438000004855
D2_111_nadir,superpoint-lightglue-r1024-k8192,superpoint,lightglue,1024,8192,723,100_0010_0061.JPG,100_0010_0110.JPG,2459,3281,462,244,0.5281385281385281,99.22732818218788,0.25,0.234375,0.8856775164604187,False,ok,0.02509930000087479
D2_111_nadir,superpoint-lightglue-r1024-k8192,superpoint,lightglue,1024,8192,724,100_0010_0061.JPG,100_0010_0111.JPG,2459,3150,190,100,0.5263157894736842,40.6669377795852,0.109375,0.109375,0.9071676731109619,False,ok,0.025893900005030446
D2_111_nadir,superpoint-lightglue-r1024-k8192,superpoint,lightglue,1024,8192,725,100_0010_0062.JPG,100_0010_0063.JPG,2187,2101,1294,812,0.6275115919629057,386.4826273203237,0.875,0.875,0.9489927291870117,False,ok,0.01739090000046417
D2_111_nadir,superpoint-lightglue-r1024-k8192,superpoint,lightglue,1024,8192,726,100_0010_0062.JPG,100_0010_0064.JPG,2187,2152,909,433,0.47634763476347636,201.20817843866172,0.578125,0.578125,0.9538496732711792,False,ok,0.017319899998256005
D2_111_nadir,superpoint-lightglue-r1024-k8192,superpoint,lightglue,1024,8192,727,100_0010_0062.JPG,100_0010_0065.JPG,2187,2281,570,332,0.5824561403508772,151.80612711476908,0.484375,0.453125,0.9522663354873657,False,ok,0.01715239999612095
D2_111_nadir,superpoint-lightglue-r1024-k8192,superpoint,lightglue,1024,8192,728,100_0010_0062.JPG,100_0010_0066.JPG,2187,2541,265,135,0.5094339622641509,61.72839506172839,0.25,0.25,0.9159672856330872,False,ok,0.017627000001084525
D2_111_nadir,superpoint-lightglue-r1024-k8192,superpoint,lightglue,1024,8192,729,100_0010_0062.JPG,100_0010_0067.JPG,2187,2918,22,9,0.4090909090909091,4.11522633744856,0.109375,0.140625,0.18406575918197632,True,ok,0.02535590000479715
D2_111_nadir,superpoint-lightglue-r1024-k8192,superpoint,lightglue,1024,8192,730,100_0010_0062.JPG,100_0010_0068.JPG,2187,2955,17,8,0.47058823529411764,3.657978966620942,0.09375,0.078125,0.21041038632392883,True,ok,0.030077499999606516
D2_111_nadir,superpoint-lightglue-r1024-k8192,superpoint,lightglue,1024,8192,731,100_0010_0062.JPG,100_0010_0069.JPG,2187,2887,16,8,0.5,3.657978966620942,0.078125,0.09375,0.18690097332000732,True,ok,0.02424760000576498
D2_111_nadir,superpoint-lightglue-r1024-k8192,superpoint,lightglue,1024,8192,732,100_0010_0062.JPG,100_0010_0070.JPG,2187,3101,26,9,0.34615384615384615,4.11522633744856,0.125,0.109375,0.18535391986370087,True,ok,0.021336399993742816
D2_111_nadir,superpoint-lightglue-r1024-k8192,superpoint,lightglue,1024,8192,733,100_0010_0062.JPG,100_0010_0076.JPG,2187,2449,1248,703,0.563301282051282,321.4449016918153,0.734375,0.71875,0.939201831817627,False,ok,0.020332699998107273
D2_111_nadir,superpoint-lightglue-r1024-k8192,superpoint,lightglue,1024,8192,734,100_0010_0062.JPG,100_0010_0077.JPG,2187,2852,1244,699,0.5618971061093248,319.6159122085048,0.65625,0.65625,0.9108739495277405,False,ok,0.017665600003965665
D2_111_nadir,superpoint-lightglue-r1024-k8192,superpoint,lightglue,1024,8192,735,100_0010_0062.JPG,100_0010_0078.JPG,2187,3401,1010,543,0.5376237623762377,248.28532235939645,0.5625,0.5625,0.9124299883842468,False,ok,0.022054399996704888
D2_111_nadir,superpoint-lightglue-r1024-k8192,superpoint,lightglue,1024,8192,736,100_0010_0062.JPG,100_0010_0107.JPG,2187,3602,660,314,0.47575757575757577,143.57567443987196,0.46875,0.40625,0.9056111574172974,False,ok,0.026073799999721814
D2_111_nadir,superpoint-lightglue-r1024-k8192,superpoint,lightglue,1024,8192,737,100_0010_0062.JPG,100_0010_0108.JPG,2187,3521,617,303,0.49108589951377635,138.54595336076818,0.375,0.359375,0.8679347634315491,False,ok,0.0225401999996393
D2_111_nadir,superpoint-lightglue-r1024-k8192,superpoint,lightglue,1024,8192,738,100_0010_0062.JPG,100_0010_0109.JPG,2187,3414,409,214,0.5232273838630807,97.8509373571102,0.25,0.25,0.9042734503746033,False,ok,0.02363770000374643
D2_111_nadir,superpoint-lightglue-r1024-k8192,superpoint,lightglue,1024,8192,739,100_0010_0062.JPG,100_0010_0110.JPG,2187,3281,96,42,0.4375,19.204389574759944,0.125,0.15625,0.6829541325569153,False,ok,0.029246099998999853
D2_111_nadir,superpoint-lightglue-r1024-k8192,superpoint,lightglue,1024,8192,740,100_0010_0062.JPG,100_0010_0111.JPG,2187,3150,17,8,0.47058823529411764,3.657978966620942,0.09375,0.0625,0.181335911154747,True,ok,0.046733200004382525
D2_111_nadir,superpoint-lightglue-r1024-k8192,superpoint,lightglue,1024,8192,741,100_0010_0063.JPG,100_0010_0064.JPG,2101,2152,1376,660,0.4796511627906977,314.13612565445027,0.859375,0.875,0.9271215200424194,False,ok,0.01727309999841964
D2_111_nadir,superpoint-lightglue-r1024-k8192,superpoint,lightglue,1024,8192,742,100_0010_0063.JPG,100_0010_0065.JPG,2101,2281,1035,575,0.5555555555555556,273.6792003807711,0.625,0.625,0.9071194529533386,False,ok,0.016624800002318807
D2_111_nadir,superpoint-lightglue-r1024-k8192,superpoint,lightglue,1024,8192,743,100_0010_0063.JPG,100_0010_0066.JPG,2101,2541,687,360,0.5240174672489083,171.34697762970015,0.5,0.453125,0.9095166921615601,False,ok,0.0214099000004353
D2_111_nadir,superpoint-lightglue-r1024-k8192,superpoint,lightglue,1024,8192,744,100_0010_0063.JPG,100_0010_0067.JPG,2101,2918,403,188,0.4665012406947891,89.48119942884341,0.234375,0.25,0.8713896870613098,False,ok,0.025448799999139737
D2_111_nadir,superpoint-lightglue-r1024-k8192,superpoint,lightglue,1024,8192,745,100_0010_0063.JPG,100_0010_0068.JPG,2101,2955,120,42,0.35,19.990480723465016,0.125,0.125,0.4435877799987793,False,ok,0.044846799995866604
D2_111_nadir,superpoint-lightglue-r1024-k8192,superpoint,lightglue,1024,8192,746,100_0010_0063.JPG,100_0010_0069.JPG,2101,2887,138,64,0.463768115942029,30.46168491194669,0.109375,0.109375,0.6051894426345825,False,ok,0.03613779999432154
D2_111_nadir,superpoint-lightglue-r1024-k8192,superpoint,lightglue,1024,8192,747,100_0010_0063.JPG,100_0010_0070.JPG,2101,3101,138,51,0.3695652173913043,24.27415516420752,0.09375,0.09375,0.6812177896499634,False,ok,0.041113599996606354
D2_111_nadir,superpoint-lightglue-r1024-k8192,superpoint,lightglue,1024,8192,748,100_0010_0063.JPG,100_0010_0071.JPG,2101,3137,179,66,0.3687150837988827,31.413612565445025,0.09375,0.09375,0.7789483666419983,False,ok,0.032104700003401376
D2_111_nadir,superpoint-lightglue-r1024-k8192,superpoint,lightglue,1024,8192,749,100_0010_0063.JPG,100_0010_0075.JPG,2101,2322,1146,655,0.5715532286212914,311.7563065207044,0.75,0.75,0.9244124889373779,False,ok,0.016784699997515418
D2_111_nadir,superpoint-lightglue-r1024-k8192,superpoint,lightglue,1024,8192,750,100_0010_0063.JPG,100_0010_0076.JPG,2101,2449,1016,580,0.5708661417322834,276.0590195145169,0.65625,0.65625,0.9397653937339783,False,ok,0.019394299997657072
D2_111_nadir,superpoint-lightglue-r1024-k8192,superpoint,lightglue,1024,8192,751,100_0010_0063.JPG,100_0010_0106.JPG,2101,3438,443,220,0.4966139954853273,104.71204188481676,0.40625,0.296875,0.90669846534729,False,ok,0.02336970000033034
D2_111_nadir,superpoint-lightglue-r1024-k8192,superpoint,lightglue,1024,8192,752,100_0010_0063.JPG,100_0010_0107.JPG,2101,3602,412,209,0.5072815533980582,99.47643979057591,0.328125,0.296875,0.9097920656204224,False,ok,0.024482199994963594
D2_111_nadir,superpoint-lightglue-r1024-k8192,superpoint,lightglue,1024,8192,753,100_0010_0063.JPG,100_0010_0108.JPG,2101,3521,239,123,0.5146443514644351,58.54355069014755,0.1875,0.1875,0.8768061995506287,False,ok,0.026179400003456976
D2_111_nadir,superpoint-lightglue-r1024-k8192,superpoint,lightglue,1024,8192,754,100_0010_0063.JPG,100_0010_0109.JPG,2101,3414,20,9,0.45,4.283674440742503,0.109375,0.109375,0.20534415543079376,True,ok,0.04582680000021355
D2_111_nadir,superpoint-lightglue-r1024-k8192,superpoint,lightglue,1024,8192,755,100_0010_0063.JPG,100_0010_0110.JPG,2101,3281,67,10,0.14925373134328357,4.75963826749167,0.140625,0.15625,0.20372052490711212,True,ok,0.030931200002669357
D2_111_nadir,superpoint-lightglue-r1024-k8192,superpoint,lightglue,1024,8192,756,100_0010_0063.JPG,100_0010_0111.JPG,2101,3150,62,10,0.16129032258064516,4.75963826749167,0.125,0.09375,0.18991820514202118,True,ok,0.024547599998186342
D2_111_nadir,superpoint-lightglue-r1024-k8192,superpoint,lightglue,1024,8192,757,100_0010_0064.JPG,100_0010_0065.JPG,2152,2281,1417,768,0.5419901199717714,356.87732342007433,0.875,0.875,0.8951942324638367,False,ok,0.01702099999965867
D2_111_nadir,superpoint-lightglue-r1024-k8192,superpoint,lightglue,1024,8192,758,100_0010_0064.JPG,100_0010_0066.JPG,2152,2541,1010,521,0.5158415841584159,242.1003717472119,0.625,0.625,0.9132282137870789,False,ok,0.029580299997178372
D2_111_nadir,superpoint-lightglue-r1024-k8192,superpoint,lightglue,1024,8192,759,100_0010_0064.JPG,100_0010_0067.JPG,2152,2918,677,287,0.4239290989660266,133.364312267658,0.4375,0.4375,0.8587085604667664,False,ok,0.02923469999950612
D2_111_nadir,superpoint-lightglue-r1024-k8192,superpoint,lightglue,1024,8192,760,100_0010_0064.JPG,100_0010_0068.JPG,2152,2955,428,169,0.39485981308411217,78.53159851301115,0.34375,0.3125,0.8341768383979797,False,ok,0.03472019999753684
D2_111_nadir,superpoint-lightglue-r1024-k8192,superpoint,lightglue,1024,8192,761,100_0010_0064.JPG,100_0010_0069.JPG,2152,2887,391,142,0.3631713554987212,65.98513011152416,0.328125,0.28125,0.7799261808395386,False,ok,0.028509300005680416
D2_111_nadir,superpoint-lightglue-r1024-k8192,superpoint,lightglue,1024,8192,762,100_0010_0064.JPG,100_0010_0070.JPG,2152,3101,362,140,0.3867403314917127,65.05576208178438,0.265625,0.25,0.8217248320579529,False,ok,0.030151099999784492
D2_111_nadir,superpoint-lightglue-r1024-k8192,superpoint,lightglue,1024,8192,763,100_0010_0064.JPG,100_0010_0071.JPG,2152,3137,381,180,0.47244094488188976,83.64312267657992,0.25,0.265625,0.8575902581214905,False,ok,0.031239099997037556
D2_111_nadir,superpoint-lightglue-r1024-k8192,superpoint,lightglue,1024,8192,764,100_0010_0064.JPG,100_0010_0072.JPG,2152,2807,621,289,0.46537842190016104,134.29368029739777,0.4375,0.421875,0.8990378379821777,False,ok,0.027116899997054134
D2_111_nadir,superpoint-lightglue-r1024-k8192,superpoint,lightglue,1024,8192,765,100_0010_0064.JPG,100_0010_0074.JPG,2152,2204,1130,608,0.5380530973451327,282.52788104089217,0.75,0.71875,0.911635160446167,False,ok,0.016787100001238286
D2_111_nadir,superpoint-lightglue-r1024-k8192,superpoint,lightglue,1024,8192,766,100_0010_0064.JPG,100_0010_0075.JPG,2152,2322,1130,637,0.5637168141592921,296.003717472119,0.65625,0.65625,0.9071872234344482,False,ok,0.01746100000309525
D2_111_nadir,superpoint-lightglue-r1024-k8192,superpoint,lightglue,1024,8192,767,100_0010_0064.JPG,100_0010_0106.JPG,2152,3438,266,132,0.49624060150375937,61.33828996282528,0.21875,0.203125,0.9092837572097778,False,ok,0.02442200000223238
D2_111_nadir,superpoint-lightglue-r1024-k8192,superpoint,lightglue,1024,8192,768,100_0010_0064.JPG,100_0010_0107.JPG,2152,3602,144,69,0.4791666666666667,32.0631970260223,0.109375,0.109375,0.864227831363678,False,ok,0.038925900000322144
D2_111_nadir,superpoint-lightglue-r1024-k8192,superpoint,lightglue,1024,8192,769,100_0010_0064.JPG,100_0010_0108.JPG,2152,3521,25,9,0.36,4.182156133828996,0.109375,0.09375,0.18864993751049042,True,ok,0.05603960000007646
D2_111_nadir,superpoint-lightglue-r1024-k8192,superpoint,lightglue,1024,8192,770,100_0010_0064.JPG,100_0010_0109.JPG,2152,3414,33,11,0.3333333333333333,5.111524163568773,0.140625,0.09375,0.26696687936782837,True,ok,0.043121299997437745
D2_111_nadir,superpoint-lightglue-r1024-k8192,superpoint,lightglue,1024,8192,771,100_0010_0065.JPG,100_0010_0066.JPG,2281,2541,1452,741,0.5103305785123967,324.8575186321789,0.875,0.859375,0.9104249477386475,False,ok,0.020613200002117082
D2_111_nadir,superpoint-lightglue-r1024-k8192,superpoint,lightglue,1024,8192,772,100_0010_0065.JPG,100_0010_0067.JPG,2281,2918,1061,489,0.46088595664467485,214.37965804471722,0.625,0.625,0.8742387294769287,False,ok,0.030304300002171658
D2_111_nadir,superpoint-lightglue-r1024-k8192,superpoint,lightglue,1024,8192,773,100_0010_0065.JPG,100_0010_0068.JPG,2281,2955,764,332,0.43455497382198954,145.5501972818939,0.5,0.5,0.8187896609306335,False,ok,0.03053160000126809
D2_111_nadir,superpoint-lightglue-r1024-k8192,superpoint,lightglue,1024,8192,774,100_0010_0065.JPG,100_0010_0069.JPG,2281,2887,674,265,0.39317507418397624,116.17711530030688,0.4375,0.4375,0.8254624605178833,False,ok,0.03110999999626074
D2_111_nadir,superpoint-lightglue-r1024-k8192,superpoint,lightglue,1024,8192,775,100_0010_0065.JPG,100_0010_0070.JPG,2281,3101,610,253,0.41475409836065574,110.91626479614204,0.375,0.375,0.8367112278938293,False,ok,0.030864799999108072
D2_111_nadir,superpoint-lightglue-r1024-k8192,superpoint,lightglue,1024,8192,776,100_0010_0065.JPG,100_0010_0071.JPG,2281,3137,640,275,0.4296875,120.56115738711091,0.359375,0.375,0.8396865725517273,False,ok,0.03116740000405116
D2_111_nadir,superpoint-lightglue-r1024-k8192,superpoint,lightglue,1024,8192,777,100_0010_0065.JPG,100_0010_0072.JPG,2281,2807,885,411,0.46440677966101696,180.18412976764577,0.53125,0.5625,0.8828240036964417,False,ok,0.02576730000146199
D2_111_nadir,superpoint-lightglue-r1024-k8192,superpoint,lightglue,1024,8192,778,100_0010_0065.JPG,100_0010_0073.JPG,2281,2495,1157,573,0.49524632670700086,251.2056115738711,0.734375,0.75,0.9074212312698364,False,ok,0.025523900003463496
D2_111_nadir,superpoint-lightglue-r1024-k8192,superpoint,lightglue,1024,8192,779,100_0010_0065.JPG,100_0010_0074.JPG,2281,2204,1028,521,0.5068093385214008,236.38838475499094,0.65625,0.65625,0.9047438502311707,False,ok,0.017982600002142135
D2_111_nadir,superpoint-lightglue-r1024-k8192,superpoint,lightglue,1024,8192,780,100_0010_0065.JPG,100_0010_0105.JPG,2281,3496,181,98,0.5414364640883977,42.96361245067953,0.1875,0.171875,0.8907169103622437,False,ok,0.029283700001542456
D2_111_nadir,superpoint-lightglue-r1024-k8192,superpoint,lightglue,1024,8192,781,100_0010_0065.JPG,100_0010_0106.JPG,2281,3438,53,15,0.2830188679245283,6.57606313020605,0.09375,0.109375,0.3712103068828583,False,ok,0.044052999997802544
D2_111_nadir,superpoint-lightglue-r1024-k8192,superpoint,lightglue,1024,8192,782,100_0010_0065.JPG,100_0010_0107.JPG,2281,3602,17,8,0.47058823529411764,3.5072336694432265,0.109375,0.09375,0.17731891572475433,True,ok,0.04456880000361707
D2_111_nadir,superpoint-lightglue-r1024-k8192,superpoint,lightglue,1024,8192,783,100_0010_0065.JPG,100_0010_0108.JPG,2281,3521,14,8,0.5714285714285714,3.5072336694432265,0.125,0.09375,0.1784333437681198,True,ok,0.056200999999418855
D2_111_nadir,superpoint-lightglue-r1024-k8192,superpoint,lightglue,1024,8192,784,100_0010_0066.JPG,100_0010_0067.JPG,2541,2918,1685,842,0.49970326409495547,331.3656040928768,0.875,0.875,0.8967161774635315,False,ok,0.035951700003352016
D2_111_nadir,superpoint-lightglue-r1024-k8192,superpoint,lightglue,1024,8192,785,100_0010_0066.JPG,100_0010_0068.JPG,2541,2955,1311,663,0.505720823798627,260.9208972845336,0.75,0.75,0.8751548528671265,False,ok,0.035715300000447314
D2_111_nadir,superpoint-lightglue-r1024-k8192,superpoint,lightglue,1024,8192,786,100_0010_0066.JPG,100_0010_0069.JPG,2541,2887,1068,504,0.47191011235955055,198.34710743801654,0.65625,0.640625,0.8853282928466797,False,ok,0.033351099998981226
D2_111_nadir,superpoint-lightglue-r1024-k8192,superpoint,lightglue,1024,8192,787,100_0010_0066.JPG,100_0010_0070.JPG,2541,3101,943,436,0.4623541887592789,171.58598976780794,0.5625,0.5625,0.8769021034240723,False,ok,0.03040010000404436
D2_111_nadir,superpoint-lightglue-r1024-k8192,superpoint,lightglue,1024,8192,788,100_0010_0066.JPG,100_0010_0071.JPG,2541,3137,963,475,0.4932502596053998,186.93427784336876,0.546875,0.546875,0.8815284371376038,False,ok,0.029758399999991525
D2_111_nadir,superpoint-lightglue-r1024-k8192,superpoint,lightglue,1024,8192,789,100_0010_0066.JPG,100_0010_0072.JPG,2541,2807,1201,644,0.5362198168193172,253.4435261707989,0.734375,0.71875,0.9012405276298523,False,ok,0.02708829999755835
D2_111_nadir,superpoint-lightglue-r1024-k8192,superpoint,lightglue,1024,8192,790,100_0010_0066.JPG,100_0010_0073.JPG,2541,2495,1153,594,0.5151777970511708,238.07615230460922,0.65625,0.65625,0.9017214179039001,False,ok,0.02392560000589583
D2_111_nadir,superpoint-lightglue-r1024-k8192,superpoint,lightglue,1024,8192,791,100_0010_0066.JPG,100_0010_0074.JPG,2541,2204,782,389,0.49744245524296676,176.497277676951,0.515625,0.5625,0.9195877909660339,False,ok,0.02266849999432452
D2_111_nadir,superpoint-lightglue-r1024-k8192,superpoint,lightglue,1024,8192,792,100_0010_0066.JPG,100_0010_0105.JPG,2541,3496,26,9,0.34615384615384615,3.541912632821724,0.125,0.109375,0.2470330446958542,True,ok,0.0294110000031651
D2_111_nadir,superpoint-lightglue-r1024-k8192,superpoint,lightglue,1024,8192,793,100_0010_0066.JPG,100_0010_0106.JPG,2541,3438,35,10,0.2857142857142857,3.9354584809130264,0.15625,0.09375,0.24600107967853546,True,ok,0.029988499998580664
D2_111_nadir,superpoint-lightglue-r1024-k8192,superpoint,lightglue,1024,8192,794,100_0010_0066.JPG,100_0010_0107.JPG,2541,3602,10,8,0.8,3.1483667847304213,0.109375,0.109375,0.21131114661693573,True,ok,0.04678520000015851
D2_111_nadir,superpoint-lightglue-r1024-k8192,superpoint,lightglue,1024,8192,795,100_0010_0067.JPG,100_0010_0068.JPG,2918,2955,1917,975,0.5086071987480438,334.1329677861549,0.890625,0.890625,0.8765831589698792,False,ok,0.038335799996275455
D2_111_nadir,superpoint-lightglue-r1024-k8192,superpoint,lightglue,1024,8192,796,100_0010_0067.JPG,100_0010_0069.JPG,2918,2887,1483,730,0.49224544841537426,252.85763768617943,0.78125,0.765625,0.8784288167953491,False,ok,0.03645849999884376
D2_111_nadir,superpoint-lightglue-r1024-k8192,superpoint,lightglue,1024,8192,797,100_0010_0067.JPG,100_0010_0070.JPG,2918,3101,1189,577,0.4852817493692178,197.73817683344757,0.703125,0.640625,0.8594889640808105,False,ok,0.03770069999882253
D2_111_nadir,superpoint-lightglue-r1024-k8192,superpoint,lightglue,1024,8192,798,100_0010_0067.JPG,100_0010_0071.JPG,2918,3137,1205,607,0.5037344398340249,208.01919122686772,0.734375,0.671875,0.8698598742485046,False,ok,0.03474119999737013
D2_111_nadir,superpoint-lightglue-r1024-k8192,superpoint,lightglue,1024,8192,799,100_0010_0067.JPG,100_0010_0072.JPG,2918,2807,1205,569,0.4721991701244813,202.70751692198075,0.65625,0.65625,0.868809163570404,False,ok,0.028124100004788488
D2_111_nadir,superpoint-lightglue-r1024-k8192,superpoint,lightglue,1024,8192,800,100_0010_0067.JPG,100_0010_0073.JPG,2918,2495,904,421,0.4657079646017699,168.7374749498998,0.5625,0.5625,0.873997151851654,False,ok,0.02937779999774648
D2_111_nadir,superpoint-lightglue-r1024-k8192,superpoint,lightglue,1024,8192,801,100_0010_0067.JPG,100_0010_0074.JPG,2918,2204,556,252,0.45323741007194246,114.33756805807623,0.359375,0.375,0.8776920437812805,False,ok,0.024638299997604918
D2_111_nadir,superpoint-lightglue-r1024-k8192,superpoint,lightglue,1024,8192,802,100_0010_0067.JPG,100_0010_0075.JPG,2918,2322,396,168,0.42424242424242425,72.3514211886305,0.203125,0.25,0.8454282879829407,False,ok,0.02595459999429295
D2_111_nadir,superpoint-lightglue-r1024-k8192,superpoint,lightglue,1024,8192,803,100_0010_0068.JPG,100_0010_0069.JPG,2955,2887,1765,911,0.5161473087818697,315.55247661932805,0.875,0.875,0.8622602820396423,False,ok,0.037556499999482185
D2_111_nadir,superpoint-lightglue-r1024-k8192,superpoint,lightglue,1024,8192,804,100_0010_0068.JPG,100_0010_0070.JPG,2955,3101,1296,605,0.466820987654321,204.7377326565144,0.71875,0.734375,0.8562836647033691,False,ok,0.037380599998869
D2_111_nadir,superpoint-lightglue-r1024-k8192,superpoint,lightglue,1024,8192,805,100_0010_0068.JPG,100_0010_0071.JPG,2955,3137,1284,627,0.4883177570093458,212.18274111675126,0.734375,0.75,0.8586839437484741,False,ok,0.03768839999975171
D2_111_nadir,superpoint-lightglue-r1024-k8192,superpoint,lightglue,1024,8192,806,100_0010_0068.JPG,100_0010_0072.JPG,2955,2807,973,459,0.47173689619732784,163.51977199857498,0.546875,0.5625,0.8851904273033142,False,ok,0.0331780999986222
D2_111_nadir,superpoint-lightglue-r1024-k8192,superpoint,lightglue,1024,8192,807,100_0010_0068.JPG,100_0010_0073.JPG,2955,2495,718,311,0.4331476323119777,124.64929859719439,0.46875,0.4375,0.8513243198394775,False,ok,0.03149759999359958
D2_111_nadir,superpoint-lightglue-r1024-k8192,superpoint,lightglue,1024,8192,808,100_0010_0068.JPG,100_0010_0074.JPG,2955,2204,368,168,0.45652173913043476,76.22504537205081,0.25,0.25,0.8324419856071472,False,ok,0.028352900000754744
D2_111_nadir,superpoint-lightglue-r1024-k8192,superpoint,lightglue,1024,8192,809,100_0010_0068.JPG,100_0010_0075.JPG,2955,2322,202,90,0.44554455445544555,38.75968992248062,0.15625,0.1875,0.7002906203269958,False,ok,0.03212929999426706
D2_111_nadir,superpoint-lightglue-r1024-k8192,superpoint,lightglue,1024,8192,810,100_0010_0068.JPG,100_0010_0076.JPG,2955,2449,21,9,0.42857142857142855,3.6749693752552064,0.109375,0.09375,0.23687942326068878,True,ok,0.02817009999853326
D2_111_nadir,superpoint-lightglue-r1024-k8192,superpoint,lightglue,1024,8192,811,100_0010_0069.JPG,100_0010_0070.JPG,2887,3101,1842,916,0.49728555917481,317.28437824731554,0.859375,0.859375,0.8650490641593933,False,ok,0.03511430000071414
D2_111_nadir,superpoint-lightglue-r1024-k8192,superpoint,lightglue,1024,8192,812,100_0010_0069.JPG,100_0010_0071.JPG,2887,3137,1769,919,0.5195025438100622,318.32351922410805,0.859375,0.859375,0.8598246574401855,False,ok,0.03832140000304207
D2_111_nadir,superpoint-lightglue-r1024-k8192,superpoint,lightglue,1024,8192,813,100_0010_0069.JPG,100_0010_0072.JPG,2887,2807,1277,587,0.4596711041503524,209.12005700035624,0.65625,0.6875,0.8802062273025513,False,ok,0.03634829999646172
D2_111_nadir,superpoint-lightglue-r1024-k8192,superpoint,lightglue,1024,8192,814,100_0010_0069.JPG,100_0010_0073.JPG,2887,2495,896,387,0.43191964285714285,155.11022044088176,0.546875,0.546875,0.8561792373657227,False,ok,0.03135119999933522
D2_111_nadir,superpoint-lightglue-r1024-k8192,superpoint,lightglue,1024,8192,815,100_0010_0069.JPG,100_0010_0074.JPG,2887,2204,495,219,0.44242424242424244,99.36479128856624,0.3125,0.3125,0.8174233436584473,False,ok,0.031780700002855156
D2_111_nadir,superpoint-lightglue-r1024-k8192,superpoint,lightglue,1024,8192,816,100_0010_0069.JPG,100_0010_0075.JPG,2887,2322,277,113,0.40794223826714804,48.66494401378122,0.1875,0.21875,0.7684967517852783,False,ok,0.031057500003953464
D2_111_nadir,superpoint-lightglue-r1024-k8192,superpoint,lightglue,1024,8192,817,100_0010_0069.JPG,100_0010_0076.JPG,2887,2449,19,9,0.47368421052631576,3.6749693752552064,0.109375,0.109375,0.1834266185760498,True,ok,0.03069899999536574
D2_111_nadir,superpoint-lightglue-r1024-k8192,superpoint,lightglue,1024,8192,818,100_0010_0069.JPG,100_0010_0077.JPG,2887,2852,18,8,0.4444444444444444,2.805049088359046,0.109375,0.078125,0.20220217108726501,True,ok,0.03102729999955045
D2_111_nadir,superpoint-lightglue-r1024-k8192,superpoint,lightglue,1024,8192,819,100_0010_0069.JPG,100_0010_0101.JPG,2887,3108,732,358,0.4890710382513661,124.00415656390717,0.609375,0.53125,0.8595556020736694,False,ok,0.03410779999830993
D2_111_nadir,superpoint-lightglue-r1024-k8192,superpoint,lightglue,1024,8192,820,100_0010_0069.JPG,100_0010_0102.JPG,2887,3058,795,385,0.48427672955974843,133.35642535503985,0.59375,0.53125,0.8497352004051208,False,ok,0.033859399998618755
D2_111_nadir,superpoint-lightglue-r1024-k8192,superpoint,lightglue,1024,8192,821,100_0010_0069.JPG,100_0010_0103.JPG,2887,3260,14,8,0.5714285714285714,2.7710426047800487,0.109375,0.09375,0.1817268431186676,True,ok,0.034636099997442216
D2_111_nadir,superpoint-lightglue-r1024-k8192,superpoint,lightglue,1024,8192,822,100_0010_0069.JPG,100_0010_0104.JPG,2887,3388,14,8,0.5714285714285714,2.7710426047800487,0.09375,0.09375,0.18643179535865784,True,ok,0.0348121999995783
D2_111_nadir,superpoint-lightglue-r1024-k8192,superpoint,lightglue,1024,8192,823,100_0010_0069.JPG,100_0010_0105.JPG,2887,3496,11,7,0.6363636363636364,2.4246622791825425,0.09375,0.078125,0.1593090146780014,True,ok,0.03973290000431007
D2_111_nadir,superpoint-lightglue-r1024-k8192,superpoint,lightglue,1024,8192,824,100_0010_0069.JPG,100_0010_0106.JPG,2887,3438,10,7,0.7,2.4246622791825425,0.078125,0.0625,0.1456681787967682,True,ok,0.03941769999801181
D2_111_nadir,superpoint-lightglue-r1024-k8192,superpoint,lightglue,1024,8192,825,100_0010_0070.JPG,100_0010_0071.JPG,3101,3137,2460,1145,0.4654471544715447,369.2357304095453,1.0,1.0,0.8573077321052551,False,ok,0.04806520000420278
D2_111_nadir,superpoint-lightglue-r1024-k8192,superpoint,lightglue,1024,8192,826,100_0010_0070.JPG,100_0010_0072.JPG,3101,2807,1619,807,0.49845583693638046,287.4955468471678,0.75,0.8125,0.8217833638191223,False,ok,0.04610590000083903
D2_111_nadir,superpoint-lightglue-r1024-k8192,superpoint,lightglue,1024,8192,827,100_0010_0070.JPG,100_0010_0073.JPG,3101,2495,1075,509,0.47348837209302325,204.00801603206412,0.609375,0.625,0.8264874815940857,False,ok,0.0399598000003607
D2_111_nadir,superpoint-lightglue-r1024-k8192,superpoint,lightglue,1024,8192,828,100_0010_0070.JPG,100_0010_0074.JPG,3101,2204,551,239,0.4337568058076225,108.43920145190563,0.34375,0.359375,0.8250874280929565,False,ok,0.03191769999830285
D2_111_nadir,superpoint-lightglue-r1024-k8192,superpoint,lightglue,1024,8192,829,100_0010_0070.JPG,100_0010_0075.JPG,3101,2322,312,126,0.40384615384615385,54.263565891472865,0.21875,0.234375,0.7575491070747375,False,ok,0.02796669999952428
D2_111_nadir,superpoint-lightglue-r1024-k8192,superpoint,lightglue,1024,8192,830,100_0010_0070.JPG,100_0010_0076.JPG,3101,2449,16,8,0.5,3.2666394446712945,0.109375,0.09375,0.15404832363128662,True,ok,0.026649899999029003
D2_111_nadir,superpoint-lightglue-r1024-k8192,superpoint,lightglue,1024,8192,831,100_0010_0070.JPG,100_0010_0077.JPG,3101,2852,19,9,0.47368421052631576,3.1556802244039273,0.125,0.09375,0.20611155033111572,True,ok,0.03332429999863962
D2_111_nadir,superpoint-lightglue-r1024-k8192,superpoint,lightglue,1024,8192,832,100_0010_0070.JPG,100_0010_0078.JPG,3101,3401,33,9,0.2727272727272727,2.9022895840051595,0.109375,0.09375,0.24021145701408386,True,ok,0.027920100001210812
D2_111_nadir,superpoint-lightglue-r1024-k8192,superpoint,lightglue,1024,8192,833,100_0010_0070.JPG,100_0010_0100.JPG,3101,2784,861,370,0.429732868757259,132.9022988505747,0.5625,0.484375,0.8056227564811707,False,ok,0.03823510000074748
D2_111_nadir,superpoint-lightglue-r1024-k8192,superpoint,lightglue,1024,8192,834,100_0010_0070.JPG,100_0010_0101.JPG,3101,3108,1011,454,0.44906033630069236,146.40438568203805,0.71875,0.65625,0.7974637746810913,False,ok,0.037408300006063655
D2_111_nadir,superpoint-lightglue-r1024-k8192,superpoint,lightglue,1024,8192,835,100_0010_0070.JPG,100_0010_0102.JPG,3101,3058,1090,460,0.42201834862385323,150.42511445389144,0.71875,0.640625,0.7853248119354248,False,ok,0.04054550000000745
D2_111_nadir,superpoint-lightglue-r1024-k8192,superpoint,lightglue,1024,8192,836,100_0010_0070.JPG,100_0010_0103.JPG,3101,3260,22,9,0.4090909090909091,2.9022895840051595,0.109375,0.078125,0.20838241279125214,True,ok,0.03233639999962179
D2_111_nadir,superpoint-lightglue-r1024-k8192,superpoint,lightglue,1024,8192,837,100_0010_0070.JPG,100_0010_0104.JPG,3101,3388,31,9,0.2903225806451613,2.9022895840051595,0.09375,0.125,0.16961102187633514,True,ok,0.036015099998621736
D2_111_nadir,superpoint-lightglue-r1024-k8192,superpoint,lightglue,1024,8192,838,100_0010_0070.JPG,100_0010_0105.JPG,3101,3496,22,10,0.45454545454545453,3.2247662044501775,0.140625,0.140625,0.1645786613225937,True,ok,0.03318550000403775
D2_111_nadir,superpoint-lightglue-r1024-k8192,superpoint,lightglue,1024,8192,839,100_0010_0071.JPG,100_0010_0072.JPG,3137,2807,1670,875,0.5239520958083832,311.7206982543641,0.796875,0.84375,0.831193745136261,False,ok,0.06206139999994775
D2_111_nadir,superpoint-lightglue-r1024-k8192,superpoint,lightglue,1024,8192,840,100_0010_0071.JPG,100_0010_0073.JPG,3137,2495,1106,522,0.4719710669077758,209.2184368737475,0.609375,0.609375,0.8312348127365112,False,ok,0.04026190000149654
D2_111_nadir,superpoint-lightglue-r1024-k8192,superpoint,lightglue,1024,8192,841,100_0010_0071.JPG,100_0010_0074.JPG,3137,2204,575,251,0.4365217391304348,113.88384754990926,0.34375,0.34375,0.83097243309021,False,ok,0.03137090000382159
D2_111_nadir,superpoint-lightglue-r1024-k8192,superpoint,lightglue,1024,8192,842,100_0010_0071.JPG,100_0010_0075.JPG,3137,2322,333,133,0.3993993993993994,57.27820844099914,0.21875,0.234375,0.8016074895858765,False,ok,0.03443929999775719
D2_111_nadir,superpoint-lightglue-r1024-k8192,superpoint,lightglue,1024,8192,843,100_0010_0071.JPG,100_0010_0076.JPG,3137,2449,20,9,0.45,3.6749693752552064,0.125,0.125,0.13699790835380554,True,ok,0.032756599997810554
D2_111_nadir,superpoint-lightglue-r1024-k8192,superpoint,lightglue,1024,8192,844,100_0010_0071.JPG,100_0010_0077.JPG,3137,2852,19,9,0.47368421052631576,3.1556802244039273,0.078125,0.078125,0.21417708694934845,True,ok,0.033793900001910515
D2_111_nadir,superpoint-lightglue-r1024-k8192,superpoint,lightglue,1024,8192,845,100_0010_0071.JPG,100_0010_0078.JPG,3137,3401,17,8,0.47058823529411764,2.550207204335352,0.109375,0.125,0.1814497411251068,True,ok,0.03769969999848399
D2_111_nadir,superpoint-lightglue-r1024-k8192,superpoint,lightglue,1024,8192,846,100_0010_0071.JPG,100_0010_0079.JPG,3137,3726,25,10,0.4,3.18775900541919,0.09375,0.09375,0.19940681755542755,True,ok,0.04054280000127619
D2_111_nadir,superpoint-lightglue-r1024-k8192,superpoint,lightglue,1024,8192,847,100_0010_0071.JPG,100_0010_0100.JPG,3137,2784,898,408,0.45434298440979953,146.55172413793105,0.5625,0.5,0.8168402910232544,False,ok,0.042918099999951664
D2_111_nadir,superpoint-lightglue-r1024-k8192,superpoint,lightglue,1024,8192,848,100_0010_0071.JPG,100_0010_0101.JPG,3137,3108,1077,496,0.4605385329619313,159.58815958815958,0.734375,0.671875,0.7985438704490662,False,ok,0.04145299999800045
D2_111_nadir,superpoint-lightglue-r1024-k8192,superpoint,lightglue,1024,8192,849,100_0010_0071.JPG,100_0010_0102.JPG,3137,3058,1145,524,0.4576419213973799,171.35382603008503,0.734375,0.671875,0.8018632531166077,False,ok,0.04369130000122823
D2_111_nadir,superpoint-lightglue-r1024-k8192,superpoint,lightglue,1024,8192,850,100_0010_0071.JPG,100_0010_0103.JPG,3137,3260,25,10,0.4,3.18775900541919,0.125,0.125,0.1738651692867279,True,ok,0.03378620000148658
D2_111_nadir,superpoint-lightglue-r1024-k8192,superpoint,lightglue,1024,8192,851,100_0010_0071.JPG,100_0010_0104.JPG,3137,3388,17,8,0.47058823529411764,2.550207204335352,0.09375,0.078125,0.20923975110054016,True,ok,0.03487409999797819
D2_111_nadir,superpoint-lightglue-r1024-k8192,superpoint,lightglue,1024,8192,852,100_0010_0071.JPG,100_0010_0105.JPG,3137,3496,13,7,0.5384615384615384,2.2314313037934332,0.09375,0.109375,0.15263128280639648,True,ok,0.03894320000108564
D2_111_nadir,superpoint-lightglue-r1024-k8192,superpoint,lightglue,1024,8192,853,100_0010_0072.JPG,100_0010_0073.JPG,2807,2495,1577,653,0.41407736207989854,261.7234468937876,0.84375,0.875,0.8902844190597534,False,ok,0.04328610000084154
D2_111_nadir,superpoint-lightglue-r1024-k8192,superpoint,lightglue,1024,8192,854,100_0010_0072.JPG,100_0010_0074.JPG,2807,2204,1004,552,0.549800796812749,250.45372050816698,0.609375,0.625,0.901636004447937,False,ok,0.027257000001554843
D2_111_nadir,superpoint-lightglue-r1024-k8192,superpoint,lightglue,1024,8192,855,100_0010_0072.JPG,100_0010_0075.JPG,2807,2322,748,375,0.5013368983957219,161.49870801033592,0.421875,0.5,0.898129403591156,False,ok,0.02585240000189515
D2_111_nadir,superpoint-lightglue-r1024-k8192,superpoint,lightglue,1024,8192,856,100_0010_0072.JPG,100_0010_0076.JPG,2807,2449,271,145,0.5350553505535055,59.20783993466721,0.234375,0.25,0.9155369400978088,False,ok,0.022091799997724593
D2_111_nadir,superpoint-lightglue-r1024-k8192,superpoint,lightglue,1024,8192,857,100_0010_0072.JPG,100_0010_0077.JPG,2807,2852,9,7,0.7777777777777778,2.493765586034913,0.09375,0.0625,0.1458866000175476,True,ok,0.047628799999074545
D2_111_nadir,superpoint-lightglue-r1024-k8192,superpoint,lightglue,1024,8192,858,100_0010_0072.JPG,100_0010_0078.JPG,2807,3401,35,10,0.2857142857142857,3.562522265764161,0.125,0.109375,0.1882203072309494,True,ok,0.03556799999932991
D2_111_nadir,superpoint-lightglue-r1024-k8192,superpoint,lightglue,1024,8192,859,100_0010_0072.JPG,100_0010_0079.JPG,2807,3726,18,8,0.4444444444444444,2.8500178126113287,0.09375,0.09375,0.17938286066055298,True,ok,0.03073469999799272
D2_111_nadir,superpoint-lightglue-r1024-k8192,superpoint,lightglue,1024,8192,860,100_0010_0072.JPG,100_0010_0080.JPG,2807,3920,23,9,0.391304347826087,3.206270039187745,0.140625,0.0625,0.21121691167354584,True,ok,0.03842399999848567
D2_111_nadir,superpoint-lightglue-r1024-k8192,superpoint,lightglue,1024,8192,861,100_0010_0072.JPG,100_0010_0099.JPG,2807,2536,1002,505,0.5039920159680639,199.13249211356467,0.59375,0.59375,0.868108868598938,False,ok,0.03430649999791058
D2_111_nadir,superpoint-lightglue-r1024-k8192,superpoint,lightglue,1024,8192,862,100_0010_0072.JPG,100_0010_0100.JPG,2807,2784,1251,650,0.5195843325339728,233.47701149425288,0.75,0.703125,0.8524508476257324,False,ok,0.03818170000158716
D2_111_nadir,superpoint-lightglue-r1024-k8192,superpoint,lightglue,1024,8192,863,100_0010_0072.JPG,100_0010_0101.JPG,2807,3108,1026,487,0.4746588693957115,173.49483434271465,0.65625,0.578125,0.8126688003540039,False,ok,0.037698800006182864
D2_111_nadir,superpoint-lightglue-r1024-k8192,superpoint,lightglue,1024,8192,864,100_0010_0072.JPG,100_0010_0102.JPG,2807,3058,922,422,0.45770065075921906,150.3384396152476,0.65625,0.5625,0.8068584203720093,False,ok,0.03763729999627685
D2_111_nadir,superpoint-lightglue-r1024-k8192,superpoint,lightglue,1024,8192,865,100_0010_0072.JPG,100_0010_0103.JPG,2807,3260,281,148,0.5266903914590747,52.72532953330958,0.21875,0.21875,0.8846127390861511,False,ok,0.031900199996016454
D2_111_nadir,superpoint-lightglue-r1024-k8192,superpoint,lightglue,1024,8192,866,100_0010_0072.JPG,100_0010_0104.JPG,2807,3388,103,49,0.47572815533980584,17.456359102244388,0.125,0.140625,0.7694249749183655,False,ok,0.036777300003450364
D2_111_nadir,superpoint-lightglue-r1024-k8192,superpoint,lightglue,1024,8192,867,100_0010_0072.JPG,100_0010_0105.JPG,2807,3496,22,9,0.4090909090909091,3.206270039187745,0.125,0.109375,0.21390658617019653,True,ok,0.03583479999360861
D2_111_nadir,superpoint-lightglue-r1024-k8192,superpoint,lightglue,1024,8192,868,100_0010_0072.JPG,100_0010_0106.JPG,2807,3438,18,8,0.4444444444444444,2.8500178126113287,0.09375,0.078125,0.2369026392698288,True,ok,0.037411900004372
D2_111_nadir,superpoint-lightglue-r1024-k8192,superpoint,lightglue,1024,8192,869,100_0010_0073.JPG,100_0010_0074.JPG,2495,2204,1395,737,0.5283154121863799,334.39201451905626,0.828125,0.875,0.9060569405555725,False,ok,0.0201154000023962
D2_111_nadir,superpoint-lightglue-r1024-k8192,superpoint,lightglue,1024,8192,870,100_0010_0073.JPG,100_0010_0075.JPG,2495,2322,1081,583,0.5393154486586494,251.07665805340224,0.625,0.625,0.9264471530914307,False,ok,0.02626320000126725
D2_111_nadir,superpoint-lightglue-r1024-k8192,superpoint,lightglue,1024,8192,871,100_0010_0073.JPG,100_0010_0076.JPG,2495,2449,608,353,0.5805921052631579,144.14046549612087,0.46875,0.46875,0.9350953102111816,False,ok,0.018345800002862234
D2_111_nadir,superpoint-lightglue-r1024-k8192,superpoint,lightglue,1024,8192,872,100_0010_0073.JPG,100_0010_0077.JPG,2495,2852,322,176,0.546583850931677,70.54108216432866,0.25,0.25,0.9227871298789978,False,ok,0.02040370000031544
D2_111_nadir,superpoint-lightglue-r1024-k8192,superpoint,lightglue,1024,8192,873,100_0010_0073.JPG,100_0010_0078.JPG,2495,3401,82,14,0.17073170731707318,5.61122244488978,0.125,0.125,0.2640784680843353,True,ok,0.028285199994570576
D2_111_nadir,superpoint-lightglue-r1024-k8192,superpoint,lightglue,1024,8192,874,100_0010_0073.JPG,100_0010_0079.JPG,2495,3726,13,8,0.6153846153846154,3.2064128256513027,0.109375,0.09375,0.19190707802772522,True,ok,0.03250520000437973
D2_111_nadir,superpoint-lightglue-r1024-k8192,superpoint,lightglue,1024,8192,875,100_0010_0073.JPG,100_0010_0080.JPG,2495,3920,21,9,0.42857142857142855,3.6072144288577155,0.125,0.125,0.15919382870197296,True,ok,0.03694930000347085
D2_111_nadir,superpoint-lightglue-r1024-k8192,superpoint,lightglue,1024,8192,876,100_0010_0073.JPG,100_0010_0081.JPG,2495,3949,36,10,0.2777777777777778,4.008016032064128,0.125,0.109375,0.20724231004714966,True,ok,0.03814859999692999
D2_111_nadir,superpoint-lightglue-r1024-k8192,superpoint,lightglue,1024,8192,877,100_0010_0073.JPG,100_0010_0098.JPG,2495,2427,957,520,0.5433646812957158,214.2562834775443,0.578125,0.59375,0.9170825481414795,False,ok,0.018750000002910383
D2_111_nadir,superpoint-lightglue-r1024-k8192,superpoint,lightglue,1024,8192,878,100_0010_0073.JPG,100_0010_0099.JPG,2495,2536,1268,678,0.5347003154574133,271.7434869739479,0.75,0.71875,0.8837850093841553,False,ok,0.0299075000002631
D2_111_nadir,superpoint-lightglue-r1024-k8192,superpoint,lightglue,1024,8192,879,100_0010_0073.JPG,100_0010_0100.JPG,2495,2784,1080,534,0.49444444444444446,214.02805611222445,0.65625,0.625,0.8795501589775085,False,ok,0.03361469999799738
D2_111_nadir,superpoint-lightglue-r1024-k8192,superpoint,lightglue,1024,8192,880,100_0010_0073.JPG,100_0010_0101.JPG,2495,3108,792,370,0.4671717171717172,148.29659318637275,0.5,0.40625,0.8422122597694397,False,ok,0.034570600000733975
D2_111_nadir,superpoint-lightglue-r1024-k8192,superpoint,lightglue,1024,8192,881,100_0010_0073.JPG,100_0010_0102.JPG,2495,3058,710,300,0.4225352112676056,120.24048096192385,0.46875,0.421875,0.8326224088668823,False,ok,0.03398829999787267
D2_111_nadir,superpoint-lightglue-r1024-k8192,superpoint,lightglue,1024,8192,882,100_0010_0073.JPG,100_0010_0103.JPG,2495,3260,484,229,0.4731404958677686,91.78356713426854,0.4375,0.328125,0.9021648168563843,False,ok,0.024935800000093877
D2_111_nadir,superpoint-lightglue-r1024-k8192,superpoint,lightglue,1024,8192,883,100_0010_0073.JPG,100_0010_0104.JPG,2495,3388,358,172,0.48044692737430167,68.937875751503,0.296875,0.21875,0.8636646866798401,False,ok,0.022981499998422805
D2_111_nadir,superpoint-lightglue-r1024-k8192,superpoint,lightglue,1024,8192,884,100_0010_0073.JPG,100_0010_0105.JPG,2495,3496,163,77,0.4723926380368098,30.861723446893787,0.125,0.125,0.8731256723403931,False,ok,0.03372420000232523
D2_111_nadir,superpoint-lightglue-r1024-k8192,superpoint,lightglue,1024,8192,885,100_0010_0073.JPG,100_0010_0106.JPG,2495,3438,43,10,0.23255813953488372,4.008016032064128,0.140625,0.09375,0.2311784327030182,True,ok,0.031201900004816707
D2_111_nadir,superpoint-lightglue-r1024-k8192,superpoint,lightglue,1024,8192,886,100_0010_0073.JPG,100_0010_0107.JPG,2495,3602,49,11,0.22448979591836735,4.408817635270541,0.125,0.125,0.2248411923646927,True,ok,0.03248810000513913
D2_111_nadir,superpoint-lightglue-r1024-k8192,superpoint,lightglue,1024,8192,887,100_0010_0074.JPG,100_0010_0075.JPG,2204,2322,1492,842,0.564343163538874,382.03266787658805,0.875,0.875,0.910709798336029,False,ok,0.017891299998154864
D2_111_nadir,superpoint-lightglue-r1024-k8192,superpoint,lightglue,1024,8192,888,100_0010_0074.JPG,100_0010_0076.JPG,2204,2449,946,568,0.6004228329809725,257.7132486388385,0.625,0.625,0.941571831703186,False,ok,0.017447500002162997
D2_111_nadir,superpoint-lightglue-r1024-k8192,superpoint,lightglue,1024,8192,889,100_0010_0074.JPG,100_0010_0077.JPG,2204,2852,609,348,0.5714285714285714,157.89473684210526,0.484375,0.5,0.94524085521698,False,ok,0.01954480000131298
D2_111_nadir,superpoint-lightglue-r1024-k8192,superpoint,lightglue,1024,8192,890,100_0010_0074.JPG,100_0010_0078.JPG,2204,3401,289,155,0.5363321799307958,70.32667876588022,0.25,0.25,0.9266443252563477,False,ok,0.022311699998681433
D2_111_nadir,superpoint-lightglue-r1024-k8192,superpoint,lightglue,1024,8192,891,100_0010_0074.JPG,100_0010_0079.JPG,2204,3726,66,10,0.15151515151515152,4.537205081669692,0.140625,0.109375,0.21641217172145844,True,ok,0.03135429999383632
D2_111_nadir,superpoint-lightglue-r1024-k8192,superpoint,lightglue,1024,8192,892,100_0010_0074.JPG,100_0010_0080.JPG,2204,3920,27,9,0.3333333333333333,4.083484573502722,0.125,0.09375,0.17788030207157135,True,ok,0.030653200003143866
D2_111_nadir,superpoint-lightglue-r1024-k8192,superpoint,lightglue,1024,8192,893,100_0010_0074.JPG,100_0010_0081.JPG,2204,3949,38,9,0.23684210526315788,4.083484573502722,0.109375,0.109375,0.22027289867401123,True,ok,0.03113640000083251
D2_111_nadir,superpoint-lightglue-r1024-k8192,superpoint,lightglue,1024,8192,894,100_0010_0074.JPG,100_0010_0082.JPG,2204,3549,25,9,0.36,4.083484573502722,0.125,0.09375,0.22339288890361786,True,ok,0.031036300002597272
D2_111_nadir,superpoint-lightglue-r1024-k8192,superpoint,lightglue,1024,8192,895,100_0010_0074.JPG,100_0010_0096.JPG,2204,2702,677,357,0.5273264401772526,161.97822141560798,0.46875,0.46875,0.9435276985168457,False,ok,0.018836000002920628
D2_111_nadir,superpoint-lightglue-r1024-k8192,superpoint,lightglue,1024,8192,896,100_0010_0074.JPG,100_0010_0097.JPG,2204,2393,1045,590,0.5645933014354066,267.6950998185118,0.5625,0.609375,0.9077741503715515,False,ok,0.019620999999460764
D2_111_nadir,superpoint-lightglue-r1024-k8192,superpoint,lightglue,1024,8192,897,100_0010_0074.JPG,100_0010_0098.JPG,2204,2427,1197,684,0.5714285714285714,310.3448275862069,0.734375,0.71875,0.9170117974281311,False,ok,0.01671409999835305
D2_111_nadir,superpoint-lightglue-r1024-k8192,superpoint,lightglue,1024,8192,898,100_0010_0074.JPG,100_0010_0099.JPG,2204,2536,1030,535,0.5194174757281553,242.7404718693285,0.640625,0.625,0.917359471321106,False,ok,0.021283000001858454
D2_111_nadir,superpoint-lightglue-r1024-k8192,superpoint,lightglue,1024,8192,899,100_0010_0074.JPG,100_0010_0100.JPG,2204,2784,773,366,0.47347994825355755,166.06170598911072,0.53125,0.4375,0.8930708169937134,False,ok,0.02756019999651471
D2_111_nadir,superpoint-lightglue-r1024-k8192,superpoint,lightglue,1024,8192,900,100_0010_0074.JPG,100_0010_0104.JPG,2204,3388,559,286,0.5116279069767442,129.76406533575317,0.46875,0.375,0.8832499980926514,False,ok,0.02082890000019688
D2_111_nadir,superpoint-lightglue-r1024-k8192,superpoint,lightglue,1024,8192,901,100_0010_0074.JPG,100_0010_0105.JPG,2204,3496,416,205,0.49278846153846156,93.01270417422867,0.375,0.359375,0.8393287658691406,False,ok,0.024868799999239855
D2_111_nadir,superpoint-lightglue-r1024-k8192,superpoint,lightglue,1024,8192,902,100_0010_0074.JPG,100_0010_0106.JPG,2204,3438,201,103,0.5124378109452736,46.73321234119782,0.21875,0.25,0.8660078644752502,False,ok,0.027704299995093606
D2_111_nadir,superpoint-lightglue-r1024-k8192,superpoint,lightglue,1024,8192,903,100_0010_0074.JPG,100_0010_0107.JPG,2204,3602,20,9,0.45,4.083484573502722,0.125,0.09375,0.25190994143486023,True,ok,0.050159799997345544
D2_111_nadir,superpoint-lightglue-r1024-k8192,superpoint,lightglue,1024,8192,904,100_0010_0074.JPG,100_0010_0108.JPG,2204,3521,15,8,0.5333333333333333,3.629764065335753,0.109375,0.078125,0.25362148880958557,True,ok,0.04519770000479184
D2_111_nadir,superpoint-lightglue-r1024-k8192,superpoint,lightglue,1024,8192,905,100_0010_0075.JPG,100_0010_0076.JPG,2322,2449,1361,610,0.4481998530492285,262.7045650301464,0.859375,0.84375,0.938916027545929,False,ok,0.02625570000236621
D2_111_nadir,superpoint-lightglue-r1024-k8192,superpoint,lightglue,1024,8192,906,100_0010_0075.JPG,100_0010_0077.JPG,2322,2852,993,389,0.391742195367573,167.52799310938846,0.609375,0.625,0.9340064525604248,False,ok,0.018096799998602364
D2_111_nadir,superpoint-lightglue-r1024-k8192,superpoint,lightglue,1024,8192,907,100_0010_0075.JPG,100_0010_0078.JPG,2322,3401,642,357,0.5560747663551402,153.7467700258398,0.5,0.484375,0.9047391414642334,False,ok,0.02024649999657413
D2_111_nadir,superpoint-lightglue-r1024-k8192,superpoint,lightglue,1024,8192,908,100_0010_0075.JPG,100_0010_0079.JPG,2322,3726,346,185,0.5346820809248555,79.67269595176572,0.25,0.25,0.8850932121276855,False,ok,0.02577259999816306
D2_111_nadir,superpoint-lightglue-r1024-k8192,superpoint,lightglue,1024,8192,909,100_0010_0075.JPG,100_0010_0080.JPG,2322,3920,43,14,0.32558139534883723,6.029285099052541,0.09375,0.109375,0.3295474946498871,True,ok,0.03553099999408005
D2_111_nadir,superpoint-lightglue-r1024-k8192,superpoint,lightglue,1024,8192,910,100_0010_0075.JPG,100_0010_0081.JPG,2322,3949,49,9,0.1836734693877551,3.875968992248062,0.109375,0.125,0.21434734761714935,True,ok,0.031222700003127102
D2_111_nadir,superpoint-lightglue-r1024-k8192,superpoint,lightglue,1024,8192,911,100_0010_0075.JPG,100_0010_0082.JPG,2322,3549,23,9,0.391304347826087,3.875968992248062,0.140625,0.125,0.2085041105747223,True,ok,0.035828700005367864
D2_111_nadir,superpoint-lightglue-r1024-k8192,superpoint,lightglue,1024,8192,912,100_0010_0075.JPG,100_0010_0083.JPG,2322,3109,33,11,0.3333333333333333,4.7372954349698535,0.140625,0.15625,0.15443706512451172,True,ok,0.03139340000052471
D2_111_nadir,superpoint-lightglue-r1024-k8192,superpoint,lightglue,1024,8192,913,100_0010_0075.JPG,100_0010_0095.JPG,2322,3243,726,386,0.5316804407713499,166.23600344530578,0.46875,0.46875,0.922063410282135,False,ok,0.021561100002145395
D2_111_nadir,superpoint-lightglue-r1024-k8192,superpoint,lightglue,1024,8192,914,100_0010_0075.JPG,100_0010_0096.JPG,2322,2702,949,547,0.5763962065331928,235.57278208441,0.578125,0.625,0.9303266406059265,False,ok,0.01988080000592163
D2_111_nadir,superpoint-lightglue-r1024-k8192,superpoint,lightglue,1024,8192,915,100_0010_0075.JPG,100_0010_0097.JPG,2322,2393,1299,742,0.5712086220169361,319.5521102497847,0.75,0.75,0.9108986258506775,False,ok,0.018880600000557024
D2_111_nadir,superpoint-lightglue-r1024-k8192,superpoint,lightglue,1024,8192,916,100_0010_0075.JPG,100_0010_0098.JPG,2322,2427,1105,611,0.5529411764705883,263.13522825150733,0.65625,0.640625,0.9110668897628784,False,ok,0.018316299996513408
D2_111_nadir,superpoint-lightglue-r1024-k8192,superpoint,lightglue,1024,8192,917,100_0010_0075.JPG,100_0010_0105.JPG,2322,3496,618,327,0.529126213592233,140.82687338501293,0.546875,0.484375,0.9002102613449097,False,ok,0.02354889999696752
D2_111_nadir,superpoint-lightglue-r1024-k8192,superpoint,lightglue,1024,8192,918,100_0010_0075.JPG,100_0010_0106.JPG,2322,3438,444,237,0.5337837837837838,102.0671834625323,0.375,0.359375,0.8812717795372009,False,ok,0.023617599996214267
D2_111_nadir,superpoint-lightglue-r1024-k8192,superpoint,lightglue,1024,8192,919,100_0010_0075.JPG,100_0010_0107.JPG,2322,3602,332,176,0.5301204819277109,75.79672695951766,0.21875,0.21875,0.8998088836669922,False,ok,0.027467400002933573
D2_111_nadir,superpoint-lightglue-r1024-k8192,superpoint,lightglue,1024,8192,920,100_0010_0075.JPG,100_0010_0108.JPG,2322,3521,118,57,0.4830508474576271,24.54780361757106,0.125,0.125,0.764222264289856,False,ok,0.03765610000118613
D2_111_nadir,superpoint-lightglue-r1024-k8192,superpoint,lightglue,1024,8192,921,100_0010_0076.JPG,100_0010_0077.JPG,2449,2852,1631,904,0.5542611894543225,369.13025724785626,0.875,0.875,0.9275219440460205,False,ok,0.027419199999712873
D2_111_nadir,superpoint-lightglue-r1024-k8192,superpoint,lightglue,1024,8192,922,100_0010_0076.JPG,100_0010_0078.JPG,2449,3401,1261,657,0.52101506740682,268.27276439363004,0.625,0.625,0.8907901644706726,False,ok,0.02459190000081435
D2_111_nadir,superpoint-lightglue-r1024-k8192,superpoint,lightglue,1024,8192,923,100_0010_0076.JPG,100_0010_0079.JPG,2449,3726,928,473,0.509698275862069,193.14005716619027,0.5,0.5,0.8753505349159241,False,ok,0.028436600005079526
D2_111_nadir,superpoint-lightglue-r1024-k8192,superpoint,lightglue,1024,8192,924,100_0010_0076.JPG,100_0010_0080.JPG,2449,3920,576,262,0.4548611111111111,106.98244181298489,0.25,0.25,0.8331993818283081,False,ok,0.033508400003483985
D2_111_nadir,superpoint-lightglue-r1024-k8192,superpoint,lightglue,1024,8192,925,100_0010_0076.JPG,100_0010_0081.JPG,2449,3949,60,25,0.4166666666666667,10.208248264597795,0.0625,0.046875,0.37359338998794556,False,ok,0.0806460000021616
D2_111_nadir,superpoint-lightglue-r1024-k8192,superpoint,lightglue,1024,8192,926,100_0010_0076.JPG,100_0010_0082.JPG,2449,3549,6,0,0.0,0.0,0.0,0.0,0.14153729379177094,True,too_few_matches,0.06477499999891734
D2_111_nadir,superpoint-lightglue-r1024-k8192,superpoint,lightglue,1024,8192,927,100_0010_0076.JPG,100_0010_0083.JPG,2449,3109,22,10,0.45454545454545453,4.083299305839118,0.0625,0.03125,0.18674492835998535,True,ok,0.07020740000007208
D2_111_nadir,superpoint-lightglue-r1024-k8192,superpoint,lightglue,1024,8192,928,100_0010_0076.JPG,100_0010_0084.JPG,2449,2806,22,11,0.5,4.49162923642303,0.140625,0.109375,0.210049107670784,True,ok,0.032458100002259016
D2_111_nadir,superpoint-lightglue-r1024-k8192,superpoint,lightglue,1024,8192,929,100_0010_0076.JPG,100_0010_0094.JPG,2449,3796,964,481,0.49896265560165975,196.4066966108616,0.46875,0.46875,0.8798366785049438,False,ok,0.032375800001318567
D2_111_nadir,superpoint-lightglue-r1024-k8192,superpoint,lightglue,1024,8192,930,100_0010_0076.JPG,100_0010_0095.JPG,2449,3243,1213,616,0.5078318219291014,251.53123723968966,0.59375,0.625,0.9041049480438232,False,ok,0.02996770000027027
D2_111_nadir,superpoint-lightglue-r1024-k8192,superpoint,lightglue,1024,8192,931,100_0010_0076.JPG,100_0010_0096.JPG,2449,2702,1446,816,0.5643153526970954,333.197223356472,0.75,0.75,0.913224995136261,False,ok,0.027873099999851547
D2_111_nadir,superpoint-lightglue-r1024-k8192,superpoint,lightglue,1024,8192,932,100_0010_0076.JPG,100_0010_0097.JPG,2449,2393,1065,572,0.5370892018779343,239.03050564145425,0.65625,0.65625,0.9341790080070496,False,ok,0.019784500000241678
D2_111_nadir,superpoint-lightglue-r1024-k8192,superpoint,lightglue,1024,8192,933,100_0010_0076.JPG,100_0010_0106.JPG,2449,3438,740,353,0.47702702702702704,144.14046549612087,0.625,0.46875,0.8467822074890137,False,ok,0.027653899996948894
D2_111_nadir,superpoint-lightglue-r1024-k8192,superpoint,lightglue,1024,8192,934,100_0010_0076.JPG,100_0010_0107.JPG,2449,3602,693,312,0.45021645021645024,127.39893834218049,0.453125,0.328125,0.8662357926368713,False,ok,0.02783320000162348
D2_111_nadir,superpoint-lightglue-r1024-k8192,superpoint,lightglue,1024,8192,935,100_0010_0076.JPG,100_0010_0108.JPG,2449,3521,510,235,0.46078431372549017,95.95753368721927,0.296875,0.203125,0.8377348780632019,False,ok,0.026630799999111332
D2_111_nadir,superpoint-lightglue-r1024-k8192,superpoint,lightglue,1024,8192,936,100_0010_0076.JPG,100_0010_0109.JPG,2449,3414,213,97,0.45539906103286387,39.60800326663944,0.09375,0.09375,0.8288953900337219,False,ok,0.02617679999821121
D2_111_nadir,superpoint-lightglue-r1024-k8192,superpoint,lightglue,1024,8192,937,100_0010_0077.JPG,100_0010_0078.JPG,2852,3401,1965,1146,0.583206106870229,401.8232819074334,0.875,0.875,0.8818734884262085,False,ok,0.0260606999945594
D2_111_nadir,superpoint-lightglue-r1024-k8192,superpoint,lightglue,1024,8192,938,100_0010_0077.JPG,100_0010_0079.JPG,2852,3726,1653,933,0.5644283121597096,327.1388499298738,0.625,0.625,0.8825282454490662,False,ok,0.0365624000041862
D2_111_nadir,superpoint-lightglue-r1024-k8192,superpoint,lightglue,1024,8192,939,100_0010_0077.JPG,100_0010_0080.JPG,2852,3920,1245,680,0.5461847389558233,238.42917251051892,0.5,0.484375,0.8746541142463684,False,ok,0.039131199999246746
D2_111_nadir,superpoint-lightglue-r1024-k8192,superpoint,lightglue,1024,8192,940,100_0010_0077.JPG,100_0010_0081.JPG,2852,3949,715,377,0.5272727272727272,132.18793828892007,0.25,0.25,0.833166241645813,False,ok,0.0343362000057823
D2_111_nadir,superpoint-lightglue-r1024-k8192,superpoint,lightglue,1024,8192,941,100_0010_0077.JPG,100_0010_0082.JPG,2852,3549,134,57,0.4253731343283582,19.985974754558203,0.15625,0.109375,0.4677446782588959,False,ok,0.05298110000148881
D2_111_nadir,superpoint-lightglue-r1024-k8192,superpoint,lightglue,1024,8192,942,100_0010_0077.JPG,100_0010_0083.JPG,2852,3109,35,9,0.2571428571428571,3.1556802244039273,0.09375,0.046875,0.21183288097381592,True,ok,0.02929489999951329
D2_111_nadir,superpoint-lightglue-r1024-k8192,superpoint,lightglue,1024,8192,943,100_0010_0077.JPG,100_0010_0084.JPG,2852,2806,34,9,0.2647058823529412,3.2074126870990733,0.109375,0.09375,0.20563924312591553,True,ok,0.02151160000357777
D2_111_nadir,superpoint-lightglue-r1024-k8192,superpoint,lightglue,1024,8192,944,100_0010_0077.JPG,100_0010_0085.JPG,2852,2774,38,9,0.23684210526315788,3.2444124008651767,0.109375,0.109375,0.1961386650800705,True,ok,0.02178730000014184
D2_111_nadir,superpoint-lightglue-r1024-k8192,superpoint,lightglue,1024,8192,945,100_0010_0077.JPG,100_0010_0093.JPG,2852,4077,1309,619,0.47288006111535524,217.0406732117812,0.46875,0.46875,0.8819125890731812,False,ok,0.03623700000025565
D2_111_nadir,superpoint-lightglue-r1024-k8192,superpoint,lightglue,1024,8192,946,100_0010_0077.JPG,100_0010_0094.JPG,2852,3796,1526,736,0.48230668414154654,258.06451612903226,0.609375,0.65625,0.8751238584518433,False,ok,0.03100789999734843
D2_111_nadir,superpoint-lightglue-r1024-k8192,superpoint,lightglue,1024,8192,947,100_0010_0077.JPG,100_0010_0095.JPG,2852,3243,1783,944,0.5294447560291643,330.9957924263675,0.75,0.75,0.8907527327537537,False,ok,0.03459600000496721
D2_111_nadir,superpoint-lightglue-r1024-k8192,superpoint,lightglue,1024,8192,948,100_0010_0077.JPG,100_0010_0096.JPG,2852,2702,1311,686,0.5232646834477498,253.8860103626943,0.65625,0.65625,0.9042832851409912,False,ok,0.026538799997069873
D2_111_nadir,superpoint-lightglue-r1024-k8192,superpoint,lightglue,1024,8192,949,100_0010_0077.JPG,100_0010_0097.JPG,2852,2393,798,433,0.5426065162907269,180.94442122858337,0.53125,0.53125,0.9295244216918945,False,ok,0.02075170000171056
D2_111_nadir,superpoint-lightglue-r1024-k8192,superpoint,lightglue,1024,8192,950,100_0010_0077.JPG,100_0010_0107.JPG,2852,3602,970,423,0.43608247422680413,148.31697054698458,0.59375,0.421875,0.8457155823707581,False,ok,0.032066500003566034
D2_111_nadir,superpoint-lightglue-r1024-k8192,superpoint,lightglue,1024,8192,951,100_0010_0077.JPG,100_0010_0108.JPG,2852,3521,785,330,0.42038216560509556,115.70827489481066,0.421875,0.34375,0.8613028526306152,False,ok,0.032988200000545476
D2_111_nadir,superpoint-lightglue-r1024-k8192,superpoint,lightglue,1024,8192,952,100_0010_0077.JPG,100_0010_0109.JPG,2852,3414,550,259,0.4709090909090909,90.81346423562412,0.28125,0.265625,0.8635672330856323,False,ok,0.028032700000039767
D2_111_nadir,superpoint-lightglue-r1024-k8192,superpoint,lightglue,1024,8192,953,100_0010_0078.JPG,100_0010_0079.JPG,3401,3726,2432,1327,0.545641447368421,390.1793590120553,0.875,0.875,0.9001096487045288,False,ok,0.041630799998529255
D2_111_nadir,superpoint-lightglue-r1024-k8192,superpoint,lightglue,1024,8192,954,100_0010_0078.JPG,100_0010_0080.JPG,3401,3920,1976,836,0.4230769230769231,245.81005586592178,0.625,0.609375,0.8839977383613586,False,ok,0.04563610000332119
D2_111_nadir,superpoint-lightglue-r1024-k8192,superpoint,lightglue,1024,8192,955,100_0010_0078.JPG,100_0010_0081.JPG,3401,3949,1477,694,0.4698713608666215,204.05763010879153,0.484375,0.5,0.8587270379066467,False,ok,0.031116400001337752
D2_111_nadir,superpoint-lightglue-r1024-k8192,superpoint,lightglue,1024,8192,956,100_0010_0078.JPG,100_0010_0082.JPG,3401,3549,783,415,0.5300127713920817,122.02293443104969,0.265625,0.25,0.8418285250663757,False,ok,0.02820429999701446
D2_111_nadir,superpoint-lightglue-r1024-k8192,superpoint,lightglue,1024,8192,957,100_0010_0078.JPG,100_0010_0083.JPG,3401,3109,54,19,0.35185185185185186,6.111289803795432,0.078125,0.078125,0.37776485085487366,False,ok,0.03262900000117952
D2_111_nadir,superpoint-lightglue-r1024-k8192,superpoint,lightglue,1024,8192,958,100_0010_0078.JPG,100_0010_0084.JPG,3401,2806,28,9,0.32142857142857145,3.2074126870990733,0.125,0.109375,0.18772995471954346,True,ok,0.025772199995117262
D2_111_nadir,superpoint-lightglue-r1024-k8192,superpoint,lightglue,1024,8192,959,100_0010_0078.JPG,100_0010_0085.JPG,3401,2774,33,9,0.2727272727272727,3.2444124008651767,0.09375,0.140625,0.1862303912639618,True,ok,0.025135399999271613
D2_111_nadir,superpoint-lightglue-r1024-k8192,superpoint,lightglue,1024,8192,960,100_0010_0078.JPG,100_0010_0086.JPG,3401,2832,20,8,0.4,2.824858757062147,0.125,0.125,0.1713133305311203,True,ok,0.02225719999842113
D2_111_nadir,superpoint-lightglue-r1024-k8192,superpoint,lightglue,1024,8192,961,100_0010_0078.JPG,100_0010_0092.JPG,3401,4384,1598,727,0.4549436795994994,213.76065862981477,0.46875,0.46875,0.8623425960540771,False,ok,0.041718100001162384
D2_111_nadir,superpoint-lightglue-r1024-k8192,superpoint,lightglue,1024,8192,962,100_0010_0078.JPG,100_0010_0093.JPG,3401,4077,1876,868,0.4626865671641791,255.2190532196413,0.625,0.625,0.8816450834274292,False,ok,0.04866340000444325
D2_111_nadir,superpoint-lightglue-r1024-k8192,superpoint,lightglue,1024,8192,963,100_0010_0078.JPG,100_0010_0094.JPG,3401,3796,2092,1102,0.5267686424474187,324.0223463687151,0.75,0.75,0.8952077627182007,False,ok,0.04381170000124257
D2_111_nadir,superpoint-lightglue-r1024-k8192,superpoint,lightglue,1024,8192,964,100_0010_0078.JPG,100_0010_0095.JPG,3401,3243,1695,801,0.4725663716814159,246.9935245143386,0.65625,0.65625,0.8911823630332947,False,ok,0.04228300000249874
D2_111_nadir,superpoint-lightglue-r1024-k8192,superpoint,lightglue,1024,8192,965,100_0010_0078.JPG,100_0010_0096.JPG,3401,2702,1084,510,0.470479704797048,188.74907475943746,0.5625,0.546875,0.871604859828949,False,ok,0.029293899999174755
D2_111_nadir,superpoint-lightglue-r1024-k8192,superpoint,lightglue,1024,8192,966,100_0010_0078.JPG,100_0010_0109.JPG,3401,3414,824,343,0.4162621359223301,100.85269038518084,0.4375,0.359375,0.878401517868042,False,ok,0.03591019999294076
D2_111_nadir,superpoint-lightglue-r1024-k8192,superpoint,lightglue,1024,8192,967,100_0010_0079.JPG,100_0010_0080.JPG,3726,3920,2619,1499,0.5723558610156548,402.3081052066559,0.875,0.875,0.8863473534584045,False,ok,0.04728580000664806
D2_111_nadir,superpoint-lightglue-r1024-k8192,superpoint,lightglue,1024,8192,968,100_0010_0079.JPG,100_0010_0081.JPG,3726,3949,1998,881,0.44094094094094094,236.4465915190553,0.625,0.625,0.8746677041053772,False,ok,0.044769100000848994
D2_111_nadir,superpoint-lightglue-r1024-k8192,superpoint,lightglue,1024,8192,969,100_0010_0079.JPG,100_0010_0082.JPG,3726,3549,1273,626,0.4917517674783975,176.3877148492533,0.5,0.5,0.8909017443656921,False,ok,0.04040070000337437
D2_111_nadir,superpoint-lightglue-r1024-k8192,superpoint,lightglue,1024,8192,970,100_0010_0079.JPG,100_0010_0083.JPG,3726,3109,522,245,0.46934865900383144,78.80347378578321,0.21875,0.234375,0.8634676337242126,False,ok,0.03190270000050077
D2_111_nadir,superpoint-lightglue-r1024-k8192,superpoint,lightglue,1024,8192,971,100_0010_0079.JPG,100_0010_0084.JPG,3726,2806,88,38,0.4318181818181818,13.542409123307198,0.109375,0.109375,0.6227994561195374,False,ok,0.034437499998603016
D2_111_nadir,superpoint-lightglue-r1024-k8192,superpoint,lightglue,1024,8192,972,100_0010_0079.JPG,100_0010_0085.JPG,3726,2774,36,9,0.25,3.2444124008651767,0.125,0.09375,0.23595669865608215,True,ok,0.02742249999573687
D2_111_nadir,superpoint-lightglue-r1024-k8192,superpoint,lightglue,1024,8192,973,100_0010_0079.JPG,100_0010_0086.JPG,3726,2832,21,9,0.42857142857142855,3.1779661016949152,0.140625,0.140625,0.16874726116657257,True,ok,0.024639299997943453
D2_111_nadir,superpoint-lightglue-r1024-k8192,superpoint,lightglue,1024,8192,974,100_0010_0079.JPG,100_0010_0087.JPG,3726,2947,22,9,0.4090909090909091,3.0539531727180185,0.125,0.125,0.21299737691879272,True,ok,0.02527820000250358
D2_111_nadir,superpoint-lightglue-r1024-k8192,superpoint,lightglue,1024,8192,975,100_0010_0079.JPG,100_0010_0091.JPG,3726,4162,1485,679,0.4572390572390572,182.23295759527645,0.46875,0.46875,0.8699930906295776,False,ok,0.04555909999908181
D2_111_nadir,superpoint-lightglue-r1024-k8192,superpoint,lightglue,1024,8192,976,100_0010_0079.JPG,100_0010_0092.JPG,3726,4384,1954,875,0.44779938587512796,234.83628556092324,0.625,0.625,0.8711061477661133,False,ok,0.04858139999851119
D2_111_nadir,superpoint-lightglue-r1024-k8192,superpoint,lightglue,1024,8192,977,100_0010_0079.JPG,100_0010_0093.JPG,3726,4077,2244,1089,0.4852941176470588,292.2705314009662,0.75,0.75,0.8826314806938171,False,ok,0.047679899995273445
D2_111_nadir,superpoint-lightglue-r1024-k8192,superpoint,lightglue,1024,8192,978,100_0010_0079.JPG,100_0010_0094.JPG,3726,3796,1989,868,0.43640020110608346,232.95759527643585,0.640625,0.65625,0.8859951496124268,False,ok,0.044549299993377645
D2_111_nadir,superpoint-lightglue-r1024-k8192,superpoint,lightglue,1024,8192,979,100_0010_0079.JPG,100_0010_0095.JPG,3726,3243,1437,697,0.4850382741823243,214.9244526672834,0.5625,0.546875,0.8831855654716492,False,ok,0.03706110000348417
D2_111_nadir,superpoint-lightglue-r1024-k8192,superpoint,lightglue,1024,8192,980,100_0010_0080.JPG,100_0010_0081.JPG,3920,3949,2602,1521,0.5845503458877787,388.01020408163265,0.875,0.875,0.9014250040054321,False,ok,0.04472070000338135
D2_111_nadir,superpoint-lightglue-r1024-k8192,superpoint,lightglue,1024,8192,981,100_0010_0080.JPG,100_0010_0082.JPG,3920,3549,1812,968,0.5342163355408388,272.75288813750353,0.625,0.625,0.8964919447898865,False,ok,0.04959670000243932
D2_111_nadir,superpoint-lightglue-r1024-k8192,superpoint,lightglue,1024,8192,982,100_0010_0080.JPG,100_0010_0083.JPG,3920,3109,1059,588,0.5552407932011332,189.1283370858797,0.484375,0.5,0.891630232334137,False,ok,0.03325649999896996
D2_111_nadir,superpoint-lightglue-r1024-k8192,superpoint,lightglue,1024,8192,983,100_0010_0080.JPG,100_0010_0084.JPG,3920,2806,561,266,0.4741532976827095,94.79686386315039,0.25,0.25,0.8744599223136902,False,ok,0.029892800004745368
D2_111_nadir,superpoint-lightglue-r1024-k8192,superpoint,lightglue,1024,8192,984,100_0010_0080.JPG,100_0010_0085.JPG,3920,2774,387,186,0.4806201550387597,67.05118961788031,0.25,0.21875,0.8073863983154297,False,ok,0.03288769999926444
D2_111_nadir,superpoint-lightglue-r1024-k8192,superpoint,lightglue,1024,8192,985,100_0010_0080.JPG,100_0010_0086.JPG,3920,2832,378,177,0.46825396825396826,62.5,0.21875,0.21875,0.8401842713356018,False,ok,0.03280230000382289
D2_111_nadir,superpoint-lightglue-r1024-k8192,superpoint,lightglue,1024,8192,986,100_0010_0080.JPG,100_0010_0087.JPG,3920,2947,336,173,0.5148809523809523,58.70376654224635,0.21875,0.21875,0.8480483293533325,False,ok,0.030416000001423527
D2_111_nadir,superpoint-lightglue-r1024-k8192,superpoint,lightglue,1024,8192,987,100_0010_0080.JPG,100_0010_0088.JPG,3920,2936,340,181,0.5323529411764706,61.64850136239782,0.1875,0.1875,0.8246734738349915,False,ok,0.02995309999823803
D2_111_nadir,superpoint-lightglue-r1024-k8192,superpoint,lightglue,1024,8192,988,100_0010_0080.JPG,100_0010_0089.JPG,3920,3149,715,350,0.48951048951048953,111.14639568116863,0.28125,0.296875,0.8615618348121643,False,ok,0.030065599996305536
D2_111_nadir,superpoint-lightglue-r1024-k8192,superpoint,lightglue,1024,8192,989,100_0010_0080.JPG,100_0010_0090.JPG,3920,3672,1289,621,0.48176881303335917,169.11764705882354,0.46875,0.46875,0.862159788608551,False,ok,0.03862179999850923
D2_111_nadir,superpoint-lightglue-r1024-k8192,superpoint,lightglue,1024,8192,990,100_0010_0080.JPG,100_0010_0091.JPG,3920,4162,1852,839,0.453023758099352,214.03061224489795,0.640625,0.59375,0.8747426867485046,False,ok,0.044546199998876546
D2_111_nadir,superpoint-lightglue-r1024-k8192,superpoint,lightglue,1024,8192,991,100_0010_0080.JPG,100_0010_0092.JPG,3920,4384,2332,1177,0.5047169811320755,300.2551020408163,0.75,0.75,0.8646921515464783,False,ok,0.05081699999573175
D2_111_nadir,superpoint-lightglue-r1024-k8192,superpoint,lightglue,1024,8192,992,100_0010_0080.JPG,100_0010_0093.JPG,3920,4077,2056,951,0.46254863813229574,242.60204081632654,0.65625,0.65625,0.8739044070243835,False,ok,0.04958029999397695
D2_111_nadir,superpoint-lightglue-r1024-k8192,superpoint,lightglue,1024,8192,993,100_0010_0080.JPG,100_0010_0094.JPG,3920,3796,1656,724,0.43719806763285024,190.72708113804003,0.546875,0.5625,0.8566137552261353,False,ok,0.04101049999735551
D2_111_nadir,superpoint-lightglue-r1024-k8192,superpoint,lightglue,1024,8192,994,100_0010_0080.JPG,100_0010_0095.JPG,3920,3243,1134,483,0.42592592592592593,148.93617021276594,0.375,0.375,0.8519120812416077,False,ok,0.03488719999586465
D2_111_nadir,superpoint-lightglue-r1024-k8192,superpoint,lightglue,1024,8192,995,100_0010_0081.JPG,100_0010_0082.JPG,3949,3549,2407,1055,0.4383049439135854,297.2668357283742,0.875,0.859375,0.8891887664794922,False,ok,0.04980309999518795
D2_111_nadir,superpoint-lightglue-r1024-k8192,superpoint,lightglue,1024,8192,996,100_0010_0081.JPG,100_0010_0083.JPG,3949,3109,1587,838,0.5280403276622558,269.5400450305564,0.625,0.625,0.8669010400772095,False,ok,0.04158640000241576
D2_111_nadir,superpoint-lightglue-r1024-k8192,superpoint,lightglue,1024,8192,997,100_0010_0081.JPG,100_0010_0084.JPG,3949,2806,1042,492,0.472168905950096,175.33856022808268,0.5,0.5,0.8444489240646362,False,ok,0.03658220000215806
D2_111_nadir,superpoint-lightglue-r1024-k8192,superpoint,lightglue,1024,8192,998,100_0010_0081.JPG,100_0010_0085.JPG,3949,2774,834,373,0.447242206235012,134.46286950252343,0.375,0.375,0.8013835549354553,False,ok,0.03681510000023991
D2_111_nadir,superpoint-lightglue-r1024-k8192,superpoint,lightglue,1024,8192,999,100_0010_0081.JPG,100_0010_0086.JPG,3949,2832,773,336,0.4346701164294955,118.64406779661017,0.34375,0.328125,0.8327996134757996,False,ok,0.038863499998115
D2_111_nadir,superpoint-lightglue-r1024-k8192,superpoint,lightglue,1024,8192,1000,100_0010_0081.JPG,100_0010_0087.JPG,3949,2947,689,359,0.521044992743106,121.81879877841872,0.328125,0.296875,0.8073298335075378,False,ok,0.03567260000272654
D2_111_nadir,superpoint-lightglue-r1024-k8192,superpoint,lightglue,1024,8192,1001,100_0010_0081.JPG,100_0010_0088.JPG,3949,2936,685,356,0.5197080291970803,121.2534059945504,0.28125,0.28125,0.831824004650116,False,ok,0.04206420000264188
D2_111_nadir,superpoint-lightglue-r1024-k8192,superpoint,lightglue,1024,8192,1002,100_0010_0081.JPG,100_0010_0089.JPG,3949,3149,1096,582,0.531021897810219,184.82057796125756,0.453125,0.46875,0.858870267868042,False,ok,0.03983449999941513
D2_111_nadir,superpoint-lightglue-r1024-k8192,superpoint,lightglue,1024,8192,1003,100_0010_0081.JPG,100_0010_0090.JPG,3949,3672,1672,850,0.5083732057416268,231.4814814814815,0.625,0.59375,0.8531311750411987,False,ok,0.0508717999982764
D2_111_nadir,superpoint-lightglue-r1024-k8192,superpoint,lightglue,1024,8192,1004,100_0010_0081.JPG,100_0010_0091.JPG,3949,4162,2196,1163,0.5295992714025501,294.50493795897694,0.75,0.75,0.8618075847625732,False,ok,0.05625359999976354
D2_111_nadir,superpoint-lightglue-r1024-k8192,superpoint,lightglue,1024,8192,1005,100_0010_0081.JPG,100_0010_0092.JPG,3949,4384,1983,978,0.49319213313161875,247.65763484426438,0.65625,0.65625,0.8894386291503906,False,ok,0.05051400000229478
D2_111_nadir,superpoint-lightglue-r1024-k8192,superpoint,lightglue,1024,8192,1006,100_0010_0081.JPG,100_0010_0093.JPG,3949,4077,1613,788,0.4885306881587105,199.54418840212713,0.5625,0.546875,0.8760371804237366,False,ok,0.04241609999735374
D2_111_nadir,superpoint-lightglue-r1024-k8192,superpoint,lightglue,1024,8192,1007,100_0010_0081.JPG,100_0010_0094.JPG,3949,3796,1225,436,0.35591836734693877,114.85774499473129,0.328125,0.359375,0.8620269894599915,False,ok,0.03937189999851398
D2_111_nadir,superpoint-lightglue-r1024-k8192,superpoint,lightglue,1024,8192,1008,100_0010_0082.JPG,100_0010_0083.JPG,3549,3109,2087,1062,0.5088643986583613,341.5889353489868,0.875,0.859375,0.8884639739990234,False,ok,0.048615700005029794
D2_111_nadir,superpoint-lightglue-r1024-k8192,superpoint,lightglue,1024,8192,1009,100_0010_0082.JPG,100_0010_0084.JPG,3549,2806,1446,754,0.5214384508990318,268.7099073414113,0.625,0.625,0.8923298716545105,False,ok,0.03798649999953341
D2_111_nadir,superpoint-lightglue-r1024-k8192,superpoint,lightglue,1024,8192,1010,100_0010_0082.JPG,100_0010_0085.JPG,3549,2774,1230,584,0.47479674796747967,210.52631578947367,0.625,0.609375,0.8781569600105286,False,ok,0.03628069999831496
D2_111_nadir,superpoint-lightglue-r1024-k8192,superpoint,lightglue,1024,8192,1011,100_0010_0082.JPG,100_0010_0086.JPG,3549,2832,1064,502,0.4718045112781955,177.25988700564972,0.53125,0.515625,0.873314619064331,False,ok,0.03463259999989532
D2_111_nadir,superpoint-lightglue-r1024-k8192,superpoint,lightglue,1024,8192,1012,100_0010_0082.JPG,100_0010_0087.JPG,3549,2947,927,455,0.49083063646170444,154.39429928741092,0.46875,0.4375,0.8709598183631897,False,ok,0.033373300000675954
D2_111_nadir,superpoint-lightglue-r1024-k8192,superpoint,lightglue,1024,8192,1013,100_0010_0082.JPG,100_0010_0088.JPG,3549,2936,904,473,0.5232300884955752,161.10354223433242,0.46875,0.46875,0.8789623975753784,False,ok,0.03398890000244137
D2_111_nadir,superpoint-lightglue-r1024-k8192,superpoint,lightglue,1024,8192,1014,100_0010_0082.JPG,100_0010_0089.JPG,3549,3149,1360,763,0.5610294117647059,242.2991425849476,0.609375,0.640625,0.8876570463180542,False,ok,0.04189080000651302
D2_111_nadir,superpoint-lightglue-r1024-k8192,superpoint,lightglue,1024,8192,1015,100_0010_0082.JPG,100_0010_0090.JPG,3549,3672,1926,1094,0.5680166147455867,308.25584671738517,0.75,0.75,0.8740661144256592,False,ok,0.05269579999730922
D2_111_nadir,superpoint-lightglue-r1024-k8192,superpoint,lightglue,1024,8192,1016,100_0010_0082.JPG,100_0010_0091.JPG,3549,4162,1787,954,0.5338556239507555,268.8081149619611,0.65625,0.65625,0.870389461517334,False,ok,0.05025740000564838
D2_111_nadir,superpoint-lightglue-r1024-k8192,superpoint,lightglue,1024,8192,1017,100_0010_0082.JPG,100_0010_0092.JPG,3549,4384,1420,650,0.45774647887323944,183.15018315018315,0.5625,0.5625,0.873962938785553,False,ok,0.05244640000455547
D2_111_nadir,superpoint-lightglue-r1024-k8192,superpoint,lightglue,1024,8192,1018,100_0010_0082.JPG,100_0010_0093.JPG,3549,4077,1039,339,0.3262752646775746,95.51986475063399,0.3125,0.34375,0.8577507138252258,False,ok,0.03939929999614833
D2_111_nadir,superpoint-lightglue-r1024-k8192,superpoint,lightglue,1024,8192,1019,100_0010_0083.JPG,100_0010_0084.JPG,3109,2806,1821,766,0.42064799560680943,272.9864575908767,0.828125,0.8125,0.8818397521972656,False,ok,0.030227400005969685
D2_111_nadir,superpoint-lightglue-r1024-k8192,superpoint,lightglue,1024,8192,1020,100_0010_0083.JPG,100_0010_0085.JPG,3109,2774,1607,645,0.4013690105787181,232.51622206200432,0.75,0.75,0.8886297941207886,False,ok,0.03477250000287313
D2_111_nadir,superpoint-lightglue-r1024-k8192,superpoint,lightglue,1024,8192,1021,100_0010_0083.JPG,100_0010_0086.JPG,3109,2832,1364,738,0.5410557184750733,260.59322033898303,0.65625,0.65625,0.8905162811279297,False,ok,0.03448180000123102
D2_111_nadir,superpoint-lightglue-r1024-k8192,superpoint,lightglue,1024,8192,1022,100_0010_0083.JPG,100_0010_0087.JPG,3109,2947,1158,606,0.5233160621761658,205.63284696301324,0.5625,0.5625,0.8680777549743652,False,ok,0.035149000003002584
D2_111_nadir,superpoint-lightglue-r1024-k8192,superpoint,lightglue,1024,8192,1023,100_0010_0083.JPG,100_0010_0088.JPG,3109,2936,1140,641,0.5622807017543859,218.32425068119892,0.5625,0.5625,0.8839263319969177,False,ok,0.03855949999706354
D2_111_nadir,superpoint-lightglue-r1024-k8192,superpoint,lightglue,1024,8192,1024,100_0010_0083.JPG,100_0010_0089.JPG,3109,3149,1611,939,0.5828677839851024,302.02637504020583,0.75,0.75,0.8896567821502686,False,ok,0.03830509999534115
D2_111_nadir,superpoint-lightglue-r1024-k8192,superpoint,lightglue,1024,8192,1025,100_0010_0083.JPG,100_0010_0090.JPG,3109,3672,1489,781,0.5245130960376091,251.20617561917015,0.640625,0.65625,0.8732598423957825,False,ok,0.042397400000481866
D2_111_nadir,superpoint-lightglue-r1024-k8192,superpoint,lightglue,1024,8192,1026,100_0010_0083.JPG,100_0010_0091.JPG,3109,4162,1220,597,0.489344262295082,192.02315857188808,0.5625,0.53125,0.8482107520103455,False,ok,0.04450179999548709
D2_111_nadir,superpoint-lightglue-r1024-k8192,superpoint,lightglue,1024,8192,1027,100_0010_0083.JPG,100_0010_0092.JPG,3109,4384,836,401,0.4796650717703349,128.9803795432615,0.375,0.375,0.8783254027366638,False,ok,0.038507299999764655
D2_111_nadir,superpoint-lightglue-r1024-k8192,superpoint,lightglue,1024,8192,1028,100_0010_0084.JPG,100_0010_0085.JPG,2806,2774,2052,1237,0.6028265107212476,445.9264599855804,1.0,1.0,0.907528281211853,False,ok,0.03286819999630097
D2_111_nadir,superpoint-lightglue-r1024-k8192,superpoint,lightglue,1024,8192,1029,100_0010_0084.JPG,100_0010_0086.JPG,2806,2832,1653,973,0.588626739261948,346.75694939415536,0.875,0.875,0.8893495202064514,False,ok,0.03461220000463072
D2_111_nadir,superpoint-lightglue-r1024-k8192,superpoint,lightglue,1024,8192,1030,100_0010_0084.JPG,100_0010_0087.JPG,2806,2947,1417,805,0.5681016231474947,286.88524590163934,0.75,0.75,0.8900902271270752,False,ok,0.037822799997229595
D2_111_nadir,superpoint-lightglue-r1024-k8192,superpoint,lightglue,1024,8192,1031,100_0010_0084.JPG,100_0010_0088.JPG,2806,2936,1358,785,0.5780559646539027,279.7576621525303,0.75,0.75,0.8818864822387695,False,ok,0.0381716999982018
D2_111_nadir,superpoint-lightglue-r1024-k8192,superpoint,lightglue,1024,8192,1032,100_0010_0084.JPG,100_0010_0089.JPG,2806,3149,1275,679,0.5325490196078432,241.9814682822523,0.65625,0.65625,0.8942658305168152,False,ok,0.03892179999820655
D2_111_nadir,superpoint-lightglue-r1024-k8192,superpoint,lightglue,1024,8192,1033,100_0010_0084.JPG,100_0010_0090.JPG,2806,3672,1032,548,0.5310077519379846,195.29579472558802,0.5625,0.546875,0.8830060362815857,False,ok,0.03855620000103954
D2_111_nadir,superpoint-lightglue-r1024-k8192,superpoint,lightglue,1024,8192,1034,100_0010_0084.JPG,100_0010_0091.JPG,2806,4162,838,441,0.5262529832935561,157.1632216678546,0.375,0.375,0.8514308333396912,False,ok,0.03718980000121519
D2_111_nadir,superpoint-lightglue-r1024-k8192,superpoint,lightglue,1024,8192,1035,100_0010_0084.JPG,100_0010_0092.JPG,2806,4384,493,233,0.4726166328600406,83.03635067712045,0.234375,0.265625,0.8637552857398987,False,ok,0.029861900002288166
D2_111_nadir,superpoint-lightglue-r1024-k8192,superpoint,lightglue,1024,8192,1036,100_0010_0085.JPG,100_0010_0086.JPG,2774,2832,1769,1053,0.5952515545505935,379.5962509012257,0.875,0.875,0.8904166221618652,False,ok,0.032768099998065736
D2_111_nadir,superpoint-lightglue-r1024-k8192,superpoint,lightglue,1024,8192,1037,100_0010_0085.JPG,100_0010_0087.JPG,2774,2947,1464,802,0.5478142076502732,289.1131939437635,0.75,0.75,0.8835560083389282,False,ok,0.040302499997778796
D2_111_nadir,superpoint-lightglue-r1024-k8192,superpoint,lightglue,1024,8192,1038,100_0010_0085.JPG,100_0010_0088.JPG,2774,2936,1410,771,0.5468085106382978,277.9379956741168,0.75,0.75,0.8679335713386536,False,ok,0.03913000000466127
D2_111_nadir,superpoint-lightglue-r1024-k8192,superpoint,lightglue,1024,8192,1039,100_0010_0085.JPG,100_0010_0089.JPG,2774,3149,1122,598,0.5329768270944741,215.57317952415283,0.625,0.59375,0.8792905807495117,False,ok,0.0352201000059722
D2_111_nadir,superpoint-lightglue-r1024-k8192,superpoint,lightglue,1024,8192,1040,100_0010_0085.JPG,100_0010_0090.JPG,2774,3672,901,430,0.4772475027746948,155.0108147080029,0.46875,0.46875,0.8577688932418823,False,ok,0.03437670000130311
D2_111_nadir,superpoint-lightglue-r1024-k8192,superpoint,lightglue,1024,8192,1041,100_0010_0085.JPG,100_0010_0091.JPG,2774,4162,692,355,0.5130057803468208,127.97404470079307,0.296875,0.3125,0.8147459626197815,False,ok,0.03429520000645425
D2_111_nadir,superpoint-lightglue-r1024-k8192,superpoint,lightglue,1024,8192,1042,100_0010_0085.JPG,100_0010_0092.JPG,2774,4384,344,124,0.36046511627906974,44.70079307858688,0.171875,0.1875,0.8384726643562317,False,ok,0.03401460000168299
D2_111_nadir,superpoint-lightglue-r1024-k8192,superpoint,lightglue,1024,8192,1043,100_0010_0085.JPG,100_0010_0093.JPG,2774,4077,18,9,0.5,3.2444124008651767,0.109375,0.125,0.21129179000854492,True,ok,0.026509399998758454
D2_111_nadir,superpoint-lightglue-r1024-k8192,superpoint,lightglue,1024,8192,1044,100_0010_0086.JPG,100_0010_0087.JPG,2832,2947,1966,1151,0.5854526958290946,406.4265536723164,0.921875,0.90625,0.8853106498718262,False,ok,0.03901920000498649
D2_111_nadir,superpoint-lightglue-r1024-k8192,superpoint,lightglue,1024,8192,1045,100_0010_0086.JPG,100_0010_0088.JPG,2832,2936,1912,1144,0.5983263598326359,403.954802259887,0.875,0.875,0.8824465274810791,False,ok,0.035918100002163555
D2_111_nadir,superpoint-lightglue-r1024-k8192,superpoint,lightglue,1024,8192,1046,100_0010_0086.JPG,100_0010_0089.JPG,2832,3149,1469,749,0.5098706603131382,264.47740112994353,0.765625,0.75,0.8853449821472168,False,ok,0.039171799995529
D2_111_nadir,superpoint-lightglue-r1024-k8192,superpoint,lightglue,1024,8192,1047,100_0010_0086.JPG,100_0010_0090.JPG,2832,3672,1143,455,0.39807524059492566,160.6638418079096,0.4375,0.46875,0.8834317326545715,False,ok,0.03915480000432581
D2_111_nadir,superpoint-lightglue-r1024-k8192,superpoint,lightglue,1024,8192,1048,100_0010_0086.JPG,100_0010_0091.JPG,2832,4162,872,459,0.5263761467889908,162.07627118644066,0.40625,0.4375,0.8590024709701538,False,ok,0.04038649999711197
D2_111_nadir,superpoint-lightglue-r1024-k8192,superpoint,lightglue,1024,8192,1049,100_0010_0086.JPG,100_0010_0092.JPG,2832,4384,464,239,0.5150862068965517,84.39265536723164,0.21875,0.21875,0.841830849647522,False,ok,0.03371999999944819
D2_111_nadir,superpoint-lightglue-r1024-k8192,superpoint,lightglue,1024,8192,1050,100_0010_0086.JPG,100_0010_0093.JPG,2832,4077,15,8,0.5333333333333333,2.824858757062147,0.125,0.109375,0.19741138815879822,True,ok,0.026845000000321306
D2_111_nadir,superpoint-lightglue-r1024-k8192,superpoint,lightglue,1024,8192,1051,100_0010_0086.JPG,100_0010_0094.JPG,2832,3796,26,9,0.34615384615384615,3.1779661016949152,0.125,0.125,0.18865524232387543,True,ok,0.03168559999903664
D2_111_nadir,superpoint-lightglue-r1024-k8192,superpoint,lightglue,1024,8192,1052,100_0010_0087.JPG,100_0010_0088.JPG,2947,2936,2335,1440,0.6167023554603854,490.4632152588556,1.0,1.0,0.9029788374900818,False,ok,0.040463199999067
D2_111_nadir,superpoint-lightglue-r1024-k8192,superpoint,lightglue,1024,8192,1053,100_0010_0087.JPG,100_0010_0089.JPG,2947,3149,1736,848,0.48847926267281105,287.75025449609774,0.84375,0.859375,0.9002704620361328,False,ok,0.03935759999876609
D2_111_nadir,superpoint-lightglue-r1024-k8192,superpoint,lightglue,1024,8192,1054,100_0010_0087.JPG,100_0010_0090.JPG,2947,3672,1278,620,0.48513302034428796,210.38344078724126,0.625,0.625,0.8805791139602661,False,ok,0.036619700003939215
D2_111_nadir,superpoint-lightglue-r1024-k8192,superpoint,lightglue,1024,8192,1055,100_0010_0087.JPG,100_0010_0091.JPG,2947,4162,957,378,0.3949843260188088,128.26603325415678,0.5,0.484375,0.8314782977104187,False,ok,0.03473389999999199
D2_111_nadir,superpoint-lightglue-r1024-k8192,superpoint,lightglue,1024,8192,1056,100_0010_0087.JPG,100_0010_0092.JPG,2947,4384,521,269,0.5163147792706334,91.27926705123855,0.25,0.25,0.8388240933418274,False,ok,0.03003779999562539
D2_111_nadir,superpoint-lightglue-r1024-k8192,superpoint,lightglue,1024,8192,1057,100_0010_0087.JPG,100_0010_0093.JPG,2947,4077,18,9,0.5,3.0539531727180185,0.125,0.125,0.17358112335205078,True,ok,0.02650510000239592
D2_111_nadir,superpoint-lightglue-r1024-k8192,superpoint,lightglue,1024,8192,1058,100_0010_0087.JPG,100_0010_0094.JPG,2947,3796,19,9,0.47368421052631576,3.0539531727180185,0.125,0.09375,0.22140949964523315,True,ok,0.02781620000314433
D2_111_nadir,superpoint-lightglue-r1024-k8192,superpoint,lightglue,1024,8192,1059,100_0010_0087.JPG,100_0010_0095.JPG,2947,3243,31,9,0.2903225806451613,3.0539531727180185,0.09375,0.109375,0.21668311953544617,True,ok,0.029599000001326203
D2_111_nadir,superpoint-lightglue-r1024-k8192,superpoint,lightglue,1024,8192,1060,100_0010_0088.JPG,100_0010_0089.JPG,2936,3149,1769,906,0.5121537591859808,308.58310626702996,0.875,0.84375,0.8978837132453918,False,ok,0.04282019999664044
D2_111_nadir,superpoint-lightglue-r1024-k8192,superpoint,lightglue,1024,8192,1061,100_0010_0088.JPG,100_0010_0090.JPG,2936,3672,1309,660,0.5042016806722689,224.79564032697547,0.625,0.625,0.8827273845672607,False,ok,0.03565560000424739
D2_111_nadir,superpoint-lightglue-r1024-k8192,superpoint,lightglue,1024,8192,1062,100_0010_0088.JPG,100_0010_0091.JPG,2936,4162,978,464,0.47443762781186094,158.03814713896458,0.5,0.5,0.8439998626708984,False,ok,0.03331360000447603
D2_111_nadir,superpoint-lightglue-r1024-k8192,superpoint,lightglue,1024,8192,1063,100_0010_0088.JPG,100_0010_0092.JPG,2936,4384,535,219,0.4093457943925234,74.59128065395096,0.25,0.25,0.8464396595954895,False,ok,0.033919699999387376
D2_111_nadir,superpoint-lightglue-r1024-k8192,superpoint,lightglue,1024,8192,1064,100_0010_0088.JPG,100_0010_0093.JPG,2936,4077,16,8,0.5,2.7247956403269753,0.078125,0.078125,0.1628221869468689,True,ok,0.02833259999897564
D2_111_nadir,superpoint-lightglue-r1024-k8192,superpoint,lightglue,1024,8192,1065,100_0010_0088.JPG,100_0010_0094.JPG,2936,3796,24,8,0.3333333333333333,2.7247956403269753,0.125,0.125,0.22133471071720123,True,ok,0.03340870000101859
D2_111_nadir,superpoint-lightglue-r1024-k8192,superpoint,lightglue,1024,8192,1066,100_0010_0088.JPG,100_0010_0095.JPG,2936,3243,31,9,0.2903225806451613,3.0653950953678475,0.109375,0.109375,0.2221495658159256,True,ok,0.024447799994959496
D2_111_nadir,superpoint-lightglue-r1024-k8192,superpoint,lightglue,1024,8192,1067,100_0010_0088.JPG,100_0010_0096.JPG,2936,2702,12,8,0.6666666666666666,2.9607698001480385,0.0625,0.078125,0.19317252933979034,True,ok,0.04616790000000037
D2_111_nadir,superpoint-lightglue-r1024-k8192,superpoint,lightglue,1024,8192,1068,100_0010_0089.JPG,100_0010_0090.JPG,3149,3672,2036,1064,0.5225933202357563,337.8850428707526,0.875,0.875,0.8989897966384888,False,ok,0.05218279999826336
D2_111_nadir,superpoint-lightglue-r1024-k8192,superpoint,lightglue,1024,8192,1069,100_0010_0089.JPG,100_0010_0091.JPG,3149,4162,1630,834,0.5116564417177915,264.845982851699,0.640625,0.625,0.8597689867019653,False,ok,0.04480310000508325
D2_111_nadir,superpoint-lightglue-r1024-k8192,superpoint,lightglue,1024,8192,1070,100_0010_0089.JPG,100_0010_0092.JPG,3149,4384,1087,575,0.5289788408463661,182.59765004763418,0.5,0.5,0.8848531246185303,False,ok,0.03395479999744566
D2_111_nadir,superpoint-lightglue-r1024-k8192,superpoint,lightglue,1024,8192,1071,100_0010_0089.JPG,100_0010_0093.JPG,3149,4077,541,256,0.4731977818853974,81.2956494125119,0.28125,0.25,0.8211137652397156,False,ok,0.03145470000163186
D2_111_nadir,superpoint-lightglue-r1024-k8192,superpoint,lightglue,1024,8192,1072,100_0010_0089.JPG,100_0010_0094.JPG,3149,3796,50,12,0.24,3.810733566211496,0.046875,0.078125,0.27233508229255676,True,ok,0.03732710000622319
D2_111_nadir,superpoint-lightglue-r1024-k8192,superpoint,lightglue,1024,8192,1073,100_0010_0089.JPG,100_0010_0095.JPG,3149,3243,18,9,0.5,2.8580501746586218,0.09375,0.125,0.18609920144081116,True,ok,0.03368919999775244
D2_111_nadir,superpoint-lightglue-r1024-k8192,superpoint,lightglue,1024,8192,1074,100_0010_0089.JPG,100_0010_0096.JPG,3149,2702,18,9,0.5,3.3308660251665434,0.109375,0.09375,0.19147223234176636,True,ok,0.05542450000211829
D2_111_nadir,superpoint-lightglue-r1024-k8192,superpoint,lightglue,1024,8192,1075,100_0010_0089.JPG,100_0010_0097.JPG,3149,2393,22,9,0.4090909090909091,3.760969494358546,0.125,0.125,0.18137244880199432,True,ok,0.03123789999517612
D2_111_nadir,superpoint-lightglue-r1024-k8192,superpoint,lightglue,1024,8192,1076,100_0010_0090.JPG,100_0010_0091.JPG,3672,4162,2472,1342,0.5428802588996764,365.4684095860566,0.875,0.875,0.8847171068191528,False,ok,0.0597189000036451
D2_111_nadir,superpoint-lightglue-r1024-k8192,superpoint,lightglue,1024,8192,1077,100_0010_0090.JPG,100_0010_0092.JPG,3672,4384,1863,1010,0.5421363392377885,275.05446623093684,0.625,0.625,0.8776777982711792,False,ok,0.046910599994589575
D2_111_nadir,superpoint-lightglue-r1024-k8192,superpoint,lightglue,1024,8192,1078,100_0010_0090.JPG,100_0010_0093.JPG,3672,4077,1322,693,0.5242057488653555,188.72549019607843,0.5,0.5,0.8536714911460876,False,ok,0.03909830000338843
D2_111_nadir,superpoint-lightglue-r1024-k8192,superpoint,lightglue,1024,8192,1079,100_0010_0090.JPG,100_0010_0094.JPG,3672,3796,850,420,0.49411764705882355,114.37908496732027,0.25,0.25,0.8161923885345459,False,ok,0.04016470000351546
D2_111_nadir,superpoint-lightglue-r1024-k8192,superpoint,lightglue,1024,8192,1080,100_0010_0090.JPG,100_0010_0095.JPG,3672,3243,166,87,0.5240963855421686,26.827012025901944,0.140625,0.140625,0.5343966484069824,False,ok,0.050921100002597086
D2_111_nadir,superpoint-lightglue-r1024-k8192,superpoint,lightglue,1024,8192,1081,100_0010_0090.JPG,100_0010_0096.JPG,3672,2702,88,32,0.36363636363636365,11.843079200592154,0.09375,0.078125,0.2729998528957367,False,ok,0.06027570000151172
D2_111_nadir,superpoint-lightglue-r1024-k8192,superpoint,lightglue,1024,8192,1082,100_0010_0090.JPG,100_0010_0097.JPG,3672,2393,23,9,0.391304347826087,3.760969494358546,0.125,0.125,0.17224766314029694,True,ok,0.028190700002596714
D2_111_nadir,superpoint-lightglue-r1024-k8192,superpoint,lightglue,1024,8192,1083,100_0010_0090.JPG,100_0010_0098.JPG,3672,2427,38,10,0.2631578947368421,4.120313143798929,0.109375,0.09375,0.23762120306491852,True,ok,0.029223400000773836
D2_111_nadir,superpoint-lightglue-r1024-k8192,superpoint,lightglue,1024,8192,1084,100_0010_0091.JPG,100_0010_0092.JPG,4162,4384,2728,1564,0.5733137829912024,375.7808745795291,0.875,0.875,0.8772748708724976,False,ok,0.04521109999768669
D2_111_nadir,superpoint-lightglue-r1024-k8192,superpoint,lightglue,1024,8192,1085,100_0010_0091.JPG,100_0010_0093.JPG,4162,4077,2108,1177,0.5583491461100569,288.69266617610987,0.625,0.625,0.8592656850814819,False,ok,0.04030770000099437
D2_111_nadir,superpoint-lightglue-r1024-k8192,superpoint,lightglue,1024,8192,1086,100_0010_0091.JPG,100_0010_0094.JPG,4162,3796,1596,893,0.5595238095238095,235.24762908324553,0.484375,0.5,0.8747553825378418,False,ok,0.04554970000026515
D2_111_nadir,superpoint-lightglue-r1024-k8192,superpoint,lightglue,1024,8192,1087,100_0010_0091.JPG,100_0010_0095.JPG,4162,3243,912,495,0.5427631578947368,152.63644773358,0.25,0.25,0.825117826461792,False,ok,0.03805599999759579
D2_111_nadir,superpoint-lightglue-r1024-k8192,superpoint,lightglue,1024,8192,1088,100_0010_0091.JPG,100_0010_0096.JPG,4162,2702,122,49,0.4016393442622951,18.134715025906736,0.140625,0.125,0.5324888229370117,False,ok,0.043607100000372157
D2_111_nadir,superpoint-lightglue-r1024-k8192,superpoint,lightglue,1024,8192,1089,100_0010_0091.JPG,100_0010_0097.JPG,4162,2393,24,9,0.375,3.760969494358546,0.109375,0.140625,0.15194471180438995,True,ok,0.034280399995623156
D2_111_nadir,superpoint-lightglue-r1024-k8192,superpoint,lightglue,1024,8192,1090,100_0010_0091.JPG,100_0010_0098.JPG,4162,2427,36,9,0.25,3.708281829419036,0.109375,0.125,0.21299178898334503,True,ok,0.03250389999448089
D2_111_nadir,superpoint-lightglue-r1024-k8192,superpoint,lightglue,1024,8192,1091,100_0010_0091.JPG,100_0010_0099.JPG,4162,2536,25,9,0.36,3.548895899053628,0.078125,0.109375,0.1716412752866745,True,ok,0.03440330000012182
D2_111_nadir,superpoint-lightglue-r1024-k8192,superpoint,lightglue,1024,8192,1092,100_0010_0092.JPG,100_0010_0093.JPG,4384,4077,2888,1186,0.41066481994459836,290.9001716948737,0.796875,0.859375,0.8887405395507812,False,ok,0.05144080000172835
D2_111_nadir,superpoint-lightglue-r1024-k8192,superpoint,lightglue,1024,8192,1093,100_0010_0092.JPG,100_0010_0094.JPG,4384,3796,2250,818,0.3635555555555556,215.4899894625922,0.609375,0.609375,0.8715155124664307,False,ok,0.052898599999025464
D2_111_nadir,superpoint-lightglue-r1024-k8192,superpoint,lightglue,1024,8192,1094,100_0010_0092.JPG,100_0010_0095.JPG,4384,3243,1494,767,0.5133868808567604,236.50940487203206,0.5,0.5,0.8819510340690613,False,ok,0.04133680000086315
D2_111_nadir,superpoint-lightglue-r1024-k8192,superpoint,lightglue,1024,8192,1095,100_0010_0092.JPG,100_0010_0096.JPG,4384,2702,694,291,0.41930835734870314,107.6980014803849,0.25,0.25,0.7834460139274597,False,ok,0.03592740000021877
D2_111_nadir,superpoint-lightglue-r1024-k8192,superpoint,lightglue,1024,8192,1096,100_0010_0092.JPG,100_0010_0097.JPG,4384,2393,19,9,0.47368421052631576,3.760969494358546,0.109375,0.140625,0.16237206757068634,True,ok,0.03809019999607699
D2_111_nadir,superpoint-lightglue-r1024-k8192,superpoint,lightglue,1024,8192,1097,100_0010_0092.JPG,100_0010_0098.JPG,4384,2427,28,10,0.35714285714285715,4.120313143798929,0.109375,0.125,0.17220337688922882,True,ok,0.04014949999691453
D2_111_nadir,superpoint-lightglue-r1024-k8192,superpoint,lightglue,1024,8192,1098,100_0010_0092.JPG,100_0010_0099.JPG,4384,2536,14,8,0.5714285714285714,3.1545741324921135,0.09375,0.078125,0.18092069029808044,True,ok,0.03502670000307262
D2_111_nadir,superpoint-lightglue-r1024-k8192,superpoint,lightglue,1024,8192,1099,100_0010_0092.JPG,100_0010_0100.JPG,4384,2784,26,10,0.38461538461538464,3.5919540229885056,0.109375,0.125,0.19212310016155243,True,ok,0.05273200000374345
D2_111_nadir,superpoint-lightglue-r1024-k8192,superpoint,lightglue,1024,8192,1100,100_0010_0093.JPG,100_0010_0094.JPG,4077,3796,2728,1122,0.4112903225806452,295.57428872497366,0.84375,0.859375,0.8648167848587036,False,ok,0.035371300000406336
D2_111_nadir,superpoint-lightglue-r1024-k8192,superpoint,lightglue,1024,8192,1101,100_0010_0093.JPG,100_0010_0095.JPG,4077,3243,1872,725,0.3872863247863248,223.55843354918287,0.625,0.625,0.8846157193183899,False,ok,0.04088029999547871
D2_111_nadir,superpoint-lightglue-r1024-k8192,superpoint,lightglue,1024,8192,1102,100_0010_0093.JPG,100_0010_0096.JPG,4077,2702,1030,460,0.44660194174757284,170.2442635085122,0.5,0.453125,0.8558834195137024,False,ok,0.03257060000032652
D2_111_nadir,superpoint-lightglue-r1024-k8192,superpoint,lightglue,1024,8192,1103,100_0010_0093.JPG,100_0010_0097.JPG,4077,2393,353,163,0.46175637393767704,68.115336397827,0.25,0.25,0.8588306903839111,False,ok,0.028270299997529946
D2_111_nadir,superpoint-lightglue-r1024-k8192,superpoint,lightglue,1024,8192,1104,100_0010_0093.JPG,100_0010_0098.JPG,4077,2427,23,9,0.391304347826087,3.708281829419036,0.09375,0.125,0.18723039329051971,True,ok,0.033015100001648534
D2_111_nadir,superpoint-lightglue-r1024-k8192,superpoint,lightglue,1024,8192,1105,100_0010_0093.JPG,100_0010_0099.JPG,4077,2536,16,8,0.5,3.1545741324921135,0.078125,0.125,0.19415031373500824,True,ok,0.0344868000029237
D2_111_nadir,superpoint-lightglue-r1024-k8192,superpoint,lightglue,1024,8192,1106,100_0010_0093.JPG,100_0010_0100.JPG,4077,2784,20,9,0.45,3.2327586206896552,0.09375,0.125,0.15840160846710205,True,ok,0.04364260000147624
D2_111_nadir,superpoint-lightglue-r1024-k8192,superpoint,lightglue,1024,8192,1107,100_0010_0093.JPG,100_0010_0101.JPG,4077,3108,12,7,0.5833333333333334,2.2522522522522523,0.109375,0.09375,0.15423710644245148,True,ok,0.04471970000304282
D2_111_nadir,superpoint-lightglue-r1024-k8192,superpoint,lightglue,1024,8192,1108,100_0010_0094.JPG,100_0010_0095.JPG,3796,3243,2273,1414,0.622085349758029,436.01603453592355,0.875,0.875,0.8865551948547363,False,ok,0.03945199999725446
D2_111_nadir,superpoint-lightglue-r1024-k8192,superpoint,lightglue,1024,8192,1109,100_0010_0094.JPG,100_0010_0096.JPG,3796,2702,1345,659,0.4899628252788104,243.89341228719468,0.625,0.625,0.8883318305015564,False,ok,0.040186099999118596
D2_111_nadir,superpoint-lightglue-r1024-k8192,superpoint,lightglue,1024,8192,1110,100_0010_0094.JPG,100_0010_0097.JPG,3796,2393,650,313,0.4815384615384615,130.79816130380277,0.46875,0.5,0.8887372016906738,False,ok,0.0279616999978316
D2_111_nadir,superpoint-lightglue-r1024-k8192,superpoint,lightglue,1024,8192,1111,100_0010_0094.JPG,100_0010_0098.JPG,3796,2427,288,143,0.4965277777777778,58.92047795632468,0.25,0.25,0.897649884223938,False,ok,0.02475409999897238
D2_111_nadir,superpoint-lightglue-r1024-k8192,superpoint,lightglue,1024,8192,1112,100_0010_0094.JPG,100_0010_0099.JPG,3796,2536,33,12,0.36363636363636365,4.73186119873817,0.09375,0.109375,0.21927551925182343,True,ok,0.07294820000242908
D2_111_nadir,superpoint-lightglue-r1024-k8192,superpoint,lightglue,1024,8192,1113,100_0010_0094.JPG,100_0010_0100.JPG,3796,2784,23,9,0.391304347826087,3.2327586206896552,0.125,0.109375,0.17392104864120483,True,ok,0.035373999999137595
D2_111_nadir,superpoint-lightglue-r1024-k8192,superpoint,lightglue,1024,8192,1114,100_0010_0094.JPG,100_0010_0101.JPG,3796,3108,6,0,0.0,0.0,0.0,0.0,0.15616054832935333,True,too_few_matches,0.03608359999634558
D2_111_nadir,superpoint-lightglue-r1024-k8192,superpoint,lightglue,1024,8192,1115,100_0010_0094.JPG,100_0010_0102.JPG,3796,3058,9,7,0.7777777777777778,2.289077828646174,0.078125,0.078125,0.17105776071548462,True,ok,0.04155650000029709
D2_111_nadir,superpoint-lightglue-r1024-k8192,superpoint,lightglue,1024,8192,1116,100_0010_0095.JPG,100_0010_0096.JPG,3243,2702,1752,991,0.5656392694063926,366.7653589933383,0.875,0.875,0.8899218440055847,False,ok,0.03349109999544453
D2_111_nadir,superpoint-lightglue-r1024-k8192,superpoint,lightglue,1024,8192,1117,100_0010_0095.JPG,100_0010_0097.JPG,3243,2393,992,532,0.5362903225806451,222.31508566652738,0.625,0.625,0.8967710733413696,False,ok,0.02617939999618102
D2_111_nadir,superpoint-lightglue-r1024-k8192,superpoint,lightglue,1024,8192,1118,100_0010_0095.JPG,100_0010_0098.JPG,3243,2427,587,328,0.5587734241908007,135.14627111660485,0.5,0.484375,0.8978654146194458,False,ok,0.021181099997193087
D2_111_nadir,superpoint-lightglue-r1024-k8192,superpoint,lightglue,1024,8192,1119,100_0010_0095.JPG,100_0010_0099.JPG,3243,2536,301,157,0.521594684385382,61.90851735015773,0.25,0.234375,0.9087648391723633,False,ok,0.024636699999973644
D2_111_nadir,superpoint-lightglue-r1024-k8192,superpoint,lightglue,1024,8192,1120,100_0010_0095.JPG,100_0010_0100.JPG,3243,2784,7,0,0.0,0.0,0.0,0.0,0.168985053896904,True,too_few_matches,0.057996499999717344
D2_111_nadir,superpoint-lightglue-r1024-k8192,superpoint,lightglue,1024,8192,1121,100_0010_0095.JPG,100_0010_0101.JPG,3243,3108,20,9,0.45,2.8957528957528957,0.125,0.09375,0.15691052377223969,True,ok,0.03704710000602063
D2_111_nadir,superpoint-lightglue-r1024-k8192,superpoint,lightglue,1024,8192,1122,100_0010_0095.JPG,100_0010_0102.JPG,3243,3058,12,8,0.6666666666666666,2.616088947024199,0.09375,0.125,0.14901873469352722,True,ok,0.03919719999976223
D2_111_nadir,superpoint-lightglue-r1024-k8192,superpoint,lightglue,1024,8192,1123,100_0010_0095.JPG,100_0010_0103.JPG,3243,3260,853,356,0.41735052754982416,109.77489978415048,0.953125,0.5,0.7809655666351318,False,ok,0.060502400003315415
D2_111_nadir,superpoint-lightglue-r1024-k8192,superpoint,lightglue,1024,8192,1124,100_0010_0096.JPG,100_0010_0097.JPG,2702,2393,1397,773,0.5533285612025769,323.02549101546174,0.859375,0.875,0.9063512086868286,False,ok,0.01828899999964051
D2_111_nadir,superpoint-lightglue-r1024-k8192,superpoint,lightglue,1024,8192,1125,100_0010_0096.JPG,100_0010_0098.JPG,2702,2427,965,540,0.5595854922279793,222.49690976514216,0.625,0.625,0.9251527190208435,False,ok,0.01907950000168057
D2_111_nadir,superpoint-lightglue-r1024-k8192,superpoint,lightglue,1024,8192,1126,100_0010_0096.JPG,100_0010_0099.JPG,2702,2536,606,337,0.5561056105610561,132.88643533123027,0.484375,0.46875,0.9058551788330078,False,ok,0.017181600000185426
D2_111_nadir,superpoint-lightglue-r1024-k8192,superpoint,lightglue,1024,8192,1127,100_0010_0096.JPG,100_0010_0100.JPG,2702,2784,320,165,0.515625,61.065877128053295,0.25,0.25,0.8515447378158569,False,ok,0.029528400002163835
D2_111_nadir,superpoint-lightglue-r1024-k8192,superpoint,lightglue,1024,8192,1128,100_0010_0096.JPG,100_0010_0101.JPG,2702,3108,16,8,0.5,2.9607698001480385,0.09375,0.09375,0.1899998039007187,True,ok,0.02888109999912558
D2_111_nadir,superpoint-lightglue-r1024-k8192,superpoint,lightglue,1024,8192,1129,100_0010_0096.JPG,100_0010_0102.JPG,2702,3058,16,8,0.5,2.9607698001480385,0.09375,0.09375,0.17205911874771118,True,ok,0.029949900002975482
D2_111_nadir,superpoint-lightglue-r1024-k8192,superpoint,lightglue,1024,8192,1130,100_0010_0096.JPG,100_0010_0103.JPG,2702,3260,885,395,0.4463276836158192,146.1880088823094,0.96875,0.625,0.8049460053443909,False,ok,0.04824430000007851
D2_111_nadir,superpoint-lightglue-r1024-k8192,superpoint,lightglue,1024,8192,1131,100_0010_0096.JPG,100_0010_0104.JPG,2702,3388,921,360,0.39087947882736157,133.23464100666172,0.78125,0.5,0.8080280423164368,False,ok,0.03578469999774825
D2_111_nadir,superpoint-lightglue-r1024-k8192,superpoint,lightglue,1024,8192,1132,100_0010_0096.JPG,100_0010_0106.JPG,2702,3438,657,268,0.4079147640791476,99.18578830495929,0.46875,0.34375,0.8396815657615662,False,ok,0.027530899998964742
D2_111_nadir,superpoint-lightglue-r1024-k8192,superpoint,lightglue,1024,8192,1133,100_0010_0097.JPG,100_0010_0098.JPG,2393,2427,1500,596,0.3973333333333333,249.05975762641037,0.875,0.796875,0.9122519493103027,False,ok,0.01630750000185799
D2_111_nadir,superpoint-lightglue-r1024-k8192,superpoint,lightglue,1024,8192,1134,100_0010_0097.JPG,100_0010_0099.JPG,2393,2536,1120,592,0.5285714285714286,247.38821562891766,0.625,0.625,0.9181838035583496,False,ok,0.018914899999799673
D2_111_nadir,superpoint-lightglue-r1024-k8192,superpoint,lightglue,1024,8192,1135,100_0010_0097.JPG,100_0010_0100.JPG,2393,2784,754,397,0.5265251989389921,165.90054325114917,0.46875,0.46875,0.8994669914245605,False,ok,0.025718099997902755
D2_111_nadir,superpoint-lightglue-r1024-k8192,superpoint,lightglue,1024,8192,1136,100_0010_0097.JPG,100_0010_0101.JPG,2393,3108,384,174,0.453125,72.71207689093188,0.234375,0.21875,0.8416535258293152,False,ok,0.02845800000068266
D2_111_nadir,superpoint-lightglue-r1024-k8192,superpoint,lightglue,1024,8192,1137,100_0010_0097.JPG,100_0010_0102.JPG,2393,3058,270,123,0.45555555555555555,51.39991642290013,0.234375,0.171875,0.7743809223175049,False,ok,0.028807499998947605
D2_111_nadir,superpoint-lightglue-r1024-k8192,superpoint,lightglue,1024,8192,1138,100_0010_0097.JPG,100_0010_0103.JPG,2393,3260,780,359,0.46025641025641023,150.02089427496867,0.828125,0.53125,0.8865973353385925,False,ok,0.032533500001591165
D2_111_nadir,superpoint-lightglue-r1024-k8192,superpoint,lightglue,1024,8192,1139,100_0010_0097.JPG,100_0010_0104.JPG,2393,3388,683,304,0.445095168374817,127.03719180944421,0.65625,0.421875,0.8864218592643738,False,ok,0.022727900002792012
D2_111_nadir,superpoint-lightglue-r1024-k8192,superpoint,lightglue,1024,8192,1140,100_0010_0097.JPG,100_0010_0105.JPG,2393,3496,550,240,0.43636363636363634,100.29251984956122,0.484375,0.359375,0.8721561431884766,False,ok,0.02238710000528954
D2_111_nadir,superpoint-lightglue-r1024-k8192,superpoint,lightglue,1024,8192,1141,100_0010_0097.JPG,100_0010_0106.JPG,2393,3438,370,159,0.4297297297297297,66.44379440033431,0.28125,0.234375,0.8767126202583313,False,ok,0.021727699997427408
D2_111_nadir,superpoint-lightglue-r1024-k8192,superpoint,lightglue,1024,8192,1142,100_0010_0098.JPG,100_0010_0099.JPG,2427,2536,1481,755,0.5097906819716408,311.0836423568191,0.84375,0.828125,0.8995869755744934,False,ok,0.025507999998808373
D2_111_nadir,superpoint-lightglue-r1024-k8192,superpoint,lightglue,1024,8192,1143,100_0010_0098.JPG,100_0010_0100.JPG,2427,2784,1051,509,0.48430066603235017,209.72393901936547,0.609375,0.609375,0.8677363991737366,False,ok,0.026366300000518095
D2_111_nadir,superpoint-lightglue-r1024-k8192,superpoint,lightglue,1024,8192,1144,100_0010_0098.JPG,100_0010_0101.JPG,2427,3108,612,311,0.5081699346405228,128.14173877214668,0.46875,0.40625,0.8148013949394226,False,ok,0.028202100002090447
D2_111_nadir,superpoint-lightglue-r1024-k8192,superpoint,lightglue,1024,8192,1145,100_0010_0098.JPG,100_0010_0102.JPG,2427,3058,499,257,0.5150300601202404,105.89204779563246,0.359375,0.359375,0.799848735332489,False,ok,0.02884720000292873
D2_111_nadir,superpoint-lightglue-r1024-k8192,superpoint,lightglue,1024,8192,1146,100_0010_0098.JPG,100_0010_0103.JPG,2427,3260,675,320,0.4740740740740741,131.85002060156572,0.640625,0.4375,0.8859105706214905,False,ok,0.023947200003021862
D2_111_nadir,superpoint-lightglue-r1024-k8192,superpoint,lightglue,1024,8192,1147,100_0010_0098.JPG,100_0010_0104.JPG,2427,3388,527,246,0.4667931688804554,101.35970333745365,0.453125,0.375,0.8909696936607361,False,ok,0.019951599999330938
D2_111_nadir,superpoint-lightglue-r1024-k8192,superpoint,lightglue,1024,8192,1148,100_0010_0098.JPG,100_0010_0105.JPG,2427,3496,350,160,0.45714285714285713,65.92501030078286,0.296875,0.265625,0.8366326093673706,False,ok,0.022097400003985967
D2_111_nadir,superpoint-lightglue-r1024-k8192,superpoint,lightglue,1024,8192,1149,100_0010_0098.JPG,100_0010_0106.JPG,2427,3438,188,94,0.5,38.73094355170993,0.171875,0.15625,0.9249171018600464,False,ok,0.02894689999811817
D2_111_nadir,superpoint-lightglue-r1024-k8192,superpoint,lightglue,1024,8192,1150,100_0010_0099.JPG,100_0010_0100.JPG,2536,2784,1486,660,0.44414535666218036,260.25236593059935,0.8125,0.8125,0.8521103262901306,False,ok,0.03549379999458324
D2_111_nadir,superpoint-lightglue-r1024-k8192,superpoint,lightglue,1024,8192,1151,100_0010_0099.JPG,100_0010_0101.JPG,2536,3108,1033,493,0.47725072604065827,194.4006309148265,0.625,0.5625,0.7795641422271729,False,ok,0.034740399998554494
D2_111_nadir,superpoint-lightglue-r1024-k8192,superpoint,lightglue,1024,8192,1152,100_0010_0099.JPG,100_0010_0102.JPG,2536,3058,904,398,0.44026548672566373,156.94006309148264,0.609375,0.5625,0.7841364145278931,False,ok,0.037490900002012495
D2_111_nadir,superpoint-lightglue-r1024-k8192,superpoint,lightglue,1024,8192,1153,100_0010_0099.JPG,100_0010_0103.JPG,2536,3260,556,301,0.5413669064748201,118.69085173501577,0.46875,0.359375,0.9162591695785522,False,ok,0.023964100000739563
D2_111_nadir,superpoint-lightglue-r1024-k8192,superpoint,lightglue,1024,8192,1154,100_0010_0099.JPG,100_0010_0104.JPG,2536,3388,347,196,0.5648414985590778,77.28706624605678,0.3125,0.265625,0.8994077444076538,False,ok,0.020523500003037043
D2_111_nadir,superpoint-lightglue-r1024-k8192,superpoint,lightglue,1024,8192,1155,100_0010_0099.JPG,100_0010_0105.JPG,2536,3496,162,83,0.5123456790123457,32.72870662460568,0.15625,0.1875,0.8998955488204956,False,ok,0.028575500000442844
D2_111_nadir,superpoint-lightglue-r1024-k8192,superpoint,lightglue,1024,8192,1156,100_0010_0099.JPG,100_0010_0106.JPG,2536,3438,41,11,0.2682926829268293,4.337539432176656,0.09375,0.0625,0.22200293838977814,True,ok,0.03007390000129817
D2_111_nadir,superpoint-lightglue-r1024-k8192,superpoint,lightglue,1024,8192,1157,100_0010_0099.JPG,100_0010_0107.JPG,2536,3602,30,9,0.3,3.548895899053628,0.140625,0.125,0.185272216796875,True,ok,0.03017569999792613
D2_111_nadir,superpoint-lightglue-r1024-k8192,superpoint,lightglue,1024,8192,1158,100_0010_0100.JPG,100_0010_0101.JPG,2784,3108,1612,756,0.46898263027295284,271.55172413793105,0.859375,0.8125,0.787591278553009,False,ok,0.053314299999328796
D2_111_nadir,superpoint-lightglue-r1024-k8192,superpoint,lightglue,1024,8192,1159,100_0010_0100.JPG,100_0010_0102.JPG,2784,3058,1429,682,0.47725682295311406,244.9712643678161,0.78125,0.734375,0.7850098609924316,False,ok,0.049174600004334934
D2_111_nadir,superpoint-lightglue-r1024-k8192,superpoint,lightglue,1024,8192,1160,100_0010_0100.JPG,100_0010_0103.JPG,2784,3260,344,181,0.5261627906976745,65.01436781609195,0.265625,0.25,0.8739778399467468,False,ok,0.027496599999722093
D2_111_nadir,superpoint-lightglue-r1024-k8192,superpoint,lightglue,1024,8192,1161,100_0010_0100.JPG,100_0010_0104.JPG,2784,3388,131,60,0.4580152671755725,21.551724137931036,0.09375,0.109375,0.8250104784965515,False,ok,0.040043300003162585
D2_111_nadir,superpoint-lightglue-r1024-k8192,superpoint,lightglue,1024,8192,1162,100_0010_0100.JPG,100_0010_0105.JPG,2784,3496,11,8,0.7272727272727273,2.8735632183908044,0.109375,0.078125,0.22236308455467224,True,ok,0.06416219999664463
D2_111_nadir,superpoint-lightglue-r1024-k8192,superpoint,lightglue,1024,8192,1163,100_0010_0100.JPG,100_0010_0106.JPG,2784,3438,23,8,0.34782608695652173,2.8735632183908044,0.109375,0.109375,0.17494943737983704,True,ok,0.03663589999632677
D2_111_nadir,superpoint-lightglue-r1024-k8192,superpoint,lightglue,1024,8192,1164,100_0010_0100.JPG,100_0010_0107.JPG,2784,3602,26,9,0.34615384615384615,3.2327586206896552,0.125,0.125,0.1464390754699707,True,ok,0.033544799996889196
D2_111_nadir,superpoint-lightglue-r1024-k8192,superpoint,lightglue,1024,8192,1165,100_0010_0100.JPG,100_0010_0108.JPG,2784,3521,11,8,0.7272727272727273,2.8735632183908044,0.109375,0.125,0.1455153077840805,True,ok,0.03449689999979455
D2_111_nadir,superpoint-lightglue-r1024-k8192,superpoint,lightglue,1024,8192,1166,100_0010_0101.JPG,100_0010_0102.JPG,3108,3058,2302,1205,0.5234578627280626,394.04839764551997,1.0,1.0,0.795436680316925,False,ok,0.04448140000022249
D2_111_nadir,superpoint-lightglue-r1024-k8192,superpoint,lightglue,1024,8192,1167,100_0010_0101.JPG,100_0010_0103.JPG,3108,3260,55,23,0.41818181818181815,7.4002574002574,0.078125,0.09375,0.510673463344574,False,ok,0.03189569999813102
D2_111_nadir,superpoint-lightglue-r1024-k8192,superpoint,lightglue,1024,8192,1168,100_0010_0101.JPG,100_0010_0104.JPG,3108,3388,19,9,0.47368421052631576,2.8957528957528957,0.125,0.078125,0.1902145892381668,True,ok,0.03588999999919906
D2_111_nadir,superpoint-lightglue-r1024-k8192,superpoint,lightglue,1024,8192,1169,100_0010_0101.JPG,100_0010_0105.JPG,3108,3496,11,7,0.6363636363636364,2.2522522522522523,0.109375,0.09375,0.2015506625175476,True,ok,0.05705469999520574
D2_111_nadir,superpoint-lightglue-r1024-k8192,superpoint,lightglue,1024,8192,1170,100_0010_0101.JPG,100_0010_0106.JPG,3108,3438,9,7,0.7777777777777778,2.2522522522522523,0.109375,0.078125,0.1694629192352295,True,ok,0.07618550000188407
D2_111_nadir,superpoint-lightglue-r1024-k8192,superpoint,lightglue,1024,8192,1171,100_0010_0101.JPG,100_0010_0107.JPG,3108,3602,7,0,0.0,0.0,0.0,0.0,0.22706545889377594,True,too_few_matches,0.07363250000344124
D2_111_nadir,superpoint-lightglue-r1024-k8192,superpoint,lightglue,1024,8192,1172,100_0010_0101.JPG,100_0010_0108.JPG,3108,3521,11,7,0.6363636363636364,2.2522522522522523,0.09375,0.09375,0.17450939118862152,True,ok,0.04111889999330742
D2_111_nadir,superpoint-lightglue-r1024-k8192,superpoint,lightglue,1024,8192,1173,100_0010_0101.JPG,100_0010_0109.JPG,3108,3414,2,0,0.0,0.0,0.0,0.0,0.19813451170921326,True,too_few_matches,0.043895499999052845
D2_111_nadir,superpoint-lightglue-r1024-k8192,superpoint,lightglue,1024,8192,1174,100_0010_0102.JPG,100_0010_0103.JPG,3058,3260,20,9,0.45,2.9431000654022235,0.125,0.09375,0.19777730107307434,True,ok,0.043300499994074926
D2_111_nadir,superpoint-lightglue-r1024-k8192,superpoint,lightglue,1024,8192,1175,100_0010_0102.JPG,100_0010_0104.JPG,3058,3388,20,9,0.45,2.9431000654022235,0.109375,0.09375,0.21245424449443817,True,ok,0.042988000001059845
D2_111_nadir,superpoint-lightglue-r1024-k8192,superpoint,lightglue,1024,8192,1176,100_0010_0102.JPG,100_0010_0105.JPG,3058,3496,24,9,0.375,2.9431000654022235,0.125,0.140625,0.21185486018657684,True,ok,0.04108280000218656
D2_111_nadir,superpoint-lightglue-r1024-k8192,superpoint,lightglue,1024,8192,1177,100_0010_0102.JPG,100_0010_0106.JPG,3058,3438,13,8,0.6153846153846154,2.616088947024199,0.125,0.078125,0.2447793334722519,True,ok,0.03364049999800045
D2_111_nadir,superpoint-lightglue-r1024-k8192,superpoint,lightglue,1024,8192,1178,100_0010_0102.JPG,100_0010_0107.JPG,3058,3602,11,7,0.6363636363636364,2.289077828646174,0.09375,0.109375,0.14826996624469757,True,ok,0.03923800000484334
D2_111_nadir,superpoint-lightglue-r1024-k8192,superpoint,lightglue,1024,8192,1179,100_0010_0102.JPG,100_0010_0108.JPG,3058,3521,16,8,0.5,2.616088947024199,0.109375,0.109375,0.1705135554075241,True,ok,0.04232129999581957
D2_111_nadir,superpoint-lightglue-r1024-k8192,superpoint,lightglue,1024,8192,1180,100_0010_0102.JPG,100_0010_0109.JPG,3058,3414,21,10,0.47619047619047616,3.2701111837802483,0.125,0.140625,0.19621090590953827,True,ok,0.03579520000494085
D2_111_nadir,superpoint-lightglue-r1024-k8192,superpoint,lightglue,1024,8192,1181,100_0010_0102.JPG,100_0010_0110.JPG,3058,3281,9,7,0.7777777777777778,2.289077828646174,0.109375,0.109375,0.15343135595321655,True,ok,0.04387239999778103
D2_111_nadir,superpoint-lightglue-r1024-k8192,superpoint,lightglue,1024,8192,1182,100_0010_0103.JPG,100_0010_0104.JPG,3260,3388,2225,1085,0.48764044943820223,332.82208588957053,0.875,1.0,0.8304551839828491,False,ok,0.032831100004841574
D2_111_nadir,superpoint-lightglue-r1024-k8192,superpoint,lightglue,1024,8192,1183,100_0010_0103.JPG,100_0010_0105.JPG,3260,3496,1814,827,0.4558985667034179,253.68098159509202,0.703125,1.0,0.839973509311676,False,ok,0.057125599996652454
D2_111_nadir,superpoint-lightglue-r1024-k8192,superpoint,lightglue,1024,8192,1184,100_0010_0103.JPG,100_0010_0106.JPG,3260,3438,1475,554,0.37559322033898307,169.93865030674846,0.53125,0.96875,0.7868707776069641,False,ok,0.05081639999843901
D2_111_nadir,superpoint-lightglue-r1024-k8192,superpoint,lightglue,1024,8192,1185,100_0010_0103.JPG,100_0010_0107.JPG,3260,3602,1264,457,0.3615506329113924,140.1840490797546,0.46875,0.84375,0.7406114339828491,False,ok,0.050219600001582876
D2_111_nadir,superpoint-lightglue-r1024-k8192,superpoint,lightglue,1024,8192,1186,100_0010_0103.JPG,100_0010_0108.JPG,3260,3521,1021,344,0.33692458374143,105.52147239263803,0.359375,0.671875,0.738937497138977,False,ok,0.062383199998294
D2_111_nadir,superpoint-lightglue-r1024-k8192,superpoint,lightglue,1024,8192,1187,100_0010_0103.JPG,100_0010_0109.JPG,3260,3414,763,234,0.30668414154652685,71.77914110429448,0.296875,0.703125,0.7030595541000366,False,ok,0.04524619999574497
D2_111_nadir,superpoint-lightglue-r1024-k8192,superpoint,lightglue,1024,8192,1188,100_0010_0103.JPG,100_0010_0110.JPG,3260,3281,527,156,0.29601518026565465,47.852760736196316,0.234375,0.609375,0.6335792541503906,False,ok,0.05116529999941122
D2_111_nadir,superpoint-lightglue-r1024-k8192,superpoint,lightglue,1024,8192,1189,100_0010_0103.JPG,100_0010_0111.JPG,3260,3150,359,125,0.34818941504178275,39.682539682539684,0.1875,0.546875,0.6578683853149414,False,ok,0.0486525000014808
D2_111_nadir,superpoint-lightglue-r1024-k8192,superpoint,lightglue,1024,8192,1190,100_0010_0104.JPG,100_0010_0105.JPG,3388,3496,2305,1164,0.5049891540130151,343.5655253837072,0.859375,1.0,0.8881713151931763,False,ok,0.03755719999753637
D2_111_nadir,superpoint-lightglue-r1024-k8192,superpoint,lightglue,1024,8192,1191,100_0010_0104.JPG,100_0010_0106.JPG,3388,3438,1821,790,0.43382756727073035,233.17591499409681,0.671875,0.984375,0.8581408858299255,False,ok,0.04180359999736538
D2_111_nadir,superpoint-lightglue-r1024-k8192,superpoint,lightglue,1024,8192,1192,100_0010_0104.JPG,100_0010_0107.JPG,3388,3602,1550,604,0.3896774193548387,178.2762691853601,0.53125,0.953125,0.8031101226806641,False,ok,0.040490999999747146
D2_111_nadir,superpoint-lightglue-r1024-k8192,superpoint,lightglue,1024,8192,1193,100_0010_0104.JPG,100_0010_0108.JPG,3388,3521,1232,463,0.3758116883116883,136.65879574970484,0.46875,0.859375,0.7831084728240967,False,ok,0.04870590000064112
D2_111_nadir,superpoint-lightglue-r1024-k8192,superpoint,lightglue,1024,8192,1194,100_0010_0104.JPG,100_0010_0109.JPG,3388,3414,938,338,0.3603411513859275,99.76387249114522,0.34375,0.71875,0.7654699683189392,False,ok,0.048286400000506546
D2_111_nadir,superpoint-lightglue-r1024-k8192,superpoint,lightglue,1024,8192,1195,100_0010_0104.JPG,100_0010_0110.JPG,3388,3281,657,235,0.3576864535768645,71.62450472416946,0.296875,0.71875,0.7177214622497559,False,ok,0.05254449999483768
D2_111_nadir,superpoint-lightglue-r1024-k8192,superpoint,lightglue,1024,8192,1196,100_0010_0104.JPG,100_0010_0111.JPG,3388,3150,485,157,0.3237113402061856,49.84126984126984,0.21875,0.609375,0.731422483921051,False,ok,0.046840399998473004
D2_111_nadir,superpoint-lightglue-r1024-k8192,superpoint,lightglue,1024,8192,1197,100_0010_0105.JPG,100_0010_0106.JPG,3496,3438,2318,1179,0.50862812769629,342.9319371727749,0.859375,1.0,0.8918024301528931,False,ok,0.03785960000095656
D2_111_nadir,superpoint-lightglue-r1024-k8192,superpoint,lightglue,1024,8192,1198,100_0010_0105.JPG,100_0010_0107.JPG,3496,3602,1894,843,0.44508975712777193,241.13272311212813,0.671875,0.96875,0.8524309396743774,False,ok,0.04476240000076359
D2_111_nadir,superpoint-lightglue-r1024-k8192,superpoint,lightglue,1024,8192,1199,100_0010_0105.JPG,100_0010_0108.JPG,3496,3521,1522,586,0.38501971090670173,167.62013729977116,0.546875,0.9375,0.7941792011260986,False,ok,0.0434943000000203
D2_111_nadir,superpoint-lightglue-r1024-k8192,superpoint,lightglue,1024,8192,1200,100_0010_0105.JPG,100_0010_0109.JPG,3496,3414,1153,434,0.3764093668690373,127.12360867018161,0.46875,0.828125,0.7611701488494873,False,ok,0.03825890000007348
D2_111_nadir,superpoint-lightglue-r1024-k8192,superpoint,lightglue,1024,8192,1201,100_0010_0105.JPG,100_0010_0110.JPG,3496,3281,854,333,0.38992974238875877,101.49344711978055,0.359375,0.75,0.7638697028160095,False,ok,0.045143900002585724
D2_111_nadir,superpoint-lightglue-r1024-k8192,superpoint,lightglue,1024,8192,1202,100_0010_0105.JPG,100_0010_0111.JPG,3496,3150,632,235,0.37183544303797467,74.60317460317461,0.296875,0.71875,0.7610215544700623,False,ok,0.04379060000064783
D2_111_nadir,superpoint-lightglue-r1024-k8192,superpoint,lightglue,1024,8192,1203,100_0010_0106.JPG,100_0010_0107.JPG,3438,3602,2410,1167,0.4842323651452282,339.44153577661433,0.875,1.0,0.8859393000602722,False,ok,0.038418099997215904
D2_111_nadir,superpoint-lightglue-r1024-k8192,superpoint,lightglue,1024,8192,1204,100_0010_0106.JPG,100_0010_0108.JPG,3438,3521,1843,825,0.44763971785132933,239.9650959860384,0.6875,1.0,0.8551468253135681,False,ok,0.052857200003927574
D2_111_nadir,superpoint-lightglue-r1024-k8192,superpoint,lightglue,1024,8192,1205,100_0010_0106.JPG,100_0010_0109.JPG,3438,3414,1391,563,0.404744787922358,164.90919742237844,0.53125,0.953125,0.8207138776779175,False,ok,0.04344200000195997
D2_111_nadir,superpoint-lightglue-r1024-k8192,superpoint,lightglue,1024,8192,1206,100_0010_0106.JPG,100_0010_0110.JPG,3438,3281,1022,404,0.3953033268101761,123.1331911002743,0.46875,0.84375,0.7892078161239624,False,ok,0.03971290000481531
D2_111_nadir,superpoint-lightglue-r1024-k8192,superpoint,lightglue,1024,8192,1207,100_0010_0106.JPG,100_0010_0111.JPG,3438,3150,744,293,0.39381720430107525,93.01587301587301,0.359375,0.765625,0.7702028155326843,False,ok,0.03754720000142697
D2_111_nadir,superpoint-lightglue-r1024-k8192,superpoint,lightglue,1024,8192,1208,100_0010_0107.JPG,100_0010_0108.JPG,3602,3521,2354,1228,0.5216652506372133,348.76455552399887,0.84375,1.0,0.889299750328064,False,ok,0.04133659999934025
D2_111_nadir,superpoint-lightglue-r1024-k8192,superpoint,lightglue,1024,8192,1209,100_0010_0107.JPG,100_0010_0109.JPG,3602,3414,1739,805,0.4629097182288672,235.79379027533685,0.65625,0.984375,0.8509236574172974,False,ok,0.039705199997115415
D2_111_nadir,superpoint-lightglue-r1024-k8192,superpoint,lightglue,1024,8192,1210,100_0010_0107.JPG,100_0010_0110.JPG,3602,3281,1278,549,0.4295774647887324,167.3270344407193,0.546875,0.9375,0.8327587842941284,False,ok,0.043257099998299964
D2_111_nadir,superpoint-lightglue-r1024-k8192,superpoint,lightglue,1024,8192,1211,100_0010_0107.JPG,100_0010_0111.JPG,3602,3150,941,386,0.410201912858661,122.53968253968254,0.4375,0.8125,0.8206772208213806,False,ok,0.042475499998545274
D2_111_nadir,superpoint-lightglue-r1024-k8192,superpoint,lightglue,1024,8192,1212,100_0010_0108.JPG,100_0010_0109.JPG,3521,3414,2243,1134,0.5055728934462773,332.1616871704745,0.859375,0.984375,0.894289493560791,False,ok,0.042593500002112705
D2_111_nadir,superpoint-lightglue-r1024-k8192,superpoint,lightglue,1024,8192,1213,100_0010_0108.JPG,100_0010_0110.JPG,3521,3281,1672,788,0.47129186602870815,240.17067967083207,0.671875,0.984375,0.864363968372345,False,ok,0.036424300000362564
D2_111_nadir,superpoint-lightglue-r1024-k8192,superpoint,lightglue,1024,8192,1214,100_0010_0108.JPG,100_0010_0111.JPG,3521,3150,1246,511,0.4101123595505618,162.22222222222223,0.515625,0.9375,0.8366228938102722,False,ok,0.03605090000201017
D2_111_nadir,superpoint-lightglue-r1024-k8192,superpoint,lightglue,1024,8192,1215,100_0010_0109.JPG,100_0010_0110.JPG,3414,3281,2186,1187,0.5430009149130832,361.77994513867725,0.859375,1.0,0.891855776309967,False,ok,0.03203879999637138
D2_111_nadir,superpoint-lightglue-r1024-k8192,superpoint,lightglue,1024,8192,1216,100_0010_0109.JPG,100_0010_0111.JPG,3414,3150,1626,825,0.507380073800738,261.9047619047619,0.65625,0.984375,0.8825151920318604,False,ok,0.03636140000162413
D2_111_nadir,superpoint-lightglue-r1024-k8192,superpoint,lightglue,1024,8192,1217,100_0010_0110.JPG,100_0010_0111.JPG,3281,3150,2115,1189,0.5621749408983452,377.46031746031747,0.84375,1.0,0.8675418496131897,False,ok,0.02652469999884488
